<?xml version="1.0" encoding="utf-8"?>
<COLLADA xmlns="http://www.collada.org/2005/11/COLLADASchema" version="1.4.1" xmlns:xsi="http://www.w3.org/2001/XMLSchema-instance">
  <asset>
    <contributor>
      <author>Blender User</author>
      <authoring_tool>Blender 3.0.1</authoring_tool>
    </contributor>
    <created>2025-08-11T13:02:19</created>
    <modified>2025-08-11T13:02:19</modified>
    <unit name="meter" meter="1"/>
    <up_axis>Z_UP</up_axis>
  </asset>
  <library_effects>
    <effect id="metal-effect">
      <profile_COMMON>
        <technique sid="common">
          <lambert>
            <emission>
              <color sid="emission">0 0 0 1</color>
            </emission>
            <diffuse>
              <color sid="diffuse">0.7 0.7 0.7 1</color>
            </diffuse>
            <reflectivity>
              <float sid="specular">0.8</float>
            </reflectivity>
            <index_of_refraction>
              <float sid="ior">1.45</float>
            </index_of_refraction>
          </lambert>
        </technique>
      </profile_COMMON>
    </effect>
    <effect id="black_plastic-effect">
      <profile_COMMON>
        <technique sid="common">
          <lambert>
            <emission>
              <color sid="emission">0 0 0 1</color>
            </emission>
            <diffuse>
              <color sid="diffuse">0.01434867 0.01434867 0.01434867 1</color>
            </diffuse>
            <reflectivity>
              <float sid="specular">0.2</float>
            </reflectivity>
            <index_of_refraction>
              <float sid="ior">1.45</float>
            </index_of_refraction>
          </lambert>
        </technique>
      </profile_COMMON>
    </effect>
  </library_effects>
  <library_images/>
  <library_materials>
    <material id="metal-material" name="metal">
      <instance_effect url="#metal-effect"/>
    </material>
    <material id="black_plastic-material" name="black_plastic">
      <instance_effect url="#black_plastic-effect"/>
    </material>
  </library_materials>
  <library_geometries>
    <geometry id="¾µв1_4_1-mesh" name="¾µв1(4)1">
      <mesh>
        <source id="¾µв1_4_1-mesh-positions">
          <float_array id="¾µв1_4_1-mesh-positions-array" count="4230">-4.79784e-4 0.002397954 -0.004384517 -0.001397967 0.002397954 -0.004030764 -0.002246022 0.002397954 -0.003531694 -0.003001093 0.002397954 -0.002900719 -0.003001093 0.004397928 -0.002900719 -0.002246022 0.004397928 -0.003531694 -0.001397967 0.004397928 -0.004030764 -4.79784e-4 0.004397928 -0.004384517 0.001829445 0.00949794 0.002614438 0.001829445 0.007497966 0.002614438 -0.001329481 0.007497966 -5.90336e-4 -9.00142e-4 0.007497966 -9.21767e-4 -4.03922e-4 0.007497966 -0.001140773 1.30296e-4 0.007497966 -0.00123471 6.71476e-4 0.007497966 -0.001198053 0.001188099 0.007497966 -0.001032948 0.001650273 0.007497966 -7.4904e-4 0.002031028 0.007497966 -3.62739e-4 0.002308309 0.007497966 1.03455e-4 0.002465963 0.007497966 6.22466e-4 0.002494812 0.007497966 0.001164078 0.002393186 0.007497966 0.001696884 0.002166986 0.007497966 0.002189934 -0.001329481 0.00949794 -5.90336e-4 -9.00142e-4 0.00949794 -9.21767e-4 -4.03922e-4 0.00949794 -0.001140773 1.30296e-4 0.00949794 -0.00123471 6.71476e-4 0.00949794 -0.001198053 0.001188099 0.00949794 -0.001032948 0.001650273 0.00949794 -7.4904e-4 0.002031028 0.00949794 -3.62739e-4 0.002308309 0.00949794 1.03455e-4 0.002465963 0.00949794 6.22466e-4 0.002494812 0.00949794 0.001164078 0.002393186 0.00949794 0.001696884 0.002166986 0.00949794 0.002189934 -0.001329481 0.002397954 -5.90336e-4 -0.001329481 0.004397928 -5.90336e-4 -9.00142e-4 0.004397928 -9.21767e-4 -4.03922e-4 0.004397928 -0.001140773 1.30296e-4 0.004397928 -0.00123471 6.71476e-4 0.004397928 -0.001198053 0.001188099 0.004397928 -0.001032948 0.001650273 0.004397928 -7.4904e-4 0.002031028 0.004397928 -3.62739e-4 0.002308309 0.004397928 1.03455e-4 0.002465963 0.004397928 6.22466e-4 0.002494812 0.004397928 0.001164078 0.002393186 0.004397928 0.001696884 0.002166986 0.004397928 0.002189934 0.001829445 0.004397928 0.002614438 0.001829445 0.002397954 0.002614438 -9.00142e-4 0.002397954 -9.21767e-4 -4.03922e-4 0.002397954 -0.001140773 1.30296e-4 0.002397954 -0.00123471 6.71476e-4 0.002397954 -0.001198053 0.001188099 0.002397954 -0.001032948 0.001650273 0.002397954 -7.4904e-4 0.002031028 0.002397954 -3.62739e-4 0.002308309 0.002397954 1.03455e-4 0.002465963 0.002397954 6.22466e-4 0.002494812 0.002397954 0.001164078 0.002393186 0.002397954 0.001696884 0.002166986 0.002397954 0.002189934 -4.79784e-4 0.007497966 -0.004384517 -0.001843929 0.007497966 -0.003791749 -0.003020346 0.007497966 -0.002881586 -0.003936767 0.007497966 -0.001710057 -0.004536867 0.007497966 -3.49134e-4 -0.004783689 0.007497966 0.001117587 -0.004662215 0.007497966 0.002600014 -0.004179716 0.007497966 0.004006981 -0.003365993 0.007497966 0.005252063 2.59303e-4 0.007497966 -0.004389643 0.005898654 0.007497966 0.002263069 0.005685389 0.007497966 0.003712594 0.00557816 0.007497966 0.004429996 0.005679309 0.007497966 0.00596553 0.006320357 0.007497966 0.008188068 0.005740165 0.007497966 0.008178532 0.005933582 0.007497966 0.008162915 0.006127536 0.007497966 0.008166074 0.002502024 0.007497966 0.008069515 0.003575325 0.007497966 0.008223116 0.004658937 0.007497966 0.008259594 -0.001635372 0.007497966 0.006619334 3.52867e-4 0.007497966 0.007573962 0.001829445 0.007497966 0.002614438 0.001400053 0.007497966 0.002945899 9.03849e-4 0.007497966 0.003164947 3.69627e-4 0.007497966 0.003258883 -1.71542e-4 0.007497966 0.003222227 -6.88225e-4 0.007497966 0.003057122 -0.001150369 0.007497966 0.002773165 -0.001531124 0.007497966 0.002386868 -0.001808404 0.007497966 0.0019207 -0.001965999 0.007497966 0.001401662 -0.001994848 0.007497966 8.60047e-4 -0.001893222 0.007497966 3.27237e-4 -0.001667082 0.007497966 -1.65775e-4 -0.001329481 0.007497966 -5.90336e-4 -9.00142e-4 0.007497966 -9.21767e-4 -4.03922e-4 0.007497966 -0.001140773 1.30296e-4 0.007497966 -0.00123471 6.71476e-4 0.007497966 -0.001198053 0.001188099 0.007497966 -0.001032948 0.001650273 0.007497966 -7.4904e-4 0.002031028 0.007497966 -3.62739e-4 0.002308309 0.007497966 1.03455e-4 0.002465963 0.007497966 6.22466e-4 0.002494812 0.007497966 0.001164078 0.002393186 0.007497966 0.001696884 0.002166986 0.007497966 0.002189934 0.005740165 0.004397928 0.008178532 0.004658937 0.004397928 0.008259594 0.003575325 0.004397928 0.008223116 0.002502024 0.004397928 0.008069515 0.006320357 0.004397928 0.008188068 0.006127536 0.004397928 0.008166074 0.005933582 0.004397928 0.008162915 0.005679309 0.004397928 0.00596553 0.00557816 0.004397928 0.004429996 0.005685389 0.004397928 0.003712594 0.005898654 0.004397928 0.002263069 2.59303e-4 0.004397928 -0.004389643 -4.79784e-4 0.004397928 -0.004384517 -0.003001093 0.004397928 -0.002900719 -0.002246022 0.004397928 -0.003531694 -0.001397967 0.004397928 -0.004030764 -0.003365993 0.004397928 0.005252063 -0.004084646 0.004397928 0.004193246 -0.004562377 0.004397928 0.00300616 -0.00477755 0.004397928 0.001744747 -0.00472033 0.004397928 4.66429e-4 -0.004393339 0.004397928 -7.70718e-4 -0.003811419 0.004397928 -0.001910328 3.52867e-4 0.004397928 0.007573962 -0.001635372 0.004397928 0.006619334 -0.001329481 0.004397928 -5.90336e-4 -9.00142e-4 0.004397928 -9.21767e-4 -4.03922e-4 0.004397928 -0.001140773 1.30296e-4 0.004397928 -0.00123471 6.71476e-4 0.004397928 -0.001198053 0.001188099 0.004397928 -0.001032948 0.001650273 0.004397928 -7.4904e-4 0.002031028 0.004397928 -3.62739e-4 0.002308309 0.004397928 1.03455e-4 0.002465963 0.004397928 6.22466e-4 0.002494812 0.004397928 0.001164078 0.002393186 0.004397928 0.001696884 0.002166986 0.004397928 0.002189934 0.001829445 0.004397928 0.002614438 0.001400053 0.004397928 0.002945899 9.03849e-4 0.004397928 0.003164947 3.69627e-4 0.004397928 0.003258883 -1.71542e-4 0.004397928 0.003222227 -6.88225e-4 0.004397928 0.003057122 -0.001150369 0.004397928 0.002773165 -0.001531124 0.004397928 0.002386868 -0.001808404 0.004397928 0.0019207 -0.001965999 0.004397928 0.001401662 -0.001994848 0.004397928 8.60047e-4 -0.001893222 0.004397928 3.27237e-4 -0.001667082 0.004397928 -1.65775e-4 0.001829445 0.004397928 0.002614438 0.001400053 0.004397928 0.002945899 9.03849e-4 0.004397928 0.003164947 3.69627e-4 0.004397928 0.003258883 -1.71542e-4 0.004397928 0.003222227 -6.88225e-4 0.004397928 0.003057122 -0.001150369 0.004397928 0.002773165 -0.001531124 0.004397928 0.002386868 -0.001808404 0.004397928 0.0019207 -0.001965999 0.004397928 0.001401662 -0.001994848 0.004397928 8.60047e-4 -0.001893222 0.004397928 3.27237e-4 -0.001667082 0.004397928 -1.65775e-4 -0.001329481 0.004397928 -5.90336e-4 -0.001329481 0.002397954 -5.90336e-4 0.001829445 0.002397954 0.002614438 0.001400053 0.002397954 0.002945899 9.03849e-4 0.002397954 0.003164947 3.69627e-4 0.002397954 0.003258883 -1.71542e-4 0.002397954 0.003222227 -6.88225e-4 0.002397954 0.003057122 -0.001150369 0.002397954 0.002773165 -0.001531124 0.002397954 0.002386868 -0.001808404 0.002397954 0.0019207 -0.001965999 0.002397954 0.001401662 -0.001994848 0.002397954 8.60047e-4 -0.001893222 0.002397954 3.27237e-4 -0.001667082 0.002397954 -1.65775e-4 0.001829445 0.007497966 0.002614438 0.001400053 0.007497966 0.002945899 9.03849e-4 0.007497966 0.003164947 3.69627e-4 0.007497966 0.003258883 -1.71542e-4 0.007497966 0.003222227 -6.88225e-4 0.007497966 0.003057122 -0.001150369 0.007497966 0.002773165 -0.001531124 0.007497966 0.002386868 -0.001808404 0.007497966 0.0019207 -0.001965999 0.007497966 0.001401662 -0.001994848 0.007497966 8.60047e-4 -0.001893222 0.007497966 3.27237e-4 -0.001667082 0.007497966 -1.65775e-4 -0.001329481 0.007497966 -5.90336e-4 0.001829445 0.00949794 0.002614438 0.001400053 0.00949794 0.002945899 9.03849e-4 0.00949794 0.003164947 3.69627e-4 0.00949794 0.003258883 -1.71542e-4 0.00949794 0.003222227 -6.88225e-4 0.00949794 0.003057122 -0.001150369 0.00949794 0.002773165 -0.001531124 0.00949794 0.002386868 -0.001808404 0.00949794 0.0019207 -0.001965999 0.00949794 0.001401662 -0.001994848 0.00949794 8.60047e-4 -0.001893222 0.00949794 3.27237e-4 -0.001667082 0.00949794 -1.65775e-4 -0.001329481 0.00949794 -5.90336e-4 0.002502024 0.00949794 0.008069515 3.52867e-4 0.00949794 0.007573962 -0.001635372 0.00949794 0.006619334 -0.003365993 0.00949794 0.005252063 -0.004179716 0.00949794 0.004006981 -0.004662215 0.00949794 0.002600014 -0.004783689 0.00949794 0.001117587 -0.004536867 0.00949794 -3.49134e-4 -0.003936767 0.00949794 -0.001710057 -0.003020346 0.00949794 -0.002881586 -0.001843929 0.00949794 -0.003791749 -4.79784e-4 0.00949794 -0.004384517 0.001096785 0.00949794 -0.004318416 0.002563834 0.00949794 -0.003943979 0.003224432 0.00949794 -0.003627061 0.003810048 0.00949794 -0.003216087 0.004548728 0.00949794 -0.002402782 0.005119442 0.00949794 -0.001453697 0.005521178 0.00949794 -4.79091e-4 0.005821347 0.00949794 7.53574e-4 0.005907714 0.00949794 0.001988828 0.005841255 0.00949794 0.002886414 0.005685389 0.00949794 0.003712594 0.00557816 0.00949794 0.004429996 0.005679309 0.00949794 0.00596553 0.006320357 0.00949794 0.008188068 0.006127536 0.00949794 0.008166074 0.005933582 0.00949794 0.008162915 0.005740165 0.00949794 0.008178532 0.004658937 0.00949794 0.008259594 0.003575325 0.00949794 0.008223116 -0.001329481 0.00949794 -5.90336e-4 -9.00142e-4 0.00949794 -9.21767e-4 -4.03922e-4 0.00949794 -0.001140773 1.30296e-4 0.00949794 -0.00123471 6.71476e-4 0.00949794 -0.001198053 0.001188099 0.00949794 -0.001032948 0.001650273 0.00949794 -7.4904e-4 0.002031028 0.00949794 -3.62739e-4 0.002308309 0.00949794 1.03455e-4 0.002465963 0.00949794 6.22466e-4 0.002494812 0.00949794 0.001164078 0.002393186 0.00949794 0.001696884 0.002166986 0.00949794 0.002189934 0.001829445 0.00949794 0.002614438 0.001400053 0.00949794 0.002945899 9.03849e-4 0.00949794 0.003164947 3.69627e-4 0.00949794 0.003258883 -1.71542e-4 0.00949794 0.003222227 -6.88225e-4 0.00949794 0.003057122 -0.001150369 0.00949794 0.002773165 -0.001531124 0.00949794 0.002386868 -0.001808404 0.00949794 0.0019207 -0.001965999 0.00949794 0.001401662 -0.001994848 0.00949794 8.60047e-4 -0.001893222 0.00949794 3.27237e-4 -0.001667082 0.00949794 -1.65775e-4 -0.003001093 0.002397954 -0.002900719 -0.003811419 0.002397954 -0.001910328 -0.004393339 0.002397954 -7.70718e-4 -0.00472033 0.002397954 4.66429e-4 -0.00477755 0.002397954 0.001744747 -0.004562377 0.002397954 0.00300616 -0.004084646 0.002397954 0.004193246 -0.003365993 0.002397954 0.005252063 -0.001635372 0.002397954 0.006619334 3.52867e-4 0.002397954 0.007573962 0.002502024 0.002397954 0.008069515 0.003575325 0.002397954 0.008223116 0.004658937 0.002397954 0.008259594 0.005740165 0.002397954 0.008178532 0.005933582 0.002397954 0.008162915 0.006127536 0.002397954 0.008166074 0.006320357 0.002397954 0.008188068 0.005679309 0.002397954 0.00596553 0.00557816 0.002397954 0.004429996 0.005685389 0.002397954 0.003712594 0.005908071 0.002397954 0.001960635 0.00572741 0.002397954 2.6004e-4 0.005170643 0.002397954 -0.001348614 0.004583775 0.002397954 -0.002353966 0.003810048 0.002397954 -0.003216087 0.003025174 0.002397954 -0.00373584 0.002122759 0.002397954 -0.004096627 0.001145362 0.002397954 -0.004311501 3.43323e-4 0.002397954 -0.004386365 -4.79784e-4 0.002397954 -0.004384517 -0.001397967 0.002397954 -0.004030764 -0.002246022 0.002397954 -0.003531694 0.001829445 0.002397954 0.002614438 0.001400053 0.002397954 0.002945899 9.03849e-4 0.002397954 0.003164947 3.69627e-4 0.002397954 0.003258883 -1.71542e-4 0.002397954 0.003222227 -6.88225e-4 0.002397954 0.003057122 -0.001150369 0.002397954 0.002773165 -0.001531124 0.002397954 0.002386868 -0.001808404 0.002397954 0.0019207 -0.001965999 0.002397954 0.001401662 -0.001994848 0.002397954 8.60047e-4 -0.001893222 0.002397954 3.27237e-4 -0.001667082 0.002397954 -1.65775e-4 -0.001329481 0.002397954 -5.90336e-4 -9.00142e-4 0.002397954 -9.21767e-4 -4.03922e-4 0.002397954 -0.001140773 1.30296e-4 0.002397954 -0.00123471 6.71476e-4 0.002397954 -0.001198053 0.001188099 0.002397954 -0.001032948 0.001650273 0.002397954 -7.4904e-4 0.002031028 0.002397954 -3.62739e-4 0.002308309 0.002397954 1.03455e-4 0.002465963 0.002397954 6.22466e-4 0.002494812 0.002397954 0.001164078 0.002393186 0.002397954 0.001696884 0.002166986 0.002397954 0.002189934 0.005740165 0.002397954 0.008178532 0.005740165 0.004397928 0.008178532 0.006320357 0.004397928 0.008188068 0.006127536 0.004397928 0.008166074 0.005933582 0.004397928 0.008162915 0.006320357 0.002397954 0.008188068 0.005933582 0.002397954 0.008162915 0.006127536 0.002397954 0.008166074 0.005740165 0.007497966 0.008178532 0.005740165 0.00949794 0.008178532 0.006320357 0.00949794 0.008188068 0.006127536 0.00949794 0.008166074 0.005933582 0.00949794 0.008162915 0.006320357 0.007497966 0.008188068 0.005933582 0.007497966 0.008162915 0.006127536 0.007497966 0.008166074 -4.79784e-4 0.00949794 -0.004384517 -4.79784e-4 0.007497966 -0.004384517 -0.001843929 0.007497966 -0.003791749 -0.003020346 0.007497966 -0.002881586 -0.003936767 0.007497966 -0.001710057 -0.004536867 0.007497966 -3.49134e-4 -0.004783689 0.007497966 0.001117587 -0.004662215 0.007497966 0.002600014 -0.004179716 0.007497966 0.004006981 -0.003365993 0.007497966 0.005252063 -0.003365993 0.00949794 0.005252063 -0.004179716 0.00949794 0.004006981 -0.004662215 0.00949794 0.002600014 -0.004783689 0.00949794 0.001117587 -0.004536867 0.00949794 -3.49134e-4 -0.003936767 0.00949794 -0.001710057 -0.003020346 0.00949794 -0.002881586 -0.001843929 0.00949794 -0.003791749 -0.003001093 0.002397954 -0.002900719 -0.003001093 0.004397928 -0.002900719 -0.003811419 0.002397954 -0.001910328 -0.004393339 0.002397954 -7.70718e-4 -0.00472033 0.002397954 4.66429e-4 -0.00477755 0.002397954 0.001744747 -0.004562377 0.002397954 0.00300616 -0.004084646 0.002397954 0.004193246 -0.003365993 0.002397954 0.005252063 -0.003365993 0.004397928 0.005252063 -0.004084646 0.004397928 0.004193246 -0.004562377 0.004397928 0.00300616 -0.00477755 0.004397928 0.001744747 -0.00472033 0.004397928 4.66429e-4 -0.004393339 0.004397928 -7.70718e-4 -0.003811419 0.004397928 -0.001910328 0.002502024 0.00949794 0.008069515 3.52867e-4 0.00949794 0.007573962 -0.001635372 0.00949794 0.006619334 -0.003365993 0.00949794 0.005252063 -0.003365993 0.007497966 0.005252063 -0.001635372 0.007497966 0.006619334 3.52867e-4 0.007497966 0.007573962 0.002502024 0.007497966 0.008069515 0.002502024 0.004397928 0.008069515 3.52867e-4 0.004397928 0.007573962 -0.001635372 0.004397928 0.006619334 -0.003365993 0.004397928 0.005252063 -0.003365993 0.002397954 0.005252063 -0.001635372 0.002397954 0.006619334 3.52867e-4 0.002397954 0.007573962 0.002502024 0.002397954 0.008069515 0.002502024 0.007497966 0.008069515 0.003575325 0.007497966 0.008223116 0.004658937 0.007497966 0.008259594 0.005740165 0.007497966 0.008178532 0.005740165 0.00949794 0.008178532 0.004658937 0.00949794 0.008259594 0.003575325 0.00949794 0.008223116 0.002502024 0.00949794 0.008069515 0.002502024 0.002397954 0.008069515 0.003575325 0.002397954 0.008223116 0.004658937 0.002397954 0.008259594 0.005740165 0.002397954 0.008178532 0.005740165 0.004397928 0.008178532 0.004658937 0.004397928 0.008259594 0.003575325 0.004397928 0.008223116 0.002502024 0.004397928 0.008069515 2.59303e-4 0.004397928 -0.004389643 2.59303e-4 0.007497966 -0.004389643 -4.79784e-4 0.007497966 -0.004384517 -4.79784e-4 0.00949794 -0.004384517 0.001096785 0.00949794 -0.004318416 0.002563834 0.00949794 -0.003943979 0.003224432 0.00949794 -0.003627061 0.003810048 0.00949794 -0.003216087 0.003810048 0.01320123 -0.003216028 0.003250539 0.01307994 -0.003611922 0.002651095 0.01288247 -0.003908753 0.002047121 0.01261019 -0.004118978 0.001458942 0.0122658 -0.004258811 9.04974e-4 0.01185166 -0.004342615 4.0745e-4 0.01136869 -0.004383265 -1.12951e-5 0.01081079 -0.00439471 -3.17175e-4 0.01018726 -0.004390716 -5.87057e-4 0.00912553 -0.004378914 -7.61341e-4 0.008043289 -0.004367351 -9.17066e-4 0.005948543 -0.004354476 -7.61341e-4 0.003852605 -0.004367351 -5.1197e-4 0.002384424 -0.004383027 -2.65729e-4 0.001578867 -0.004392087 1.50468e-4 8.44855e-4 -0.004392683 8.5146e-4 9.01958e-5 -0.004348456 0.00180459 -5.82568e-4 -0.00418365 0.002720117 -0.001012861 -0.003879606 0.00328356 -0.001192867 -0.003592371 0.003810048 -0.001305282 -0.003216087 0.003810048 0.002397954 -0.003216087 0.003025174 0.002397954 -0.00373584 0.002122759 0.002397954 -0.004096627 0.001145362 0.002397954 -0.004311501 3.43323e-4 0.002397954 -0.004386365 -4.79784e-4 0.002397954 -0.004384517 -4.79784e-4 0.004397928 -0.004384517 0.003810048 0.002397954 -0.003216087 0.003810048 -0.001305282 -0.003216087 0.003851592 -0.001311838 -0.003180146 0.004496753 -0.001363217 -0.002473115 0.005008697 -0.001335203 -0.001667737 0.005425274 -0.001263976 -7.50553e-4 0.005717158 -0.001157164 2.15393e-4 0.005891323 -9.90767e-4 0.001377582 0.005878686 -8.0366e-4 0.002548336 0.005685389 -6.1552e-4 0.003712594 0.005685389 0.002397954 0.003712594 0.005908071 0.002397954 0.001960635 0.00572741 0.002397954 2.6004e-4 0.005170643 0.002397954 -0.001348614 0.004583775 0.002397954 -0.002353966 0.00875616 0.003368318 0.006512582 0.009809255 0.003368377 0.005329847 0.006598472 0.003368318 0.0088225 0.006649494 0.005947947 0.008930504 0.006598472 0.008527576 0.0088225 0.00875616 0.008527576 0.006512582 0.009809255 0.008527517 0.005329847 0.01112121 0.008527517 0.003784656 0.01348799 0.008527636 6.86094e-4 0.0135641 0.005947947 7.7429e-4 0.01348799 0.003368258 6.86094e-4 0.01114481 0.003368377 0.003803133 0.01270836 0.004659473 0.001905977 0.01270818 0.007237792 0.001906156 0.00875616 0.003368318 0.006512582 0.009809255 0.003368377 0.005329847 0.006598472 0.003368318 0.0088225 0.005685389 -6.1552e-4 0.003712594 0.005604147 -5.39953e-4 0.004139423 0.005570888 -4.33387e-4 0.004619956 0.005616068 -1.75486e-4 0.005516886 0.005818963 2.89843e-4 0.00664395 0.006123185 9.59962e-4 0.007666349 0.006352961 0.001616775 0.00826776 0.00649017 0.002212941 0.008586883 0.006563901 0.002777695 0.008748531 0.005717158 -0.001157164 2.15393e-4 0.005891323 -9.90767e-4 0.001377582 0.005878686 -8.0366e-4 0.002548336 0.006414055 -0.001105368 -5.2629e-4 0.0085029 -3.10567e-4 0.001524925 0.00950098 3.0643e-4 0.002435803 0.01013499 8.57109e-4 0.002994835 0.01051455 0.001314342 0.003318488 0.01081925 0.001852035 0.003563284 0.01099717 0.002379119 0.003689885 0.01108312 0.002867877 0.003746867 0.01114481 0.003368377 0.003803133 0.00766021 0.002498567 0.007500886 0.008813798 0.00207436 0.006037414 0.009882569 0.002663552 0.005111038 0.00988245 0.002309322 0.004975974 0.01035141 0.002304255 0.004429996 0.007406592 0.001131892 0.006579875 0.006837487 6.49472e-4 0.006361484 0.007340013 8.39453e-4 0.006179988 0.008206307 6.33855e-4 0.004823923 0.00941807 0.001096487 0.004298985 0.006905257 -1.37119e-5 0.00462377 0.006947815 -6.26119e-5 0.00442034 0.0070616 -1.93257e-4 0.003845214 0.005685389 0.00949794 0.003712594 0.00557816 0.00949794 0.004429996 0.005679309 0.00949794 0.00596553 0.006320357 0.00949794 0.008188068 0.006320357 0.007497966 0.008188068 0.005685389 0.007497966 0.003712594 0.00557816 0.007497966 0.004429996 0.005679309 0.007497966 0.00596553 0.005685389 0.004397928 0.003712594 0.006320357 0.004397928 0.008188068 0.005679309 0.004397928 0.00596553 0.00557816 0.004397928 0.004429996 0.006320357 0.002397954 0.008188068 0.005679309 0.002397954 0.00596553 0.00557816 0.002397954 0.004429996 0.005685389 0.002397954 0.003712594 0.005685389 -6.1552e-4 0.003712594 0.005604147 -5.39953e-4 0.004139423 0.005570888 -4.33387e-4 0.004619956 0.005616068 -1.75486e-4 0.005516886 0.005818963 2.89843e-4 0.00664395 0.006123185 9.59962e-4 0.007666349 0.006352961 0.001616775 0.00826776 0.00649017 0.002212941 0.008586883 0.006563901 0.002777695 0.008748531 0.006598472 0.003368318 0.0088225 0.006649494 0.005947947 0.008930504 0.006598472 0.008527576 0.0088225 0.005685389 0.01251143 0.003712594 0.005604088 0.01243579 0.00413984 0.005570828 0.01232933 0.004619956 0.005616068 0.01207143 0.005516827 0.005818963 0.01160609 0.006643891 0.006123185 0.01093602 0.007666289 0.006352901 0.01027917 0.0082677 0.00649017 0.009683072 0.008586823 0.006563901 0.009118199 0.008748531 0.00875616 0.008527576 0.006512582 0.009809255 0.008527517 0.005329847 0.01112121 0.008527517 0.003784656 0.01098066 0.009581863 0.003678977 0.01080214 0.01008188 0.003550231 0.0104621 0.01065427 0.003274619 0.01003092 0.01114302 0.002904295 0.009313106 0.01172339 0.002267122 0.007867932 0.01250749 9.25109e-4 0.006414055 0.01300132 -5.26283e-4 0.005717158 0.01305311 2.154e-4 0.005685389 0.01251143 0.003712594 0.005877971 0.01269829 0.002556383 0.005891621 0.01288533 0.001386344 0.005604088 0.01243579 0.00413984 0.005570828 0.01232933 0.004619956 0.005616068 0.01207143 0.005516827 0.005818963 0.01160609 0.006643891 0.006123185 0.01093602 0.007666289 0.006352901 0.01027917 0.0082677 0.00649017 0.009683072 0.008586823 0.006563901 0.009118199 0.008748531 0.006598472 0.008527576 0.0088225 0.00766021 0.009397327 0.007500827 0.008804738 0.009849131 0.006029009 0.009871482 0.009627997 0.004967868 0.007399022 0.01077675 0.006569385 0.006831586 0.01125425 0.006352126 0.007331371 0.01106858 0.00616765 0.009590923 0.01054841 0.004469275 0.008152246 0.01132124 0.004756867 0.009344756 0.01089429 0.004225015 0.006917834 0.01198309 0.004374921 0.007029533 0.01211136 0.003803491 0.003810048 0.00949794 -0.003216087 0.004548728 0.00949794 -0.002402782 0.005119442 0.00949794 -0.001453697 0.005521178 0.00949794 -4.79091e-4 0.005821347 0.00949794 7.53574e-4 0.005907714 0.00949794 0.001988828 0.005841255 0.00949794 0.002886414 0.005685389 0.00949794 0.003712594 0.005685389 0.01251143 0.003712594 0.005877971 0.01269829 0.002556383 0.005891621 0.01288533 0.001386344 0.005717158 0.01305311 2.154e-4 0.005314946 0.01318413 -0.001026809 0.004698872 0.01325529 -0.002186238 0.004307687 0.01325422 -0.002711474 0.003851592 0.01320785 -0.003180146 0.003810048 0.01320123 -0.003216028 0.02084422 0.003834009 -0.007622659 0.02081513 0.003712952 -0.007611095 0.02076148 0.003505647 -0.007631301 0.02066487 0.003216981 -0.007704854 0.02051132 0.002861082 -0.007849216 0.02020287 0.002319037 -0.008173346 0.0197066 0.001689553 -0.008733093 0.01922398 0.001248657 -0.00930041 0.01867198 8.92487e-4 -0.009966015 0.01968246 0.001380383 -0.0106424 0.02042561 0.002002954 -0.01115226 0.02096039 0.002728879 -0.01152753 0.02130407 0.003431677 -0.01177144 0.02147156 0.00397861 -0.01188844 0.02151387 0.004318833 -0.01191383 0.02191686 0.004318773 -0.01118713 0.02211207 0.004318773 -0.01052844 0.02214354 0.004318714 -0.00995481 0.02204704 0.004318714 -0.009413838 0.02184218 0.004318714 -0.008912861 0.02152681 0.004318773 -0.008410632 0.02115625 0.004318773 -0.007942557 0.02092832 0.003853976 -0.007718563 0.02099221 0.003893077 -0.007789313 0.02104783 0.003951549 -0.007848739 0.02109694 0.004032135 -0.007898688 0.02112895 0.004115223 -0.00792855 0.02114456 0.004183769 -0.007940769 0.02115195 0.00424534 -0.007943928 0.02108144 0.003705322 -0.00794667 0.02137053 0.003402531 -0.008620798 0.02158391 0.00378555 -0.008674681 0.0216521 0.003703892 -0.008879601 0.02135646 0.003108859 -0.009014487 0.02169162 0.00362724 -0.009059369 0.02171719 0.003524363 -0.009291768 0.02041822 0.001972675 -0.009492099 0.02171432 0.003401517 -0.009565293 0.02194792 0.003888309 -0.009461939 0.02071583 0.002161324 -0.009835183 0.02168142 0.003283798 -0.00983107 0.02013218 0.001682102 -0.009958982 0.02049678 0.001941084 -0.0102365 0.02197396 0.003757536 -0.01001352 0.02154266 0.003066539 -0.01035648 0.02048259 0.001938104 -0.01054102 0.02179986 0.003791987 -0.01114207 0.02186048 0.004011034 -0.01119577 0.02166873 0.004135012 -0.008649706 0.01867198 0.01100343 -0.009966015 0.01968246 0.01051557 -0.0106424 0.02042561 0.00989294 -0.01115226 0.02096039 0.009167075 -0.01152753 0.02130407 0.008464217 -0.01177144 0.02147156 0.007917284 -0.01188844 0.02151387 0.007577121 -0.01191383 0.02056908 0.007577002 -0.01305001 0.01988309 0.007577061 -0.01365625 0.01909059 0.007577121 -0.01418024 0.01651918 0.01127147 -0.01271349 0.0171619 0.0109753 -0.01308602 0.01775872 0.01047599 -0.01342582 0.01825129 0.009845793 -0.01370239 0.01864987 0.009135127 -0.01392477 0.01891982 0.008461833 -0.01407635 0.01905471 0.007930934 -0.01415503 0.01908153 0.007727384 -0.01417261 0.01772469 0.01126593 -0.01112979 0.01832044 0.01114499 -0.01039469 0.01928102 0.0106675 -0.01112055 0.01888912 0.01065999 -0.01184111 0.0196008 0.009924709 -0.0123462 0.02001196 0.009191334 -0.01273101 0.02017527 0.008789002 -0.01289808 0.02027457 0.008485257 -0.01300507 0.0150417 0.008043467 -0.01493805 0.01506787 0.008770585 -0.01484823 0.01520895 0.009571254 -0.01460635 0.01548153 0.01032376 -0.01419842 0.01579856 0.01084601 -0.01374173 0.01606696 0.0111128 -0.01335823 0.01630491 0.01123487 -0.01301819 0.01651918 0.01127147 -0.01271349 0.01547157 0.007577121 -0.0150209 0.01546323 0.007672965 -0.01501464 0.01543283 0.007763981 -0.01500618 0.01538151 0.007851421 -0.01499527 0.01531231 0.007930994 -0.01498222 0.01523339 0.007992565 -0.01496833 0.01515388 0.00802946 -0.01495522 0.01509511 0.008041441 -0.0149461 0.01909059 0.007577121 -0.01418024 0.01825767 0.007577121 -0.0146141 0.01705503 0.007577121 -0.01496613 0.01630759 0.007577121 -0.01504504 0.0171619 0.0109753 -0.01308602 0.01775872 0.01047599 -0.01342582 0.01825129 0.009845793 -0.01370239 0.01864987 0.009135127 -0.01392477 0.01891982 0.008461833 -0.01407635 0.01905471 0.007930934 -0.01415503 0.01908153 0.007727384 -0.01417261 0.01858526 0.008162379 -0.01437038 0.01849663 0.008443295 -0.01433366 0.01775884 0.009597659 -0.01417601 0.01745802 0.009381413 -0.01441013 0.01731002 0.008475124 -0.01478111 0.01688444 0.01096516 -0.01333039 0.01700013 0.01072847 -0.01361429 0.01721596 0.009255468 -0.01454454 0.01674556 0.01091182 -0.01348417 0.01678478 0.009952783 -0.01431202 0.01666349 0.008896648 -0.01480138 0.01612871 0.007914304 -0.01502901 0.01638936 0.008691906 -0.01489531 0.01615989 0.009292006 -0.01473176 0.01542258 0.008635342 -0.01491695 0.01547151 0.004309892 -0.01502043 0.01547157 0.004318833 -0.0150209 0.01547116 0.004292964 -0.01501941 0.01504158 0.003852427 -0.01493805 0.01512968 0.003859996 -0.0149514 0.01520174 0.003885746 -0.01496297 0.0152781 0.003934979 -0.01497608 0.01534932 0.004003822 -0.01498907 0.01540774 0.004084527 -0.01500064 0.01544755 0.004167675 -0.01500982 0.01546531 0.004233896 -0.01501548 0.01651918 6.24494e-4 -0.01271349 0.01619845 7.03102e-4 -0.0131703 0.01593589 8.9552e-4 -0.01354545 0.0156604 0.001246094 -0.01393979 0.0154094 0.001732707 -0.01430392 0.01521342 0.002307832 -0.01459938 0.01509243 0.002911508 -0.01480019 0.01504892 0.003403425 -0.01489436 0.01909059 0.004318833 -0.01418024 0.0190401 0.00388652 -0.01414608 0.01882654 0.003171801 -0.01402366 0.01840704 0.002301216 -0.01378935 0.01782298 0.001489818 -0.01346206 0.0172286 9.64054e-4 -0.01312434 0.01686537 7.60351e-4 -0.01291495 0.01691287 0.004318773 -0.01498889 0.01804983 0.004318773 -0.01469689 0.01862663 0.004318773 -0.01444154 0.01853287 0.003880262 -0.01443195 0.01843756 0.003561019 -0.01439869 0.01767748 0.002421438 -0.01427924 0.01716727 0.001215159 -0.01358842 0.01701182 0.001282572 -0.01373672 0.01684874 9.73357e-4 -0.01342147 0.01724892 0.002622008 -0.0145269 0.01714324 0.003479063 -0.01483529 0.01704323 0.002743124 -0.01463305 0.01663571 0.001085698 -0.01365494 0.01662039 0.002093493 -0.0144332 0.01654529 0.003085911 -0.01484501 0.01634091 0.003241479 -0.01490914 0.01609796 0.002682089 -0.01476562 0.01547831 0.003284573 -0.01492607 0.01537984 0.003229558 -0.01490712 0.01599693 0.003836274 -0.01501804 0.02151387 0.004318833 -0.01191383 0.02056908 0.004318892 -0.01305001 0.01988309 0.004318833 -0.01365625 0.01909059 0.004318833 -0.01418024 0.01909059 0.007577121 -0.01418024 0.02151387 0.007577121 -0.01191383 0.02056908 0.007577002 -0.01305001 0.01988309 0.007577061 -0.01365625 0.01867198 8.92487e-4 -0.009966015 0.01822215 7.23643e-4 -0.01051485 0.01743 6.021e-4 -0.01150149 0.01651918 6.24494e-4 -0.01271349 0.01909059 0.004318833 -0.01418024 0.0190401 0.00388652 -0.01414608 0.01882654 0.003171801 -0.01402366 0.01840704 0.002301216 -0.01378935 0.01782298 0.001489818 -0.01346206 0.0172286 9.64054e-4 -0.01312434 0.01686537 7.60351e-4 -0.01291495 0.02151387 0.004318833 -0.01191383 0.02056908 0.004318892 -0.01305001 0.01988309 0.004318833 -0.01365625 0.01968246 0.001380383 -0.0106424 0.02042561 0.002002954 -0.01115226 0.02096039 0.002728879 -0.01152753 0.02130407 0.003431677 -0.01177144 0.02147156 0.00397861 -0.01188844 0.0191611 0.001192927 -0.01123422 0.01879936 0.001231133 -0.01195281 0.02009606 0.002900183 -0.01281577 0.02023762 0.003290116 -0.01296466 0.01983588 0.003897786 -0.01361536 0.02043515 0.00244081 -0.01197069 0.01947599 0.001691937 -0.01205807 0.01978117 0.001949489 -0.01210755 0.02151387 0.004318833 -0.01191383 0.02191686 0.004318773 -0.01118713 0.02211207 0.004318773 -0.01052844 0.02214354 0.004318714 -0.00995481 0.02204704 0.004318714 -0.009413838 0.02184218 0.004318714 -0.008912861 0.02152681 0.004318773 -0.008410632 0.02115625 0.004318773 -0.007942557 0.02151387 0.007577121 -0.01191383 0.02191692 0.007577121 -0.01118707 0.02211207 0.007577121 -0.01052832 0.02214354 0.00757718 -0.009954631 0.02204698 0.00757718 -0.009413599 0.02184206 0.00757718 -0.008912622 0.02152669 0.007577121 -0.008410513 0.02115625 0.007577121 -0.007942557 0.0172367 0.003368318 -0.003752529 0.01719921 0.002988576 -0.003810703 0.01709401 0.002549827 -0.003972887 0.01690423 0.002063095 -0.004265129 0.01661193 0.001539587 -0.004715144 0.01621651 0.001024365 -0.005323946 0.01557207 4.33564e-4 -0.006316184 0.01482892 -3.59728e-5 -0.007460653 0.0169574 3.69876e-4 -0.008840084 0.01867198 8.92487e-4 -0.009966015 0.02084422 0.003834009 -0.007622659 0.02081513 0.003712952 -0.007611095 0.02076148 0.003505647 -0.007631301 0.02066487 0.003216981 -0.007704854 0.02051132 0.002861082 -0.007849216 0.02020287 0.002319037 -0.008173346 0.0197066 0.001689553 -0.008733093 0.01922398 0.001248657 -0.00930041 0.01687145 8.43705e-4 -0.006705224 0.01806378 0.001300334 -0.007122755 0.01873749 0.001257717 -0.00828278 0.01907193 0.001397848 -0.008432745 0.01759147 0.002315819 -0.004782259 0.01783043 0.002196311 -0.005210816 0.01889109 0.002675056 -0.005964517 0.02001363 0.002768874 -0.007277846 0.01953113 0.002309799 -0.007218003 0.0196473 0.002522647 -0.007084727 0.01997345 0.003416001 -0.006727516 0.02151387 0.007577121 -0.01191383 0.02191692 0.007577121 -0.01118707 0.02211207 0.007577121 -0.01052832 0.02214354 0.00757718 -0.009954631 0.02204698 0.00757718 -0.009413599 0.02184206 0.00757718 -0.008912622 0.02152669 0.007577121 -0.008410513 0.02115625 0.007577121 -0.007942557 0.01867198 0.01100343 -0.009966015 0.01968246 0.01051557 -0.0106424 0.02042561 0.00989294 -0.01115226 0.02096039 0.009167075 -0.01152753 0.02130407 0.008464217 -0.01177144 0.02147156 0.007917284 -0.01188844 0.0195648 0.01035046 -0.00889796 0.0202279 0.009538531 -0.008146107 0.02059799 0.008844733 -0.007765293 0.02076816 0.008367061 -0.007627427 0.02081686 0.008175313 -0.007611155 0.02084422 0.008061945 -0.007622659 0.02114588 0.007703185 -0.007941484 0.02112644 0.007788956 -0.007926404 0.02109241 0.00787276 -0.007894217 0.02106297 0.007923066 -0.007864415 0.0210253 0.007971405 -0.007824957 0.02098369 0.008009612 -0.007780015 0.02094376 0.008034527 -0.007735848 0.02089917 0.008050978 -0.007685542 0.02106267 0.00824505 -0.007945716 0.02112293 0.008217036 -0.008013963 0.02161365 0.008141458 -0.008754909 0.02137494 0.008630216 -0.008802711 0.02167326 0.008228242 -0.008965671 0.02171748 0.008374035 -0.009297192 0.0203917 0.009954214 -0.009536921 0.02171558 0.008485734 -0.009545922 0.02072781 0.009720504 -0.009811997 0.02168488 0.008603096 -0.009810566 0.02197068 0.008048772 -0.009638667 0.02006745 0.01026773 -0.01006048 0.02197492 0.00813502 -0.009999573 0.02043807 0.01000332 -0.01033788 0.02154785 0.008823573 -0.0103414 0.02044165 0.009985864 -0.01061052 0.02179992 0.008103907 -0.01114201 0.02186053 0.007884919 -0.01119571 0.02169531 0.00776416 -0.008694291 0.01482892 0.01193189 -0.007460653 0.01695734 0.01152604 -0.008840024 0.01867198 0.01100343 -0.009966015 0.01651918 0.01127147 -0.01271349 0.01772469 0.01126593 -0.01112979 0.01832044 0.01114499 -0.01039469 0.01479637 0.0117684 -0.0116921 0.01285248 0.01216059 -0.01050448 0.01404494 0.01215243 -0.008668005 0.01752573 0.01141643 -0.00982356 0.01285248 -2.64673e-4 -0.01050448 0.01215177 2.17943e-5 -0.01158362 0.01175576 3.89463e-4 -0.0121901 0.0114445 8.69767e-4 -0.01266014 0.01121068 0.001413166 -0.01300591 0.01103532 0.002016842 -0.01326233 0.01092177 0.002642273 -0.01343423 0.01086497 0.003265917 -0.01353687 0.01084846 0.003852427 -0.01359087 0.01504158 0.003852427 -0.01493805 0.01305776 0.003852427 -0.01445668 0.01651918 6.24494e-4 -0.01271349 0.01619845 7.03102e-4 -0.0131703 0.01593589 8.9552e-4 -0.01354545 0.0156604 0.001246094 -0.01393979 0.0154094 0.001732707 -0.01430392 0.01521342 0.002307832 -0.01459938 0.01509243 0.002911508 -0.01480019 0.01504892 0.003403425 -0.01489436 0.01479637 1.27545e-4 -0.0116921 0.01333236 9.57851e-5 -0.01191002 0.01270502 2.53484e-4 -0.01219552 0.0131691 2.15883e-4 -0.0121929 0.01404559 5.21259e-4 -0.01288771 0.01523905 5.27998e-4 -0.01296454 0.01206415 0.002685844 -0.01391607 0.01328277 0.002306938 -0.0141921 0.01419389 0.002744138 -0.01458901 0.01241111 0.001043438 -0.01313364 0.01326632 8.877e-4 -0.01321262 0.01288503 0.001136004 -0.01335197 0.01358282 0.001271486 -0.01364946 0.01424425 0.001415073 -0.0139147 0.01651918 0.01127147 -0.01271349 0.01479637 0.0117684 -0.0116921 0.01285248 0.01216059 -0.01050448 0.0150417 0.008043467 -0.01493805 0.01506787 0.008770585 -0.01484823 0.01520895 0.009571254 -0.01460635 0.01548153 0.01032376 -0.01419842 0.01579856 0.01084601 -0.01374173 0.01606696 0.0111128 -0.01335823 0.01630491 0.01123487 -0.01301819 0.01084846 0.008043527 -0.01359087 0.01305782 0.008043527 -0.01445668 0.01087838 0.008838176 -0.01350891 0.01096081 0.009509801 -0.01337337 0.01113915 0.01026594 -0.01311045 0.01140254 0.01094299 -0.01272279 0.01171565 0.01145601 -0.01225113 0.01205748 0.01180517 -0.01172834 0.01243782 0.01203197 -0.01114422 0.01331251 0.01178747 -0.01194429 0.01267582 0.01161295 -0.01224505 0.01314502 0.01165902 -0.01223474 0.01407998 0.01141399 -0.01282542 0.01530838 0.01141405 -0.01284736 0.01205408 0.00909847 -0.01394259 0.01324605 0.009287238 -0.01429361 0.01235848 0.01072001 -0.01323133 0.01323246 0.01093727 -0.01327764 0.01282805 0.01060283 -0.01346534 0.01354962 0.01052916 -0.01371747 0.01424252 0.01047611 -0.01391804 0.008079767 0.01283699 -0.006973385 0.01065653 0.01248151 -0.009061098 0.01285248 0.01216059 -0.01050448 0.01084846 0.008043527 -0.01359087 0.01087838 0.008838176 -0.01350891 0.01096081 0.009509801 -0.01337337 0.01113915 0.01026594 -0.01311045 0.01140254 0.01094299 -0.01272279 0.01171565 0.01145601 -0.01225113 0.01205748 0.01180517 -0.01172834 0.01243782 0.01203197 -0.01114422 0.005918979 0.008043467 -0.01062726 0.00828731 0.008043467 -0.01223641 0.006067276 0.009717941 -0.01038533 0.006253957 0.01058191 -0.01007097 0.006567299 0.01144939 -0.009539902 0.006955385 0.01210409 -0.008881151 0.007371366 0.01252472 -0.008175194 0.007718741 0.01272791 -0.007586002 0.008674502 0.0124498 -0.00898832 0.007926464 0.01223254 -0.009216845 0.008437275 0.01227092 -0.009390413 0.009529352 0.01182681 -0.01081615 0.008096098 0.01100969 -0.01101374 0.01135283 0.01203566 -0.01098102 0.01112574 0.01188766 -0.01130044 0.009101808 0.0111671 -0.01145958 0.008933424 0.01077908 -0.01170372 0.007170259 0.009247779 -0.01133573 0.01138418 0.011743 -0.01167827 0.008805513 0.01040375 -0.01188421 0.009776711 0.01058596 -0.01229631 0.008555769 0.009603798 -0.01210677 0.00973457 0.009154856 -0.01288801 0.01039528 0.01135158 -0.01189708 0.01547157 0.004318833 -0.0150209 0.01691287 0.004318773 -0.01498889 0.01804983 0.004318773 -0.01469689 0.01862663 0.004318773 -0.01444154 0.01909059 0.004318833 -0.01418024 0.01547157 0.007577121 -0.0150209 0.01909059 0.007577121 -0.01418024 0.01825767 0.007577121 -0.0146141 0.01705503 0.007577121 -0.01496613 0.01630759 0.007577121 -0.01504504 0.01482892 -3.59728e-5 -0.007460653 0.01404494 -2.56476e-4 -0.008668065 0.01285248 -2.64673e-4 -0.01050448 0.01651918 6.24494e-4 -0.01271349 0.01479637 1.27545e-4 -0.0116921 0.01867198 8.92487e-4 -0.009966015 0.01822215 7.23643e-4 -0.01051485 0.01743 6.021e-4 -0.01150149 0.0169574 3.69876e-4 -0.008840084 0.01558154 1.22604e-5 -0.00857973 0.01743298 4.53526e-4 -0.009942471 0.008079767 -9.41059e-4 -0.006973385 0.007561862 -7.54042e-4 -0.007852017 0.007083237 -3.623e-4 -0.00866419 0.006673634 2.33409e-4 -0.009359478 0.006352782 9.89941e-4 -0.009903728 0.006128549 0.001840531 -0.01028245 0.005978941 0.002875804 -0.01053172 0.005918979 0.003852427 -0.01062726 0.01084846 0.003852427 -0.01359087 0.00828731 0.003852427 -0.01223641 0.01285248 -2.64673e-4 -0.01050448 0.01215177 2.17943e-5 -0.01158362 0.01175576 3.89463e-4 -0.0121901 0.0114445 8.69767e-4 -0.01266014 0.01121068 0.001413166 -0.01300591 0.01103532 0.002016842 -0.01326233 0.01092177 0.002642273 -0.01343423 0.01086497 0.003265917 -0.01353687 0.01065653 -5.85594e-4 -0.009061157 0.008015394 -4.22643e-4 -0.009064733 0.008506417 -4.336e-4 -0.009273231 0.009591996 -1.30385e-7 -0.01071989 0.008179187 6.86342e-4 -0.01087814 0.01137995 -1.54574e-4 -0.01094269 0.009176373 5.85224e-4 -0.01134955 0.006822705 0.002271473 -0.01097643 0.01115816 -1.56658e-5 -0.01125508 0.009010791 9.26214e-4 -0.01159238 0.007189273 0.002483427 -0.01130145 0.008893013 0.001226305 -0.0117613 0.008591413 0.00210458 -0.01205891 0.009754836 0.002624154 -0.01286947 0.009703695 0.002940595 -0.01291501 0.01348799 0.003368258 6.86094e-4 0.01337689 0.002371013 5.51827e-4 0.01324868 0.001878857 3.91498e-4 0.01300615 0.001318812 8.38116e-5 0.01269549 8.52934e-4 -3.1459e-4 0.01231098 4.46637e-4 -8.12527e-4 0.01116561 -2.89162e-4 -0.002328455 0.01001417 -7.07228e-4 -0.003938734 0.01230013 -3.97876e-4 -0.005718708 0.01482892 -3.59728e-5 -0.007460653 0.0172367 0.003368318 -0.003752529 0.01719921 0.002988576 -0.003810703 0.01709401 0.002549827 -0.003972887 0.01690423 0.002063095 -0.004265129 0.01661193 0.001539587 -0.004715144 0.01621651 0.001024365 -0.005323946 0.01557207 4.33564e-4 -0.006316184 0.01513946 0.003368258 -0.001459062 0.01424592 0.002446711 -6.06146e-4 0.01418602 0.002195656 -6.77768e-4 0.01522034 0.002105414 -0.002088487 0.01402056 4.30337e-4 -0.003901362 0.014835 4.29652e-4 -0.005225121 0.01456934 2.3624e-4 -0.005649864 0.01421213 1.45268e-5 -0.006223678 0.01476365 0.001202225 -0.002786695 0.0172367 0.003368318 -0.003752529 0.02084422 0.003834009 -0.007622659 0.02092832 0.003853976 -0.007718563 0.02099221 0.003893077 -0.007789313 0.02104783 0.003951549 -0.007848739 0.02109694 0.004032135 -0.007898688 0.02112895 0.004115223 -0.00792855 0.02114456 0.004183769 -0.007940769 0.02115195 0.00424534 -0.007943928 0.02115625 0.004318773 -0.007942557 0.02115625 0.007577121 -0.007942557 0.02114588 0.007703185 -0.007941484 0.02112644 0.007788956 -0.007926404 0.02109241 0.00787276 -0.007894217 0.02106297 0.007923066 -0.007864415 0.0210253 0.007971405 -0.007824957 0.02098369 0.008009612 -0.007780015 0.02094376 0.008034527 -0.007735848 0.02089917 0.008050978 -0.007685542 0.02084422 0.008061945 -0.007622659 0.0172367 0.008527636 -0.003752529 0.01729929 0.005947947 -0.003654241 0.02084422 0.008061945 -0.007622659 0.0172367 0.008527636 -0.003752529 0.01867198 0.01100343 -0.009966015 0.0195648 0.01035046 -0.00889796 0.0202279 0.009538531 -0.008146107 0.02059799 0.008844733 -0.007765293 0.02076816 0.008367061 -0.007627427 0.02081686 0.008175313 -0.007611155 0.01482892 0.01193189 -0.007460653 0.01695734 0.01152604 -0.008840024 0.01601874 0.01107853 -0.005628347 0.01666182 0.01027834 -0.004638373 0.01700377 0.009601593 -0.004111826 0.01717025 0.009058892 -0.003855407 0.01722013 0.008754372 -0.003778338 0.01690804 0.01101809 -0.006652235 0.01809698 0.01055824 -0.007078051 0.01875662 0.01062005 -0.008258938 0.01903492 0.01053398 -0.008477747 0.01887607 0.009258508 -0.005983054 0.01999461 0.009167253 -0.007297754 0.01947963 0.00967276 -0.007278144 0.01966643 0.009335577 -0.00706321 0.01997041 0.008491992 -0.006729483 0.01801937 0.01013815 -0.00610435 0.01001417 0.01260316 -0.003938734 0.01229375 0.01229465 -0.005713939 0.01482892 0.01193189 -0.007460653 0.01285248 0.01216059 -0.01050448 0.01404494 0.01215243 -0.008668005 0.008079767 0.01283699 -0.006973385 0.01065653 0.01248151 -0.009061098 0.00911504 0.01280772 -0.00529319 0.01071161 0.01256847 -0.005343973 0.0135498 0.01219403 -0.00733143 0.01260298 0.01231485 -0.009124219 0.004763722 0.0131613 -0.003968238 0.008079767 0.01283699 -0.006973385 0.005918979 0.008043467 -0.01062726 0.006067276 0.009717941 -0.01038533 0.006253957 0.01058191 -0.01007097 0.006567299 0.01144939 -0.009539902 0.006955385 0.01210409 -0.008881151 0.007371366 0.01252472 -0.008175194 0.007718741 0.01272791 -0.007586002 0.00341022 0.008043467 -0.008263587 0.004510164 0.008043467 -0.009433269 0.004396498 0.01278483 -0.005597352 0.004147469 0.01232552 -0.00648427 0.003942787 0.01178151 -0.007106542 0.00378549 0.01121199 -0.007523417 0.003656446 0.01058381 -0.007823944 0.003529071 0.009683072 -0.008078336 0.003456294 0.008869647 -0.008198916 0.01547116 0.004292964 -0.01501941 0.01547151 0.004309892 -0.01502043 0.01504158 0.003852427 -0.01493805 0.01512968 0.003859996 -0.0149514 0.01520174 0.003885746 -0.01496297 0.0152781 0.003934979 -0.01497608 0.01534932 0.004003822 -0.01498907 0.01540774 0.004084527 -0.01500064 0.01544755 0.004167675 -0.01500982 0.01546531 0.004233896 -0.01501548 0.01305776 0.003852427 -0.01445668 0.01084846 0.003852427 -0.01359087 0.00828731 0.003852427 -0.01223641 0.005918979 0.003852427 -0.01062726 0.004508972 0.003852427 -0.009432137 0.00341022 0.003852427 -0.008263587 0.00341022 0.008043467 -0.008263587 0.003364205 0.005947947 -0.00832498 0.004510164 0.008043467 -0.009433269 0.005918979 0.008043467 -0.01062726 0.00828731 0.008043467 -0.01223641 0.01084846 0.008043527 -0.01359087 0.01305782 0.008043527 -0.01445668 0.0150417 0.008043467 -0.01493805 0.01547157 0.007577121 -0.0150209 0.01546323 0.007672965 -0.01501464 0.01543283 0.007763981 -0.01500618 0.01538151 0.007851421 -0.01499527 0.01531231 0.007930994 -0.01498222 0.01523339 0.007992565 -0.01496833 0.01515388 0.00802946 -0.01495522 0.01509511 0.008041441 -0.0149461 0.01547157 0.004318833 -0.0150209 0.01414895 0.005947947 -0.01483935 0.01001417 -7.07228e-4 -0.003938734 0.00911504 -9.11763e-4 -0.00529319 0.008079767 -9.41059e-4 -0.006973385 0.01285248 -2.64673e-4 -0.01050448 0.01065653 -5.85594e-4 -0.009061157 0.01482892 -3.59728e-5 -0.007460653 0.01404494 -2.56476e-4 -0.008668065 0.01230013 -3.97876e-4 -0.005718708 0.01071441 -6.72178e-4 -0.005346238 0.0135526 -2.97744e-4 -0.007333338 0.01260298 -4.18941e-4 -0.009124219 0.00341022 0.003852427 -0.008263587 0.003577589 0.001819789 -0.007987082 0.003740787 8.80556e-4 -0.007631897 0.003902256 2.46038e-4 -0.007219195 0.004113852 -3.52092e-4 -0.00659275 0.004362523 -8.36966e-4 -0.005727529 0.004560649 -0.0010975 -0.004923164 0.004763722 -0.001265347 -0.003968238 0.005918979 0.003852427 -0.01062726 0.004508972 0.003852427 -0.009432137 0.008079767 -9.41059e-4 -0.006973385 0.007561862 -7.54042e-4 -0.007852017 0.007083237 -3.623e-4 -0.00866419 0.006673634 2.33409e-4 -0.009359478 0.006352782 9.89941e-4 -0.009903728 0.006128549 0.001840531 -0.01028245 0.005978941 0.002875804 -0.01053172 0.006414055 -0.001105368 -5.2629e-4 0.0085029 -3.10567e-4 0.001524925 0.00950098 3.0643e-4 0.002435803 0.01013499 8.57109e-4 0.002994835 0.01051455 0.001314342 0.003318488 0.01081925 0.001852035 0.003563284 0.01099717 0.002379119 0.003689885 0.01108312 0.002867877 0.003746867 0.01114481 0.003368377 0.003803133 0.008213341 -9.25835e-4 -0.002339661 0.01001417 -7.07228e-4 -0.003938734 0.01348799 0.003368258 6.86094e-4 0.01337689 0.002371013 5.51827e-4 0.01324868 0.001878857 3.91498e-4 0.01300615 0.001318812 8.38116e-5 0.01269549 8.52934e-4 -3.1459e-4 0.01231098 4.46637e-4 -8.12527e-4 0.01116561 -2.89162e-4 -0.002328455 0.01086676 8.22996e-5 -1.00598e-4 0.009918093 -6.10892e-4 -0.002547979 0.01216685 6.47962e-4 -6.41271e-5 0.0116952 0.001207351 0.001645565 0.01153564 0.001994311 0.002796411 0.01276534 0.00176829 9.57768e-4 0.01280105 0.002689719 0.001495122 0.01348799 0.008527636 6.86094e-4 0.0135641 0.005947947 7.7429e-4 0.01348799 0.003368258 6.86094e-4 0.0172367 0.008527636 -0.003752529 0.01513892 0.008527636 -0.001458406 0.0172367 0.003368318 -0.003752529 0.01729929 0.005947947 -0.003654241 0.01513946 0.003368258 -0.001459062 0.0172367 0.008527636 -0.003752529 0.01513892 0.008527636 -0.001458406 0.01348799 0.008527636 6.86094e-4 0.01482892 0.01193189 -0.007460653 0.01601874 0.01107853 -0.005628347 0.01666182 0.01027834 -0.004638373 0.01700377 0.009601593 -0.004111826 0.01717025 0.009058892 -0.003855407 0.01722013 0.008754372 -0.003778338 0.01001417 0.01260316 -0.003938734 0.01229375 0.01229465 -0.005713939 0.01169776 0.01190251 -0.001617312 0.01247799 0.01128888 -5.95678e-4 0.0129351 0.01070034 -6.98492e-6 0.0131843 0.01019525 3.10209e-4 0.01336199 0.009597301 5.33398e-4 0.0134465 0.009057819 6.37159e-4 0.01423203 0.00951302 -6.21878e-4 0.01409918 0.01140129 -0.003781914 0.01445019 0.01173681 -0.005834937 0.01487064 0.01143658 -0.005162298 0.01349347 0.01043444 -4.5329e-4 0.0147528 0.009893417 -0.001584649 0.01373457 0.01082932 -0.001523673 0.01499342 0.01004946 -0.002065181 0.01432669 0.01059466 -0.001949369 0.01576268 0.009878754 -0.00286436 0.01584172 0.01047849 -0.003896296 0.01506048 0.01067638 -0.003183901 0.006414055 0.01300132 -5.26283e-4 0.008213341 0.01282179 -0.002339661 0.01001417 0.01260316 -0.003938734 0.008079767 0.01283699 -0.006973385 0.00911504 0.01280772 -0.00529319 0.004763722 0.0131613 -0.003968238 0.005605518 0.01316618 -0.001512944 0.005136489 0.01322573 -0.002471804 0.004917383 0.01321911 -0.003222405 0.008865833 0.01280051 -0.003924012 0.007358729 0.01302051 -0.004659831 0.00341022 0.003852427 -0.008263587 0.003577589 0.001819789 -0.007987082 0.003740787 8.80556e-4 -0.007631897 0.003902256 2.46038e-4 -0.007219195 0.004113852 -3.52092e-4 -0.00659275 0.004362523 -8.36966e-4 -0.005727529 0.004560649 -0.0010975 -0.004923164 0.004763722 -0.001265347 -0.003968238 0.003851592 -0.001311838 -0.003180146 0.003810048 -0.001305282 -0.003216087 -7.61341e-4 0.003852605 -0.004367351 -5.1197e-4 0.002384424 -0.004383027 -2.65729e-4 0.001578867 -0.004392087 1.50468e-4 8.44855e-4 -0.004392683 8.5146e-4 9.01958e-5 -0.004348456 0.00180459 -5.82568e-4 -0.00418365 0.002720117 -0.001012861 -0.003879606 0.00328356 -0.001192867 -0.003592371 0.001945078 0.003852665 -0.006603598 6.65307e-4 0.003852725 -0.005437731 -7.61341e-4 0.008043289 -0.004367351 6.65307e-4 0.008043229 -0.005437731 0.001945078 0.008043229 -0.006603598 0.00341022 0.008043467 -0.008263587 0.003810048 0.01320123 -0.003216028 0.003250539 0.01307994 -0.003611922 0.002651095 0.01288247 -0.003908753 0.002047121 0.01261019 -0.004118978 0.001458942 0.0122658 -0.004258811 9.04974e-4 0.01185166 -0.004342615 4.0745e-4 0.01136869 -0.004383265 -1.12951e-5 0.01081079 -0.00439471 -3.17175e-4 0.01018726 -0.004390716 -5.87057e-4 0.00912553 -0.004378914 0.003851592 0.01320785 -0.003180146 0.004763722 0.0131613 -0.003968238 0.004396498 0.01278483 -0.005597352 0.004147469 0.01232552 -0.00648427 0.003942787 0.01178151 -0.007106542 0.00378549 0.01121199 -0.007523417 0.003656446 0.01058381 -0.007823944 0.003529071 0.009683072 -0.008078336 0.003456294 0.008869647 -0.008198916 0.00341022 0.003852427 -0.008263587 0.001945078 0.003852665 -0.006603598 6.65307e-4 0.003852725 -0.005437731 -7.61341e-4 0.003852605 -0.004367351 -7.61341e-4 0.008043289 -0.004367351 -9.17066e-4 0.005948543 -0.004354476 6.65307e-4 0.008043229 -0.005437731 0.001945078 0.008043229 -0.006603598 0.00341022 0.008043467 -0.008263587 0.003364205 0.005947947 -0.00832498 0.002827703 0.004900217 -0.007646024 0.002827703 0.006995677 -0.007646024 0.004763722 -0.001265347 -0.003968238 0.005056083 -0.001332759 -0.002710044 0.00547719 -0.0012905 -0.001726388 0.00591135 -0.001215159 -0.001087605 0.006414055 -0.001105368 -5.2629e-4 0.008079767 -9.41059e-4 -0.006973385 0.01001417 -7.07228e-4 -0.003938734 0.00911504 -9.11763e-4 -0.00529319 0.008213341 -9.25835e-4 -0.002339661 0.008865833 -9.04606e-4 -0.003924012 0.01348799 0.008527636 6.86094e-4 0.01112121 0.008527517 0.003784656 0.01001417 0.01260316 -0.003938734 0.01169776 0.01190251 -0.001617312 0.01247799 0.01128888 -5.95678e-4 0.0129351 0.01070034 -6.98492e-6 0.0131843 0.01019525 3.10209e-4 0.01336199 0.009597301 5.33398e-4 0.0134465 0.009057819 6.37159e-4 0.006414055 0.01300132 -5.26283e-4 0.008213341 0.01282179 -0.002339661 0.01098066 0.009581863 0.003678977 0.01080214 0.01008188 0.003550231 0.0104621 0.01065427 0.003274619 0.01003092 0.01114302 0.002904295 0.009313106 0.01172339 0.002267122 0.007867932 0.01250749 9.25109e-4 0.01022678 0.01218056 -8.25968e-4 0.01020205 0.01240277 -0.002186417 0.01154774 0.01176649 -8.17049e-4 0.004763722 0.0131613 -0.003968238 0.003851592 0.01320785 -0.003180146 0.005717158 0.01305311 2.154e-4 0.005314946 0.01318413 -0.001026809 0.004698872 0.01325529 -0.002186238 0.004307687 0.01325422 -0.002711474 0.006414055 0.01300132 -5.26283e-4 0.005605518 0.01316618 -0.001512944 0.005136489 0.01322573 -0.002471804 0.004917383 0.01321911 -0.003222405 0.004763722 -0.001265347 -0.003968238 0.003851592 -0.001311838 -0.003180146 0.005056083 -0.001332759 -0.002710044 0.00547719 -0.0012905 -0.001726388 0.00591135 -0.001215159 -0.001087605 0.006414055 -0.001105368 -5.2629e-4 0.005717158 -0.001157164 2.15393e-4 0.004496753 -0.001363217 -0.002473115 0.005008697 -0.001335203 -0.001667737 0.005425274 -0.001263976 -7.50553e-4 0.005685389 0.004397928 0.003712594 0.005685389 0.007497966 0.003712594 0.005898654 0.007497966 0.002263069 0.005898654 0.004397928 0.002263069 0.005898654 0.004397928 0.002263069 0.005898654 0.007497966 0.002263069 2.59303e-4 0.007497966 -0.004389643 2.59303e-4 0.004397928 -0.004389643</float_array>
          <technique_common>
            <accessor source="#¾µв1_4_1-mesh-positions-array" count="1410" stride="3">
              <param name="X" type="float"/>
              <param name="Y" type="float"/>
              <param name="Z" type="float"/>
            </accessor>
          </technique_common>
        </source>
        <source id="¾µв1_4_1-mesh-normals">
          <float_array id="¾µв1_4_1-mesh-normals-array" count="4161">-0.434807 0 -0.9005238 -0.2817946 3.9356e-6 -0.9594749 -0.434807 0 -0.9005237 -0.5761471 0 -0.817346 -0.2817944 -3.925e-6 -0.9594749 -0.5761471 0 -0.817346 -0.7019779 3.925e-6 -0.7121988 -0.701978 -3.93545e-6 -0.7121987 0.5111598 0 0.8594858 0.7019792 0 0.7121976 0.7019792 0 0.7121974 0.5111598 0 0.8594858 0.2906153 0 0.95684 0.2906154 0 0.95684 0.05318248 0 0.9985849 0.05318266 0 0.9985849 -0.18734 0 0.9822952 -0.1873397 0 0.9822952 -0.4169696 0 0.9089205 -0.4169697 0 0.9089205 -0.6223726 0 0.7827211 -0.6223727 0 0.7827211 -0.7916048 0 0.6110334 -0.7916048 0 0.6110335 -0.9148348 0 0.4038283 -0.9148349 0 0.4038283 -0.9848939 0 0.1731596 -0.9977146 0 -0.06756812 -0.9977146 0 -0.06756806 -0.9525504 0 -0.3043811 -0.9525504 0 -0.3043809 -0.8520312 0 -0.5234911 -0.8520312 0 -0.5234912 -0.7019823 0 -0.7121945 -0.701982 0 -0.7121947 -0.8520311 0 -0.5234912 -0.7019823 0 -0.7121945 -0.701982 0 -0.7121947 -0.9525504 0 -0.304381 -0.9525504 0 -0.3043811 -0.9977146 0 -0.06756806 -0.9977147 0 -0.06756812 -0.9848938 0 0.1731597 -0.9848939 0 0.1731595 -0.9148349 0 0.4038283 -0.9148349 0 0.4038283 -0.7916048 0 0.6110336 -0.6223726 0 0.7827212 -0.6223725 0 0.7827212 -0.4169694 0 0.9089206 -0.4169695 0 0.9089205 -0.1873399 0 0.9822952 -0.1873398 0 0.9822953 0.05318254 0 0.9985848 0.05318272 0 0.9985849 0.2906154 0 0.95684 0.2906153 0 0.95684 0.5111599 0 0.8594857 0.7019792 0 0.7121974 0.7019792 0 0.7121974 0 -1 -3.90156e-7 0 -1 0 2.14414e-7 -1 0 0 -1 -5.22705e-7 0 -1 -2.87636e-7 0 -1 4.29475e-7 0 -1 0 2.05383e-7 -1 7.06366e-7 2.55559e-7 -1 -8.91504e-7 4.91053e-7 -1 -2.35584e-6 -1.57324e-6 -1 -2.14274e-6 0 -1 -2.26483e-7 0 -1 0 2.13203e-7 -1 0 0 -1 -9.03397e-7 1.66155e-7 -1 -2.39654e-6 0 -1 -4.23015e-7 0 -1 1.49292e-6 0 -1 3.29396e-7 0 -1 -4.7239e-7 3.35851e-7 -1 -6.6616e-7 -1.99182e-7 -1 1.43162e-7 1.6664e-7 -1 0 2.30632e-7 -1 -1.53113e-6 0 -1 2.2649e-7 0 -1 -6.99326e-7 0 -1 0 0 -1 0 1.28916e-7 -1 1.35023e-6 0 -1 0 3.41785e-7 -1 -1.12452e-6 0 -1 -7.61758e-7 1.49007e-7 -1 -1.02492e-6 0 -1 -4.80688e-7 0 -1 -4.55454e-7 0 -1 0 1.55151e-7 -1 -2.11621e-7 0 -1 -3.94809e-7 0 -1 -2.79881e-7 0 -1 -1.33961e-7 0 -1 -3.26705e-7 0 -1 -3.68002e-7 2.41193e-6 -1 5.34412e-7 0 -1 -5.30146e-7 -2.4484e-6 -1 -1.09753e-6 0 -1 1.32474e-6 0 -1 -1.138e-6 0 -1 0 0 1 -2.74382e-7 0 1 -5.34411e-7 0 1 2.65073e-7 0 1 1.4225e-7 -4.30115e-7 1 0 0 1 9.15404e-7 3.30717e-7 1 0 0 1 0 0 1 -2.62247e-7 -5.01621e-7 1 0 0 1 0 2.0194e-7 1 0 -1.77317e-7 1 2.16817e-6 -2.54687e-7 1 1.81192e-6 0 1 0 0 1 0 -7.47117e-7 1 6.53409e-7 -2.81616e-7 1 0 0 1 5.92213e-7 0 1 2.87636e-7 -2.05383e-7 1 0 1.57324e-6 1 -1.60706e-6 -1.64166e-7 1 6.6616e-7 0 1 1.32803e-7 0 1 2.92617e-7 -3.65921e-7 1 7.31577e-7 -7.68531e-7 1 -2.77752e-7 0 1 0 0 1 2.27727e-7 0 1 3.14125e-7 1.57721e-7 1 3.08622e-7 1.28309e-7 1 2.8602e-7 -2.22599e-7 1 0 0 1 7.35339e-7 -1.70694e-7 1 2.43835e-7 -1.49007e-7 1 0 1.30728e-7 1 -2.57816e-7 -2.78114e-7 1 2.2747e-6 0 1 8.8144e-7 2.87533e-7 1 5.43225e-7 -1.62875e-7 1 5.25862e-7 0 1 4.6061e-7 0 1 0 -1.36976e-7 1 1.43465e-7 0 1 -3.80947e-7 0 1 1.03745e-6 -1.59706e-7 1 -4.50756e-7 -1.58433e-7 1 0 0 1 1.6503e-6 0.8520314 0 0.5234907 0.7019786 0 0.7121981 0.7019786 0 0.7121981 0.9525513 0 0.3043786 0.9525511 0 0.3043786 0.9977144 0 0.06757253 0.9977144 0 0.06757253 0.9848935 0 -0.1731611 0.9848935 0 -0.173161 0.9148345 0 -0.4038289 0.9148346 0 -0.4038288 0.7916048 0 -0.6110335 0.622375 0 -0.7827193 0.7916049 0 -0.6110334 0.6223747 0 -0.7827195 0.4169721 0 -0.9089194 0.4169729 0 -0.9089189 0.1873392 0 -0.9822953 0.1873398 0 -0.9822952 -0.05317807 0 -0.9985851 -0.2906196 0 -0.9568387 -0.5111597 0 -0.8594858 -0.2906191 0 -0.9568389 -0.5111602 0 -0.8594855 -0.7019726 0 -0.712204 -0.7019726 0 -0.712204 -0.51116 0 -0.8594857 -0.701972 0 -0.7122046 -0.7019726 0 -0.712204 -0.5111597 0 -0.8594858 -0.2906196 0 -0.9568388 -0.2906196 0 -0.9568387 -0.05317807 0 -0.9985851 -0.05317777 0 -0.9985851 0.1873391 0 -0.9822953 0.1873399 0 -0.9822952 0.4169721 0 -0.9089193 0.4169726 0 -0.9089192 0.6223745 0 -0.7827196 0.6223749 0 -0.7827194 0.7916047 0 -0.6110336 0.7916048 0 -0.6110336 0.9148346 0 -0.4038287 0.9148346 0 -0.403829 0.9848935 0 -0.173161 0.9848936 0 -0.1731612 0.9977144 0 0.06757247 0.9977145 0 0.06757247 0.9525513 0 0.3043784 0.9525511 0 0.3043787 0.8520316 0 0.5234905 0.8520314 0 0.5234909 0.7019787 0 0.712198 0.7019786 -2.06998e-7 0.7121981 0 1 3.69297e-7 0 1 1.06732e-6 1.23504e-7 1 4.06938e-7 0 1 5.22705e-7 0 1 0 -1.25123e-7 1 0 0 1 5.40582e-7 2.00127e-7 1 0 1.25086e-7 1 0 2.13433e-6 1 3.50954e-6 -4.30348e-7 1 -1.52477e-6 -1.48809e-7 1 0 -2.55559e-7 1 8.91504e-7 1.99885e-7 1 0 0 1 2.5593e-7 0 1 0 -7.02279e-7 1 2.44986e-6 0 1 2.70242e-7 3.08376e-7 1 2.06781e-6 -2.80224e-7 1 0 -2.78136e-7 1 0 0 1 -2.39654e-6 -1.85322e-7 1 1.75549e-6 0 1 -2.39056e-7 0 1 8.7821e-7 -3.0434e-7 1 -2.00427e-6 0 1 6.92862e-7 0 1 -2.94437e-6 -3.01716e-7 1 8.3767e-7 -2.19363e-7 1 -8.31827e-7 -2.57832e-7 1 5.40091e-7 0 1 -4.49808e-7 0 1 1.52352e-6 1.0028e-6 1 4.61213e-6 0 1 0 -1.73835e-6 1 0 -1.70694e-7 1 -4.87671e-7 -2.06869e-7 1 4.23242e-7 0 1 3.94809e-7 0 1 1.11635e-6 1.46565e-7 1 3.26705e-7 -1.39812e-7 1 3.68002e-7 0 1 1.86588e-7 0 1 -1.06882e-6 0 1 0 0 1 2.19505e-6 0 1 1.32474e-6 0 1 -1.89666e-7 0 1 0 0 -1 -2.65073e-7 0 -1 -1.33603e-7 1.27362e-6 -1 -6.85954e-7 0 -1 -3.20062e-7 0 -1 -1.80235e-7 0 -1 -6.58644e-7 2.30463e-7 -1 -3.31184e-7 0 -1 0 0 -1 -2.92121e-7 0 -1 -1.02363e-6 0 -1 -4.75472e-7 0 -1 0 -1.26719e-7 -1 0 0 -1 -8.74932e-7 0 -1 4.26148e-7 -1.32154e-7 -1 -1.0472e-6 0 -1 0 1.27344e-7 -1 0 0 -1 5.214e-7 2.44068e-7 -1 4.22094e-7 -1.09717e-6 -1 -6.68991e-7 1.70892e-7 -1 -8.99616e-7 1.22336e-7 -1 -2.76001e-7 0 -1 0 -5.81559e-7 -1 -4.39811e-7 -1.28245e-7 -1 -3.26705e-7 0 -1 -2.61762e-7 -1.50966e-7 -1 -4.33777e-7 0 -1 -3.73175e-7 0 -1 -2.96107e-7 3.20649e-7 -1 -3.59115e-7 0 -1 -2.65402e-7 -2.83585e-7 -1 -2.62986e-7 0 -1 -5.12104e-7 0 -1 -5.55505e-7 1.55151e-7 -1 -3.76123e-7 0 -1 -3.60516e-7 5.11585e-7 -1 -3.4159e-7 0 -1 -3.08622e-7 2.53896e-7 -1 -5.7204e-7 -1.49738e-7 -1 -4.41203e-7 0 -1 -3.22525e-7 -1.76197e-7 -1 -8.96804e-7 0 -1 -2.43835e-7 2.04985e-7 -1 3.03293e-7 2.61373e-7 -1 -7.73448e-7 1.61162e-7 -1 0 0 -1 -4.4072e-7 0 -1 -9.2122e-7 0 -1 -2.62931e-7 0 -1 -1.07598e-6 0 -1 0 0 -1 -6.4761e-7 0 -1 0 0 -1 1.50252e-7 0 -1 0 0 -1 -5.18727e-7 0 -1 -2.45312e-7 0.1286971 0 0.991684 0.03202825 0 0.9994871 0.1287057 0 0.9916828 0.03202831 0 0.999487 -0.06497669 0 0.9978868 -0.06497234 0 0.9978871 -0.1613686 0 0.9868943 -0.1613212 0 0.9869019 0.1286972 0 0.991684 0.03203296 0 0.9994869 0.1287056 0 0.9916829 0.03202426 0 0.9994872 -0.06497263 0 0.9978871 -0.06497704 0 0.9978868 -0.1613686 0 0.9868942 -0.1613214 0 0.9869019 -0.8984338 0 0.4391093 -0.762821 5.9339e-6 0.6466099 -0.7628209 -5.96865e-6 0.6466099 -0.978843 0 0.2046129 -0.978843 0 0.2046129 -0.9990984 0 -0.04245567 -0.9990984 0 -0.04245579 -0.957956 0 -0.2869156 -0.9579558 0 -0.2869157 -0.857943 0 -0.5137451 -0.8579429 0 -0.5137452 -0.7052059 0 -0.7090026 -0.7052058 0 -0.7090027 -0.5091328 0 -0.860688 -0.5091325 0 -0.8606882 -0.281785 5.9594e-6 -0.9594776 -0.2817847 -5.94867e-6 -0.9594777 -0.7019826 -5.11901e-6 -0.7121942 -0.7019825 5.12765e-6 -0.7121942 -0.8370507 0 -0.5471255 -0.9340354 0 -0.3571806 -0.9885356 0 -0.1509881 -0.9885357 0 -0.1509881 -0.9980719 0 0.06206887 -0.998072 0 0.06206881 -0.9622116 0 0.2723031 -0.9622116 0 0.272303 -0.8825838 0 0.4701553 -0.8825838 0 0.4701552 -0.7628011 5.1063e-6 0.6466333 -0.7628009 -5.13367e-6 0.6466334 -0.1158639 5.29285e-6 0.9932651 -0.1159113 -5.2656e-6 0.9932596 -0.3307759 0 0.9437094 -0.3307761 0 0.9437093 -0.5296019 0 0.8482463 -0.529602 0 0.8482463 -0.7026618 -5.29285e-6 0.7115241 -0.7026618 5.29116e-6 0.711524 -0.5296019 0 0.8482463 -0.7026618 -5.29285e-6 0.711524 -0.7026618 5.29116e-6 0.711524 -0.3307761 0 0.9437094 -0.330776 0 0.9437094 -0.1158162 -5.29947e-6 0.9932706 -0.1159113 5.29057e-6 0.9932596 0.02059072 0 0.999788 0.1286925 2.60107e-6 0.9916846 0.1286936 -2.5888e-6 0.9916845 0.02059131 0 0.9997881 -0.08777326 0 0.9961405 -0.0877732 0 0.9961405 -0.1950366 2.58651e-6 0.980796 -0.1950836 -2.60107e-6 0.9807866 0.02059072 0 0.9997881 0.1286925 2.60107e-6 0.9916846 0.1286936 -2.5888e-6 0.9916845 0.02059078 0 0.999788 -0.08777266 0 0.9961406 -0.08777374 0 0.9961405 -0.1950355 1.81688e-5 0.9807963 -0.1950837 -2.59461e-6 0.9807866 -0.6481712 1.55528e-6 0.7614947 -0.6481263 -4.72832e-6 0.7615329 -0.5071144 -1.52225e-6 0.8618789 -0.5011221 -3.23933e-5 0.8653767 -0.3823749 -1.41766e-5 0.9240074 -0.2766878 -2.57418e-6 0.96096 -0.3660631 -1.23261e-5 0.9305902 -0.1875435 1.47521e-5 0.9822563 -0.1126438 -9.0301e-6 0.9936355 -0.1377149 -9.97912e-7 0.990472 -0.05143398 5.51064e-6 0.9986765 -0.003543555 -5.31413e-6 0.9999938 0.02950704 -5.38677e-6 0.9995646 0.04672151 -3.64794e-5 0.9989081 0.08991926 -1.25542e-6 0.9959492 -0.03399312 1.45193e-6 0.9994221 0.04647755 1.67922e-5 0.9989193 0.07483887 -2.25427e-6 0.9971957 -0.03399848 0 0.999422 0.04638808 -5.01098e-6 0.9989236 0.07485151 5.07338e-7 0.9971947 -0.5146909 5.95581e-7 0.8573759 -0.6481265 2.31688e-6 0.7615329 -0.6481365 -3.60794e-6 0.7615243 -0.4574734 1.8917e-5 0.8892234 0.04973208 4.8682e-6 0.9987626 0.04647386 3.58419e-6 0.9989195 -0.3956803 -1.25109e-5 0.9183884 0.02412146 -1.76858e-6 0.9997091 -0.0438168 -2.21067e-6 0.9990396 -0.2384992 2.61888e-6 0.9711428 -0.2890473 -1.86227e-5 0.9573149 -0.02165353 -9.68576e-7 0.9997656 -0.1441619 -1.06259e-5 0.9895541 -0.1058056 9.85339e-7 0.9943869 0.05752742 -4.99131e-7 0.998344 -0.9960891 5.98827e-6 -0.08835476 -0.9703536 -1.77221e-7 -0.2416901 -0.9703612 -1.27684e-6 -0.2416595 -0.9999405 -5.14276e-6 -0.01090764 -0.9976449 5.04253e-7 0.06859195 -0.9755398 -5.25918e-6 0.2198231 -0.9742502 -3.44848e-5 0.2254695 -0.936085 -4.01321e-6 0.351774 -0.9025062 4.69293e-6 0.430677 -0.8802047 -6.37001e-6 0.4745944 -0.8150278 -2.58978e-6 0.579422 -0.799966 -1.51037e-6 0.6000455 -0.6596813 -2.75113e-6 0.7515456 -0.6481478 -4.59992e-6 0.7615147 -0.6483449 -9.56876e-7 0.7613468 0.7501736 0.0882793 0.6553216 0.7501699 -0.08827853 0.6553259 0.7690626 -0.08869528 0.6329895 0.7690655 0.08877921 0.6329743 0.7206837 1.45176e-6 0.6932641 0.7185881 -0.08640545 0.6900473 0.7380816 -0.08771365 0.6689857 0.7380861 0.08768826 0.6689841 0.7186637 0.08638936 0.6899706 0.7999257 -0.04397714 0.5984856 0.8125649 -0.08779925 0.5762203 0.8160894 -9.49913e-7 0.5779259 0.7998728 0.04409867 0.5985472 0.812563 0.08778733 0.5762247 0.1513295 -0.9842578 0.09130209 0.2912102 -0.9334959 0.2092415 0.1791487 -0.9740655 0.1382107 0.1653966 -0.9834306 0.07421845 0.7024992 -0.2655058 0.6603042 0.7380821 -0.08741438 0.6690245 0.7186614 -0.0864132 0.68997 0.6671103 -0.3715975 0.6456619 0.5906338 -0.5678091 0.5733627 0.7072014 -0.1921035 0.6804135 0.6759765 -0.4020251 0.6176016 0.7401069 -0.1887013 0.6454716 0.7501963 -0.08791375 0.6553449 0.7653168 -0.1414008 0.6279299 0.7690621 -0.08880245 0.6329754 0.7174685 -0.303602 0.6269488 0.7257559 -0.3025267 0.6178641 0.6809478 -0.4847974 0.5488912 0.7453912 -0.277683 0.6060397 0.5174566 -0.7046568 0.4854869 0.4820905 -0.7420756 0.4657387 0.4325107 -0.8058399 0.4044212 0.3668029 -0.8619995 0.3498747 0.2903163 -0.9168269 0.2741262 0.4668552 -0.7709241 0.4332692 0.434592 -0.8152037 0.3828483 0.5208389 -0.7265856 0.4481076 0.3828223 -0.8749446 0.2965117 0.482912 -0.7874159 0.3831086 0.5766115 -0.6741044 0.4616302 0.3277637 -0.8994666 0.2890171 0.2504798 -0.9393518 0.2342612 0.2353785 -0.9471431 0.2179836 0.3210148 -0.9046078 0.2804178 0.2260334 -0.952056 0.2061512 0.3036959 -0.9173278 0.2574461 0.2039294 -0.9632455 0.1748457 -0.9268614 -5.1409e-7 0.3754041 -0.9129436 3.32575e-6 0.408086 -0.9241669 0 0.3819891 -0.907036 -3.29874e-6 0.4210532 -0.9042764 1.9914e-6 0.4269477 -0.9862124 1.14283e-5 0.165485 -0.9716306 9.16421e-6 0.2365036 -0.9936391 3.14787e-6 0.1126113 -0.9436326 1.41896e-5 0.3309948 -0.9002463 -5.84964e-6 0.4353811 -0.9268516 1.527e-5 0.3754283 -0.998374 5.24614e-6 -0.05700343 -0.9997942 2.3208e-6 -0.0202884 -0.9922843 -1.13039e-6 -0.1239833 -0.986211 -2.39816e-6 0.1654937 -0.9703369 -9.39239e-7 -0.2417569 -0.9703614 -1.67365e-6 -0.2416585 -0.904297 0 0.4269039 -0.9268532 -1.93007e-5 0.3754242 -0.9862101 4.66593e-6 0.1654984 -0.9268618 -1.86078e-6 0.3754026 -0.9129418 5.04171e-6 0.4080901 -0.907036 4.7267e-6 0.4210534 -0.9241654 6.66827e-7 0.3819925 -0.9983739 6.94483e-6 -0.057006 -0.9983743 0 -0.0570001 -0.9862125 -1.21864e-5 0.1654844 -0.9436319 -1.17607e-5 0.330997 -0.9703568 4.60257e-6 -0.2416769 -0.9703568 -4.58565e-6 -0.241677 -0.9716307 -1.20308e-5 0.2365032 -0.9936392 -4.909e-6 0.1126106 -0.9983742 -5.62146e-6 -0.0570017 -0.9997947 9.7162e-6 -0.02026313 -0.9922716 -1.14948e-6 -0.1240853 -0.9703598 -3.00118e-6 -0.2416651 -0.9703574 2.5155e-6 -0.2416743 0.1513404 0.984255 0.09131342 0.1793352 0.973994 0.1384725 0.2515231 0.9535523 0.1657539 0.1653835 0.9834344 0.07419645 0.7025019 0.2655165 0.660297 0.5906354 0.5678108 0.5733594 0.6671026 0.3716955 0.6456133 0.7071899 0.1921974 0.680399 0.7186683 0.08641183 0.6899631 0.7380823 0.08738613 0.6690278 0.6724619 0.4123874 0.6145988 0.7501978 0.08789676 0.6553453 0.713472 0.3191949 0.6237567 0.769054 0.08881312 0.6329835 0.7401866 0.3014811 0.6010267 0.6744428 0.4997869 0.5434519 0.5152728 0.7078048 0.4832249 0.4820696 0.7421234 0.4656842 0.4311711 0.8072213 0.4030949 0.2902358 0.916884 0.2740205 0.3668122 0.8619956 0.3498749 0.4646733 0.7734047 0.4311891 0.5689079 0.6580339 0.4932905 0.5614015 0.6951165 0.449045 0.4245871 0.8250843 0.3727757 0.5029457 0.7491832 0.4310107 0.4627687 0.8074929 0.3657872 0.3611232 0.890419 0.2770271 0.3172054 0.9070643 0.2767944 0.2260358 0.9520564 0.2061468 0.2353714 0.9471439 0.2179879 0.2504848 0.9393436 0.2342884 0.3003767 0.9192883 0.2543284 0.2040197 0.963195 0.175018 -0.9913128 2.47556e-5 -0.1315258 -0.9703418 1.51137e-7 -0.2417374 -0.970359 -1.35042e-6 -0.2416682 -0.9959933 -1.58162e-5 -0.08942896 -0.9998927 0 -0.01465219 -0.9977258 5.32856e-6 0.0674045 -0.9880979 -2.00495e-5 0.1538267 -0.9741899 1.37058e-5 0.2257305 -0.9485812 -8.09878e-6 0.3165342 -0.9217315 3.60934e-6 0.3878289 -0.8955862 1.13223e-5 0.4448881 -0.8338637 4.49992e-6 0.5519704 -0.809073 4.95231e-7 0.5877083 -0.7647076 -4.93135e-6 0.6443774 -0.65964 -1.62516e-6 0.7515817 -0.6481558 0.001750707 0.7615058 -0.6483065 -5.79019e-7 0.7613794 0.7583312 -0.07048118 0.6480479 0.7562628 -0.07186365 0.6503093 0.7571344 -0.1766056 0.6289342 0.8077813 -0.05351132 0.5870487 0.7658308 -0.05741328 0.6404741 0.7654767 -0.05980616 0.6406785 0.7660351 -0.05521434 0.6404231 0.7745544 -0.2384955 0.5858204 0.7432492 -0.318306 0.5884402 0.7158727 -0.4466024 0.536724 0.7604068 -0.06918352 0.6457517 0.7622209 -0.06780695 0.6437559 0.790943 -0.4555109 0.4085574 0.6786397 -0.5584797 0.4770206 0.8323025 -0.3219073 0.4512742 0.7638676 -0.06537687 0.6420531 0.8386033 -0.3835927 0.3867831 0.7766521 -0.5554863 0.2970632 0.6161679 -0.6853155 0.388175 0.8408321 -0.4290696 0.3300012 0.8404313 -0.4769126 0.2573516 0.6129564 -0.7699953 0.1771777 0.531808 -0.8004717 0.2764515 0.461493 -0.8687863 0.1795403 0.8363264 -0.5199143 0.1739176 0.8942723 -0.3789894 0.2380003 0.9965978 -0.05391389 0.06233847 0.9573786 -0.05290251 0.28395 0.6675776 -0.7376838 0.1008108 0.829407 -0.5505061 0.09501188 0.5703962 -0.8168635 0.08592104 0.3949543 -0.9161915 0.06785625 0.5079371 -0.8594876 -0.05728012 0.6372872 -0.7704859 0.01470738 0.8943586 -0.4451043 0.04477804 0.9844412 -0.05450767 -0.167047 0.8086823 -0.5857163 -0.05449241 0.6415106 -0.7647985 -0.05956178 0.6436957 -0.732514 -0.221538 0.7270087 -0.5829831 -0.3627522 0.8626109 -0.3798822 -0.3340539 0.7695762 -0.4312157 -0.4709624 0.803981 -0.2421002 -0.5431411 0.8887476 -0.2683678 -0.3716267 0.8229274 -0.0552017 -0.5654585 0.9203187 -0.05519098 -0.3872564 0.8406813 -0.1488072 0.5206836 0.8855398 -0.05229765 0.4616108 0.7649214 -0.06246769 0.6410874 0.3322904 0.9422288 -0.04228472 0.3950245 0.9161671 0.06777489 0.5079428 0.8594858 -0.05725693 0.3566749 0.8724223 -0.3341591 0.2096229 0.9549064 -0.210267 0.2782156 0.9522286 -0.1259242 0.7113531 0.05611246 -0.7005914 0.8038201 0.2420943 -0.5433817 0.8229349 0.05517697 -0.5654501 0.5121839 0.1013074 -0.8528801 0.5095304 0.1772931 -0.8419893 0.6030302 0.05559873 -0.7957785 0.5137006 0.05519956 -0.856192 0.4456987 0.8769119 -0.1799394 0.6436684 0.7325198 -0.2215982 0.4405948 0.8424651 -0.3100466 0.4766686 0.7185158 -0.5064801 0.5457673 0.6777158 -0.4927874 0.7269282 0.5829983 -0.3628889 0.5170812 0.573499 -0.6353943 0.5992422 0.5387679 -0.592147 0.7692632 0.4312265 -0.4714636 0.5191789 0.4407069 -0.7322778 0.6234638 0.4637946 -0.6294344 0.5106519 0.3139892 -0.8004034 0.6416417 0.3999031 -0.6545025 -0.09515303 0.05838364 -0.9937492 0.03973239 0.05378234 -0.997762 -0.09386378 0.05521637 -0.9940528 -0.1480746 0.07118082 -0.9864113 -0.1305253 0.2045244 -0.9701201 -0.1423352 0.07104963 -0.9872652 0.4574105 0.2236933 -0.8606608 0.5137216 0.05529958 -0.8561729 0.3888598 0.05417579 -0.9197027 0.5108171 0.314018 -0.8002867 0.5094293 0.1773051 -0.8420479 0.5121559 0.1013022 -0.8528975 0.4510789 0.2835905 -0.8462295 0.5193673 0.4407097 -0.7321425 0.3713894 0.4628027 -0.8049123 0.4765409 0.7184762 -0.5066564 0.5170586 0.573426 -0.6354787 0.30501 0.4073076 -0.8608539 0.2427197 0.2374819 -0.9405794 0.170291 0.05531775 -0.9838399 0.2726323 0.842183 -0.4651877 0.1671296 0.9337682 -0.3164564 0.2096152 0.9549067 -0.2102733 0.3566841 0.8724318 -0.3341247 0.2822525 0.7357685 -0.6156122 0.2601967 0.37571 -0.8894605 0.2257668 0.8025568 -0.5522065 0.03744697 0.7351289 -0.6768923 0.09829944 0.856184 -0.5072339 0.2064523 0.498714 -0.8418205 -0.02028578 0.5775317 -0.8161162 0.1585112 0.2890887 -0.9440879 0.01523417 0.07371616 -0.9971629 -0.09948045 0.06149983 -0.9931372 -0.1067742 0.06458961 -0.9921833 -0.115993 0.06739503 -0.9909609 0.1030514 0.2356156 -0.9663674 0.08145344 0.3544087 -0.9315363 -0.07896411 0.3984949 -0.9137651 -0.08793413 0.1817061 -0.9794133 -0.1258502 0.06930279 -0.9896256 -0.1353461 0.07050704 -0.9882865 0.4558667 -0.05459922 -0.8883719 0.5137318 -0.05520153 -0.8561733 0.5088524 -0.2021925 -0.8367722 0.135339 -0.9049805 -0.4033531 0.2764062 -0.9259845 -0.2572008 0.2095963 -0.9549083 -0.2102847 -0.0938642 -0.05562543 -0.9940299 -0.09387004 -0.05496704 -0.994066 0.1451234 -0.05520266 -0.9878725 -0.09393548 -0.05643248 -0.9939776 -0.0948199 -0.05810254 -0.9937975 -0.1483843 -0.0709744 -0.9863796 -0.138295 -0.0708127 -0.9878564 -0.1424868 -0.1387131 -0.9800286 0.444333 -0.1826019 -0.8770546 0.3502647 -0.05418699 -0.9350821 0.4360761 -0.2575954 -0.8622543 0.514204 -0.3658096 -0.7757433 0.520729 -0.5244863 -0.6736138 0.3482624 -0.4342043 -0.8307706 0.3251161 -0.7300315 -0.6011269 0.4846459 -0.700185 -0.5242705 0.3737508 -0.8575817 -0.3533612 0.2761069 -0.689529 -0.6695631 0.2569199 -0.8162047 -0.5174959 0.2662591 -0.380188 -0.8857558 0.2129827 -0.2180091 -0.9524235 0.2288894 -0.3511964 -0.9078937 0.1905907 -0.7490237 -0.6345383 0.06626105 -0.7990844 -0.5975565 0.01170307 -0.6686109 -0.7435204 0.1743194 -0.4647002 -0.8681397 -0.03381329 -0.5374916 -0.842591 0.1352333 -0.2669382 -0.9541782 0.09272241 -0.225332 -0.9698599 0.06775081 -0.3367025 -0.9391705 -0.07768684 -0.4023768 -0.912172 -0.07791316 -0.177503 -0.9810312 -0.1296423 -0.06979775 -0.9891012 -0.1203502 -0.06830072 -0.9903792 -0.09506046 -0.1882233 -0.9775151 -0.1184623 -0.2574055 -0.9590147 -0.002822637 -0.08799719 -0.9961167 -0.1111516 -0.06612426 -0.9916013 -0.1031288 -0.06317865 -0.9926596 -0.09741485 -0.06022119 -0.9934203 0.8228574 0.05518835 -0.5655616 0.8228582 -0.05518835 -0.5655607 0.7113676 -0.05690824 -0.7005124 0.7113673 0.05691719 -0.700512 0.6030581 0.05558305 -0.7957585 0.6030341 -0.05558574 -0.7957765 0.5137553 0.05518484 -0.8561601 0.5137091 -0.05520349 -0.8561867 0.3201826 -0.9453741 -0.06124633 0.5079314 -0.8594913 -0.05727684 0.3950334 -0.9161608 0.06780892 0.2763922 -0.925984 -0.2572181 0.2581547 -0.9535331 -0.1553412 0.2095861 -0.9549153 -0.2102627 0.3738216 -0.8576009 -0.3532395 0.7114199 -0.05608969 -0.7005254 0.8229342 -0.05517685 -0.5654511 0.8038131 -0.2420923 -0.5433928 0.5137251 -0.05529296 -0.8561714 0.6030389 -0.05563294 -0.7957695 0.5089483 -0.2022138 -0.8367087 0.4339043 -0.8786227 -0.1993722 0.6436586 -0.7325293 -0.2215954 0.4394471 -0.837484 -0.3248184 0.4847602 -0.7002095 -0.5241318 0.6111083 -0.5029952 -0.6111812 0.5207838 -0.5244874 -0.6735705 0.5139144 -0.365786 -0.7759464 0.6344271 -0.4264864 -0.6446794 0.769266 -0.4312242 -0.4714612 0.5922431 -0.2372812 -0.7700297 0.6341348 -0.6122896 -0.472202 0.7269045 -0.583001 -0.3629322 0.5186184 -0.7440974 -0.4211345 0.5522921 -0.6947935 -0.4606903 0.8076957 0.0548014 0.5870475 0.7660348 -0.05517739 0.6404266 0.8077483 -0.05481439 0.5869737 0.7660191 0.05521482 0.6404423 0.8854201 0.0538991 0.461656 0.8854238 -0.05392473 0.461646 0.9573452 0.05351835 0.2839472 0.9573466 -0.05350667 0.2839447 0.9965956 0.05389302 0.06239271 0.996599 -0.05389976 0.06233268 0.9844282 0.05468702 -0.1670649 0.98443 -0.0547173 -0.1670442 0.9203533 0.05511289 -0.3871852 0.9203218 -0.05510228 -0.3872618 0.8229107 0.05520236 -0.5654828 0.8229401 -0.0551933 -0.5654409 0.3960427 -0.8735074 0.2830814 0.5150736 -0.7518404 0.4116253 0.4304994 -0.8399201 0.3304611 0.3259016 -0.915414 0.2362316 0.2522448 -0.9525837 0.1701672 0.3192158 -0.9369015 0.1425376 0.4688232 -0.8200047 0.3283249 0.4619745 -0.8454193 0.2680407 0.3949572 -0.916192 0.06783181 0.4835303 -0.8315059 0.2734894 0.5319046 -0.8004513 0.2763246 0.6158375 -0.6853832 0.3885797 0.4613354 -0.868848 0.1796466 0.62106 -0.5838084 0.5229266 0.7076339 -0.2809149 0.6483373 0.6601608 -0.4829851 0.5752505 0.5938316 -0.6344717 0.4947824 0.6019848 -0.6253696 0.4965151 0.6570469 -0.5229874 0.5429306 0.7212935 -0.08779436 0.6870429 0.663336 -0.5532138 0.5039246 0.6776103 -0.5586042 0.4783363 0.7149156 -0.4466249 0.5379796 0.6088486 -0.6547006 0.4479627 0.6349908 -0.6046262 0.480847 0.729633 -0.2757916 0.6257594 0.757353 -0.1766492 0.6286584 0.7562483 -0.07185953 0.6503266 0.7430632 -0.3182997 0.5886785 0.7574205 0.1699268 0.6304276 0.7562713 0.07178634 0.6503081 0.7574521 0.07111501 0.6490063 0.807724 0.05348098 0.5871301 0.7655514 0.05952787 0.640615 0.7660233 0.05517816 0.6404403 0.7700486 0.2739701 0.5761646 0.6988992 0.5029263 0.5085324 0.7451779 0.3053321 0.5928594 0.758855 0.07008814 0.6474773 0.7777585 0.2661887 0.5694168 0.7615141 0.06836706 0.6445325 0.7627189 0.06718879 0.6432306 0.7601512 0.06927436 0.6460429 0.8353018 0.347396 0.4261302 0.7850334 0.507278 0.3555162 0.6208884 0.6773974 0.3945003 0.8399937 0.406385 0.3595304 0.8403789 0.4779038 0.2556784 0.6088332 0.7752103 0.1684379 0.5100432 0.823792 0.2474321 0.8367272 0.5172914 0.1797143 0.6692474 0.7354696 0.1057947 0.8300613 0.5484335 0.1010891 0.8971281 0.4053182 0.1757229 0.957358 0.05288451 0.2840231 0.9966002 0.0537911 0.06240797 0.5611748 0.8250876 0.06567788 0.5079925 0.8594635 -0.05714982 0.3950109 0.9161721 0.06778746 0.8946492 0.4440091 0.04958963 0.9844412 0.05450206 -0.167049 0.6293314 0.7771007 -0.007527828 0.8093891 0.5851035 -0.05043089 0.6359749 0.7679945 -0.07563394 0.6436933 0.7325136 -0.2215465 0.7270069 0.5829956 -0.3627355 0.8626083 0.3798919 -0.3340497 0.7695721 0.4312164 -0.4709683 0.8039858 0.2420923 -0.5431373 0.888728 0.2683948 -0.3716541 0.9203491 0.05531281 -0.3871669 0.8229301 0.05520009 -0.5654547 0.846432 0.1579769 0.5085235 0.8854786 0.05231648 0.4617258 0.7648367 0.06280499 0.6411556 0.7637299 0.06570464 0.6421833 0.319182 0.9369229 0.1424727 0.1363486 0.9906085 -0.01019507 0.2522177 0.9526057 0.1700847 0.1290057 0.9754838 -0.1782948 0.06138461 0.9875372 -0.144922 0.2095248 0.9549434 -0.2101963 0.2783709 0.9521692 -0.1260298 0.2894643 0.9571883 -0.00112617 0.3949611 0.9161883 0.06785768 0.3322782 0.942234 -0.04226732 -0.009553372 -0.9418627 -0.3358624 0.0613346 -0.9875286 -0.1450018 -0.06958657 -0.9280453 -0.3659094 0.1290087 -0.9754827 -0.1782983 -0.08758276 -0.8825814 -0.4619301 -0.1627649 -0.8186991 -0.5506718 -0.0523504 -0.9076297 -0.4164945 -0.07119178 -0.8527134 -0.5175051 0.03071004 -0.9101907 -0.4130496 0.1352711 -0.9050065 -0.4033178 0.2095563 -0.9549049 -0.2103399 0.06737226 -0.7986207 -0.598052 0.01255768 -0.6682946 -0.7437908 -0.3410707 -0.258632 -0.903759 -0.3593508 -0.3761087 -0.8540547 -0.3938257 -0.2422023 -0.8867015 -0.4112283 -0.1305028 -0.9021421 -0.4150249 -0.07069826 -0.9070591 -0.3051151 -0.07077538 -0.9496819 -0.2607394 -0.3719899 -0.8908639 -0.214434 -0.281502 -0.9352939 -0.1483021 -0.07098394 -0.9863914 -0.1198958 -0.2574853 -0.958815 -0.07842212 -0.4025205 -0.9120457 -0.1432831 -0.1386934 -0.9799154 -0.2170492 -0.6523923 -0.7261363 -0.2441284 -0.6716226 -0.6995173 -0.3085985 -0.5220282 -0.7951437 -0.1631343 -0.7186706 -0.6759437 -0.205017 -0.6419882 -0.7387958 -0.1858665 -0.62589 -0.7574401 -0.1610409 -0.60422 -0.7803742 -0.0342639 -0.5375837 -0.8425139 -0.1483007 0.07108861 -0.986384 -0.3051105 0.07079344 -0.9496821 -0.1319795 0.2046109 -0.9699051 -0.01458138 0.9385241 -0.3449056 0.06133651 0.9875278 -0.145006 0.1290054 0.9754849 -0.1782889 -0.01582002 0.9637528 -0.2663274 -0.0953539 0.8735008 -0.477393 -0.1729961 0.8028832 -0.5704832 -0.09015536 0.9092679 -0.4063301 -0.05893117 0.9012023 -0.4293733 -0.06072181 0.8663795 -0.4956807 0.0564084 0.9301443 -0.3628357 0.2094824 0.9549298 -0.2103003 0.09887039 0.8559681 -0.5074872 0.03877806 0.734607 -0.6773838 0.1669447 0.933838 -0.3163483 -0.3453814 0.2344076 -0.9087161 -0.4150223 0.07069778 -0.9070603 -0.4072592 0.1643993 -0.8983945 -0.3818926 0.2949913 -0.8758643 -0.3289675 0.4675039 -0.8205002 -0.2743725 0.3001946 -0.9135662 -0.07962471 0.3985853 -0.9136683 -0.232319 0.6166056 -0.7522137 -0.2555329 0.6474437 -0.717997 -0.1724664 0.6982902 -0.6947273 -0.2214341 0.6007531 -0.7681554 -0.1946439 0.601278 -0.7749699 -0.1613914 0.602999 -0.7812459 -0.02045464 0.5775834 -0.8160755 -0.103898 0.9508634 -0.2916576 0.0167396 0.9926513 -0.1198471 0.04253703 0.989166 -0.1405034 -0.165792 0.9336103 -0.3176239 -0.0647403 0.97558 -0.2098866 -0.2216191 0.8877952 -0.4033668 -0.4325329 0.6734865 -0.5994425 -0.3034027 0.8333013 -0.462121 -0.1774953 0.9105897 -0.3732585 -0.2244635 0.8439154 -0.4872606 -0.426424 0.5967884 -0.6797105 -0.5284102 0.4759127 -0.7030575 -0.06724071 0.9433157 -0.3250144 0.06139159 0.9875375 -0.1449163 -0.0158981 0.9637652 -0.2662784 -0.1186562 0.9069436 -0.4041956 -0.3631209 0.6570829 -0.6605947 -0.4120188 0.5528003 -0.7243289 -0.5484178 0.2158133 -0.8078754 -0.5139419 0.07128971 -0.8548577 -0.6086312 0.0712189 -0.7902507 -0.5792376 0.2994086 -0.758181 -0.1397861 0.8776885 -0.4583916 -0.1731404 0.8029095 -0.5704025 -0.2556292 0.6474642 -0.7179443 -0.09021675 0.9092787 -0.4062922 -0.4450479 0.4589248 -0.7689736 -0.3867317 0.5168066 -0.7637733 -0.3291807 0.4674804 -0.8204281 -0.4882135 0.2827003 -0.8256683 -0.4500333 0.2049733 -0.8691698 -0.4076218 0.1644062 -0.8982289 -0.4151099 0.07069748 -0.9070203 -0.3822668 0.2950128 -0.8756938 -0.2678427 0.7413067 -0.6154061 0.5137019 0.05519098 -0.8561918 0.5137532 -0.05521899 -0.8561592 0.4558843 -0.05468255 -0.8883576 0.3888472 0.05432242 -0.9196994 0.3502693 -0.05428785 -0.9350746 0.1702848 0.05491268 -0.9838637 0.1451294 -0.0548852 -0.9878892 0.03978383 0.05517816 -0.9976837 -0.09384602 -0.0551989 -0.9940554 -0.09386557 0.05520004 -0.9940535 0.1289947 -0.9754813 -0.178316 0.1363263 -0.9906117 -0.01018011 0.06138503 -0.9875372 -0.1449216 0.2095246 -0.954941 -0.2102077 0.2581408 -0.9535375 -0.155337 0.2162193 -0.9750435 0.05039268 0.2522073 -0.9526073 0.170091 0.3191829 -0.9369203 0.1424875 0.2768416 -0.9606922 -0.0207172 0.3202929 -0.9453319 -0.06131941 0.394952 -0.9161925 0.06785637 -0.1916971 -0.908604 -0.3710674 -0.1080102 -0.9604799 -0.2565387 -0.2602082 -0.8710033 -0.4167072 -0.3979494 -0.724809 -0.562395 -0.1549938 -0.924408 -0.3484922 0.01681202 -0.992641 -0.1199216 0.04253304 -0.9891627 -0.1405281 -0.2041251 -0.8629701 -0.4621858 -0.4005799 -0.6478114 -0.6479786 -0.4993731 -0.5473936 -0.6715555 -0.06174445 -0.9465646 -0.3165488 -0.06959235 -0.9280391 -0.3659242 0.061329 -0.987527 -0.1450143 -0.3399855 -0.6972973 -0.6310201 -0.5534383 -0.2850986 -0.7825758 -0.5632456 -0.3658092 -0.7409036 -0.5997608 -0.1765005 -0.7804708 -0.1107465 -0.9132746 -0.3920011 -0.1629344 -0.81872 -0.5505906 -0.2443244 -0.6716634 -0.6994098 -0.3902521 -0.6031715 -0.6956202 -0.3086785 -0.5220663 -0.7950878 -0.5445822 -0.2454189 -0.8019974 -0.6086295 -0.07121175 -0.7902526 -0.5139433 -0.07132172 -0.8548542 -0.4228844 -0.5246607 -0.7388504 -0.4814084 -0.320987 -0.8156061 -0.4465543 -0.2263163 -0.8656618 -0.3597534 -0.3760897 -0.8538935 -0.3942635 -0.2421995 -0.8865077 -0.4549263 -0.1710004 -0.8739572 -0.4150144 -0.07070434 -0.9070635 -0.4114995 -0.1305051 -0.9020181 0.7073452 -0.2809162 0.6486517 0.7213025 -0.08782154 0.68703 0.7610096 -0.08781772 0.6427695 0.2175369 -0.969593 0.1121035 0.2806063 -0.952453 0.1187156 0.1831913 -0.9807459 0.06766426 0.7614506 -0.2954098 0.5769974 0.8125644 -0.08778983 0.5762224 0.7850844 -0.288022 0.5483484 0.7400888 -0.385723 0.550896 0.7379144 -0.4534916 0.4998277 0.6472627 -0.641592 0.4115956 0.5486541 -0.7713899 0.322392 0.6812916 -0.4938223 0.540353 0.6599664 -0.4830161 0.5754475 0.5939338 -0.6344437 0.4946958 0.3754844 -0.8990724 0.2251234 0.4546253 -0.8567601 0.2434712 0.352906 -0.9083175 0.2245373 0.4304394 -0.8399327 0.330507 0.5152156 -0.7517997 0.4115219 0.3259527 -0.9153798 0.2362934 0.3144773 -0.9287232 0.1964113 0.271566 -0.9478518 0.1668198 0.2522318 -0.9526002 0.1700941 0.5293844 -0.7680059 0.3604431 0.7562419 -0.0717855 0.6503424 0.7240319 -3.89016e-7 0.6897667 0.7212302 -0.08780938 0.6871073 0.7656721 -0.05988138 0.6404377 0.7639375 -0.06504875 0.6420033 0.7650298 -0.06225019 0.6409792 0.7658295 -0.05770474 0.6404495 0.7603482 -0.06983268 0.6457507 0.7620146 -0.06773883 0.6440072 0.7659648 -0.05520075 0.6405084 0.7584641 -0.07112604 0.647822 0.7562471 0.07178866 0.650336 0.7213041 0.08779495 0.6870318 0.7659729 0.05520468 0.6404983 0.7577084 0.07151556 0.6486629 0.7589458 0.07093149 0.6472791 0.7600192 0.06998616 0.6461214 0.7613937 0.0687071 0.6446385 0.7626875 0.06705302 0.6432821 0.7655456 0.0594871 0.6406258 0.763907 0.06536453 0.6420076 0.7647611 0.06254363 0.6412712 0.4017781 0.8690664 0.288614 0.3192109 0.9369033 0.1425362 0.2522669 0.9525765 0.1701751 0.3944702 0.8693969 0.2975608 0.5273008 0.7363855 0.4238989 0.4745489 0.8141848 0.3345245 0.4647852 0.8427366 0.2716062 0.3949583 0.9161902 0.06785053 0.4780545 0.8369817 0.2663189 0.510087 0.8237724 0.2474073 0.6204994 0.6774691 0.3949888 0.6524534 0.534596 0.5371329 0.6263571 0.5693143 0.5325019 0.6936101 0.3602253 0.623813 0.7172837 0.1911969 0.6700357 0.7213109 0.08780032 0.6870238 0.6587452 0.5643055 0.4976086 0.6977906 0.5030217 0.5099584 0.7451035 0.305311 0.5929638 0.5979307 0.6735039 0.4345934 0.6395049 0.59513 0.4866762 0.7286929 0.2828142 0.623717 0.7562379 0.07180523 0.6503449 0.7575953 0.1698894 0.6302278 0.5379282 0.7329731 0.4163938 0.04258412 0.9891747 -0.1404277 0.01680856 0.9926626 -0.1197434 0.1346891 0.9907122 0.01865828 0.1650785 0.9849154 0.05187261 0.183198 0.9807452 0.06765657 0.2175128 0.9696235 0.111887 0.1729545 0.9828829 0.06346696 0.2522044 0.952611 0.1700742 0.1360883 0.9906459 -0.01003807 0.1081726 0.9924825 -0.0572474 0.06139367 0.9875386 -0.1449084 -0.06472879 0.9755805 -0.2098882 -0.0334168 0.9935085 -0.1087396 0.01673364 0.9926523 -0.1198393 -0.2096327 0.9301152 -0.3015628 -0.1658317 0.9336014 -0.3176293 -0.3577485 0.8171569 -0.451963 -0.3027325 0.8333072 -0.4625498 -0.489771 0.6645013 -0.5644134 -0.4321862 0.6735065 -0.5996701 -0.5897611 0.5103845 -0.6258512 -0.5287164 0.4759038 -0.7028334 -0.6664662 0.3651936 -0.6499665 -0.6840115 0.07088446 -0.7260191 -0.7662365 0.1202948 -0.6311979 -0.735104 0.2105998 -0.6444143 -0.7735227 0.07111108 -0.6297665 -0.5793111 0.2994095 -0.7581245 -0.6086431 0.07121747 -0.7902415 -0.09251278 -0.05631679 -0.9941177 -0.09663939 -0.05792945 -0.9936323 -0.09729343 -0.0604254 -0.9934198 -0.09622615 -0.0550962 -0.9938335 -0.09405905 -0.05516821 -0.9940369 -0.103071 -0.06321191 -0.9926634 -0.1111521 -0.0658918 -0.9916166 -0.1203277 -0.06823754 -0.9903863 -0.1298286 -0.06993025 -0.9890674 -0.138462 -0.07075113 -0.9878373 -0.1483501 -0.0709781 -0.9863846 -0.0995199 0.06160265 -0.9931269 -0.0953781 0.05850416 -0.9937205 -0.09392106 0.05520009 -0.9940482 -0.1069017 0.0645889 -0.9921695 -0.1160961 0.06716263 -0.9909647 -0.1259284 0.069319 -0.9896146 -0.1356226 0.07058554 -0.9882431 -0.1422954 0.07095515 -0.9872779 -0.1483275 0.07098078 -0.9863877 -0.4150324 0.07071012 -0.9070548 -0.3052025 -0.07072472 -0.9496576 -0.4150306 -0.07070779 -0.9070557 -0.3051123 0.0707004 -0.9496884 -0.513957 0.07101792 -0.8548712 -0.5139572 -0.07101517 -0.8548713 -0.6086307 0.07122534 -0.7902504 -0.6086425 -0.07109957 -0.7902526 -0.7741001 -2.22557e-6 -0.6330634 -0.6840777 -0.07111316 -0.7259344 -0.7735245 -0.0710991 -0.6297658 -0.6840057 0.07110226 -0.7260033 -0.7735478 0.0711109 -0.6297358 -0.2300122 0 -0.9731878 0.04259312 -0.9891739 -0.1404309 0.1346898 -0.990712 0.0186721 0.01687103 -0.992653 -0.1198148 0.1650738 -0.9849173 0.05185198 0.1831899 -0.9807472 0.067649 0.2175812 -0.9695971 0.111982 0.1728629 -0.982897 0.06349796 0.1361069 -0.9906435 -0.01001799 0.2522056 -0.9526116 0.1700697 0.1081779 -0.9924815 -0.05725479 0.06139361 -0.9875384 -0.1449099 0.01672738 -0.9926528 -0.119836 -0.03341794 -0.9935053 -0.1087678 -0.1243107 -0.96996 -0.2091042 -0.1081252 -0.9604811 -0.2564859 -0.2286301 -0.9187896 -0.321798 -0.2597181 -0.8709911 -0.4170385 -0.3791164 -0.7960069 -0.4718515 -0.3972924 -0.7248582 -0.5627959 -0.5160022 -0.6276209 -0.5829527 -0.4996207 -0.5473822 -0.6713806 -0.6169698 -0.4617097 -0.6373167 -0.5634832 -0.3657248 -0.7407646 -0.7099931 -0.270488 -0.6501893 -0.6840825 -0.07088553 -0.7259521 -0.7735403 -0.07119047 -0.6297361 -0.599838 -0.1764954 -0.7804127 -0.6086314 -0.07119458 -0.7902527 0.173202 -0.9826076 0.06695872 0.2915785 -0.9334621 0.2088794 0.165377 -0.9834359 0.07419162 0.3253018 -0.9129327 0.2464399 0.3824864 -0.8749668 0.2968794 0.2805209 -0.9524695 0.1187858 0.4546148 -0.8567662 0.2434689 0.2059875 -0.9732792 0.1014723 0.1831648 -0.9807528 0.06763654 0.4391056 -0.829406 0.345358 0.5486313 -0.7714255 0.3223454 0.6470661 -0.6417065 0.4117261 0.5626119 -0.7034048 0.4343842 0.4820942 -0.788006 0.3829255 0.5739094 -0.679094 0.4576675 0.7081741 -0.4493937 0.5445502 0.6741186 -0.5086306 0.5355923 0.7440126 -0.3214036 0.5857858 0.7767718 -0.1684007 0.60685 0.6938728 -0.5046346 0.513697 0.7376761 -0.4535086 0.500164 0.7846787 -0.2880928 0.5488916 0.793788 -0.2007135 0.5741211 0.7853395 -0.08840757 0.6127203 0.8124272 -0.0878992 0.576399 0.761005 -0.08780491 0.6427767 0.7212304 -0.08781003 0.6871071 0.7239818 0 0.689819 0.8160634 1.90776e-7 0.5779625 0.8125641 -0.08779311 0.5762223 0.7610688 0.08781009 0.6427004 0.7213004 0.08779841 0.6870351 0.8126169 0.08778899 0.5761484 0.7170625 0.1912081 0.6702691 0.7610749 0.08782154 0.6426916 0.7212392 0.08779942 0.6870993 0.217499 0.9696089 0.1120399 0.1831894 0.9807467 0.0676583 0.3474388 0.9234528 0.1628537 0.7567594 0.3178026 0.5712414 0.8125621 0.08780062 0.5762239 0.7132159 0.5153346 0.4751353 0.7799677 0.311013 0.5430667 0.8057031 0.1611067 0.5699889 0.388579 0.8908354 0.2354121 0.2993057 0.935916 0.1856812 0.3943886 0.8694052 0.2976447 0.2522749 0.9525761 0.1701651 0.3589138 0.9048824 0.228842 0.6531861 0.6205437 0.4339051 0.4922064 0.8261791 0.2741553 0.6226375 0.679129 0.3887242 0.6878057 0.4996709 0.5265477 0.5473285 0.7600143 0.3504425 0.6501644 0.5781435 0.492987 0.5722977 0.7211728 0.3903655 0.6456777 0.572113 0.5057541 0.6933341 0.3602271 0.624119 0.6263418 0.5693189 0.5325148 0.5376734 0.7531839 0.3789744 0.52736 0.7363657 0.4238599 0.5217143 0.7745283 0.3576595 0.1732265 0.9826016 0.06698423 0.1148811 0.9928793 0.03151428 0.1653933 0.9834319 0.07420879 0.1589003 0.9862723 0.0449208 0.1831904 0.980746 0.06766557 0.1354693 0.9906177 0.01802277 0.1005315 0.9948866 -0.009704887 0.01677399 0.9926602 -0.119768 -0.03340572 0.993509 -0.1087387 0.06943255 0.9975818 -0.00309652 0.02361536 0.9986352 -0.04658651 -0.1244603 -0.9699323 -0.2091436 -0.0334255 -0.993506 -0.1087593 -0.05522155 -0.9922932 -0.1109269 -0.06144541 -0.9912699 -0.1166551 -0.142449 -0.9712167 -0.1909099 -0.2286401 -0.9187844 -0.321806 -0.2305165 -0.932926 -0.2766066 -0.3788335 -0.7960631 -0.4719837 -0.3657326 -0.824886 -0.4310483 -0.5157505 -0.6276993 -0.583091 -0.6351585 -0.07390701 -0.7688377 -0.5727208 -0.1159053 -0.8115153 -0.5624626 -0.07300287 -0.8235936 -0.5733751 -0.2332822 -0.7853792 -0.6169195 -0.4617085 -0.6373662 -0.4852269 -0.632192 -0.6040599 -0.70691 -0.07367813 -0.7034556 -0.5509856 -0.4133015 -0.7249805 -0.7097924 -0.2705072 -0.6504004 -0.7735242 -0.07120591 -0.6297541 -0.2097021 0.9300729 -0.3016445 -0.147581 0.9694986 -0.1956841 -0.06147128 0.9912809 -0.1165494 -0.05522596 0.9922935 -0.1109232 -0.03340041 0.9935098 -0.1087324 -0.3575514 0.8172144 -0.4520151 -0.2411143 0.9269129 -0.2875701 -0.3313819 0.8598315 -0.3884276 -0.4894978 0.664579 -0.5645589 -0.4121469 0.7659919 -0.4933473 -0.6351624 0.07390278 -0.7688349 -0.5693823 0.09260177 -0.8168407 -0.5744938 0.2079038 -0.7916647 -0.5624637 0.07300204 -0.823593 -0.5896971 0.5103715 -0.6259219 -0.479328 0.6457154 -0.5943873 -0.666324 0.3651995 -0.6501091 -0.5297616 0.5037101 -0.68237 -0.7068994 0.07382041 -0.7034515 -0.5619376 0.3487072 -0.7500863 -0.7348996 0.2105914 -0.6446502 -0.7666254 0.1202993 -0.6307247 -0.7735304 0.07110977 -0.6297572 -0.7068901 0.07440483 -0.7033992 -0.7068849 -0.07441014 -0.7034038 -0.6351348 -0.07430726 -0.7688188 -0.5592769 -4.33298e-7 -0.8289809 -0.5624342 -0.07310032 -0.8236044 -0.6351308 0.07427901 -0.7688248 -0.5623679 0.07309514 -0.8236503 -0.7588346 -0.03641927 -0.6502644 -0.7735419 -0.07111465 -0.6297426 -0.7741227 0 -0.6330356 -0.7588352 0.03640341 -0.6502645 -0.7735419 0.07111459 -0.6297427 0.1731967 -0.9826084 0.06696176 0.1343266 -0.98986 0.04619216 0.1053526 -0.9941278 0.02471417 0.1653821 -0.9834355 0.07418465 0.1589009 -0.9862717 0.04493045 0.05619186 -0.9983105 -0.01479035 -0.03342914 -0.9935065 -0.1087541 0.0167877 -0.9926592 -0.1197742 0.1354669 -0.9906178 0.01803243 0.1831908 -0.980746 0.0676648 0.8056172 0.1610945 0.5701136 0.7691211 0.08878314 0.6329062 0.8125668 0.08779579 0.576218 0.7400519 0.3015121 0.6011769 0.7796906 0.3110932 0.5434185 0.6747628 0.4998009 0.5430418 0.712989 0.5154051 0.4753991 0.5616078 0.6950868 0.4488332 0.6225726 0.6791031 0.3888733 0.1732066 0.9826062 0.06696659 0.1653832 0.9834343 0.07419991 0.2515779 0.9535735 0.1655487 0.2654595 0.9468876 0.1814807 0.3609988 0.8904119 0.2772122 0.2204719 0.9676252 0.1228564 0.3474051 0.9234646 0.1628584 0.1831942 0.9807459 0.06765699 0.3242807 0.9131643 0.246927 0.4921297 0.8262069 0.274209 0.4622966 0.8075124 0.3663409 0.1135318 0.9928874 0.03584909 0.1509904 0.9843416 0.09095972 0.1654024 0.98343 0.0742135 0.1160672 0.9927653 0.03075045 0.05607229 0.9983851 -0.009122371 0.06996691 0.9975438 -0.003342747 0.02394586 0.9986234 -0.04666948 0.0104447 0.9987209 -0.04947239 -0.0333988 0.9935107 -0.1087251 -0.05468457 0.9923935 -0.1102941 0.1226648 -0.9913797 0.04603928 0.1653848 -0.9834339 0.07420152 0.1508984 -0.9843532 0.09098672 0.1352723 -0.9897651 0.04545903 0.1064953 -0.9940214 0.02408683 0.08688229 -0.9961177 0.01418244 0.0566703 -0.9982804 -0.01499992 0.0336799 -0.9990349 -0.02819561 -0.03342694 -0.9935061 -0.1087585 -0.05469691 -0.9923906 -0.1103146 -0.9703603 0 -0.2416627 -0.9703604 0 -0.2416627 -0.9986884 0 -0.0512005 -0.9986884 0 -0.0512005 -0.7628131 0 0.6466191 -0.762813 0 0.6466193</float_array>
          <technique_common>
            <accessor source="#¾µв1_4_1-mesh-normals-array" count="1387" stride="3">
              <param name="X" type="float"/>
              <param name="Y" type="float"/>
              <param name="Z" type="float"/>
            </accessor>
          </technique_common>
        </source>
        <vertices id="¾µв1_4_1-mesh-vertices">
          <input semantic="POSITION" source="#¾µв1_4_1-mesh-positions"/>
        </vertices>
        <triangles material="metal-material" count="391">
          <input semantic="VERTEX" source="#¾µв1_4_1-mesh-vertices" offset="0"/>
          <input semantic="NORMAL" source="#¾µв1_4_1-mesh-normals" offset="1"/>
          <p>6 0 0 1 1 2 6 0 1 2 2 3 6 0 7 4 0 1 5 5 2 3 3 6 5 5 6 0 2 3 4 7 5 5 3 6 11 8 23 9 10 10 11 8 24 11 23 9 12 12 25 13 24 11 12 12 24 11 11 8 13 14 26 15 25 13 13 14 25 13 12 12 14 16 27 17 26 15 14 16 26 15 13 14 15 18 28 19 27 17 15 18 27 17 14 16 16 20 29 21 28 19 16 20 28 19 15 18 17 22 30 23 29 21 17 22 29 21 16 20 18 24 31 25 30 23 18 24 30 23 17 22 19 26 32 26 31 25 19 26 31 25 18 24 20 27 33 28 32 26 20 27 32 26 19 26 21 29 34 30 33 28 21 29 33 28 20 27 22 31 35 32 34 30 22 31 34 30 21 29 9 33 8 34 35 32 9 33 35 32 22 31 49 35 51 36 50 37 49 35 63 35 51 36 48 38 62 39 63 35 48 38 63 35 49 35 47 40 61 41 62 39 47 40 62 39 48 38 46 42 60 43 61 41 46 42 61 41 47 40 45 44 59 45 60 43 45 44 60 43 46 42 44 46 57 47 58 23 44 46 58 23 59 45 44 46 59 45 45 44 43 48 57 47 44 46 42 49 56 50 57 47 42 49 57 47 43 48 41 51 55 52 56 50 41 51 56 50 42 49 40 53 54 54 55 52 40 53 55 52 41 51 39 55 53 56 54 54 39 55 54 54 40 53 38 57 36 58 52 8 38 57 52 8 53 56 38 57 53 56 39 55 37 59 36 58 38 57 103 60 64 60 73 60 104 61 103 61 73 61 102 62 65 62 64 62 102 63 64 63 103 63 105 64 104 64 73 64 101 65 66 65 65 65 101 66 65 66 102 66 106 67 105 67 73 67 100 68 67 68 66 68 100 69 66 69 101 69 107 70 106 70 73 70 99 71 68 71 67 71 99 72 67 72 100 72 98 72 68 72 99 72 97 73 68 73 98 73 69 74 68 74 97 74 96 75 69 75 97 75 74 76 108 76 107 76 74 77 109 77 108 77 74 78 110 78 109 78 74 79 111 79 110 79 74 80 107 80 73 80 70 81 96 81 95 81 70 82 69 82 96 82 75 83 112 83 111 83 75 84 87 84 112 84 75 85 111 85 74 85 71 86 70 86 95 86 71 87 94 87 93 87 71 88 95 88 94 88 76 89 87 89 75 89 76 90 88 90 87 90 72 91 71 91 93 91 72 92 93 92 92 92 85 93 91 93 90 93 85 94 92 94 91 94 85 95 72 95 92 95 86 96 85 96 90 96 86 97 90 97 89 97 82 98 86 98 89 98 82 99 76 99 77 99 82 100 89 100 88 100 82 101 88 101 76 101 81 102 80 102 77 102 79 103 77 103 80 103 78 104 81 104 77 104 83 105 82 105 77 105 84 106 77 106 79 106 84 107 83 107 77 107 120 108 118 108 117 108 120 109 119 109 118 109 120 110 113 110 119 110 114 111 113 111 120 111 115 112 114 112 120 112 116 113 120 113 121 113 116 114 115 114 120 114 147 115 148 115 123 115 149 116 122 116 123 116 149 115 123 115 148 115 146 117 147 117 123 117 150 118 122 118 149 118 145 119 146 119 123 119 151 120 121 120 122 120 151 121 122 121 150 121 152 122 116 122 121 122 152 123 121 123 151 123 153 124 116 124 152 124 136 125 116 125 153 125 154 126 136 126 153 126 124 127 142 127 143 127 124 128 143 128 144 128 124 129 144 129 145 129 124 130 145 130 123 130 141 131 142 131 124 131 125 132 141 132 124 132 128 133 141 133 125 133 128 134 140 134 141 134 137 135 154 135 155 135 137 136 155 136 156 136 137 137 136 137 154 137 127 138 140 138 128 138 127 139 139 139 140 139 126 140 139 140 127 140 126 141 138 141 139 141 129 142 137 142 156 142 129 143 156 143 157 143 135 144 138 144 126 144 135 145 163 145 138 145 130 146 129 146 157 146 130 147 157 147 158 147 134 148 163 148 135 148 134 149 162 149 163 149 131 150 130 150 158 150 131 151 158 151 159 151 133 152 161 152 162 152 133 115 162 115 134 115 132 153 161 153 133 153 132 154 159 154 160 154 132 155 131 155 159 155 132 156 160 156 161 156 176 157 178 158 177 159 176 157 191 157 178 158 175 160 190 161 191 157 175 160 191 157 176 157 174 162 189 163 190 161 174 162 190 161 175 160 173 164 188 165 189 163 173 164 189 163 174 162 172 166 187 167 188 165 172 166 188 165 173 164 171 168 185 169 186 170 171 168 186 170 187 167 171 168 187 167 172 166 170 171 185 169 171 168 169 172 184 173 185 169 169 172 185 169 170 171 168 174 183 175 184 173 168 174 184 173 169 172 167 176 182 176 183 175 167 176 183 175 168 174 166 177 180 178 181 179 166 177 181 179 182 176 166 177 182 176 167 176 165 180 180 178 166 177 164 181 179 182 180 178 164 181 180 178 165 180 193 183 206 184 192 185 193 183 207 186 206 184 194 187 208 188 207 186 194 187 207 186 193 183 195 189 209 190 208 188 195 189 208 188 194 187 196 191 210 192 209 190 196 191 209 190 195 189 197 193 211 194 210 192 197 193 210 192 196 191 198 195 212 196 211 194 198 195 211 194 197 193 199 197 213 198 212 196 199 197 212 196 198 195 200 199 214 200 213 198 200 199 213 198 199 197 201 201 215 202 214 200 201 201 214 200 200 199 202 203 216 204 215 202 202 203 215 202 201 201 203 205 217 206 216 204 203 205 216 204 202 203 204 207 218 208 217 206 204 207 217 206 203 205 205 209 219 210 218 208 205 209 218 208 204 207 254 211 232 211 231 211 255 212 232 212 254 212 253 213 231 213 230 213 253 214 254 214 231 214 256 215 233 215 232 215 256 216 234 216 233 216 256 217 232 217 255 217 252 218 230 218 229 218 252 219 253 219 230 219 257 220 235 220 234 220 257 221 236 221 235 221 257 222 234 222 256 222 251 223 229 223 228 223 251 224 252 224 229 224 258 225 237 225 236 225 258 115 236 115 257 115 276 226 228 226 227 226 276 227 251 227 228 227 259 228 238 228 237 228 259 115 237 115 258 115 275 115 276 115 227 115 260 229 238 229 259 229 239 230 238 230 260 230 274 115 275 115 227 115 261 231 239 231 260 231 226 115 274 115 227 115 273 232 274 232 226 232 240 233 239 233 261 233 240 234 261 234 262 234 225 235 273 235 226 235 225 236 272 236 273 236 241 115 240 115 262 115 241 237 262 237 263 237 242 115 241 115 263 115 242 238 263 238 264 238 224 239 272 239 225 239 224 240 270 240 271 240 224 241 271 241 272 241 243 115 242 115 264 115 243 242 264 242 265 242 223 243 270 243 224 243 223 244 269 244 270 244 222 245 267 245 268 245 222 246 268 246 269 246 222 247 269 247 223 247 221 248 267 248 222 248 221 249 266 249 267 249 220 250 244 250 243 250 220 251 265 251 266 251 220 252 243 252 265 252 220 253 266 253 221 253 246 254 244 254 247 254 248 255 247 255 244 255 245 256 244 256 246 256 250 257 244 257 220 257 249 258 248 258 244 258 249 259 244 259 250 259 294 260 291 260 290 260 294 261 292 261 291 261 294 262 293 262 292 262 289 263 294 263 290 263 288 264 294 264 289 264 287 265 295 265 294 265 287 266 294 266 288 266 332 267 298 267 297 267 331 268 299 268 298 268 331 269 298 269 332 269 333 270 297 270 296 270 333 271 332 271 297 271 330 272 299 272 331 272 334 273 333 273 296 273 329 274 300 274 299 274 329 275 299 275 330 275 309 276 296 276 295 276 309 277 334 277 296 277 328 278 300 278 329 278 328 279 301 279 300 279 328 280 302 280 301 280 310 281 309 281 295 281 310 282 295 282 287 282 327 283 302 283 328 283 327 284 303 284 302 284 311 285 310 285 287 285 326 286 303 286 327 286 326 287 304 287 303 287 286 288 311 288 287 288 312 289 311 289 286 289 305 290 304 290 326 290 325 291 305 291 326 291 306 292 305 292 325 292 307 293 306 293 325 293 307 294 325 294 324 294 285 295 312 295 286 295 285 296 313 296 312 296 285 297 314 297 313 297 308 298 307 298 324 298 308 299 324 299 323 299 277 300 323 300 322 300 277 301 308 301 323 301 284 302 315 302 314 302 284 303 314 303 285 303 278 304 322 304 321 304 278 305 277 305 322 305 283 306 316 306 315 306 283 307 315 307 284 307 279 308 321 308 320 308 279 309 278 309 321 309 282 310 317 310 316 310 282 311 316 311 283 311 280 312 320 312 319 312 280 313 279 313 320 313 281 314 318 314 317 314 281 315 319 315 318 315 281 316 280 316 319 316 281 317 317 317 282 317 335 318 339 319 336 320 341 321 338 322 339 319 341 321 339 319 335 318 342 323 338 322 341 321 340 324 337 325 338 322 340 324 338 322 342 323 343 326 347 327 344 328 349 329 346 330 347 327 349 329 347 327 343 326 350 331 345 332 346 330 350 331 346 330 349 329 348 333 345 332 350 331 359 334 360 335 361 336 359 334 361 336 362 334 358 337 362 334 363 338 358 337 359 334 362 334 357 339 363 338 364 340 357 339 358 337 363 338 356 341 364 340 365 342 356 341 357 339 364 340 355 343 365 342 366 344 355 343 356 341 365 342 354 345 366 344 367 346 354 345 355 343 366 344 353 347 367 346 368 348 353 347 354 345 367 346 352 349 368 348 351 350 352 349 353 347 368 348 370 351 369 352 371 353 384 353 371 353 372 354 384 353 370 351 371 353 383 354 372 354 373 355 383 354 384 353 372 354 382 356 373 355 374 357 382 356 383 354 373 355 381 358 374 357 375 359 381 358 382 356 374 357 380 360 375 359 376 361 380 360 381 358 375 359 379 362 376 361 377 363 379 362 380 360 376 361 378 364 379 362 377 363 392 365 385 366 386 367 391 368 386 367 387 369 391 368 392 365 386 367 390 370 387 369 388 371 390 370 391 368 387 369 389 372 390 370 388 371 395 373 396 374 397 375 395 373 397 375 398 369 394 376 398 369 399 377 394 376 395 373 398 369 393 378 399 377 400 379 393 378 394 376 399 377 403 380 404 381 405 382 403 380 405 382 406 383 402 384 406 383 407 385 402 384 403 380 406 383 401 386 407 385 408 387 401 386 402 384 407 385 411 388 412 389 413 390 411 388 413 390 414 391 410 392 414 391 415 393 410 392 411 388 414 391 409 394 415 393 416 395 409 394 410 392 415 393</p>
        </triangles>
        <triangles material="black_plastic-material" count="1137">
          <input semantic="VERTEX" source="#¾µв1_4_1-mesh-vertices" offset="0"/>
          <input semantic="NORMAL" source="#¾µв1_4_1-mesh-normals" offset="1"/>
          <p>424 396 425 397 426 398 423 399 426 398 427 400 423 399 427 400 428 401 423 399 424 396 426 398 422 402 428 401 429 403 422 402 429 403 430 404 422 402 423 399 428 401 421 405 430 404 431 406 421 405 431 406 432 407 421 405 422 402 430 404 433 408 421 405 432 407 420 409 421 405 433 408 436 410 418 411 419 412 436 410 419 412 435 413 417 414 418 411 436 410 452 415 417 414 436 410 437 416 452 415 436 410 444 417 445 418 446 419 444 417 446 419 447 420 438 421 451 422 437 416 443 423 444 417 447 420 439 424 450 425 451 422 439 424 451 422 438 421 442 426 447 420 448 427 442 426 443 423 447 420 440 428 450 425 439 424 440 428 449 429 450 425 441 430 442 426 448 427 441 430 449 429 440 428 441 430 448 427 449 429 419 412 420 409 434 431 419 412 434 431 435 413 433 408 434 431 420 409 451 422 452 415 437 416 461 432 462 433 463 434 461 432 463 434 464 435 460 436 464 435 465 437 460 436 461 432 464 435 459 438 460 436 465 437 458 439 465 437 466 440 458 439 459 438 465 437 457 441 466 440 467 442 457 441 458 439 466 440 456 443 457 441 467 442 455 444 467 442 453 445 455 444 456 443 467 442 454 446 455 444 453 445 474 447 469 448 479 449 474 447 479 449 475 450 471 451 470 452 468 453 473 454 468 453 469 448 473 454 469 448 474 447 473 454 471 451 468 453 472 455 471 451 473 454 480 456 478 457 477 458 480 456 479 449 478 457 481 459 476 460 475 450 481 459 477 458 476 460 481 459 480 456 477 458 481 459 475 450 479 449 481 459 479 449 480 456 494 461 498 462 495 463 497 464 498 462 494 461 506 465 482 466 484 467 506 465 492 468 491 469 506 465 493 470 492 468 506 465 484 467 493 470 507 471 482 466 506 465 508 472 483 473 482 466 508 472 504 474 505 475 508 472 505 475 483 473 508 472 482 466 507 471 509 476 508 472 507 471 510 477 502 478 503 479 510 477 503 479 504 474 510 477 508 472 509 476 510 477 504 474 508 472 511 480 491 469 490 481 511 480 507 471 506 465 511 480 506 465 491 469 512 482 489 483 488 484 512 482 490 481 489 483 512 482 511 480 490 481 513 485 511 480 512 482 514 486 511 480 513 485 514 486 507 471 511 480 515 487 499 488 500 489 515 487 500 489 501 490 515 487 501 490 502 478 515 487 514 486 499 488 515 487 502 478 510 477 515 487 510 477 509 476 515 487 509 476 507 471 515 487 507 471 514 486 516 491 487 492 486 493 516 491 488 484 487 492 516 491 513 485 512 482 516 491 512 482 488 484 516 491 514 486 513 485 517 494 486 493 485 495 517 494 516 491 486 493 517 494 514 486 516 491 518 496 496 497 495 463 518 496 485 495 496 497 518 496 498 462 499 488 518 496 499 488 514 486 518 496 517 494 485 495 518 496 495 463 498 462 518 496 514 486 517 494 522 498 554 499 553 500 555 501 554 499 522 498 546 502 555 501 522 498 521 503 551 504 550 505 521 503 552 506 551 504 521 503 553 500 552 506 521 503 522 498 553 500 545 507 546 502 523 508 520 509 549 510 548 511 520 509 550 505 549 510 520 509 521 503 550 505 526 512 545 507 523 508 519 513 548 511 547 514 519 513 520 509 548 511 544 515 545 507 528 516 529 517 545 507 526 512 529 517 528 516 545 507 531 518 542 519 543 520 531 518 543 520 544 515 541 521 542 519 531 518 530 522 526 512 525 523 530 522 529 517 526 512 532 524 541 521 531 518 540 525 541 521 532 524 527 526 525 523 524 527 527 526 530 522 525 523 539 528 540 525 532 524 538 529 539 528 532 524 538 529 532 524 533 530 537 531 538 529 533 530 536 532 537 531 533 530 536 532 533 530 534 533 535 534 536 532 534 533 522 498 523 508 546 502 528 516 531 518 544 515 566 535 569 536 564 537 565 538 566 535 564 537 579 539 575 540 576 541 579 539 576 541 577 542 579 539 577 542 578 543 579 539 578 543 556 544 580 545 556 544 557 546 580 545 579 539 556 544 581 547 557 546 558 548 581 547 558 548 559 549 581 547 559 549 560 550 581 547 580 545 557 546 582 551 574 552 575 540 582 551 579 539 580 545 582 551 575 540 579 539 583 553 572 554 573 555 583 553 573 555 574 552 583 553 574 552 582 551 584 556 583 553 582 551 585 557 560 550 561 558 585 557 581 547 560 550 585 557 580 545 581 547 586 559 582 551 580 545 586 559 580 545 585 557 586 559 584 556 582 551 587 560 561 558 562 561 587 560 562 561 563 562 587 560 586 559 585 557 587 560 563 562 586 559 587 560 585 557 561 558 588 563 567 564 570 565 588 563 570 565 571 566 588 563 571 566 572 554 588 563 584 556 586 559 588 563 583 553 584 556 588 563 572 554 583 553 589 567 563 562 564 537 589 567 568 568 567 564 589 567 569 536 568 568 589 567 586 559 563 562 589 567 588 563 586 559 589 567 564 537 569 536 589 567 567 564 588 563 596 569 597 570 598 571 596 569 598 571 599 572 595 573 599 572 600 574 595 573 596 569 599 572 594 575 600 574 601 576 594 575 595 573 600 574 593 577 601 576 602 578 593 577 594 575 601 576 592 579 602 578 603 580 592 579 593 577 602 578 591 581 603 580 604 582 591 581 604 582 605 583 591 581 592 579 603 580 590 584 605 583 606 585 590 584 591 581 605 583 629 586 607 587 608 588 627 589 635 590 634 591 627 589 628 592 635 590 636 593 608 588 609 594 636 593 609 594 610 595 636 593 630 596 629 586 636 593 631 597 630 596 636 593 629 586 608 588 637 598 610 595 611 599 637 598 636 593 610 595 638 600 632 601 631 597 638 600 636 593 637 598 638 600 631 597 636 593 639 602 638 600 637 598 640 603 611 599 612 604 640 603 637 598 611 599 641 605 639 602 637 598 641 605 637 598 640 603 642 606 641 605 640 603 643 607 612 604 613 608 643 607 613 608 614 609 643 607 640 603 612 604 644 610 642 606 640 603 645 611 624 612 625 613 645 611 639 602 641 605 645 611 642 606 644 610 645 611 641 605 642 606 646 614 640 603 643 607 647 615 644 610 640 603 647 615 640 603 646 614 648 616 614 609 615 617 648 616 615 617 616 618 648 616 643 607 614 609 648 616 646 614 643 607 649 619 646 614 648 616 650 620 623 621 624 612 650 620 645 611 644 610 650 620 644 610 647 615 650 620 624 612 645 611 651 622 647 615 646 614 651 622 646 614 649 619 651 622 650 620 647 615 652 623 651 622 649 619 652 623 616 618 617 624 652 623 617 624 618 625 652 623 648 616 616 618 652 623 618 625 651 622 652 623 649 619 648 616 653 626 618 625 619 627 653 626 619 627 620 628 653 626 650 620 651 622 653 626 651 622 618 625 654 629 650 620 653 626 654 629 620 628 621 630 654 629 621 630 622 631 654 629 622 631 623 621 654 629 623 621 650 620 654 629 653 626 620 628 655 632 625 613 626 633 655 632 626 633 627 589 655 632 633 634 632 601 655 632 634 591 633 634 655 632 627 589 634 591 655 632 632 601 638 600 655 632 645 611 625 613 655 632 639 602 645 611 655 632 638 600 639 602 675 635 656 636 657 637 667 638 666 639 674 640 663 641 661 642 662 643 673 644 672 645 664 646 665 647 673 644 664 646 676 648 657 637 658 649 676 648 674 640 675 635 676 648 675 635 657 637 677 650 668 651 667 638 677 650 674 640 676 648 677 650 667 638 674 640 678 652 658 649 659 653 678 652 669 654 668 651 678 652 676 648 658 649 678 652 668 651 677 650 678 652 677 650 676 648 679 655 659 653 660 656 679 655 670 657 669 654 679 655 669 654 678 652 679 655 678 652 659 653 680 658 671 659 670 657 680 658 679 655 660 656 680 658 670 657 679 655 681 660 660 656 661 642 681 660 663 641 664 646 681 660 672 645 671 659 681 660 671 659 680 658 681 660 680 658 660 656 681 660 661 642 663 641 681 660 664 646 672 645 691 661 701 662 690 663 682 664 683 665 697 666 709 667 698 668 699 669 709 667 706 670 707 671 709 667 707 671 708 672 709 667 708 672 698 668 710 673 705 674 706 670 710 673 706 670 709 667 711 675 703 676 704 677 711 675 704 677 705 674 711 675 705 674 710 673 712 678 711 675 710 673 713 679 699 669 700 680 713 679 712 678 710 673 713 679 710 673 709 667 713 679 709 667 699 669 714 681 688 682 689 683 714 681 689 683 702 684 714 681 702 684 703 676 715 685 703 676 711 675 715 685 714 681 703 676 716 686 712 678 713 679 717 687 686 688 687 689 717 687 687 689 688 682 717 687 714 681 715 685 717 687 688 682 714 681 718 690 685 691 686 688 718 690 711 675 712 678 718 690 717 687 715 685 718 690 686 688 717 687 718 690 712 678 716 686 718 690 715 685 711 675 719 692 718 690 716 686 719 692 716 686 713 679 720 693 691 661 692 694 720 693 692 694 693 695 720 693 693 695 694 696 720 693 700 680 701 662 720 693 713 679 700 680 720 693 701 662 691 661 721 697 719 692 713 679 721 697 720 693 694 696 721 697 713 679 720 693 722 698 684 699 685 691 722 698 685 691 718 690 722 698 718 690 719 692 722 698 719 692 721 697 723 700 683 665 684 699 723 700 694 696 695 701 723 700 695 701 696 702 723 700 696 702 697 666 723 700 721 697 694 696 723 700 697 666 683 665 723 700 684 699 722 698 723 700 722 698 721 697 752 703 743 704 744 705 736 706 749 707 735 708 724 709 725 710 750 711 726 712 724 709 750 711 734 713 726 712 750 711 727 714 728 715 742 716 753 717 751 718 752 703 753 717 752 703 744 705 754 719 744 705 745 720 754 719 745 720 746 721 754 719 751 718 753 717 754 719 753 717 744 705 755 722 754 719 746 721 756 723 746 721 747 724 756 723 747 724 748 725 756 723 755 722 746 721 757 726 755 722 756 723 758 727 748 725 749 707 758 727 757 726 756 723 758 727 749 707 736 706 758 727 756 723 748 725 759 728 754 719 755 722 760 729 750 711 751 718 760 729 754 719 759 728 760 729 751 718 754 719 761 730 760 729 759 728 762 731 736 706 737 732 762 731 737 732 738 733 762 731 757 726 758 727 762 731 758 727 736 706 763 734 738 733 739 735 763 734 759 728 755 722 763 734 762 731 738 733 763 734 755 722 757 726 763 734 757 726 762 731 763 734 761 730 759 728 764 736 760 729 761 730 765 737 760 729 764 736 766 738 739 735 740 739 766 738 763 734 739 735 766 738 761 730 763 734 766 738 764 736 761 730 766 738 765 737 764 736 767 740 729 741 730 742 767 740 765 737 766 738 768 743 728 715 729 741 768 743 740 739 741 744 768 743 741 744 742 716 768 743 729 741 767 740 768 743 766 738 740 739 768 743 742 716 728 715 768 743 767 740 766 738 769 745 730 742 731 746 769 745 731 746 732 747 769 745 732 747 733 748 769 745 733 748 734 713 769 745 767 740 730 742 769 745 734 713 750 711 769 745 750 711 760 729 769 745 760 729 765 737 769 745 765 737 767 740 775 749 770 750 771 751 776 752 775 749 771 751 777 753 771 751 772 754 777 753 776 752 771 751 774 755 772 754 773 756 774 755 777 753 772 754 779 757 792 758 778 759 788 760 780 761 781 762 787 763 780 761 788 760 790 764 789 765 796 766 782 767 791 768 783 769 797 770 779 757 780 761 797 770 793 771 792 758 797 770 792 758 779 757 798 772 787 763 786 773 798 772 780 761 787 763 798 772 797 770 780 761 799 774 785 775 784 776 800 777 796 766 795 778 800 777 790 764 796 766 800 777 799 774 784 776 801 779 784 776 783 769 801 779 791 768 790 764 801 779 790 764 800 777 801 779 800 777 784 776 801 779 783 769 791 768 802 780 794 781 793 771 802 780 795 778 794 781 802 780 799 774 800 777 802 780 800 777 795 778 803 782 786 773 785 775 803 782 785 775 799 774 803 782 797 770 798 772 803 782 798 772 786 773 804 783 799 774 802 780 804 783 793 771 797 770 804 783 803 782 799 774 804 783 797 770 803 782 804 783 802 780 793 771 819 784 812 785 811 786 819 784 820 787 812 785 818 788 811 786 810 789 818 788 819 784 811 786 817 790 810 789 809 791 817 790 818 788 810 789 816 792 809 791 808 793 816 792 817 790 809 791 815 794 808 793 807 795 815 794 816 792 808 793 814 796 807 795 806 797 814 796 815 794 807 795 813 798 806 797 805 799 813 798 814 796 806 797 839 800 825 801 826 802 839 800 826 802 827 803 839 800 827 803 828 804 839 800 828 804 829 805 840 806 839 800 829 805 841 807 829 805 830 808 841 807 840 806 829 805 842 809 837 810 836 811 842 809 838 812 837 810 842 809 830 808 838 812 842 809 841 807 830 808 843 813 822 814 823 815 843 813 823 815 824 816 843 813 824 816 825 801 844 817 825 801 839 800 844 817 839 800 840 806 844 817 843 813 825 801 845 818 821 819 822 814 845 818 844 817 840 806 845 818 843 813 844 817 845 818 822 814 843 813 846 820 835 821 834 822 846 820 836 811 835 821 847 823 842 809 836 811 847 823 841 807 842 809 847 823 840 806 841 807 847 823 845 818 840 806 847 823 848 824 845 818 847 823 836 811 846 820 847 823 846 820 848 824 849 825 832 826 831 827 849 825 833 828 832 826 849 825 834 822 833 828 849 825 831 827 821 819 849 825 846 820 834 822 849 825 821 819 845 818 849 825 845 818 848 824 849 825 848 824 846 820 868 829 869 830 877 831 856 832 870 833 857 834 878 835 866 836 867 837 878 835 867 837 868 829 878 835 877 831 876 838 878 835 868 829 877 831 879 839 874 840 873 841 879 839 875 842 874 840 879 839 876 838 875 842 879 839 878 835 876 838 880 843 879 839 873 841 881 844 865 845 866 836 881 844 878 835 879 839 881 844 866 836 878 835 881 844 879 839 880 843 882 846 881 844 880 843 883 847 881 844 882 846 884 848 864 849 865 845 885 850 881 844 883 847 886 851 865 845 881 844 886 851 884 848 865 845 887 852 886 851 881 844 887 852 881 844 885 850 888 853 854 854 853 855 888 853 885 850 883 847 888 853 883 847 882 846 889 856 859 857 858 858 889 856 858 858 864 849 889 856 864 849 884 848 889 856 884 848 886 851 890 859 853 855 852 860 890 859 887 852 885 850 890 859 888 853 853 855 890 859 885 850 888 853 891 861 889 856 886 851 892 862 886 851 887 852 892 862 887 852 890 859 892 862 891 861 886 851 893 863 860 864 859 857 893 863 861 865 860 864 893 863 859 857 889 856 893 863 892 862 861 865 893 863 889 856 891 861 893 863 891 861 892 862 894 866 862 867 861 865 894 866 863 868 862 867 894 866 861 865 892 862 894 866 892 862 890 859 895 869 851 870 850 871 895 869 863 868 894 866 895 869 894 866 890 859 895 869 852 860 851 870 895 869 850 871 863 868 895 869 890 859 852 860 896 872 855 873 854 854 896 872 856 832 855 873 896 872 871 874 870 833 896 872 872 875 871 874 896 872 873 841 872 875 896 872 854 854 888 853 896 872 870 833 856 832 896 872 882 846 880 843 896 872 888 853 882 846 896 872 880 843 873 841 898 876 905 877 897 878 903 879 904 880 905 877 900 881 903 879 901 882 906 883 898 876 899 884 906 883 902 885 901 882 906 883 899 884 902 885 906 883 905 877 898 876 906 883 903 879 905 877 906 883 901 882 903 879 927 886 907 887 908 888 927 886 926 889 907 887 928 890 908 888 909 891 928 890 927 886 908 888 929 892 927 886 928 890 930 893 927 886 929 892 930 893 926 889 927 886 931 894 919 895 918 896 931 894 920 897 919 895 931 894 921 898 920 897 931 894 918 896 926 889 931 894 926 889 930 893 932 899 912 900 913 901 932 899 913 901 914 902 932 899 914 902 915 903 932 899 915 903 917 904 933 905 932 899 917 904 934 906 917 904 916 907 934 906 924 908 923 909 934 906 925 910 924 908 934 906 916 907 925 910 934 906 933 905 917 904 935 911 909 891 910 912 935 911 910 912 911 913 935 911 911 913 912 900 935 911 912 900 932 899 935 911 928 890 909 891 936 914 929 892 928 890 936 914 928 890 935 911 936 914 930 893 929 892 937 915 935 911 932 899 937 915 932 899 933 905 937 915 936 914 935 911 938 916 930 893 936 914 938 916 937 915 933 905 938 916 936 914 937 915 939 917 922 918 921 898 939 917 923 909 922 918 939 917 931 894 930 893 939 917 934 906 923 909 939 917 921 898 931 894 939 917 930 893 938 916 939 917 933 905 934 906 939 917 938 916 933 905 943 919 951 920 944 921 959 922 942 923 941 924 959 922 958 925 942 923 960 926 956 927 957 928 960 926 957 928 958 925 960 926 958 925 959 922 961 929 960 926 959 922 962 930 961 929 959 922 962 930 959 922 941 924 963 931 941 924 940 932 963 931 948 933 947 934 963 931 949 935 948 933 963 931 940 932 949 935 963 931 962 930 941 924 964 936 951 920 950 937 964 936 950 937 952 938 964 936 952 938 953 939 964 936 953 939 954 940 965 941 945 942 944 921 965 941 951 920 964 936 965 941 944 921 951 920 966 943 954 940 955 944 966 943 955 944 956 927 966 943 956 927 960 926 966 943 964 936 954 940 967 945 960 926 961 929 967 945 961 929 962 930 967 945 966 943 960 926 968 946 964 936 966 943 968 946 965 941 964 936 968 946 966 943 967 945 969 947 968 946 967 945 969 947 967 945 962 930 969 947 965 941 968 946 970 948 946 949 945 942 970 948 947 934 946 949 970 948 945 942 965 941 970 948 963 931 947 934 970 948 962 930 963 931 970 948 965 941 969 947 970 948 969 947 962 930 990 950 971 951 972 952 990 950 988 953 989 954 990 950 989 954 971 951 991 955 986 956 987 957 991 955 987 957 988 953 991 955 988 953 990 950 992 958 991 955 990 950 993 959 990 950 972 952 993 959 992 958 990 950 994 960 985 961 986 956 994 960 986 956 991 955 994 960 992 958 993 959 994 960 991 955 992 958 995 962 972 952 973 963 995 962 973 963 981 964 995 962 993 959 972 952 996 965 993 959 995 962 997 966 994 960 993 959 998 967 994 960 997 966 999 968 983 969 982 970 999 968 982 970 984 971 999 968 984 971 985 961 999 968 985 961 994 960 1000 972 979 973 978 974 1000 972 980 975 979 973 1000 972 981 964 980 975 1000 972 996 965 995 962 1000 972 995 962 981 964 1001 976 994 960 998 967 1002 977 978 974 977 978 1002 977 998 967 997 966 1002 977 1001 976 998 967 1003 979 983 969 999 968 1003 979 999 968 994 960 1003 979 994 960 1001 976 1003 979 1001 976 1002 977 1004 980 975 981 974 982 1004 980 976 983 975 981 1004 980 977 978 976 983 1004 980 974 982 983 969 1004 980 983 969 1003 979 1004 980 1002 977 977 978 1004 980 1003 979 1002 977 1005 984 993 959 996 965 1005 984 997 966 993 959 1005 984 1000 972 978 974 1005 984 1002 977 997 966 1005 984 978 974 1002 977 1005 984 996 965 1000 972 1012 985 1010 986 1009 987 1013 988 1009 987 1008 989 1013 988 1012 985 1009 987 1014 990 1008 989 1007 991 1014 990 1013 988 1008 989 1015 992 1007 991 1006 993 1015 992 1014 990 1007 991 1011 994 1015 992 1006 993 1020 995 1017 996 1018 997 1019 998 1023 999 1020 995 1025 1000 1016 1001 1017 996 1025 1000 1024 1002 1016 1001 1025 1000 1017 996 1020 995 1026 1003 1022 1004 1021 1005 1026 1003 1023 999 1022 1004 1026 1003 1021 1005 1024 1002 1026 1003 1024 1002 1025 1000 1026 1003 1025 1000 1020 995 1026 1003 1020 995 1023 999 1046 1006 1028 1007 1029 1008 1046 1006 1029 1008 1030 1009 1047 1010 1027 1011 1028 1007 1047 1010 1045 1012 1027 1011 1047 1010 1028 1007 1046 1006 1048 1013 1045 1012 1047 1010 1049 1014 1030 1009 1031 1015 1049 1014 1047 1010 1046 1006 1049 1014 1046 1006 1030 1009 1049 1014 1048 1013 1047 1010 1050 1016 1038 1017 1037 1018 1050 1016 1037 1018 1045 1012 1050 1016 1045 1012 1048 1013 1051 1019 1048 1013 1049 1014 1052 1020 1031 1015 1032 1021 1052 1020 1032 1021 1033 1022 1052 1020 1049 1014 1031 1015 1053 1023 1039 1024 1038 1017 1053 1023 1040 1025 1039 1024 1053 1023 1038 1017 1050 1016 1053 1023 1051 1019 1040 1025 1053 1023 1048 1013 1051 1019 1053 1023 1050 1016 1048 1013 1054 1026 1041 1027 1040 1025 1054 1026 1040 1025 1051 1019 1054 1026 1051 1019 1049 1014 1055 1028 1033 1022 1034 1029 1055 1028 1034 1029 1036 1030 1055 1028 1052 1020 1033 1022 1055 1028 1049 1014 1052 1020 1056 1031 1041 1027 1054 1026 1056 1031 1054 1026 1049 1014 1057 1032 1055 1028 1036 1030 1057 1032 1049 1014 1055 1028 1057 1032 1056 1031 1049 1014 1058 1033 1042 1034 1041 1027 1058 1033 1043 1035 1042 1034 1058 1033 1041 1027 1056 1031 1058 1033 1056 1031 1057 1032 1059 1036 1036 1030 1035 1037 1059 1036 1044 1038 1043 1035 1059 1036 1035 1037 1044 1038 1059 1036 1043 1035 1058 1033 1059 1036 1057 1032 1036 1030 1059 1036 1058 1033 1057 1032 1071 1039 1070 1040 1077 1041 1068 1042 1066 1043 1067 1044 1078 1045 1060 1046 1061 1047 1078 1045 1077 1041 1060 1046 1079 1048 1061 1047 1062 1049 1079 1048 1062 1049 1063 1050 1079 1048 1063 1050 1064 1051 1079 1048 1078 1045 1061 1047 1080 1052 1072 1053 1071 1039 1080 1052 1073 1054 1072 1053 1080 1052 1078 1045 1079 1048 1080 1052 1071 1039 1077 1041 1080 1052 1077 1041 1078 1045 1081 1055 1065 1056 1066 1043 1081 1055 1066 1043 1068 1042 1082 1057 1075 1058 1074 1059 1082 1057 1076 1060 1075 1058 1083 1061 1081 1055 1068 1042 1083 1061 1082 1057 1081 1055 1083 1061 1076 1060 1082 1057 1084 1062 1068 1042 1069 1063 1084 1062 1069 1063 1076 1060 1084 1062 1076 1060 1083 1061 1084 1062 1083 1061 1068 1042 1085 1064 1064 1051 1065 1056 1085 1064 1074 1059 1073 1054 1085 1064 1082 1057 1074 1059 1085 1064 1079 1048 1064 1051 1085 1064 1065 1056 1081 1055 1085 1064 1081 1055 1082 1057 1085 1064 1073 1054 1080 1052 1085 1064 1080 1052 1079 1048 1087 1065 1107 1066 1086 1067 1093 1068 1091 1069 1092 1070 1094 1071 1089 1072 1090 1073 1094 1071 1090 1073 1091 1069 1094 1071 1091 1069 1093 1068 1095 1074 1087 1065 1088 1075 1095 1074 1088 1075 1089 1072 1095 1074 1089 1072 1094 1071 1105 1076 1106 1077 1107 1066 1105 1076 1107 1066 1087 1065 1096 1078 1087 1065 1095 1074 1096 1078 1105 1076 1087 1065 1104 1079 1105 1076 1096 1078 1103 1080 1104 1079 1096 1078 1102 1081 1103 1080 1096 1078 1101 1082 1102 1081 1096 1078 1100 1083 1096 1078 1097 1084 1100 1083 1101 1082 1096 1078 1099 1085 1097 1084 1098 1086 1099 1085 1100 1083 1097 1084 1123 1087 1117 1088 1116 1089 1123 1087 1116 1089 1118 1090 1123 1087 1118 1090 1119 1091 1124 1092 1117 1088 1123 1087 1125 1093 1110 1094 1117 1088 1125 1093 1117 1088 1124 1092 1126 1095 1111 1096 1110 1094 1126 1095 1112 1097 1111 1096 1126 1095 1110 1094 1125 1093 1127 1098 1120 1099 1121 1100 1127 1098 1121 1100 1122 1101 1127 1098 1122 1101 1109 1102 1128 1103 1113 1104 1112 1097 1128 1103 1114 1105 1113 1104 1129 1106 1124 1092 1127 1098 1129 1106 1127 1098 1130 1107 1129 1106 1130 1107 1128 1103 1129 1106 1128 1103 1112 1097 1129 1106 1126 1095 1125 1093 1129 1106 1112 1097 1126 1095 1129 1106 1125 1093 1124 1092 1131 1108 1109 1102 1108 1109 1131 1108 1115 1110 1114 1105 1131 1108 1108 1109 1115 1110 1131 1108 1130 1107 1127 1098 1131 1108 1128 1103 1130 1107 1131 1108 1114 1105 1128 1103 1131 1108 1127 1098 1109 1102 1132 1111 1119 1091 1120 1099 1132 1111 1127 1098 1124 1092 1132 1111 1124 1092 1123 1087 1132 1111 1123 1087 1119 1091 1132 1111 1120 1099 1127 1098 1139 1112 1138 1113 1140 1114 1141 1115 1133 1116 1134 1117 1141 1115 1140 1114 1133 1116 1141 1115 1139 1112 1140 1114 1142 1118 1134 1117 1135 1119 1142 1118 1135 1119 1137 1120 1142 1118 1139 1112 1141 1115 1142 1118 1141 1115 1134 1117 1143 1121 1137 1120 1136 1122 1143 1121 1136 1122 1139 1112 1143 1121 1142 1118 1137 1120 1143 1121 1139 1112 1142 1118 1152 1123 1144 1124 1145 1125 1152 1123 1155 1126 1144 1124 1151 1127 1156 1128 1155 1126 1151 1127 1155 1126 1152 1123 1150 1129 1157 1130 1156 1128 1150 1129 1156 1128 1151 1127 1149 1131 1158 1132 1157 1130 1149 1131 1157 1130 1150 1129 1148 1133 1159 1134 1158 1132 1148 1133 1158 1132 1149 1131 1154 1135 1161 1136 1160 1137 1154 1135 1153 1138 1161 1136 1147 1139 1160 1137 1159 1134 1147 1139 1154 1135 1160 1137 1147 1139 1159 1134 1148 1133 1146 1140 1154 1135 1147 1139 1162 1141 1171 1142 1170 1143 1163 1144 1162 1141 1170 1143 1194 1145 1169 1146 1168 1147 1194 1145 1170 1143 1169 1146 1194 1145 1163 1144 1170 1143 1167 1148 1194 1145 1168 1147 1166 1149 1194 1145 1167 1148 1165 1150 1194 1145 1166 1149 1164 1151 1194 1145 1165 1150 1188 1152 1187 1153 1186 1154 1189 1155 1188 1152 1186 1154 1190 1156 1189 1155 1186 1154 1191 1157 1190 1156 1186 1154 1192 1158 1191 1157 1186 1154 1193 1159 1192 1158 1186 1154 1185 1160 1193 1159 1186 1154 1183 1161 1172 1162 1173 1163 1183 1161 1184 1164 1172 1162 1182 1165 1173 1163 1174 1166 1182 1165 1183 1161 1173 1163 1181 1167 1174 1166 1175 1168 1181 1167 1182 1165 1174 1166 1179 1169 1175 1168 1176 1170 1179 1169 1176 1170 1177 1171 1179 1169 1181 1167 1175 1168 1180 1172 1181 1167 1179 1169 1178 1173 1180 1172 1179 1169 1195 1174 1164 1151 1172 1162 1195 1174 1184 1164 1185 1160 1195 1174 1186 1154 1194 1145 1195 1174 1194 1145 1164 1151 1195 1174 1172 1162 1184 1164 1195 1174 1185 1160 1186 1154 1200 1175 1197 1176 1198 1177 1204 1178 1196 1179 1197 1176 1204 1178 1203 1180 1196 1179 1204 1178 1197 1176 1200 1175 1205 1181 1202 1182 1201 1183 1205 1181 1201 1183 1203 1180 1205 1181 1204 1178 1200 1175 1205 1181 1203 1180 1204 1178 1206 1184 1200 1175 1199 1185 1206 1184 1199 1185 1202 1182 1206 1184 1205 1181 1200 1175 1206 1184 1202 1182 1205 1181 1217 1186 1214 1187 1213 1188 1218 1189 1213 1188 1212 1190 1218 1189 1217 1186 1213 1188 1219 1191 1212 1190 1211 1192 1219 1191 1218 1189 1212 1190 1220 1193 1211 1192 1210 1194 1220 1193 1219 1191 1211 1192 1221 1195 1210 1194 1209 1196 1221 1195 1220 1193 1210 1194 1222 1197 1209 1196 1208 1198 1222 1197 1221 1195 1209 1196 1216 1199 1208 1198 1207 1200 1216 1199 1222 1197 1208 1198 1223 1201 1222 1197 1216 1199 1215 1202 1223 1201 1216 1199 1233 1203 1225 1204 1224 1205 1242 1206 1226 1207 1225 1204 1242 1206 1241 1208 1240 1209 1242 1206 1225 1204 1233 1203 1243 1210 1233 1203 1234 1211 1243 1210 1234 1211 1241 1208 1243 1210 1241 1208 1242 1206 1243 1210 1242 1206 1233 1203 1244 1212 1239 1213 1238 1214 1244 1212 1240 1209 1239 1213 1244 1212 1242 1206 1240 1209 1245 1215 1227 1216 1226 1207 1245 1215 1228 1217 1227 1216 1245 1215 1226 1207 1242 1206 1245 1215 1242 1206 1244 1212 1246 1218 1229 1219 1228 1217 1246 1218 1230 1220 1229 1219 1246 1218 1231 1221 1230 1220 1246 1218 1228 1217 1245 1215 1247 1222 1237 1223 1236 1224 1247 1222 1238 1214 1237 1223 1247 1222 1244 1212 1238 1214 1247 1222 1246 1218 1245 1215 1247 1222 1245 1215 1244 1212 1248 1225 1232 1226 1231 1221 1248 1225 1236 1224 1235 1227 1248 1225 1235 1227 1232 1226 1248 1225 1231 1221 1246 1218 1248 1225 1247 1222 1236 1224 1248 1225 1246 1218 1247 1222 1256 1228 1254 1229 1255 1230 1250 1231 1251 1232 1256 1228 1253 1233 1255 1230 1252 1234 1253 1233 1256 1228 1255 1230 1253 1233 1250 1231 1256 1228 1249 1235 1250 1231 1253 1233 1265 1236 1258 1237 1257 1238 1267 1239 1266 1240 1268 1241 1274 1242 1259 1243 1258 1237 1274 1242 1271 1244 1272 1245 1274 1242 1272 1245 1273 1246 1274 1242 1273 1246 1259 1243 1275 1247 1267 1239 1268 1241 1276 1248 1261 1249 1260 1250 1276 1248 1260 1250 1267 1239 1276 1248 1267 1239 1275 1247 1276 1248 1277 1251 1261 1249 1276 1248 1275 1247 1277 1251 1278 1252 1269 1253 1270 1254 1278 1252 1270 1254 1271 1244 1278 1252 1271 1244 1274 1242 1279 1255 1274 1242 1258 1237 1279 1255 1278 1252 1274 1242 1280 1256 1268 1241 1269 1253 1280 1256 1275 1247 1268 1241 1280 1256 1269 1253 1278 1252 1280 1256 1278 1252 1279 1255 1281 1257 1279 1255 1258 1237 1282 1258 1275 1247 1280 1256 1282 1258 1280 1256 1279 1255 1282 1258 1279 1255 1281 1257 1283 1259 1264 1260 1263 1261 1283 1259 1265 1236 1264 1260 1283 1259 1258 1237 1265 1236 1283 1259 1281 1257 1258 1237 1284 1262 1262 1263 1261 1249 1284 1262 1263 1261 1262 1263 1284 1262 1261 1249 1277 1251 1284 1262 1283 1259 1263 1261 1285 1264 1275 1247 1282 1258 1285 1264 1277 1251 1275 1247 1285 1264 1282 1258 1281 1257 1285 1264 1281 1257 1283 1259 1285 1264 1284 1262 1277 1251 1285 1264 1283 1259 1284 1262 1287 1265 1292 1266 1286 1267 1295 1268 1287 1265 1288 1269 1295 1268 1288 1269 1290 1270 1296 1271 1290 1270 1289 1272 1296 1271 1289 1272 1291 1273 1296 1271 1293 1274 1292 1266 1296 1271 1294 1275 1293 1274 1296 1271 1291 1273 1294 1275 1296 1271 1295 1268 1290 1270 1296 1271 1292 1266 1287 1265 1296 1271 1287 1265 1295 1268 1303 1276 1304 1277 1305 1278 1303 1276 1305 1278 1306 1279 1303 1276 1306 1279 1314 1280 1302 1281 1314 1280 1313 1282 1302 1281 1303 1276 1314 1280 1301 1283 1313 1282 1312 1284 1301 1283 1302 1281 1313 1282 1300 1285 1301 1283 1312 1284 1316 1286 1308 1287 1307 1288 1316 1286 1309 1289 1308 1287 1299 1290 1312 1284 1311 1291 1299 1290 1300 1285 1312 1284 1315 1292 1310 1293 1309 1289 1315 1292 1309 1289 1316 1286 1298 1294 1311 1291 1310 1293 1298 1294 1310 1293 1315 1292 1298 1294 1299 1290 1311 1291 1297 1295 1298 1294 1315 1292 1333 1296 1322 1297 1321 1298 1333 1296 1321 1298 1331 1299 1333 1296 1331 1299 1332 1300 1334 1301 1323 1302 1322 1297 1334 1301 1324 1303 1323 1302 1334 1301 1322 1297 1333 1296 1335 1304 1325 1305 1324 1303 1335 1304 1324 1303 1334 1301 1318 1306 1330 1307 1329 1308 1318 1306 1317 1309 1330 1307 1336 1310 1326 1311 1325 1305 1336 1310 1325 1305 1335 1304 1337 1312 1327 1313 1326 1311 1337 1312 1326 1311 1336 1310 1319 1314 1328 1315 1327 1313 1319 1314 1329 1308 1328 1315 1319 1314 1318 1306 1329 1308 1319 1314 1327 1313 1337 1312 1338 1316 1319 1314 1337 1312 1339 1317 1319 1314 1338 1316 1320 1318 1319 1314 1339 1317 1347 1319 1341 1320 1342 1321 1345 1322 1342 1321 1343 1323 1346 1324 1347 1319 1342 1321 1346 1324 1342 1321 1345 1322 1344 1325 1346 1324 1345 1322 1350 1326 1340 1327 1341 1320 1350 1326 1349 1328 1340 1327 1351 1329 1347 1319 1348 1330 1351 1329 1348 1330 1349 1328 1351 1329 1349 1328 1350 1326 1351 1329 1350 1326 1341 1320 1351 1329 1341 1320 1347 1319 1360 1331 1355 1332 1354 1333 1360 1331 1356 1334 1355 1332 1361 1335 1353 1336 1352 1337 1361 1335 1354 1333 1353 1336 1361 1335 1352 1337 1357 1338 1361 1335 1359 1339 1358 1340 1361 1335 1357 1338 1359 1339 1361 1335 1358 1340 1360 1331 1361 1335 1360 1331 1354 1333 1370 1341 1363 1342 1362 1343 1370 1341 1373 1344 1363 1342 1369 1345 1374 1346 1373 1344 1369 1345 1373 1344 1370 1341 1368 1347 1375 1348 1374 1346 1368 1347 1374 1346 1369 1345 1367 1349 1375 1348 1368 1347 1372 1350 1371 1351 1378 1352 1379 1353 1378 1352 1377 1354 1379 1353 1372 1350 1378 1352 1380 1355 1365 1356 1364 1357 1380 1355 1364 1357 1372 1350 1380 1355 1372 1350 1379 1353 1381 1358 1366 1359 1365 1356 1381 1358 1367 1349 1366 1359 1381 1358 1376 1360 1375 1348 1381 1358 1377 1354 1376 1360 1381 1358 1365 1356 1380 1355 1381 1358 1380 1355 1379 1353 1381 1358 1375 1348 1367 1349 1381 1358 1379 1353 1377 1354 1385 1361 1384 1362 1388 1363 1389 1364 1385 1361 1388 1363 1386 1365 1385 1361 1389 1364 1390 1366 1386 1365 1389 1364 1391 1367 1387 1368 1386 1365 1391 1367 1386 1365 1390 1366 1382 1369 1383 1370 1387 1368 1382 1369 1387 1368 1391 1367 1401 1371 1397 1372 1398 1373 1396 1374 1397 1372 1401 1371 1395 1375 1401 1371 1400 1376 1395 1375 1396 1374 1401 1371 1394 1377 1400 1376 1399 1378 1394 1377 1395 1375 1400 1376 1392 1379 1399 1378 1393 1380 1392 1379 1394 1377 1399 1378 1402 1381 1403 1382 1404 1383 1405 1384 1402 1381 1404 1383 1409 1385 1406 1385 1407 1385 1409 1386 1407 1386 1408 1386</p>
        </triangles>
      </mesh>
    </geometry>
  </library_geometries>
  <library_visual_scenes>
    <visual_scene id="Scene" name="Scene">
      <node id="left_thumb_distal" name="left_thumb_distal" type="NODE">
        <matrix sid="transform">1 0 0 0 0 1 0 0 0 0 1 0 0 0 0 1</matrix>
        <instance_geometry url="#¾µв1_4_1-mesh" name="left_thumb_distal">
          <bind_material>
            <technique_common>
              <instance_material symbol="metal-material" target="#metal-material"/>
              <instance_material symbol="black_plastic-material" target="#black_plastic-material"/>
            </technique_common>
          </bind_material>
        </instance_geometry>
      </node>
    </visual_scene>
  </library_visual_scenes>
  <scene>
    <instance_visual_scene url="#Scene"/>
  </scene>
</COLLADA>