<?xml version="1.0" encoding="utf-8"?>
<COLLADA xmlns="http://www.collada.org/2005/11/COLLADASchema" version="1.4.1" xmlns:xsi="http://www.w3.org/2001/XMLSchema-instance">
  <asset>
    <contributor>
      <author>Blender User</author>
      <authoring_tool>Blender 3.0.1</authoring_tool>
    </contributor>
    <created>2025-08-11T13:02:20</created>
    <modified>2025-08-11T13:02:20</modified>
    <unit name="meter" meter="1"/>
    <up_axis>Z_UP</up_axis>
  </asset>
  <library_effects>
    <effect id="metal-effect">
      <profile_COMMON>
        <technique sid="common">
          <lambert>
            <emission>
              <color sid="emission">0 0 0 1</color>
            </emission>
            <diffuse>
              <color sid="diffuse">0.7 0.7 0.7 1</color>
            </diffuse>
            <reflectivity>
              <float sid="specular">0.8</float>
            </reflectivity>
            <index_of_refraction>
              <float sid="ior">1.45</float>
            </index_of_refraction>
          </lambert>
        </technique>
      </profile_COMMON>
    </effect>
    <effect id="white_plastic-effect">
      <profile_COMMON>
        <technique sid="common">
          <lambert>
            <emission>
              <color sid="emission">0 0 0 1</color>
            </emission>
            <diffuse>
              <color sid="diffuse">1 1 1 1</color>
            </diffuse>
            <reflectivity>
              <float sid="specular">0.2</float>
            </reflectivity>
            <index_of_refraction>
              <float sid="ior">1.45</float>
            </index_of_refraction>
          </lambert>
        </technique>
      </profile_COMMON>
    </effect>
    <effect id="black_plastic-effect">
      <profile_COMMON>
        <technique sid="common">
          <lambert>
            <emission>
              <color sid="emission">0 0 0 1</color>
            </emission>
            <diffuse>
              <color sid="diffuse">0.01434867 0.01434867 0.01434867 1</color>
            </diffuse>
            <reflectivity>
              <float sid="specular">0.2</float>
            </reflectivity>
            <index_of_refraction>
              <float sid="ior">1.45</float>
            </index_of_refraction>
          </lambert>
        </technique>
      </profile_COMMON>
    </effect>
  </library_effects>
  <library_images/>
  <library_materials>
    <material id="metal-material" name="metal">
      <instance_effect url="#metal-effect"/>
    </material>
    <material id="white_plastic-material" name="white_plastic">
      <instance_effect url="#white_plastic-effect"/>
    </material>
    <material id="black_plastic-material" name="black_plastic">
      <instance_effect url="#black_plastic-effect"/>
    </material>
  </library_materials>
  <library_geometries>
    <geometry id="pinky_intermediate-mesh" name="pinky_intermediate">
      <mesh>
        <source id="pinky_intermediate-mesh-positions">
          <float_array id="pinky_intermediate-mesh-positions-array" count="19911">0.008433699 0.001926779 0.002172589 0.008400857 0.001910209 0.001363456 0.008375346 0.001917541 0.002158343 0.008316576 0.001912057 0.002144038 0.008257567 0.001910209 0.002129614 0.008314549 0.001910209 0.001875996 0.008362352 0.001910209 0.001620531 0.008374035 0.001912057 0.001888275 0.008634388 0.003460884 0.001913487 0.008630871 0.003487229 0.001913487 0.008624196 0.003504931 0.001913547 0.008614242 0.003521084 0.001913607 0.008596122 0.003539562 0.001913666 0.008581578 0.003549039 0.001913785 0.008566081 0.003555774 0.001913845 0.008550882 0.003559529 0.001913964 0.008534848 0.0035609 0.001914024 0.008640944 0.003501832 3.22409e-4 0.008638501 0.003524005 3.22971e-4 0.00863111 0.003545105 3.23478e-4 0.008619308 0.003564 3.23925e-4 0.008603513 0.003579854 3.24257e-4 0.008584678 0.003591775 3.24491e-4 0.008563637 0.003599226 3.24596e-4 0.008541464 0.003601789 3.2457e-4 0.003464698 0.008010208 9.60693e-4 0.003464698 0.006310939 9.60693e-4 0.003528594 0.006298243 4.57916e-4 0.00347644 0.006284832 -5.51082e-5 0.003377676 0.006275892 -3.8309e-4 0.003233253 0.006267368 -6.87182e-4 0.003163099 0.006248116 -8.01738e-4 0.003091454 0.006198942 -9.05078e-4 0.003023326 0.006122469 -9.93405e-4 0.002970099 0.006033003 -0.001056313 0.00293374 0.005937814 -0.001096785 0.00291574 0.005854308 -0.001116096 0.002909421 0.005767524 -0.001122713 0.002909421 0.004152834 -0.001122713 0.002917706 0.004054784 -0.00111413 0.002940535 0.003962337 -0.001089572 0.002974927 0.003878295 -0.001050889 0.003018021 0.003805398 -9.99916e-4 0.003066599 0.003745675 -9.38374e-4 0.003118097 0.003699779 -8.67989e-4 0.00317049 0.003668844 -7.90343e-4 0.003202259 0.003657758 -7.39656e-4 0.003233253 0.003652989 -6.87182e-4 0.003464698 0.003609418 9.60693e-4 0.003528594 0.003622114 4.57916e-4 0.00347644 0.003635525 -5.51082e-5 0.003377676 0.003644466 -3.8309e-4 0.003464698 0.001910209 9.60693e-4 -9.07108e-4 0.001910209 -1.05597e-4 -7.16001e-4 0.001910209 -6.13231e-4 -4.08955e-4 0.001910209 -0.001060366 -3.8296e-6 0.001910209 -0.001421034 4.75839e-4 0.001910209 -0.001674294 0.001002132 0.001910209 -0.001805365 0.001544535 0.001910209 -0.001806676 0.002071559 0.001910209 -0.001678168 0.002552449 0.001910209 -0.001427233 0.002959311 0.001910209 -0.001068532 0.003268539 0.001910209 -6.22928e-4 0.003462076 0.001910209 -1.16233e-4 0.003528773 0.001910209 4.22072e-4 -9.07108e-4 0.008010208 -1.05597e-4 -7.16001e-4 0.008010208 -6.13231e-4 -4.08955e-4 0.008010208 -0.001060366 -3.8296e-6 0.008010208 -0.001421034 4.75839e-4 0.008010208 -0.001674294 0.001002132 0.008010208 -0.001805365 0.001544535 0.008010208 -0.001806676 0.002071559 0.008010208 -0.001678168 0.002552449 0.008010208 -0.001427233 0.002959311 0.008010208 -0.001068532 0.003268539 0.008010208 -6.22928e-4 0.003462076 0.008010208 -1.16233e-4 0.003528773 0.008010208 4.22072e-4 0.009838759 0.006270051 -0.001797139 0.009820342 0.006267368 -0.001897156 0.009380638 0.00627911 -0.00136125 0.009216547 0.006282269 -0.001209139 0.008541464 0.006318569 3.2457e-4 0.008607506 0.006305634 -1.89178e-4 0.008795619 0.00629419 -6.67911e-4 0.00898385 0.006287693 -9.55846e-4 0.008534848 0.006359457 0.001914024 0.002938985 0.006333827 0.001946151 0.003168106 0.006327271 0.001649379 0.003345847 0.006319522 0.001316249 0.003464698 0.006310939 9.60693e-4 0.003528594 0.006298243 4.57916e-4 0.00347644 0.006284832 -5.51082e-5 0.003377676 0.006275892 -3.8309e-4 0.003233253 0.006267368 -6.87182e-4 0.002938985 0.00358653 0.001946151 0.003168106 0.003593087 0.001649379 0.003345847 0.003600835 0.001316249 0.003464698 0.003609418 9.60693e-4 0.008534848 0.0035609 0.001914024 0.008541464 0.003601789 3.2457e-4 0.008607506 0.003614723 -1.89178e-4 0.008795619 0.003626167 -6.67911e-4 0.00898385 0.003632724 -9.55846e-4 0.009216547 0.003638148 -0.001209139 0.009380638 0.003641247 -0.00136125 0.009838759 0.003650307 -0.001797139 0.009820342 0.003652989 -0.001897156 0.003233253 0.003652989 -6.87182e-4 0.003528594 0.003622114 4.57916e-4 0.00347644 0.003635525 -5.51082e-5 0.003377676 0.003644466 -3.8309e-4 -0.001864373 0.00781542 -0.001715302 -0.001911818 0.00781542 1.78564e-4 -0.001544654 0.00781542 0.002037107 -7.8056e-4 0.00781542 0.003770709 3.43569e-4 0.00781542 0.005295693 0.001773476 0.00781542 0.00653845 0.00344026 0.00781542 0.007439017 -0.001900553 0.007376194 -0.001517295 -0.001893758 0.007505297 -0.00154674 -0.001881003 0.007667005 -0.00161761 -0.00198388 0.004962801 -0.00131911 -0.001960515 0.004962801 4.41659e-4 -0.00200802 0.004962801 -1.44299e-4 -0.002015829 0.004962801 -7.32124e-4 -0.001951575 0.005302727 4.41607e-4 -0.001726984 0.006403386 0.001524209 -0.001791656 0.006361186 0.001247584 -0.00184077 0.006264567 0.001012861 -0.001876771 0.006133675 8.24351e-4 -0.001905202 0.005965828 6.66458e-4 -0.00192672 0.005768001 5.46839e-4 -0.001941859 0.005548894 4.70374e-4 -0.001947522 0.005426943 4.48901e-4 -0.001603126 0.006415367 0.001972198 -0.001600503 0.006510198 0.001972198 -9.36925e-4 0.006510198 0.003561317 2.80589e-5 0.006510198 0.004987657 0.001256167 0.006510198 0.006194889 0.002698957 0.006510198 0.007135152 0.004299223 0.006510198 0.007771313 0.004337847 0.007543861 0.007754147 0.003750562 0.007787585 0.007558763 0.004054844 0.007700741 0.00766474 0.004200696 0.007632195 0.007711768 0.00862658 0.006510198 0.003792762 0.008633077 0.006510198 0.001913487 0.008633077 0.006510198 0.001913487 0.008634328 0.006462097 0.001913487 0.008640944 0.006421148 3.22338e-4 0.008604466 0.00781542 3.06312e-4 0.008600831 0.00781542 0.001364171 0.008603751 0.00737524 0.003835499 0.008600831 0.007514178 0.003630518 0.008598029 0.007683396 0.003155052 0.008598029 0.007683396 0.003155052 0.008597731 0.007779955 0.002516925 0.008597731 0.007779955 0.002516925 0.003464698 0.001910209 9.60693e-4 0.003273606 0.001910209 0.0014683 0.002966582 0.001910209 0.001915454 0.00256145 0.001910209 0.002276122 0.002081751 0.001910209 0.002529323 0.001555442 0.001910209 0.002660453 0.00101304 0.001910209 0.002661764 4.86068e-4 0.001910209 0.002533257 5.17815e-6 0.001910209 0.002282321 -4.01698e-4 0.001910209 0.00192362 -7.10912e-4 0.001910209 0.001477956 -9.04486e-4 0.001910209 9.71314e-4 -9.71183e-4 0.001910209 4.33024e-4 -9.07108e-4 0.001910209 -1.05597e-4 0.003464698 0.003609418 9.60693e-4 0.002938985 0.00358653 0.001946151 0.003168106 0.003593087 0.001649379 0.003345847 0.003600835 0.001316249 0.002938985 0.00341016 0.001946151 -3.63834e-4 0.00341016 0.001965105 4.02257e-5 0.00341016 0.002305924 5.12637e-4 0.00341016 0.002543032 0.001027345 0.00341016 0.002663433 0.001555919 0.00341016 0.002660393 0.002069175 0.00341016 0.002534091 0.002538859 0.00341016 0.00229156 -3.63834e-4 0.00360167 0.001965105 -7.01211e-4 0.003615379 0.001496136 -5.47633e-4 0.003608345 0.001741528 -9.69119e-4 0.0046162 5.23861e-4 -9.67808e-4 0.004380285 5.52062e-4 -9.61624e-4 0.004158318 6.34853e-4 -9.45412e-4 0.003962218 7.67168e-4 -9.29467e-4 0.003869116 8.5872e-4 -8.97281e-4 0.00376451 9.99134e-4 -8.6461e-4 0.003704309 0.001111745 -8.23654e-4 0.003659844 0.00122869 -7.67507e-4 0.003628253 0.00136274 -9.69119e-4 0.005304157 5.23861e-4 -9.67808e-4 0.005540072 5.52062e-4 -9.61624e-4 0.00576204 6.34853e-4 -9.45412e-4 0.005958139 7.67168e-4 -9.29467e-4 0.006051242 8.5872e-4 -8.97281e-4 0.006155848 9.99134e-4 -8.6461e-4 0.006216049 0.001111745 -8.23654e-4 0.006260514 0.00122869 -7.67507e-4 0.006292104 0.00136274 -7.01211e-4 0.006304979 0.001496136 -5.47633e-4 0.006312072 0.001741528 -3.63834e-4 0.006318688 0.001965105 -3.63834e-4 0.006510198 0.001965105 4.02257e-5 0.006510198 0.002305924 5.12637e-4 0.006510198 0.002543032 0.001027345 0.006510198 0.002663433 0.001555919 0.006510198 0.002660393 0.002069175 0.006510198 0.002534091 0.002538859 0.006510198 0.00229156 0.002938985 0.006510198 0.001946151 0.002938985 0.006333827 0.001946151 0.003168106 0.006327271 0.001649379 0.003345847 0.006319522 0.001316249 0.003464698 0.006310939 9.60693e-4 0.003464698 0.008010208 9.60693e-4 0.003273606 0.008010208 0.0014683 0.002966582 0.008010208 0.001915454 0.00256145 0.008010208 0.002276122 0.002081751 0.008010208 0.002529323 0.001555442 0.008010208 0.002660453 0.00101304 0.008010208 0.002661764 4.86068e-4 0.008010208 0.002533257 5.17815e-6 0.008010208 0.002282321 -4.01698e-4 0.008010208 0.00192362 -7.10912e-4 0.008010208 0.001477956 -9.04486e-4 0.008010208 9.71314e-4 -9.71183e-4 0.008010208 4.33024e-4 -9.07108e-4 0.008010208 -1.05597e-4 -7.01211e-4 0.006304979 0.001496136 -0.001629471 0.006300806 0.001502811 -5.47633e-4 0.006312072 0.001741528 -3.63834e-4 0.006318688 0.001965105 -0.001499056 0.006313443 0.001971602 0.00316286 0.008010208 -0.002855837 0.003422081 0.008010208 -0.002690017 0.003667116 0.008010208 -0.002503931 0.003896296 0.008010208 -0.002298653 0.00288248 0.008010208 -0.003004312 0.002977311 0.008010208 -0.002957403 0.003070771 0.008010208 -0.002907872 0.001792848 0.008010208 -0.00333029 0.002289533 0.008010208 -0.00322771 0.002590835 0.008010208 -0.003129005 -0.001613318 0.008010208 -0.0020262 -0.001066327 0.008010208 -0.002553343 -4.25227e-4 0.008010208 -0.00296092 2.84262e-4 0.008010208 -0.003232538 0.001033604 0.008010208 -0.00335735 0.003515422 0.008010208 0.007253766 0.001840531 0.008010208 0.006341457 4.13783e-4 0.008010208 0.005075812 -6.91779e-4 0.008010208 0.00352174 -0.001419425 0.008010208 0.001758754 -0.001731991 0.008010208 -1.22663e-4 0.008400857 0.008010208 0.001363456 0.008013308 0.008010208 0.002926826 0.007287085 0.008010208 0.00436455 0.006258845 0.008010208 0.005604326 0.004980206 0.008010208 0.006583809 0.008404552 0.008010208 3.05612e-4 0.008545339 0.008010208 -4.61001e-4 0.008448779 0.008010208 -1.26641e-4 0.008415997 0.008010208 8.76635e-5 0.008098363 0.008010208 -2.17248e-4 0.005046069 0.008010208 -9.65517e-4 0.006328046 0.008010208 -2.94168e-4 0.007025718 0.008010208 -9.30577e-5 0.007279455 0.008010208 -6.62021e-5 0.00751698 0.008010208 -7.08364e-5 0.007813453 0.008010208 -1.20666e-4 0.004524052 0.008010208 -0.001508474 0.00467056 0.008010208 -0.001302242 0.004845798 0.008010208 -0.001119971 0.004236698 0.008010208 -0.001924037 0.003464698 0.008010208 9.60693e-4 0.003273606 0.008010208 0.0014683 0.002966582 0.008010208 0.001915454 0.00256145 0.008010208 0.002276122 0.002081751 0.008010208 0.002529323 0.001555442 0.008010208 0.002660453 0.00101304 0.008010208 0.002661764 4.86068e-4 0.008010208 0.002533257 5.17815e-6 0.008010208 0.002282321 -4.01698e-4 0.008010208 0.00192362 -7.10912e-4 0.008010208 0.001477956 -9.04486e-4 0.008010208 9.71314e-4 -9.71183e-4 0.008010208 4.33024e-4 -9.07108e-4 0.008010208 -1.05597e-4 -7.16001e-4 0.008010208 -6.13231e-4 -4.08955e-4 0.008010208 -0.001060366 -3.8296e-6 0.008010208 -0.001421034 4.75839e-4 0.008010208 -0.001674294 0.001002132 0.008010208 -0.001805365 0.001544535 0.008010208 -0.001806676 0.002071559 0.008010208 -0.001678168 0.002552449 0.008010208 -0.001427233 0.002959311 0.008010208 -0.001068532 0.003268539 0.008010208 -6.22928e-4 0.003462076 0.008010208 -1.16233e-4 0.003528773 0.008010208 4.22072e-4 -9.69119e-4 0.0046162 5.23861e-4 -9.69119e-4 0.005304157 5.23861e-4 -0.001851558 0.005300104 5.30146e-4 -0.001860499 0.004960179 5.30221e-4 -0.001851558 0.004620254 5.30146e-4 0.008509874 0.006510198 0.004258811 0.007592737 0.006510198 0.005633354 0.006418228 0.006510198 0.006795644 0.005034089 0.006510198 0.007698297 0.004299223 0.006510198 0.007771313 0.004521965 0.006510198 0.007808744 0.004748344 0.006510198 0.007794797 0.004894614 0.006510198 0.007757544 -0.001600503 0.006510198 0.001972198 -9.36925e-4 0.006510198 0.003561317 2.80589e-5 0.006510198 0.004987657 0.001256167 0.006510198 0.006194889 0.002698957 0.006510198 0.007135152 -3.63834e-4 0.006510198 0.001965105 4.02257e-5 0.006510198 0.002305924 5.12637e-4 0.006510198 0.002543032 0.001027345 0.006510198 0.002663433 0.001555919 0.006510198 0.002660393 0.002069175 0.006510198 0.002534091 0.002538859 0.006510198 0.00229156 0.002938985 0.006510198 0.001946151 0.008633077 0.006510198 0.001913487 0.00862658 0.006510198 0.003792762 0.008573889 0.006510198 0.004110217 0.00861299 0.006510198 0.003953993 -0.001499056 0.006313443 0.001971602 -0.001499056 0.006313443 0.001971602 -3.63834e-4 0.006318688 0.001965105 -3.63834e-4 0.006510198 0.001965105 -0.001600503 0.006510198 0.001972198 -0.001600503 0.006510198 0.001972198 -0.001603126 0.006415367 0.001972198 -0.001603126 0.006415367 0.001972198 -0.001603126 0.006415367 0.001972198 -0.001525163 0.006316542 0.001971781 -0.001525163 0.006316542 0.001971781 -0.001551508 0.006326794 0.0019719 -0.001572549 0.006342172 0.001972019 -0.001589477 0.006363332 0.001972138 -0.001589477 0.006363332 0.001972138 -0.001599967 0.006388306 0.001972198 0.008633077 0.006510198 0.001913487 0.008633077 0.006510198 0.001913487 0.008634328 0.006462097 0.001913487 0.008634328 0.006462097 0.001913487 0.002938985 0.006510198 0.001946151 0.002938985 0.006333827 0.001946151 0.008534848 0.006359457 0.001914024 0.008534848 0.006359457 0.001914024 0.008534848 0.006359457 0.001914024 0.008534848 0.006359457 0.001914024 0.008534848 0.006359457 0.001914024 0.008534848 0.006359457 0.001914024 0.008634388 0.006459474 0.001913487 0.008634388 0.006459474 0.001913487 0.008630871 0.006433129 0.001913487 0.008630871 0.006433129 0.001913487 0.008624196 0.006415426 0.001913547 0.008624196 0.006415426 0.001913547 0.008614242 0.006399273 0.001913607 0.008614242 0.006399273 0.001913607 0.008596122 0.006380796 0.001913666 0.008581578 0.006371319 0.001913785 0.008566081 0.006364583 0.001913845 0.008550882 0.006360828 0.001913964 0.0092839 0.006384849 -0.001138269 0.008967399 0.006393551 -7.6418e-4 0.008750915 0.006404459 -3.23419e-4 0.008669614 0.006412506 -6.7465e-6 0.008640944 0.006421148 3.22338e-4 0.008604466 0.00781542 3.06312e-4 0.008666336 0.007815837 -1.80263e-4 0.008845269 0.007815897 -6.38042e-4 0.009024024 0.007815718 -9.12148e-4 0.009247362 0.00781542 -0.001155555 -0.001851558 0.005300104 5.30146e-4 -0.001841247 0.005533277 5.58197e-4 -0.001823902 0.005752205 6.38764e-4 -0.001798689 0.005946099 7.66378e-4 -0.001764833 0.00610435 9.34791e-4 -0.001721501 0.006219327 0.001134037 -0.001678407 0.006277799 0.001314878 -0.001629471 0.006300806 0.001502811 -7.01211e-4 0.006304979 0.001496136 -9.69119e-4 0.005304157 5.23861e-4 -9.67808e-4 0.005540072 5.52062e-4 -9.61624e-4 0.00576204 6.34853e-4 -9.45412e-4 0.005958139 7.67168e-4 -9.29467e-4 0.006051242 8.5872e-4 -8.97281e-4 0.006155848 9.99134e-4 -8.6461e-4 0.006216049 0.001111745 -8.23654e-4 0.006260514 0.00122869 -7.67507e-4 0.006292104 0.00136274 0.003515422 0.008010208 0.007253766 0.001840531 0.008010208 0.006341457 4.13783e-4 0.008010208 0.005075812 -6.91779e-4 0.008010208 0.00352174 -0.001419425 0.008010208 0.001758754 -0.001731991 0.008010208 -1.22663e-4 -0.001613318 0.008010208 -0.0020262 -0.001637637 0.008009433 -0.001985669 -0.001651585 0.00800836 -0.001962065 -0.001864373 0.00781542 -0.001715302 -0.001851737 0.007857739 -0.001765608 -0.001831352 0.007897436 -0.001805663 -0.001803815 0.007934331 -0.001833617 -0.001767277 0.007966876 -0.001856505 -0.001725912 0.007990181 -0.001882135 -0.001700818 0.007999122 -0.001902163 -0.001674115 0.00800538 -0.001929998 -0.001911818 0.00781542 1.78564e-4 -0.001544654 0.00781542 0.002037107 -7.8056e-4 0.00781542 0.003770709 3.43569e-4 0.00781542 0.005295693 0.001773476 0.00781542 0.00653845 0.00344026 0.00781542 0.007439017 0.003498971 0.008005321 0.007294356 0.003483295 0.007991015 0.007332921 0.003469228 0.007967948 0.00736767 0.003457367 0.007937192 0.007396936 0.003448307 0.007900297 0.007419228 0.003442525 0.007859051 0.007433474 -0.001837491 0.007897496 -0.001763582 -0.001814544 0.007934331 -0.001760363 -0.001782298 0.007966935 -0.001755774 -0.001745641 0.007990181 -0.001750528 -0.001702666 0.008005321 -0.001744449 -0.001888573 0.007934331 -1.14646e-4 -0.001856029 0.007966935 -1.16307e-4 -0.001819074 0.007990181 -1.18203e-4 -0.001775681 0.008005321 -1.20427e-4 -0.001906156 0.007857739 1.78087e-4 -0.001891911 0.007897496 1.76869e-4 -0.001868844 0.007934331 1.7491e-4 -0.001836359 0.007966935 1.72142e-4 -0.001799464 0.007990181 1.68998e-4 -0.001756191 0.008005321 1.65317e-4 -0.001570224 0.007934331 0.001801788 -0.001538872 0.007966935 0.001792848 -0.001503288 0.007990181 0.001782715 -0.001461565 0.008005321 0.001770794 -8.29019e-4 0.007934331 0.003597557 -8.00468e-4 0.007966935 0.003581762 -7.68088e-4 0.007990181 0.00356388 -7.30097e-4 0.008005321 0.0035429 2.79903e-4 0.007897496 0.005196034 2.97122e-4 0.007934331 0.005180597 3.21381e-4 0.007966935 0.005158782 3.48918e-4 0.007990181 0.005134105 3.81209e-4 0.008005321 0.005105078 0.001737117 0.007897496 0.00648874 0.001750409 0.007934331 0.006469786 0.001769185 0.007966935 0.006443083 0.001790404 0.007990181 0.006412804 0.001815378 0.008005321 0.006377279 0.008600831 0.00781542 0.001364171 0.008604466 0.00781542 3.06312e-4 0.008598506 0.007859051 3.06286e-4 0.008583068 0.007900297 3.0623e-4 0.008559048 0.007937192 3.06141e-4 0.008527517 0.007967948 3.06036e-4 0.008489966 0.007991015 3.0591e-4 0.008448302 0.008005321 3.05768e-4 0.008404552 0.008010208 3.05612e-4 0.008400857 0.008010208 0.001363456 0.00859481 0.007859051 0.001364171 0.008579432 0.007900297 0.001364111 0.008555352 0.007937192 0.001363992 0.008523821 0.007967948 0.001363873 0.00848633 0.007991015 0.001363754 0.008444666 0.008005321 0.001363635 0.008545339 0.008010208 -4.61001e-4 0.008448779 0.008010208 -1.26641e-4 0.008415997 0.008010208 8.76635e-5 0.008404552 0.008010208 3.05612e-4 0.008604466 0.00781542 3.06312e-4 0.008598506 0.007859051 3.06286e-4 0.008583068 0.007900297 3.0623e-4 0.008559048 0.007937192 3.06141e-4 0.008527517 0.007967948 3.06036e-4 0.008489966 0.007991015 3.0591e-4 0.008448302 0.008005321 3.05768e-4 0.008666336 0.007815837 -1.80263e-4 0.008845269 0.007815897 -6.38042e-4 0.009024024 0.007815718 -9.12148e-4 0.009247362 0.00781542 -0.001155555 0.008896529 0.007938921 -8.14673e-4 0.008528292 0.007969558 2.02611e-4 0.008509218 0.007982373 2.01594e-4 0.008575797 0.007953524 -4.749e-5 0.008596062 0.007953584 -1.47019e-4 0.008638799 0.007953584 -3.04405e-4 0.008729636 0.007953584 -5.41542e-4 -0.00198388 0.004962801 -0.00131911 -0.001985311 0.004965007 -0.001347362 -0.001990556 0.004966318 -0.001365423 -0.002004325 0.004967808 -0.001389741 -0.002023398 0.004968702 -0.001408576 -0.002045452 0.004969 -0.001421153 -0.002073228 0.004968643 -0.001428008 -0.002099752 0.004967689 -0.001426994 -0.002124726 0.004966199 -0.001419246 -0.002144217 0.00496459 -0.001407444 -0.002160608 0.004962801 -0.00139153 -0.002098202 0.006778538 -0.001541793 -0.002053737 0.007074534 -0.001593291 -0.001995146 0.007370233 -0.001627981 -0.001900553 0.007376194 -0.001517295 -0.001900672 0.007374286 -0.001540482 -0.001906216 0.007372558 -0.001563012 -0.001916825 0.007371187 -0.001583695 -0.001931965 0.007370233 -0.001601338 -0.00195074 0.007369756 -0.001615107 -0.001972198 0.007369756 -0.001624107 -0.001941502 0.007220983 -0.001592457 -0.001955032 0.007220625 -0.001601874 -0.001968145 0.007220566 -0.001608312 -0.001980721 0.007220685 -0.001612365 -0.001992642 0.007220923 -0.001614689 -0.001971781 0.007070899 -0.00159496 -0.002083599 0.005872726 -0.001497864 -0.001915633 0.007222533 -0.001559734 -0.002046704 0.006923735 -0.001585543 -0.00193721 0.006619274 -0.001509547 -0.002067983 0.006320416 -0.001535058 -0.002014517 0.005864441 -0.001494526 -0.002033293 0.005866825 -0.001500427 -0.002044558 0.005868375 -0.001502156 -0.002059578 0.005870342 -0.001502394 -0.002072453 0.005871832 -0.001500725 -0.00207597 0.006322085 -0.001532196 -0.001979291 0.005412638 -0.001410365 -0.001982629 0.006769299 -0.001569688 -0.001993358 0.0064677 -0.001544535 -0.001997947 0.006468236 -0.001546382 -0.002003788 0.005639433 -0.001465916 -0.002010285 0.005640089 -0.001470148 -0.002022325 0.005640566 -0.001476109 -0.002073407 0.005184173 -0.001446127 -0.002052068 0.006772875 -0.001572847 -0.002020895 0.00669521 -0.001571238 -0.00197035 0.006655991 -0.001551568 -0.002059459 0.006622493 -0.001559555 -0.002017855 0.005297183 -0.001439392 -0.002018332 0.005189597 -0.001428425 -0.002030253 0.005188465 -0.001435518 -0.002043843 0.005187034 -0.001441121 -0.002057611 0.005185604 -0.001444578 -0.001986801 0.005075693 -0.001374244 -0.001989126 0.006618618 -0.001557588 -0.002012789 0.005129635 -0.001417636 -0.002019047 0.005128562 -0.001422464 -0.002019703 0.005020976 -0.001411437 -0.002072691 0.005046308 -0.001434564 -0.001995146 0.007370233 -0.001627981 -0.001985132 0.007428467 -0.001637756 -0.001967489 0.007509112 -0.001662135 -0.001935362 0.007640242 -0.001716911 -0.001900196 0.007764339 -0.001784682 -0.001864373 0.00781542 -0.001715302 -0.001865148 0.007800281 -0.001734197 -0.001871705 0.007786214 -0.001752734 -0.001883625 0.007773995 -0.0017699 -0.001900553 0.007376194 -0.001517295 -0.001893758 0.007505297 -0.00154674 -0.001881003 0.007667005 -0.00161761 -0.001900672 0.007374286 -0.001540482 -0.001906216 0.007372558 -0.001563012 -0.001916825 0.007371187 -0.001583695 -0.001931965 0.007370233 -0.001601338 -0.00195074 0.007369756 -0.001615107 -0.001972198 0.007369756 -0.001624107 -0.00189203 0.007649004 -0.001673698 -0.001899302 0.007581472 -0.001641631 -0.001909077 0.007502794 -0.001615643 -0.001911938 0.007460355 -0.001601696 -0.001900196 0.007764339 -0.001784682 -0.001857221 0.007871568 -0.001853406 -0.001796364 0.007960379 -0.001909613 -0.001760005 0.007991731 -0.00193578 -0.00173068 0.008007824 -0.001959621 -0.001713037 0.008014857 -0.00197792 -0.001697719 0.008019745 -0.00199908 -0.001651585 0.00800836 -0.001962065 -0.00166732 0.008008122 -0.001975059 -0.001682877 0.008011937 -0.001987516 -0.001864373 0.00781542 -0.001715302 -0.001851737 0.007857739 -0.001765608 -0.001831352 0.007897436 -0.001805663 -0.001803815 0.007934331 -0.001833617 -0.001767277 0.007966876 -0.001856505 -0.001725912 0.007990181 -0.001882135 -0.001700818 0.007999122 -0.001902163 -0.001674115 0.00800538 -0.001929998 -0.001865148 0.007800281 -0.001734197 -0.001871705 0.007786214 -0.001752734 -0.001883625 0.007773995 -0.0017699 -0.001697719 0.008019745 -0.00199908 -0.001686394 0.008025825 -0.002024948 -0.001637637 0.008009433 -0.001985669 -0.001654565 0.008010268 -0.001999616 -0.001671075 0.008015811 -0.002012908 -0.001651585 0.00800836 -0.001962065 -0.00166732 0.008008122 -0.001975059 -0.001682877 0.008011937 -0.001987516 -0.001686394 0.008025825 -0.002024948 -0.001665592 0.008037328 -0.002070486 -0.001613318 0.008010208 -0.0020262 -0.001627624 0.008011937 -0.0020383 -0.001641452 0.008017241 -0.002050042 -0.001654267 0.008025765 -0.00206089 -0.001637637 0.008009433 -0.001985669 -0.001654565 0.008010268 -0.001999616 -0.001671075 0.008015811 -0.002012908 -0.001613318 0.008010208 -0.0020262 -0.001066327 0.008010208 -0.002553343 -4.25227e-4 0.008010208 -0.00296092 2.84262e-4 0.008010208 -0.003232538 0.001033604 0.008010208 -0.00335735 0.001792848 0.008010208 -0.00333029 -0.001627624 0.008011937 -0.0020383 -0.001641452 0.008017241 -0.002050042 -0.001654267 0.008025765 -0.00206089 -0.001665592 0.008037328 -0.002070486 -0.001660585 0.008040428 -0.002081215 -0.001619279 0.00806868 -0.002158463 -0.001569926 0.008107542 -0.002225458 0.001806378 0.008107542 -0.003429293 8.77492e-4 0.008107542 -0.003444492 -2.85804e-5 0.008107542 -0.003239095 -8.60184e-4 0.008107542 -0.002824902 0.001795828 0.008012592 -0.003351986 0.001798629 0.008019745 -0.003372609 0.001801192 0.008031308 -0.003391146 0.001803278 0.008046686 -0.003406822 0.001804947 0.008065104 -0.003418743 0.001805961 0.008085727 -0.003426313 0.001032412 0.008011937 -0.003376066 0.001031219 0.008017241 -0.003394126 0.001030147 0.008025765 -0.003410875 0.001029193 0.008037328 -0.003425717 0.001027822 0.008065104 -0.0034464 0.001027345 0.008085727 -0.003454089 2.79345e-4 0.008011937 -0.003250658 2.74599e-4 0.008017241 -0.003268122 2.70195e-4 0.008025765 -0.003284275 2.66291e-4 0.008037328 -0.00329864 2.60852e-4 0.008065104 -0.003318667 2.58833e-4 0.008085727 -0.003326117 -1.80155e-5 0.008037328 -0.003209471 -2.49818e-5 0.008065104 -0.003229022 -2.75746e-5 0.008085727 -0.003236293 -4.33654e-4 0.008011937 -0.002977669 -4.41782e-4 0.008017241 -0.002993822 -4.49322e-4 0.008025765 -0.003008842 -4.56005e-4 0.008037328 -0.003022134 -4.65333e-4 0.008065104 -0.003040671 -4.68791e-4 0.008085727 -0.003047525 -8.42899e-4 0.008037328 -0.002798616 -8.54306e-4 0.008065104 -0.002815961 -8.5853e-4 0.008085727 -0.002822399 -0.00107789 0.008011937 -0.002568066 -0.001089096 0.008017241 -0.002582311 -0.001099467 0.008025765 -0.002595484 -0.001108646 0.008037328 -0.002607166 -0.00112152 0.008065104 -0.002623498 -0.001126289 0.008085727 -0.002629578 -0.001546919 0.008037328 -0.002204 -0.001562118 0.008065104 -0.002218127 -0.001567721 0.008085727 -0.002223372 0.002925753 0.008107542 -0.003094434 0.002441644 0.008107542 -0.00328654 0.00212723 0.008107542 -0.003371775 0.001806378 0.008107542 -0.003429293 0.00288248 0.008010208 -0.003004312 0.002891957 0.008012592 -0.003024041 0.002900958 0.008019745 -0.003042817 0.002909123 0.008031308 -0.003059744 0.002915918 0.008046686 -0.00307399 0.002921164 0.008065104 -0.003084778 0.002924501 0.008085727 -0.003091752 0.001792848 0.008010208 -0.00333029 0.002289533 0.008010208 -0.00322771 0.002590835 0.008010208 -0.003129005 0.001795828 0.008012592 -0.003351986 0.001798629 0.008019745 -0.003372609 0.001801192 0.008031308 -0.003391146 0.001803278 0.008046686 -0.003406822 0.001804947 0.008065104 -0.003418743 0.001805961 0.008085727 -0.003426313 0.002757966 0.008024156 -0.003116667 0.002761721 0.008030533 -0.003125488 0.002765417 0.00803858 -0.003134071 0.002524316 0.00803858 -0.003227114 0.002370536 0.008038699 -0.003276765 0.002214729 0.008038699 -0.003319621 0.001962006 0.00803858 -0.003374099 0.001963496 0.008047699 -0.003382265 0.001964688 0.008057057 -0.003388822 0.003213286 0.008107542 -0.002942144 0.003118872 0.008107542 -0.00299555 0.003022968 0.008107542 -0.003046333 0.002925753 0.008107542 -0.003094434 0.00316286 0.008010208 -0.002855837 0.003173887 0.008012592 -0.002874732 0.003184378 0.008019745 -0.002892673 0.003193855 0.008031308 -0.002908885 0.003201782 0.008046686 -0.002922534 0.003207862 0.008065104 -0.002932906 0.003211736 0.008085727 -0.002939522 0.00288248 0.008010208 -0.003004312 0.002977311 0.008010208 -0.002957403 0.003070771 0.008010208 -0.002907872 0.002891957 0.008012592 -0.003024041 0.002900958 0.008019745 -0.003042817 0.002909123 0.008031308 -0.003059744 0.002915918 0.008046686 -0.00307399 0.002921164 0.008065104 -0.003084778 0.002924501 0.008085727 -0.003091752 0.003081321 0.008012592 -0.002927064 0.003091335 0.008019745 -0.002945303 0.003100335 0.008031308 -0.002961754 0.003107905 0.008046686 -0.002975642 0.003113687 0.008065104 -0.002986192 0.002987384 0.008012592 -0.002976834 0.003117442 0.008085727 -0.002992928 0.002996861 0.008019745 -0.002995371 0.003005445 0.008031308 -0.003012061 0.003012657 0.008046686 -0.003026127 0.00301814 0.008065104 -0.003036797 0.003021597 0.008085727 -0.003043651 0.00316286 0.008010208 -0.002855837 0.003422081 0.008010208 -0.002690017 0.003667116 0.008010208 -0.002503931 0.003896296 0.008010208 -0.002298653 0.003173887 0.008012592 -0.002874732 0.003184378 0.008019745 -0.002892673 0.003193855 0.008031308 -0.002908885 0.003201782 0.008046686 -0.002922534 0.003207862 0.008065104 -0.002932906 0.003211736 0.008085727 -0.002939522 0.003213286 0.008107542 -0.002942144 0.003965973 0.008107542 -0.002370357 0.003730714 0.008107542 -0.002581 0.003479301 0.008107542 -0.002772033 0.003911554 0.008012592 -0.002314329 0.003926098 0.008019745 -0.002329289 0.003939151 0.008031308 -0.00234276 0.003950119 0.008046686 -0.002354085 0.003958523 0.008065104 -0.002362668 0.003963887 0.008085727 -0.002368211 0.003681004 0.008012592 -0.002520799 0.003694295 0.008019745 -0.002536833 0.003706216 0.008031308 -0.002551317 0.00371623 0.008046686 -0.002563476 0.003723919 0.008065104 -0.002572774 0.003728806 0.008085727 -0.002578675 0.003434598 0.008012592 -0.002708017 0.003446519 0.008019745 -0.002725064 0.003457248 0.008031308 -0.002740442 0.003466248 0.008046686 -0.002753376 0.003473162 0.008065104 -0.002763271 0.003477573 0.008085727 -0.002769589 0.004609823 0.008107542 -0.001559793 0.004315137 0.008107542 -0.001986026 0.003965973 0.008107542 -0.002370357 0.004524052 0.008010208 -0.001508474 0.004542827 0.008012592 -0.001519739 0.004560708 0.008019745 -0.001530408 0.004576802 0.008031308 -0.001540005 0.004590332 0.008046686 -0.001548111 0.004600644 0.008065104 -0.00155431 0.00460726 0.008085727 -0.001558244 0.003896296 0.008010208 -0.002298653 0.004236698 0.008010208 -0.001924037 0.003911554 0.008012592 -0.002314329 0.003926098 0.008019745 -0.002329289 0.003939151 0.008031308 -0.00234276 0.003950119 0.008046686 -0.002354085 0.003958523 0.008065104 -0.002362668 0.003963887 0.008085727 -0.002368211 0.004291296 0.00803864 -0.001967251 0.005099773 0.008107542 -0.001049816 0.004911839 0.008107542 -0.001195013 0.00474739 0.008107542 -0.001366138 0.004609823 0.008107542 -0.001559793 0.005046069 0.008010208 -9.65517e-4 0.005060911 0.008014082 -9.8877e-4 0.005074143 0.008024871 -0.001009523 0.005085289 0.008041858 -0.001027047 0.005093514 0.008063316 -0.001039981 0.005098044 0.008084774 -0.001047074 0.004524052 0.008010208 -0.001508474 0.00467056 0.008010208 -0.001302242 0.004845798 0.008010208 -0.001119971 0.004542827 0.008012592 -0.001519739 0.004560708 0.008019745 -0.001530408 0.004576802 0.008031308 -0.001540005 0.004590332 0.008046686 -0.001548111 0.004600644 0.008065104 -0.00155431 0.00460726 0.008085727 -0.001558244 0.004724562 0.00803852 -0.001347124 0.004805088 0.00803852 -0.001257002 0.004892349 0.00803852 -0.001172602 0.008059322 0.008107542 -3.09281e-4 0.007656395 0.008107542 -1.8936e-4 0.007235169 0.008107542 -1.68908e-4 0.006819903 0.008107542 -2.38139e-4 0.005931794 0.008107542 -5.80803e-4 0.005099773 0.008107542 -0.001049816 0.008098363 0.008010208 -2.17248e-4 0.00808984 0.008012592 -2.37402e-4 0.008081674 0.008019745 -2.56568e-4 0.008074343 0.008031308 -2.73842e-4 0.008068203 0.008046686 -2.88352e-4 0.008063495 0.008065104 -2.99435e-4 0.008060514 0.008085727 -3.06513e-4 0.005046069 0.008010208 -9.65517e-4 0.006328046 0.008010208 -2.94168e-4 0.007025718 0.008010208 -9.30577e-5 0.007279455 0.008010208 -6.62021e-5 0.00751698 0.008010208 -7.08364e-5 0.007813453 0.008010208 -1.20666e-4 0.005060911 0.008014082 -9.8877e-4 0.005074143 0.008024871 -0.001009523 0.005085289 0.008041858 -0.001027047 0.005093514 0.008063316 -0.001039981 0.005098044 0.008084774 -0.001047074 0.007708013 0.00803858 -1.6829e-4 0.00794053 0.008024096 -2.11801e-4 0.007937431 0.008030474 -2.20839e-4 0.007934391 0.00803858 -2.2969e-4 0.007586658 0.00803858 -1.48389e-4 0.007371962 0.00803858 -1.34092e-4 0.007257819 0.00803858 -1.37191e-4 0.007134914 0.00803858 -1.48129e-4 0.00692445 0.00803858 -1.83031e-4 0.006580412 0.00803858 -2.77001e-4 0.006134033 0.00803858 -4.51226e-4 0.005496323 0.00803858 -7.7882e-4 0.005501568 0.008050143 -7.87575e-4 0.005505442 0.008061707 -7.9399e-4 0.008490085 0.008107542 -5.4431e-4 0.008059322 0.008107542 -3.09281e-4 0.008545339 0.008010208 -4.61001e-4 0.008533239 0.008012592 -4.7924e-4 0.008521735 0.008019745 -4.96592e-4 0.008511364 0.008031308 -5.12224e-4 0.008502602 0.008046686 -5.25374e-4 0.008495986 0.008065104 -5.35399e-4 0.008491754 0.008085727 -5.4181e-4 0.008098363 0.008010208 -2.17248e-4 0.00808984 0.008012592 -2.37402e-4 0.008081674 0.008019745 -2.56568e-4 0.008074343 0.008031308 -2.73842e-4 0.008068203 0.008046686 -2.88352e-4 0.008063495 0.008065104 -2.99435e-4 0.008060514 0.008085727 -3.06513e-4 0.009247362 0.00781542 -0.001155555 0.009247362 0.00781542 -0.001155555 0.008545339 0.008010208 -4.61001e-4 0.008896529 0.007938921 -8.14673e-4 0.008533239 0.008012592 -4.7924e-4 0.008521735 0.008019745 -4.96592e-4 0.008511364 0.008031308 -5.12224e-4 0.008502602 0.008046686 -5.25374e-4 0.008495986 0.008065104 -5.35399e-4 0.008491754 0.008085727 -5.4181e-4 0.008490085 0.008107542 -5.4431e-4 0.008888781 0.00800395 -8.43011e-4 0.008675396 0.008082568 -6.74941e-4 0.008586943 0.008055686 -5.95957e-4 0.008589148 0.008047163 -5.91133e-4 0.008592128 0.008038699 -5.85258e-4 0.0092839 0.006384849 -0.001138269 0.00928241 0.006362438 -0.001139521 0.009277522 0.006341099 -0.001144349 0.009269535 0.006321787 -0.001152575 0.009258866 0.006305575 -0.00116384 0.009245991 0.006293177 -0.00117743 0.009231686 0.00628525 -0.001192808 0.009216547 0.006282269 -0.001209139 0.008967399 0.006393551 -7.6418e-4 0.008750915 0.006404459 -3.23419e-4 0.008669614 0.006412506 -6.7465e-6 0.008640944 0.006421148 3.22338e-4 0.008640944 0.006420254 3.22361e-4 0.008640944 0.00641942 3.22383e-4 0.008640944 0.006418526 3.22409e-4 0.008638501 0.006396353 3.22971e-4 0.00863111 0.006375253 3.23478e-4 0.008619308 0.006356358 3.23925e-4 0.008603513 0.006340563 3.24257e-4 0.008584678 0.006328582 3.24491e-4 0.008563637 0.006321132 3.24596e-4 0.008541464 0.006318569 3.2457e-4 0.008607506 0.006305634 -1.89178e-4 0.008795619 0.00629419 -6.67911e-4 0.00898385 0.006287693 -9.55846e-4 0.00914669 0.006315827 -0.001039624 0.009139716 0.006307244 -0.001045823 0.009132623 0.00630033 -0.0010522 0.008990347 0.006320118 -8.46699e-4 0.008899331 0.006323337 -7.07414e-4 0.008784711 0.006328642 -4.85282e-4 0.008698642 0.006334364 -2.52087e-4 0.008657395 0.006338357 -9.13925e-5 0.008634984 0.006363928 1.5676e-4 0.008628487 0.006354153 1.56444e-4 0.008620381 0.006344616 1.55974e-4 0.008634388 0.006459474 0.001913487 0.008640944 0.006418526 3.22409e-4 0.008630871 0.006433129 0.001913487 0.008624196 0.006415426 0.001913547 0.008614242 0.006399273 0.001913607 0.008596122 0.006380796 0.001913666 0.008581578 0.006371319 0.001913785 0.008566081 0.006364583 0.001913845 0.008550882 0.006360828 0.001913964 0.008534848 0.006359457 0.001914024 0.008541464 0.006318569 3.2457e-4 0.008638501 0.006396353 3.22971e-4 0.00863111 0.006375253 3.23478e-4 0.008619308 0.006356358 3.23925e-4 0.008603513 0.006340563 3.24257e-4 0.008584678 0.006328582 3.24491e-4 0.008563637 0.006321132 3.24596e-4 -0.001499056 0.006313443 0.001971602 -0.001525163 0.006316542 0.001971781 -0.001551508 0.006326794 0.0019719 -0.001572549 0.006342172 0.001972019 -0.001589477 0.006363332 0.001972138 -0.001599967 0.006388306 0.001972198 -0.001603126 0.006415367 0.001972198 -0.001726984 0.006403386 0.001524209 -0.001724898 0.006380736 0.001524269 -0.001717925 0.0063591 0.001523137 -0.001706421 0.006339669 0.001520812 -0.001690924 0.006323337 0.001517415 -0.001672267 0.006311058 0.001513123 -0.001651406 0.006303429 0.001508176 -0.001629471 0.006300806 0.001502811 -0.001726984 0.006403386 0.001524209 -0.001724898 0.006380736 0.001524269 -0.001717925 0.0063591 0.001523137 -0.001706421 0.006339669 0.001520812 -0.001690924 0.006323337 0.001517415 -0.001672267 0.006311058 0.001513123 -0.001651406 0.006303429 0.001508176 -0.001629471 0.006300806 0.001502811 -0.001791656 0.006361186 0.001247584 -0.00184077 0.006264567 0.001012861 -0.001876771 0.006133675 8.24351e-4 -0.001905202 0.005965828 6.66458e-4 -0.00192672 0.005768001 5.46839e-4 -0.001941859 0.005548894 4.70374e-4 -0.001947522 0.005426943 4.48901e-4 -0.001951575 0.005302727 4.41607e-4 -0.001945853 0.005302608 4.65248e-4 -0.001934647 0.005302309 4.86825e-4 -0.001918494 0.005301892 5.05045e-4 -0.001898467 0.005301356 5.18829e-4 -0.001875698 0.00530076 5.27363e-4 -0.001851558 0.005300104 5.30146e-4 -0.001841247 0.005533277 5.58197e-4 -0.001823902 0.005752205 6.38764e-4 -0.001798689 0.005946099 7.66378e-4 -0.001764833 0.00610435 9.34791e-4 -0.001721501 0.006219327 0.001134037 -0.001678407 0.006277799 0.001314878 -0.001714468 0.006316006 0.001419842 -0.00170499 0.006309151 0.001418471 -0.001754462 0.006301403 0.00129199 -0.001775979 0.006273329 0.001197218 -0.001799821 0.006227731 0.001087307 -0.001821339 0.006169497 9.82888e-4 -0.001838743 0.006107091 8.95198e-4 -0.001855909 0.006027221 8.0562e-4 -0.00186944 0.005946695 7.33551e-4 -0.001882493 0.005848705 6.63895e-4 -0.001892507 0.005753815 6.11152e-4 -0.001901805 0.005642592 5.64378e-4 -0.001908659 0.005537927 5.33324e-4 -0.001911699 0.005481064 5.21328e-4 -0.001926124 0.005361199 4.97308e-4 -0.001860499 0.004960179 5.30221e-4 -0.001851558 0.005300104 5.30146e-4 -0.001951575 0.005302727 4.41607e-4 -0.001945853 0.005302608 4.65248e-4 -0.001934647 0.005302309 4.86825e-4 -0.001918494 0.005301892 5.05045e-4 -0.001898467 0.005301356 5.18829e-4 -0.001875698 0.00530076 5.27363e-4 -0.001960515 0.004962801 4.41659e-4 -0.001891076 0.004960179 5.2565e-4 -0.001912057 0.00496155 5.16307e-4 -0.001930415 0.004962027 5.02396e-4 -0.001945078 0.004962384 4.84675e-4 -0.00195527 0.004962682 4.64059e-4 -0.001888692 0.004960179 5.26361e-4 -0.001889526 0.004960954 5.2613e-4 -0.001890301 0.004960954 5.25903e-4 -0.001884877 0.004962384 5.27348e-4 -0.001885473 0.004960834 5.27229e-4 -0.001887083 0.004960894 5.26812e-4 -0.001868367 0.004960417 5.29964e-4 -0.001876115 0.004960596 5.29099e-4 -0.00187999 0.004960715 5.28436e-4 -0.001600503 0.00341016 0.001972198 -9.36925e-4 0.00341016 0.003561317 2.80589e-5 0.00341016 0.004987657 0.001256167 0.00341016 0.006194889 0.002698957 0.00341016 0.007135152 0.004299223 0.00341016 0.007771313 -0.001603126 0.003504991 0.001972198 -0.001726984 0.003516972 0.001524209 -0.001791656 0.003559172 0.001247584 -0.00184077 0.003655791 0.001012861 -0.001876771 0.003786683 8.24351e-4 -0.001905202 0.003954529 6.66458e-4 -0.00192672 0.004152357 5.46839e-4 -0.001941859 0.004371464 4.70374e-4 -0.001947522 0.004493415 4.48901e-4 -0.001951575 0.004617631 4.41607e-4 -0.001960515 0.004957556 4.41659e-4 -0.00198388 0.004957556 -0.00131911 -0.002015829 0.004957556 -7.32124e-4 -0.00200802 0.004957556 -1.44299e-4 -0.001900553 0.002544164 -0.001517295 -0.001893758 0.00241506 -0.00154674 -0.001881003 0.002253353 -0.00161761 -0.001864373 0.002104938 -0.001715302 -0.001911818 0.002104938 1.78564e-4 -0.001544654 0.002104938 0.002037107 -7.8056e-4 0.002104938 0.003770709 3.43569e-4 0.002104938 0.005295693 0.001773476 0.002104938 0.00653845 0.00344026 0.002104938 0.007439017 0.004337847 0.002376556 0.007754147 0.004085004 0.002232015 0.007674634 0.003812313 0.002145349 0.007581174 0.003627061 0.002114892 0.007512569 0.008600831 0.002104938 0.001364171 0.008604466 0.002104938 3.06312e-4 0.008640944 0.003499209 3.22338e-4 0.008634328 0.003458261 0.001913487 0.008633077 0.00341016 0.001913487 0.00862658 0.00341016 0.003792762 0.008603751 0.002545118 0.003835499 0.008597671 0.002147436 0.002592444 0.008599042 0.002306699 0.003397285 0.008600771 0.00240457 0.003627419 0.008602142 0.002470672 0.003739237 -7.01211e-4 0.003615379 0.001496136 -0.001629471 0.003619611 0.001502811 -0.001499056 0.003606915 0.001971602 -3.63834e-4 0.00360167 0.001965105 -5.47633e-4 0.003608345 0.001741528 0.003896296 0.001910209 -0.002298653 0.004236698 0.001910209 -0.001924037 0.004524052 0.001910209 -0.001508474 0.00467056 0.001910209 -0.001302242 0.004845798 0.001910209 -0.001119971 0.005046069 0.001910209 -9.65517e-4 0.006328046 0.001910209 -2.94168e-4 0.007025718 0.001910209 -9.30577e-5 0.007279455 0.001910209 -6.62021e-5 0.00751698 0.001910209 -7.08364e-5 0.007813453 0.001910209 -1.20666e-4 0.008098363 0.001910209 -2.17248e-4 0.008545339 0.001910209 -4.61001e-4 0.008448779 0.001910209 -1.26641e-4 0.008415997 0.001910209 8.76635e-5 0.008404552 0.001910209 3.05612e-4 0.008400857 0.001910209 0.001363456 0.008257567 0.001910209 0.002129614 0.008314549 0.001910209 0.001875996 0.008362352 0.001910209 0.001620531 0.003515422 0.001910209 0.007253766 0.004845619 0.001910209 0.006662726 0.006029427 0.001910209 0.005815625 0.007018089 0.001910209 0.004747271 0.007771134 0.001910209 0.003501594 0.001840531 0.001910209 0.006341457 4.13783e-4 0.001910209 0.005075812 -6.91779e-4 0.001910209 0.00352174 -0.001419425 0.001910209 0.001758754 -0.001731991 0.001910209 -1.22663e-4 -0.001613318 0.001910209 -0.0020262 -0.001066327 0.001910209 -0.002553343 -4.25227e-4 0.001910209 -0.00296092 2.84262e-4 0.001910209 -0.003232538 0.001033604 0.001910209 -0.00335735 0.001792848 0.001910209 -0.00333029 0.002289533 0.001910209 -0.00322771 0.002590835 0.001910209 -0.003129005 0.00288248 0.001910209 -0.003004312 0.002977311 0.001910209 -0.002957403 0.003070771 0.001910209 -0.002907872 0.00316286 0.001910209 -0.002855837 0.003422081 0.001910209 -0.002690017 0.003667116 0.001910209 -0.002503931 0.003464698 0.001910209 9.60693e-4 0.003273606 0.001910209 0.0014683 0.002966582 0.001910209 0.001915454 0.00256145 0.001910209 0.002276122 0.002081751 0.001910209 0.002529323 0.001555442 0.001910209 0.002660453 0.00101304 0.001910209 0.002661764 4.86068e-4 0.001910209 0.002533257 5.17815e-6 0.001910209 0.002282321 -4.01698e-4 0.001910209 0.00192362 -7.10912e-4 0.001910209 0.001477956 -9.04486e-4 0.001910209 9.71314e-4 -9.71183e-4 0.001910209 4.33024e-4 -9.07108e-4 0.001910209 -1.05597e-4 -7.16001e-4 0.001910209 -6.13231e-4 -4.08955e-4 0.001910209 -0.001060366 -3.8296e-6 0.001910209 -0.001421034 4.75839e-4 0.001910209 -0.001674294 0.001002132 0.001910209 -0.001805365 0.001544535 0.001910209 -0.001806676 0.002071559 0.001910209 -0.001678168 0.002552449 0.001910209 -0.001427233 0.002959311 0.001910209 -0.001068532 0.003268539 0.001910209 -6.22928e-4 0.003462076 0.001910209 -1.16233e-4 0.003528773 0.001910209 4.22072e-4 0.005034089 0.00341016 0.007698297 0.006418228 0.00341016 0.006795644 0.007592737 0.00341016 0.005633354 0.008509874 0.00341016 0.004258811 0.00862658 0.00341016 0.003792762 0.00861299 0.00341016 0.003953993 0.008573889 0.00341016 0.004110217 0.008633077 0.00341016 0.001913487 0.002938985 0.00341016 0.001946151 -3.63834e-4 0.00341016 0.001965105 4.02257e-5 0.00341016 0.002305924 5.12637e-4 0.00341016 0.002543032 0.001027345 0.00341016 0.002663433 0.001555919 0.00341016 0.002660393 0.002069175 0.00341016 0.002534091 0.002538859 0.00341016 0.00229156 -0.001600503 0.00341016 0.001972198 -9.36925e-4 0.00341016 0.003561317 2.80589e-5 0.00341016 0.004987657 0.001256167 0.00341016 0.006194889 0.002698957 0.00341016 0.007135152 0.004299223 0.00341016 0.007771313 0.004823088 0.00341016 0.007778823 0.004598379 0.00341016 0.007809698 0.004447638 0.00341016 0.007802009 -0.001499056 0.003606915 0.001971602 -0.001499056 0.003606915 0.001971602 -3.63834e-4 0.00360167 0.001965105 -0.001525163 0.003603816 0.001971781 -0.001551508 0.003593564 0.0019719 -0.001572549 0.003578186 0.001972019 -0.001589477 0.003557026 0.001972138 -0.001589477 0.003557026 0.001972138 -0.001599967 0.003532052 0.001972198 -0.001603126 0.003504991 0.001972198 -0.001603126 0.003504991 0.001972198 -0.001600503 0.00341016 0.001972198 -0.001600503 0.00341016 0.001972198 -3.63834e-4 0.00341016 0.001965105 0.008633077 0.00341016 0.001913487 0.008633077 0.00341016 0.001913487 0.008634328 0.003458261 0.001913487 0.008634328 0.003458261 0.001913487 0.008634388 0.003460884 0.001913487 0.008634388 0.003460884 0.001913487 0.008630871 0.003487229 0.001913487 0.008630871 0.003487229 0.001913487 0.008624196 0.003504931 0.001913547 0.008624196 0.003504931 0.001913547 0.008614242 0.003521084 0.001913607 0.008614242 0.003521084 0.001913607 0.008596122 0.003539562 0.001913666 0.008581578 0.003549039 0.001913785 0.008566081 0.003555774 0.001913845 0.008550882 0.003559529 0.001913964 0.008534848 0.0035609 0.001914024 0.008534848 0.0035609 0.001914024 0.008534848 0.0035609 0.001914024 0.008534848 0.0035609 0.001914024 0.008534848 0.0035609 0.001914024 0.002938985 0.00358653 0.001946151 0.002938985 0.00341016 0.001946151 0.008604466 0.002104938 3.06312e-4 0.008666336 0.00210452 -1.80263e-4 0.008845269 0.002104461 -6.38042e-4 0.009024024 0.00210464 -9.12148e-4 0.009247362 0.002104938 -0.001155555 0.008640944 0.003499209 3.22338e-4 0.0092839 0.003535509 -0.001138269 0.008967399 0.003526806 -7.6418e-4 0.008750915 0.003515899 -3.23419e-4 0.008669614 0.003507852 -6.7465e-6 -9.69119e-4 0.0046162 5.23861e-4 -9.67808e-4 0.004380285 5.52062e-4 -9.61624e-4 0.004158318 6.34853e-4 -9.45412e-4 0.003962218 7.67168e-4 -9.29467e-4 0.003869116 8.5872e-4 -8.97281e-4 0.00376451 9.99134e-4 -8.6461e-4 0.003704309 0.001111745 -8.23654e-4 0.003659844 0.00122869 -7.67507e-4 0.003628253 0.00136274 -7.01211e-4 0.003615379 0.001496136 -0.001629471 0.003619611 0.001502811 -0.001851558 0.004620254 5.30146e-4 -0.001841247 0.00438708 5.58197e-4 -0.001823902 0.004168152 6.38764e-4 -0.001798689 0.003974258 7.66378e-4 -0.001764833 0.003816008 9.34791e-4 -0.001721501 0.003701031 0.001134037 -0.001678407 0.003642559 0.001314878 -0.001864373 0.002104938 -0.001715302 -0.001911818 0.002104938 1.78564e-4 -0.001544654 0.002104938 0.002037107 -7.8056e-4 0.002104938 0.003770709 3.43569e-4 0.002104938 0.005295693 0.001773476 0.002104938 0.00653845 0.00344026 0.002104938 0.007439017 -0.001851737 0.002062618 -0.001765608 -0.001831352 0.002022922 -0.001805663 -0.001803815 0.001986026 -0.001833617 -0.001767277 0.001953482 -0.001856505 -0.001725912 0.001930177 -0.001882135 -0.001700818 0.001921236 -0.001902163 -0.001674115 0.001914978 -0.001929998 -0.001651585 0.001911997 -0.001962065 -0.001637637 0.001910924 -0.001985669 -0.001613318 0.001910209 -0.0020262 0.003515422 0.001910209 0.007253766 0.001840531 0.001910209 0.006341457 4.13783e-4 0.001910209 0.005075812 -6.91779e-4 0.001910209 0.00352174 -0.001419425 0.001910209 0.001758754 -0.001731991 0.001910209 -1.22663e-4 0.003442525 0.002061307 0.007433474 0.003448307 0.002020061 0.007419228 0.003457367 0.001983165 0.007396936 0.003469228 0.001952409 0.00736767 0.003483295 0.001929342 0.007332921 0.003498971 0.001915037 0.007294356 0.001776695 0.002062618 0.006533801 0.001784861 0.002022862 0.006521999 0.001798033 0.001986026 0.006502985 0.00181663 0.001953423 0.006476163 0.00183767 0.001930177 0.006445765 0.001862347 0.001915037 0.006410062 3.47741e-4 0.002062618 0.005291879 3.58261e-4 0.002022862 0.005282163 3.75271e-4 0.001986026 0.005266427 3.99239e-4 0.001953423 0.005244314 4.26434e-4 0.001930177 0.005219221 4.5833e-4 0.001915037 0.005189776 -7.75665e-4 0.002062618 0.003767907 -7.63275e-4 0.002022862 0.003760695 -7.43248e-4 0.001986026 0.003749072 -7.15025e-4 0.001953423 0.00373274 -6.83002e-4 0.001930177 0.003714203 -6.45451e-4 0.001915037 0.003692448 -0.00153923 0.002062618 0.002035439 -0.00152558 0.002022862 0.002031147 -0.001503467 0.001986026 0.002024173 -0.001472353 0.001953423 0.002014398 -0.001437067 0.001930177 0.002003252 -0.001395702 0.001915037 0.001990199 -0.001906156 0.002062618 1.78087e-4 -0.001891911 0.002022862 1.76869e-4 -0.001868844 0.001986026 1.7491e-4 -0.001836359 0.001953423 1.72142e-4 -0.001799464 0.001930177 1.68998e-4 -0.001756191 0.001915037 1.65317e-4 -0.001888573 0.001986026 -1.14646e-4 -0.001856029 0.001953423 -1.16307e-4 -0.001819074 0.001930177 -1.18203e-4 -0.001775681 0.001915037 -1.20427e-4 -0.00185877 0.002062618 -0.001714587 -0.001844584 0.002022862 -0.00171262 -0.001821637 0.001986026 -0.00170952 -0.001789331 0.001953423 -0.00170511 -0.001752614 0.001930177 -0.001700162 0.008404552 0.001910209 3.05612e-4 0.008400857 0.001910209 0.001363456 0.008604466 0.002104938 3.06312e-4 0.008598506 0.002061307 3.06286e-4 0.008583068 0.002020061 3.0623e-4 0.008559048 0.001983165 3.06141e-4 0.008527517 0.001952409 3.06036e-4 0.008489966 0.001929342 3.0591e-4 0.008448302 0.001915037 3.05768e-4 0.008600831 0.002104938 0.001364171 0.008444666 0.001915037 0.001363635 0.00848633 0.001929342 0.001363754 0.008523821 0.001952409 0.001363873 0.008555352 0.001983165 0.001363992 0.008579432 0.002020061 0.001364111 0.00859481 0.002061307 0.001364171 0.008545339 0.001910209 -4.61001e-4 0.008448779 0.001910209 -1.26641e-4 0.008415997 0.001910209 8.76635e-5 0.008404552 0.001910209 3.05612e-4 0.008896529 0.001981437 -8.14673e-4 0.009247362 0.002104938 -0.001155555 0.008604466 0.002104938 3.06312e-4 0.008666336 0.00210452 -1.80263e-4 0.008845269 0.002104461 -6.38042e-4 0.009024024 0.00210464 -9.12148e-4 0.008598506 0.002061307 3.06286e-4 0.008583068 0.002020061 3.0623e-4 0.008559048 0.001983165 3.06141e-4 0.008527517 0.001952409 3.06036e-4 0.008489966 0.001929342 3.0591e-4 0.008448302 0.001915037 3.05768e-4 0.008509218 0.001937985 2.01594e-4 0.008528292 0.0019508 2.02611e-4 0.008575797 0.001966834 -4.749e-5 0.008596062 0.001966774 -1.47019e-4 0.008638799 0.001966774 -3.04405e-4 0.008729636 0.001966774 -5.41542e-4 -0.002160608 0.004957556 -0.00139153 -0.002139806 0.004955351 -0.001410663 -0.002123415 0.00495404 -0.001419842 -0.002096593 0.004952549 -0.001427531 -0.002069711 0.004951655 -0.00142759 -0.002045094 0.004951357 -0.001420974 -0.002020537 0.004951775 -0.001406431 -0.002002358 0.004952728 -0.001387119 -0.00199002 0.004954159 -0.001364111 -0.001984417 0.004955768 -0.001341998 -0.00198388 0.004957556 -0.00131911 -0.001900553 0.002544164 -0.001517295 -0.001900672 0.002546131 -0.001540482 -0.001906216 0.0025478 -0.001563012 -0.001916825 0.002549171 -0.001583695 -0.001931965 0.002550125 -0.001601338 -0.00195074 0.002550601 -0.001615107 -0.001972198 0.002550601 -0.001624107 -0.001995146 0.002550125 -0.001627981 -0.002053737 0.002845823 -0.001593291 -0.002098202 0.00314182 -0.001541793 -0.001992642 0.002699434 -0.001614689 -0.001980721 0.002699673 -0.001612365 -0.001968145 0.002699792 -0.001608312 -0.001955032 0.002699732 -0.001601874 -0.001941502 0.002699375 -0.001592457 -0.001971781 0.002849459 -0.00159496 -0.002093791 0.004047214 -0.00149393 -0.001915633 0.002697825 -0.001559734 -0.002046704 0.002996683 -0.001585543 -0.00193721 0.003301084 -0.001509547 -0.002074599 0.00359857 -0.001532733 -0.002067983 0.003599941 -0.001535058 -0.00208348 0.004047632 -0.001497924 -0.002070844 0.004048705 -0.001501023 -0.002057909 0.004050195 -0.001502454 -0.002043724 0.004052102 -0.001502096 -0.002029895 0.004054009 -0.001499652 -0.002014517 0.004055917 -0.001494526 -0.001979291 0.00450772 -0.001410365 -0.001982629 0.003151059 -0.001569688 -0.001997113 0.003452241 -0.001546084 -0.001993358 0.003452658 -0.001544535 -0.002035975 0.004278957 -0.001480698 -0.002016663 0.004279553 -0.001473605 -0.001986861 0.004506647 -0.001423001 -0.002081155 0.004735052 -0.001446068 -0.002052068 0.003147482 -0.001572847 -0.002020895 0.003225147 -0.001571238 -0.002059102 0.003297924 -0.001559674 -0.00197035 0.003264367 -0.001551568 -0.002028346 0.004621922 -0.001445412 -0.002062022 0.004733383 -0.001445412 -0.002050757 0.00473231 -0.001443266 -0.002035975 0.00473088 -0.001438319 -0.001990377 0.004845142 -0.001382172 -0.001988947 0.003301739 -0.001557528 -0.00203371 0.004790663 -0.001431405 -0.001997828 0.004844069 -0.001394808 -0.00204128 0.004899621 -0.001424312 -0.002091169 0.004873931 -0.001434266 -0.002094984 0.00492829 -0.001429617 -0.002038598 0.004860222 -0.001426935 -0.001900553 0.002544164 -0.001517295 -0.001893758 0.00241506 -0.00154674 -0.001881003 0.002253353 -0.00161761 -0.001864373 0.002104938 -0.001715302 -0.001865148 0.002120077 -0.001734197 -0.001871705 0.002134144 -0.001752734 -0.001883625 0.002146363 -0.0017699 -0.001900196 0.002156019 -0.001784682 -0.001995146 0.002550125 -0.001627981 -0.001985132 0.002491891 -0.001637756 -0.001967489 0.002411246 -0.001662135 -0.001935362 0.002280116 -0.001716911 -0.001900672 0.002546131 -0.001540482 -0.001906216 0.0025478 -0.001563012 -0.001916825 0.002549171 -0.001583695 -0.001931965 0.002550125 -0.001601338 -0.00195074 0.002550601 -0.001615107 -0.001972198 0.002550601 -0.001624107 -0.00189203 0.002271413 -0.001673698 -0.001899302 0.002338886 -0.001641631 -0.001909077 0.002417564 -0.001615643 -0.001911938 0.002460002 -0.001601696 -0.001864373 0.002104938 -0.001715302 -0.001851737 0.002062618 -0.001765608 -0.001831352 0.002022922 -0.001805663 -0.001803815 0.001986026 -0.001833617 -0.001767277 0.001953482 -0.001856505 -0.001725912 0.001930177 -0.001882135 -0.001700818 0.001921236 -0.001902163 -0.001674115 0.001914978 -0.001929998 -0.001651585 0.001911997 -0.001962065 -0.00166732 0.001912236 -0.001975059 -0.001682877 0.001908421 -0.001987516 -0.001697719 0.001900672 -0.00199908 -0.001900196 0.002156019 -0.001784682 -0.001857221 0.00204879 -0.001853406 -0.001796364 0.001959979 -0.001909613 -0.001760005 0.001928627 -0.00193578 -0.00173068 0.001912534 -0.001959621 -0.001713037 0.0019055 -0.00197792 -0.001865148 0.002120077 -0.001734197 -0.001871705 0.002134144 -0.001752734 -0.001883625 0.002146363 -0.0017699 -0.001651585 0.001911997 -0.001962065 -0.001637637 0.001910924 -0.001985669 -0.001654565 0.00191009 -0.001999616 -0.001671075 0.001904547 -0.002012908 -0.001686394 0.001894533 -0.002024948 -0.001697719 0.001900672 -0.00199908 -0.00166732 0.001912236 -0.001975059 -0.001682877 0.001908421 -0.001987516 -0.001637637 0.001910924 -0.001985669 -0.001613318 0.001910209 -0.0020262 -0.001627624 0.001908421 -0.0020383 -0.001641452 0.001903116 -0.002050042 -0.001654267 0.001894593 -0.00206089 -0.001665592 0.001883029 -0.002070486 -0.001686394 0.001894533 -0.002024948 -0.001654565 0.00191009 -0.001999616 -0.001671075 0.001904547 -0.002012908 0.0092839 0.003535509 -0.001138269 0.00928241 0.00355792 -0.001139521 0.009277522 0.003579258 -0.001144349 0.009269535 0.00359857 -0.001152575 0.009258866 0.003614842 -0.00116384 0.009245991 0.003627181 -0.00117743 0.009231686 0.003635108 -0.001192808 0.009216547 0.003638148 -0.001209139 0.008541464 0.003601789 3.2457e-4 0.008607506 0.003614723 -1.89178e-4 0.008795619 0.003626167 -6.67911e-4 0.00898385 0.003632724 -9.55846e-4 0.008640944 0.003501832 3.22409e-4 0.008638501 0.003524005 3.22971e-4 0.00863111 0.003545105 3.23478e-4 0.008619308 0.003564 3.23925e-4 0.008603513 0.003579854 3.24257e-4 0.008584678 0.003591775 3.24491e-4 0.008563637 0.003599226 3.24596e-4 0.008640944 0.003499209 3.22338e-4 0.008640944 0.003500103 3.22361e-4 0.008640944 0.003500998 3.22383e-4 0.008967399 0.003526806 -7.6418e-4 0.008750915 0.003515899 -3.23419e-4 0.008669614 0.003507852 -6.7465e-6 0.009132623 0.003620028 -0.0010522 0.009139716 0.003613173 -0.001045823 0.00914669 0.00360459 -0.001039624 0.008990347 0.003600239 -8.46699e-4 0.008899331 0.003597021 -7.07414e-4 0.008784711 0.003591716 -4.85282e-4 0.008698642 0.003585994 -2.52087e-4 0.008657395 0.003582 -9.13925e-5 0.008620381 0.003575742 1.55974e-4 0.008628487 0.003566205 1.56444e-4 0.008634984 0.00355643 1.5676e-4 -0.001499056 0.003606915 0.001971602 -0.001525163 0.003603816 0.001971781 -0.001551508 0.003593564 0.0019719 -0.001572549 0.003578186 0.001972019 -0.001589477 0.003557026 0.001972138 -0.001599967 0.003532052 0.001972198 -0.001603126 0.003504991 0.001972198 -0.001629471 0.003619611 0.001502811 -0.001726984 0.003516972 0.001524209 -0.001724898 0.003539621 0.001524269 -0.001717925 0.003561258 0.001523137 -0.001706421 0.003580689 0.001520812 -0.001690924 0.003597021 0.001517415 -0.001672267 0.003609299 0.001513123 -0.001651406 0.003616988 0.001508176 -0.001726984 0.003516972 0.001524209 -0.001724898 0.003539621 0.001524269 -0.001717925 0.003561258 0.001523137 -0.001706421 0.003580689 0.001520812 -0.001690924 0.003597021 0.001517415 -0.001672267 0.003609299 0.001513123 -0.001651406 0.003616988 0.001508176 -0.001629471 0.003619611 0.001502811 -0.001851558 0.004620254 5.30146e-4 -0.001841247 0.00438708 5.58197e-4 -0.001823902 0.004168152 6.38764e-4 -0.001798689 0.003974258 7.66378e-4 -0.001764833 0.003816008 9.34791e-4 -0.001721501 0.003701031 0.001134037 -0.001678407 0.003642559 0.001314878 -0.001951575 0.004617631 4.41607e-4 -0.001945853 0.00461775 4.65248e-4 -0.001934647 0.004618048 4.86825e-4 -0.001918494 0.004618465 5.05045e-4 -0.001898467 0.004619002 5.18829e-4 -0.001875698 0.004619598 5.27363e-4 -0.001791656 0.003559172 0.001247584 -0.00184077 0.003655791 0.001012861 -0.001876771 0.003786683 8.24351e-4 -0.001905202 0.003954529 6.66458e-4 -0.00192672 0.004152357 5.46839e-4 -0.001941859 0.004371464 4.70374e-4 -0.001947522 0.004493415 4.48901e-4 -0.00170499 0.003611207 0.001418471 -0.001714468 0.003604412 0.001419842 -0.001754462 0.003618955 0.00129199 -0.001775979 0.003647029 0.001197218 -0.001799821 0.003692626 0.001087307 -0.001821339 0.00375086 9.82888e-4 -0.001838743 0.003813266 8.95198e-4 -0.001855909 0.003893136 8.0562e-4 -0.00186944 0.003973662 7.33551e-4 -0.001882493 0.004071652 6.63895e-4 -0.001892507 0.004166543 6.11152e-4 -0.001901805 0.004277765 5.64378e-4 -0.001908659 0.004382431 5.33324e-4 -0.001911699 0.004439294 5.21328e-4 -0.001926124 0.004559159 4.97308e-4 -0.001951575 0.004617631 4.41607e-4 -0.001960515 0.004957556 4.41659e-4 -0.001945853 0.00461775 4.65248e-4 -0.001934647 0.004618048 4.86825e-4 -0.001918494 0.004618465 5.05045e-4 -0.001898467 0.004619002 5.18829e-4 -0.001875698 0.004619598 5.27363e-4 -0.001851558 0.004620254 5.30146e-4 -0.001860499 0.004960179 5.30221e-4 -0.001888692 0.004960179 5.26361e-4 -0.001884102 0.004959583 5.27564e-4 -0.001879453 0.004959702 5.2854e-4 -0.001870036 0.00495994 5.29837e-4 -0.001891076 0.004960179 5.2565e-4 -0.00189048 0.004959404 5.25832e-4 -0.001889646 0.004959404 5.26097e-4 -0.00195533 0.004957675 4.63989e-4 -0.001945137 0.004957973 4.84556e-4 -0.001930534 0.004958331 5.02247e-4 -0.001912295 0.004958808 5.16161e-4 0.009732425 0.004152834 -0.002376079 0.002909421 0.004152834 -0.001122713 0.002909421 0.004152834 -0.001122713 0.002909421 0.005767524 -0.001122713 0.002909421 0.005767524 -0.001122713 0.002909421 0.005767524 -0.001122713 0.009732425 0.005767524 -0.002376079 0.00977534 0.005753695 -0.002383947 0.009815454 0.005733132 -0.002391338 0.009801805 0.004969239 -0.002388834 0.009801805 0.004969239 -0.002388834 0.009801745 0.004963219 -0.002388775 0.009801745 0.004963219 -0.002388775 0.009801745 0.004957139 -0.002388775 0.009801745 0.004957139 -0.002388775 0.009801745 0.004957139 -0.002388775 0.009801805 0.004951119 -0.002388834 0.009801805 0.004951119 -0.002388834 0.009815454 0.004187226 -0.002391338 0.00977528 0.004166603 -0.002383947 0.009820342 0.006267368 -0.001897156 0.003233253 0.006267368 -6.87182e-4 0.009732425 0.005767524 -0.002376079 0.00973457 0.005877017 -0.002364158 0.009741067 0.005981147 -0.002328932 0.009751498 0.006074905 -0.002272188 0.009765386 0.006153762 -0.002196609 0.009782016 0.006213903 -0.002105891 0.009800672 0.006252408 -0.002004444 0.002909421 0.005767524 -0.001122713 0.003163099 0.006248116 -8.01738e-4 0.003091454 0.006198942 -9.05078e-4 0.003023326 0.006122469 -9.93405e-4 0.002970099 0.006033003 -0.001056313 0.00293374 0.005937814 -0.001096785 0.00291574 0.005854308 -0.001116096 0.009732425 0.004152834 -0.002376079 0.002909421 0.004152834 -0.001122713 0.00973457 0.0040434 -0.002364158 0.009741067 0.00393927 -0.002328932 0.009751498 0.003845453 -0.002272188 0.009765386 0.003766596 -0.002196609 0.009782016 0.003706455 -0.002105891 0.009800672 0.00366795 -0.002004444 0.009820342 0.003652989 -0.001897156 0.003233253 0.003652989 -6.87182e-4 0.002917706 0.004054784 -0.00111413 0.002940535 0.003962337 -0.001089572 0.002974927 0.003878295 -0.001050889 0.003018021 0.003805398 -9.99916e-4 0.003066599 0.003745675 -9.38374e-4 0.003118097 0.003699779 -8.67989e-4 0.00317049 0.003668844 -7.90343e-4 0.003202259 0.003657758 -7.39656e-4 0.008494853 0.002910196 0.004287004 0.007583796 0.002910196 0.005644202 0.006421208 0.002910196 0.00679326 0.0050534 0.002910196 0.007688283 0.008509874 0.00341016 0.004258811 0.005034089 0.00341016 0.007698297 0.006418228 0.00341016 0.006795644 0.007592737 0.00341016 0.005633354 0.0050534 0.007010161 0.007688283 0.006421208 0.007010161 0.00679326 0.007583796 0.007010161 0.005644202 0.008494853 0.007010161 0.004287004 0.005034089 0.006510198 0.007698297 0.008509874 0.006510198 0.004258811 0.007592737 0.006510198 0.005633354 0.006418228 0.006510198 0.006795644 0.004299223 0.006510198 0.007771313 0.004521965 0.006510198 0.007808744 0.004748344 0.006510198 0.007794797 0.004894614 0.006510198 0.007757544 0.005034089 0.006510198 0.007698297 0.0050534 0.007010161 0.007688283 0.004829108 0.007198274 0.007770836 0.004586994 0.007378935 0.007794678 0.004337847 0.007543861 0.007754147 0.004337847 0.007543861 0.007754147 0.004365861 0.007580757 0.007755458 0.004395365 0.007615447 0.007746398 0.004424631 0.007645964 0.007727324 0.004452168 0.0076707 0.00769937 0.004218757 0.007833838 0.007598876 0.003964006 0.007941305 0.007481873 0.003741204 0.007993161 0.00737226 0.003515422 0.008010208 0.007253766 0.003498971 0.008005321 0.007294356 0.003483295 0.007991015 0.007332921 0.003469228 0.007967948 0.00736767 0.003457367 0.007937192 0.007396936 0.003448307 0.007900297 0.007419228 0.003442525 0.007859051 0.007433474 0.00344026 0.00781542 0.007439017 0.003750562 0.007787585 0.007558763 0.004054844 0.007700741 0.00766474 0.004200696 0.007632195 0.007711768 0.003738939 0.00791949 0.007502675 0.0038504 0.007892549 0.007547914 0.004008769 0.007840096 0.007609307 0.004134535 0.007784843 0.007655739 0.004210293 0.007744431 0.0076828 0.0050534 0.007010161 0.007688283 0.004829108 0.007198274 0.007770836 0.004586994 0.007378935 0.007794678 0.004337847 0.007543861 0.007754147 0.0050534 0.007010161 0.007688283 0.004868805 0.007242619 0.007750868 0.004665374 0.007466197 0.007756352 0.004452168 0.0076707 0.00769937 0.004365861 0.007580757 0.007755458 0.004395365 0.007615447 0.007746398 0.004424631 0.007645964 0.007727324 0.008400857 0.008010208 0.001363456 0.008455157 0.007964551 0.002545297 0.008495926 0.007862746 0.003128945 0.008530199 0.007714271 0.003545999 0.008547902 0.007603645 0.003740072 0.008564949 0.007459998 0.003911852 0.008585631 0.00743401 0.003888249 0.008598744 0.0074054 0.00386244 0.008603751 0.00737524 0.003835499 0.008600831 0.007514178 0.003630518 0.008598029 0.007683396 0.003155052 0.008597731 0.007779955 0.002516925 0.008600831 0.00781542 0.001364171 0.00859481 0.007859051 0.001364171 0.008579432 0.007900297 0.001364111 0.008555352 0.007937192 0.001363992 0.008523821 0.007967948 0.001363873 0.00848633 0.007991015 0.001363754 0.008444666 0.008005321 0.001363635 0.008572459 0.007904827 0.001943886 0.008556485 0.007895469 0.002533137 0.008562445 0.007854878 0.002820968 0.008570015 0.007785022 0.003145575 0.008499979 0.007982671 0.001654148 0.008573055 0.007911026 0.001508772 0.008497774 0.007984995 0.001436233 0.008400857 0.008010208 0.001363456 0.008013308 0.008010208 0.002926826 0.007287085 0.008010208 0.00436455 0.006258845 0.008010208 0.005604326 0.004980206 0.008010208 0.006583809 0.003515422 0.008010208 0.007253766 0.004452168 0.0076707 0.00769937 0.004218757 0.007833838 0.007598876 0.003964006 0.007941305 0.007481873 0.003741204 0.007993161 0.00737226 0.0050534 0.007010161 0.007688283 0.004868805 0.007242619 0.007750868 0.004665374 0.007466197 0.007756352 0.006421208 0.007010161 0.00679326 0.007583796 0.007010161 0.005644202 0.008494853 0.007010161 0.004287004 0.008553266 0.00721395 0.004130125 0.008567929 0.007338523 0.00402373 0.008564949 0.007459998 0.003911852 0.008455157 0.007964551 0.002545297 0.008495926 0.007862746 0.003128945 0.008530199 0.007714271 0.003545999 0.008547902 0.007603645 0.003740072 0.005043745 0.00721395 0.007669687 0.005004107 0.007459998 0.007593452 0.004141986 0.007941246 0.007411539 0.004073739 0.007992923 0.007245123 0.004938483 0.0076707 0.00746721 0.004853785 0.007833719 0.00730431 0.004760444 0.007941246 0.007124722 0.004677474 0.007992923 0.00696516 0.006408035 0.00721395 0.006776928 0.006354033 0.007459998 0.006710112 0.006264626 0.0076707 0.006599366 0.006937563 0.00721395 0.006309866 0.006149232 0.007833719 0.006456613 0.006878018 0.007459998 0.006247997 0.006022036 0.007941246 0.006299138 0.005909025 0.007992923 0.006159245 0.006779372 0.0076707 0.006145417 0.006652057 0.007833719 0.006013095 0.007567644 0.00721395 0.005630791 0.006511747 0.007941246 0.005867242 0.007501482 0.007459998 0.005576074 0.006387054 0.007992923 0.005737662 0.00739181 0.0076707 0.005485355 0.007250368 0.007833719 0.005368292 0.008105993 0.00721395 0.004901111 0.007094383 0.007941246 0.005239248 0.00803411 0.007459998 0.004854083 0.006955862 0.007992923 0.005124628 0.007915079 0.0076707 0.00477606 0.008476316 0.00721395 0.00427711 0.007761538 0.007833719 0.004675447 0.008400559 0.007459998 0.004236578 0.00759226 0.007941246 0.004564523 0.007441818 0.007992923 0.004465937 0.008275091 0.0076707 0.004169464 0.008113205 0.007833719 0.004082858 0.007934749 0.007941246 0.003987431 0.007776141 0.007992923 0.003902614 0.00839883 0.007833719 0.003489494 0.008212924 0.007941246 0.003409564 0.008047699 0.007992923 0.003338515 0.008345782 0.007992923 0.002513051 0.008494853 0.007010161 0.004287004 0.008553266 0.00721395 0.004130125 0.008567929 0.007338523 0.00402373 0.008564949 0.007459998 0.003911852 0.008494853 0.007010161 0.004287004 0.008571147 0.007175683 0.004095792 0.008596539 0.007276773 0.003968179 0.008603751 0.00737524 0.003835499 0.008585631 0.00743401 0.003888249 0.008598744 0.0074054 0.00386244 0.008509874 0.006510198 0.004258811 0.008573889 0.006510198 0.004110217 0.00861299 0.006510198 0.003953993 0.00862658 0.006510198 0.003792762 0.008603751 0.00737524 0.003835499 0.008494853 0.007010161 0.004287004 0.008571147 0.007175683 0.004095792 0.008596539 0.007276773 0.003968179 0.00862658 0.00341016 0.003792762 0.00861299 0.00341016 0.003953993 0.008573889 0.00341016 0.004110217 0.008509874 0.00341016 0.004258811 0.008494853 0.002910196 0.004287004 0.008571147 0.002744674 0.004095792 0.008596539 0.002643585 0.003968179 0.008603751 0.002545118 0.003835499 0.008603751 0.002545118 0.003835499 0.008598744 0.002515017 0.00386244 0.008585631 0.002486348 0.003888249 0.008564949 0.00246036 0.003911852 0.008545696 0.002301037 0.003716707 0.008525788 0.00218296 0.003495693 0.008475244 0.00199753 0.002848088 0.008433699 0.001926779 0.002172589 0.008400857 0.001910209 0.001363456 0.008444666 0.001915037 0.001363635 0.00848633 0.001929342 0.001363754 0.008523821 0.001952409 0.001363873 0.008555352 0.001983165 0.001363992 0.008579432 0.002020061 0.001364111 0.00859481 0.002061307 0.001364171 0.008600831 0.002104938 0.001364171 0.008597671 0.002147436 0.002592444 0.008599042 0.002306699 0.003397285 0.008600771 0.00240457 0.003627419 0.008602142 0.002470672 0.003739237 0.008544504 0.001974105 0.001766681 0.008527457 0.001958131 0.00176686 0.008553802 0.00200963 0.002386927 0.00856024 0.002049565 0.002720713 0.008569777 0.002132475 0.003134906 0.008494853 0.002910196 0.004287004 0.008571147 0.002744674 0.004095792 0.008596539 0.002643585 0.003968179 0.008603751 0.002545118 0.003835499 0.008494853 0.002910196 0.004287004 0.008553206 0.002706408 0.004130125 0.008567929 0.002581775 0.004023671 0.008564949 0.00246036 0.003911852 0.008598744 0.002515017 0.00386244 0.008585631 0.002486348 0.003888249 0.003515422 0.001910209 0.007253766 0.003841757 0.001946151 0.007422566 0.00416094 0.002057015 0.007573127 0.004311978 0.002142429 0.007639765 0.004452168 0.002249658 0.00769937 0.004424631 0.002274394 0.007727324 0.004395365 0.002304911 0.007746398 0.004365861 0.002339601 0.007755458 0.004337847 0.002376556 0.007754147 0.004085004 0.002232015 0.007674634 0.003812313 0.002145349 0.007581174 0.003627061 0.002114892 0.007512569 0.00344026 0.002104938 0.007439017 0.003442525 0.002061307 0.007433474 0.003448307 0.002020061 0.007419228 0.003457367 0.001983165 0.007396936 0.003469228 0.001952409 0.00736767 0.003483295 0.001929342 0.007332921 0.003498971 0.001915037 0.007294356 0.00354892 0.002009928 0.007451832 0.003725111 0.001998126 0.007496953 0.003821372 0.002020061 0.007536292 0.003980875 0.00206983 0.007598817 0.004121482 0.002129197 0.007651031 0.004196643 0.002168238 0.007677972 0.003529191 0.001936197 0.007364332 0.008433699 0.001926779 0.002172589 0.008375346 0.001917541 0.002158343 0.008316576 0.001912057 0.002144038 0.008257567 0.001910209 0.002129614 0.008564949 0.00246036 0.003911852 0.008545696 0.002301037 0.003716707 0.008525788 0.00218296 0.003495693 0.008475244 0.00199753 0.002848088 0.008494853 0.002910196 0.004287004 0.008553206 0.002706408 0.004130125 0.008567929 0.002581775 0.004023671 0.007583796 0.002910196 0.005644202 0.006421208 0.002910196 0.00679326 0.0050534 0.002910196 0.007688283 0.004868865 0.002677798 0.007750868 0.004665374 0.002454161 0.007756352 0.004452168 0.002249658 0.00769937 0.003515422 0.001910209 0.007253766 0.003841757 0.001946151 0.007422566 0.00416094 0.002057015 0.007573127 0.004311978 0.002142429 0.007639765 0.004845619 0.001910209 0.006662726 0.006029427 0.001910209 0.005815625 0.007018089 0.001910209 0.004747271 0.007771134 0.001910209 0.003501594 0.008483767 0.002142488 0.003477931 0.008476495 0.00246036 0.004091084 0.008270561 0.001997768 0.003387629 0.008387446 0.002301156 0.004045724 0.008060634 0.001926779 0.003298759 0.008251667 0.002142488 0.003976643 0.008045256 0.001997768 0.00387156 0.007842123 0.001926779 0.003768205 0.00780034 0.002706408 0.005336046 0.007731676 0.00246036 0.005284368 0.007651805 0.002301156 0.005224287 0.007530093 0.002142488 0.005132675 0.00734508 0.001997768 0.004993379 0.007162928 0.001926779 0.004856348 0.006620049 0.00246036 0.006485581 0.006553947 0.002301156 0.006410539 0.006453216 0.002142488 0.006296277 0.006300032 0.001997768 0.006122589 0.006149291 0.001926779 0.005951583 0.005289137 0.00246036 0.007437944 0.005239486 0.002301156 0.00735116 0.005163848 0.002142488 0.007218956 0.004833877 0.00246036 0.007679462 0.005048811 0.001997768 0.00701791 0.004789888 0.002301156 0.007589697 0.004722833 0.002142488 0.007452845 0.004935681 0.001926779 0.006820082 0.00462085 0.001997768 0.007244944 0.004520535 0.001926779 0.007040262 0.004118919 0.001997768 0.007468879 0.004033625 0.001926779 0.007257461 0.0050534 0.002910196 0.007688283 0.004868865 0.002677798 0.007750868 0.004665374 0.002454161 0.007756352 0.004452168 0.002249658 0.00769937 0.0050534 0.002910196 0.007688283 0.004829227 0.002722144 0.007770836 0.004586994 0.002541482 0.007794678 0.004337847 0.002376556 0.007754147 0.004424631 0.002274394 0.007727324 0.004395365 0.002304911 0.007746398 0.004365861 0.002339601 0.007755458 0.005034089 0.00341016 0.007698297 0.004823088 0.00341016 0.007778823 0.004598379 0.00341016 0.007809698 0.004447638 0.00341016 0.007802009 0.004299223 0.00341016 0.007771313 0.004337847 0.002376556 0.007754147 0.0050534 0.002910196 0.007688283 0.004829227 0.002722144 0.007770836 0.004586994 0.002541482 0.007794678 0.0118497 0.004957556 -0.003693997 0.01186197 0.004956781 -0.003708302 0.01187139 0.004956066 -0.003724634 0.01187759 0.00495553 -0.003742516 0.01187765 0.004957079 -0.003742516 0.01187765 0.004958629 -0.003742516 0.01187771 0.004960179 -0.003742456 0.01187759 0.004964828 -0.003742516 0.01187765 0.004963278 -0.003742516 0.01187765 0.004961729 -0.003742516 0.01187139 0.004964292 -0.003724634 0.01186197 0.004963636 -0.003708302 0.0118497 0.004962801 -0.003693997 0.0118497 0.004961073 -0.003693938 0.0118497 0.004959285 -0.003693938 0.01186716 0.004960179 -0.00371623 -0.002655148 0.004960179 -0.003698527 -0.002655088 0.004962205 -0.003698527 -0.002655029 0.004964232 -0.003698527 -0.002654969 0.004966259 -0.003698468 -0.002655088 0.004958152 -0.003698527 -0.002655029 0.004956126 -0.003698527 -0.002654969 0.004954099 -0.003698468 -0.002656817 0.004954338 -0.003688991 -0.002657711 0.004954636 -0.003679394 -0.002657711 0.004954934 -0.003669738 -0.002657711 0.004965424 -0.003669738 -0.00265783 0.004961907 -0.003669738 -0.00265783 0.00495845 -0.003669738 -0.002657711 0.004965722 -0.003679394 -0.002656817 0.00496602 -0.003688991 -0.002269029 0.004962801 -0.001260161 -0.002269029 0.004961907 -0.001260161 -0.002269029 0.004961073 -0.001260161 -0.002269029 0.004960179 -0.001260161 -0.002160549 0.004960179 -0.00139153 -0.002160608 0.004962801 -0.00139153 -0.002160549 0.004961907 -0.00139153 -0.002160549 0.004961073 -0.00139153 0.008634328 0.006462097 0.001913487 0.008634388 0.006459474 0.001913487 0.008640944 0.006418526 3.22409e-4 0.008640944 0.006421148 3.22338e-4 0.008640944 0.006420254 3.22361e-4 0.008640944 0.00641942 3.22383e-4 0.009944677 0.006251156 -0.001919567 0.009903728 0.006260156 -0.001912295 0.009862184 0.00626558 -0.001904785 0.009820342 0.006267368 -0.001897156 0.009838759 0.006270051 -0.001797139 0.009820342 0.003652989 -0.001897156 0.009862184 0.003654778 -0.001904785 0.009903728 0.003660202 -0.001912295 0.009944677 0.003669202 -0.001919567 0.009838759 0.003650307 -0.001797139 -0.002531409 0.004965424 -0.003793954 -0.002531409 0.004965424 -0.003793954 -0.002459466 0.00597608 -0.003766477 -0.002459466 0.00597608 -0.003766477 -0.002459466 0.00597608 -0.003766477 -0.002231776 0.006962656 -0.003804981 -0.002596259 0.004965424 -0.003767073 -0.002549231 0.005831658 -0.003737449 -0.002549231 0.005831658 -0.003737449 -0.002549231 0.005831658 -0.003737449 -0.002544701 0.005885779 -0.003736257 -0.002544701 0.005885779 -0.003736257 -0.002290844 0.00707221 -0.003774285 0.0024513 0.01066023 -0.005538344 0.0024513 0.01066023 -0.005538344 0.0024513 0.01066023 -0.005538344 0.001029491 0.0103181 -0.004967808 -2.80678e-4 0.00959587 -0.004465103 -2.80678e-4 0.00959587 -0.004465103 -0.001405 0.008568704 -0.00405687 -0.001405 0.008568704 -0.00405687 -0.001405 0.008568704 -0.00405687 -0.001920402 0.007867634 -0.003882825 -0.001920402 0.007867634 -0.003882825 0.002610921 0.01068347 -0.005603194 0.002607166 0.01049596 -0.005612313 0.002607166 0.01049596 -0.005612313 0.002421379 0.01046901 -0.005536735 0.002421379 0.01046901 -0.005536735 -0.001871824 0.007733583 -0.003910601 -0.001371562 0.008412778 -0.00407958 -0.001371562 0.008412778 -0.00407958 -5.77703e-4 0.009180963 -0.004365444 -5.77703e-4 0.009180963 -0.004365444 4.44114e-4 0.009864926 -0.004750609 4.44114e-4 0.009864926 -0.004750609 0.001403152 0.01026159 -0.005126059 0.001403152 0.01026159 -0.005126059 0.002607166 0.01049596 -0.005612313 0.003302216 0.01054579 -0.005960941 0.003845036 0.01052951 -0.006409466 0.004235744 0.0104888 -0.006903529 0.004531979 0.01043772 -0.007461488 0.004733502 0.01038497 -0.008057594 0.004846155 0.0103352 -0.008679509 0.00485605 0.01027214 -0.009637892 0.004712224 0.01022511 -0.01059097 0.002610921 0.01068347 -0.005603194 0.004721045 0.01039707 -0.01059263 0.004856228 0.01044082 -0.00973618 0.004879772 0.01048862 -0.009005844 0.004719078 0.01057404 -0.007966518 0.004346609 0.01065975 -0.007066667 0.003863573 0.01071816 -0.006414473 0.003300666 0.01073604 -0.005948007 0.002965629 0.01072096 -0.00575906 0.004251062 0.01003783 -0.01899629 0.004724085 0.009947121 -0.01955997 0.005255281 0.009820997 -0.02006238 0.003849744 0.01010358 -0.01826393 0.003632426 0.01012974 -0.01745265 0.003612339 0.01013219 -0.01656442 0.003745794 0.01012372 -0.01568204 0.003754198 0.01028734 -0.01568359 0.004251897 0.01019591 -0.01898324 0.003854453 0.01026242 -0.01825338 0.003639936 0.0102902 -0.01744568 0.003621041 0.01029437 -0.0165618 0.004631578 0.01012349 -0.01945054 0.005260765 0.009977996 -0.02005618 -0.002231597 0.002849876 -0.003798961 -0.002231597 0.002849876 -0.003798961 -0.002410471 0.003537356 -0.003763735 -0.002410471 0.003537356 -0.003763735 -0.002504229 0.004243612 -0.003764867 -0.002531468 0.004954934 -0.003793954 0.002421736 -6.57021e-4 -0.005530714 0.002421736 -6.57021e-4 -0.005530714 0.001028776 -3.21027e-4 -0.004971802 0.001028776 -3.21027e-4 -0.004971802 0.001028776 -3.21027e-4 -0.004971802 -2.5586e-4 3.83988e-4 -0.004478812 -2.5586e-4 3.83988e-4 -0.004478812 -2.5586e-4 3.83988e-4 -0.004478812 -0.00135982 0.001386225 -0.004077613 -0.00135982 0.001386225 -0.004077613 -0.001866996 0.002071261 -0.003906011 -0.001866996 0.002071261 -0.003906011 0.002609372 -6.84169e-4 -0.005607068 0.002609372 -6.84169e-4 -0.005607068 0.002610921 -7.6305e-4 -0.005603194 0.0024513 -7.39827e-4 -0.005538344 0.0024513 -7.39827e-4 -0.005538344 0.0024513 -7.39827e-4 -0.005538344 0.001029491 -3.97705e-4 -0.004967808 0.001029491 -3.97705e-4 -0.004967808 -2.80678e-4 3.24514e-4 -0.004465103 -2.80678e-4 3.24514e-4 -0.004465103 -2.80678e-4 3.24514e-4 -0.004465103 -0.001405 0.001351714 -0.00405687 -0.001405 0.001351714 -0.00405687 -0.001405 0.001351714 -0.00405687 -0.001405 0.001351714 -0.00405687 -0.001920402 0.002052724 -0.003882825 -0.002290844 0.002848148 -0.003774285 -0.002290844 0.002848148 -0.003774285 -0.002544701 0.004034578 -0.003736257 -0.002549231 0.004088759 -0.003737449 -0.002596259 0.004954934 -0.003767073 0.002609372 -6.84169e-4 -0.005607068 0.002610921 -7.6305e-4 -0.005603194 0.004721045 -4.76679e-4 -0.01059263 0.004856228 -5.20448e-4 -0.00973618 0.004879772 -5.68227e-4 -0.009005844 0.004719078 -6.53622e-4 -0.007966518 0.004346609 -7.39328e-4 -0.007066667 0.003863573 -7.97787e-4 -0.006414473 0.003300666 -8.15627e-4 -0.005948007 0.002965629 -8.00582e-4 -0.00575906 0.004717707 -4.12126e-4 -0.01059198 0.004852712 -4.53649e-4 -0.009736418 0.004876196 -4.98788e-4 -0.009007036 0.004715561 -5.79699e-4 -0.007968485 0.00434339 -6.60998e-4 -0.007069289 0.003860712 -7.1645e-4 -0.006417691 0.003298342 -7.33713e-4 -0.005951642 0.002963721 -7.19862e-4 -0.005762815 0.003751337 -3.108e-4 -0.01568305 0.003603756 -3.20262e-4 -0.01681852 0.003672838 -3.12974e-4 -0.01765495 0.003892421 -2.85139e-4 -0.01835089 0.004254102 -2.24901e-4 -0.01899087 0.003754198 -3.6693e-4 -0.01568359 0.004251897 -2.75541e-4 -0.01898324 0.003854453 -3.42039e-4 -0.01825338 0.003639936 -3.69819e-4 -0.01744568 0.003621041 -3.74006e-4 -0.0165618 0.004631578 -2.0308e-4 -0.01945054 0.005260765 -5.7627e-5 -0.02005618 0.005258977 -7.69086e-6 -0.02005815 0.004678308 -1.44029e-4 -0.01950424 -0.002531468 0.004954934 -0.003793954 -0.002596259 0.004954934 -0.003767073 -0.002596259 0.004965424 -0.003767073 -0.002596259 0.004961907 -0.003767192 -0.002596259 0.00495845 -0.003767192 -0.002531409 0.004965424 -0.003793954 -0.002098202 0.006778538 -0.001541793 -0.002160608 0.004962801 -0.00139153 -0.002160608 0.004962801 -0.00139153 -0.002160608 0.004962801 -0.00139153 -0.002231299 0.005898475 -0.001344382 -0.002231299 0.005898475 -0.001344382 -0.002234756 0.00584501 -0.001338005 -0.002234756 0.00584501 -0.001338005 -0.002269029 0.004962801 -0.001260161 0.0118497 0.004962801 -0.003693997 0.01043373 0.004962801 -0.002200722 0.01042914 0.0057621 -0.002226114 0.01041907 0.005876302 -0.002219974 0.01039135 0.005984544 -0.002195417 0.01035958 0.006060779 -0.002165675 0.01032108 0.00612837 -0.002128899 0.01026076 0.006205976 -0.002070665 0.01018369 0.006275594 -0.001995801 0.01009923 0.006326615 -0.001913726 0.01001036 0.006358861 -0.001827418 0.009959578 0.006368637 -0.001778066 0.009907901 0.00637263 -0.001727938 0.009448111 0.00638169 -0.0012905 0.009378135 0.01030325 -0.001365661 0.009378135 0.01030343 -0.001365721 0.009582281 0.01016902 -0.001553237 0.01060676 0.009330451 -0.002553641 0.01102536 0.008784174 -0.003013014 0.01128339 0.008275926 -0.003261685 0.01147508 0.007710397 -0.00343126 0.0117951 0.00600934 -0.003679633 0.01179891 0.005959033 -0.003681421 0.009448111 0.00638169 -0.0012905 0.0092839 0.006384849 -0.001138269 0.009247362 0.00781542 -0.001155555 0.008888781 0.00800395 -8.43011e-4 0.008675396 0.008082568 -6.74941e-4 0.008490085 0.008107542 -5.4431e-4 0.008059322 0.008107542 -3.09281e-4 0.008030652 0.01089537 -3.76407e-4 0.00803101 0.01089531 -3.76571e-4 0.008414983 0.01078122 -5.78899e-4 0.008921325 0.01057028 -9.59218e-4 0.009378135 0.01030325 -0.001365661 0.00747919 0.006434559 -0.02227234 0.00747919 0.006434559 -0.02227234 0.00747919 0.006434559 -0.02227234 0.007315099 0.007539689 -0.02204936 0.007315099 0.007539689 -0.02204936 0.005255281 0.009820997 -0.02006238 0.005255281 0.009820997 -0.02006238 0.006165266 0.009436428 -0.02089655 0.006165266 0.009436428 -0.02089655 0.006571769 0.009114682 -0.02127969 0.006571769 0.009114682 -0.02127969 0.006571769 0.009114682 -0.02127969 0.006907105 0.008687019 -0.0216071 0.006907105 0.008687019 -0.0216071 0.006907105 0.008687019 -0.0216071 0.006907105 0.008687019 -0.0216071 0.007156431 0.00814104 -0.0218665 0.007156431 0.00814104 -0.0218665 0.00724405 0.007845163 -0.02196496 0.00724405 0.007845163 -0.02196496 0.00724405 0.007845163 -0.02196496 0.005260765 0.009977996 -0.02005618 0.007350564 0.007679939 -0.022071 0.007350564 0.007679939 -0.022071 0.007350564 0.007679939 -0.022071 0.007350564 0.007679939 -0.022071 0.007192432 0.008286416 -0.02188825 0.007192432 0.008286416 -0.02188825 0.006974339 0.00878328 -0.02165997 0.006974339 0.00878328 -0.02165997 0.006707906 0.009157776 -0.02139741 0.006707906 0.009157776 -0.02139741 0.006707906 0.009157776 -0.02139741 0.006388425 0.009454667 -0.02109318 0.006388425 0.009454667 -0.02109318 0.005843281 0.009773194 -0.02058732 0.005843281 0.009773194 -0.02058732 0.007553339 0.006062865 -0.02236419 0.007553339 0.006062865 -0.02236419 0.007554888 0.00601232 -0.02236908 0.007554888 0.00601232 -0.02236908 0.007564663 0.004965424 -0.0224511 0.007528245 0.004965424 -0.02241879 0.007528245 0.004965424 -0.02241879 -0.002190947 0.007100462 -0.001671791 -0.002271175 0.006801426 -0.001592755 -0.002248823 0.007099866 -0.00224632 -0.002517998 0.005894899 -0.002369701 -0.002406537 0.005907058 -0.001392662 -0.00192511 0.007757067 -0.00183171 -0.00208193 0.007400453 -0.001716971 -0.001816451 0.007982909 -0.002026677 -0.0018242 0.007964193 -0.001987874 -0.001836001 0.00793904 -0.001954019 -0.001855552 0.007898926 -0.001915454 -0.001889109 0.007830798 -0.001867771 -0.001812398 0.007993757 -0.002055764 -0.001803159 0.008016228 -0.002107977 -0.001800358 0.008022546 -0.002120912 -0.002248823 0.007099866 -0.00224632 -0.002190947 0.007100462 -0.001671791 -0.002347052 0.007099509 -0.003677606 -0.002248823 0.007099866 -0.00224632 -0.001800358 0.008022546 -0.002120912 -0.001726627 0.008159577 -0.002287447 -0.00175774 0.008106052 -0.002241909 -0.001782178 0.008060336 -0.002185285 0.001801669 0.01076489 -0.003602325 0.001004695 0.01047497 -0.003623545 2.59452e-4 0.01008546 -0.003500819 -4.059e-4 0.009621739 -0.003262996 -9.89094e-4 0.009098708 -0.0029338 -0.001388847 0.008646368 -0.002623438 0.0026353 0.01096433 -0.003405511 0.00247091 0.01075291 -0.005454301 -0.001971364 0.007908046 -0.003786265 -0.001448869 0.008621335 -0.003961741 -6.20686e-4 0.009425103 -0.004258513 4.5158e-4 0.01014053 -0.004659652 0.001439511 0.01054501 -0.005042016 0.00476706 0.01127952 -0.001660704 0.004604756 0.01125854 -0.001912176 0.006744027 0.01109027 -0.00187838 0.008327841 0.01075953 -0.001773774 0.008387148 0.01087439 -6.74535e-4 0.008013427 0.01098978 -4.79277e-4 0.007627606 0.0110808 -3.69605e-4 0.007266819 0.01114505 -3.55266e-4 0.006768703 0.01120883 -4.50436e-4 0.006192564 0.01125741 -6.69021e-4 0.005202412 0.01129502 -0.001209378 0.0050354 0.01129412 -0.001337945 0.004889309 0.011289 -0.001489341 0.002632737 0.01077651 -0.005519151 0.003341317 0.0108301 -0.005868077 0.003898978 0.0108152 -0.006317019 0.004303395 0.01077395 -0.006812155 0.004613995 0.01072096 -0.007374823 0.004828453 0.01066571 -0.007976889 0.004952847 0.01061296 -0.008607923 0.004983842 0.01055258 -0.009461998 0.004926323 0.01051932 -0.01004201 0.004825651 0.01049149 -0.01061695 0.00247091 0.01075291 -0.005454301 0.0026353 0.01096433 -0.003405511 0.002987921 0.01103121 -0.003260791 0.003292202 0.01108086 -0.003103315 0.004087626 0.0111882 -0.002509355 0.004604697 0.01125854 -0.001912176 0.004604697 0.01125854 -0.001912176 0.004604756 0.01125854 -0.001912176 0.006744027 0.01109027 -0.00187838 0.008327841 0.01075953 -0.001773774 0.006564021 0.01014506 -0.01278114 0.007585048 0.01032519 -0.007871091 0.008055686 0.01052743 -0.004582345 0.004372417 0.01040232 -0.01298868 0.007531166 0.01080197 -0.003172874 0.006347537 0.01094734 -0.003556191 0.005916357 0.01082134 -0.005241096 0.006222426 0.01076894 -0.00545901 0.006418526 0.01072329 -0.005701482 0.006555676 0.01068037 -0.00597763 0.005951821 0.01031523 -0.01175695 0.008327841 0.01075953 -0.001773774 0.009562253 0.01025283 -0.001637876 0.008387148 0.01087439 -6.74535e-4 0.009354233 0.0103892 -0.001453578 0.01149904 0.007738351 -0.003517448 0.009944856 0.007740974 -0.01267826 0.009730339 0.008260071 -0.0126807 0.00938946 0.008736491 -0.01268619 0.008952081 0.009137332 -0.01269489 0.008418798 0.009486794 -0.01270812 0.007507979 0.009891331 -0.01273858 0.006564021 0.01014506 -0.01278114 0.007585048 0.01032519 -0.007871091 0.008055686 0.01052743 -0.004582345 0.008327841 0.01075953 -0.001773774 0.009562253 0.01025283 -0.001637876 0.009560763 0.01025384 -0.001636445 0.009562313 0.01025283 -0.001637876 0.01130318 0.008313536 -0.003347218 0.01103794 0.008830964 -0.003099381 0.01076745 0.009207665 -0.00281471 0.01036542 0.009633183 -0.002394378 0.009473323 0.00895977 -0.01108992 0.009105145 0.009259223 -0.01112449 0.009245157 0.009288847 -0.01028186 0.00891745 0.009504437 -0.01031708 0.008602499 0.009678781 -0.01034998 0.01018035 0.008847653 -0.008004069 0.01053434 0.009089887 -0.004853308 0.0100255 0.009427547 -0.005637407 0.00975269 0.009642124 -0.005550026 0.009197771 0.0100125 -0.00522679 0.01037496 0.009438931 -0.003676414 0.009970963 0.009709 -0.00396955 0.01007688 0.009697973 -0.003498673 0.009687066 0.009909808 -0.003846764 0.009468972 0.01005375 -0.003698885 0.008872091 0.009741723 -0.008754432 0.008999884 0.009778738 -0.007936894 0.009357094 0.009675204 -0.00716418 0.01182407 0.006017565 -0.003767371 0.01149904 0.007738351 -0.003517448 0.009944856 0.007740974 -0.01267826 0.008591353 0.007738292 -0.01935184 0.008980751 0.006029009 -0.01925587 0.008988261 0.006028771 -0.01922589 0.0102747 0.006040036 -0.01282137 0.009324848 0.0068897 -0.01706665 -0.002521097 0.00589478 -0.002405583 -0.002605676 0.00589174 -0.003639161 -0.002517998 0.005894899 -0.002369701 -0.002248823 0.007099866 -0.00224632 -0.002347052 0.007099509 -0.003677606 0.004712224 0.01022511 -0.01059097 0.004261314 0.01014018 -0.01295554 0.004261314 0.01014018 -0.01295554 0.004721045 0.01039707 -0.01059263 0.004268288 0.01030778 -0.01296603 0.004268288 0.01030778 -0.01296603 0.003754198 0.01028734 -0.01568359 0.003745794 0.01012372 -0.01568204 0.003745794 0.01012372 -0.01568204 0.003859281 0.01038187 -0.0157026 0.003714561 0.01038944 -0.01681911 0.003782749 0.01038026 -0.01763272 0.003998816 0.01035052 -0.01831167 0.004349172 0.01028943 -0.01892769 0.006564021 0.01014506 -0.01278114 0.005566358 0.01017016 -0.01596808 0.004372417 0.01040232 -0.01298868 0.004721939 0.01021665 -0.0193845 0.005350172 0.01006996 -0.01998573 0.006580173 0.009720504 -0.01952087 0.007460296 0.009263694 -0.01950782 0.007981777 0.008820414 -0.01946437 0.008343875 0.008315622 -0.0194081 0.008477032 0.008038222 -0.01937943 0.008591353 0.007738292 -0.01935184 0.008038401 0.007730841 -0.02099412 0.007497847 0.007704317 -0.0220468 0.006299078 0.009674608 -0.02085047 0.00672549 0.00934118 -0.0212503 0.00699979 0.00901401 -0.02151536 0.007261276 0.008526027 -0.02178013 0.007396757 0.00812602 -0.02192747 0.006564021 0.01014506 -0.01278114 0.005566358 0.01017016 -0.01596808 0.004349172 0.01028943 -0.01892769 0.009944856 0.007740974 -0.01267826 0.009730339 0.008260071 -0.0126807 0.00938946 0.008736491 -0.01268619 0.008952081 0.009137332 -0.01269489 0.008418798 0.009486794 -0.01270812 0.007507979 0.009891331 -0.01273858 0.008591353 0.007738292 -0.01935184 0.004721939 0.01021665 -0.0193845 0.006580173 0.009720504 -0.01952087 0.007460296 0.009263694 -0.01950782 0.007981777 0.008820414 -0.01946437 0.008343875 0.008315622 -0.0194081 0.008477032 0.008038222 -0.01937943 0.008973121 0.008157432 -0.01694697 0.008782625 0.008549392 -0.01684719 0.008102893 0.009248197 -0.0166493 0.007434129 0.009454905 -0.01822578 0.006619751 0.009819269 -0.01789808 0.006284475 0.009952187 -0.01729577 0.007993996 0.008942127 -0.01895099 0.007497847 0.007704317 -0.0220468 0.007701337 0.006068468 -0.02234607 0.00810945 0.006013214 -0.02167493 0.00847584 0.00602132 -0.02085822 0.008980751 0.006029009 -0.01925587 0.008591353 0.007738292 -0.01935184 0.008038401 0.007730841 -0.02099412 -0.001569926 0.008107542 -0.002225458 -8.26694e-4 0.009068906 -0.00287652 5.89713e-5 0.009819746 -0.003316342 9.11735e-4 0.01032125 -0.003506183 0.00135523 0.0105139 -0.0035277 0.001815319 0.01067161 -0.003495872 0.001815497 0.01067155 -0.003495812 0.001806378 0.008107542 -0.003429293 8.77492e-4 0.008107542 -0.003444492 -2.85804e-5 0.008107542 -0.003239095 -8.60184e-4 0.008107542 -0.002824902 0.001815497 0.01067155 -0.003495812 0.002617716 0.01086878 -0.003302633 0.002957701 0.01093506 -0.003161251 0.00295782 0.01093506 -0.003161191 0.002925753 0.008107542 -0.003094434 0.002441644 0.008107542 -0.00328654 0.00212723 0.008107542 -0.003371775 0.001806378 0.008107542 -0.003429293 0.00295782 0.01093506 -0.003161191 0.003251254 0.01098442 -0.003007173 0.003213286 0.008107542 -0.002942144 0.003118872 0.008107542 -0.00299555 0.003022968 0.008107542 -0.003046333 0.002925753 0.008107542 -0.003094434 0.003251254 0.01098442 -0.003007173 0.004020273 0.01109147 -0.002426505 0.004020273 0.01109147 -0.002426505 0.003965973 0.008107542 -0.002370357 0.003730714 0.008107542 -0.002581 0.003479301 0.008107542 -0.002772033 0.003213286 0.008107542 -0.002942144 0.004020273 0.01109147 -0.002426505 0.004521548 0.01116186 -0.001842975 0.004678905 0.01118248 -0.001601219 0.004678905 0.01118248 -0.001601219 0.004609823 0.008107542 -0.001559793 0.004315137 0.008107542 -0.001986026 0.003965973 0.008107542 -0.002370357 0.004678905 0.01118248 -0.001601219 0.004809379 0.01119196 -0.001417934 0.004965186 0.01119709 -0.00125581 0.005143284 0.01119798 -0.001118063 0.005099773 0.008107542 -0.001049816 0.004911839 0.008107542 -0.001195013 0.00474739 0.008107542 -0.001366138 0.004609823 0.008107542 -0.001559793 0.005143284 0.01119804 -0.001118063 0.006365656 0.01114499 -4.72426e-4 0.007026195 0.01107895 -2.73552e-4 0.007441818 0.01101857 -2.42341e-4 0.007741391 0.01096242 -2.82954e-4 0.008030652 0.01089543 -3.76407e-4 0.008030831 0.01089543 -3.76496e-4 0.008030652 0.01089537 -3.76407e-4 0.008059322 0.008107542 -3.09281e-4 0.007656395 0.008107542 -1.8936e-4 0.007235169 0.008107542 -1.68908e-4 0.006819903 0.008107542 -2.38139e-4 0.005931794 0.008107542 -5.80803e-4 0.005099773 0.008107542 -0.001049816 0.005143284 0.01119798 -0.001118063 0.009043753 0.004965424 -0.0192402 0.01057219 0.004965424 -0.011505 0.008992493 0.005972921 -0.01922744 0.0118283 0.005961656 -0.003769278 0.01027852 0.005984306 -0.01282525 0.01187914 0.004965424 -0.003781914 0.007703065 0.00601232 -0.0223515 0.007712841 0.004965424 -0.02243345 0.008984982 0.005973219 -0.01925742 0.008479177 0.00596553 -0.02086192 0.008109331 0.005957424 -0.02168494 0.008992493 0.005972921 -0.01922744 0.009043753 0.004965424 -0.0192402 0.008292853 0.004965424 -0.02143019 0.008720457 0.004965424 -0.02035331 0.0118283 0.005961656 -0.003769278 0.01027852 0.005984306 -0.01282525 0.008992493 0.005972921 -0.01922744 0.00899142 0.005991578 -0.01922702 0.008989989 0.006010174 -0.01922649 0.008988261 0.006028771 -0.01922589 0.0102747 0.006040036 -0.01282137 0.01182407 0.006017565 -0.003767371 0.007701337 0.006068468 -0.02234607 0.00810945 0.006013214 -0.02167493 0.00847584 0.00602132 -0.02085822 0.008980751 0.006029009 -0.01925587 0.008982479 0.006010413 -0.01925647 0.00898391 0.005991816 -0.019257 0.008984982 0.005973219 -0.01925742 0.008479177 0.00596553 -0.02086192 0.008109331 0.005957424 -0.02168494 0.007703065 0.00601232 -0.0223515 0.008980751 0.006029009 -0.01925587 0.008988261 0.006028771 -0.01922589 0.008992493 0.005972921 -0.01922744 0.00899142 0.005991578 -0.01922702 0.008989989 0.006010174 -0.01922649 0.008984982 0.005973219 -0.01925742 0.008982479 0.006010413 -0.01925647 0.00898391 0.005991816 -0.019257 -0.002525925 0.005835592 -0.002404868 -0.002571403 0.004965424 -0.002400934 -0.002610743 0.005831658 -0.003639996 -0.002657711 0.004965424 -0.003669738 -0.002410471 0.005847632 -0.001386165 -0.002444624 0.004965424 -0.001307487 -0.002522826 0.005835711 -0.002369046 -0.002522826 0.005835711 -0.002369046 -0.002525925 0.005835592 -0.002404868 -0.002571403 0.004965424 -0.002400934 -0.002571403 0.004965424 -0.002400934 -0.002406537 0.005907058 -0.001392662 -0.002517998 0.005894899 -0.002369701 -0.002520024 0.005875229 -0.002369463 -0.002521634 0.0058555 -0.002369225 -0.002522826 0.005835711 -0.002369046 -0.002410471 0.005847632 -0.001386165 -0.002517998 0.005894899 -0.002369701 -0.002520024 0.005875229 -0.002369463 -0.002521634 0.0058555 -0.002369225 -0.002522826 0.005835711 -0.002369046 -0.002521097 0.00589478 -0.002405583 -0.002523124 0.005875051 -0.002405285 -0.002524733 0.005855321 -0.002405047 -0.002525925 0.005835592 -0.002404868 -0.002610743 0.005831658 -0.003639996 -0.002525925 0.005835592 -0.002404868 -0.002521097 0.00589478 -0.002405583 -0.002523124 0.005875051 -0.002405285 -0.002524733 0.005855321 -0.002405047 -0.002605676 0.00589174 -0.003639161 0.01187914 0.004965424 -0.003781914 0.0118283 0.005961656 -0.003769278 0.01182919 0.005961418 -0.003745257 0.01182436 0.005960881 -0.003721714 0.01181405 0.005960047 -0.003700017 0.01179891 0.005959033 -0.003681421 0.0118497 0.004962801 -0.003693997 0.01187759 0.004964828 -0.003742516 0.01187139 0.004964292 -0.003724634 0.01186197 0.004963636 -0.003708302 0.01188039 0.004965305 -0.003768742 0.01187986 0.004965126 -0.003755569 0.0118283 0.005961656 -0.003769278 0.01182919 0.005961418 -0.003745257 0.01182436 0.005960881 -0.003721714 0.01181405 0.005960047 -0.003700017 0.01179891 0.005959033 -0.003681421 0.01182407 0.006017565 -0.003767371 0.01182508 0.006016194 -0.00374335 0.01182037 0.006014287 -0.003719866 0.01181018 0.006011962 -0.00369817 0.0117951 0.00600934 -0.003679633 0.01182407 0.006017565 -0.003767371 0.01182508 0.006016194 -0.00374335 0.01182037 0.006014287 -0.003719866 0.01181018 0.006011962 -0.00369817 0.0117951 0.00600934 -0.003679633 0.01149904 0.007738351 -0.003517448 0.01150113 0.007732689 -0.003491938 0.0114988 0.007727921 -0.00347501 0.01149356 0.007722437 -0.003458917 0.01148557 0.007716536 -0.003444015 0.01147508 0.007710397 -0.00343126 0.01149904 0.007738351 -0.003517448 0.01150113 0.007732689 -0.003491938 0.0114988 0.007727921 -0.00347501 0.01149356 0.007722437 -0.003458917 0.01148557 0.007716536 -0.003444015 0.01147508 0.007710397 -0.00343126 0.01130318 0.008313536 -0.003347218 0.01103794 0.008830964 -0.003099381 0.01076745 0.009207665 -0.00281471 0.01036542 0.009633183 -0.002394378 0.009562313 0.01025283 -0.001637876 0.009560763 0.01025384 -0.001636445 0.009575068 0.0102443 -0.001614272 0.009581863 0.01023435 -0.001599907 0.009587228 0.01021552 -0.001580715 0.009587407 0.01019293 -0.001564562 0.009582281 0.01016902 -0.001553237 0.01060676 0.009330451 -0.002553641 0.01102536 0.008784174 -0.003013014 0.01128339 0.008275926 -0.003261685 0.01118397 0.008561849 -0.003189027 0.01104301 0.008812189 -0.003052055 0.01091331 0.009006738 -0.002918064 0.0107001 0.00927782 -0.00268048 0.01050192 0.009490191 -0.002468168 0.009995937 0.009931504 -0.001970529 0.009560763 0.01025384 -0.001636445 0.009575068 0.0102443 -0.001614272 0.009581863 0.01023435 -0.001599907 0.009587228 0.01021552 -0.001580715 0.009587407 0.01019293 -0.001564562 0.009582281 0.01016902 -0.001553237 0.009562253 0.01025283 -0.001637876 0.009354233 0.0103892 -0.001453578 0.009368658 0.01038146 -0.00143218 0.009378552 0.01036828 -0.001411795 0.009383857 0.01034975 -0.001392662 0.009383738 0.01032757 -0.001376867 0.009378135 0.01030343 -0.001365721 0.009378135 0.01030325 -0.001365661 0.009378135 0.01030343 -0.001365721 0.009354233 0.0103892 -0.001453578 0.009368658 0.01038146 -0.00143218 0.009378552 0.01036828 -0.001411795 0.009383857 0.01034975 -0.001392662 0.009383738 0.01032757 -0.001376867 0.008387148 0.01087439 -6.74535e-4 0.008397698 0.01087129 -6.56176e-4 0.008406579 0.01086401 -6.38116e-4 0.008413374 0.01085281 -6.21207e-4 0.008417725 0.01083815 -6.06205e-4 0.008419454 0.0108208 -5.93789e-4 0.00841856 0.01080155 -5.84546e-4 0.008414983 0.01078122 -5.78899e-4 0.008921325 0.01057028 -9.59218e-4 0.008681774 0.01072764 -7.82866e-4 0.008680403 0.01073616 -7.89393e-4 0.008678197 0.01074451 -7.97022e-4 0.00915879 0.01048964 -0.001188576 0.009156346 0.01050055 -0.00119847 0.008030652 0.01089537 -3.76407e-4 0.00803101 0.01089531 -3.76571e-4 0.008414983 0.01078122 -5.78899e-4 0.008387148 0.01087439 -6.74535e-4 0.008397698 0.01087129 -6.56176e-4 0.008406579 0.01086401 -6.38116e-4 0.008413374 0.01085281 -6.21207e-4 0.008417725 0.01083815 -6.06205e-4 0.008419454 0.0108208 -5.93789e-4 0.00841856 0.01080155 -5.84546e-4 0.008013427 0.01098978 -4.79277e-4 0.00802344 0.01098626 -4.53059e-4 0.008028745 0.01097983 -4.36205e-4 0.008033931 0.01096564 -4.14591e-4 0.008036196 0.01094555 -3.96177e-4 0.008035123 0.01092159 -3.8315e-4 0.008030831 0.01089543 -3.76496e-4 0.008030652 0.01089543 -3.76407e-4 0.008030831 0.01089543 -3.76496e-4 0.008013427 0.01098978 -4.79277e-4 0.00802344 0.01098626 -4.53059e-4 0.008028745 0.01097983 -4.36205e-4 0.008033931 0.01096564 -4.14591e-4 0.008036196 0.01094555 -3.96177e-4 0.008035123 0.01092159 -3.8315e-4 0.007627606 0.0110808 -3.69605e-4 0.007266819 0.01114505 -3.55266e-4 0.006768703 0.01120883 -4.50436e-4 0.006192564 0.01125741 -6.69021e-4 0.005202412 0.01129502 -0.001209378 0.005188107 0.01129382 -0.001187086 0.005173563 0.01128482 -0.001164317 0.005161762 0.01127016 -0.001146137 0.005152165 0.01124954 -0.001131296 0.005145847 0.01122486 -0.001121699 0.005143284 0.01119804 -0.001118063 0.006365656 0.01114499 -4.72426e-4 0.007026195 0.01107895 -2.73552e-4 0.007441818 0.01101857 -2.42341e-4 0.007741391 0.01096242 -2.82954e-4 0.007868349 0.01100468 -3.50367e-4 0.007691562 0.01104402 -3.05492e-4 0.007543921 0.01107323 -2.83387e-4 0.007355511 0.01110607 -2.74859e-4 0.007149159 0.01113706 -2.89634e-4 0.006891489 0.01116967 -3.37373e-4 0.006562054 0.01120311 -4.35423e-4 0.006270706 0.01122635 -5.497e-4 0.005664408 0.01127499 -8.79668e-4 0.00565809 0.01126825 -8.6889e-4 0.005651712 0.01125895 -8.5818e-4 0.004678905 0.01118248 -0.001601219 0.004809379 0.01119196 -0.001417934 0.004965186 0.01119709 -0.00125581 0.005143284 0.01119798 -0.001118063 0.005143284 0.01119804 -0.001118063 0.005202412 0.01129502 -0.001209378 0.005188107 0.01129382 -0.001187086 0.005173563 0.01128482 -0.001164317 0.005161762 0.01127016 -0.001146137 0.005152165 0.01124954 -0.001131296 0.005145847 0.01122486 -0.001121699 0.0050354 0.01129412 -0.001337945 0.004889309 0.011289 -0.001489341 0.00476706 0.01127952 -0.001660704 0.004744887 0.01127773 -0.001647233 0.004722476 0.01126843 -0.001633107 0.004704773 0.01125365 -0.001621484 0.004690647 0.01123321 -0.001611649 0.004681766 0.01120889 -0.001604735 0.004678905 0.01118248 -0.001601219 0.004832804 0.01126331 -0.001441001 0.004906296 0.01126658 -0.001358747 0.004985988 0.01126879 -0.001281678 0.00476706 0.01127952 -0.001660704 0.004744887 0.01127773 -0.001647233 0.004722476 0.01126843 -0.001633107 0.004704773 0.01125365 -0.001621484 0.004690647 0.01123321 -0.001611649 0.004681766 0.01120889 -0.001604735 0.004678905 0.01118248 -0.001601219 0.004604756 0.01125854 -0.001912176 0.004604697 0.01125854 -0.001912176 0.004583418 0.01125705 -0.001896977 0.00456196 0.01124805 -0.001880884 0.004545092 0.0112335 -0.001867413 0.00453186 0.01121288 -0.00185585 0.004523813 0.01118844 -0.001847505 0.004521548 0.01116186 -0.001842975 0.004020273 0.01109147 -0.002426505 0.004521548 0.01116186 -0.001842975 0.004604697 0.01125854 -0.001912176 0.004583418 0.01125705 -0.001896977 0.00456196 0.01124805 -0.001880884 0.004545092 0.0112335 -0.001867413 0.00453186 0.01121288 -0.00185585 0.004523813 0.01118844 -0.001847505 0.004604697 0.01125854 -0.001912176 0.004087626 0.0111882 -0.002509355 0.004069626 0.01118648 -0.00249046 0.004051864 0.01117718 -0.002470791 0.004038155 0.01116245 -0.002454578 0.004027605 0.01114201 -0.002440869 0.004021525 0.01111781 -0.002431333 0.004020273 0.01109147 -0.002426505 0.004087626 0.0111882 -0.002509355 0.004069626 0.01118648 -0.00249046 0.004051864 0.01117718 -0.002470791 0.004038155 0.01116245 -0.002454578 0.004027605 0.01114201 -0.002440869 0.004021525 0.01111781 -0.002431333 0.004020273 0.01109147 -0.002426505 0.003292202 0.01108086 -0.003103315 0.003281116 0.01107913 -0.003083765 0.003271102 0.01107251 -0.003064692 0.003262579 0.01106125 -0.003047049 0.003256142 0.01104599 -0.003031849 0.00325191 0.01102739 -0.00301975 0.0032503 0.01100653 -0.003011345 0.003251254 0.01098442 -0.003007173 0.00295782 0.01093506 -0.003161191 0.003251254 0.01098442 -0.003007173 0.003292202 0.01108086 -0.003103315 0.003281116 0.01107913 -0.003083765 0.003271102 0.01107251 -0.003064692 0.003262579 0.01106125 -0.003047049 0.003256142 0.01104599 -0.003031849 0.00325191 0.01102739 -0.00301975 0.0032503 0.01100653 -0.003011345 0.002987921 0.01103121 -0.003260791 0.002976417 0.01102799 -0.00323522 0.002967059 0.01101768 -0.003211617 0.002960205 0.01100105 -0.003191053 0.002956509 0.01097953 -0.003175258 0.002955853 0.01095801 -0.00316596 0.002957701 0.01093506 -0.003161251 0.002987921 0.01103121 -0.003260791 0.002976417 0.01102799 -0.00323522 0.002967059 0.01101768 -0.003211617 0.002960205 0.01100105 -0.003191053 0.002956509 0.01097953 -0.003175258 0.002955853 0.01095801 -0.00316596 0.002957701 0.01093506 -0.003161251 0.0026353 0.01096433 -0.003405511 0.002628028 0.01096248 -0.003384351 0.002622008 0.01095581 -0.003363847 0.002617537 0.0109446 -0.003344953 0.002614736 0.01092946 -0.00332868 0.002613842 0.01091116 -0.003315806 0.002614855 0.0108906 -0.003306925 0.002617716 0.01086878 -0.003302633 0.001815497 0.01067155 -0.003495812 0.002617716 0.01086878 -0.003302633 0.0026353 0.01096433 -0.003405511 0.002628028 0.01096248 -0.003384351 0.002622008 0.01095581 -0.003363847 0.002617537 0.0109446 -0.003344953 0.002614736 0.01092946 -0.00332868 0.002613842 0.01091116 -0.003315806 0.002614855 0.0108906 -0.003306925 0.001801669 0.01076489 -0.003602325 0.001798927 0.01076203 -0.003574192 0.00179851 0.01075208 -0.003548502 0.001800358 0.01073598 -0.003526329 0.001804351 0.010715 -0.0035097 0.001809298 0.01069402 -0.003500163 0.001815319 0.01067161 -0.003495872 0.001801669 0.01076489 -0.003602325 0.001798927 0.01076203 -0.003574192 0.00179851 0.01075208 -0.003548502 0.001800358 0.01073598 -0.003526329 0.001804351 0.010715 -0.0035097 0.001809298 0.01069402 -0.003500163 0.001815319 0.01067161 -0.003495872 0.001004695 0.01047497 -0.003623545 2.59452e-4 0.01008546 -0.003500819 -4.059e-4 0.009621739 -0.003262996 -9.89094e-4 0.009098708 -0.0029338 -0.001388847 0.008646368 -0.002623438 -0.001726627 0.008159577 -0.002287447 -0.001716554 0.008167445 -0.002267181 -0.001702308 0.008171677 -0.002248406 -0.001684665 0.008172154 -0.002232253 -0.001664638 0.008168756 -0.002219617 -0.001643359 0.008161664 -0.002211213 -0.00162208 0.008151352 -0.002207517 -0.001601994 0.008138418 -0.002208769 -0.001584291 0.008123517 -0.002214848 -0.001569926 0.008107542 -0.002225458 -8.26694e-4 0.009068906 -0.00287652 5.89713e-5 0.009819746 -0.003316342 9.11735e-4 0.01032125 -0.003506183 0.00135523 0.0105139 -0.0035277 -0.001537084 0.008418679 -0.002413868 -9.13739e-4 0.009111881 -0.002873063 -0.001118421 0.008892595 -0.002723157 -6.37464e-4 0.009375512 -0.003045618 -1.80192e-4 0.009748816 -0.003267943 1.47082e-4 0.009976565 -0.003385007 5.78701e-4 0.01023399 -0.003491818 9.4872e-4 0.0104196 -0.003543615 0.00117433 0.01051807 -0.00355786 0.001569449 0.01064169 -0.003532946 0.00156629 0.01065289 -0.003541111 0.00156331 0.01066398 -0.003552079 -0.001358211 0.008512258 -0.002465844 -0.001527965 0.008262753 -0.002292931 -0.001496493 0.008410632 -0.002385079 -0.00145483 0.008538067 -0.002501487 -0.001519739 0.008417248 -0.002398729 -0.00150901 0.008414745 -0.002391636 -0.001528978 0.00841844 -0.002406179 -0.001263141 0.008780539 -0.00267148 -0.001616954 0.008228182 -0.002258121 -0.001628756 0.008231639 -0.002263844 -0.001641213 0.008234024 -0.002271652 -0.001534759 0.008349359 -0.002341866 -0.001408219 0.00853455 -0.002472162 -0.001387178 0.008600294 -0.002527892 -0.001315772 0.008656084 -0.002557694 -0.001585245 0.008170783 -0.00222963 -0.001361131 0.008660435 -0.002587378 -0.001726627 0.008159577 -0.002287447 -0.001716554 0.008167445 -0.002267181 -0.001702308 0.008171677 -0.002248406 -0.001684665 0.008172154 -0.002232253 -0.001664638 0.008168756 -0.002219617 -0.001643359 0.008161664 -0.002211213 -0.00162208 0.008151352 -0.002207517 -0.001601994 0.008138418 -0.002208769 -0.001584291 0.008123517 -0.002214848 -0.001569926 0.008107542 -0.002225458 -0.00175774 0.008106052 -0.002241909 -0.001782178 0.008060336 -0.002185285 -0.001800358 0.008022546 -0.002120912 -0.001786708 0.008038222 -0.002110183 -0.001769185 0.008050203 -0.002100348 -0.001748681 0.008057832 -0.002092063 -0.001726329 0.008060693 -0.002085685 -0.001703381 0.008058667 -0.002081632 -0.001681029 0.008051753 -0.002080142 -0.001660585 0.008040428 -0.002081215 -0.001619279 0.00806868 -0.002158463 -0.001693606 0.008117735 -0.002172589 -0.001707673 0.008099794 -0.002150833 -0.001682043 0.008076786 -0.002118527 -0.001800358 0.008022546 -0.002120912 -0.001803159 0.008016228 -0.002107977 -0.001789748 0.008031904 -0.002097964 -0.001772522 0.008044064 -0.002088904 -0.001752495 0.008052051 -0.002081155 -0.001730561 0.008055388 -0.002075195 -0.00170803 0.008053958 -0.002071321 -0.001685976 0.008047878 -0.002069711 -0.001665592 0.008037328 -0.002070486 -0.001660585 0.008040428 -0.002081215 -0.001786708 0.008038222 -0.002110183 -0.001769185 0.008050203 -0.002100348 -0.001748681 0.008057832 -0.002092063 -0.001726329 0.008060693 -0.002085685 -0.001703381 0.008058667 -0.002081632 -0.001681029 0.008051753 -0.002080142 -0.001803159 0.008016228 -0.002107977 -0.001789748 0.008031904 -0.002097964 -0.001772522 0.008044064 -0.002088904 -0.001752495 0.008052051 -0.002081155 -0.001730561 0.008055388 -0.002075195 -0.00170803 0.008053958 -0.002071321 -0.001685976 0.008047878 -0.002069711 -0.001665592 0.008037328 -0.002070486 -0.001812398 0.007993757 -0.002055764 -0.001797854 0.008011162 -0.002046942 -0.001779019 0.008024454 -0.002039134 -0.001757144 0.008032917 -0.002032637 -0.001733481 0.008036077 -0.002027988 -0.001709461 0.008033633 -0.002025365 -0.001686394 0.008025825 -0.002024948 -0.001812398 0.007993757 -0.002055764 -0.001797854 0.008011162 -0.002046942 -0.001779019 0.008024454 -0.002039134 -0.001757144 0.008032917 -0.002032637 -0.001733481 0.008036077 -0.002027988 -0.001709461 0.008033633 -0.002025365 -0.001686394 0.008025825 -0.002024948 -0.001816451 0.007982909 -0.002026677 -0.001802742 0.007999718 -0.002019107 -0.001785278 0.00801295 -0.002012312 -0.001764953 0.008021891 -0.002006649 -0.00174278 0.008026123 -0.002002418 -0.001719951 0.008025407 -0.001999855 -0.001697719 0.008019745 -0.00199908 -0.001816451 0.007982909 -0.002026677 -0.001802742 0.007999718 -0.002019107 -0.001785278 0.00801295 -0.002012312 -0.001764953 0.008021891 -0.002006649 -0.00174278 0.008026123 -0.002002418 -0.001719951 0.008025407 -0.001999855 -0.001697719 0.008019745 -0.00199908 -0.0018242 0.007964193 -0.001987874 -0.001836001 0.00793904 -0.001954019 -0.001855552 0.007898926 -0.001915454 -0.001889109 0.007830798 -0.001867771 -0.00192511 0.007757067 -0.00183171 -0.001919448 0.00776118 -0.001815021 -0.001911044 0.007763624 -0.001799166 -0.001900196 0.007764339 -0.001784682 -0.001857221 0.007871568 -0.001853406 -0.001796364 0.007960379 -0.001909613 -0.001760005 0.007991731 -0.00193578 -0.00173068 0.008007824 -0.001959621 -0.001713037 0.008014857 -0.00197792 -0.001787841 0.007996439 -0.001968324 -0.00192511 0.007757067 -0.00183171 -0.001919448 0.00776118 -0.001815021 -0.001911044 0.007763624 -0.001799166 -0.001900196 0.007764339 -0.001784682 -0.00208193 0.007400453 -0.001716971 -0.002076745 0.007399737 -0.0016945 -0.00206691 0.007397055 -0.001673758 -0.002053022 0.007392466 -0.001655876 -0.002035796 0.007386207 -0.001641869 -0.002016127 0.007378697 -0.001632392 -0.001995146 0.007370233 -0.001627981 -0.001985132 0.007428467 -0.001637756 -0.001967489 0.007509112 -0.001662135 -0.001935362 0.007640242 -0.001716911 -0.002036273 0.007417678 -0.00165385 -0.002031505 0.007459521 -0.001673102 -0.00208193 0.007400453 -0.001716971 -0.002076745 0.007399737 -0.0016945 -0.00206691 0.007397055 -0.001673758 -0.002053022 0.007392466 -0.001655876 -0.002035796 0.007386207 -0.001641869 -0.002016127 0.007378697 -0.001632392 -0.001995146 0.007370233 -0.001627981 -0.002190947 0.007100462 -0.001671791 -0.002182483 0.007103502 -0.001645565 -0.002167999 0.007103919 -0.001622796 -0.002148866 0.007101833 -0.001604676 -0.002126455 0.007097542 -0.001592278 -0.002101957 0.007091164 -0.001586198 -0.002077162 0.007083356 -0.001586496 -0.002053737 0.007074534 -0.001593291 -0.002190947 0.007100462 -0.001671791 -0.002182483 0.007103502 -0.001645565 -0.002167999 0.007103919 -0.001622796 -0.002148866 0.007101833 -0.001604676 -0.002126455 0.007097542 -0.001592278 -0.002101957 0.007091164 -0.001586198 -0.002077162 0.007083356 -0.001586496 -0.002053737 0.007074534 -0.001593291 -0.002271175 0.006801426 -0.001592755 -0.00226432 0.006806492 -0.001571655 -0.002252876 0.006810009 -0.001552283 -0.002237379 0.006811738 -0.001535713 -0.002218723 0.006811618 -0.001522719 -0.002197742 0.006809651 -0.001514017 -0.002175688 0.006805896 -0.001510024 -0.002153575 0.006800651 -0.001510977 -0.002132594 0.006794095 -0.001516878 -0.002113819 0.006786584 -0.001527309 -0.002098202 0.006778538 -0.001541793 -0.002271175 0.006801426 -0.001592755 -0.00226432 0.006806492 -0.001571655 -0.002252876 0.006810009 -0.001552283 -0.002237379 0.006811738 -0.001535713 -0.002218723 0.006811618 -0.001522719 -0.002197742 0.006809651 -0.001514017 -0.002175688 0.006805896 -0.001510024 -0.002153575 0.006800651 -0.001510977 -0.002132594 0.006794095 -0.001516878 -0.002113819 0.006786584 -0.001527309 -0.002098202 0.006778538 -0.001541793 -0.002406537 0.005907058 -0.001392662 -0.002400219 0.00590974 -0.001370906 -0.002389073 0.005911707 -0.001351118 -0.002373695 0.005912899 -0.001334249 -0.002354979 0.005913138 -0.001321256 -0.002333819 0.005912482 -0.001312732 -0.002311348 0.005910992 -0.001309216 -0.002288639 0.005908727 -0.001310825 -0.002267062 0.005905747 -0.001317501 -0.002247571 0.00590229 -0.001328885 -0.002231299 0.005898475 -0.001344382 -0.002406537 0.005907058 -0.001392662 -0.002400219 0.00590974 -0.001370906 -0.002389073 0.005911707 -0.001351118 -0.002373695 0.005912899 -0.001334249 -0.002354979 0.005913138 -0.001321256 -0.002333819 0.005912482 -0.001312732 -0.002311348 0.005910992 -0.001309216 -0.002288639 0.005908727 -0.001310825 -0.002267062 0.005905747 -0.001317501 -0.002247571 0.00590229 -0.001328885 -0.002231299 0.005898475 -0.001344382 -0.002410471 0.005847632 -0.001386165 -0.002404272 0.005849301 -0.001364231 -0.002393305 0.005850672 -0.001344203 -0.002377986 0.005851566 -0.001327216 -0.002359271 0.005851984 -0.001314103 -0.002337992 0.005851924 -0.00130558 -0.002315402 0.005851328 -0.001302123 -0.002292633 0.005850315 -0.001303791 -0.002270877 0.005848824 -0.001310646 -0.002251207 0.005847036 -0.001322269 -0.002234756 0.00584501 -0.001338005 -0.002269029 0.004962801 -0.001260161 -0.002234756 0.00584501 -0.001338005 -0.002410471 0.005847632 -0.001386165 -0.002404272 0.005849301 -0.001364231 -0.002393305 0.005850672 -0.001344203 -0.002377986 0.005851566 -0.001327216 -0.002359271 0.005851984 -0.001314103 -0.002337992 0.005851924 -0.00130558 -0.002315402 0.005851328 -0.001302123 -0.002292633 0.005850315 -0.001303791 -0.002270877 0.005848824 -0.001310646 -0.002251207 0.005847036 -0.001322269 -0.002444624 0.004965424 -0.001307487 -0.002369701 0.004969716 -0.00122708 -0.002391338 0.004969716 -0.001235127 -0.002410709 0.004969358 -0.001248061 -0.002426564 0.004968464 -0.001265048 -0.002438127 0.004967093 -0.001285195 -0.002285063 0.004964768 -0.001244783 -0.002304077 0.004966497 -0.001233279 -0.002325236 0.004967927 -0.001226365 -0.002347409 0.004969 -0.001224219 0.01043373 0.004962801 -0.002200722 0.01041781 0.004963159 -0.002187371 0.0103994 0.004963338 -0.002177596 0.01037943 0.004963397 -0.002171814 0.01035869 0.004963338 -0.002170324 0.01033818 0.004963934 -0.002173125 0.01042914 0.0057621 -0.002226114 0.0104109 0.005762457 -0.002211213 0.01038968 0.005762696 -0.00220102 0.01036667 0.005762696 -0.002196013 0.01034313 0.005762517 -0.002196609 0.01032036 0.005762219 -0.00220263 0.01029962 0.005761742 -0.002213835 0.01028209 0.005761146 -0.002229571 0.01028358 0.004961669 -0.002207994 0.0103175 0.004962742 -0.002180635 0.01029902 0.004962265 -0.002192497 0.01042914 0.0057621 -0.002226114 0.0104109 0.005762457 -0.002211213 0.01038968 0.005762696 -0.00220102 0.01036667 0.005762696 -0.002196013 0.01034313 0.005762517 -0.002196609 0.01032036 0.005762219 -0.00220263 0.01029962 0.005761742 -0.002213835 0.01028209 0.005761146 -0.002229571 0.01041907 0.005876302 -0.002219974 0.01039135 0.005984544 -0.002195417 0.01035958 0.006060779 -0.002165675 0.01032108 0.00612837 -0.002128899 0.01026076 0.006205976 -0.002070665 0.01018369 0.006275594 -0.001995801 0.01009923 0.006326615 -0.001913726 0.01001036 0.006358861 -0.001827418 0.009959578 0.006368637 -0.001778066 0.009907901 0.00637263 -0.001727938 0.009906291 0.006350278 -0.00172913 0.009901285 0.00632888 -0.001733839 0.009893119 0.006309568 -0.001741886 0.009882152 0.006293356 -0.001752853 0.009868979 0.006280958 -0.001766145 0.009854257 0.006273031 -0.001781165 0.009838759 0.006270051 -0.001797139 0.009944677 0.006251156 -0.001919567 0.01010411 0.006161928 -0.002064883 0.01003617 0.006210446 -0.002002537 0.009991228 0.006233513 -0.001961708 0.0102775 0.005842328 -0.002223789 0.01026076 0.00592035 -0.002207458 0.01023334 0.00599271 -0.002181887 0.01019686 0.0060575 -0.002148509 0.01015323 0.006114006 -0.002108991 0.009991168 0.006280362 -0.001853466 0.01001679 0.006274938 -0.001875102 0.01005548 0.006257057 -0.001914918 0.01008027 0.00624758 -0.001936018 0.01011729 0.006223142 -0.001974046 0.01015496 0.006200373 -0.002006411 0.01018869 0.006168186 -0.002040863 0.01021587 0.006144464 -0.00206393 0.0102424 0.006110012 -0.002090811 0.01026636 0.006080567 -0.002111256 0.01028341 0.006050944 -0.002128303 0.01030355 0.006016671 -0.002145588 0.0103175 0.005983352 -0.002159297 0.01033276 0.005944669 -0.00217241 0.01034528 0.005897939 -0.002184152 0.01035374 0.005855619 -0.002191245 0.009907901 0.00637263 -0.001727938 0.009906291 0.006350278 -0.00172913 0.009901285 0.00632888 -0.001733839 0.009893119 0.006309568 -0.001741886 0.009882152 0.006293356 -0.001752853 0.009868979 0.006280958 -0.001766145 0.009854257 0.006273031 -0.001781165 0.009838759 0.006270051 -0.001797139 0.009448111 0.00638169 -0.0012905 0.00944662 0.006359338 -0.001291811 0.009441792 0.00633794 -0.001296639 0.009433805 0.006318628 -0.001304924 0.009423136 0.006302416 -0.00131613 0.009410262 0.006290018 -0.00132972 0.009395837 0.006282091 -0.001345038 0.009380638 0.00627911 -0.00136125 0.009448111 0.00638169 -0.0012905 0.00944662 0.006359338 -0.001291811 0.009441792 0.00633794 -0.001296639 0.009433805 0.006318628 -0.001304924 0.009423136 0.006302416 -0.00131613 0.009410262 0.006290018 -0.00132972 0.009395837 0.006282091 -0.001345038 0.009380638 0.00627911 -0.00136125 0.0092839 0.006384849 -0.001138269 0.00928241 0.006362438 -0.001139521 0.009277522 0.006341099 -0.001144349 0.009269535 0.006321787 -0.001152575 0.009258866 0.006305575 -0.00116384 0.009245991 0.006293177 -0.00117743 0.009231686 0.00628525 -0.001192808 0.009216547 0.006282269 -0.001209139 -0.002657711 0.004965424 -0.003669738 -0.002610743 0.005831658 -0.003639996 -0.002608954 0.005832374 -0.003664433 -0.002601265 0.005832731 -0.003687679 -0.002588212 0.005832731 -0.003708362 -0.002570509 0.005832374 -0.00372529 -0.002549231 0.005831658 -0.003737449 -0.002596259 0.004965424 -0.003767073 -0.002654969 0.004966259 -0.003698468 -0.002646744 0.004966557 -0.003720402 -0.00263375 0.004966497 -0.003739774 -0.002616584 0.004966139 -0.003755629 -0.002657711 0.004965722 -0.003679394 -0.002656817 0.00496602 -0.003688991 -0.002610743 0.005831658 -0.003639996 -0.002608954 0.005832374 -0.003664433 -0.002601265 0.005832731 -0.003687679 -0.002588212 0.005832731 -0.003708362 -0.002570509 0.005832374 -0.00372529 -0.002549231 0.005831658 -0.003737449 -0.002605676 0.00589174 -0.003639161 -0.002603888 0.005891799 -0.00366348 -0.002596259 0.005891144 -0.003686606 -0.002583324 0.005889892 -0.003707289 -0.002565801 0.005888044 -0.003724157 -0.002544701 0.005885779 -0.003736257 -0.002605676 0.00589174 -0.003639161 -0.002603888 0.005891799 -0.00366348 -0.002596259 0.005891144 -0.003686606 -0.002583324 0.005889892 -0.003707289 -0.002565801 0.005888044 -0.003724157 -0.002544701 0.005885779 -0.003736257 -0.002347052 0.007099509 -0.003677606 -0.00234586 0.007097065 -0.003701925 -0.002339065 0.007092773 -0.003725051 -0.002327144 0.007086992 -0.003745555 -0.002310752 0.007079958 -0.003762304 -0.002290844 0.00707221 -0.003774285 -0.002347052 0.007099509 -0.003677606 -0.00234586 0.007097065 -0.003701925 -0.002339065 0.007092773 -0.003725051 -0.002327144 0.007086992 -0.003745555 -0.002310752 0.007079958 -0.003762304 -0.002290844 0.00707221 -0.003774285 -0.001971364 0.007908046 -0.003786265 -0.001448869 0.008621335 -0.003961741 -6.20686e-4 0.009425103 -0.004258513 4.5158e-4 0.01014053 -0.004659652 0.001439511 0.01054501 -0.005042016 0.00247091 0.01075291 -0.005454301 0.0024634 0.01074707 -0.005475044 0.002457261 0.01073646 -0.005494236 0.00245285 0.01072162 -0.005510985 0.002450287 0.01070326 -0.005524337 0.00244975 0.01068246 -0.005533576 0.0024513 0.01066023 -0.005538344 0.001029491 0.0103181 -0.004967808 -2.80678e-4 0.00959587 -0.004465103 -0.001405 0.008568704 -0.00405687 -0.001920402 0.007867634 -0.003882825 0.001936197 0.01063656 -0.005301833 0.001938104 0.01064503 -0.00529313 0.001221597 0.01044845 -0.00501722 7.29978e-4 0.01025152 -0.004825115 6.44624e-5 0.009891629 -0.004570186 -4.63366e-4 0.009523689 -0.004372477 -0.001042783 0.009022235 -0.004160881 -0.001440107 0.008603274 -0.004019916 -0.001714825 0.008260488 -0.003925502 -0.001959979 0.007894456 -0.003844738 -0.002173244 0.007507264 -0.003769457 0.00247091 0.01075291 -0.005454301 0.0024634 0.01074707 -0.005475044 0.002457261 0.01073646 -0.005494236 0.00245285 0.01072162 -0.005510985 0.002450287 0.01070326 -0.005524337 0.00244975 0.01068246 -0.005533576 0.0024513 0.01066023 -0.005538344 0.002632737 0.01077651 -0.005519151 0.002624988 0.01077079 -0.005539953 0.002618551 0.01076024 -0.005559265 0.002613723 0.01074534 -0.005576074 0.002610743 0.01072686 -0.005589425 0.002609789 0.01070588 -0.005598604 0.002610921 0.01068347 -0.005603194 0.002632737 0.01077651 -0.005519151 0.002624988 0.01077079 -0.005539953 0.002618551 0.01076024 -0.005559265 0.002613723 0.01074534 -0.005576074 0.002610743 0.01072686 -0.005589425 0.002609789 0.01070588 -0.005598604 0.002610921 0.01068347 -0.005603194 0.003341317 0.0108301 -0.005868077 0.003898978 0.0108152 -0.006317019 0.004303395 0.01077395 -0.006812155 0.004613995 0.01072096 -0.007374823 0.004828453 0.01066571 -0.007976889 0.004952847 0.01061296 -0.008607923 0.004983842 0.01055258 -0.009461998 0.004926323 0.01051932 -0.01004201 0.004825651 0.01049149 -0.01061695 0.004803359 0.01049059 -0.0106126 0.004781901 0.01048457 -0.01060825 0.004762351 0.01047384 -0.01060402 0.004745781 0.01045882 -0.01060014 0.004732906 0.0104404 -0.01059687 0.004724562 0.01041942 -0.0105943 0.004721045 0.01039707 -0.01059263 0.004856228 0.01044082 -0.00973618 0.004879772 0.01048862 -0.009005844 0.004719078 0.01057404 -0.007966518 0.004346609 0.01065975 -0.007066667 0.003863573 0.01071816 -0.006414473 0.003300666 0.01073604 -0.005948007 0.002965629 0.01072096 -0.00575906 0.004806995 0.01048028 -0.01031559 0.004816889 0.01048809 -0.01031774 0.004826903 0.01049417 -0.01031982 0.004873275 0.01050239 -0.00988686 0.004901945 0.0105189 -0.009600281 0.004917025 0.01054221 -0.009233474 0.00490123 0.01057225 -0.00881201 0.004828214 0.01061415 -0.00828582 0.004755616 0.01064068 -0.007978379 0.004661262 0.01066774 -0.007679164 0.00446707 0.01071017 -0.007226109 0.004312813 0.0107361 -0.006950616 0.004077076 0.01076608 -0.006615221 0.003869414 0.01078438 -0.006379067 0.003594756 0.01079809 -0.006127417 0.003311514 0.01079952 -0.005922555 0.003144323 0.01079416 -0.005822479 0.002793312 0.01075774 -0.005659401 0.002795636 0.01076745 -0.005651772 0.004372417 0.01040232 -0.01298868 0.004350244 0.01040124 -0.01298445 0.004328906 0.01039516 -0.01298016 0.004309475 0.01038438 -0.01297616 0.004292964 0.01036936 -0.01297259 0.004280209 0.01035094 -0.01296961 0.004271805 0.01033008 -0.01296734 0.004268288 0.01030778 -0.01296603 0.004721045 0.01039707 -0.01059263 0.004825651 0.01049149 -0.01061695 0.004803359 0.01049059 -0.0106126 0.004781901 0.01048457 -0.01060825 0.004762351 0.01047384 -0.01060402 0.004745781 0.01045882 -0.01060014 0.004732906 0.0104404 -0.01059687 0.004724562 0.01041942 -0.0105943 0.004372417 0.01040232 -0.01298868 0.004350244 0.01040124 -0.01298445 0.004328906 0.01039516 -0.01298016 0.004309475 0.01038438 -0.01297616 0.004292964 0.01036936 -0.01297259 0.004280209 0.01035094 -0.01296961 0.004271805 0.01033008 -0.01296734 0.004268288 0.01030778 -0.01296603 0.003859281 0.01038187 -0.0157026 0.003837108 0.01038086 -0.01569843 0.00381565 0.01037478 -0.01569443 0.0037961 0.01036399 -0.0156908 0.003779411 0.01034897 -0.01568782 0.003766477 0.01033055 -0.01568555 0.003757894 0.01030963 -0.01568412 0.003754198 0.01028734 -0.01568359 0.003859281 0.01038187 -0.0157026 0.003837108 0.01038086 -0.01569843 0.00381565 0.01037478 -0.01569443 0.0037961 0.01036399 -0.0156908 0.003779411 0.01034897 -0.01568782 0.003766477 0.01033055 -0.01568555 0.003757894 0.01030963 -0.01568412 0.003754198 0.01028734 -0.01568359 0.003714561 0.01038944 -0.01681911 0.003782749 0.01038026 -0.01763272 0.003998816 0.01035052 -0.01831167 0.004349172 0.01028943 -0.01892769 0.004327535 0.01028895 -0.01894283 0.004304647 0.01028078 -0.01895773 0.004285573 0.0102669 -0.01896923 0.004269361 0.01024675 -0.01897782 0.004257857 0.01022249 -0.01898264 0.004251897 0.01019591 -0.01898324 0.003854453 0.01026242 -0.01825338 0.003639936 0.0102902 -0.01744568 0.003621041 0.01029437 -0.0165618 0.004091203 0.01030153 -0.01866322 0.004102468 0.01031047 -0.0186578 0.004113614 0.0103169 -0.01865208 0.003908276 0.01033025 -0.01829242 0.003785312 0.010347 -0.01794981 0.003690183 0.01035869 -0.01754462 0.003644406 0.01036405 -0.01713067 0.003646016 0.01036477 -0.01669055 0.003693997 0.01034265 -0.0161212 0.00370115 0.01035201 -0.01612228 0.003710091 0.01036107 -0.01612359 0.004349172 0.01028943 -0.01892769 0.004327535 0.01028895 -0.01894283 0.004304647 0.01028078 -0.01895773 0.004285573 0.0102669 -0.01896923 0.004269361 0.01024675 -0.01897782 0.004257857 0.01022249 -0.01898264 0.004251897 0.01019591 -0.01898324 0.004721939 0.01021665 -0.0193845 0.004702508 0.01021611 -0.01940232 0.004681766 0.01020795 -0.01941996 0.004664242 0.01019406 -0.01943361 0.004649043 0.01017403 -0.01944392 0.004637897 0.01014989 -0.01944971 0.004631578 0.01012349 -0.01945054 0.004721939 0.01021665 -0.0193845 0.004702508 0.01021611 -0.01940232 0.004681766 0.01020795 -0.01941996 0.004664242 0.01019406 -0.01943361 0.004649043 0.01017403 -0.01944392 0.004637897 0.01014989 -0.01944971 0.004631578 0.01012349 -0.01945054 0.005350172 0.01006996 -0.01998573 0.005334496 0.01007014 -0.02000313 0.005318403 0.01006495 -0.02001929 0.005302727 0.01005476 -0.02003341 0.005288481 0.01004004 -0.02004468 0.005276262 0.01002168 -0.02005249 0.005266845 0.01000058 -0.02005636 0.005260765 0.009977996 -0.02005618 0.005350172 0.01006996 -0.01998573 0.005334496 0.01007014 -0.02000313 0.005318403 0.01006495 -0.02001929 0.005302727 0.01005476 -0.02003341 0.005288481 0.01004004 -0.02004468 0.005276262 0.01002168 -0.02005249 0.005266845 0.01000058 -0.02005636 0.005260765 0.009977996 -0.02005618 0.006299078 0.009674608 -0.02085047 0.00672549 0.00934118 -0.0212503 0.00699979 0.00901401 -0.02151536 0.007261276 0.008526027 -0.02178013 0.007396757 0.00812602 -0.02192747 0.007497847 0.007704317 -0.0220468 0.00748378 0.007705688 -0.02206367 0.007466137 0.007705569 -0.02207744 0.007440328 0.007703185 -0.02208918 0.007414519 0.007698893 -0.02209323 0.007389247 0.007692933 -0.02209055 0.007368624 0.007686734 -0.02208298 0.007350564 0.007679939 -0.022071 0.007192432 0.008286416 -0.02188825 0.006974339 0.00878328 -0.02165997 0.006707906 0.009157776 -0.02139741 0.006388425 0.009454667 -0.02109318 0.005843281 0.009773194 -0.02058732 0.007160782 0.008593797 -0.02179276 0.007380902 0.007912814 -0.0220353 0.007393538 0.0079149 -0.02203232 0.007404863 0.00791639 -0.02202814 0.007416427 0.007917404 -0.02202218 0.00729829 0.008220255 -0.02194052 0.007231652 0.008419036 -0.02186757 0.006989598 0.008916974 -0.02161854 0.006853282 0.009111166 -0.02148431 0.006715774 0.009270787 -0.02135133 0.006553173 0.009426057 -0.02119648 0.006340444 0.00958991 -0.02099663 0.006064057 0.009755373 -0.02074033 0.005577147 0.009937942 -0.02031862 0.00558418 0.00994724 -0.02031445 0.005592405 0.009956121 -0.02030879 0.007497847 0.007704317 -0.0220468 0.00748378 0.007705688 -0.02206367 0.007466137 0.007705569 -0.02207744 0.007440328 0.007703185 -0.02208918 0.007414519 0.007698893 -0.02209323 0.007389247 0.007692933 -0.02209055 0.007368624 0.007686734 -0.02208298 0.007350564 0.007679939 -0.022071 0.007701337 0.006068468 -0.02234607 0.007685303 0.006069719 -0.0223639 0.007665514 0.006070256 -0.02237743 0.007643043 0.006070077 -0.02238589 0.007619202 0.006069183 -0.02238881 0.007595419 0.006067574 -0.02238601 0.007573068 0.006065428 -0.02237766 0.007553339 0.006062865 -0.02236419 0.007701337 0.006068468 -0.02234607 0.007685303 0.006069719 -0.0223639 0.007665514 0.006070256 -0.02237743 0.007643043 0.006070077 -0.02238589 0.007619202 0.006069183 -0.02238881 0.007595419 0.006067574 -0.02238601 0.007573068 0.006065428 -0.02237766 0.007553339 0.006062865 -0.02236419 0.007703065 0.00601232 -0.0223515 0.007687091 0.006013572 -0.02236932 0.007667243 0.006014406 -0.02238285 0.007644772 0.006014883 -0.02239125 0.00762093 0.006014883 -0.02239412 0.007597088 0.006014406 -0.0223912 0.007574677 0.006013572 -0.02238267 0.007554888 0.00601232 -0.02236908 0.007564663 0.004965424 -0.0224511 0.007554888 0.00601232 -0.02236908 0.007703065 0.00601232 -0.0223515 0.007687091 0.006013572 -0.02236932 0.007667243 0.006014406 -0.02238285 0.007644772 0.006014883 -0.02239125 0.00762093 0.006014883 -0.02239412 0.007597088 0.006014406 -0.0223912 0.007574677 0.006013572 -0.02238267 0.007712841 0.004965424 -0.02243345 0.007654547 0.004968106 -0.02247321 0.007676959 0.00496751 -0.02246487 0.007696807 0.004966676 -0.02245134 0.007584393 0.004966676 -0.02246469 0.007606804 0.00496751 -0.02247315 0.007630646 0.004967987 -0.02247607 -0.002269029 0.004957556 -0.001260161 -0.002234756 0.004075348 -0.001338005 -0.002234756 0.004075348 -0.001338005 -0.002231299 0.004021883 -0.001344382 -0.002231299 0.004021883 -0.001344382 -0.002098202 0.00314182 -0.001541793 -0.002160608 0.004957556 -0.00139153 -0.002160608 0.004957556 -0.00139153 -0.002160608 0.004957556 -0.00139153 0.01043373 0.004957556 -0.002200722 0.01042914 0.004158258 -0.002226114 0.01041907 0.004044055 -0.002219974 0.01039135 0.003935873 -0.002195417 0.01035958 0.003859579 -0.002165675 0.01032108 0.003791987 -0.002128899 0.01026076 0.003714382 -0.002070665 0.01018369 0.003644824 -0.001995801 0.01009923 0.003593742 -0.001913726 0.01001036 0.003561496 -0.001827418 0.009959578 0.003551721 -0.001778066 0.009907901 0.003547728 -0.001727938 0.009448111 0.003538668 -0.0012905 0.009378135 -3.82841e-4 -0.001365661 0.009378135 -3.83018e-4 -0.001365721 0.009582281 -2.4863e-4 -0.001553237 0.01060676 5.89941e-4 -0.002553641 0.01102536 0.001136183 -0.003013014 0.01128339 0.001644432 -0.003261685 0.01147508 0.002209961 -0.00343126 0.0117951 0.003911018 -0.003679633 0.01179891 0.003961324 -0.003681421 0.0118497 0.004957556 -0.003693997 0.009378135 -3.82841e-4 -0.001365661 0.009448111 0.003538668 -0.0012905 0.0092839 0.003535509 -0.001138269 0.009247362 0.002104938 -0.001155555 0.008888781 0.001916408 -8.43011e-4 0.008675396 0.00183779 -6.74941e-4 0.008490085 0.001812815 -5.4431e-4 0.008059322 0.001812815 -3.09281e-4 0.008030652 -9.74997e-4 -3.76407e-4 0.00803101 -9.74898e-4 -3.76571e-4 0.008414983 -8.60821e-4 -5.78899e-4 0.008921325 -6.49869e-4 -9.59218e-4 0.007485389 0.003410875 -0.02227264 0.007485389 0.003410875 -0.02227264 0.007485389 0.003410875 -0.02227264 0.007485389 0.003410875 -0.02227264 0.007528245 0.004954934 -0.02241885 0.007528245 0.004954934 -0.02241885 0.007318139 0.002272665 -0.02204447 0.007318139 0.002272665 -0.02204447 0.007160365 0.001674354 -0.02186262 0.007160365 0.001674354 -0.02186262 0.007160365 0.001674354 -0.02186262 0.007160365 0.001674354 -0.02186262 0.006914913 0.001133918 -0.02160704 0.006914913 0.001133918 -0.02160704 0.006914913 0.001133918 -0.02160704 0.006575047 6.98606e-4 -0.0212751 0.006575047 6.98606e-4 -0.0212751 0.006575047 6.98606e-4 -0.0212751 0.006168305 3.76677e-4 -0.02089172 0.006168305 3.76677e-4 -0.02089172 0.00572431 1.50419e-4 -0.020482 0.00572431 1.50419e-4 -0.020482 0.005258977 -7.69086e-6 -0.02005815 0.005260765 -5.7627e-5 -0.02005618 0.005260765 -5.7627e-5 -0.02005618 0.007350564 0.002240419 -0.022071 0.007350564 0.002240419 -0.022071 0.007350564 0.002240419 -0.022071 0.007350564 0.002240419 -0.022071 0.007192432 0.001633942 -0.02188825 0.007192432 0.001633942 -0.02188825 0.006974339 0.001137137 -0.02165997 0.006974339 0.001137137 -0.02165997 0.006974339 0.001137137 -0.02165997 0.006707906 7.6261e-4 -0.02139741 0.006707906 7.6261e-4 -0.02139741 0.006388425 4.65725e-4 -0.02109318 0.006388425 4.65725e-4 -0.02109318 0.005843281 1.47177e-4 -0.02058732 0.005843281 1.47177e-4 -0.02058732 0.007553339 0.003857493 -0.02236419 0.007553339 0.003857493 -0.02236419 0.007554888 0.003908038 -0.02236908 0.007554888 0.003908038 -0.02236908 0.007554888 0.003908038 -0.02236908 0.007564663 0.004954934 -0.0224511 -0.002248823 0.002820491 -0.00224632 -0.002190947 0.002819895 -0.001671791 -0.002517998 0.004025459 -0.002369701 -0.002406537 0.004013299 -0.001392662 -0.002271175 0.003118932 -0.001592755 -0.001816451 0.001937448 -0.002026677 -0.0018242 0.001956164 -0.001987874 -0.001836001 0.001981317 -0.001954019 -0.001855552 0.002021491 -0.001915454 -0.001889109 0.00208956 -0.001867771 -0.00192511 0.00216329 -0.00183171 -0.001812398 0.0019266 -0.002055764 -0.001803159 0.001904129 -0.002107977 -0.001800358 0.001897811 -0.002120912 -0.002248823 0.002820491 -0.00224632 -0.002190947 0.002819895 -0.001671791 -0.00208193 0.002519965 -0.001716971 -0.002248823 0.002820491 -0.00224632 -0.001800358 0.001897811 -0.002120912 -0.001726627 0.00176078 -0.002287447 -0.00175774 0.001814305 -0.002241909 -0.001782178 0.001860022 -0.002185285 0.001801669 -8.44521e-4 -0.003602325 0.001004695 -5.54579e-4 -0.003623545 2.59452e-4 -1.65087e-4 -0.003500819 -4.059e-4 2.98682e-4 -0.003262996 -9.89094e-4 8.21656e-4 -0.0029338 -0.001388847 0.001273989 -0.002623438 0.0026353 -0.001043915 -0.003405511 0.00247091 -8.32491e-4 -0.005454301 -0.002347052 0.002820849 -0.003677606 -0.001971244 0.002012073 -0.003786265 -0.001448571 0.001298666 -0.003961801 -6.20119e-4 4.94813e-4 -0.004258692 4.52518e-4 -2.20646e-4 -0.00466001 0.001440048 -6.24778e-4 -0.005042195 0.005202412 -0.001374602 -0.001209378 0.0050354 -0.001373708 -0.001337945 0.004889309 -0.001368582 -0.001489341 0.00476706 -0.001359045 -0.001660704 0.004604756 -0.001338124 -0.001912176 0.006744027 -0.00116986 -0.00187838 0.008327841 -8.39158e-4 -0.001773774 0.008387148 -9.53986e-4 -6.74535e-4 0.008013427 -0.001069307 -4.79277e-4 0.007627606 -0.001160383 -3.69605e-4 0.007266819 -0.001224637 -3.55266e-4 0.006768703 -0.001288354 -4.50436e-4 0.006192564 -0.001336991 -6.69021e-4 0.00247091 -8.32491e-4 -0.005454301 0.002632737 -8.56112e-4 -0.005519151 0.0026353 -0.001043915 -0.003405511 0.002987921 -0.001110732 -0.003260791 0.003292202 -0.001160442 -0.003103315 0.004087626 -0.00126779 -0.002509355 0.004604697 -0.001338124 -0.001912176 0.004604697 -0.001338124 -0.001912176 0.004604756 -0.001338124 -0.001912176 0.006744027 -0.00116986 -0.00187838 0.008327841 -8.39158e-4 -0.001773774 0.006564021 -2.24669e-4 -0.01278114 0.007585048 -4.04798e-4 -0.007871091 0.008055686 -6.07018e-4 -0.004582345 0.004372417 -4.81902e-4 -0.01298868 0.004825651 -5.71068e-4 -0.01061695 0.003341317 -9.09712e-4 -0.005868077 0.003898978 -8.94788e-4 -0.006317019 0.004303395 -8.53586e-4 -0.006812155 0.004613995 -8.00596e-4 -0.007374823 0.004828453 -7.45315e-4 -0.007976889 0.004952847 -6.92541e-4 -0.008607923 0.004983842 -6.32203e-4 -0.009461998 0.004926323 -5.98927e-4 -0.01004201 0.007531166 -8.81577e-4 -0.003172874 0.006347537 -0.001026928 -0.003556191 0.005916357 -9.00924e-4 -0.005241096 0.006222426 -8.4858e-4 -0.00545901 0.006418526 -8.02916e-4 -0.005701482 0.006555676 -7.59981e-4 -0.00597763 0.005951821 -3.94841e-4 -0.01175695 0.008327841 -8.39158e-4 -0.001773774 0.008387148 -9.53986e-4 -6.74535e-4 0.009354233 -4.68789e-4 -0.001453578 0.009562253 -3.32444e-4 -0.001637876 0.009944856 0.002179384 -0.01267826 0.009730339 0.001660346 -0.0126807 0.00938946 0.001183867 -0.01268619 0.008952081 7.83079e-4 -0.01269489 0.008418798 4.33599e-4 -0.01270812 0.007507979 2.90643e-5 -0.01273858 0.006564021 -2.24669e-4 -0.01278114 0.007585048 -4.04798e-4 -0.007871091 0.008055686 -6.07018e-4 -0.004582345 0.008327841 -8.39158e-4 -0.001773774 0.009562253 -3.32444e-4 -0.001637876 0.009560763 -3.33434e-4 -0.001636445 0.009562313 -3.3243e-4 -0.001637876 0.01149904 0.002182006 -0.003517448 0.01130318 0.001606822 -0.003347218 0.01103794 0.001089394 -0.003099381 0.01076745 7.1275e-4 -0.00281471 0.01036542 2.8719e-4 -0.002394378 0.009473323 9.60605e-4 -0.01108992 0.009105145 6.61163e-4 -0.01112449 0.009245157 6.31548e-4 -0.01028186 0.00891745 4.15956e-4 -0.01031708 0.008602499 2.41613e-4 -0.01034998 0.01018035 0.001072764 -0.008004069 0.01053434 8.30536e-4 -0.004853308 0.0100255 4.92838e-4 -0.005637407 0.00975269 2.78283e-4 -0.005550026 0.009197771 -9.20929e-5 -0.00522679 0.01037496 4.81444e-4 -0.003676414 0.009970963 2.11372e-4 -0.00396955 0.01007688 2.22396e-4 -0.003498673 0.009687066 1.0564e-5 -0.003846764 0.009468972 -1.33378e-4 -0.003698885 0.008872091 1.78647e-4 -0.008754432 0.008999884 1.4165e-4 -0.007936894 0.009357094 2.45176e-4 -0.00716418 0.008988261 0.003891646 -0.01922589 0.0102747 0.003880381 -0.01282137 0.01182407 0.003902852 -0.003767371 0.01149904 0.002182006 -0.003517448 0.009944856 0.002179384 -0.01267826 0.008591353 0.002182066 -0.01935184 0.008980751 0.003891348 -0.01925587 0.009324848 0.003030657 -0.01706665 -0.002517998 0.004025459 -0.002369701 -0.002521097 0.004025578 -0.002405583 -0.002248823 0.002820491 -0.00224632 -0.002347052 0.002820849 -0.003677606 -0.002605676 0.004028618 -0.003639161 0.004267215 -3.27265e-4 -0.01295471 0.004267215 -3.27265e-4 -0.01295471 0.003751337 -3.108e-4 -0.01568305 0.003751337 -3.108e-4 -0.01568305 0.004717707 -4.12126e-4 -0.01059198 0.004721045 -4.76679e-4 -0.01059263 0.004721045 -4.76679e-4 -0.01059263 0.004268288 -3.87402e-4 -0.01296603 0.004268288 -3.87402e-4 -0.01296603 0.003754198 -3.6693e-4 -0.01568359 0.004372417 -4.81902e-4 -0.01298868 0.003859281 -4.61454e-4 -0.0157026 0.003714561 -4.6904e-4 -0.01681911 0.003782749 -4.59888e-4 -0.01763272 0.003998816 -4.30111e-4 -0.01831167 0.004349172 -3.69028e-4 -0.01892769 0.006564021 -2.24669e-4 -0.01278114 0.005566358 -2.49772e-4 -0.01596808 0.004721939 -2.9628e-4 -0.0193845 0.006580173 1.99913e-4 -0.01952087 0.007460296 6.56696e-4 -0.01950782 0.007981777 0.001099944 -0.01946437 0.008343875 0.001604735 -0.0194081 0.008477032 0.001882135 -0.01937943 0.008591353 0.002182066 -0.01935184 0.008038401 0.002189517 -0.02099412 0.007497847 0.002216041 -0.0220468 0.005350172 -1.49578e-4 -0.01998573 0.006299078 2.45804e-4 -0.02085047 0.00672549 5.7923e-4 -0.0212503 0.00699979 9.06383e-4 -0.02151536 0.007261276 0.001394331 -0.02178013 0.007396757 0.001794397 -0.02192747 0.009944856 0.002179384 -0.01267826 0.009730339 0.001660346 -0.0126807 0.00938946 0.001183867 -0.01268619 0.008952081 7.83079e-4 -0.01269489 0.008418798 4.33599e-4 -0.01270812 0.007507979 2.90643e-5 -0.01273858 0.006564021 -2.24669e-4 -0.01278114 0.008591353 0.002182066 -0.01935184 0.004721939 -2.9628e-4 -0.0193845 0.006580173 1.99913e-4 -0.01952087 0.007460296 6.56696e-4 -0.01950782 0.007981777 0.001099944 -0.01946437 0.008343875 0.001604735 -0.0194081 0.008477032 0.001882135 -0.01937943 0.004349172 -3.69028e-4 -0.01892769 0.005566358 -2.49772e-4 -0.01596808 0.008973121 0.001762926 -0.01694697 0.008782625 0.001370966 -0.01684719 0.008102893 6.72216e-4 -0.0166493 0.007434129 4.65511e-4 -0.01822578 0.006619751 1.01139e-4 -0.01789808 0.006284475 -3.1766e-5 -0.01729577 0.007993996 9.78261e-4 -0.01895099 0.008591353 0.002182066 -0.01935184 0.008038401 0.002189517 -0.02099412 0.007497847 0.002216041 -0.0220468 0.007701337 0.00385189 -0.02234607 0.00810945 0.003907144 -0.02167493 0.00847584 0.003899097 -0.02085822 0.008980751 0.003891348 -0.01925587 0.001815497 -7.51182e-4 -0.003495812 0.001806378 0.001812815 -0.003429293 0.001815319 -7.51193e-4 -0.003495872 -0.001569926 0.001812815 -0.002225458 -8.26694e-4 8.51459e-4 -0.00287652 5.89713e-5 1.00619e-4 -0.003316342 9.11735e-4 -4.00847e-4 -0.003506183 0.00135523 -5.93519e-4 -0.0035277 8.77492e-4 0.001812815 -0.003444492 -2.85804e-5 0.001812815 -0.003239095 -8.60184e-4 0.001812815 -0.002824902 0.001815497 -7.51182e-4 -0.003495812 0.001806378 0.001812815 -0.003429293 0.002617716 -9.48399e-4 -0.003302633 0.002957701 -0.001014649 -0.003161251 0.00295782 -0.001014649 -0.003161191 0.002925753 0.001812815 -0.003094434 0.002441644 0.001812815 -0.00328654 0.00212723 0.001812815 -0.003371775 0.003213286 0.001812815 -0.002942144 0.003118872 0.001812815 -0.00299555 0.003022968 0.001812815 -0.003046333 0.002925753 0.001812815 -0.003094434 0.003251254 -0.001064002 -0.003007173 0.00295782 -0.001014649 -0.003161191 0.003965973 0.001812815 -0.002370357 0.003730714 0.001812815 -0.002581 0.003479301 0.001812815 -0.002772033 0.003213286 0.001812815 -0.002942144 0.004020273 -0.001171052 -0.002426505 0.004020273 -0.001171052 -0.002426505 0.003251254 -0.001064002 -0.003007173 0.004020273 -0.001171052 -0.002426505 0.003965973 0.001812815 -0.002370357 0.004521548 -0.001241445 -0.001842975 0.004678905 -0.001262068 -0.001601219 0.004678905 -0.001262009 -0.001601219 0.004609823 0.001812815 -0.001559793 0.004315137 0.001812815 -0.001986026 0.004678905 -0.001262009 -0.001601219 0.004609823 0.001812815 -0.001559793 0.004809379 -0.001271545 -0.001417934 0.004965186 -0.001276671 -0.00125581 0.005143284 -0.001277565 -0.001118063 0.005099773 0.001812815 -0.001049816 0.004911839 0.001812815 -0.001195013 0.00474739 0.001812815 -0.001366138 0.005143284 -0.001277625 -0.001118063 0.005143284 -0.001277565 -0.001118063 0.006365656 -0.001224577 -4.72426e-4 0.007026195 -0.001158475 -2.73552e-4 0.007441818 -0.001098096 -2.42341e-4 0.007741451 -0.001042127 -2.82977e-4 0.008030652 -9.75062e-4 -3.76407e-4 0.008030831 -9.7501e-4 -3.76496e-4 0.008030652 -9.74997e-4 -3.76407e-4 0.008059322 0.001812815 -3.09281e-4 0.007656455 0.001812815 -1.89375e-4 0.007235288 0.001812815 -1.68893e-4 0.006820082 0.001812815 -2.38094e-4 0.005931854 0.001812815 -5.80769e-4 0.005099773 0.001812815 -0.001049816 0.01187914 0.004954934 -0.003781914 0.01057219 0.004954934 -0.011505 0.009043753 0.004954934 -0.0192402 0.008992493 0.003947436 -0.01922744 0.0118283 0.003958702 -0.003769278 0.01027852 0.003936052 -0.01282525 0.009043753 0.004954934 -0.0192402 0.008521497 0.004954934 -0.02089744 0.008136749 0.004954934 -0.02174472 0.007712841 0.004954934 -0.02243345 0.007703065 0.003908038 -0.0223515 0.008984982 0.003947198 -0.01925742 0.008479177 0.003954827 -0.02086192 0.008109331 0.003962934 -0.02168494 0.008992493 0.003947436 -0.01922744 0.0118283 0.003958702 -0.003769278 0.01027852 0.003936052 -0.01282525 0.008992493 0.003947436 -0.01922744 0.01182407 0.003902852 -0.003767371 0.008988261 0.003891646 -0.01922589 0.0102747 0.003880381 -0.01282137 0.00899142 0.00392878 -0.01922702 0.008989989 0.003910183 -0.01922649 0.007701337 0.00385189 -0.02234607 0.00810945 0.003907144 -0.02167493 0.00847584 0.003899097 -0.02085822 0.008980751 0.003891348 -0.01925587 0.007703065 0.003908038 -0.0223515 0.008984982 0.003947198 -0.01925742 0.008479177 0.003954827 -0.02086192 0.008109331 0.003962934 -0.02168494 0.008982479 0.003909945 -0.01925647 0.00898391 0.003928542 -0.019257 0.008980751 0.003891348 -0.01925587 0.008982479 0.003909945 -0.01925647 0.00898391 0.003928542 -0.019257 0.008984982 0.003947198 -0.01925742 0.008992493 0.003947436 -0.01922744 0.00899142 0.00392878 -0.01922702 0.008989989 0.003910183 -0.01922649 0.008988261 0.003891646 -0.01922589 -0.002657711 0.004954934 -0.003669738 -0.002571403 0.004954934 -0.002400934 -0.002525925 0.004084765 -0.002404868 -0.002610743 0.004088759 -0.003639996 -0.002571403 0.004954934 -0.002400934 -0.002571403 0.004954934 -0.002400934 -0.002444624 0.004954934 -0.001307487 -0.002410471 0.004072725 -0.001386165 -0.002522826 0.004084646 -0.002369046 -0.002522826 0.004084646 -0.002369046 -0.002525925 0.004084765 -0.002404868 -0.002406537 0.004013299 -0.001392662 -0.002517998 0.004025459 -0.002369701 -0.002410471 0.004072725 -0.001386165 -0.002522826 0.004084646 -0.002369046 -0.002520024 0.004045128 -0.002369463 -0.002521634 0.004064857 -0.002369225 -0.002517998 0.004025459 -0.002369701 -0.002520024 0.004045128 -0.002369463 -0.002521634 0.004064857 -0.002369225 -0.002522826 0.004084646 -0.002369046 -0.002525925 0.004084765 -0.002404868 -0.002521097 0.004025578 -0.002405583 -0.002523124 0.004045307 -0.002405285 -0.002524733 0.004065036 -0.002405047 -0.002610743 0.004088759 -0.003639996 -0.002525925 0.004084765 -0.002404868 -0.002605676 0.004028618 -0.003639161 -0.002521097 0.004025578 -0.002405583 -0.002523124 0.004045307 -0.002405285 -0.002524733 0.004065036 -0.002405047 0.001792848 0.001910209 -0.00333029 0.001795828 0.001907765 -0.003351986 0.001798629 0.001900613 -0.003372609 0.001801192 0.00188905 -0.003391146 0.001803278 0.001873672 -0.003406822 0.001804947 0.001855254 -0.003418743 0.001805961 0.00183463 -0.003426313 0.001806378 0.001812815 -0.003429293 8.77492e-4 0.001812815 -0.003444492 -2.85804e-5 0.001812815 -0.003239095 -8.60184e-4 0.001812815 -0.002824902 -0.001569926 0.001812815 -0.002225458 -0.001660585 0.00187993 -0.002081215 -0.001619279 0.001851677 -0.002158463 -0.001665592 0.001883029 -0.002070486 -0.001613318 0.001910209 -0.0020262 -0.001627624 0.001908421 -0.0020383 -0.001641452 0.001903116 -0.002050042 -0.001654267 0.001894593 -0.00206089 -0.001066327 0.001910209 -0.002553343 -4.25227e-4 0.001910209 -0.00296092 2.84262e-4 0.001910209 -0.003232538 0.001033604 0.001910209 -0.00335735 -0.001546919 0.001883029 -0.002204 -0.001562118 0.001855254 -0.002218127 -0.001567721 0.00183463 -0.002223372 -0.00107789 0.001908421 -0.002568066 -0.001089096 0.001903116 -0.002582311 -0.001099467 0.001894593 -0.002595484 -0.001108646 0.001883029 -0.002607166 -0.00112152 0.001855254 -0.002623498 -0.001126289 0.00183463 -0.002629578 -8.42899e-4 0.001883029 -0.002798616 -8.54306e-4 0.001855254 -0.002815961 -8.5853e-4 0.00183463 -0.002822399 -4.33654e-4 0.001908421 -0.002977669 -4.41782e-4 0.001903116 -0.002993822 -4.49322e-4 0.001894593 -0.003008842 -4.56005e-4 0.001883029 -0.003022134 -4.65333e-4 0.001855254 -0.003040671 -4.68791e-4 0.00183463 -0.003047525 -1.80155e-5 0.001883029 -0.003209471 -2.49818e-5 0.001855254 -0.003229022 -2.75746e-5 0.00183463 -0.003236293 2.79345e-4 0.001908421 -0.003250658 2.74599e-4 0.001903116 -0.003268122 2.70195e-4 0.001894593 -0.003284275 2.66291e-4 0.001883029 -0.00329864 2.60852e-4 0.001855254 -0.003318667 2.58833e-4 0.00183463 -0.003326117 8.80726e-4 0.001883029 -0.0034132 8.78595e-4 0.001855254 -0.003433823 8.77805e-4 0.00183463 -0.003441512 0.001792848 0.001910209 -0.00333029 0.002289533 0.001910209 -0.00322771 0.002590835 0.001910209 -0.003129005 0.00288248 0.001910209 -0.003004312 0.002891957 0.001907765 -0.003024041 0.002900958 0.001900613 -0.003042817 0.002909123 0.00188905 -0.003059744 0.002915918 0.001873672 -0.00307399 0.002921164 0.001855254 -0.003084778 0.002924501 0.00183463 -0.003091752 0.002925753 0.001812815 -0.003094434 0.002441644 0.001812815 -0.00328654 0.00212723 0.001812815 -0.003371775 0.001806378 0.001812815 -0.003429293 0.001795828 0.001907765 -0.003351986 0.001798629 0.001900613 -0.003372609 0.001801192 0.00188905 -0.003391146 0.001803278 0.001873672 -0.003406822 0.001804947 0.001855254 -0.003418743 0.001805961 0.00183463 -0.003426313 0.002765417 0.001881778 -0.003134071 0.002761721 0.001889824 -0.003125488 0.002757966 0.001896202 -0.003116667 0.002524316 0.001881778 -0.003227114 0.002370536 0.001881659 -0.003276765 0.002214729 0.001881659 -0.003319621 0.001964688 0.0018633 -0.003388822 0.001963496 0.001872658 -0.003382265 0.001962006 0.001881778 -0.003374099 0.00288248 0.001910209 -0.003004312 0.002977311 0.001910209 -0.002957403 0.003070771 0.001910209 -0.002907872 0.00316286 0.001910209 -0.002855837 0.003173887 0.001907765 -0.002874732 0.003184378 0.001900613 -0.002892673 0.003193855 0.00188905 -0.002908885 0.003201782 0.001873672 -0.002922534 0.003207862 0.001855254 -0.002932906 0.003211736 0.00183463 -0.002939522 0.003213286 0.001812815 -0.002942144 0.003118872 0.001812815 -0.00299555 0.003022968 0.001812815 -0.003046333 0.002925753 0.001812815 -0.003094434 0.002891957 0.001907765 -0.003024041 0.002900958 0.001900613 -0.003042817 0.002909123 0.00188905 -0.003059744 0.002915918 0.001873672 -0.00307399 0.002921164 0.001855254 -0.003084778 0.002924501 0.00183463 -0.003091752 0.002987265 0.001907765 -0.002976894 0.002996802 0.001900613 -0.002995431 0.003005325 0.00188905 -0.00301212 0.003012537 0.001873672 -0.003026187 0.003018021 0.001855254 -0.003036856 0.003081321 0.001907765 -0.002927124 0.003021538 0.00183463 -0.003043711 0.003091275 0.001900613 -0.002945363 0.003100275 0.00188905 -0.002961814 0.003107905 0.001873672 -0.002975642 0.003113627 0.001855254 -0.002986192 0.003117382 0.00183463 -0.002992928 0.003896296 0.001910209 -0.002298653 0.003911554 0.001907765 -0.002314329 0.003926098 0.001900613 -0.002329289 0.003939151 0.00188905 -0.00234276 0.003950119 0.001873672 -0.002354085 0.003958523 0.001855254 -0.002362668 0.003963887 0.00183463 -0.002368211 0.003965973 0.001812815 -0.002370357 0.003730714 0.001812815 -0.002581 0.003479301 0.001812815 -0.002772033 0.003213286 0.001812815 -0.002942144 0.00316286 0.001910209 -0.002855837 0.003173887 0.001907765 -0.002874732 0.003184378 0.001900613 -0.002892673 0.003193855 0.00188905 -0.002908885 0.003201782 0.001873672 -0.002922534 0.003207862 0.001855254 -0.002932906 0.003211736 0.00183463 -0.002939522 0.003422081 0.001910209 -0.002690017 0.003667116 0.001910209 -0.002503931 0.003434598 0.001907765 -0.002708017 0.003446519 0.001900613 -0.002725064 0.003457248 0.00188905 -0.002740442 0.003466248 0.001873672 -0.002753376 0.003473162 0.001855254 -0.002763271 0.003477573 0.00183463 -0.002769589 0.003681004 0.001907765 -0.002520799 0.003694295 0.001900613 -0.002536833 0.003706216 0.00188905 -0.002551317 0.00371623 0.001873672 -0.002563476 0.003723919 0.001855254 -0.002572774 0.003728806 0.00183463 -0.002578675 0.003896296 0.001910209 -0.002298653 0.004236698 0.001910209 -0.001924037 0.004524052 0.001910209 -0.001508474 0.004542827 0.001907765 -0.001519739 0.004560708 0.001900613 -0.001530408 0.004576802 0.00188905 -0.001540005 0.004590332 0.001873672 -0.001548111 0.004600644 0.001855254 -0.00155431 0.00460726 0.00183463 -0.001558244 0.004609823 0.001812815 -0.001559793 0.004315137 0.001812815 -0.001986026 0.003965973 0.001812815 -0.002370357 0.003911554 0.001907765 -0.002314329 0.003926098 0.001900613 -0.002329289 0.003939151 0.00188905 -0.00234276 0.003950119 0.001873672 -0.002354085 0.003958523 0.001855254 -0.002362668 0.003963887 0.00183463 -0.002368211 0.004291296 0.001881718 -0.001967251 0.004524052 0.001910209 -0.001508474 0.00467056 0.001910209 -0.001302242 0.004845798 0.001910209 -0.001119971 0.005046069 0.001910209 -9.65517e-4 0.005060911 0.001906275 -9.8877e-4 0.005074143 0.001895487 -0.001009523 0.005085289 0.001878559 -0.001027047 0.005093514 0.001857042 -0.001039981 0.005098044 0.001835584 -0.001047074 0.005099773 0.001812815 -0.001049816 0.004911839 0.001812815 -0.001195013 0.00474739 0.001812815 -0.001366138 0.004609823 0.001812815 -0.001559793 0.004542827 0.001907765 -0.001519739 0.004560708 0.001900613 -0.001530408 0.004576802 0.00188905 -0.001540005 0.004590332 0.001873672 -0.001548111 0.004600644 0.001855254 -0.00155431 0.00460726 0.00183463 -0.001558244 0.004724562 0.001881837 -0.001347124 0.004805088 0.001881837 -0.001257002 0.004892349 0.001881837 -0.001172602 0.005046069 0.001910209 -9.65517e-4 0.006328046 0.001910209 -2.94168e-4 0.007025718 0.001910209 -9.30577e-5 0.007279455 0.001910209 -6.62021e-5 0.00751698 0.001910209 -7.08364e-5 0.007813453 0.001910209 -1.20666e-4 0.008098363 0.001910209 -2.17248e-4 0.00808984 0.001907765 -2.37402e-4 0.008081674 0.001900613 -2.56568e-4 0.008074343 0.00188905 -2.73842e-4 0.008068203 0.001873672 -2.88352e-4 0.008063495 0.001855254 -2.99435e-4 0.008060514 0.00183463 -3.06513e-4 0.008059322 0.001812815 -3.09281e-4 0.007656455 0.001812815 -1.89375e-4 0.007235288 0.001812815 -1.68893e-4 0.006820082 0.001812815 -2.38094e-4 0.005931854 0.001812815 -5.80769e-4 0.005099773 0.001812815 -0.001049816 0.005060911 0.001906275 -9.8877e-4 0.005074143 0.001895487 -0.001009523 0.005085289 0.001878559 -0.001027047 0.005093514 0.001857042 -0.001039981 0.005098044 0.001835584 -0.001047074 0.007708013 0.001881837 -1.6829e-4 0.007934391 0.001881837 -2.2969e-4 0.007937431 0.001889884 -2.20839e-4 0.00794053 0.001896262 -2.11801e-4 0.007586658 0.001881837 -1.48389e-4 0.007372021 0.001881837 -1.34092e-4 0.007257878 0.001881778 -1.37191e-4 0.007134974 0.001881778 -1.48121e-4 0.00692451 0.001881778 -1.83009e-4 0.006580471 0.001881778 -2.76972e-4 0.006134092 0.001881778 -4.51203e-4 0.005505502 0.001858651 -7.93975e-4 0.005501627 0.001870214 -7.87545e-4 0.005496382 0.001881837 -7.78791e-4 0.008098363 0.001910209 -2.17248e-4 0.008545339 0.001910209 -4.61001e-4 0.008533239 0.001907765 -4.7924e-4 0.008521735 0.001900613 -4.96592e-4 0.008511364 0.00188905 -5.12224e-4 0.008502602 0.001873672 -5.25374e-4 0.008495986 0.001855254 -5.35399e-4 0.008491754 0.00183463 -5.4181e-4 0.008490085 0.001812815 -5.4431e-4 0.008059322 0.001812815 -3.09281e-4 0.00808984 0.001907765 -2.37402e-4 0.008081674 0.001900613 -2.56568e-4 0.008074343 0.00188905 -2.73842e-4 0.008068203 0.001873672 -2.88352e-4 0.008063495 0.001855254 -2.99435e-4 0.008060514 0.00183463 -3.06513e-4 0.008545339 0.001910209 -4.61001e-4 0.008533239 0.001907765 -4.7924e-4 0.008521735 0.001900613 -4.96592e-4 0.008511364 0.00188905 -5.12224e-4 0.008502602 0.001873672 -5.25374e-4 0.008495986 0.001855254 -5.35399e-4 0.008491754 0.00183463 -5.4181e-4 0.008490085 0.001812815 -5.4431e-4 0.008896529 0.001981437 -8.14673e-4 0.009247362 0.002104938 -0.001155555 0.009247362 0.002104938 -0.001155555 0.008888781 0.001916408 -8.43011e-4 0.008675396 0.00183779 -6.74941e-4 0.008592128 0.001881659 -5.85258e-4 0.008589148 0.001873195 -5.91133e-4 0.008586943 0.001864671 -5.95957e-4 0.01179891 0.003961324 -0.003681421 0.0118497 0.004957556 -0.003693997 0.0118283 0.003958702 -0.003769278 0.01182919 0.00395894 -0.003745257 0.01182436 0.003959476 -0.003721714 0.01181405 0.003960311 -0.003700017 0.01187914 0.004954934 -0.003781914 0.01187759 0.00495553 -0.003742516 0.01187986 0.004955232 -0.003755569 0.01188039 0.004955053 -0.003768742 0.01186197 0.004956781 -0.003708302 0.01187139 0.004956066 -0.003724634 0.0118283 0.003958702 -0.003769278 0.01182919 0.00395894 -0.003745257 0.01182436 0.003959476 -0.003721714 0.01181405 0.003960311 -0.003700017 0.01179891 0.003961324 -0.003681421 0.0117951 0.003911018 -0.003679633 0.01182407 0.003902852 -0.003767371 0.01182508 0.003904163 -0.00374335 0.01182037 0.003906071 -0.003719866 0.01181018 0.003908395 -0.00369817 0.01182407 0.003902852 -0.003767371 0.01182508 0.003904163 -0.00374335 0.01182037 0.003906071 -0.003719866 0.01181018 0.003908395 -0.00369817 0.0117951 0.003911018 -0.003679633 0.01147508 0.002209961 -0.00343126 0.01149904 0.002182006 -0.003517448 0.01150113 0.002187669 -0.003491938 0.0114988 0.002192437 -0.00347501 0.01149356 0.002197921 -0.003458917 0.01148557 0.002203822 -0.003444015 0.01149904 0.002182006 -0.003517448 0.01150113 0.002187669 -0.003491938 0.0114988 0.002192437 -0.00347501 0.01149356 0.002197921 -0.003458917 0.01148557 0.002203822 -0.003444015 0.01147508 0.002209961 -0.00343126 0.009582281 -2.4863e-4 -0.001553237 0.01060676 5.89941e-4 -0.002553641 0.01102536 0.001136183 -0.003013014 0.01128339 0.001644432 -0.003261685 0.009560763 -3.33434e-4 -0.001636445 0.009575068 -3.23914e-4 -0.001614272 0.009581863 -3.13984e-4 -0.001599907 0.009587228 -2.95097e-4 -0.001580715 0.009587407 -2.7254e-4 -0.001564562 0.009562313 -3.3243e-4 -0.001637876 0.01130318 0.001606822 -0.003347218 0.01103794 0.001089394 -0.003099381 0.01076745 7.1275e-4 -0.00281471 0.01036542 2.8719e-4 -0.002394378 0.01118397 0.001358509 -0.003189027 0.01104301 0.001108169 -0.003052055 0.01091331 9.13647e-4 -0.002918064 0.0107001 6.42587e-4 -0.00268048 0.01050192 4.30197e-4 -0.002468168 0.009995937 -1.11288e-5 -0.001970529 0.009560763 -3.33434e-4 -0.001636445 0.009575068 -3.23914e-4 -0.001614272 0.009581863 -3.13984e-4 -0.001599907 0.009587228 -2.95097e-4 -0.001580715 0.009587407 -2.7254e-4 -0.001564562 0.009582281 -2.4863e-4 -0.001553237 0.009378135 -3.83018e-4 -0.001365721 0.009354233 -4.68789e-4 -0.001453578 0.009368658 -4.61043e-4 -0.00143218 0.009378552 -4.47895e-4 -0.001411795 0.009383857 -4.29362e-4 -0.001392662 0.009383738 -4.07195e-4 -0.001376867 0.009562253 -3.32444e-4 -0.001637876 0.009378135 -3.82841e-4 -0.001365661 0.009378135 -3.83018e-4 -0.001365721 0.008414983 -8.60821e-4 -5.78899e-4 0.008921325 -6.49869e-4 -9.59218e-4 0.008387148 -9.53986e-4 -6.74535e-4 0.008397698 -9.50922e-4 -6.56176e-4 0.008406579 -9.43613e-4 -6.38116e-4 0.008413374 -9.32393e-4 -6.21207e-4 0.008417725 -9.17776e-4 -6.06205e-4 0.008419454 -9.0043e-4 -5.93789e-4 0.00841856 -8.81151e-4 -5.84546e-4 0.009354233 -4.68789e-4 -0.001453578 0.009368658 -4.61043e-4 -0.00143218 0.009378552 -4.47895e-4 -0.001411795 0.009383857 -4.29362e-4 -0.001392662 0.009383738 -4.07195e-4 -0.001376867 0.008678197 -8.24101e-4 -7.97015e-4 0.008680403 -8.15742e-4 -7.89393e-4 0.008681774 -8.07228e-4 -7.82866e-4 0.009156346 -5.80166e-4 -0.00119847 0.00915879 -5.69255e-4 -0.001188576 0.008030652 -9.74997e-4 -3.76407e-4 0.00803101 -9.74898e-4 -3.76571e-4 0.008030831 -9.7501e-4 -3.76496e-4 0.008013427 -0.001069307 -4.79277e-4 0.00802344 -0.00106585 -4.53059e-4 0.008028745 -0.001059412 -4.36205e-4 0.008033931 -0.001045167 -4.14591e-4 0.008036196 -0.00102514 -3.96177e-4 0.008035123 -0.001001179 -3.8315e-4 0.008387148 -9.53986e-4 -6.74535e-4 0.008397698 -9.50922e-4 -6.56176e-4 0.008406579 -9.43613e-4 -6.38116e-4 0.008413374 -9.32393e-4 -6.21207e-4 0.008417725 -9.17776e-4 -6.06205e-4 0.008419454 -9.0043e-4 -5.93789e-4 0.00841856 -8.81151e-4 -5.84546e-4 0.008414983 -8.60821e-4 -5.78899e-4 0.008030652 -9.75062e-4 -3.76407e-4 0.008030831 -9.7501e-4 -3.76496e-4 0.005143284 -0.001277625 -0.001118063 0.006365656 -0.001224577 -4.72426e-4 0.007026195 -0.001158475 -2.73552e-4 0.007441818 -0.001098096 -2.42341e-4 0.007741451 -0.001042127 -2.82977e-4 0.005202412 -0.001374602 -0.001209378 0.005188107 -0.00137341 -0.001187086 0.005173563 -0.001364409 -0.001164317 0.005161762 -0.001349747 -0.001146137 0.005152165 -0.001329123 -0.001131296 0.005145847 -0.001304447 -0.001121699 0.008013427 -0.001069307 -4.79277e-4 0.007627606 -0.001160383 -3.69605e-4 0.007266819 -0.001224637 -3.55266e-4 0.006768703 -0.001288354 -4.50436e-4 0.006192564 -0.001336991 -6.69021e-4 0.00802344 -0.00106585 -4.53059e-4 0.008028745 -0.001059412 -4.36205e-4 0.008033931 -0.001045167 -4.14591e-4 0.008036196 -0.00102514 -3.96177e-4 0.008035123 -0.001001179 -3.8315e-4 0.007868349 -0.001084208 -3.50367e-4 0.007691562 -0.001123666 -3.05571e-4 0.007543921 -0.001152753 -2.83387e-4 0.007355511 -0.001185655 -2.74859e-4 0.007149159 -0.00121665 -2.89634e-4 0.006891489 -0.001249253 -3.37373e-4 0.006562054 -0.001282691 -4.35423e-4 0.006270706 -0.001305937 -5.497e-4 0.005651712 -0.001338541 -8.5818e-4 0.00565809 -0.001347839 -8.6889e-4 0.005664408 -0.001354575 -8.79668e-4 0.004678905 -0.001262009 -0.001601219 0.004809379 -0.001271545 -0.001417934 0.004965186 -0.001276671 -0.00125581 0.005143284 -0.001277565 -0.001118063 0.004678905 -0.001262068 -0.001601219 0.00476706 -0.001359045 -0.001660704 0.004744887 -0.001357316 -0.001647233 0.004722476 -0.001348018 -0.001633107 0.004704773 -0.001333236 -0.001621484 0.004690647 -0.001312792 -0.001611649 0.004681766 -0.001288473 -0.001604735 0.005202412 -0.001374602 -0.001209378 0.0050354 -0.001373708 -0.001337945 0.004889309 -0.001368582 -0.001489341 0.005188107 -0.00137341 -0.001187086 0.005173563 -0.001364409 -0.001164317 0.005161762 -0.001349747 -0.001146137 0.005152165 -0.001329123 -0.001131296 0.005145847 -0.001304447 -0.001121699 0.005143284 -0.001277625 -0.001118063 0.004832804 -0.001342892 -0.001441001 0.004906296 -0.00134617 -0.001358747 0.004985988 -0.001348376 -0.001281678 0.00476706 -0.001359045 -0.001660704 0.004744887 -0.001357316 -0.001647233 0.004722476 -0.001348018 -0.001633107 0.004704773 -0.001333236 -0.001621484 0.004690647 -0.001312792 -0.001611649 0.004681766 -0.001288473 -0.001604735 0.004678905 -0.001262068 -0.001601219 0.004521548 -0.001241445 -0.001842975 0.004604697 -0.001338124 -0.001912176 0.004583418 -0.001336634 -0.001896977 0.00456196 -0.001327633 -0.001880884 0.004545092 -0.00131303 -0.001867413 0.00453186 -0.001292467 -0.00185585 0.004523813 -0.001268029 -0.001847505 0.004604756 -0.001338124 -0.001912176 0.004020273 -0.001171052 -0.002426505 0.004521548 -0.001241445 -0.001842975 0.004020273 -0.001171052 -0.002426505 0.004087626 -0.00126779 -0.002509355 0.004069626 -0.001266062 -0.00249046 0.004051864 -0.001256763 -0.002470791 0.004038155 -0.001242041 -0.002454578 0.004027605 -0.001221597 -0.002440869 0.004021525 -0.001197397 -0.002431333 0.004604697 -0.001338124 -0.001912176 0.004604697 -0.001338124 -0.001912176 0.004583418 -0.001336634 -0.001896977 0.00456196 -0.001327633 -0.001880884 0.004545092 -0.00131303 -0.001867413 0.00453186 -0.001292467 -0.00185585 0.004523813 -0.001268029 -0.001847505 0.004087626 -0.00126779 -0.002509355 0.004069626 -0.001266062 -0.00249046 0.004051864 -0.001256763 -0.002470791 0.004038155 -0.001242041 -0.002454578 0.004027605 -0.001221597 -0.002440869 0.004021525 -0.001197397 -0.002431333 0.004020273 -0.001171052 -0.002426505 0.003251254 -0.001064002 -0.003007173 0.003292202 -0.001160442 -0.003103315 0.003281116 -0.001158714 -0.003083765 0.003271102 -0.001152098 -0.003064692 0.003262579 -0.001140832 -0.003047049 0.003256142 -0.001125574 -0.003031849 0.00325191 -0.001106977 -0.00301975 0.0032503 -0.001086115 -0.003011345 0.00295782 -0.001014649 -0.003161191 0.003251254 -0.001064002 -0.003007173 0.002957701 -0.001014649 -0.003161251 0.002987921 -0.001110732 -0.003260791 0.002976417 -0.001107573 -0.00323522 0.002967059 -0.001097202 -0.003211617 0.002960205 -0.001080632 -0.003191053 0.002956509 -0.001059114 -0.003175258 0.002955853 -0.001037597 -0.00316596 0.003292202 -0.001160442 -0.003103315 0.003281116 -0.001158714 -0.003083765 0.003271102 -0.001152098 -0.003064692 0.003262579 -0.001140832 -0.003047049 0.003256142 -0.001125574 -0.003031849 0.00325191 -0.001106977 -0.00301975 0.0032503 -0.001086115 -0.003011345 0.002987921 -0.001110732 -0.003260791 0.002976417 -0.001107573 -0.00323522 0.002967059 -0.001097202 -0.003211617 0.002960205 -0.001080632 -0.003191053 0.002956509 -0.001059114 -0.003175258 0.002955853 -0.001037597 -0.00316596 0.002957701 -0.001014649 -0.003161251 0.002617716 -9.48399e-4 -0.003302633 0.0026353 -0.001043915 -0.003405511 0.002628028 -0.001042068 -0.003384351 0.002622008 -0.001035392 -0.003363847 0.002617537 -0.001024186 -0.003344953 0.002614736 -0.001009047 -0.00332868 0.002613842 -9.90764e-4 -0.003315806 0.002614855 -9.70195e-4 -0.003306925 0.001815497 -7.51182e-4 -0.003495812 0.002617716 -9.48399e-4 -0.003302633 0.001815319 -7.51193e-4 -0.003495872 0.001801669 -8.44521e-4 -0.003602325 0.001798927 -8.41625e-4 -0.003574192 0.00179851 -8.31704e-4 -0.003548502 0.001800358 -8.15577e-4 -0.003526329 0.001804351 -7.94635e-4 -0.0035097 0.001809298 -7.73606e-4 -0.003500163 0.0026353 -0.001043915 -0.003405511 0.002628028 -0.001042068 -0.003384351 0.002622008 -0.001035392 -0.003363847 0.002617537 -0.001024186 -0.003344953 0.002614736 -0.001009047 -0.00332868 0.002613842 -9.90764e-4 -0.003315806 0.002614855 -9.70195e-4 -0.003306925 0.001801669 -8.44521e-4 -0.003602325 0.001798927 -8.41625e-4 -0.003574192 0.00179851 -8.31704e-4 -0.003548502 0.001800358 -8.15577e-4 -0.003526329 0.001804351 -7.94635e-4 -0.0035097 0.001809298 -7.73606e-4 -0.003500163 0.001815319 -7.51193e-4 -0.003495872 -0.001569926 0.001812815 -0.002225458 -8.26694e-4 8.51459e-4 -0.00287652 5.89713e-5 1.00619e-4 -0.003316342 9.11735e-4 -4.00847e-4 -0.003506183 0.00135523 -5.93519e-4 -0.0035277 -0.001726627 0.00176078 -0.002287447 -0.001716554 0.001752912 -0.002267181 -0.001702308 0.001748681 -0.002248406 -0.001684665 0.001748204 -0.002232253 -0.001664638 0.001751601 -0.002219617 -0.001643359 0.001758694 -0.002211213 -0.00162208 0.001769006 -0.002207517 -0.001601994 0.00178194 -0.002208769 -0.001584291 0.001796841 -0.002214848 0.001004695 -5.54579e-4 -0.003623545 2.59452e-4 -1.65087e-4 -0.003500819 -4.059e-4 2.98682e-4 -0.003262996 -9.89094e-4 8.21656e-4 -0.0029338 -0.001388847 0.001273989 -0.002623438 -0.001537084 0.001501679 -0.002413868 -9.13739e-4 8.08536e-4 -0.002873063 -0.001118421 0.001027762 -0.002723157 -6.37464e-4 5.44907e-4 -0.003045618 -1.80192e-4 1.71599e-4 -0.003267943 1.47082e-4 -5.61797e-5 -0.003385007 5.78701e-4 -3.13617e-4 -0.003491818 9.4872e-4 -4.99226e-4 -0.003543615 0.00117433 -5.97677e-4 -0.00355786 0.00156331 -7.43597e-4 -0.003552079 0.00156629 -7.32484e-4 -0.003541111 0.001569449 -7.21297e-4 -0.003532946 -0.00145483 0.001382291 -0.002501487 -0.00150901 0.001505613 -0.002391636 -0.001519739 0.001503109 -0.002398729 -0.001528978 0.001501917 -0.002406179 -0.001358211 0.0014081 -0.002465844 -0.001527965 0.001657605 -0.002292931 -0.001496493 0.001509726 -0.002385079 -0.001263141 0.001139819 -0.00267148 -0.001641213 0.001686334 -0.002271652 -0.001628756 0.001688718 -0.002263844 -0.001616954 0.001692175 -0.002258121 -0.001534759 0.001570999 -0.002341866 -0.001408219 0.001385807 -0.002472162 -0.001387178 0.001320064 -0.002527892 -0.001315772 0.001264274 -0.002557694 -0.001585245 0.001749575 -0.00222963 -0.001361131 0.001259922 -0.002587378 -0.001726627 0.00176078 -0.002287447 -0.001716554 0.001752912 -0.002267181 -0.001702308 0.001748681 -0.002248406 -0.001684665 0.001748204 -0.002232253 -0.001664638 0.001751601 -0.002219617 -0.001643359 0.001758694 -0.002211213 -0.00162208 0.001769006 -0.002207517 -0.001601994 0.00178194 -0.002208769 -0.001584291 0.001796841 -0.002214848 -0.001569926 0.001812815 -0.002225458 -0.001660585 0.00187993 -0.002081215 -0.001619279 0.001851677 -0.002158463 -0.001800358 0.001897811 -0.002120912 -0.001786708 0.001882135 -0.002110183 -0.001769185 0.001870155 -0.002100348 -0.001748681 0.001862525 -0.002092063 -0.001726329 0.001859664 -0.002085685 -0.001703381 0.001861691 -0.002081632 -0.001681029 0.001868605 -0.002080142 -0.00175774 0.001814305 -0.002241909 -0.001782178 0.001860022 -0.002185285 -0.001693606 0.001802623 -0.002172589 -0.001682043 0.001843571 -0.002118527 -0.001707673 0.001820623 -0.002150833 -0.001800358 0.001897811 -0.002120912 -0.001786708 0.001882135 -0.002110183 -0.001769185 0.001870155 -0.002100348 -0.001748681 0.001862525 -0.002092063 -0.001726329 0.001859664 -0.002085685 -0.001703381 0.001861691 -0.002081632 -0.001681029 0.001868605 -0.002080142 -0.001660585 0.00187993 -0.002081215 -0.001665592 0.001883029 -0.002070486 -0.001803159 0.001904129 -0.002107977 -0.001789748 0.001888453 -0.002097964 -0.001772522 0.001876294 -0.002088904 -0.001752495 0.001868307 -0.002081155 -0.001730561 0.001864969 -0.002075195 -0.00170803 0.0018664 -0.002071321 -0.001685976 0.001872539 -0.002069711 -0.001803159 0.001904129 -0.002107977 -0.001789748 0.001888453 -0.002097964 -0.001772522 0.001876294 -0.002088904 -0.001752495 0.001868307 -0.002081155 -0.001730561 0.001864969 -0.002075195 -0.00170803 0.0018664 -0.002071321 -0.001685976 0.001872539 -0.002069711 -0.001665592 0.001883029 -0.002070486 -0.001686394 0.001894533 -0.002024948 -0.001812398 0.0019266 -0.002055764 -0.001797854 0.001909196 -0.002046942 -0.001779019 0.001895904 -0.002039134 -0.001757144 0.00188744 -0.002032637 -0.001733481 0.001884341 -0.002027988 -0.001709461 0.001886725 -0.002025365 -0.001812398 0.0019266 -0.002055764 -0.001797854 0.001909196 -0.002046942 -0.001779019 0.001895904 -0.002039134 -0.001757144 0.00188744 -0.002032637 -0.001733481 0.001884341 -0.002027988 -0.001709461 0.001886725 -0.002025365 -0.001686394 0.001894533 -0.002024948 -0.001697719 0.001900672 -0.00199908 -0.001816451 0.001937448 -0.002026677 -0.001802742 0.00192064 -0.002019107 -0.001785278 0.001907408 -0.002012312 -0.001764953 0.001898467 -0.002006649 -0.00174278 0.001894235 -0.002002418 -0.001719951 0.00189501 -0.001999855 -0.001816451 0.001937448 -0.002026677 -0.001802742 0.00192064 -0.002019107 -0.001785278 0.001907408 -0.002012312 -0.001764953 0.001898467 -0.002006649 -0.00174278 0.001894235 -0.002002418 -0.001719951 0.00189501 -0.001999855 -0.001697719 0.001900672 -0.00199908 -0.001900196 0.002156019 -0.001784682 -0.001857221 0.00204879 -0.001853406 -0.001796364 0.001959979 -0.001909613 -0.001760005 0.001928627 -0.00193578 -0.00173068 0.001912534 -0.001959621 -0.001713037 0.0019055 -0.00197792 -0.00192511 0.00216329 -0.00183171 -0.001919448 0.002159178 -0.001815021 -0.001911044 0.002156734 -0.001799166 -0.0018242 0.001956164 -0.001987874 -0.001836001 0.001981317 -0.001954019 -0.001855552 0.002021491 -0.001915454 -0.001889109 0.00208956 -0.001867771 -0.001787841 0.001923918 -0.001968324 -0.00192511 0.00216329 -0.00183171 -0.001919448 0.002159178 -0.001815021 -0.001911044 0.002156734 -0.001799166 -0.001900196 0.002156019 -0.001784682 -0.001995146 0.002550125 -0.001627981 -0.001985132 0.002491891 -0.001637756 -0.001967489 0.002411246 -0.001662135 -0.001935362 0.002280116 -0.001716911 -0.00208193 0.002519965 -0.001716971 -0.002076745 0.00252062 -0.0016945 -0.00206691 0.002523303 -0.001673758 -0.002053022 0.002527892 -0.001655876 -0.002035796 0.002534151 -0.001641869 -0.002016127 0.002541661 -0.001632392 -0.002036273 0.002502679 -0.00165385 -0.002031505 0.002460837 -0.001673102 -0.00208193 0.002519965 -0.001716971 -0.002076745 0.00252062 -0.0016945 -0.00206691 0.002523303 -0.001673758 -0.002053022 0.002527892 -0.001655876 -0.002035796 0.002534151 -0.001641869 -0.002016127 0.002541661 -0.001632392 -0.001995146 0.002550125 -0.001627981 -0.002053737 0.002845823 -0.001593291 -0.002190947 0.002819895 -0.001671791 -0.002182483 0.002816855 -0.001645565 -0.00216794 0.002816438 -0.001622796 -0.002148866 0.002818465 -0.001604676 -0.002126455 0.002822816 -0.001592338 -0.002101957 0.002829194 -0.001586198 -0.002077162 0.002837002 -0.001586496 -0.002190947 0.002819895 -0.001671791 -0.002182483 0.002816855 -0.001645565 -0.00216794 0.002816438 -0.001622796 -0.002148866 0.002818465 -0.001604676 -0.002126455 0.002822816 -0.001592338 -0.002101957 0.002829194 -0.001586198 -0.002077162 0.002837002 -0.001586496 -0.002053737 0.002845823 -0.001593291 -0.002098202 0.00314182 -0.001541793 -0.002271175 0.003118932 -0.001592755 -0.00226432 0.003113865 -0.001571655 -0.002252876 0.003110349 -0.001552283 -0.002237379 0.00310862 -0.001535713 -0.002218723 0.003108739 -0.001522719 -0.002197742 0.003110706 -0.001514017 -0.002175688 0.003114461 -0.001510024 -0.002153575 0.003119707 -0.001510977 -0.002132594 0.003126263 -0.001516878 -0.002113819 0.003133773 -0.001527309 -0.002271175 0.003118932 -0.001592755 -0.00226432 0.003113865 -0.001571655 -0.002252876 0.003110349 -0.001552283 -0.002237379 0.00310862 -0.001535713 -0.002218723 0.003108739 -0.001522719 -0.002197742 0.003110706 -0.001514017 -0.002175688 0.003114461 -0.001510024 -0.002153575 0.003119707 -0.001510977 -0.002132594 0.003126263 -0.001516878 -0.002113819 0.003133773 -0.001527309 -0.002098202 0.00314182 -0.001541793 -0.002231299 0.004021883 -0.001344382 -0.002406537 0.004013299 -0.001392662 -0.002400219 0.004010617 -0.001370906 -0.002389073 0.00400865 -0.001351118 -0.002373695 0.004007458 -0.001334249 -0.002354979 0.00400722 -0.001321256 -0.002333819 0.004007875 -0.001312732 -0.002311348 0.004009366 -0.001309216 -0.002288639 0.004011631 -0.001310825 -0.002267062 0.004014611 -0.001317501 -0.002247571 0.004018068 -0.001328885 -0.002406537 0.004013299 -0.001392662 -0.002400219 0.004010617 -0.001370906 -0.002389073 0.00400865 -0.001351118 -0.002373695 0.004007458 -0.001334249 -0.002354979 0.00400722 -0.001321256 -0.002333819 0.004007875 -0.001312732 -0.002311348 0.004009366 -0.001309216 -0.002288639 0.004011631 -0.001310825 -0.002267062 0.004014611 -0.001317501 -0.002247571 0.004018068 -0.001328885 -0.002231299 0.004021883 -0.001344382 -0.002234756 0.004075348 -0.001338005 -0.002410471 0.004072725 -0.001386165 -0.002404272 0.004071056 -0.001364231 -0.002393305 0.004069685 -0.001344203 -0.002377986 0.004068791 -0.001327216 -0.002359271 0.004068374 -0.001314103 -0.002337992 0.004068434 -0.00130558 -0.002315402 0.00406903 -0.001302123 -0.002292633 0.004070043 -0.001303791 -0.002270877 0.004071533 -0.001310646 -0.002251207 0.004073321 -0.001322269 -0.002410471 0.004072725 -0.001386165 -0.002444624 0.004954934 -0.001307487 -0.002404272 0.004071056 -0.001364231 -0.002393305 0.004069685 -0.001344203 -0.002377986 0.004068791 -0.001327216 -0.002359271 0.004068374 -0.001314103 -0.002337992 0.004068434 -0.00130558 -0.002315402 0.00406903 -0.001302123 -0.002292633 0.004070043 -0.001303791 -0.002270877 0.004071533 -0.001310646 -0.002251207 0.004073321 -0.001322269 -0.002234756 0.004075348 -0.001338005 -0.002269029 0.004957556 -0.001260161 -0.002438306 0.004953265 -0.001285672 -0.00242716 0.004951953 -0.001265823 -0.002411842 0.004951059 -0.001249015 -0.002393066 0.004950642 -0.001236021 -0.002371907 0.004950761 -0.001227676 -0.002349376 0.004951298 -0.001224279 -0.002326667 0.004952371 -0.001226067 -0.002304971 0.004953801 -0.001232922 -0.00228542 0.00495553 -0.001244485 0.01042914 0.004158258 -0.002226114 0.0104109 0.0041579 -0.002211213 0.01038968 0.004157662 -0.00220102 0.01036667 0.004157662 -0.002196013 0.01034313 0.004157841 -0.002196609 0.01032036 0.004158139 -0.00220263 0.01029962 0.004158616 -0.002213835 0.01028209 0.004159212 -0.002229571 0.01043373 0.004957556 -0.002200722 0.01028358 0.004958689 -0.002207994 0.01030087 0.004958033 -0.002191007 0.01032173 0.004957497 -0.002178668 0.01034492 0.004957139 -0.002171695 0.01036912 0.00495696 -0.002170562 0.0103929 0.00495702 -0.002175211 0.01041489 0.004957199 -0.002185463 0.009838759 0.003650307 -0.001797139 0.009944677 0.003669202 -0.001919567 0.009907901 0.003547728 -0.001727938 0.009906291 0.003570079 -0.00172913 0.009901285 0.003591477 -0.001733839 0.009893119 0.003610789 -0.001741886 0.009882152 0.003627002 -0.001752853 0.009868979 0.0036394 -0.001766145 0.009854257 0.003647327 -0.001781165 0.01042914 0.004158258 -0.002226114 0.01041907 0.004044055 -0.002219974 0.01039135 0.003935873 -0.002195417 0.01035958 0.003859579 -0.002165675 0.01032108 0.003791987 -0.002128899 0.01026076 0.003714382 -0.002070665 0.01018369 0.003644824 -0.001995801 0.01009923 0.003593742 -0.001913726 0.01001036 0.003561496 -0.001827418 0.009959578 0.003551721 -0.001778066 0.0104109 0.0041579 -0.002211213 0.01038968 0.004157662 -0.00220102 0.01036667 0.004157662 -0.002196013 0.01034313 0.004157841 -0.002196609 0.01032036 0.004158139 -0.00220263 0.01029962 0.004158616 -0.002213835 0.01028209 0.004159212 -0.002229571 0.01010364 0.003758072 -0.002064466 0.0101884 0.003850579 -0.00214082 0.01024127 0.00394541 -0.002189218 0.01027005 0.004036188 -0.002216398 0.01027971 0.004096925 -0.002226114 0.01001822 0.003699958 -0.001986145 0.01006191 0.003726184 -0.002026081 0.009991168 0.003639996 -0.001853466 0.01003015 0.003655493 -0.001893758 0.01007026 0.003668725 -0.001927495 0.01009476 0.003679215 -0.001948595 0.01013141 0.003705084 -0.001986086 0.01015472 0.003719806 -0.002006232 0.01018846 0.003751933 -0.002040624 0.01023638 0.003796994 -0.002081751 0.01026159 0.003833472 -0.002107143 0.01027894 0.003862738 -0.002124547 0.01030826 0.003912866 -0.002149701 0.01032167 0.003946602 -0.002162873 0.01033878 0.003994822 -0.002177774 0.01034981 0.004042148 -0.002187848 0.01035511 0.004074931 -0.002192437 0.009907901 0.003547728 -0.001727938 0.009906291 0.003570079 -0.00172913 0.009901285 0.003591477 -0.001733839 0.009893119 0.003610789 -0.001741886 0.009882152 0.003627002 -0.001752853 0.009868979 0.0036394 -0.001766145 0.009854257 0.003647327 -0.001781165 0.009838759 0.003650307 -0.001797139 0.009380638 0.003641247 -0.00136125 0.009448111 0.003538668 -0.0012905 0.00944662 0.003561019 -0.001291811 0.009441792 0.003582417 -0.001296639 0.009433805 0.003601729 -0.001304924 0.009423136 0.003617942 -0.00131613 0.009410262 0.00363034 -0.00132972 0.009395837 0.003638267 -0.001345038 0.009448111 0.003538668 -0.0012905 0.00944662 0.003561019 -0.001291811 0.009441792 0.003582417 -0.001296639 0.009433805 0.003601729 -0.001304924 0.009423136 0.003617942 -0.00131613 0.009410262 0.00363034 -0.00132972 0.009395837 0.003638267 -0.001345038 0.009380638 0.003641247 -0.00136125 0.009216547 0.003638148 -0.001209139 0.0092839 0.003535509 -0.001138269 0.00928241 0.00355792 -0.001139521 0.009277522 0.003579258 -0.001144349 0.009269535 0.00359857 -0.001152575 0.009258866 0.003614842 -0.00116384 0.009245991 0.003627181 -0.00117743 0.009231686 0.003635108 -0.001192808 0.008634388 0.003460884 0.001913487 0.008640944 0.003501832 3.22409e-4 0.008634328 0.003458261 0.001913487 0.008640944 0.003499209 3.22338e-4 0.008640944 0.003500103 3.22361e-4 0.008640944 0.003500998 3.22383e-4 -0.002549231 0.004088759 -0.003737449 -0.002596259 0.004954934 -0.003767073 -0.002610743 0.004088759 -0.003639996 -0.002608954 0.004087984 -0.003664433 -0.002601265 0.004087626 -0.003687679 -0.002588212 0.004087626 -0.003708362 -0.002570509 0.004087984 -0.00372529 -0.002657711 0.004954934 -0.003669738 -0.002654969 0.004954099 -0.003698468 -0.002656817 0.004954338 -0.003688991 -0.002657711 0.004954636 -0.003679394 -0.002616584 0.004954218 -0.003755629 -0.00263375 0.004953861 -0.003739774 -0.002646744 0.004953801 -0.003720402 -0.002610743 0.004088759 -0.003639996 -0.002608954 0.004087984 -0.003664433 -0.002601265 0.004087626 -0.003687679 -0.002588212 0.004087626 -0.003708362 -0.002570509 0.004087984 -0.00372529 -0.002549231 0.004088759 -0.003737449 -0.002544701 0.004034578 -0.003736257 -0.002605676 0.004028618 -0.003639161 -0.002603888 0.004028558 -0.00366348 -0.002596259 0.004029214 -0.003686606 -0.002583324 0.004030466 -0.003707289 -0.002565801 0.004032313 -0.003724157 -0.002605676 0.004028618 -0.003639161 -0.002603888 0.004028558 -0.00366348 -0.002596259 0.004029214 -0.003686606 -0.002583324 0.004030466 -0.003707289 -0.002565801 0.004032313 -0.003724157 -0.002544701 0.004034578 -0.003736257 -0.002290844 0.002848148 -0.003774285 -0.002347052 0.002820849 -0.003677606 -0.00234586 0.002823293 -0.003701925 -0.002339065 0.002827584 -0.003725051 -0.002327144 0.002833366 -0.003745555 -0.002310752 0.002840399 -0.003762304 -0.002347052 0.002820849 -0.003677606 -0.00234586 0.002823293 -0.003701925 -0.002339065 0.002827584 -0.003725051 -0.002327144 0.002833366 -0.003745555 -0.002310752 0.002840399 -0.003762304 -0.002290844 0.002848148 -0.003774285 0.0024513 -7.39827e-4 -0.005538344 0.001029491 -3.97705e-4 -0.004967808 -2.80678e-4 3.24514e-4 -0.004465103 -0.001405 0.001351714 -0.00405687 -0.001920402 0.002052724 -0.003882825 0.00247091 -8.32491e-4 -0.005454301 0.0024634 -8.26664e-4 -0.005475044 0.002457261 -8.16052e-4 -0.005494236 0.00245285 -8.01205e-4 -0.005510985 0.002450287 -7.82896e-4 -0.005524337 0.00244975 -7.62076e-4 -0.005533576 -0.001971244 0.002012073 -0.003786265 -0.001448571 0.001298666 -0.003961801 -6.20119e-4 4.94813e-4 -0.004258692 4.52518e-4 -2.20646e-4 -0.00466001 0.001440048 -6.24778e-4 -0.005042195 0.001938343 -7.24677e-4 -0.00529325 0.001936435 -7.16195e-4 -0.005301952 0.001221895 -5.2814e-4 -0.00501728 7.30447e-4 -3.31323e-4 -0.004825294 6.49244e-5 2.84803e-5 -0.004570364 -4.63076e-4 3.96455e-4 -0.004372596 -0.001042544 8.97881e-4 -0.00416094 -0.001439988 0.001316964 -0.004019975 -0.001714706 0.001659691 -0.003925561 -0.001959919 0.002025842 -0.003844738 0.002610921 -7.6305e-4 -0.005603194 0.0024513 -7.39827e-4 -0.005538344 0.002632737 -8.56112e-4 -0.005519151 0.002624988 -8.50408e-4 -0.005539953 0.002618551 -8.39828e-4 -0.005559265 0.002613723 -8.24931e-4 -0.005576074 0.002610743 -8.06499e-4 -0.005589425 0.002609789 -7.85504e-4 -0.005598604 0.00247091 -8.32491e-4 -0.005454301 0.0024634 -8.26664e-4 -0.005475044 0.002457261 -8.16052e-4 -0.005494236 0.00245285 -8.01205e-4 -0.005510985 0.002450287 -7.82896e-4 -0.005524337 0.00244975 -7.62076e-4 -0.005533576 0.002632737 -8.56112e-4 -0.005519151 0.002624988 -8.50408e-4 -0.005539953 0.002618551 -8.39828e-4 -0.005559265 0.002613723 -8.24931e-4 -0.005576074 0.002610743 -8.06499e-4 -0.005589425 0.002609789 -7.85504e-4 -0.005598604 0.002610921 -7.6305e-4 -0.005603194 0.004721045 -4.76679e-4 -0.01059263 0.004856228 -5.20448e-4 -0.00973618 0.004879772 -5.68227e-4 -0.009005844 0.004719078 -6.53622e-4 -0.007966518 0.004346609 -7.39328e-4 -0.007066667 0.003863573 -7.97787e-4 -0.006414473 0.003300666 -8.15627e-4 -0.005948007 0.002965629 -8.00582e-4 -0.00575906 0.004825651 -5.71068e-4 -0.01061695 0.004803359 -5.70178e-4 -0.0106126 0.004781901 -5.64197e-4 -0.01060825 0.004762351 -5.53434e-4 -0.01060402 0.004745781 -5.38443e-4 -0.01060014 0.004732906 -5.19998e-4 -0.01059687 0.004724562 -4.9905e-4 -0.0105943 0.003341317 -9.09712e-4 -0.005868077 0.003898978 -8.94788e-4 -0.006317019 0.004303395 -8.53586e-4 -0.006812155 0.004613995 -8.00596e-4 -0.007374823 0.004828453 -7.45315e-4 -0.007976889 0.004952847 -6.92541e-4 -0.008607923 0.004983842 -6.32203e-4 -0.009461998 0.004926323 -5.98927e-4 -0.01004201 0.004826903 -5.73744e-4 -0.01031982 0.004816889 -5.67699e-4 -0.01031774 0.004806995 -5.59878e-4 -0.01031559 0.004873275 -5.81985e-4 -0.00988686 0.004901945 -5.98486e-4 -0.009600281 0.004917025 -6.21844e-4 -0.009233474 0.00490123 -6.51853e-4 -0.00881201 0.004828214 -6.93756e-4 -0.00828582 0.004755616 -7.20308e-4 -0.007978379 0.004661262 -7.47358e-4 -0.007679164 0.00446707 -7.89811e-4 -0.007226109 0.004312813 -8.15683e-4 -0.006950616 0.004077076 -8.45719e-4 -0.006615221 0.003869414 -8.64015e-4 -0.006379067 0.003594756 -8.77698e-4 -0.006127417 0.003311514 -8.79109e-4 -0.005922555 0.003144323 -8.73761e-4 -0.005822479 0.002795636 -8.47048e-4 -0.005651772 0.002793312 -8.37343e-4 -0.005659401 0.004825651 -5.71068e-4 -0.01061695 0.004372417 -4.81902e-4 -0.01298868 0.004803359 -5.70178e-4 -0.0106126 0.004781901 -5.64197e-4 -0.01060825 0.004762351 -5.53434e-4 -0.01060402 0.004745781 -5.38443e-4 -0.01060014 0.004732906 -5.19998e-4 -0.01059687 0.004724562 -4.9905e-4 -0.0105943 0.004721045 -4.76679e-4 -0.01059263 0.004268288 -3.87402e-4 -0.01296603 0.004350244 -4.80856e-4 -0.01298445 0.004328906 -4.7477e-4 -0.01298016 0.004309475 -4.63954e-4 -0.01297616 0.004292964 -4.48962e-4 -0.01297259 0.004280209 -4.30557e-4 -0.01296961 0.004271805 -4.09682e-4 -0.01296734 0.004372417 -4.81902e-4 -0.01298868 0.004350244 -4.80856e-4 -0.01298445 0.004328906 -4.7477e-4 -0.01298016 0.004309475 -4.63954e-4 -0.01297616 0.004292964 -4.48962e-4 -0.01297259 0.004280209 -4.30557e-4 -0.01296961 0.004271805 -4.09682e-4 -0.01296734 0.004268288 -3.87402e-4 -0.01296603 0.003754198 -3.6693e-4 -0.01568359 0.003859281 -4.61454e-4 -0.0157026 0.003837108 -4.60454e-4 -0.01569843 0.00381565 -4.54396e-4 -0.01569443 0.0037961 -4.4359e-4 -0.0156908 0.003779411 -4.2859e-4 -0.01568782 0.003766477 -4.10162e-4 -0.01568555 0.003757894 -3.89252e-4 -0.01568412 0.003859281 -4.61454e-4 -0.0157026 0.003837108 -4.60454e-4 -0.01569843 0.00381565 -4.54396e-4 -0.01569443 0.0037961 -4.4359e-4 -0.0156908 0.003779411 -4.2859e-4 -0.01568782 0.003766477 -4.10162e-4 -0.01568555 0.003757894 -3.89252e-4 -0.01568412 0.003754198 -3.6693e-4 -0.01568359 0.004251897 -2.75541e-4 -0.01898324 0.003854453 -3.42039e-4 -0.01825338 0.003639936 -3.69819e-4 -0.01744568 0.003621041 -3.74006e-4 -0.0165618 0.004349172 -3.69028e-4 -0.01892769 0.004327535 -3.6853e-4 -0.01894283 0.004304647 -3.60397e-4 -0.01895773 0.004285573 -3.46484e-4 -0.01896923 0.004269361 -3.26364e-4 -0.01897782 0.004257857 -3.02119e-4 -0.01898264 0.003714561 -4.6904e-4 -0.01681911 0.003782749 -4.59888e-4 -0.01763272 0.003998816 -4.30111e-4 -0.01831167 0.004113614 -3.96538e-4 -0.01865208 0.004102468 -3.90095e-4 -0.0186578 0.004091203 -3.81151e-4 -0.01866322 0.003908276 -4.09885e-4 -0.01829242 0.003785312 -4.26635e-4 -0.01794981 0.003690183 -4.38278e-4 -0.01754462 0.003644406 -4.43669e-4 -0.01713067 0.003646016 -4.44374e-4 -0.01669055 0.003710091 -4.40655e-4 -0.01612359 0.00370115 -4.31604e-4 -0.01612228 0.003693997 -4.22231e-4 -0.0161212 0.004349172 -3.69028e-4 -0.01892769 0.004327535 -3.6853e-4 -0.01894283 0.004304647 -3.60397e-4 -0.01895773 0.004285573 -3.46484e-4 -0.01896923 0.004269361 -3.26364e-4 -0.01897782 0.004257857 -3.02119e-4 -0.01898264 0.004251897 -2.75541e-4 -0.01898324 0.004631578 -2.0308e-4 -0.01945054 0.004721939 -2.9628e-4 -0.0193845 0.004702508 -2.95706e-4 -0.01940232 0.004681766 -2.8755e-4 -0.01941996 0.004664242 -2.73671e-4 -0.01943361 0.004649043 -2.53637e-4 -0.01944392 0.004637897 -2.29515e-4 -0.01944971 0.004721939 -2.9628e-4 -0.0193845 0.004702508 -2.95706e-4 -0.01940232 0.004681766 -2.8755e-4 -0.01941996 0.004664242 -2.73671e-4 -0.01943361 0.004649043 -2.53637e-4 -0.01944392 0.004637897 -2.29515e-4 -0.01944971 0.004631578 -2.0308e-4 -0.01945054 0.005260765 -5.7627e-5 -0.02005618 0.005350172 -1.49578e-4 -0.01998573 0.005334496 -1.4974e-4 -0.02000313 0.005318403 -1.44572e-4 -0.02001929 0.005302727 -1.34357e-4 -0.02003341 0.005288481 -1.19655e-4 -0.02004468 0.005276262 -1.01271e-4 -0.02005249 0.005266845 -8.02102e-5 -0.02005636 0.005350172 -1.49578e-4 -0.01998573 0.005334496 -1.4974e-4 -0.02000313 0.005318403 -1.44572e-4 -0.02001929 0.005302727 -1.34357e-4 -0.02003341 0.005288481 -1.19655e-4 -0.02004468 0.005276262 -1.01271e-4 -0.02005249 0.005266845 -8.02102e-5 -0.02005636 0.005260765 -5.7627e-5 -0.02005618 0.007350564 0.002240419 -0.022071 0.007192432 0.001633942 -0.02188825 0.006974339 0.001137137 -0.02165997 0.006707906 7.6261e-4 -0.02139741 0.006388425 4.65725e-4 -0.02109318 0.005843281 1.47177e-4 -0.02058732 0.007497847 0.002216041 -0.0220468 0.00748378 0.00221467 -0.02206367 0.007466197 0.002214848 -0.02207744 0.007440328 0.002217173 -0.02208918 0.007414519 0.002221524 -0.02209329 0.007389247 0.002227425 -0.02209055 0.007368683 0.002233624 -0.02208298 0.006299078 2.45804e-4 -0.02085047 0.00672549 5.7923e-4 -0.0212503 0.00699979 9.06383e-4 -0.02151536 0.007261276 0.001394331 -0.02178013 0.007396757 0.001794397 -0.02192747 0.007160782 0.00132656 -0.02179276 0.007416427 0.002002954 -0.02202218 0.007404863 0.002004027 -0.02202814 0.007393538 0.002005457 -0.02203232 0.007380902 0.002007544 -0.0220353 0.00729829 0.001700103 -0.02194052 0.007231652 0.001501321 -0.02186757 0.006989598 0.001003384 -0.02161854 0.006853282 8.09242e-4 -0.02148431 0.006715774 6.49611e-4 -0.02135133 0.006553173 4.94332e-4 -0.02119648 0.006340444 3.30456e-4 -0.02099663 0.006064057 1.64994e-4 -0.02074033 0.005592405 -3.5746e-5 -0.02030879 0.00558418 -2.68277e-5 -0.02031445 0.005577147 -1.75373e-5 -0.02031862 0.007497847 0.002216041 -0.0220468 0.00748378 0.00221467 -0.02206367 0.007466197 0.002214848 -0.02207744 0.007440328 0.002217173 -0.02208918 0.007414519 0.002221524 -0.02209329 0.007389247 0.002227425 -0.02209055 0.007368683 0.002233624 -0.02208298 0.007350564 0.002240419 -0.022071 0.007553339 0.003857493 -0.02236419 0.007701337 0.00385189 -0.02234607 0.007685303 0.003850638 -0.0223639 0.007665514 0.003850102 -0.02237743 0.007643043 0.003850281 -0.02238589 0.007619202 0.003851234 -0.02238881 0.007595419 0.003852784 -0.02238601 0.007573068 0.00385493 -0.02237766 0.007701337 0.00385189 -0.02234607 0.007685303 0.003850638 -0.0223639 0.007665514 0.003850102 -0.02237743 0.007643043 0.003850281 -0.02238589 0.007619202 0.003851234 -0.02238881 0.007595419 0.003852784 -0.02238601 0.007573068 0.00385493 -0.02237766 0.007553339 0.003857493 -0.02236419 0.007554888 0.003908038 -0.02236908 0.007703065 0.003908038 -0.0223515 0.007687091 0.003906846 -0.02236932 0.007667243 0.003905951 -0.02238285 0.007644772 0.003905475 -0.02239125 0.00762093 0.003905475 -0.02239412 0.007597088 0.003905951 -0.0223912 0.007574677 0.003906846 -0.02238267 0.007703065 0.003908038 -0.0223515 0.007712841 0.004954934 -0.02243345 0.007687091 0.003906846 -0.02236932 0.007667243 0.003905951 -0.02238285 0.007644772 0.003905475 -0.02239125 0.00762093 0.003905475 -0.02239412 0.007597088 0.003905951 -0.0223912 0.007574677 0.003906846 -0.02238267 0.007554888 0.003908038 -0.02236908 0.007564663 0.004954934 -0.0224511 0.007696807 0.004953682 -0.02245128 0.007677018 0.004952847 -0.02246481 0.007654547 0.004952371 -0.02247321 0.007630705 0.004952371 -0.02247607 0.007606863 0.004952847 -0.02247315 0.007584393 0.004953682 -0.02246469 -0.001868367 0.004960417 5.29964e-4 -0.001876115 0.004960596 5.29099e-4 -0.00187999 0.004960715 5.28436e-4 -0.001884877 0.004962384 5.27348e-4 -0.001884937 0.004960179 5.27378e-4 -0.001884937 0.004960179 5.27378e-4 -0.001884937 0.004960179 5.27378e-4 -0.001884877 0.004962384 5.27348e-4 -0.001885473 0.004960834 5.27229e-4 -0.001887083 0.004960894 5.26812e-4 -0.001888692 0.004960179 5.26361e-4 -0.001889526 0.004960954 5.2613e-4 -0.001890301 0.004960954 5.25903e-4 -0.001891076 0.004960179 5.2565e-4 -0.001912057 0.00496155 5.16307e-4 -0.001930415 0.004962027 5.02396e-4 -0.001945078 0.004962384 4.84675e-4 -0.00195527 0.004962682 4.64059e-4 -0.001960515 0.004962801 4.41659e-4 -0.001960575 0.004961073 4.41659e-4 -0.001960575 0.004959285 4.41659e-4 -0.001960515 0.004957556 4.41659e-4 -0.001960515 0.004957556 4.41659e-4 -0.00195533 0.004957675 4.63989e-4 -0.001945137 0.004957973 4.84556e-4 -0.001930534 0.004958331 5.02247e-4 -0.001912295 0.004958808 5.16161e-4 -0.00189048 0.004959404 5.25832e-4 -0.001889646 0.004959404 5.26097e-4 -0.001884102 0.004959583 5.27564e-4 -0.001879453 0.004959702 5.2854e-4 -0.001960515 0.004962801 4.41659e-4 -0.001960575 0.004961073 4.41659e-4 -0.001960575 0.004959285 4.41659e-4 -0.001960515 0.004957556 4.41659e-4 -0.00200802 0.004962801 -1.44299e-4 -0.002015829 0.004962801 -7.32124e-4 -0.00198388 0.004962801 -0.00131911 -0.00198394 0.004961073 -0.00131911 -0.00198394 0.004959285 -0.00131911 -0.00198388 0.004957556 -0.00131911 -0.002015829 0.004957556 -7.32124e-4 -0.00200802 0.004957556 -1.44299e-4 -0.00200802 0.004961073 -1.44299e-4 -0.00200802 0.004959285 -1.44299e-4 -0.002015829 0.004961073 -7.3212e-4 -0.002015829 0.004959285 -7.3212e-4 -0.00198388 0.004962801 -0.00131911 -0.00198394 0.004961073 -0.00131911 -0.00198394 0.004959285 -0.00131911 -0.00198388 0.004957556 -0.00131911 -0.001985311 0.004965007 -0.001347362 -0.001990556 0.004966318 -0.001365423 -0.002004325 0.004967808 -0.001389741 -0.002023398 0.004968702 -0.001408576 -0.002045452 0.004969 -0.001421153 -0.002073228 0.004968643 -0.001428008 -0.002099752 0.004967689 -0.001426994 -0.002124726 0.004966199 -0.001419246 -0.002144217 0.00496459 -0.001407444 -0.002160608 0.004962801 -0.00139153 -0.002160549 0.004961907 -0.00139153 -0.002160549 0.004961073 -0.00139153 -0.002160549 0.004960179 -0.00139153 -0.002160549 0.004959285 -0.00139153 -0.002160549 0.00495845 -0.00139153 -0.002160608 0.004957556 -0.00139153 -0.002139806 0.004955351 -0.001410663 -0.002123415 0.00495404 -0.001419842 -0.002096593 0.004952549 -0.001427531 -0.002069711 0.004951655 -0.00142759 -0.002045094 0.004951357 -0.001420974 -0.002020537 0.004951775 -0.001406431 -0.002002358 0.004952728 -0.001387119 -0.00199002 0.004954159 -0.001364111 -0.001984417 0.004955768 -0.001341998 -0.002269029 0.004960179 -0.001260161 -0.002160549 0.004960179 -0.00139153 -0.002269029 0.004959285 -0.001260161 -0.002269029 0.00495845 -0.001260161 -0.002269029 0.004957556 -0.001260161 -0.002160608 0.004957556 -0.00139153 -0.002160549 0.004959285 -0.00139153 -0.002160549 0.00495845 -0.00139153 -0.002269029 0.004962801 -0.001260161 -0.002269029 0.004961907 -0.001260161 -0.002269029 0.004961073 -0.001260161 -0.002269029 0.004960179 -0.001260161 -0.002285063 0.004964768 -0.001244783 -0.002304077 0.004966497 -0.001233279 -0.002325236 0.004967927 -0.001226365 -0.002347409 0.004969 -0.001224219 -0.002369701 0.004969716 -0.00122708 -0.002369821 0.004960179 -0.001226663 -0.002369821 0.004960179 -0.001226663 -0.002369701 0.004969716 -0.00122708 -0.002391338 0.004969716 -0.001235127 -0.002410709 0.004969358 -0.001248061 -0.002426564 0.004968464 -0.001265048 -0.002438127 0.004967093 -0.001285195 -0.002444624 0.004965424 -0.001307487 -0.002444744 0.004961907 -0.001307487 -0.002444744 0.00495845 -0.001307487 -0.002444624 0.004954934 -0.001307487 -0.002438306 0.004953265 -0.001285672 -0.00242716 0.004951953 -0.001265823 -0.002411842 0.004951059 -0.001249015 -0.002393066 0.004950642 -0.001236021 -0.002371907 0.004950761 -0.001227676 -0.002349376 0.004951298 -0.001224279 -0.002326667 0.004952371 -0.001226067 -0.002304971 0.004953801 -0.001232922 -0.00228542 0.00495553 -0.001244485 -0.002269029 0.004957556 -0.001260161 -0.002269029 0.004959285 -0.001260161 -0.002269029 0.00495845 -0.001260161 -0.002419292 0.004955649 -0.00125581 -0.002396702 0.004962563 -0.001237571 -0.002395927 0.004953086 -0.001237392 -0.002340972 0.004962563 -0.001223981 -0.002444624 0.004965424 -0.001307487 -0.002444744 0.004961907 -0.001307487 -0.002444744 0.00495845 -0.001307487 -0.002444624 0.004954934 -0.001307487 -0.002571403 0.004965424 -0.002400934 -0.002571523 0.004961907 -0.002400934 -0.002571523 0.00495845 -0.002400934 -0.002571403 0.004954934 -0.002400934 -0.002571403 0.004965424 -0.002400934 -0.002571523 0.004961907 -0.002400934 -0.002571523 0.00495845 -0.002400934 -0.002571403 0.004954934 -0.002400934 -0.002657711 0.004965424 -0.003669738 -0.00265783 0.004961907 -0.003669738 -0.00265783 0.00495845 -0.003669738 -0.002657711 0.004954934 -0.003669738 -0.002655148 0.004960179 -0.003698527 -0.002655088 0.004958152 -0.003698527 -0.002655029 0.004956126 -0.003698527 -0.002654969 0.004954099 -0.003698468 -0.002655088 0.004962205 -0.003698527 -0.002655029 0.004964232 -0.003698527 -0.002654969 0.004966259 -0.003698468 -0.002646744 0.004966557 -0.003720402 -0.00263375 0.004966497 -0.003739774 -0.002616584 0.004966139 -0.003755629 -0.002596259 0.004965424 -0.003767073 -0.002596259 0.004961907 -0.003767192 -0.002596259 0.00495845 -0.003767192 -0.002596259 0.004954934 -0.003767073 -0.002616584 0.004954218 -0.003755629 -0.00263375 0.004953861 -0.003739774 -0.002646744 0.004953801 -0.003720402 -0.002622842 0.004960179 -0.00375092 0.007528245 0.004965424 -0.02241879 0.007528245 0.004954934 -0.02241885 0.007564663 0.004965424 -0.0224511 0.007564544 0.004961907 -0.02245116 0.007564544 0.00495845 -0.02245116 0.007564663 0.004954934 -0.0224511 0.007564663 0.004965424 -0.0224511 0.007564544 0.004961907 -0.02245116 0.007564544 0.00495845 -0.02245116 0.007564663 0.004954934 -0.0224511 0.007584393 0.004966676 -0.02246469 0.007606804 0.00496751 -0.02247315 0.007630646 0.004967987 -0.02247607 0.007654547 0.004968106 -0.02247321 0.007654607 0.004960179 -0.02247351 0.007654607 0.004960179 -0.02247351 0.007654547 0.004968106 -0.02247321 0.007676959 0.00496751 -0.02246487 0.007696807 0.004966676 -0.02245134 0.007712841 0.004965424 -0.02243345 0.00771296 0.004961907 -0.02243351 0.00771296 0.00495845 -0.02243351 0.007712841 0.004954934 -0.02243345 0.007696807 0.004953682 -0.02245128 0.007677018 0.004952847 -0.02246481 0.007654547 0.004952371 -0.02247321 0.007630705 0.004952371 -0.02247607 0.007606863 0.004952847 -0.02247315 0.007584393 0.004953682 -0.02246469 0.007622778 0.004962801 -0.02247601 0.007684051 0.004962801 -0.02246105 0.007712841 0.004965424 -0.02243345 0.00771296 0.004961907 -0.02243351 0.00771296 0.00495845 -0.02243351 0.007712841 0.004954934 -0.02243345 0.008292853 0.004965424 -0.02143019 0.008720457 0.004965424 -0.02035331 0.009043753 0.004965424 -0.0192402 0.009043872 0.004961907 -0.0192402 0.009043872 0.00495845 -0.0192402 0.009043753 0.004954934 -0.0192402 0.008521497 0.004954934 -0.02089744 0.008136749 0.004954934 -0.02174472 0.009043753 0.004965424 -0.0192402 0.009043872 0.004961907 -0.0192402 0.009043872 0.00495845 -0.0192402 0.009043753 0.004954934 -0.0192402 0.01057219 0.004965424 -0.011505 0.01057231 0.004961907 -0.01150506 0.01057231 0.00495845 -0.01150506 0.01057219 0.004954934 -0.011505 0.01057219 0.004965424 -0.011505 0.01057231 0.004961907 -0.01150506 0.01057231 0.00495845 -0.01150506 0.01057219 0.004954934 -0.011505 0.01187914 0.004965424 -0.003781914 0.01187926 0.004961907 -0.003781914 0.01187926 0.00495845 -0.003781914 0.01187914 0.004954934 -0.003781914 0.01187759 0.00495553 -0.003742516 0.01187765 0.004957079 -0.003742516 0.01187765 0.004958629 -0.003742516 0.01187771 0.004960179 -0.003742456 0.01187986 0.004955232 -0.003755569 0.01188039 0.004955053 -0.003768742 0.01187914 0.004954934 -0.003781914 0.01187914 0.004965424 -0.003781914 0.01187926 0.004961907 -0.003781914 0.01187926 0.00495845 -0.003781914 0.01188039 0.004965305 -0.003768742 0.01187986 0.004965126 -0.003755569 0.01187759 0.004964828 -0.003742516 0.01187765 0.004963278 -0.003742516 0.01187765 0.004961729 -0.003742516 0.01188045 0.004960179 -0.003762125 0.0118497 0.004962801 -0.003693997 0.0118497 0.004961073 -0.003693938 0.0118497 0.004959285 -0.003693938 0.0118497 0.004957556 -0.003693997 0.01043373 0.004962801 -0.002200722 0.01043373 0.004961073 -0.002200722 0.01043373 0.004959285 -0.002200722 0.01043373 0.004957556 -0.002200722 0.01028358 0.004958689 -0.002207994 0.01030087 0.004958033 -0.002191007 0.01032173 0.004957497 -0.002178668 0.01034492 0.004957139 -0.002171695 0.01036912 0.00495696 -0.002170562 0.0103929 0.00495702 -0.002175211 0.01041489 0.004957199 -0.002185463 0.01043373 0.004957556 -0.002200722 0.01043373 0.004962801 -0.002200722 0.01043373 0.004961073 -0.002200722 0.01043373 0.004959285 -0.002200722 0.01041781 0.004963159 -0.002187371 0.0103994 0.004963338 -0.002177596 0.01037943 0.004963397 -0.002171814 0.01035869 0.004963338 -0.002170324 0.01033818 0.004963934 -0.002173125 0.01033818 0.004960179 -0.002173066 0.01033818 0.004960179 -0.002173066 0.01033818 0.004963934 -0.002173125 0.0103175 0.004962742 -0.002180635 0.01029902 0.004962265 -0.002192497 0.01028358 0.004961669 -0.002207994 0.01028358 0.004959702 -0.002207994 0.01028358 0.004960715 -0.002207994 0.009944677 0.006251156 -0.001919567 0.009903728 0.006260156 -0.001912295 0.009862184 0.00626558 -0.001904785 0.009820342 0.006267368 -0.001897156 0.009732425 0.005767524 -0.002376079 0.00976181 0.005873501 -0.002369105 0.009794175 0.005974292 -0.002338647 0.009827911 0.00606507 -0.002286136 0.009861409 0.006141364 -0.002214074 0.009893059 0.006199538 -0.002126038 0.009921252 0.006236732 -0.002026259 0.00973457 0.005877017 -0.002364158 0.009741067 0.005981147 -0.002328932 0.009751498 0.006074905 -0.002272188 0.009765386 0.006153762 -0.002196609 0.009782016 0.006213903 -0.002105891 0.009800672 0.006252408 -0.002004444 0.009858012 0.006182551 -0.002160906 0.009756386 0.00604695 -0.002293586 0.009892761 0.00624305 -0.002022087 0.01010411 0.006161928 -0.002064883 0.01003617 0.006210446 -0.002002537 0.009991228 0.006233513 -0.001961708 0.009944677 0.006251156 -0.001919567 0.009815454 0.005733132 -0.002391338 0.009871542 0.005836665 -0.002387583 0.009914934 0.005910992 -0.0023669 0.00997281 0.006002306 -0.002315878 0.01000893 0.006053924 -0.002269268 0.01004606 0.006102085 -0.0022071 0.01007628 0.006136357 -0.002142071 0.009732425 0.005767524 -0.002376079 0.00977534 0.005753695 -0.002383947 0.00976181 0.005873501 -0.002369105 0.009794175 0.005974292 -0.002338647 0.009827911 0.00606507 -0.002286136 0.009861409 0.006141364 -0.002214074 0.009893059 0.006199538 -0.002126038 0.009921252 0.006236732 -0.002026259 0.009914755 0.006057322 -0.002286195 0.01028209 0.005761146 -0.002229571 0.0102775 0.005842328 -0.002223789 0.01026076 0.00592035 -0.002207458 0.01023334 0.00599271 -0.002181887 0.01019686 0.0060575 -0.002148509 0.01015323 0.006114006 -0.002108991 0.01010411 0.006161928 -0.002064883 0.009815454 0.005733132 -0.002391338 0.009927868 0.005740463 -0.002398967 0.01003926 0.005747377 -0.002381503 0.01014363 0.005753576 -0.002339541 0.01021778 0.005757749 -0.002290606 0.009815454 0.005733132 -0.002391338 0.009871542 0.005836665 -0.002387583 0.009914934 0.005910992 -0.0023669 0.00997281 0.006002306 -0.002315878 0.01000893 0.006053924 -0.002269268 0.01004606 0.006102085 -0.0022071 0.01007628 0.006136357 -0.002142071 0.01023292 0.005814909 -0.002272248 0.01022374 0.005868911 -0.002264261 0.01018095 0.005806386 -0.002312242 0.01019018 0.005969464 -0.002234995 0.01017218 0.005854368 -0.002305746 0.01013988 0.006058752 -0.002191603 0.0101428 0.005943834 -0.002282142 0.0101099 0.006099402 -0.002166092 0.01006621 0.00578469 -0.002370715 0.01009964 0.006025671 -0.002247512 0.01005947 0.005818605 -0.002367079 0.01007401 0.006064593 -0.002227425 0.01004821 0.006100177 -0.002207636 0.01003849 0.005882978 -0.002354204 0.009942114 0.005759537 -0.002397477 0.0100091 0.005944132 -0.002335846 0.009938657 0.005777239 -0.002396166 0.009992003 0.005973994 -0.002325475 0.009974956 0.006001889 -0.002315461 0.009927749 0.005811631 -0.002391755 0.009912431 0.005844652 -0.002385556 0.00990355 0.005860567 -0.002382099 0.01028358 0.004961669 -0.002207994 0.01028209 0.005761146 -0.002229571 0.009801805 0.004969239 -0.002388834 0.009909391 0.004967451 -0.002396762 0.0100162 0.004965662 -0.002381384 0.01011723 0.004964053 -0.002343475 0.01020777 0.004962742 -0.002284765 0.009815454 0.005733132 -0.002391338 0.009927868 0.005740463 -0.002398967 0.01003926 0.005747377 -0.002381503 0.01014363 0.005753576 -0.002339541 0.01021778 0.005757749 -0.002290606 0.01028358 0.004958689 -0.002207994 0.01028358 0.004959702 -0.002207994 0.01028358 0.004960715 -0.002207994 0.01028358 0.004961669 -0.002207994 0.009801805 0.004951119 -0.002388834 0.009909391 0.004952967 -0.002396762 0.0100162 0.004954695 -0.002381384 0.01011723 0.004956305 -0.002343475 0.01020777 0.004957616 -0.002284765 0.009801805 0.004969239 -0.002388834 0.009801745 0.004963219 -0.002388775 0.009801745 0.004957139 -0.002388775 0.009909391 0.004967451 -0.002396762 0.0100162 0.004965662 -0.002381384 0.01011723 0.004964053 -0.002343475 0.01020777 0.004962742 -0.002284765 0.009909331 0.004957795 -0.002396702 0.009909331 0.004962623 -0.002396702 0.01001614 0.004958331 -0.002381384 0.01001614 0.004962027 -0.002381384 0.01011717 0.004958868 -0.002343475 0.01011717 0.00496149 -0.002343475 0.01020771 0.004959344 -0.002284765 0.01020771 0.004961013 -0.002284765 0.01028209 0.004159212 -0.002229571 0.01028358 0.004958689 -0.002207994 0.009815454 0.004187226 -0.002391338 0.009922862 0.004180371 -0.002399265 0.01002115 0.004174411 -0.002386093 0.01010715 0.004169285 -0.002357423 0.0101788 0.004165053 -0.002318859 0.01023674 0.004161655 -0.00227493 0.009801805 0.004951119 -0.002388834 0.009909391 0.004952967 -0.002396762 0.0100162 0.004954695 -0.002381384 0.01011723 0.004956305 -0.002343475 0.01020777 0.004957616 -0.002284765 0.01010364 0.003758072 -0.002064466 0.0101884 0.003850579 -0.00214082 0.01024127 0.00394541 -0.002189218 0.01027005 0.004036188 -0.002216398 0.01027971 0.004096925 -0.002226114 0.01028209 0.004159212 -0.002229571 0.009815454 0.004187226 -0.002391338 0.009867191 0.004090785 -0.002388656 0.009920656 0.003999292 -0.002362728 0.009973585 0.003916323 -0.002314627 0.01002329 0.003846406 -0.002246439 0.01006722 0.003792941 -0.00216192 0.009815454 0.004187226 -0.002391338 0.009922862 0.004180371 -0.002399265 0.01002115 0.004174411 -0.002386093 0.01010715 0.004169285 -0.002357423 0.0101788 0.004165053 -0.002318859 0.01023674 0.004161655 -0.00227493 0.01010954 0.003820598 -0.002165853 0.01013964 0.003861248 -0.002191364 0.01007378 0.003855466 -0.002227187 0.01019006 0.003950595 -0.002234876 0.01009941 0.003894388 -0.002247333 0.01022368 0.004051327 -0.002264201 0.01014268 0.003976285 -0.002282083 0.01023292 0.004105389 -0.002272248 0.009991824 0.003946065 -0.002325356 0.01017218 0.004065871 -0.002305746 0.01000893 0.003975987 -0.002335727 0.01018095 0.004113912 -0.002312242 0.01003843 0.004037201 -0.002354145 0.00990343 0.004059672 -0.00238204 0.01005941 0.004101693 -0.002367019 0.009912371 0.004075586 -0.002385556 0.01006621 0.004135608 -0.002370715 0.009927749 0.004108607 -0.002391755 0.009938657 0.004143059 -0.002396166 0.009942114 0.004160761 -0.002397477 0.009944677 0.003669202 -0.001919567 0.01001822 0.003699958 -0.001986145 0.01006191 0.003726184 -0.002026081 0.01010364 0.003758072 -0.002064466 0.009732425 0.004152834 -0.002376079 0.00976181 0.004046857 -0.002369105 0.009794175 0.003946065 -0.002338647 0.009827911 0.003855288 -0.002286136 0.009861409 0.003778994 -0.002214074 0.009893059 0.003720819 -0.002126038 0.009921252 0.003683626 -0.002026259 0.009815454 0.004187226 -0.002391338 0.00977528 0.004166603 -0.002383947 0.009867191 0.004090785 -0.002388656 0.009920656 0.003999292 -0.002362728 0.009973585 0.003916323 -0.002314627 0.01002329 0.003846406 -0.002246439 0.01006722 0.003792941 -0.00216192 0.009915351 0.003863513 -0.002286493 0.009820342 0.003652989 -0.001897156 0.009862184 0.003654778 -0.001904785 0.009903728 0.003660202 -0.001912295 0.009944677 0.003669202 -0.001919567 0.009732425 0.004152834 -0.002376079 0.00973457 0.0040434 -0.002364158 0.009741067 0.00393927 -0.002328932 0.009751498 0.003845453 -0.002272188 0.009765386 0.003766596 -0.002196609 0.009782016 0.003706455 -0.002105891 0.009800672 0.00366795 -0.002004444 0.00976181 0.004046857 -0.002369105 0.009794175 0.003946065 -0.002338647 0.009827911 0.003855288 -0.002286136 0.009861409 0.003778994 -0.002214074 0.009893059 0.003720819 -0.002126038 0.009921252 0.003683626 -0.002026259 0.009756386 0.003873407 -0.002293586 0.009858012 0.003737807 -0.002160906 0.009892761 0.003677308 -0.002022087 0.007485389 0.003410875 -0.02227264 0.007528245 0.004954934 -0.02241885 0.007528245 0.004965424 -0.02241879 0.00747919 0.006434559 -0.02227234 0.007181823 0.007529914 -0.02226006 0.006350934 0.007454395 -0.02382415 0.005869805 0.007390379 -0.02525752 0.006217658 0.005734324 -0.02517747 0.006217658 0.004078269 -0.02517747 0.005869805 0.002422153 -0.02525752 0.006267428 0.002367496 -0.02402204 0.006739199 0.002319574 -0.02302044 0.007181823 0.002282619 -0.02226006 0.00747919 0.006434559 -0.02227234 0.007315099 0.007539689 -0.02204936 0.007181823 0.007529914 -0.02226006 0.007318139 0.002272665 -0.02204447 0.007485389 0.003410875 -0.02227264 0.007181823 0.002282619 -0.02226006 0.005258977 -7.69086e-6 -0.02005815 0.004678308 -1.44029e-4 -0.01950424 0.004254102 -2.24901e-4 -0.01899087 0.004153668 -2.36433e-4 -0.01920378 0.002784371 -3.64985e-4 -0.02183037 0.004817485 7.47857e-5 -0.02206164 0.005681335 4.62587e-4 -0.02214843 0.006214976 8.30365e-4 -0.02219665 0.006712377 0.001356542 -0.02223497 0.006978034 0.00179547 -0.02225083 0.007181823 0.002282619 -0.02226006 0.007318139 0.002272665 -0.02204447 0.007160365 0.001674354 -0.02186262 0.006914913 0.001133918 -0.02160704 0.006575047 6.98606e-4 -0.0212751 0.006168305 3.76677e-4 -0.02089172 0.00572431 1.50419e-4 -0.020482 0.004159271 -1.77721e-4 -0.02137601 0.007315099 0.007539689 -0.02204936 0.007181823 0.007529914 -0.02226006 0.006856262 0.008239507 -0.02224409 0.006425797 0.008789956 -0.02221393 0.005900502 0.009215235 -0.02216887 0.005251288 0.009566903 -0.02210628 0.004075407 0.009951174 -0.02198117 0.002784371 0.01017755 -0.02183037 0.004153668 0.01004904 -0.01920378 0.004251062 0.01003783 -0.01899629 0.004724085 0.009947121 -0.01955997 0.005255281 0.009820997 -0.02006238 0.006165266 0.009436428 -0.02089655 0.006571769 0.009114682 -0.02127969 0.006907105 0.008687019 -0.0216071 0.007156431 0.00814104 -0.0218665 0.00724405 0.007845163 -0.02196496 0.003751337 -3.108e-4 -0.01568305 0.003603756 -3.20262e-4 -0.01681852 0.003672838 -3.12974e-4 -0.01765495 0.003892421 -2.85139e-4 -0.01835089 0.004254102 -2.24901e-4 -0.01899087 0.004153668 -2.36433e-4 -0.01920378 0.001928567 -4.08165e-4 -0.01881116 0.002287328 -3.08318e-4 -0.01594215 0.002369523 -2.67644e-4 -0.0133624 0.003171801 -3.46317e-4 -0.0131483 0.004267215 -3.27265e-4 -0.01295471 0.002421736 -6.57021e-4 -0.005530714 0.001028776 -3.21027e-4 -0.004971802 -2.5586e-4 3.83988e-4 -0.004478812 -0.00135982 0.001386225 -0.004077613 -0.001866996 0.002071261 -0.003906011 -0.002231597 0.002849876 -0.003798961 -8.12829e-4 0.0028494 -0.01496171 -0.001495242 0.00285691 -0.01265418 -0.002077221 0.0028584 -0.008398175 -0.002230405 0.002853214 -0.005981266 -4.62398e-4 0.001976966 -0.01469129 1.00173e-4 0.001173138 -0.0143392 8.66286e-4 4.54154e-4 -0.01394706 0.001621007 -1.00485e-5 -0.01362669 0.002369523 -2.67644e-4 -0.0133624 0.002313137 -3.82048e-4 -0.009319484 -7.35186e-4 8.35043e-4 -0.005818903 -0.001473486 0.001540005 -0.005196392 1.23039e-4 3.35557e-4 -0.007576882 -9.39421e-4 0.001063048 -0.006531894 -0.001452088 0.001574754 -0.006314516 -0.001771986 0.001976609 -0.006216168 -7.95051e-5 7.77819e-4 -0.01097792 -2.29329e-4 6.91004e-4 -0.008999168 -8.74147e-4 0.00136578 -0.01027065 0.001017808 2.10098e-4 -0.01198238 9.54039e-4 2.93131e-4 -0.01266902 -6.40899e-5 9.09245e-4 -0.01221764 -8.09312e-4 0.001931369 -0.01355201 0.001236259 -2.90057e-4 -0.006460487 0.00105381 -1.43256e-5 -0.009150087 -0.001656293 0.001926958 -0.007448017 -0.001228153 0.001473307 -0.008014738 0.001092672 4.04417e-5 -0.01010227 -0.001333713 0.001675307 -0.008774399 -9.6599e-4 0.001617789 -0.01135081 -7.0899e-4 0.001445233 -0.01199138 -9.94064e-4 0.001742601 -0.0118643 -9.42834e-4 0.00180602 -0.0124706 -0.002231597 0.002849876 -0.003798961 -0.002410471 0.003537356 -0.003763735 -0.002504229 0.004243612 -0.003764867 -0.002531468 0.004954934 -0.003793954 -0.002531409 0.004965424 -0.003793954 -0.002459466 0.00597608 -0.003766477 -0.002231776 0.006962656 -0.003804981 -8.12821e-4 0.006963133 -0.01496171 -0.001495242 0.006955623 -0.01265418 -0.002076923 0.006954133 -0.008401572 -0.002230226 0.006959319 -0.005986034 -0.001014947 0.005769193 -0.0151363 -0.001042366 0.004471719 -0.01515996 -9.68449e-4 0.003626942 -0.01509606 -8.12829e-4 0.0028494 -0.01496171 -0.001495242 0.00285691 -0.01265418 -0.002077221 0.0028584 -0.008398175 -0.002230405 0.002853214 -0.005981266 -0.002548396 0.004922568 -0.005399942 -0.002526342 0.004906296 -0.006246805 -0.002398788 0.005646049 -0.007874429 -0.002460122 0.004906296 -0.007495164 -0.002455353 0.00417155 -0.007037162 -0.002356827 0.004906296 -0.008754968 -0.002148091 0.004150807 -0.01030409 -0.002070903 0.004906296 -0.01110786 -0.001719832 0.004906296 -0.01305466 -0.001933157 0.005666732 -0.01176148 -0.0012995 0.006403923 -0.01410979 -0.0013659 0.005788922 -0.01422208 -0.001504719 0.004755139 -0.01391518 -0.001326322 0.003607451 -0.01415306 -0.002160489 0.006015419 -0.009856462 0.004251062 0.01003783 -0.01899629 0.003849744 0.01010358 -0.01826393 0.003632426 0.01012974 -0.01745265 0.003612339 0.01013219 -0.01656442 0.003745794 0.01012372 -0.01568204 0.004261314 0.01014018 -0.01295554 0.003169357 0.01015883 -0.0131489 0.002369523 0.01008021 -0.0133624 0.002254664 0.01013219 -0.01632678 0.001928567 0.01022076 -0.01881116 0.004153668 0.01004904 -0.01920378 -0.002231776 0.006962656 -0.003804981 -0.001871824 0.007733583 -0.003910601 -0.001371562 0.008412778 -0.00407958 -5.77703e-4 0.009180963 -0.004365444 4.44114e-4 0.009864926 -0.004750609 0.001403152 0.01026159 -0.005126059 0.002421379 0.01046901 -0.005536735 0.002369523 0.01008021 -0.0133624 0.002313137 0.01019448 -0.009322643 0.00160861 0.009816706 -0.01363152 8.43115e-4 0.009340763 -0.01395785 1.72213e-4 0.008720755 -0.01429879 -3.48397e-4 0.008031547 -0.01461368 -6.18994e-4 0.007515966 -0.01480513 -8.12821e-4 0.006963133 -0.01496171 -0.001495242 0.006955623 -0.01265418 -0.002076923 0.006954133 -0.008401572 -0.002230226 0.006959319 -0.005986034 -4.08851e-4 0.009233176 -0.005946755 -0.001000404 0.008744299 -0.005718946 -0.001597821 0.008123397 -0.005142927 -7.82512e-4 0.008885025 -0.006602585 2.40281e-4 0.009544551 -0.007613301 -0.001176416 0.00852704 -0.006436645 -0.001576304 0.008092641 -0.006266713 -0.00184226 0.00773406 -0.006182968 -7.93561e-5 0.009034693 -0.01097953 -8.73946e-4 0.008446753 -0.0102728 -2.29135e-4 0.009121417 -0.009002387 0.001069426 0.009630262 -0.01195716 9.78671e-4 0.009534001 -0.01265758 -3.3401e-5 0.008929014 -0.01219892 -7.81827e-4 0.00792694 -0.01352834 0.001053929 0.009826719 -0.009153187 -0.001595854 0.007961869 -0.00748676 -0.001181483 0.008386373 -0.008037626 0.001092791 0.009772002 -0.01010465 -0.001333475 0.008137166 -0.008777678 -9.65841e-4 0.008194744 -0.011352 -7.00362e-4 0.008377134 -0.01198559 -9.93967e-4 0.008069932 -0.01186501 -9.32269e-4 0.00802201 -0.01246184 0.004267215 -3.27265e-4 -0.01295471 0.004717707 -4.12126e-4 -0.01059198 0.004852712 -4.53649e-4 -0.009736418 0.004876196 -4.98788e-4 -0.009007036 0.004715561 -5.79699e-4 -0.007968485 0.00434339 -6.60998e-4 -0.007069289 0.003860712 -7.1645e-4 -0.006417691 0.003298342 -7.33713e-4 -0.005951642 0.002963721 -7.19862e-4 -0.005762815 0.002609372 -6.84169e-4 -0.005607068 0.002421736 -6.57021e-4 -0.005530714 0.002313137 -3.82048e-4 -0.009319484 0.002369523 -2.67644e-4 -0.0133624 0.003171801 -3.46317e-4 -0.0131483 0.003307163 -3.8773e-4 -0.01193386 0.002421379 0.01046901 -0.005536735 0.002607166 0.01049596 -0.005612313 0.003302216 0.01054579 -0.005960941 0.003845036 0.01052951 -0.006409466 0.004235744 0.0104888 -0.006903529 0.004531979 0.01043772 -0.007461488 0.004733502 0.01038497 -0.008057594 0.004846155 0.0103352 -0.008679509 0.00485605 0.01027214 -0.009637892 0.004712224 0.01022511 -0.01059097 0.004261314 0.01014018 -0.01295554 0.003169357 0.01015883 -0.0131489 0.002369523 0.01008021 -0.0133624 0.002313137 0.01019448 -0.009322643 0.003304839 0.01020026 -0.01193356 0.00354439 0.002762317 -0.03347969 0.003399252 0.002345621 -0.03350859 0.003165185 0.001953542 -0.03355336 0.002800524 0.001581609 -0.0336219 0.0022946 0.001244008 -0.03371667 0.001664042 9.657e-4 -0.03383499 9.4793e-4 7.74789e-4 -0.0339697 0.00101757 9.93584e-4 -0.03461813 0.00109744 0.00134015 -0.03522658 0.001172244 0.001810193 -0.03574538 0.001229643 0.002327859 -0.03612536 0.001263797 0.002809524 -0.03634548 0.001279056 0.003228068 -0.03644084 0.003535687 0.003228068 -0.0338388 0.003075003 0.003227055 -0.03494018 0.002537012 0.003227233 -0.03567785 0.002026796 0.00322771 -0.03611862 0.001626968 0.003227949 -0.03633469 0.003542721 0.002762556 -0.03348511 0.003519594 0.002772629 -0.03356468 0.003506064 0.002796947 -0.03362601 0.003498196 0.00283128 -0.03367739 0.003494322 0.002876102 -0.03372406 0.003494203 0.002934873 -0.03376847 0.003498196 0.003000497 -0.03380358 0.003506302 0.003070473 -0.0338273 0.003515303 0.003126859 -0.03383725 0.003523528 0.003169953 -0.0338397 0.002671957 0.00178337 -0.03434449 0.002571225 0.002223908 -0.03504121 0.002797067 0.002826929 -0.03520035 -0.001040279 6.6022e-4 -0.03434365 -0.001550853 7.35106e-4 -0.03446531 -0.001836657 8.50085e-4 -0.03456073 -0.002090454 0.001035869 -0.03466737 -0.002282798 0.001259863 -0.03476637 -0.002439439 0.001528382 -0.03486394 -0.00259149 0.001929283 -0.03498482 -0.002687633 0.002382516 -0.03509849 -0.002715408 0.002682149 -0.03516447 -0.002716779 0.00289458 -0.03521031 -0.002705037 0.002894818 -0.03522503 -0.002289712 0.003190279 -0.03571075 -0.002296924 0.00313574 -0.03569495 -0.002312541 0.003086745 -0.03567218 -0.00233674 0.003043174 -0.03564232 -0.002369463 0.003004848 -0.03560513 -0.002411007 0.002971708 -0.03555977 -0.002476274 0.002937018 -0.0354892 -0.002550125 0.002913534 -0.03540813 -0.002289295 0.003207385 -0.03571403 -0.001886546 0.003212332 -0.03602433 -0.001309216 0.00321877 -0.03632515 -6.90125e-4 0.00322479 -0.03649955 -7.4245e-4 0.002368748 -0.03620576 -8.28855e-4 0.001574695 -0.03572088 -8.87975e-4 0.001200795 -0.03537076 -9.5839e-4 8.89116e-4 -0.0349245 -0.001000225 7.59783e-4 -0.03463822 -0.001510977 9.46912e-4 -0.03496372 -0.001461148 0.001063287 -0.03515344 -0.001577019 0.001103818 -0.03517049 -0.001447021 0.001841187 -0.03579974 -0.001906573 0.001683473 -0.03550606 -0.001676023 0.0020383 -0.03581148 -0.001756846 0.002094388 -0.03579741 -0.002025842 0.002352178 -0.03573679 -0.001767396 0.002595961 -0.03596144 -0.002372264 0.002189815 -0.0353797 -0.001040279 0.009152352 -0.03434365 -9.55939e-4 0.008914768 -0.03494065 -8.8647e-4 0.008603632 -0.03537994 -8.27536e-4 0.008228182 -0.03572851 -7.63871e-4 0.007677435 -0.03608757 -7.14488e-4 0.007070064 -0.03636068 -6.90125e-4 0.006587743 -0.03649955 -0.001309216 0.006593823 -0.03632515 -0.001886546 0.006600201 -0.03602433 -0.002289295 0.006605207 -0.03571403 -0.002716779 0.006918013 -0.03521031 -0.00251168 0.006888866 -0.03545045 -0.002412557 0.006841659 -0.0355581 -0.002352297 0.006789505 -0.03562438 -0.00232011 0.006742835 -0.03566223 -0.002301096 0.006696283 -0.03568768 -0.002292037 0.006650686 -0.03570383 -0.002654612 0.007624864 -0.03505206 -0.002441346 0.008280217 -0.03486526 -0.002265632 0.008576631 -0.03475672 -0.002023279 0.008835911 -0.03463679 -0.001754343 0.009003877 -0.03453087 -0.001476705 0.009096145 -0.03444409 -0.001266837 0.009132087 -0.03439092 -0.001468241 0.007878243 -0.03584146 -0.001743018 0.008728384 -0.03506618 -0.001609802 0.008598625 -0.03528493 -0.001723647 0.008534848 -0.03529918 -0.001837968 0.008449733 -0.0353139 -0.001935422 0.008357226 -0.03532654 -0.002147734 0.007534682 -0.03562086 0.001279056 0.003228068 -0.03644084 0.001299858 0.004719793 -0.03656882 0.001296043 0.005652189 -0.03654539 0.001279056 0.006584525 -0.03644084 4.01013e-4 0.003228366 -0.03655189 -1.97075e-4 0.003227591 -0.03656077 -6.90125e-4 0.00322479 -0.03649955 -6.63243e-4 0.004326879 -0.03665059 -6.63243e-4 0.005485653 -0.03665059 -6.90125e-4 0.006587743 -0.03649955 -1.96524e-4 0.006584942 -0.03656083 4.0102e-4 0.006584167 -0.03655189 0.003509163 0.007023692 -0.03360992 0.003517627 0.007036924 -0.03357315 0.003529369 0.007045805 -0.03352975 0.00354439 0.007050216 -0.03347969 0.003535628 0.006584525 -0.0338388 0.003509461 0.00672096 -0.03383189 0.003498613 0.006808757 -0.03380477 0.003493785 0.00690627 -0.03374862 0.003497958 0.006978273 -0.03368055 0.003502666 0.007003843 -0.03364586 0.001279056 0.006584525 -0.03644084 0.001670539 0.006584584 -0.03631627 0.002122819 0.006584942 -0.03605055 0.002587795 0.006585359 -0.03562229 0.003002822 0.006585538 -0.03506249 0.003319919 0.00658524 -0.03443866 0.001263797 0.007003068 -0.03634548 0.001229643 0.007484674 -0.03612536 0.001172244 0.00800234 -0.03574538 0.00109744 0.008472383 -0.03522658 0.00101757 0.008818984 -0.03461813 9.4793e-4 0.009037792 -0.0339697 0.002067983 0.008682847 -0.03375917 0.002770602 0.008255124 -0.03362751 0.003172755 0.007849216 -0.03355193 0.003400981 0.007462978 -0.03350824 0.003479659 0.007260859 -0.03349274 0.002571225 0.007588624 -0.03504121 0.002873778 0.007877588 -0.03421807 0.002755999 0.006995737 -0.03525292 0.001652956 0.00698626 -0.03622472 0.003535628 0.006584525 -0.0338388 0.003689885 0.005465686 -0.03381067 0.003689885 0.004346847 -0.03381067 0.003535687 0.003228068 -0.0338388 0.001279056 0.006584525 -0.03644084 0.001670539 0.006584584 -0.03631627 0.002122819 0.006584942 -0.03605055 0.002587795 0.006585359 -0.03562229 0.003002822 0.006585538 -0.03506249 0.003319919 0.00658524 -0.03443866 0.001279056 0.003228068 -0.03644084 0.001299858 0.004719793 -0.03656882 0.001296043 0.005652189 -0.03654539 0.003075003 0.003227055 -0.03494018 0.002537012 0.003227233 -0.03567785 0.002026796 0.00322771 -0.03611862 0.001626968 0.003227949 -0.03633469 0.001903712 0.003973901 -0.03629672 0.002179324 0.004844129 -0.03616219 0.001936614 0.005652129 -0.03629356 0.003134667 0.004719793 -0.03510308 0.003317832 0.005465686 -0.03475099 0.002687156 0.005558967 -0.0356729 9.4793e-4 7.74789e-4 -0.0339697 -0.001040279 6.6022e-4 -0.03434365 -6.90125e-4 0.00322479 -0.03649955 -7.4245e-4 0.002368748 -0.03620576 -8.28855e-4 0.001574695 -0.03572088 -8.87975e-4 0.001200795 -0.03537076 -9.5839e-4 8.89116e-4 -0.0349245 -0.001000225 7.59783e-4 -0.03463822 0.001279056 0.003228068 -0.03644084 4.01013e-4 0.003228366 -0.03655189 -1.97075e-4 0.003227591 -0.03656077 0.00101757 9.93584e-4 -0.03461813 0.00109744 0.00134015 -0.03522658 0.001172244 0.001810193 -0.03574538 0.001229643 0.002327859 -0.03612536 0.001263797 0.002809524 -0.03634548 0.005869805 0.002422153 -0.02525752 0.005652308 0.001913607 -0.02530592 0.005243003 0.001367926 -0.02539032 0.004583418 8.07898e-4 -0.02552032 0.003685951 2.92487e-4 -0.02569299 0.002602994 -1.10399e-4 -0.02589833 0.001395642 -3.51177e-4 -0.02612572 0.001012682 -8.5426e-5 -0.02964651 8.82275e-4 2.6321e-4 -0.03182655 9.4793e-4 7.74789e-4 -0.0339697 0.00354439 0.002762317 -0.03347969 0.003399252 0.002345621 -0.03350859 0.003165185 0.001953542 -0.03355336 0.002800524 0.001581609 -0.0336219 0.0022946 0.001244008 -0.03371667 0.001664042 9.657e-4 -0.03383499 0.004314064 8.50777e-4 -0.02672302 0.003762781 5.02701e-4 -0.02682852 0.003781735 6.20154e-4 -0.02740025 0.003336131 3.78271e-4 -0.02748459 0.002847373 1.63149e-4 -0.0275768 0.003905296 0.001201689 -0.02939194 0.002426743 0.001016557 -0.0326153 0.003096282 0.001343846 -0.03213238 0.002943277 0.001026034 -0.03144198 0.002590537 8.23639e-4 -0.03150713 0.002583444 0.001205265 -0.03294527 0.002078235 8.49743e-4 -0.03268003 0.002065956 5.85664e-4 -0.03160446 0.005328238 0.001661777 -0.02594757 0.002882063 3.85834e-4 -0.02881634 0.003933191 0.002031743 -0.03139793 0.002664744 4.08279e-4 -0.02948009 0.002449333 4.50757e-4 -0.0301913 0.003506004 0.002071797 -0.03277206 -0.002289295 0.003207385 -0.03571403 -0.001886546 0.003212332 -0.03602433 -0.001309216 0.00321877 -0.03632515 -6.90125e-4 0.00322479 -0.03649955 -0.002288162 0.003256678 -0.03572314 -0.002287149 0.003305673 -0.03573179 -0.002271771 0.004771053 -0.03585606 -0.002275347 0.005714893 -0.03582727 -0.002289295 0.006605207 -0.03571403 -6.90125e-4 0.006587743 -0.03649955 -0.001309216 0.006593823 -0.03632515 -0.001886546 0.006600201 -0.03602433 -6.63243e-4 0.004326879 -0.03665059 -6.63243e-4 0.005485653 -0.03665059 -0.001432657 0.004544854 -0.03643786 -0.001432538 0.005132913 -0.03644216 -0.001432955 0.005603551 -0.03641825 -0.004013776 0.0028494 -0.03110373 -0.003306686 0.001151978 -0.03086256 -0.002814114 4.68561e-4 -0.03074407 -0.002512454 2.03883e-4 -0.03068172 -0.002107858 -1.78791e-5 -0.03060704 -0.001661062 -1.3478e-4 -0.03053557 -0.001212358 -1.67365e-4 -0.03047776 -0.003766596 0.002862513 -0.03277367 -0.003335356 0.002877414 -0.03413075 -0.003044366 0.002886056 -0.03472197 -0.002716779 0.00289458 -0.03521031 -0.001040279 6.6022e-4 -0.03434365 -0.001550853 7.35106e-4 -0.03446531 -0.001836657 8.50085e-4 -0.03456073 -0.002090454 0.001035869 -0.03466737 -0.002282798 0.001259863 -0.03476637 -0.002439439 0.001528382 -0.03486394 -0.00259149 0.001929283 -0.03498482 -0.002687633 0.002382516 -0.03509849 -0.002715408 0.002682149 -0.03516447 -0.001202166 1.75653e-4 -0.03247022 -0.002058565 1.06017e-4 -0.03156214 -0.002529621 3.01859e-4 -0.03129708 -0.002375543 2.54489e-4 -0.03160679 -0.003134727 0.001089036 -0.03200405 -0.001801967 4.94816e-4 -0.03356003 -0.003716886 0.00221157 -0.03173232 -0.003008782 0.00108695 -0.03268831 -0.002035975 7.02453e-4 -0.03397119 -0.001959979 5.52477e-4 -0.03360569 -0.002111077 6.2634e-4 -0.03365331 -0.002897262 0.001224279 -0.0334745 -0.002215683 8.21309e-4 -0.03403925 -0.003227055 0.002233922 -0.03401118 -0.002269804 3.22549e-4 -0.03224283 -0.002207398 3.66206e-4 -0.0325663 -0.002186834 4.48098e-4 -0.0329318 -0.001212358 0.009979963 -0.03047776 -0.001202166 0.009636938 -0.0324701 -0.001040279 0.009152352 -0.03434365 -0.002716779 0.006918013 -0.03521031 -0.002654612 0.007624864 -0.03505206 -0.002441346 0.008280217 -0.03486526 -0.002265632 0.008576631 -0.03475672 -0.002023279 0.008835911 -0.03463679 -0.001754343 0.009003877 -0.03453087 -0.001476705 0.009096145 -0.03444409 -0.001266837 0.009132087 -0.03439092 -0.003266036 0.006932973 -0.03428834 -0.003680467 0.006946802 -0.03311753 -0.003926634 0.006956696 -0.03191727 -0.004013776 0.006963133 -0.03110373 -0.001857936 0.009909212 -0.03056561 -0.002269804 0.009757399 -0.03063577 -0.002659142 0.009492278 -0.03071123 -0.002970814 0.009164392 -0.03077918 -0.003335952 0.008607923 -0.03087049 -0.00367999 0.007872879 -0.03097403 -0.002330124 0.009639263 -0.03126698 -0.001969039 0.009735405 -0.03155058 -0.002153337 0.009670197 -0.03157478 -0.003021419 0.008869111 -0.03207957 -0.001751363 0.009332597 -0.0335462 -0.0036062 0.007842183 -0.03184908 -0.002986431 0.008707344 -0.03284382 -0.003709912 0.00757575 -0.03187423 -0.00199747 0.009131014 -0.03395754 -0.001944899 0.009266436 -0.0336011 -0.002113103 0.009185135 -0.03365391 -0.002208471 0.008996784 -0.03403633 -0.002874553 0.008572638 -0.0335766 -0.003169894 0.007568359 -0.03416526 -0.002194583 0.009517133 -0.03227758 -0.002200245 0.009432375 -0.03263837 -0.002181529 0.009354114 -0.0329799 0.001279056 0.006584525 -0.03644084 0.001263797 0.007003068 -0.03634548 0.001229643 0.007484674 -0.03612536 0.001172244 0.00800234 -0.03574538 0.00109744 0.008472383 -0.03522658 0.00101757 0.008818984 -0.03461813 9.4793e-4 0.009037792 -0.0339697 -6.90125e-4 0.006587743 -0.03649955 -1.96524e-4 0.006584942 -0.03656083 4.0102e-4 0.006584167 -0.03655189 -0.001040279 0.009152352 -0.03434365 -9.55939e-4 0.008914768 -0.03494065 -8.8647e-4 0.008603632 -0.03537994 -8.27536e-4 0.008228182 -0.03572851 -7.63871e-4 0.007677435 -0.03608757 -7.14488e-4 0.007070064 -0.03636068 0.005869805 0.007390379 -0.02525752 0.00354439 0.007050216 -0.03347969 9.4793e-4 0.009037792 -0.0339697 0.002067983 0.008682847 -0.03375917 0.002770602 0.008255124 -0.03362751 0.003172755 0.007849216 -0.03355193 0.003400981 0.007462978 -0.03350824 0.003479659 0.007260859 -0.03349274 8.95686e-4 0.009631872 -0.03139293 0.001098096 0.009995162 -0.0287683 0.001395642 0.01016378 -0.02612572 0.003100633 0.009762644 -0.02580422 0.004490971 0.009067952 -0.02553826 0.00527054 0.008415281 -0.02538478 0.005659878 0.007885336 -0.02530431 0.005780458 0.007634222 -0.02527791 0.004401743 0.008960545 -0.02641844 0.003805518 0.009334981 -0.02653276 0.003888666 0.00921148 -0.02694839 0.003449082 0.009449899 -0.02703183 0.002866685 0.009701728 -0.02714192 0.003985106 0.008628785 -0.02908891 0.002979934 0.008374929 -0.03272825 0.002465903 0.008832633 -0.03239256 0.002401769 0.009183764 -0.03111076 0.003033041 0.008846163 -0.03099393 0.002783238 0.008647084 -0.03233391 0.00259751 0.008639872 -0.03279912 0.002074837 0.009018242 -0.0324651 0.002995669 0.009471058 -0.02826774 0.002775609 0.009465456 -0.02888423 0.003977477 0.007789134 -0.03124564 0.002643525 0.009385108 -0.02962785 0.003766059 0.008145987 -0.03114444 0.00359857 0.007906377 -0.03218114 0.003591775 0.007681787 -0.0326119 0.003513693 0.008015811 -0.03219759 0.003542721 0.002762556 -0.03348511 0.003519594 0.002772629 -0.03356468 0.003506064 0.002796947 -0.03362601 0.003498196 0.00283128 -0.03367739 0.003494322 0.002876102 -0.03372406 0.003494203 0.002934873 -0.03376847 0.003498196 0.003000497 -0.03380358 0.003506302 0.003070473 -0.0338273 0.003515303 0.003126859 -0.03383725 0.003523528 0.003169953 -0.0338397 0.003535687 0.003228068 -0.0338388 0.00354439 0.002762317 -0.03347969 0.005869805 0.002422153 -0.02525752 0.005869805 0.007390379 -0.02525752 0.006217658 0.005734324 -0.02517747 0.006217658 0.004078269 -0.02517747 0.00354439 0.007050216 -0.03347969 0.003509163 0.007023692 -0.03360992 0.003517627 0.007036924 -0.03357315 0.003529369 0.007045805 -0.03352975 0.003535628 0.006584525 -0.0338388 0.003509461 0.00672096 -0.03383189 0.003498613 0.006808757 -0.03380477 0.003493785 0.00690627 -0.03374862 0.003497958 0.006978273 -0.03368055 0.003502666 0.007003843 -0.03364586 0.003689885 0.005465686 -0.03381067 0.003689885 0.004346847 -0.03381067 -7.36408e-4 -4.6958e-4 -0.02652668 0.001395642 -3.51177e-4 -0.02612572 -0.001212358 -1.67365e-4 -0.03047776 -0.001064658 -3.6429e-4 -0.02854353 -0.001040279 6.6022e-4 -0.03434365 -0.001202166 1.75653e-4 -0.03247022 9.4793e-4 7.74789e-4 -0.0339697 0.001012682 -8.5426e-5 -0.02964651 8.82275e-4 2.6321e-4 -0.03182655 0.002784371 -3.64985e-4 -0.02183037 0.004817485 7.47857e-5 -0.02206164 0.005681335 4.62587e-4 -0.02214843 0.006214976 8.30365e-4 -0.02219665 0.006712377 0.001356542 -0.02223497 0.006978034 0.00179547 -0.02225083 0.007181823 0.002282619 -0.02226006 0.001395642 -3.51177e-4 -0.02612572 0.001719474 -3.80983e-4 -0.02431613 0.002178013 -3.78075e-4 -0.023018 0.005869805 0.002422153 -0.02525752 0.005652308 0.001913607 -0.02530592 0.005243003 0.001367926 -0.02539032 0.004583418 8.07898e-4 -0.02552032 0.003685951 2.92487e-4 -0.02569299 0.002602994 -1.10399e-4 -0.02589833 0.006267428 0.002367496 -0.02402204 0.006739199 0.002319574 -0.02302044 0.006387889 0.001576781 -0.0230267 0.005545794 0.001091599 -0.02387708 0.005212426 8.18864e-4 -0.02389466 0.004924058 6.2466e-4 -0.02390921 0.004492521 3.83709e-4 -0.02393025 0.004013836 1.6805e-4 -0.02395308 0.002702653 -1.38594e-4 -0.02515542 -7.36408e-4 0.01028215 -0.02652668 -0.001579642 0.01017671 -0.02668637 -0.001982688 0.01002925 -0.02676302 -0.002427935 0.009746968 -0.02684766 -0.002787828 0.009388208 -0.02691578 -0.003189504 0.008790254 -0.02699118 -0.003557801 0.007996022 -0.02705937 -0.003908276 0.007002711 -0.02712327 -0.004082322 0.006997406 -0.02915477 -0.004013776 0.006963133 -0.03110373 -0.001212358 0.009979963 -0.03047776 -0.001857936 0.009909212 -0.03056561 -0.002269804 0.009757399 -0.03063577 -0.002659142 0.009492278 -0.03071123 -0.002970814 0.009164392 -0.03077918 -0.003335952 0.008607923 -0.03087049 -0.00367999 0.007872879 -0.03097403 -0.001064658 0.01017689 -0.02854353 -0.001945078 0.009983003 -0.02969175 -0.002330303 0.009791135 -0.03008317 -0.002144277 0.009910643 -0.02974152 -0.002423644 0.00982052 -0.02888077 -0.001786828 0.01012116 -0.02774071 -0.002010107 0.01004403 -0.02779477 -0.002163589 0.009967505 -0.02749222 -0.003845453 0.007637917 -0.03014963 -0.003956258 0.007327079 -0.03021246 -0.003798127 0.007678866 -0.02808487 -0.003302335 0.00884968 -0.02954739 -0.003518521 0.008470654 -0.02911514 -0.003275752 0.008898496 -0.02855139 -0.00326687 0.008867323 -0.02805227 -0.002287149 0.003305673 -0.03573179 -0.002288162 0.003256678 -0.03572314 -0.002271771 0.004771053 -0.03585606 -0.002275347 0.005714893 -0.03582727 -0.002289295 0.006605207 -0.03571403 -0.002716779 0.006918013 -0.03521031 -0.00251168 0.006888866 -0.03545045 -0.002412557 0.006841659 -0.0355581 -0.002352297 0.006789505 -0.03562438 -0.00232011 0.006742835 -0.03566223 -0.002301096 0.006696283 -0.03568768 -0.002292037 0.006650686 -0.03570383 -0.003266036 0.006932973 -0.03428834 -0.003680467 0.006946802 -0.03311753 -0.003926634 0.006956696 -0.03191727 -0.004013776 0.006963133 -0.03110373 -0.004261314 0.005769193 -0.03122717 -0.004294872 0.004471719 -0.03124397 -0.004204332 0.003626942 -0.03119879 -0.004013776 0.0028494 -0.03110373 -0.003766596 0.002862513 -0.03277367 -0.003335356 0.002877414 -0.03413075 -0.003044366 0.002886056 -0.03472197 -0.002716779 0.00289458 -0.03521031 -0.002705037 0.002894818 -0.03522503 -0.002289712 0.003190279 -0.03571075 -0.002296924 0.00313574 -0.03569495 -0.002312541 0.003086745 -0.03567218 -0.00233674 0.003043174 -0.03564232 -0.002369463 0.003004848 -0.03560513 -0.002411007 0.002971708 -0.03555977 -0.002476274 0.002937018 -0.0354892 -0.002550125 0.002913534 -0.03540813 -0.002289295 0.003207385 -0.03571403 -0.002794682 0.005887567 -0.03523457 -0.003002703 0.004860937 -0.03497284 -0.003530859 0.005618214 -0.03399056 -0.003365874 0.004906296 -0.03435784 -0.00283885 0.003794252 -0.03516453 -0.003642618 0.004906296 -0.03378278 -0.003908932 0.004906296 -0.03309941 -0.004149734 0.005770564 -0.03205269 -0.003745496 0.004190683 -0.03348249 -0.004129409 0.004760921 -0.03234499 -0.003908276 0.002809822 -0.02712327 -0.003189623 0.002832174 -0.02405422 -0.002419888 0.002845406 -0.02217209 -0.001375854 0.0028494 -0.02036422 0.001148641 -4.78074e-4 -0.02126187 9.811e-4 -4.54533e-4 -0.02114838 8.04692e-4 -3.8131e-4 -0.02104759 6.15142e-4 -2.58774e-4 -0.02095592 3.38532e-4 -2.05645e-5 -0.02083969 -8.8796e-5 4.59681e-4 -0.02068263 -6.70671e-4 0.001335322 -0.02050244 -0.001120924 0.0022282 -0.02039742 2.84836e-5 -5.03914e-4 -0.02384179 -7.36408e-4 -4.6958e-4 -0.02652668 -0.001579642 -3.64113e-4 -0.02668637 -0.001982688 -2.16658e-4 -0.02676302 -0.002427935 6.55944e-5 -0.02684766 -0.002787828 4.24365e-4 -0.02691578 -0.003189504 0.001022219 -0.02699118 -0.003557801 0.001816511 -0.02705937 -0.001515686 -3.45188e-4 -0.02567535 -0.001821875 -2.08366e-4 -0.02571874 -0.001244068 -3.91597e-4 -0.02515441 -0.00146538 -3.0803e-4 -0.02517288 -0.002380847 5.95429e-4 -0.02488011 -0.003246545 0.001817345 -0.02556067 -0.00337243 0.002129971 -0.02557361 -0.002051234 7.15443e-4 -0.02386039 -0.003495931 0.002458751 -0.02558648 -1.13092e-4 -2.77895e-4 -0.02228748 2.487e-5 -2.01558e-4 -0.0218113 -0.002337872 0.001564323 -0.02330392 -0.001657187 7.46192e-4 -0.02297592 -0.001160681 6.51525e-4 -0.02218222 -0.001466333 0.001809298 -0.02131175 -0.00167036 0.002226114 -0.02128201 -0.001189112 -2.56276e-4 -0.0242241 -0.001024484 -2.22257e-4 -0.02375918 -8.33869e-4 -2.10898e-4 -0.02335542 -0.001261413 3.57823e-5 -0.02351272 -5.95048e-4 -2.33443e-4 -0.02298945 -0.004013776 0.0028494 -0.03110373 -0.004082322 0.002815127 -0.02915555 -0.003908276 0.002809822 -0.02712327 -7.36408e-4 -4.6958e-4 -0.02652668 -0.001579642 -3.64113e-4 -0.02668637 -0.001982688 -2.16658e-4 -0.02676302 -0.002427935 6.55944e-5 -0.02684766 -0.002787828 4.24365e-4 -0.02691578 -0.003189504 0.001022219 -0.02699118 -0.003557801 0.001816511 -0.02705937 -0.001212358 -1.67365e-4 -0.03047776 -0.001064658 -3.6429e-4 -0.02854353 -0.003306686 0.001151978 -0.03086256 -0.002814114 4.68561e-4 -0.03074407 -0.002512454 2.03883e-4 -0.03068172 -0.002107858 -1.78791e-5 -0.03060704 -0.001661062 -1.3478e-4 -0.03053557 -0.002041757 -1.38275e-4 -0.02971565 -0.002356886 -4.88353e-5 -0.02886182 -0.001786768 -3.08577e-4 -0.02774071 -0.002010107 -2.31429e-4 -0.02779477 -0.002163589 -1.54951e-4 -0.02749222 -0.003836214 0.00214982 -0.0301451 -0.003798127 0.002133607 -0.02808535 -0.003290832 9.89769e-4 -0.03002083 -0.003271162 9.12032e-4 -0.02953624 -0.003500521 0.001305639 -0.0291084 -0.003252148 8.7581e-4 -0.02854388 -0.003251373 9.19261e-4 -0.02804785 -0.002733349 2.85083e-4 -0.0298714 0.007181823 0.007529914 -0.02226006 0.006350934 0.007454395 -0.02382415 0.005869805 0.007390379 -0.02525752 0.001395642 0.01016378 -0.02612572 0.003100633 0.009762644 -0.02580422 0.004490971 0.009067952 -0.02553826 0.00527054 0.008415281 -0.02538478 0.005659878 0.007885336 -0.02530431 0.005780458 0.007634222 -0.02527791 0.002784371 0.01017755 -0.02183037 0.00206995 0.01019215 -0.02327495 0.001596927 0.01019048 -0.02482289 0.006856262 0.008239507 -0.02224409 0.006425797 0.008789956 -0.02221393 0.005900502 0.009215235 -0.02216887 0.005251288 0.009566903 -0.02210628 0.004075407 0.009951174 -0.02198117 0.005662977 0.008607745 -0.02387058 0.005417168 0.008833765 -0.02388399 0.004993915 0.00914371 -0.02390569 0.004655599 0.009343743 -0.02392238 0.003974854 0.009660124 -0.02395492 0.003459036 0.009932398 -0.0232703 9.4793e-4 0.009037792 -0.0339697 8.95686e-4 0.009631872 -0.03139293 0.001098096 0.009995162 -0.0287683 0.001395642 0.01016378 -0.02612572 -0.001040279 0.009152352 -0.03434365 -0.001212358 0.009979963 -0.03047776 -0.001202166 0.009636938 -0.0324701 -7.36408e-4 0.01028215 -0.02652668 -0.001064658 0.01017689 -0.02854353 -0.001375854 0.006963133 -0.02036422 -8.22328e-4 0.008200585 -0.02046293 -4.20958e-6 0.009458363 -0.02071207 4.23312e-4 0.009912669 -0.02087372 7.25143e-4 0.01014721 -0.02100747 9.216e-4 0.01024764 -0.02111232 0.001047015 0.01028174 -0.02119123 0.001148641 0.01029068 -0.02126187 -0.002594769 0.006969094 -0.02254146 -0.003426492 0.006987094 -0.02482652 -0.003908276 0.007002711 -0.02712327 -7.36408e-4 0.01028215 -0.02652668 -0.001579642 0.01017671 -0.02668637 -0.001982688 0.01002925 -0.02676302 -0.002427935 0.009746968 -0.02684766 -0.002787828 0.009388208 -0.02691578 -0.003189504 0.008790254 -0.02699118 -0.003557801 0.007996022 -0.02705937 2.84836e-5 0.01031649 -0.02384179 -0.001515686 0.01015776 -0.02567535 -0.001821875 0.01002097 -0.02571874 -0.001244068 0.01020419 -0.02515441 -0.00146538 0.01012063 -0.02517288 -0.002463877 0.009223937 -0.0251227 -0.003340601 0.007997751 -0.02593916 -0.003463745 0.007683932 -0.0259546 -0.002196669 0.009109437 -0.02421975 -0.003584325 0.007354259 -0.02596998 -6.49467e-5 0.01011717 -0.02229738 -0.002489745 0.008255183 -0.02367299 -0.001739382 0.009072422 -0.02315121 8.73059e-5 0.01005578 -0.02182704 -0.001190245 0.00920242 -0.02229964 -0.001536011 0.008064389 -0.02149319 -0.001825571 0.007470309 -0.02145481 -0.001235127 0.01007115 -0.0243349 -0.001098334 0.01003915 -0.0239228 -8.72657e-4 0.01002579 -0.02343565 -0.001338958 0.009782493 -0.02368026 -6.04242e-4 0.01005756 -0.02304321 0.001148641 -4.78074e-4 -0.02126187 2.84836e-5 -5.03914e-4 -0.02384179 -7.36408e-4 -4.6958e-4 -0.02652668 0.00169146 -4.74683e-4 -0.02156746 0.002235651 -4.3303e-4 -0.02174264 0.002784371 -3.64985e-4 -0.02183037 0.001395642 -3.51177e-4 -0.02612572 0.001719474 -3.80983e-4 -0.02431613 0.002178013 -3.78075e-4 -0.023018 0.001928567 -4.08165e-4 -0.01881116 0.001745462 -3.67968e-4 -0.01877623 0.001538872 -2.76926e-4 -0.01873737 0.001321613 -1.38101e-4 -0.01869678 0.001031339 1.14796e-4 -0.01864266 7.2179e-4 4.79057e-4 -0.01858496 1.42306e-6 0.001826226 -0.01845043 -3.88555e-4 0.002849698 -0.0183798 -6.53468e-4 0.002849638 -0.01912599 -0.001007139 0.002849519 -0.01979583 -0.001375854 0.0028494 -0.02036422 0.001148641 -4.78074e-4 -0.02126187 9.811e-4 -4.54533e-4 -0.02114838 8.04692e-4 -3.8131e-4 -0.02104759 6.15142e-4 -2.58774e-4 -0.02095592 3.38532e-4 -2.05645e-5 -0.02083969 -8.8796e-5 4.59681e-4 -0.02068263 -6.70671e-4 0.001335322 -0.02050244 -0.001120924 0.0022282 -0.02039742 3.75584e-5 8.60583e-4 -0.01981836 -0.004013776 0.0028494 -0.03110373 -0.004082322 0.002815127 -0.02915555 -0.003908276 0.002809822 -0.02712327 -0.004013776 0.006963133 -0.03110373 -0.004261314 0.005769193 -0.03122717 -0.004294872 0.004471719 -0.03124397 -0.004204332 0.003626942 -0.03119879 -0.003908276 0.007002711 -0.02712327 -0.004082322 0.006997406 -0.02915477 -0.001375854 0.006963133 -0.02036422 -0.002594769 0.006969094 -0.02254146 -0.003426492 0.006987094 -0.02482652 -0.001375854 0.0028494 -0.02036422 -0.001650929 0.00404334 -0.02035564 -0.001688241 0.005340814 -0.02035444 -0.001587569 0.00618565 -0.0203576 -0.003189623 0.002832174 -0.02405422 -0.002419888 0.002845406 -0.02217209 -0.002209663 0.004042625 -0.02126318 -0.00249195 0.005051612 -0.0216906 -0.003044188 0.0041821 -0.02293193 -0.00282967 0.004906296 -0.02236998 -0.003227412 0.004906296 -0.02331548 -0.003616392 0.004906296 -0.02447688 -0.003826737 0.004176795 -0.02538526 -0.003380596 0.00563234 -0.02382481 -0.003995418 0.004906296 -0.02604258 -0.004184126 0.004906296 -0.02719277 -0.004038691 0.005637586 -0.02642339 -0.004296123 0.004174649 -0.0286026 -0.004299521 0.004906296 -0.02827191 -0.004240691 0.00563848 -0.02791219 -0.004354298 0.004906296 -0.02925533 -0.004255473 0.003618359 -0.0303846 -0.004360854 0.004759907 -0.03007191 -0.004310607 0.005774676 -0.03040844 0.002784371 0.01017755 -0.02183037 0.002052962 0.01026308 -0.02169615 0.001601874 0.0102908 -0.02152693 0.001148641 0.01029068 -0.02126187 -7.36408e-4 0.01028215 -0.02652668 2.84836e-5 0.01031649 -0.02384179 0.001395642 0.01016378 -0.02612572 0.00206995 0.01019215 -0.02327495 0.001596927 0.01019048 -0.02482289 0.001148641 0.01029068 -0.02126187 0.001928567 0.01022076 -0.01881116 -0.001375854 0.006963133 -0.02036422 -8.22328e-4 0.008200585 -0.02046293 -4.20958e-6 0.009458363 -0.02071207 4.23312e-4 0.009912669 -0.02087372 7.25143e-4 0.01014721 -0.02100747 9.216e-4 0.01024764 -0.02111232 0.001047015 0.01028174 -0.02119123 -8.22961e-4 0.006962954 -0.01947247 -3.88555e-4 0.006962835 -0.0183798 3.0452e-4 0.008650243 -0.018507 9.12629e-4 0.009570538 -0.01862055 0.001340806 0.009964704 -0.01870036 0.001653313 0.01014518 -0.01875889 0.001798152 0.01019662 -0.01878625 -9.26204e-4 0.007463514 -0.02001208 0.004153668 -2.36433e-4 -0.01920378 0.001928567 -4.08165e-4 -0.01881116 0.001148641 -4.78074e-4 -0.02126187 0.00169146 -4.74683e-4 -0.02156746 0.002235651 -4.3303e-4 -0.02174264 0.002784371 -3.64985e-4 -0.02183037 0.002739369 -4.00141e-4 -0.02077186 0.001824378 -4.72222e-4 -0.02121794 -8.12829e-4 0.0028494 -0.01496171 -4.62398e-4 0.001976966 -0.01469129 1.00173e-4 0.001173138 -0.0143392 8.66286e-4 4.54154e-4 -0.01394706 0.001621007 -1.00485e-5 -0.01362669 0.002369523 -2.67644e-4 -0.0133624 -3.5394e-4 0.002849757 -0.01618736 -2.38843e-4 0.002849817 -0.01702189 -2.61284e-4 0.002849757 -0.01769775 -3.88555e-4 0.002849698 -0.0183798 0.001928567 -4.08165e-4 -0.01881116 0.001745462 -3.67968e-4 -0.01877623 0.001538872 -2.76926e-4 -0.01873737 0.001321613 -1.38101e-4 -0.01869678 0.001031339 1.14796e-4 -0.01864266 7.2179e-4 4.79057e-4 -0.01858496 1.42306e-6 0.001826226 -0.01845043 0.002287328 -3.08318e-4 -0.01594215 0.002038717 -1.83417e-4 -0.01448863 0.00168097 -3.12934e-5 -0.01458126 0.001260638 2.23089e-4 -0.01470297 4.62078e-4 0.001018285 -0.01531964 0.001799643 -2.74959e-4 -0.01773935 0.001655995 -2.00664e-4 -0.01770848 0.001490294 -9.58955e-5 -0.01767432 5.94541e-4 9.23271e-4 -0.0160526 6.96845e-4 7.79897e-4 -0.0170499 0.001826822 -1.20016e-4 -0.01520782 0.001416027 8.8322e-5 -0.01597529 -3.88555e-4 0.002849698 -0.0183798 -6.53468e-4 0.002849638 -0.01912599 -0.001007139 0.002849519 -0.01979583 -0.001375854 0.0028494 -0.02036422 -8.12829e-4 0.0028494 -0.01496171 -3.5394e-4 0.002849757 -0.01618736 -2.38843e-4 0.002849817 -0.01702189 -2.61284e-4 0.002849757 -0.01769775 -8.12821e-4 0.006963133 -0.01496171 -0.001014947 0.005769193 -0.0151363 -0.001042366 0.004471719 -0.01515996 -9.68449e-4 0.003626942 -0.01509606 -3.5394e-4 0.006962835 -0.01618736 -2.38843e-4 0.006962776 -0.01702189 -2.61284e-4 0.006962776 -0.01769775 -3.88555e-4 0.006962835 -0.0183798 -0.001375854 0.006963133 -0.02036422 -8.22961e-4 0.006962954 -0.01947247 -0.001650929 0.00404334 -0.02035564 -0.001688241 0.005340814 -0.02035444 -0.001587569 0.00618565 -0.0203576 -6.40497e-4 0.004184901 -0.01821637 -7.33033e-4 0.004906296 -0.01843869 -5.36792e-4 0.004184901 -0.01756244 -6.52894e-4 0.004906296 -0.01811552 -5.96352e-4 0.004906296 -0.01778978 -5.63897e-4 0.004906296 -0.01746559 -5.95152e-4 0.005627632 -0.01799851 -5.55202e-4 0.004906296 -0.01714682 -5.23798e-4 0.005627632 -0.01734656 0.004153668 0.01004904 -0.01920378 0.002784371 0.01017755 -0.02183037 0.002052962 0.01026308 -0.02169615 0.001601874 0.0102908 -0.02152693 0.001148641 0.01029068 -0.02126187 0.001928567 0.01022076 -0.01881116 0.002369523 0.01008021 -0.0133624 0.002254664 0.01013219 -0.01632678 0.001928567 0.01022076 -0.01881116 -3.88555e-4 0.006962835 -0.0183798 3.0452e-4 0.008650243 -0.018507 9.12629e-4 0.009570538 -0.01862055 0.001340806 0.009964704 -0.01870036 0.001653313 0.01014518 -0.01875889 0.001798152 0.01019662 -0.01878625 -8.12821e-4 0.006963133 -0.01496171 -3.5394e-4 0.006962835 -0.01618736 -2.38843e-4 0.006962776 -0.01702189 -2.61284e-4 0.006962776 -0.01769775 0.00160861 0.009816706 -0.01363152 8.43115e-4 0.009340763 -0.01395785 1.72213e-4 0.008720755 -0.01429879 -3.48397e-4 0.008031547 -0.01461368 -6.18994e-4 0.007515966 -0.01480513 0.002032339 0.009997546 -0.01463836 0.001672267 0.009841561 -0.01472485 0.001310825 0.009622931 -0.0148217 4.93623e-4 0.008822262 -0.01539355 0.001793563 0.0100975 -0.01787453 0.001580476 0.009982287 -0.01782649 6.00077e-4 0.008889734 -0.01619201 0.001221418 0.009708821 -0.01775008 5.5591e-4 0.008817493 -0.01712018 0.001408696 0.009732007 -0.01622575</float_array>
          <technique_common>
            <accessor source="#pinky_intermediate-mesh-positions-array" count="6637" stride="3">
              <param name="X" type="float"/>
              <param name="Y" type="float"/>
              <param name="Z" type="float"/>
            </accessor>
          </technique_common>
        </source>
        <source id="pinky_intermediate-mesh-normals">
          <float_array id="pinky_intermediate-mesh-normals-array" count="19326">0.05944693 -0.9981564 0.01224184 -4.2446e-5 -1 -4.35812e-6 0.1761617 -0.9834228 0.04297381 0.1177552 -0.992627 0.02873009 0.05889123 -0.9981591 0.01449728 -9.00961e-6 -1 -3.77418e-6 -2.0016e-5 -1 -3.00584e-6 2.27019e-5 -1 3.61353e-7 0.004773199 0.9996569 0.0257579 0.004830658 0.9996562 0.02577215 0.164524 0.9860278 0.02609938 0.2266005 0.9736377 0.02611732 0.3167151 0.9481732 0.02567392 0.4369933 0.8991271 0.02464413 0.4723142 0.8810851 0.0246669 0.6254433 0.7799427 0.02258855 0.6172902 0.786404 0.02284073 0.7830087 0.6217143 0.01920634 0.7987301 0.6013959 0.01879012 0.9016698 0.432162 0.01508533 0.8978157 0.4401133 0.01508027 0.9646793 0.2632063 0.01079308 0.9749563 0.2221841 0.009720265 0.9999912 -5.59717e-4 0.004174709 0.9999911 7.30459e-4 0.004170417 0.8865842 0 0.4625673 0.9715157 0 0.2369753 0.971527 0 0.2369287 0.8865842 0 0.4625673 0.7501223 0 0.6612992 0.7501224 0 0.6612991 0.5700629 0 0.8216012 0.570063 0 0.821601 0.3568812 0 0.9341499 0.3568814 0 0.9341497 0.1229546 0 0.9924123 0.1229548 0 0.9924123 -0.1181223 0 0.9929991 -0.1181223 0 0.9929991 -0.3523274 0 0.9358769 -0.3523276 0 0.9358768 -0.5660598 -1.2036e-4 0.8243642 -0.727774 -1.23661e-5 0.6858171 -0.7469032 -3.63211e-5 0.6649328 -0.7247352 -4.76744e-6 0.6890276 -0.735367 1.17952e-5 0.6776692 -0.7517733 1.79815e-6 0.6594218 -0.7753106 1.34879e-6 0.6315803 -0.8056637 -9.46503e-6 0.5923733 -0.5660735 -4.51587e-6 0.8243548 -0.7247597 3.38204e-6 0.6890018 -0.8375639 1.45701e-5 0.5463393 -0.8843274 -1.79885e-5 0.4668673 -0.7286706 -3.11444e-5 0.6848644 -0.8686753 8.37876e-6 0.495382 -0.7469039 2.97017e-5 0.6649321 -0.7384768 -5.3955e-6 0.6742789 -0.7537282 5.44242e-7 0.6571863 -0.7731232 -2.61096e-6 0.6342561 -0.7946909 -1.20499e-5 0.6070145 -0.8175185 1.20453e-5 0.5759025 -0.9328164 5.59905e-5 0.3603521 -0.9703676 -3.39397e-5 0.2416337 -0.9767369 -7.16001e-6 0.2144415 -0.9999971 -3.57511e-6 0.002431094 -0.8843291 -4.30271e-7 0.4668641 -0.8407277 1.97105e-5 0.5414583 -0.8548912 6.57747e-7 0.5188074 -0.8686906 1.45985e-6 0.495355 -0.9328089 -1.9741e-4 0.3603712 -0.999909 1.16603e-5 -0.01349425 -0.9715226 -6.29155e-6 -0.2369471 -0.9703676 3.39616e-5 0.2416337 -0.9767367 1.28383e-6 0.2144422 -0.9715284 -1.58894e-6 -0.2369231 -0.9999971 3.56161e-6 0.002431035 -0.999909 -1.17966e-5 -0.01349431 -0.9715226 6.27351e-6 -0.2369471 -0.9715285 1.59326e-6 -0.2369232 0.00472635 -0.9996574 0.02574717 0.004729449 -0.9996573 0.02574652 0.004717469 -0.9996575 0.0257436 0.00472939 -0.9996575 0.02574205 0.00472939 -0.9996573 0.02574717 0.00472939 -0.9996575 0.02574104 0.00472939 -0.9996574 0.02574759 0.00472939 -0.9996574 0.02574461 0.00472939 -0.9996573 0.02574676 0.00472939 -0.9996575 0.0257436 0.00472933 -0.9996573 0.02574706 0.004729449 -0.9996573 0.02574789 0.004729509 -0.9996575 0.02574402 0.004729509 -0.9996573 0.02574676 0.004729449 -0.9996574 0.02574622 0.00472927 0.9996575 0.02574461 0.00472927 0.9996573 0.02574861 0.004729449 0.9996575 0.02574473 0.00472933 0.9996573 0.02574688 0.00472933 0.9996575 0.02574449 0.00472933 0.9996574 0.02574622 0.00472933 0.9996573 0.02574878 0.00472927 0.9996573 0.02574706 0.00472933 0.9996575 0.02574509 0.00472933 0.9996574 0.02574461 0.00472933 0.9996573 0.0257501 0.00472927 0.9996574 0.02574461 0.004732787 0.9996574 0.0257439 0.004730165 0.9996574 0.02574491 0.00472927 0.9996573 0.02574557 -0.2750623 0.02620321 0.9610693 -0.3397407 0.02619332 0.9401543 -0.3758194 0.02619254 0.9263227 -0.3043572 0.02620387 0.9521975 -0.2874387 0.0262041 0.9574405 -0.271552 0.02620583 0.962067 -0.4598302 0.02617776 0.8876209 -0.568875 0.02621269 0.8220063 -0.6263506 0.02620393 0.7791011 -0.7346622 0.02620548 0.6779268 -0.7681713 0.02619373 0.6397083 -0.8649111 0.02620315 0.5012407 -0.879609 0.02618867 0.4749762 -0.9534854 0.02617889 0.3003005 -0.9561577 0.02626508 0.2916724 -0.9704703 0.02619159 0.2397949 -0.9562042 0.02644973 0.2915032 -0.9778131 0.02618855 0.2078357 -0.9960472 0.02619731 0.08487546 -0.9831901 0.02618861 0.1806972 -0.9869534 0.0262171 0.1588575 -0.9897232 0.02622854 0.1405708 -0.9920235 0.02620148 -0.1233005 -0.9905466 0.02619773 -0.134652 -0.9930214 0.02618867 -0.1149901 -0.9934108 0.02616202 -0.1115823 -0.9915855 0.02621656 0.126771 -0.9985489 0.02624624 0.04702502 -0.9930956 0.0262202 0.1143401 -0.9930851 0.02623432 0.1144282 -0.9929802 0.02616375 0.115351 -0.9926849 0.02621132 0.117855 -0.9994468 0.02618259 -0.02051454 -0.9957795 0.0261895 -0.08796155 0.9996512 0.0261833 0.003463923 0.9996513 0.02617758 0.003466725 0.9996513 0.02617919 0.003468513 0.9996555 0.02601778 0.003477752 0.9996513 0.02617675 0.003471016 0.9996514 0.02617275 0.003491878 0.9996517 0.02616566 0.00345546 0.9996513 0.02617615 0.003471732 -0.9186563 -1.64072e-5 -0.3950577 -0.9715214 -1.45305e-5 -0.2369517 -0.9715215 -4.6849e-6 -0.2369517 -0.8865891 -2.02348e-5 -0.462558 -0.8397091 -1.1775e-4 -0.5430366 -0.7501515 -5.73928e-6 -0.6612661 -0.9186978 1.29836e-5 -0.3949611 -0.9715214 4.68693e-6 -0.2369519 -0.9715215 1.45603e-5 -0.2369516 -0.7378629 -4.96791e-6 -0.6749507 -0.7378537 4.73096e-7 -0.6749608 -0.5700729 -3.47313e-6 -0.8215941 -0.8865885 2.02786e-5 -0.4625589 -0.8397098 -2.10966e-5 -0.5430356 -0.5600292 -5.45239e-5 -0.828473 -0.7378634 7.26886e-6 -0.6749502 -0.7378545 -4.67175e-7 -0.6749598 -0.3568754 -9.70033e-5 -0.9341521 -0.7501516 5.90319e-6 -0.661266 -0.3509545 3.78097e-4 -0.9363926 -0.122948 5.379e-5 -0.9924131 -0.5700724 3.42401e-6 -0.8215945 -0.5600089 -3.37829e-5 -0.8284866 -0.1231884 -2.1874e-6 -0.9923834 -0.3568074 1.74144e-4 -0.9341781 -0.3509544 -3.78097e-4 -0.9363926 0.1117212 3.64917e-5 -0.9937397 0.1181469 -6.28025e-5 -0.9929962 -0.1229484 -5.3799e-5 -0.9924131 -0.1231878 2.18738e-6 -0.9923835 0.3404807 8.62174e-5 -0.9402515 0.3522877 -4.52781e-5 -0.9358919 0.1117215 -3.63708e-5 -0.9937396 0.1181473 6.2965e-5 -0.9929961 0.5505024 1.4612e-5 -0.8348336 0.5660545 -1.29414e-5 -0.8243679 0.3404805 -8.61995e-5 -0.9402517 0.3522874 4.52716e-5 -0.9358919 0.730077 -8.59739e-6 -0.683365 0.7469013 -3.70629e-5 -0.6649349 0.5504945 -5.94569e-5 -0.8348388 0.8117958 -2.55306e-5 -0.5839415 0.7300897 7.92556e-7 -0.6833513 0.8843293 -2.15452e-5 -0.4668636 0.5660548 1.29612e-5 -0.8243678 0.7301065 -8.41927e-6 -0.6833333 0.8799747 5.38246e-7 -0.4750206 0.9095376 4.67151e-6 -0.4156218 0.8117728 2.26486e-7 -0.5839735 0.7300891 -7.94229e-7 -0.683352 0.7469094 -7.31321e-6 -0.6649259 0.9344437 7.55396e-6 -0.3561112 0.9703653 4.3083e-6 -0.2416431 0.9526608 -4.33531e-7 -0.3040351 0.9671794 6.17001e-7 -0.2540945 0.9814631 -8.62777e-6 -0.1916512 0.8843291 2.15517e-5 -0.4668641 0.8799734 -1.13199e-4 -0.4750228 0.9344384 3.78676e-6 -0.3561251 0.9095123 1.01069e-5 -0.4156772 0.988539 0 -0.1509656 0.9999971 -6.09737e-6 -0.002423226 0.9957543 -2.007e-7 -0.09205192 0.9984627 -7.48236e-6 -0.05542856 0.9990848 1.71034e-6 -0.0427739 0.971516 -5.95301e-6 0.236974 0.9703653 -4.30364e-6 -0.2416428 0.9885391 0 -0.1509656 0.9814444 8.40938e-6 -0.1917472 0.9671915 -1.16555e-6 -0.2540487 0.9526317 -1.32653e-5 -0.3041267 0.9999971 6.26419e-6 -0.002423167 0.9990849 -1.76951e-6 -0.04277205 0.9984627 3.01423e-6 -0.05542832 0.9957499 -3.29362e-6 -0.09209966 0.9715232 4.97233e-6 0.2369449 0.004730105 -0.9996573 0.02574712 0.004729926 -0.9996574 0.02574616 0.004729688 -0.9996574 0.02574563 0 1 9.02892e-7 0 1 7.2816e-7 0 1 -3.18842e-7 0 1 0 0 1 -7.14078e-7 0 1 5.83633e-6 0 1 6.70112e-7 -4.94162e-7 1 -5.84997e-7 -4.98603e-7 1 2.34368e-6 -4.03064e-7 1 1.91762e-6 -4.9777e-7 1 -2.18157e-6 -4.53251e-7 1 1.18151e-6 -5.60514e-7 1 0 -3.96518e-7 1 1.06222e-6 -3.46852e-7 1 0 0 1 9.6442e-7 0 1 -9.64918e-7 0 1 -6.96172e-7 1.1967e-6 1 2.17088e-6 -2.23504e-7 1 1.30046e-6 -5.51327e-7 1 0 0 1 -6.94208e-7 0 1 1.38271e-6 0 1 -9.31192e-7 0 1 9.31979e-7 0 1 -1.08005e-6 -3.43148e-7 1 -2.48862e-6 0 1 -5.38404e-7 -3.42586e-7 1 0 -3.89525e-7 1 0 -2.34202e-7 1 2.84023e-7 0 1 -4.61975e-7 -1.57245e-6 1 1.07596e-6 -1.03512e-6 1 -1.96414e-7 0 1 -5.44536e-7 0 1 -2.13649e-6 0 1 2.55244e-7 0 1 5.38785e-7 0 1 -7.399e-7 0 1 -5.14577e-7 0 1 2.81174e-7 0 1 7.48527e-7 0 1 -2.78921e-7 0 1 -1.35282e-6 0 1 1.1798e-6 0.007133483 0 0.9999746 0.007121384 3.15589e-5 0.9999747 0.007121384 -3.15588e-5 0.9999747 0 -1 0 0 -1 -5.41189e-7 7.08781e-7 -1 2.20541e-6 0 -1 0 0 -1 -7.42145e-7 2.17756e-7 -1 -5.96351e-7 0 -1 0 1.19537e-7 -1 -3.86799e-7 0 -1 1.96539e-7 0 -1 -3.00857e-7 0 -1 6.79951e-7 0 -1 -1.0172e-5 0 -1 4.55141e-6 1.56159e-7 -1 6.25195e-7 0 -1 -1.44724e-7 0 -1 0 0 -1 -3.28009e-5 0 -1 -9.08416e-6 0.005742609 0 0.9999836 0.005741059 7.44405e-6 0.9999836 0.005658209 -3.76223e-5 0.999984 0.005047082 -3.06124e-4 0.9999873 0.005047082 -3.06154e-4 0.9999873 0.005047082 -3.06143e-4 0.9999873 0.00647509 1.72703e-4 0.9999791 0.00647509 1.72685e-4 0.9999791 0.006666839 1.72719e-4 0.9999778 0.005122184 -9.7339e-5 0.9999869 0.006265521 1.64089e-4 0.9999804 0.00557971 1.26542e-4 0.9999845 0.00470376 8.77507e-5 0.999989 0.006128013 1.16515e-4 0.9999813 0.004620671 0.001116156 0.9999887 0.004653632 0.001078844 0.9999887 0.004653692 0.001078844 0.9999887 0.004523873 -0.003283679 0.9999844 0.004524648 -0.003283739 0.9999844 0.004626929 -0.003251075 0.9999841 0.005700886 -6.53051e-6 0.9999839 0.005909562 -2.23822e-4 0.9999826 0.005798161 2.47955e-4 0.9999833 0.005798041 2.47951e-4 0.9999832 0.005798041 2.47954e-4 0.9999832 0.005602061 2.50092e-4 0.9999843 0.005291581 2.97885e-4 0.999986 0.005433022 2.51375e-4 0.9999852 0.005703687 5.29663e-5 0.9999838 0.006551444 -0.001098752 0.999978 0.006551206 -0.00109893 0.999978 0.006550967 -0.001099109 0.999978 0.006215393 -4.16535e-4 0.9999806 0.006215453 -4.1655e-4 0.9999806 0.006316721 -3.81754e-4 0.99998 0.005737543 -3.19034e-5 0.9999836 0.005738317 0 0.9999836 0.9996507 0.02620184 0.003471493 0.9996507 0.02620303 0.003472864 0.9853982 0.02780312 0.1679801 0.9686664 0.02817773 0.246762 0.9448142 0.02849489 0.3263654 0.8792231 0.02849376 0.4755576 0.8367561 0.0282225 0.5468481 0.7898147 0.02767097 0.612721 0.6786163 0.02618521 0.7340261 0.6782661 0.02694636 0.7343221 0.00472939 -0.9996572 0.02575629 0.005647361 -0.9871722 0.1595596 0.004733622 -0.9996573 0.0257501 0.00599116 -0.9768295 0.2139348 0.00649333 -0.9557441 0.2941278 0.006976842 -0.9186182 0.395085 0.007129251 -0.8513091 0.5246163 0.007044017 -0.9114747 0.411296 0.007907032 -0.8039016 0.5947099 0.008096396 -0.746909 0.664877 0.008433938 -0.6458182 0.7634448 0.008377909 -0.457917 0.8889555 0.008385241 -0.653905 0.7565304 0.008419275 -0.4523203 0.8918159 0.007959723 -0.2359837 0.9717244 0.008018016 -0.23317 0.972403 0.008450269 -4.24236e-5 0.9999644 0.007159888 -2.71946e-5 0.9999744 -7.45058e-7 1 6.37397e-5 1.84625e-5 1 5.17406e-5 -0.9534955 0.02612632 0.3002728 2.40803e-5 1 1.13398e-5 -0.8648905 0.02611905 0.5012806 -8.03173e-6 1 -3.40343e-5 -0.7346689 0.02612614 0.6779226 -0.3644893 0.2442867 0.8985943 -0.5690085 0.02624237 0.8219128 -0.3757898 0.02625972 0.9263328 -0.3355548 0.4506235 0.8272493 -0.2903711 0.6351022 0.7157723 -0.2310329 0.7888053 0.56957 -0.1606104 0.9041643 0.3958426 -0.08226412 0.9757639 0.2027747 6.24657e-5 1 -1.88053e-5 -0.8907614 0.436534 -0.1264208 -0.9617416 0.2375406 -0.1364822 -0.9905424 0.02617228 -0.1346878 -0.8901956 0.4363408 -0.1309909 -0.7760348 0.6210145 -0.1100496 -0.7752957 0.6206733 -0.1169673 -0.6149611 0.7836878 -0.08750164 -0.6136053 0.7839273 -0.09458673 -0.4315874 0.8999893 -0.06125104 -0.4306485 0.8999493 -0.06806671 -0.2166717 0.9757616 -0.03070306 2.864e-5 1 6.10575e-6 5.31636e-5 1 3.01376e-6 -0.08345282 0.9964081 -0.01437801 -0.1319022 0.9910127 -0.02226442 -0.3235602 0.9447734 -0.05207705 -0.21545 0.9758694 -0.0355004 -0.7829775 0.620757 0.04008841 -0.9960413 0.02629554 0.08491325 -0.6200719 0.7839008 0.03178811 -0.4354225 0.8999506 0.02228033 -0.218594 0.9757511 0.01124793 -0.9678168 0.2377652 0.08245277 -0.8964771 0.4364681 0.07631915 -0.7812004 0.6207199 0.06658011 -0.6186077 0.7839317 0.05268383 -0.4342901 0.9000124 0.03701376 -0.2180679 0.9757573 0.01855337 -0.7538973 0.6207565 0.2151749 -0.5971007 0.7838557 0.1704148 -0.4191813 0.8999776 0.1196981 -0.2104532 0.975748 0.06021106 -0.686083 0.6208248 0.3792979 -0.5433345 0.7839298 0.3004027 -0.3815316 0.8999625 0.2109534 -0.1916309 0.9757307 0.1059592 -0.6694242 0.4364736 0.601134 -0.5832194 0.6207935 0.5238996 -0.4620649 0.7838169 0.4148822 -0.3241708 0.9000105 0.2913664 -0.1628628 0.9757385 0.1463223 -0.5170527 0.4364328 0.7363308 -0.4507239 0.6207463 0.6414998 -0.3569697 0.7837983 0.508166 -0.2503679 0.9 0.3568134 -0.1256021 0.9757918 0.1790383 0.9696709 0.2443913 0.003360033 0.9996472 0.02633386 0.003472685 0.9996558 0.02601242 0.003425896 0.9696983 0.2442823 0.003366291 0.8926767 0.4506873 0.003099381 0.8927347 0.450572 0.00310564 0.7724655 0.6350512 0.002687692 0.7724524 0.6350671 0.002687394 0.614698 0.7887597 0.002138376 0.6147097 0.7887507 0.002138912 0.4271492 0.9041801 0.001486003 0.4271135 0.9041968 0.001483976 0.218872 0.9757534 7.60754e-4 0.2188167 0.9757657 7.58398e-4 -3.8153e-5 1 -1.60354e-5 6.05136e-5 1 -1.39695e-5 0.7899125 0.02774846 0.6125915 0.6383195 0.6438916 0.4218435 0.8790634 0.02849888 0.4758525 0.6782768 0.02628445 0.7343363 0.603257 0.796904 0.03201723 0.9696856 0.2443304 0.00357449 0.9996486 0.02627253 0.003540754 0.8927949 0.4504535 0.003001153 0.7724039 0.6351265 0.002571284 0.614746 0.7887225 0.002064049 0.5081761 0.8608335 0.02688676 4.64618e-5 1 1.70618e-6 -1.54261e-5 1 -9.46969e-6 0.4271569 0.9041765 0.001404821 0.2188317 0.9757624 6.72713e-4 0.6863855 0.7168952 0.1222134 1.38283e-5 1 -1.45473e-5 0.9685701 0.02820014 0.2471369 0.679399 0.7170129 0.1559152 0.6648554 0.7171131 0.2090845 -3.15905e-6 1 2.82526e-5 0.6340099 0.7171845 0.2892714 -0.6370002 0.08743911 0.7658885 -0.8300387 0.07647645 0.5524376 -0.6790047 0.08600217 0.7290791 -0.4910933 0.09080696 0.866361 -0.501322 0.09049052 0.8605161 -0.3700452 0.0911529 0.9245312 -0.2768079 0.09083628 0.9566224 -0.2449886 0.09004169 0.9653358 -0.1251925 0.08776861 0.9882427 -0.0476433 0.085828 0.9951702 0.4320597 0.06035286 0.8998233 -0.3873983 0.09099429 0.9174109 0.3112168 0.06769251 0.947925 0.7708355 0.02618521 0.6364958 0.7707129 0.02640277 0.6366353 -0.8957207 0.06901538 0.4392282 -0.9934123 0.02635377 -0.1115242 -0.9916867 0.04576915 0.1202613 -0.9362969 0.06268936 0.3455696 0.3090324 0.06868064 0.9485684 -0.8935007 0.06850451 0.4438059 -0.995808 0.02635794 -0.08758819 0.3095793 0.06812375 0.9484302 -0.1933702 0.08747351 0.9772187 -0.3820821 0.08918404 0.919815 -0.08040475 0.08490037 0.9931401 0.07076555 0.07993417 0.9942851 0.1998676 0.07396584 0.9770272 0.3898661 0.06287312 0.9187228 -0.8890762 0.06736439 0.4527756 -0.3858671 0.09048354 0.9181064 -0.3853628 0.09024327 0.9183418 -0.3391772 0.090222 0.9363861 -0.5671132 0.08669048 0.8190649 -0.5005784 0.08814567 0.861192 -0.3800998 0.08893257 0.9206601 -0.02453207 0.08253735 0.996286 0.3090109 0.06860148 0.9485812 -0.02903902 0.08439141 0.9960095 -0.5483846 0.08876776 0.8315015 0.3300362 0.06719475 0.9415737 -0.5419253 0.08683812 0.8359283 -0.4544493 0.08804547 0.8864107 -0.5728859 0.08613431 0.8150967 -0.3189415 0.08796447 0.9436835 -0.1821051 0.08648413 0.9794684 -0.9277627 0.06122893 0.3681132 -0.9803857 0.04862886 0.1909956 -0.927134 0.0612908 0.3696839 -0.3737089 0.09033393 0.9231368 -0.6487762 0.08335208 0.7564006 -0.5865581 0.08543616 0.8053883 -0.616305 0.08471173 0.7829381 -0.7884644 0.07609903 0.6103547 -0.5971266 0.08532971 0.7975956 -0.3766168 0.08820819 0.92216 -0.09857296 0.08429253 0.9915534 -0.07809466 0.08388203 0.9934109 0.1662229 0.07496601 0.9832345 0.4150381 0.06023263 0.9078081 0.6081708 0.04459661 0.7925525 -0.9920403 0.02622807 -0.1231592 -0.9905725 0.0259968 -0.1345003 -0.9826666 0.1772744 0.05422389 -0.430712 0.48123 0.7634821 -0.7980121 0.4407774 0.4109647 -0.6379791 0.5344073 0.5544291 -0.9916566 0.04646384 0.1202432 -0.9934114 0.02612918 -0.1115849 -0.9930316 0.02619582 -0.1148999 -0.4910047 0.1032868 0.8650124 -0.6787995 0.09523844 0.7281214 -0.1128392 0.2533117 0.9607812 -0.2762123 0.104504 0.9553982 -0.04710996 0.09878563 0.9939931 -0.8729904 0.2998031 0.3847152 -0.9171763 0.3183649 0.2396488 -0.8628309 0.2717816 0.4262132 -0.2295623 0.3677675 0.9011372 -0.8272549 0.242011 0.5070308 -0.8282128 0.2068555 0.5208401 -0.9361106 0.06580257 0.3454954 -0.8299316 0.08223861 0.5517702 -0.686366 0.6079455 0.3991292 -0.6325263 0.5365926 0.5585508 -0.7981415 0.440052 0.4114903 -0.9616635 0.2370843 -0.1378204 -0.9826815 0.1771923 0.0542221 -0.9905484 0.0264756 -0.1345843 -0.9171637 0.3177425 0.2405216 -0.889899 0.4363352 -0.1330099 -0.7765896 0.6189639 -0.1174409 -0.445028 0.7551643 0.4813286 -0.6121817 0.785133 -0.09380733 -0.1943459 0.8353424 0.5142303 -0.4310842 0.899789 -0.06742656 0.04814916 0.8770273 0.4780219 -0.320825 0.9457393 -0.05146527 0.1987347 0.8837737 0.423614 -0.2148713 0.9760855 -0.03297656 0.1821893 0.9556389 0.2314334 0.3315985 0.8777804 0.3457514 0.02552753 0.9939196 0.1071088 -0.1318687 0.9910185 -0.02220839 0.2511965 0.9329466 0.2578975 0.404449 0.8325315 0.3785662 0.3299185 0.8776184 0.3477643 0.1813446 0.9555777 0.2323473 0.08585822 0.9884705 0.124718 0.02529317 0.9939193 0.1071676 -0.0834971 0.9964038 -0.01442134 -0.1318 0.9910267 -0.02224504 0.4089239 0.8440542 0.3469204 0.5222851 0.7285853 0.4431499 0.4041507 0.8328003 0.3782936 0.2509953 0.9330549 0.2577013 0.2809364 0.929658 0.2383501 0.08574563 0.9884825 0.1246998 0.1429839 0.9822517 0.1213969 -0.08348697 0.9964046 -0.01442354 1.25535e-4 1 -3.82513e-5 -4.47351e-5 1 1.26943e-4 1.82417e-4 1 4.9144e-5 0.1030856 0.02609062 0.9943302 0.2809014 0.9296339 0.2384855 0.1429725 0.982261 0.121336 0.6791957 0.4140011 0.60605 0.5447638 0.6977303 0.4651935 0.4089671 0.843889 0.3472714 0.5219228 0.7289302 0.4430094 0.01225024 0.9822623 0.1871113 -5.96046e-7 1 2.11759e-7 -0.02964997 0.9757446 0.2168951 0.02376991 0.9296544 0.3676652 -0.05793374 0.9041553 0.4232577 0.03471529 0.8440293 0.5351726 -0.08326882 0.7888393 0.6089326 0.04427242 0.7284382 0.6836795 -0.1046045 0.6351659 0.7652596 0.05762165 0.450706 0.8908109 -0.1209177 0.4507194 0.8844382 0.06268107 0.2443478 0.9676597 -0.1354475 0.02638947 0.990433 -0.1313918 0.2444074 0.9607296 0.04919576 0.9822576 0.1809694 0.09661144 0.9296653 0.3555119 0.1405497 0.8440356 0.5175421 0.1796549 0.7284995 0.6610694 0.2340326 0.4507028 0.8614498 0.2542151 0.244363 0.9357678 0.3357667 0.02585768 0.9415902 0.2300773 0.7284203 0.6453437 -1.87643e-5 1 -6.67348e-5 0.2998151 0.4507799 0.8407785 0.3256485 0.2443258 0.9133773 0.08430415 0.9822538 0.1675419 0.1656221 0.9296081 0.3292387 0.2408518 0.8440177 0.4791916 0.3078364 0.7284497 0.6120439 0.4010895 0.450491 0.7976121 0.4356962 0.2440822 0.8663676 0.5492192 0.02602887 0.8352729 0.3763698 0.7285068 0.5723842 2.86326e-5 1 -4.24534e-5 0.4905176 0.4506373 0.7458677 0.5327538 0.2442514 0.810256 0.1160401 0.9822477 0.1473917 0.2278352 0.929641 0.2895839 0.3315674 0.8440384 0.4215 0.4235367 0.7285507 0.5383592 0.5519464 0.4508231 0.7015082 0.599574 0.2442591 0.7621342 0.7315693 0.02604407 0.6812695 0.501389 0.7284001 0.4669502 -7.32541e-5 1 -1.02125e-4 0.6531936 0.4508872 0.6083082 0.7096247 0.2445055 0.6607948 -0.1999112 0.860427 0.4687225 -3.99426e-5 1 -2.1521e-5 -0.09472548 0.9757766 0.1971984 -0.1848901 0.9041701 0.3850874 -0.2661095 0.7887531 0.5541248 -5.49033e-4 0.999999 0.001338958 -0.2374274 0.7962124 0.5564837 -0.2741641 0.7156612 0.6423885 -0.4326205 0.02584707 0.9012057 -0.3025904 0.02624458 0.9527594 -0.3343003 0.6351815 0.696267 -0.3863303 0.4508821 0.8046455 -0.419658 0.2441989 0.8742163 -0.2285689 0.7157312 0.659913 -8.67814e-4 0.9999948 0.003100872 -0.200046 0.7150121 0.66988 -0.1709786 0.7149981 0.6778969 -0.2194537 0.02626252 0.9752694 -0.1239572 0.716215 0.6867829 -1.0648e-4 1 4.72665e-5 -0.0297001 0.9757176 0.2170096 -0.05769824 0.9041142 0.4233773 -0.08304464 0.7887482 0.6090813 -0.104377 0.6351223 0.7653269 -0.1387862 0.6249599 0.768221 -0.1503977 0.5313673 0.8336842 -0.1351017 0.02629894 0.9904827 -0.1207096 0.4506536 0.8845003 -0.1310736 0.2443766 0.9607808 -0.4800904 0.02604728 0.8768322 -0.4890944 0.2443361 0.8373092 -0.5043059 0.02630335 0.8631244 -0.09439641 0.9757696 0.1973903 2.87443e-5 1 -3.25665e-5 -2.00011e-5 1 3.32147e-5 -0.1052115 0.9757297 0.1920478 0.001371264 0.9999988 8.09692e-4 -0.1104102 0.9757381 0.189063 1.87531e-5 1 -1.96397e-5 -0.2050682 0.9042453 0.3745496 -0.2154331 0.9041858 0.3688314 -0.2953346 0.7886322 0.5392929 -0.3099568 0.7887855 0.5307958 -0.3710322 0.635029 0.6775494 -0.3895006 0.6351026 0.6670337 -0.4288172 0.4504272 0.7830908 -0.450164 0.4507472 0.7708303 -0.09977638 0.9757551 0.1947991 -0.1842123 0.9041492 0.3854608 -0.4657371 0.2441145 0.8505864 -0.1947537 0.9041788 0.3801734 -0.2651286 0.7886983 0.5546728 -0.2801985 0.788738 0.5471574 -0.3330367 0.6349956 0.6970418 -0.3521457 0.6350335 0.6875507 -0.3848114 0.4508159 0.8054101 -0.4071422 0.4500904 0.7947666 -0.4180697 0.2442331 0.8749673 -0.4421266 0.2440984 0.8630992 -0.4557631 0.02614647 0.8897171 -0.4309313 0.02581673 0.9020155 -1.73524e-5 1 3.08827e-5 2.40952e-5 1 -1.19659e-5 -0.1523977 0.975772 0.1569846 -0.5041988 0.02614271 0.8631918 -0.4890189 0.2443853 0.8373389 -0.572134 0.02636379 0.8197364 -0.1393429 0.9757329 0.1689048 -0.2719568 0.9041416 0.3294958 -0.2974472 0.9042322 0.3064136 -0.3913171 0.788715 0.4741305 -0.4281699 0.7887615 0.441051 -0.4916463 0.6351132 0.5957477 -0.5380444 0.6351015 0.5542151 -0.5682412 0.4506188 0.6885091 -0.6218683 0.4506364 0.6404739 -0.6172897 0.2441034 0.7479084 -0.6963309 0.02639907 0.7172354 -0.6363134 0.02626067 0.7709837 -0.6754353 0.2443377 0.6957631 -0.1253173 0.9757409 0.179514 7.08885e-5 1 -1.63689e-5 3.29316e-6 1 -3.52711e-5 -0.1104813 0.9757329 0.1890479 -0.2443873 0.9042472 0.3501597 -0.2154892 0.9041393 0.3689129 -0.3518773 0.7885999 0.5042744 -0.310003 0.7887954 0.5307542 -0.4420927 0.6350899 0.6334152 -0.3895657 0.6350982 0.6669999 -0.5108935 0.4506898 0.7320291 -0.4502581 0.450733 0.7707837 -0.5549331 0.2442936 0.7952169 -0.001680195 0.9999977 0.001386225 -2.94778e-5 1 -3.44766e-5 -0.1878916 0.9757466 0.1123186 -0.3667559 0.9041376 0.2191473 -0.78249 0.02617239 0.622113 -0.7665016 0.4504653 0.4577733 -0.8324983 0.2441591 0.4973258 -0.8582052 0.02650684 0.512622 -0.1521602 0.9757338 0.1574513 4.78998e-5 1 5.48139e-5 -0.2970058 0.9041185 0.3071762 -0.6740943 0.2441363 0.697133 -0.6206777 0.4503973 0.6417956 -0.6949229 0.02620488 0.7186067 -0.5469259 0.7154025 0.4348234 -0.5276885 0.7888064 0.3151658 -0.6630827 0.6352425 0.3959653 -0.4272145 0.7888191 0.4418733 -0.5369648 0.6351436 0.5552129 -0.7692319 0.02630561 0.638428 -0.8286757 0.2442295 0.5036354 -0.7629815 0.4503614 0.4637174 -0.8542681 0.02698379 0.5191319 -4.1306e-5 1 1.56015e-5 -0.1870149 0.9757746 0.1135318 2.22027e-6 1 -5.87404e-5 -0.3649207 0.9042737 0.2216351 -0.5349161 0.2543617 0.8057077 -0.5529997 0.02620041 0.8327694 -0.6687164 0.02623093 0.7430548 -0.4885262 0.4686527 0.7360073 6.19404e-5 1 -5.12898e-5 -0.1522685 0.9612616 0.2297616 -2.72691e-6 1 -9.11951e-6 -0.5368228 0.7164181 0.4456079 -0.5252361 0.7888638 0.3190938 -0.6601275 0.6350867 0.4011193 -0.5031011 0.7164042 0.4833779 -0.4665498 0.7163923 0.5187613 -0.2884942 0.8528995 0.4351249 -0.4035044 0.6836127 0.6081594 0.1371682 0.7162961 0.6841818 -2.7962e-5 1 8.80957e-5 2.3067e-5 1 2.95043e-6 0.163846 0.8609787 0.4815291 5.10029e-5 1 -6.95288e-5 0.08403003 0.9759331 0.2012302 0.1643223 0.9045302 0.393476 0.2365785 0.7892096 0.5667264 0.1947462 0.7967344 0.5720912 0.2248935 0.7161228 0.6607504 0.38491 0.02647554 0.9225743 0.1697003 0.02620869 0.9851472 0.2974691 0.6355383 0.7124628 0.343949 0.450846 0.8236729 0.3734309 0.244506 0.8948554 0.08871829 0.7162224 0.6922098 0.003629922 0.7163081 0.6977748 -0.07077407 0.02620488 0.9971482 -3.22671e-5 1 1.64032e-4 -0.04050785 0.7163067 0.6966088 -0.08230119 0.7164108 0.6928074 -7.69049e-5 1 2.71201e-4 -0.1435295 0.7166155 0.6825405 -0.2452203 0.02633094 0.9691098 -0.218856 0.7158063 0.6631165 -0.4437763 0.02619254 0.8957548 -5.04479e-4 0.9999991 0.001236617 -0.2848333 0.716052 0.6372907 -0.3457761 0.7164487 0.605921 3.36766e-5 1 1.85668e-5 -0.1442686 0.9612449 0.2349362 -0.2731428 0.8528582 0.445001 -0.3817897 0.6835503 0.6220897 -0.3962622 0.6005496 0.6944901 -0.462101 0.4686324 0.752892 -0.4332782 0.4851727 0.7595245 -0.5229709 0.02638864 0.851942 -0.5059084 0.2545501 0.8241729 0.08548164 0.9757596 0.2014601 1.25123e-5 1 1.17929e-5 0.1209854 0.9757739 0.1822847 1.11982e-5 1 -1.21236e-4 0.1668605 0.9041237 0.3933421 0.2359403 0.9043227 0.3557144 0.2399652 0.7887377 0.5659589 0.3396279 0.7889024 0.5121387 0.3015914 0.6350634 0.711152 0.4269192 0.6352026 0.6436285 0.348636 0.4504342 0.8219258 0.4933922 0.4507637 0.7438927 0.3786695 0.244118 0.8927574 0.5359552 0.2445183 0.8080613 0.3903629 0.02631425 0.920285 0.5526228 0.02689635 0.8329975 0.6383665 0.643864 0.4218145 0.6435155 0.02626717 0.7649824 0.6010314 0.02019518 0.7989704 -0.4732533 0.4119823 -0.7786539 0 0 -1 0.5522559 0.4733811 0.686239 0.4933132 0.4504148 0.7441564 0.4265276 0.6350803 0.6440088 0.5360143 0.244158 0.8081309 0.55261 0.02621978 0.8330275 0.5304145 0.5587316 0.6375575 0.5009893 0.6435825 0.578629 -6.52671e-6 1 2.04444e-5 0.1206129 0.9757477 0.1826717 0.2355012 0.9042139 0.3562816 0.3392539 0.7888435 0.512477 0.5258905 -0.6897547 0.4976723 0.6632358 -0.1972108 0.72196 0.6785429 0.02641624 0.7340857 0.6144552 -0.4108716 0.6735202 0.5344293 -0.6042212 0.5910178 0.4274951 -0.7669503 0.4785763 0.8369854 0.02823191 0.5464966 0.4564787 -0.7756868 0.4358179 0.004693746 -0.9996579 0.02572929 0.3853128 -0.8445387 0.3718718 0.2994027 -0.8905101 0.3425637 0.1560326 -0.9695161 0.1889246 0.004683136 -0.9996582 0.02572369 0.5813199 -0.6903498 0.430679 0.613925 -0.6906303 0.3822641 0.004800021 -0.9996553 0.02581173 0.654911 -0.6914333 0.304978 0.944678 0.02850294 0.3267586 0.005531311 -0.9996485 0.02593028 0.6861711 -0.6922044 0.2236568 0.7012898 -0.6930322 0.1670302 0.9854171 0.027736 0.1678808 0.8609039 -0.5011655 0.08762317 0.9997962 0.01959121 0.004868328 0.9998906 0.01435911 0.003551185 0.9999731 0.006966829 0.002307772 0.9999702 -0.006446301 0.004249155 0.9750959 -0.2215678 0.009779572 0.9014437 -0.4326394 0.01491659 0.7829549 -0.6217797 0.01927638 0.7962487 -0.5990391 0.0845009 0.7145364 -0.6950259 0.07985401 0.6254689 -0.7799188 0.02270174 0.4368995 -0.8991641 0.02495622 0.2265296 -0.9736562 0.02603703 0.004787743 -0.9996571 0.02574646 0.9749566 -0.2221826 0.009721815 0.9999911 -7.3161e-4 0.004170298 0.9999912 5.59713e-4 0.004174649 0.9646803 -0.263214 0.01050734 0.9015638 -0.4323977 0.01466602 0.8978145 -0.440119 0.01498401 0.798734 -0.601391 0.01878875 0.7830086 -0.6217144 0.0192058 0.6173347 -0.7863721 0.02273792 0.6254433 -0.7799427 0.02258819 0.4723141 -0.8810849 0.02467972 0.4369934 -0.8991271 0.02464389 0.3167082 -0.9481756 0.02567344 0.2266009 -0.9736375 0.02611696 0.1645095 -0.9860302 0.02609926 0.004773199 -0.9996569 0.02575755 0.004816114 -0.9996563 0.02577245 -0.2339706 -0.9672491 0.0984233 0.004664242 -0.9996568 0.02577871 0.004694342 -0.9996565 0.02578717 -0.4766237 -0.862542 0.1698564 -0.6707319 -0.7068222 0.2247692 -0.4229186 -0.8969337 0.1290345 -0.2147823 -0.973424 0.07946288 -0.8272632 -0.4945386 0.2665841 -0.7642913 -0.6110996 0.2059519 -0.609434 -0.773988 0.1718512 -0.9254195 -0.2444788 0.2895324 -0.9496604 -0.2003578 0.240836 -0.8798847 -0.4162042 0.2292969 -0.9562239 0.02556085 0.2915176 -0.9704921 0.02534127 0.2397978 -0.5931299 -0.7699964 0.2351649 -0.949635 -0.2004956 0.2408214 -0.9704598 0.02600312 0.2398577 -0.8797243 -0.4165143 0.229349 -0.7642453 -0.6111853 0.2058684 -0.6094691 -0.7739625 0.1718419 -0.9777899 0.02631139 0.2079297 -0.4985657 -0.8381878 0.2210735 -0.4230316 -0.8968865 0.1289929 -0.2146973 -0.9734488 0.07938796 0.00467813 -0.9996581 0.02573043 0.006289958 -0.9768362 0.2138961 -0.6796722 -0.6603682 0.3193112 -0.6759122 -0.6362455 0.3719336 -0.9831967 0.02617937 0.1806622 0.006954908 -0.9186162 0.3950897 -0.672201 -0.6006335 0.4328804 -0.6694094 -0.5582362 0.4901669 -0.9869217 0.02608466 0.1590765 0.008329689 -0.8040571 0.5944938 -0.6675952 -0.5148035 0.5378608 -0.6661869 -0.4599798 0.587038 -0.9895723 0.02638095 0.1416006 0.008739471 -0.6442182 0.7647919 -0.6648213 -0.4043966 0.6280732 -0.6641159 -0.3390902 0.6663093 -0.9913473 0.02553045 0.1287582 0.009238302 -0.4511481 0.8924014 -0.6633029 -0.2777508 0.6948984 -0.6630377 -0.2063015 0.7195977 -0.9925771 0.0251618 0.1189863 0.008664786 -0.2357277 0.9717805 -0.6631415 -0.1387961 0.7355128 -0.6632138 -0.1017802 0.7414771 -0.9929755 0.02519184 0.1156076 0.007218658 2.15601e-5 0.999974 -0.7568379 -0.01341253 0.6534652 -0.9931057 0.02606248 0.1142893 -0.9361071 0.02455198 0.3508571 -0.8235234 0.02179223 0.5668637 -0.6623622 0.01777338 0.748973 -0.4623836 0.01243782 0.8865929 -0.234417 0.006545305 0.9721142 -0.9407107 0.0246424 0.3383139 -0.9360637 0.02455413 0.350973 -0.9930949 0.02623152 0.1143445 -0.9930782 0.0262053 0.1144951 -0.838411 0.02192676 0.5445975 -0.8235884 0.02179288 0.5667693 -0.692035 0.01832473 0.7216314 -0.6624183 0.01764005 0.7489265 -0.5090376 0.01364213 0.8606362 -0.4619592 0.01244813 0.8868139 -0.3061399 0.008033514 0.9519527 -0.2341053 0.006329536 0.9721906 -0.3008278 0.007887542 0.9536459 -0.2735499 0.007575333 0.961828 -0.2734294 0.007437169 0.9618633 -0.2634392 0.007026255 0.9646504 -0.2431912 0.006603598 0.969956 -0.2160084 0.006139576 0.9763723 -0.1875742 0.005115091 0.9822371 -0.1481532 0.004087328 0.988956 0.007169663 1.11428e-5 0.9999744 -0.07144099 0.002159655 0.9974425 0.006394565 -3.54578e-6 0.9999796 -0.9960471 -0.0261982 0.08487552 -0.9934101 -0.02618104 -0.111584 -0.9930191 -0.02622187 -0.1150019 -0.9920244 -0.026192 -0.123295 -0.9905458 -0.02613633 -0.1346697 -0.9994467 -0.02618318 -0.02051556 -0.9957795 -0.02618956 -0.08796155 -0.9897236 -0.02622175 0.1405691 -0.9869534 -0.0262171 0.1588577 -0.9831901 -0.02618831 0.1806973 -0.9915862 -0.02620863 0.1267675 -0.9778132 -0.02618837 0.2078357 -0.9534854 -0.02617889 0.3003005 -0.9926859 -0.02619642 0.1178501 -0.9985489 -0.02624619 0.0470249 -0.9929888 -0.02608883 0.1152943 -0.9930858 -0.02621567 0.1144267 -0.9704703 -0.02619159 0.2397949 -0.9930961 -0.02620607 0.11434 -0.9562 -0.02627468 0.2915325 -0.9562028 -0.02648788 0.2915041 -0.8796088 -0.02618747 0.4749765 -0.8649106 -0.02620309 0.5012416 -0.7681713 -0.0261932 0.6397085 -0.7346615 -0.02620536 0.6779276 -0.6263505 -0.02620357 0.7791011 -0.5688747 -0.02621269 0.8220065 -0.4598263 -0.02618277 0.8876228 -0.3756781 -0.02618658 0.9263803 -0.3540943 -0.0261873 0.934843 -0.2751687 -0.02620536 0.9610388 -0.3008509 -0.02621024 0.953311 -0.2714613 -0.02620321 0.9620926 -0.3325483 -0.02621638 0.9427217 0.9996555 -0.02601754 0.003477752 0.9996511 -0.02618348 0.003463923 0.9996513 -0.02617919 0.003468513 0.9996514 -0.02617651 0.003464579 0.9996513 -0.02617728 0.003471732 0.9996515 -0.02617168 0.003476202 0.999651 -0.02618759 0.003499984 0.9996511 -0.02618455 0.003485381 0.9996517 -0.02617925 0.003372669 0.004729568 0.9996573 0.02574712 0.004729688 0.9996574 0.02574616 0.004729449 0.9996575 0.02574384 0 -1 0 0 -1 -6.77169e-7 0 -1 5.4612e-7 3.62765e-7 -1 -7.70536e-7 0 -1 -9.67163e-7 -3.55154e-7 -1 0 0 -1 0 1.74315e-7 -1 0 9.68469e-7 -1 0 0 -1 -1.13998e-6 1.34465e-7 -1 -1.61808e-7 1.4049e-7 -1 9.73283e-7 0 -1 0 0 -1 0 0 -1 0 0 -1 0 0 -1 0 0 -1 0 0 -1 0 2.30981e-7 -1 0 0 -1 0 0 -1 0 0 -1 0 0 -1 0 0 -1 0 0 -1 0 0 -1 6.22155e-7 0 -1 -5.89901e-7 0 -1 -3.25114e-7 2.75663e-7 -1 0 1.73426e-7 -1 0 0 -1 -3.01446e-7 1.98259e-7 -1 0 2.80257e-7 -1 0 2.47081e-7 -1 0 2.45156e-7 -1 0 2.57732e-7 -1 -8.47169e-7 5.14974e-7 -1 0 1.24442e-7 -1 1.36348e-7 4.43534e-7 -1 1.10007e-6 0 -1 0 -2.99175e-7 -1 -2.7136e-7 0 -1 -4.79405e-7 0 -1 -2.70013e-7 0 -1 2.76542e-6 0 -1 0 0 -1 0 0 -1 1.34696e-7 0 -1 0 3.93112e-7 -1 0 0 -1 0 3.13126e-7 -1 -5.40109e-7 1.93312e-7 -1 0 2.5878e-7 -1 -1.4731e-7 0 -1 3.92363e-7 0 1 2.30837e-7 0 1 0 -1.86605e-7 1 1.49088e-7 0 1 0 0 1 1.72695e-7 0 1 3.27694e-5 0 1 0 0 1 -3.71073e-7 0 1 -9.83478e-6 -1.77184e-7 1 -1.50428e-7 0 1 1.28e-7 -3.59343e-7 1 0 0 1 0 0 1 0 0 1 0 0 1 -1.86757e-7 0 1 3.72041e-7 0 1 0 0 1 0 0.005742549 0 0.9999836 0.004904627 2.48796e-4 0.999988 0.004808008 2.50526e-4 0.9999885 0.004903197 2.61961e-4 0.999988 0.006485164 -1.72714e-4 0.999979 0.006005764 -1.72682e-4 0.9999819 0.005566954 -8.42734e-5 0.9999846 0.005652248 3.22997e-5 0.999984 0.005699515 1.10467e-5 0.9999839 0.004944562 -8.6313e-5 0.9999879 0.005121707 9.73305e-5 0.9999869 0.005741059 -7.44407e-6 0.9999836 0.005655407 3.76223e-5 0.999984 0.006137967 5.67852e-4 0.9999811 0.005033016 -5.52992e-4 0.9999872 0.004544556 -8.80152e-4 0.9999893 0.004528105 0.003283321 0.9999844 0.005780458 -2.47959e-4 0.9999833 0.005780398 -2.47952e-4 0.9999833 0.005780339 -2.47951e-4 0.9999833 0.005601406 -2.50064e-4 0.9999844 0.005292236 -2.97889e-4 0.999986 0.005704343 -5.29723e-5 0.9999838 0.005433678 -2.51382e-4 0.9999852 0.00624293 4.16549e-4 0.9999805 0.005925118 2.23915e-4 0.9999824 0.006733298 0.001665711 0.999976 0.006733775 0.001665413 0.999976 0.006733953 0.001665294 0.999976 0.005697906 6.50783e-6 0.9999839 0.005738437 0 0.9999836 0.005737543 3.19032e-5 0.9999836 0.789859 -0.02772784 0.6126615 0.6786163 -0.02618539 0.7340261 0.836756 -0.0282225 0.5468482 0.6782128 -0.02619397 0.7343986 0.8792232 -0.02849376 0.4755573 0.9448142 -0.02849501 0.3263652 0.9686664 -0.02817773 0.2467617 0.9853982 -0.02780336 0.1679804 0.9996507 -0.02620178 0.003471434 0.9996505 -0.02620697 0.003472864 0.008017301 0.2331703 0.9724029 0.007960021 0.2359827 0.9717248 0.007160544 -4.92483e-6 0.9999744 0.007159948 2.77094e-5 0.9999744 0.0084185 0.452322 0.8918151 0.008407711 0.4579194 0.8889539 0.008431494 0.6458184 0.7634446 0.008385241 0.6539055 0.7565298 0.008096277 0.7469101 0.6648758 0.007905662 0.8039001 0.5947118 0.007619619 0.8514932 0.5243104 0.006976544 0.9186174 0.3950868 0.007044076 0.9114755 0.411294 0.00649333 0.9557443 0.2941272 0.005976557 0.976839 0.2138922 0.005625545 0.9871493 0.159702 0.00472927 0.9996572 0.02575427 0.004733085 0.9996572 0.02575361 -0.7346624 -0.02636557 0.6779204 -2.79844e-5 -1 9.89437e-6 -0.5688955 -0.0263558 0.8219874 -0.8649173 -0.02610516 0.501235 6.55651e-7 -1 -3.81172e-5 -0.9534503 -0.02685075 0.3003525 -1.65403e-5 -1 1.78814e-5 -0.9960409 -0.02641695 0.08487993 3.09944e-5 -1 2.04295e-5 -0.5527189 -0.2378535 0.7987037 -0.3757877 -0.02628344 0.9263331 -0.3645079 -0.2442999 0.8985832 -0.5120714 -0.4363726 0.7398391 -0.3355929 -0.4505819 0.8272566 -0.4465432 -0.6205114 0.6446432 -0.2903456 -0.6351457 0.715744 -0.3531808 -0.7839541 0.5105676 -0.2310287 -0.7888088 0.569567 -0.2482408 -0.8999282 0.3584769 -0.1606106 -0.9041584 0.3958559 -0.1245967 -0.9757384 0.180029 3.13018e-6 -1 -7.01519e-6 -0.08231323 -0.9757583 0.2027817 -0.7138064 -0.2377963 0.6587364 -0.6612372 -0.4364532 0.6101425 -0.5763449 -0.6206046 0.5316734 -0.4563745 -0.7838646 0.4210447 -0.3203653 -0.8999924 0.2956006 -0.1608604 -0.9757547 0.1484147 -0.840464 -0.237636 0.4869799 -0.7784458 -0.436493 0.4511054 -0.6783164 -0.6207754 0.3930966 -0.5373204 -0.783834 0.3112735 -0.3772037 -0.8999854 0.2185031 -0.1894084 -0.9757484 0.1097248 -0.9264178 -0.2380691 0.291673 -0.8584002 -0.4360109 0.2702655 -0.74784 -0.6207268 0.2354437 -0.5920885 -0.7840052 0.1864596 -0.4157272 -0.9000224 0.1308836 -0.2087616 -0.975755 0.06573206 -0.967799 -0.2378109 0.08252948 -0.8964865 -0.4364361 0.07639026 -0.78121 -0.6207056 0.06660056 -0.6186543 -0.7838939 0.05270016 -0.4342606 -0.9000262 0.03702378 -0.2180598 -0.9757596 0.01852792 -2.80067e-5 -1 2.00421e-6 -0.7829966 -0.6207312 0.04011714 -0.9905517 -0.02621567 -0.1346119 -0.620105 -0.783874 0.03180223 -0.4354047 -0.899959 0.02228707 -0.2185884 -0.9757524 0.0112375 -0.9625042 -0.2376819 -0.1307412 -0.9617187 -0.2376223 -0.1365025 -0.8915771 -0.4363602 -0.1211611 -0.8901559 -0.4364356 -0.130945 -0.7768824 -0.620727 -0.1056026 -0.7752261 -0.6207678 -0.1169275 -0.6151966 -0.7839213 -0.08367025 -0.6137199 -0.7838365 -0.09459614 -0.4318879 -0.9000144 -0.05871218 -0.4306163 -0.8999665 -0.0680437 -0.3233309 -0.9448548 -0.05202585 -0.2155925 -0.9758383 -0.03549098 -0.1311347 -0.991123 -0.02188336 -0.08399528 -0.9963586 -0.01464271 -1.18371e-4 -1 -5.37755e-5 0.2188755 -0.9757525 7.58689e-4 5.58794e-6 -1 1.78698e-7 6.03248e-6 -1 1.67887e-6 0.2188209 -0.9757648 7.60654e-4 0.4271538 -0.9041778 0.001484215 0.4271107 -0.9041982 0.001485943 0.6146961 -0.7887613 0.002138972 0.614705 -0.7887542 0.002138674 0.7727724 -0.6346774 0.002742767 0.7724562 -0.6350624 0.002687513 0.8927358 -0.45057 0.003105938 0.8926751 -0.4506903 0.003099322 0.9697026 -0.2442656 0.003366529 0.9696661 -0.2444102 0.003359973 0.9996552 -0.02603632 0.003425121 0.9996479 -0.02631014 0.00347352 0.7899104 -0.02774792 0.6125941 0.8790624 -0.02849853 0.4758543 0.6383185 -0.643891 0.4218459 0.6782079 -0.02626937 0.7344005 0.5081369 -0.8608576 0.02685296 -2.22176e-5 -1 -7.32578e-6 4.33624e-5 -1 1.30758e-6 0.6147276 -0.7887367 0.002172231 0.4271566 -0.9041766 0.001416981 0.2188309 -0.9757626 6.82458e-4 0.6032729 -0.7968968 0.03189474 0.9996486 -0.02627199 0.003541409 0.9696853 -0.2443313 0.003576278 0.8928317 -0.4503806 0.003022849 0.7724065 -0.6351233 0.002567768 0.6863852 -0.7168961 0.1222107 1.26064e-5 -1 -1.67415e-5 0.9685705 -0.02820038 0.2471356 0.6793993 -0.7170127 0.1559146 0.6648556 -0.7171131 0.2090834 -2.25008e-6 -1 2.30968e-5 0.634011 -0.7171843 0.2892692 -0.1251984 -0.08776891 0.9882419 -0.04763865 -0.08582681 0.9951706 -0.2768016 -0.09083604 0.9566242 0.4320593 -0.0603522 0.8998235 -0.2449899 -0.09004175 0.9653354 -0.3700443 -0.09115368 0.9245314 -0.4910801 -0.09094625 0.866354 -0.5013319 -0.09047251 0.8605121 -0.6370341 -0.08732944 0.7658728 -0.6790055 -0.08600223 0.7290783 -0.8300392 -0.07647633 0.5524368 -0.3873975 -0.09099435 0.9174112 0.4129379 -0.06099015 0.9087148 0.7709059 -0.02639997 0.6364018 0.7708374 -0.02619826 0.636493 -0.8957206 -0.06901544 0.4392285 -0.9916869 -0.04576706 0.1202605 -0.9934125 -0.02635371 -0.1115218 -0.9362966 -0.06268978 0.3455703 0.3090431 -0.06878101 0.9485577 -0.8934903 -0.06850433 0.4438269 -0.9958059 -0.02651262 -0.08756613 0.375877 -0.0639224 0.9244623 0.3091054 -0.06826186 0.9485748 0.3093233 -0.06788146 0.9485311 0.1835364 -0.07477307 0.980165 0.05430972 -0.08050972 0.9952732 -0.08900529 -0.08516728 0.9923834 -0.2277908 -0.08798772 0.9697265 -0.3818222 -0.08924347 0.9199171 -0.889115 -0.06739324 0.4526949 -0.3858675 -0.09048396 0.9181062 -0.3472015 -0.09029096 0.9334338 -0.3851007 -0.09031701 0.9184445 -0.2434957 -0.08800888 0.9659008 -0.4368482 -0.08874416 0.895147 -0.812906 -0.07512706 0.5775291 0.05312663 -0.07980036 0.9953941 0.3090072 -0.06860065 0.9485824 -0.02908408 -0.08437043 0.99601 0.3263916 -0.0673995 0.9428286 -0.5484637 -0.08877372 0.8314487 -0.436482 -0.08828818 0.8953707 -0.1374278 -0.08553701 0.9868116 -0.2492787 -0.08750325 0.9644706 -0.3972326 -0.08832347 0.9134578 -0.8917471 -0.06660991 0.4476051 -0.9324811 -0.06026798 0.3561557 -0.8081029 -0.07488417 0.5842619 -0.9894091 -0.04464477 0.1381175 -0.3758022 -0.0903213 0.9222878 -0.4401361 -0.08806246 0.8936024 -0.8165069 -0.07430303 0.5725345 -0.4007741 -0.08804017 0.911937 -0.3799036 -0.08804214 0.9208267 -0.1341012 -0.08500897 0.9873148 -0.6254168 -0.08441817 0.775711 0.1064611 -0.07749623 0.9912924 0.5648434 -0.04871064 0.8237593 0.126442 -0.07659876 0.9890122 0.4013724 -0.06092488 0.9138864 0.1338713 -0.07589763 0.9880881 -0.4143801 -0.08798533 0.9058409 -0.4307133 -0.4812295 0.7634817 -0.6379709 -0.5344069 0.5544389 -0.7980098 -0.4407773 0.4109696 -0.9920402 -0.02622759 -0.1231606 -0.9826664 -0.1772757 0.05422353 -0.9905583 -0.02599406 -0.1346057 -0.2762076 -0.1045039 0.9553996 -0.04710906 -0.09878522 0.9939931 -0.112835 -0.2532764 0.960791 -0.4909993 -0.1031852 0.8650275 -0.6788633 -0.09519106 0.7280682 -0.9934085 -0.0261805 -0.1115989 -0.9916571 -0.04647874 0.1202329 -0.9930315 -0.02619588 -0.114901 -0.8729922 -0.2998027 0.3847118 -0.9171772 -0.318365 0.2396452 -0.8628315 -0.271782 0.4262118 -0.2295521 -0.3678369 0.9011115 -0.8272568 -0.2420139 0.5070261 -0.8282117 -0.2068622 0.5208392 -0.9361112 -0.06580215 0.3454939 -0.8299322 -0.08223718 0.5517695 -0.9616476 -0.2371593 -0.1378016 -0.9905503 -0.02647817 -0.1345703 -0.9826812 -0.1771899 0.05423581 -0.9171233 -0.3177955 0.2406052 -0.7981179 -0.4400596 0.4115281 -0.6863626 -0.6079462 0.3991339 -0.8898932 -0.4363752 -0.1329173 -0.7765566 -0.6190037 -0.1174494 -0.6325262 -0.5365926 0.5585507 -0.4449909 -0.7551971 0.4813113 -0.6121484 -0.7851626 -0.09377783 -0.1944211 -0.8353519 0.5141863 -0.4310508 -0.8998044 -0.06743544 0.04818421 -0.8770304 0.4780128 -0.3208335 -0.945736 -0.05147129 0.02554506 -0.9939156 0.1071412 -0.1318395 -0.9910217 -0.02223545 -0.2148931 -0.9760812 -0.03296554 0.1987305 -0.8837749 0.4236133 0.1821898 -0.9556377 0.231438 0.3315888 -0.8777792 0.3457638 -0.08345764 -0.9964069 -0.01442599 -0.1317788 -0.991029 -0.0222699 0.02528309 -0.9939091 0.1072639 0.08585846 -0.9884694 0.124727 0.1813603 -0.9556015 0.2322375 0.2511786 -0.9329544 0.2578867 0.3299014 -0.8776271 0.3477584 0.4043918 -0.8325116 0.3786709 0.1430303 -0.9822463 0.1213856 -2.5332e-7 -1 -5.04404e-6 -0.08347481 -0.9964054 -0.01443499 0.08578944 -0.9884858 0.1246445 0.2809629 -0.9296421 0.238381 0.250999 -0.9330567 0.2576912 0.4089345 -0.8440438 0.3469332 0.4041473 -0.832806 0.3782848 0.5223101 -0.7285802 0.4431288 0.3853582 0.8444806 0.3719566 0.4274734 0.76697 0.4785642 0.2994018 0.8905071 0.3425722 0.1560418 0.969514 0.1889275 0.004698157 0.9996582 0.02572309 0.004693329 0.999658 0.0257284 0.456371 0.7757981 0.4357326 0.5257764 0.6899353 0.4975425 0.6785463 -0.02641642 0.7340825 0.6632356 0.19721 0.7219604 0.614448 0.4108693 0.6735282 0.5344478 0.6042558 0.5909657 0.8369401 -0.02823537 0.546566 0.581319 0.690352 0.4306768 0.6139221 0.6906296 0.3822703 0.004799246 0.9996555 0.02580881 0.6549106 0.6914345 0.3049761 0.00552994 0.9996484 0.0259335 0.9446786 -0.028503 0.3267568 0.6861704 0.6922044 0.2236587 0.7012898 0.6930321 0.1670309 0.9854168 -0.02773505 0.1678823 0.7145292 0.695032 0.07986646 0.004794895 0.9996601 0.02563005 0.6254693 0.7799184 0.02270394 0.7829549 0.6217797 0.01927644 0.4368993 0.8991641 0.02495801 0.2265298 0.9736564 0.02602767 0.7962617 0.5990225 0.08449417 0.8609437 0.5011106 0.08754473 0.9750956 0.2215694 0.009780108 0.9999703 0.006445944 0.004234552 0.9014429 0.4326412 0.01491588 0.9998908 -0.01435697 0.00353223 0.9997966 -0.01958531 0.004809439 0.9999731 -0.006961822 0.002334356 -0.9562156 -0.02560973 0.2915405 -0.949662 0.2003595 0.2408281 -0.9704946 -0.0253424 0.2397878 -0.9254382 0.2444601 0.2894884 -0.8798848 0.4162058 0.2292936 -0.7642906 0.6110997 0.2059538 -0.8272712 0.4945267 0.2665815 -0.6094311 0.7739908 0.171849 -0.4229275 0.896937 0.1289821 -0.6707323 0.7068197 0.2247759 -0.2147816 0.9734246 0.07945847 0.004674553 0.999657 0.02577024 -0.4766275 0.8625394 0.169859 -0.2339785 0.967248 0.09841501 0.004702866 0.9996565 0.02578264 -0.4985646 0.8381893 0.2210702 -0.6094658 0.7739656 0.1718392 -0.4230317 0.8968867 0.1289907 -0.2146972 0.9734479 0.07940024 0.004685997 0.9996577 0.02574044 0.006288707 0.9768362 0.2138961 -0.5931289 0.7699915 0.2351834 -0.9704598 -0.02600389 0.2398579 -0.9496352 0.2004958 0.2408207 -0.879724 0.4165172 0.2293453 -0.7642455 0.6111852 0.2058675 -0.9777634 -0.02630102 0.2080556 -0.679673 0.6603679 0.3193101 -0.6759127 0.636246 0.3719315 0.006954669 0.9186168 0.3950887 -0.9831966 -0.02617937 0.1806632 -0.6723135 0.6005193 0.4328639 -0.6694093 0.5582373 0.4901658 0.008297979 0.8040108 0.594557 -0.9869216 -0.02608603 0.159077 -0.6675926 0.5148015 0.5378658 -0.6661866 0.4599826 0.5870361 0.008699119 0.6441888 0.7648171 -0.9895724 -0.02638101 0.1416002 -0.6648221 0.4043979 0.6280716 -0.6641154 0.3390876 0.666311 0.009247541 0.4510525 0.8924496 -0.9913471 -0.02553051 0.12876 -0.6633024 0.2777506 0.694899 -0.663037 0.2063014 0.7195984 0.008663594 0.2357281 0.9717804 -0.992577 -0.02516162 0.1189871 -0.6631396 0.1387966 0.7355145 -0.6632127 0.1017788 0.7414783 0.007220745 -1.59219e-5 0.999974 -0.9929721 -0.02528947 0.1156159 -0.7568374 0.01341122 0.6534656 -0.9361132 -0.02455323 0.3508406 -0.9931067 -0.0260322 0.1142867 -0.8235163 -0.02198278 0.5668668 -0.6623597 -0.01777499 0.7489752 -0.4623919 -0.01243895 0.8865885 -0.2344154 -0.006532907 0.9721146 -0.08718848 -0.002522945 0.9961887 -0.2340936 -0.006421089 0.972193 0.007203578 -1.22641e-5 0.9999741 0.008268356 -2.90647e-6 0.9999659 -0.1812672 -0.004986405 0.9834213 -0.2291828 -0.006219148 0.9733636 -0.2701877 -0.007373929 0.9627795 -0.2815304 -0.007663905 0.9595217 -0.3022616 -0.00815773 0.9531901 -0.3038372 -0.00832659 0.9526876 -0.4619559 -0.01231688 0.8868175 -0.5111459 -0.01358395 0.8593867 -0.66254 -0.0176413 0.7488188 -0.6932855 -0.01839655 0.7204282 -0.8236785 -0.02177524 0.5666389 -0.8390383 -0.02210503 0.5436232 -0.9361118 -0.02468901 0.350835 -0.9409409 -0.024634 0.3376736 -0.9931083 -0.02617645 0.11424 -0.993061 -0.02625381 0.1146327 0.1809939 -2.2944e-4 0.9834842 0.1809939 -2.2942e-4 0.9834842 0.180994 -2.2941e-4 0.9834843 0.1806705 2.62773e-6 0.9835437 0.1806645 2.18756e-6 0.9835448 0.1806941 2.14074e-4 0.9835394 0.1806701 0 0.9835438 0.1806482 0 0.9835479 0.1807245 -2.1411e-4 0.9835337 0.1806704 -2.62773e-6 0.9835438 0.1817531 0.001116394 0.9833436 0.1817531 0.001116514 0.9833436 0.181753 0.001116514 0.9833437 0.1806682 -2.18756e-6 0.9835442 0.004732608 -0.9996575 0.02574038 0.0440064 -0.9697099 0.2402629 0.004727721 -0.9996563 0.02578663 0.05000364 -0.9609052 0.2723252 0.08110612 -0.8927084 0.4432759 0.09137982 -0.862586 0.4975894 0.1149386 -0.7724213 0.6246235 0.1272709 -0.7098144 0.6927956 0.1420818 -0.6146676 0.7758843 0.1530481 -0.5309275 0.8334821 0.1629348 -0.427133 0.8893873 0.1698946 -0.340557 0.9247469 0.1759457 -0.2188462 0.9597653 0.1779342 -0.1736691 0.9685961 0.1804023 2.51979e-5 0.983593 0.1806972 -7.5154e-5 0.9835388 0.004286944 0.999656 0.02587544 0.02537029 0.9900684 0.1382781 0.004735291 0.999657 0.02575641 0.04382324 0.9696732 0.2404445 0.07649028 0.9059292 0.4164631 0.04551726 0.9677788 0.2476541 0.08111506 0.8927145 0.4432623 0.1049017 0.8143014 0.5708844 0.114339 0.7724184 0.6247372 0.1298881 0.6948981 0.7072805 0.1421182 0.6146457 0.775895 0.1509525 0.5493035 0.8218754 0.1630666 0.4271009 0.8893786 0.1669975 0.3813111 0.909238 0.176419 0.2187826 0.959693 0.1771214 0.1961945 0.9644355 0.1806966 -8.36477e-5 0.9835389 0.1806936 4.04531e-5 0.9835395 0.6280278 -5.99588e-5 0.778191 0.6283927 1.46873e-5 0.7778963 0.7704862 1.67912e-5 0.6374567 0.4612815 7.4117e-6 0.8872539 0.4589698 5.28805e-6 0.8884519 0.7715399 -2.41952e-5 0.6361809 0.8817601 -2.7888e-5 0.4716981 0.8836117 -2.31168e-5 0.4682205 0.4612817 -7.14976e-6 0.8872538 0.4589699 -4.97792e-6 0.8884518 0.6280237 9.98034e-6 0.7781943 0.6283935 -1.88704e-5 0.7778956 0.770454 -1.8439e-5 0.6374957 0.7715387 2.24109e-5 0.6361824 0.8817602 2.76752e-5 0.4716979 0.8836119 2.31345e-5 0.4682202 -0.2750865 0.02620458 0.9610624 -0.01705747 0.01819866 0.9996889 -0.2715271 0.02619522 0.9620743 -0.05260801 0.01933366 0.9984282 0.230968 0.009300708 0.9729169 0.173496 0.01140153 0.9847686 0.461296 -5.93066e-6 0.8872464 0.31959 0.005809843 0.9475381 0.4588222 -1.8822e-5 0.8885282 0.06148678 0.9827204 0.1745852 1.77957e-5 1 -1.73692e-5 -0.08220201 0.975744 0.2028959 -0.1605814 0.9041373 0.3959158 -0.2310386 0.7887901 0.569589 -0.1311777 0.2107502 0.9686986 -0.2873541 0.02698457 0.9574443 -0.2713586 0.02619582 0.9621218 0.01621156 0.3841329 0.9231355 -0.1739266 0.6468158 0.742549 -0.2902848 0.6351788 0.7157393 -0.3354495 0.4505952 0.8273075 -0.3645033 0.2442683 0.8985936 -0.375732 0.02622371 0.9263573 -0.3397567 0.02629965 0.9401456 -0.1395228 0.6131599 0.77754 0.1304872 0.9308841 0.3412157 -0.09334546 0.5598166 0.8233421 0.2148331 0.823588 0.5249284 -0.3039268 0.02669733 0.9523213 -0.05713492 0.5109923 0.8576844 -0.03550815 0.4783855 0.8774318 0.1625638 0.5368357 0.8278771 0.3002181 0.6605124 0.6881806 -0.008013844 0.0324018 0.9994428 -0.131334 0.2108568 0.9686541 -0.2714839 0.02621352 0.962086 0.0160095 0.3842236 0.9231013 0.3624757 0.4476994 0.8174207 0.1625794 0.536825 0.8278811 0.3003064 0.6604766 0.6881764 0.2505464 0.03373938 0.9675166 0.4085511 0.2119256 0.8877914 -0.04595458 -0.007457077 -0.9989157 0.2979685 0.5764846 -0.7608419 0.9996409 0.02656054 0.003580391 0.6523534 0.7038553 0.2811099 0.732612 0.593553 0.3331284 0.9996468 0.02634906 0.003475606 0.9089359 0.3200093 0.2672633 0.8056407 0.4499413 0.3853518 0.9744915 0.17679 0.1382448 0.9996466 0.02635097 0.003532528 0.8677232 0.4968391 0.01440727 0.9996499 0.02623516 0.00345391 0.9996488 0.02627891 0.003459215 0.7935441 0.6060227 0.0549941 0.286468 0.9542101 0.08613467 0.8239391 0.5613497 0.07753086 0.4896154 0.8522922 0.1840514 0.8599326 0.4981188 0.111327 0.5001949 0.8658818 0.007340788 2.57343e-5 1 4.49084e-6 0.8633276 0.504629 0.003883838 0.9696955 0.2442946 0.00331819 0.8927398 0.4505624 0.003032267 0.4857291 0.8741068 0.0021407 0.772521 0.6349838 0.002651214 0.6147578 0.7887132 0.002116203 0.4271045 0.904201 0.001511096 0.2188789 0.9757518 8.02293e-4 0.2866742 0.9542812 0.0846492 -1.71363e-6 1 1.75089e-6 0.4895393 0.852514 0.1832243 0.4515486 0.2037993 0.8686597 0.4281142 0.232468 0.8733138 0.4612674 -8.59126e-5 0.8872612 0.4119719 0.449926 0.7923672 0.3733105 0.4560317 0.8078827 0.1383513 0.9310674 0.3375983 0.1297862 0.9310764 0.3409581 0.2151612 0.8235805 0.5248054 0.07016164 0.982753 0.1710965 9.76026e-6 1 1.71959e-5 -2.224e-6 1 -1.56462e-7 0.06185436 0.9827427 0.1743302 0.346325 0.6605398 0.6661428 0.3003011 0.660504 0.6881524 0.2616363 0.8235892 0.5032369 0.1682636 0.9310736 0.3237118 0.08535772 0.9827433 0.1641033 0.6151673 0.2037959 0.7616013 0.6284008 -4.83617e-5 0.7778897 0.5612447 0.4498101 0.6947484 0.4717967 0.6605289 0.5840458 0.6787716 0.2036784 0.7055383 0.7704517 7.41333e-6 0.6374985 0.356413 0.823589 0.4412155 0.6191828 0.4498059 0.6436516 0.2292795 0.9310706 0.283793 0.116227 0.9827489 0.1438608 0 1 -1.56462e-7 0.5205222 0.6605341 0.5410651 0.3932155 0.8235632 0.4088096 0.7542956 0.2038055 0.6241006 0.2529202 0.9310766 0.2629214 0.6881105 0.4497889 0.5693802 0.1282894 0.9827376 0.1332995 0.5784806 0.660526 0.4786081 0.436991 0.823602 0.3615504 0.8188692 0.2036835 0.5366251 0.881768 9.75504e-5 0.4716835 0.2810816 0.9310917 0.2325108 0.7469996 0.4498434 0.4895227 0.1425002 0.9827461 0.1179147 -5.40167e-6 1 1.2219e-6 0.627984 0.6605083 0.4115397 0.8633053 0.2038139 0.4616971 0.872498 0.2038304 0.4440726 0.4744303 0.8235794 0.3108584 0.7875668 0.44978 0.4212321 0.8470851 0.3282814 0.4179455 0.8057463 0.4497826 0.3853161 0.3050854 0.9310919 0.1999772 0.1547276 0.9827418 0.1013807 0.6620342 0.6605893 0.3540233 0.7324667 0.5933793 0.3337569 0.5001447 0.8235807 0.2675261 0.3217092 0.9310791 0.1720318 0.1630674 0.9827522 0.08721941 0.5210422 0.823596 0.2240641 0.6523692 0.7040556 0.2805715 0.3350812 0.9311051 0.1440972 0.1699476 0.9827432 0.07303339 0.1774577 0.9827354 0.05234354 -2.51532e-5 1 -1.45584e-5 0.8490327 0.3270065 0.4149822 0.9089727 0.3198785 0.2672944 0.80566 0.4499282 0.3853268 0.9895955 0.02265363 0.1420832 0.9745205 0.1766631 0.1382027 0.999646 0.0263831 0.003472745 0.960294 0.01862156 0.2783678 0.8764079 0.1981105 0.4389322 -0.1126496 -0.007962048 -0.9936029 0.9898726 0.01919114 0.1406552 0.9996502 0.02622276 0.003443002 0.9996514 0.02617484 0.003468811 0.9619904 0.01190966 0.2728236 0.9862538 0.01778364 0.1642776 0.8818194 -9.4818e-6 0.4715875 0.8836539 6.2923e-5 0.4681409 0.9473761 0.008993864 0.3199967 0.9996497 -0.02623832 0.003488957 0.9619871 -0.01199531 0.2728314 0.9898719 -0.01916736 0.1406638 0.9996517 -0.02616345 0.003468632 0.9862503 -0.01793128 0.1642829 0.8818212 -2.52277e-5 0.4715841 0.9473727 -0.009111881 0.320003 0.8836551 -6.28862e-5 0.4681388 0.6322726 -0.7270095 0.2677475 0.9996513 -0.02617704 0.003476798 0.9996454 -0.02639162 0.003555178 0.7226924 -0.6093041 0.3262887 0.9996419 -0.02651947 0.003599822 0.9744889 -0.1768415 0.138197 0.9996363 -0.02674806 0.003469645 0.9089562 -0.319954 0.2672607 0.8056299 -0.4499897 0.3853181 0.7250251 -0.688641 0.01059752 0.6147747 -0.7886997 0.002233386 0.7724897 -0.6350217 0.00268948 0.8927212 -0.4505989 0.003099083 0.9696507 -0.2444716 0.003357231 0.9996411 -0.02656263 0.003494024 0.9996486 -0.0262804 0.003490686 0.6396551 -0.7685793 0.01129114 0.1744934 -0.9836664 0.04418712 -6.99719e-5 -1 -5.68479e-6 0.2188221 -0.9757646 7.81458e-4 0.4271776 -0.9041665 0.001567184 0.7792752 -0.6250782 0.04480576 0.3877329 -0.9125942 0.12975 0.8131505 -0.5779789 0.06875103 0.8586918 -0.5005022 0.1102086 0.9895718 -0.02228593 0.1423066 0.9745208 -0.1766628 0.1382013 0.9996463 -0.02636778 0.003479659 0.9089727 -0.3198394 0.2673416 0.8490057 -0.3267077 0.4152728 0.8057461 -0.4498226 0.3852698 0.9604439 -0.01830011 0.277872 0.8764632 -0.198324 0.4387251 -0.1127994 0.007022857 -0.9935929 0.02713799 0.03903561 -0.9988692 0.1624717 -0.5367641 0.8279416 0.2485846 -0.7671995 0.5912789 0.3005366 -0.6604901 0.688063 0.01601541 -0.384137 0.9231373 -0.2899851 -0.5133821 0.8076803 -0.354 -0.02625918 0.9348768 -0.3757746 -0.0261836 0.9263412 -0.3645356 -0.2442909 0.8985744 -0.3355149 -0.4507207 0.8272126 -0.2904169 -0.6351312 0.7157279 -0.1782522 -0.6506773 0.7381364 -0.3325709 -0.02627092 0.9427124 -0.1483312 -0.6221877 0.7686874 0.09241074 -0.9636323 0.2507453 -0.1016111 -0.5692825 0.8158386 0.1941918 -0.8531939 0.4840968 -0.3004016 -0.02708005 0.9534283 -0.06099551 -0.5162174 0.8542829 -0.03944605 -0.4842982 0.8740134 -0.1312125 -0.2107231 0.9686996 -0.2714559 -0.02615576 0.9620955 -0.1604682 -0.8730927 0.4603904 2.12714e-5 -1 1.85221e-5 -0.2310626 -0.7887719 0.5696043 -0.1605437 -0.904177 0.3958406 -0.08212482 -0.9757547 0.2028753 0.3878785 -0.9124361 0.1304254 0.1177623 -0.9926252 0.02876216 0.1761152 -0.9834309 0.04297947 0.05898952 -0.9981556 0.0143451 5.64754e-6 -1 -2.77236e-5 0.5901973 -0.7676138 0.2498725 0.6321371 -0.7271755 0.2676162 0.7226048 -0.6090015 0.3270467 0.7959423 -0.4497986 0.4051631 0.8724213 -0.2038316 0.4442226 0.8817589 3.97861e-6 0.4717004 0.8470316 -0.3284201 0.4179447 0.8057429 -0.4497907 0.385314 0.3768362 -0.912438 0.1595351 0.706843 -0.6090145 0.3598254 0.1670152 -0.9834173 0.07068532 1.44541e-6 -1 1.65775e-6 0.5710567 -0.767718 0.2906947 0.3647179 -0.9124297 0.1856151 0.1616238 -0.9834192 0.08224689 -1.64956e-5 -1 -1.03004e-5 0.7822029 -0.2038273 0.5887385 0.7704426 1.17123e-5 0.6375095 0.713603 -0.4497685 0.5371026 0.6337595 -0.6089703 0.4769741 0.5119988 -0.7676704 0.3854084 0.3270087 -0.9124156 0.2460958 0.144905 -0.9834176 0.1090521 0.5906627 -0.4497995 0.669924 0.628401 -1.49012e-7 0.7778897 0.5245667 -0.6090089 0.594927 0.4238073 -0.7677133 0.4806286 0.2706651 -0.9124176 0.3069767 0.1198834 -0.9834325 0.1359722 2.91318e-6 -1 1.01365e-5 0.4434305 -0.4498106 0.7752676 0.4612799 -3.22089e-5 0.8872548 0.4281216 -0.2323681 0.8733367 0.3939134 -0.6089999 0.6884412 0.3181651 -0.7676997 0.5562447 0.3931444 -0.4498215 0.801934 0.3732831 -0.4560059 0.8079099 0.2032362 -0.9124348 0.3551867 0.3490794 -0.6090109 0.7122145 0.3002837 -0.6604771 0.6881858 0.2820786 -0.7677037 0.5753805 0.2484109 -0.7677057 0.5906946 0.08997994 -0.9834249 0.1574138 -1.26921e-5 -1 -1.86264e-5 0.180167 -0.9124224 0.3674579 0.07979166 -0.9834182 0.1628557 0.1530523 -0.9124478 0.3794918 0.1950973 -0.8532172 0.4836916 0.09164929 -0.9638608 0.250146 0.06789427 -0.9834148 0.1681834 1.2666e-5 -1 1.24648e-5 0.3623744 -0.4477161 0.8174566 0.1625376 -0.5368137 0.8278964 0.3003491 -0.6604501 0.6881833 0.01608747 -0.3842054 0.9231076 -0.008082985 -0.03242766 0.9994415 -0.131126 -0.2108598 0.9686816 -0.2711805 -0.02620118 0.9621719 0.2506918 -0.0337044 0.96748 0.4086554 -0.2117697 0.8877807 0.06127136 -0.6376574 -0.7678796 0 0 -1 -0.01708561 -0.01819723 0.9996885 -0.1268364 -0.02169239 0.9916865 -0.2751339 -0.02619773 0.961049 -0.2714695 -0.02619487 0.9620906 0.2309445 -0.009306788 0.9729225 0.2481283 -0.008526444 0.9686897 0.02373194 -0.01668864 0.9995791 0.4613039 -1.07558e-5 0.8872422 0.4588132 -2.42796e-6 0.8885328 0.9088581 -0.04077786 0.4151075 0.9710071 -0.024194 0.2378233 0.9712295 -0.02241265 0.2370889 0.9712673 -0.02324175 0.2368538 0.971516 -6.41619e-6 0.2369745 0.9088669 0.04077953 0.4150879 0.9712626 0.02227669 0.2369655 0.9710801 0.02413833 0.2375308 0.9712523 0.02323132 0.2369161 0.6918613 -0.001593291 0.7220287 0.6924567 -0.01067107 0.7213806 0.8145513 -0.03370922 0.5791113 0.6919462 0.001587867 0.7219474 0.8145793 0.03373175 0.5790707 0.6925753 0.01067703 0.7212666 0.8663444 8.70985e-6 0.4994471 -0.9882376 0.05848509 -0.1413012 -0.9712386 0.02258586 -0.2370347 -0.9715124 5.39146e-6 -0.2369889 -0.9705973 0.04220622 -0.2369803 -0.969975 0.05565911 -0.2367503 -0.9882494 -0.05846822 -0.1412251 -0.9712548 -0.02257567 -0.2369692 -0.9706057 -0.04220789 -0.2369453 -0.9699581 -0.05566811 -0.2368173 -0.9973689 0.05636709 -0.04558813 -0.9973673 -0.05639195 -0.04559111 -0.9985069 0.0202375 0.05073964 -0.9969438 0.05953884 0.05057895 -0.9985215 -0.02024 0.05045223 -0.9969436 -0.05954545 0.05057531 0.7709867 0.02276432 0.6364442 0.7705742 0.03712779 0.6362681 0.7708157 0.02603226 0.6365261 0.7712516 0.009674012 0.636457 0.7713048 0.007436811 0.6364227 0.7709457 0.0107122 0.6368108 0.7712848 0.00955677 0.6364186 0.770936 -0.00248295 0.6369078 0.9997078 0.02391773 0.003536283 0.9996955 0.02442574 0.003489077 0.9999897 -0.001787185 0.004192411 0.9997456 0.02229237 0.003474354 0.999844 0.01722997 0.003899276 0.9999914 0 0.004141926 -0.07886159 -0.9960432 0.04097604 0.004610359 -0.9996585 0.02572137 0.00469923 -0.9996572 0.02576208 -0.1620129 -0.9852039 0.05590426 -0.2439421 -0.9672226 0.07051634 -0.1620673 0.9851899 0.05599182 0.004615366 0.9996583 0.02573019 -0.244016 0.9672043 0.07051253 -0.07891196 0.9960394 0.04097008 0.004701733 0.9996567 0.0257734 -0.3826726 0.05229139 -0.922403 -0.3827216 0.05234491 -0.9223797 -0.3826817 0.05228787 -0.9223995 -0.3827372 0.05236715 -0.922372 -0.3827474 0.05236136 -0.922368 -0.382716 0.05234223 -0.9223821 -0.3826423 0.05228328 -0.922416 -0.3827205 0.05234897 -0.9223799 -0.3827189 0.05235379 -0.9223803 -0.3826053 0.05231004 -0.9224299 -0.3826279 0.05231517 -0.9224202 -0.3826574 0.05233693 -0.9224067 -0.3827283 0.0523464 -0.9223768 -0.3827109 0.05230772 -0.9223862 -0.382655 0.0523492 -0.9224071 -0.3826981 0.05230498 -0.9223917 -0.3828047 0.05233436 -0.9223458 -0.3826585 0.0523411 -0.922406 -0.4438878 0.05231648 -0.8945538 -0.3827524 0.05232053 -0.9223683 -0.3827319 0.05230879 -0.9223775 -0.5444096 0.0522502 -0.8371907 -0.5421843 0.05221766 -0.8386356 -0.7212778 0.0522753 -0.6906704 -0.7177405 0.0522902 -0.6943446 -0.8358183 0.0522933 -0.5465102 -0.8646649 0.05228865 -0.4996205 -0.9165137 0.05230051 -0.3965697 -0.9606766 0.05229765 -0.2727007 -0.9663283 0.05228322 -0.2519446 -0.992223 0.05237269 -0.1129189 -0.9976649 0.05245298 -0.0437439 -0.9954657 0.05224198 0.07949197 -0.9939644 0.05232411 0.09642153 -0.9813082 0.0522378 0.1852174 -0.9813044 0.05223768 0.185238 -0.9950504 0.05223864 0.08453261 -0.9951158 0.0522179 0.08377283 -0.9813049 0.05222839 0.1852374 -0.9813082 0.05222856 0.18522 -0.9889447 0.05226141 -0.1387706 -0.9886991 0.0522744 -0.1405039 -0.9257314 0.05240422 -0.3745335 -0.9248595 0.05240958 -0.3766807 -0.8147041 0.05236744 -0.5775076 -0.8132188 0.05235463 -0.5795984 -0.7284011 0.05227839 -0.6831536 -0.7107494 0.05230081 -0.7014984 -0.6627063 0.0523827 -0.7470452 -0.6626975 0.05238938 -0.7470526 -0.3827469 -0.05232942 -0.92237 -0.3827735 -0.0523324 -0.9223588 -0.383036 -0.05198562 -0.9222695 -0.383036 -0.05198568 -0.9222695 -0.3830361 -0.05198568 -0.9222695 -0.3827347 -0.05234557 -0.9223743 -0.3826104 -0.05230933 -0.9224278 -0.3827345 -0.05233347 -0.922375 -0.3827362 -0.0523566 -0.922373 -0.3827593 -0.05236625 -0.9223628 -0.3827624 -0.05236709 -0.9223615 -0.3826426 -0.05228281 -0.922416 -0.3826642 -0.05226355 -0.9224081 -0.3827087 -0.05233508 -0.9223856 -0.3827129 -0.05233412 -0.9223839 -0.3827355 -0.05238437 -0.9223718 -0.3827229 -0.05238419 -0.922377 -0.382701 -0.05223047 -0.9223947 -0.3826624 -0.0528118 -0.9223776 -0.3826625 -0.05281186 -0.9223777 -0.3826729 -0.05244308 -0.9223943 -0.4438657 -0.05236768 -0.8945618 -0.3827559 -0.0523467 -0.9223654 -0.382754 -0.05235397 -0.9223656 -0.4439057 -0.05235844 -0.8945426 -0.5421413 -0.05225062 -0.8386614 -0.542193 -0.05222988 -0.8386291 -0.7212848 -0.05235832 -0.6906569 -0.7213792 -0.0523594 -0.6905581 -0.8646354 -0.05223083 -0.4996775 -0.8647782 -0.05222445 -0.4994311 -0.9606788 -0.05234187 -0.2726843 -0.9607655 -0.05234646 -0.2723779 -0.9976767 -0.05223846 -0.04373037 -0.9976838 -0.05223619 -0.04357057 -0.9939824 -0.05215615 0.09632652 -0.9939702 -0.05214613 0.0964573 -0.9813135 -0.05208694 0.1852322 -0.9813132 -0.05208736 0.185233 -0.9950545 -0.05219709 0.0845111 -0.9813158 -0.05208492 0.1852204 -0.9813131 -0.05208897 0.1852334 -0.9982519 -0.05229556 0.02754229 -0.9889518 -0.05210411 -0.1387788 -0.9786564 -0.05222636 -0.1987569 -0.9257709 -0.05241477 -0.3744342 -0.9139544 -0.0523256 -0.4024294 -0.8146758 -0.05264055 -0.5775227 -0.8135876 -0.05256736 -0.5790613 -0.7283802 -0.05236548 -0.6831693 -0.7194102 -0.05246466 -0.6926013 -0.6626414 -0.05260729 -0.747087 -0.6626865 -0.05261814 -0.7470462 -0.3827487 -0.05273431 -0.9223463 -0.3831837 -0.01808679 -0.9234952 -0.3831818 0.01988148 -0.9234589 -0.3827998 -0.05349618 -0.9222813 -0.3827905 0.05204612 -0.922368 -0.3827447 0.05724442 -0.922079 0.770903 0.02617782 0.6364145 0.7708922 0.02617585 0.6364278 0.7708774 0.02617335 0.6364457 0.6914729 0.0262143 0.7219267 0.7193177 0.02621853 0.6941863 0.7185634 0.02621185 0.6949674 0.6921495 0.02594161 0.7212878 0.7187454 0.02627837 0.6947767 0.6921878 0.02591925 0.721252 0.7170608 0.02633619 0.6965129 0.7152507 0.02619749 0.6983768 0.6884773 0.02620196 0.7247844 0.6824002 0.04481184 0.7296039 0.6827322 0.02621304 0.7301984 0.6817122 0.056912 0.7294036 0.7006726 0.0262022 0.7130017 0.7131043 0.02615928 0.7005698 0.7101217 0.02623116 0.7035902 0.7066403 0.02617698 0.7070886 0.7459317 0.02619969 0.665507 0.699737 0.02625072 0.7139182 0.7031273 0.02618622 0.7105817 0.6979901 0.02614444 0.7156301 0.6961782 0.02618575 0.7173913 0.7097004 0.02619755 0.7040165 0.7325037 0.0262053 0.6802585 0.6781942 0.02620619 0.7344154 0.6786233 0.02620655 0.7340189 0.6799471 0.02620005 0.732793 0.4095044 0.02576762 0.9119443 0.4229511 0.02587497 0.905783 0.3903572 0.02619236 0.9202908 0.5410925 0.02619469 0.8405551 0.5525528 0.02620172 0.8330661 0.6546559 0.02619862 0.755473 0.6019008 0.02618855 0.7981414 0.6797828 0.02619618 0.7329456 0.6435571 0.02620691 0.7649493 -0.6627883 0.05232959 -0.7469761 -0.6621324 0.05239337 -0.7475531 -0.6623126 0.05237478 -0.7473948 -0.6623126 0.05237466 -0.7473949 -0.6627259 0.05233234 -0.7470313 -0.6626915 0.05238837 -0.7470578 -0.6626974 0.05233532 -0.7470563 -0.6626985 0.05233895 -0.7470552 -0.6626914 0.05234915 -0.7470607 -0.6627053 0.05232471 -0.7470501 -0.662716 0.05232685 -0.7470405 -0.6626945 0.05231505 -0.7470604 -0.6627141 0.052289 -0.7470448 -0.6627138 0.05230778 -0.7470437 -0.6626737 0.05236005 -0.7470757 -0.6626974 0.0523408 -0.747056 -0.6626663 0.05236011 -0.7470822 -0.6626874 0.05231213 -0.747067 -0.6628358 0.05230379 -0.7469359 -0.9585602 0.2551883 0.1266545 -0.9404953 0.3198182 0.1148266 -0.942511 0.324009 0.08180093 -0.990065 0.1115971 0.08554124 -0.9817962 0.1117979 0.1535493 -0.8567274 0.5107319 0.07191103 -0.8625934 0.5001152 0.07627254 -0.8593262 0.5060573 0.07392251 -0.8667362 0.4924011 0.07943397 -0.8559353 0.5122587 0.07046788 -0.8744605 0.477843 0.08357512 -0.8817425 0.463424 0.08813881 -0.9425086 0.3240162 0.08179962 -0.915833 0.3875968 0.1049695 -0.8530561 0.5172864 0.06863123 -0.8522207 0.5186965 0.0683673 -0.9406418 0.3193891 0.1148196 -0.3080775 0.9486148 -0.07223933 -0.4062646 0.9122115 -0.05309838 -0.2709863 0.9597393 -0.07393985 -0.167803 0.9817208 -0.08981466 -0.1866365 0.978987 -0.08216714 -0.480714 0.8753958 -0.05095404 -0.5261476 0.8497678 -0.03261178 -0.6387683 0.7690573 -0.02293789 -0.6241961 0.7811915 -0.01092022 -0.9425122 0.3240075 0.08179241 -0.847539 0.5266233 0.06592184 -0.8419129 0.5358247 0.0638318 -0.8523074 0.5186128 0.06791883 -0.7553523 0.6552898 0.006191313 -0.7082452 0.7058238 0.01419436 -0.7719128 0.6346118 0.03766578 -0.8538475 0.519596 0.03105407 -0.8352907 0.5463641 0.06144684 -0.944484 0.3256042 0.04395389 0.2176858 0.9700245 -0.1080073 0.2996816 0.9470757 -0.1150597 0.1430419 0.9818199 -0.1247746 0.2629603 0.9578095 -0.1159867 0.1833093 0.9775683 -0.1037213 0.1586067 0.9822695 -0.09995269 0.130944 0.986987 -0.09332996 0.1032044 0.9911192 -0.08385521 0.02477282 0.9964796 -0.08009254 0.01330429 0.9928885 -0.1183027 0.03354912 0.9968261 -0.07219618 0.05320858 0.9960916 -0.07050162 0.04316061 0.9966003 -0.07017928 0.02760577 0.9994515 0.01829159 0.07389491 0.9900857 0.1194564 0.0331698 0.9954549 -0.08927094 -0.02168267 0.9937105 -0.10986 -0.06877887 0.9942362 -0.0822432 -0.1291531 0.9871929 -0.0936461 -0.09475249 0.9906611 -0.09804368 -0.1648432 0.98293 -0.0817033 -0.1676938 0.9817411 -0.08979552 -0.1868679 0.9789462 -0.08212715 0.05944079 0.9957299 -0.07063239 0.05061328 0.9959574 -0.07421159 0.2368792 0.9673199 -0.09044635 0.06518733 0.9957195 -0.06552374 0.06590747 0.9959138 -0.06174194 0.2006032 0.9737993 -0.1071134 0.1429767 0.9820217 -0.1232522 0.2996848 0.9470752 -0.1150554 0.266451 0.9586669 -0.09980857 0.1173236 0.987296 -0.1071538 0.09452015 0.9909779 -0.09502035 -0.01346743 0.9965476 -0.08192366 0.01695853 0.9966369 -0.08017081 0.1100398 0.9895024 -0.09368199 0.120902 0.9883667 -0.09227168 0.1292297 0.9874495 -0.0907917 0.03719645 0.9963068 -0.07738983 0.1320273 0.9893646 -0.06104391 0.06483614 0.9962269 -0.05769181 0.2051697 0.9763599 -0.0680207 0.06027227 0.9973317 -0.04119181 0.2997698 0.9470522 -0.1150228 0.262969 0.9578199 -0.1158812 0.4423083 0.8846691 -0.1473911 0.4734228 0.8742001 -0.1079124 0.07605665 0.9970743 0.007629454 0.250294 0.9574673 -0.1435599 0.6148446 0.7810459 -0.1092408 -0.8919185 0.3195405 0.3199614 0.6803153 0.7203319 -0.1352521 0.9385458 0.2997775 -0.1710711 0.8670546 0.4728917 -0.1568115 0.7369999 0.6627901 -0.1324409 0.6077533 0.786131 -0.1124013 0.5863867 0.8004367 -0.1243057 0.488207 0.867228 -0.09782421 0.3281751 0.9410182 -0.08237588 0.5896854 0.7976048 -0.1268772 0.5202137 0.8457027 -0.1190162 0.4605847 0.8804888 -0.112255 0.2050617 0.9763804 -0.06805294 0.2369541 0.9673039 -0.09042155 0.7557964 0.639485 -0.1408222 0.9402902 0.3059725 -0.1491145 0.725894 0.6761117 -0.126297 0.8955229 0.4219055 -0.1415433 0.6210851 0.7745244 -0.1198552 0.560443 0.8202176 -0.1146595 0.4538084 0.8846758 -0.1068027 0.2665206 0.9586507 -0.09977889 0.646205 0.754473 -0.1148465 0.8033257 0.581622 -0.127999 0.7153323 0.6888097 -0.117648 0.5692265 0.8147093 -0.1105899 0.5802524 0.806985 -0.1099199 0.5156587 0.8500244 -0.1074938 0.4771776 0.8724089 -0.1058501 0.2997847 0.9470456 -0.115039 0.4691547 0.8757978 -0.113456 0.4726793 0.8739823 -0.1128251 0.5210943 0.8455883 -0.1159362 0.9231035 0.3012115 -0.2390643 0.9647862 0.1082247 -0.2397391 0.9642952 0.1081382 -0.2417457 0.9817289 0.1082115 -0.1565207 0.9778479 0.1079918 -0.1793078 0.9385653 0.2997136 -0.1710763 0.9402841 0.3060263 -0.1490427 0.9600941 0.1991119 -0.1964021 -0.9901654 0.1114357 0.08458471 -0.9901078 0.1114 0.08530247 -0.9425303 0.3239545 0.08179402 -0.992483 0.1122704 0.04871433 -0.9445283 0.3254631 0.04404681 -0.9812998 0.05233252 0.1852351 -0.9813014 0.05230695 0.1852337 -0.9813007 0.05232775 0.1852324 -0.9813016 0.05230021 0.1852349 0.1786278 0.9831925 -0.03774631 0.1218103 0.9924761 -0.01239144 0.09666991 0.9953005 -0.005649745 0.1580413 0.9871741 -0.02258908 0.07989352 0.9968009 -0.002229273 0.06960272 0.9975655 -0.004325866 0.2051737 0.9763585 -0.06802856 0.06025493 0.9973368 -0.04109477 0.8747594 0.2980902 -0.3820186 0.8646165 0.4475061 -0.2284224 0.9030029 0.358908 -0.2361584 0.9231249 0.3011476 -0.2390618 0.7916805 0.3747142 -0.4825261 0.8100397 0.2979243 -0.5050513 0.7467931 0.4969018 -0.4420279 0.6423777 0.6814668 -0.3506478 0.7310784 0.6540083 -0.194416 0.5394369 0.8000498 -0.2625418 0.5610112 0.8151721 -0.1440864 0.4098199 0.898346 -0.1581842 0.3680847 0.9262866 -0.080666 0.2317389 0.9718402 -0.04270595 0.1749313 0.9843214 -0.02259862 0.2050905 0.9763743 -0.06805175 0.3281813 0.9410072 -0.08247762 0.1788592 0.9831485 -0.03779387 0.9018076 0.390699 -0.1846551 0.8670356 0.4729011 -0.1568882 0.9385421 0.29979 -0.1710696 0.9231138 0.3011938 -0.2390465 0.9030005 0.3588955 -0.2361865 0.8207241 0.5469354 -0.1651477 0.736986 0.6628045 -0.1324461 0.5530477 0.826278 -0.1067842 0.6077498 0.786134 -0.1123992 0.4881798 0.8672466 -0.09779548 0.4655969 0.8795925 -0.09765583 0.5609893 0.8152082 -0.1439679 0.3679943 0.9263193 -0.0807023 0.3092241 0.9491243 -0.05952692 0.1749354 0.9843207 -0.0225923 0.1578253 0.987212 -0.02244311 0.2563069 0.9652642 -0.05071437 0.6867555 0.7078765 -0.1651599 0.7310332 0.654089 -0.1943147 0.8646352 0.4475066 -0.2283502 0.8105127 0.29631 -0.5052423 0.8836073 0.1084139 -0.4555046 0.8172208 0.1084976 -0.5660199 0.8748658 0.2976968 -0.3820816 0.924933 0.1081126 -0.364432 0.9231363 0.3011132 -0.2390614 0.9644199 0.1081661 -0.2412353 -0.01927387 0.02619147 0.9994712 -0.1270361 0.01353812 0.9918057 -0.1022608 -0.0254144 0.9944329 -0.1354246 0.02620214 0.9904412 0.09288656 0.02618575 0.9953324 0.103027 0.02618741 0.9943339 0.3097394 0.02620363 0.9504604 0.3357525 0.02616912 0.9415867 0.5371943 0.02619963 0.8430517 0.5493004 0.02619713 0.8352142 0.7314971 0.02620446 0.6813409 -0.1334788 0.02619796 0.9907054 -0.2197209 0.02620661 0.9752107 -0.3029333 0.02620899 0.9526513 -0.1333828 0.02613013 0.9907202 -0.3431826 0.02617812 0.9389039 -0.4326726 0.02620607 0.9011702 -0.4323098 -0.003748536 0.9017174 -0.4255703 -0.2046419 0.8814827 -0.4311408 0.02619785 0.9019043 -0.5040571 0.02620625 0.8632728 -0.5042451 0.02620065 0.863163 -0.4801097 0.02618819 0.8768175 -0.455694 0.02618402 0.8897513 -0.4308288 0.02617686 0.9020541 -0.7019048 0.02616614 0.71179 -0.636365 0.0262342 0.770942 -0.6963963 0.02619963 0.7171791 -0.5041587 0.02619689 0.8632137 -0.7065185 0.02608311 0.7072139 -0.5721353 0.02619457 0.8197408 -0.5041646 0.02613562 0.8632121 -0.6937921 0.02619975 0.7196987 -0.6937851 0.02606678 0.7197104 -0.7828134 0.02618473 0.6217054 -0.8186353 0.02619546 0.573716 -0.858204 0.02619683 0.5126399 -0.86146 0.02617454 0.5071505 -0.8643841 0.02608746 0.5021551 -0.8557474 0.02619975 0.5167303 -0.8558067 0.02619749 0.5166323 -0.7689471 0.02617818 0.6387763 -0.7692111 0.02615416 0.6384593 -0.6689738 0.02620255 0.7428241 -0.6696302 0.02620232 0.7422323 -0.5504711 0.02620017 0.834443 -0.5511712 0.0262016 0.8339807 -0.5290235 0.02620667 0.8482025 -0.523597 0.02620345 0.8515631 -0.4440766 0.02620261 0.8956057 -0.372816 0.02620851 0.9275351 -0.2448131 0.02620369 0.9692162 -0.5343251 0.02630782 0.8448696 -0.1737334 0.02620238 0.9844441 -0.07132661 0.02619898 0.9971089 0.04757696 0.02620142 0.9985238 0.2285505 0.02620136 0.9731795 0.1702445 0.02620375 0.9850534 0.403213 0.02625888 0.9147293 0.3926056 0.02619659 0.9193338 0.4087488 0.02646338 0.9122633 0.4143774 0.0262013 0.909728 0.9829409 0.05242067 -0.1762932 0.9861474 0.05228686 -0.1574154 0.9861648 0.05228346 -0.157307 0.9822429 0.05229824 -0.1801777 0.96911 0.05231338 -0.2410171 0.9691021 0.05230993 -0.2410497 0.9691094 0.05231529 -0.2410188 0.968606 0.05231755 -0.2430336 0.9690698 0.0523163 -0.2411777 0.9461429 0.05233216 -0.3194919 0.9294036 0.05241906 -0.3653234 0.9045842 0.05230778 -0.4230738 0.886277 0.05229389 -0.4601939 0.8194015 0.05229896 -0.5708295 0.8191657 0.05228412 -0.5711691 0.9822663 0.05186063 -0.1801762 0.9690774 0.05298006 -0.2410023 0.968023 0.07109123 -0.2405781 0.9666665 0.08890724 -0.2401074 0.9649461 0.1072347 -0.239541 0.9778944 0.1075589 -0.1793148 0.9861248 0.05278646 -0.15739 0.9816876 0.1085992 -0.1565118 0.9249342 0.1080689 -0.3644419 0.9643526 0.108793 -0.2412224 0.9661327 0.08990347 -0.241878 0.967596 0.07057917 -0.242439 0.9686678 0.0515936 -0.2429426 0.9294332 0.05237078 -0.3652549 0.8836663 0.1084175 -0.4553895 0.8864277 0.05255812 -0.4598736 0.8177425 0.108584 -0.5652494 0.819449 0.05257779 -0.5707356 0.9665687 0.08949744 -0.2402814 0.9643901 0.1084789 -0.2412137 0.9648156 0.107622 -0.239893 0.9661812 0.08992856 -0.2416748 0.9680748 0.07125937 -0.240319 0.9676267 0.07064574 -0.2422969 0.969144 0.05218446 -0.2409085 0.9686512 0.05085337 -0.2431646 -0.997287 0.05231785 0.05178475 -0.994968 0.05231159 0.08545362 -0.9949664 0.0523014 0.08547806 -0.9973316 0.05232536 0.05091041 -0.9949688 0.05229097 0.08545738 -0.9852061 0.05228048 0.1632044 -0.9865853 0.05229097 0.1546454 -0.9949039 0.05230641 0.08620041 -0.9949306 0.05234026 0.08586966 -0.9817847 0.1119213 0.1535337 -0.9900743 0.1115052 0.08555424 -0.992065 0.09186631 0.08583503 -0.9936754 0.07206237 0.0861181 -0.9949076 0.05213218 0.08626312 -0.9865721 0.05252283 0.1546512 -0.9901439 0.1116025 0.08461666 -0.9920905 0.09169065 0.08572846 -0.9901551 0.1108856 0.08542406 -0.9920897 0.09202617 0.08537817 -0.9937161 0.07159656 0.08603698 -0.9937171 0.07204633 0.08564841 -0.9949427 0.05151808 0.08622646 -0.994964 0.05237901 0.08545899 -0.9924982 0.1121299 0.04872739 -0.9920792 0.09243851 0.0850526 -0.9901577 0.1114272 0.08468675 -0.9936926 0.07287454 0.08523094 -0.9949557 0.05253547 0.08545929 -0.9972922 0.05222773 0.05177372 0.8147614 0.0340842 0.5787938 0.8440346 0.03644382 0.5350491 0.6924592 0.02617162 0.7209822 0.6915927 0.02621519 0.7218119 0.9086547 0.04128015 0.415503 0.9469724 0.04450243 0.3182184 0.9704385 0.04641759 0.2368429 0.995333 0.04967045 0.08273553 0.9930924 0.04937511 0.1064404 0.9983493 0.05123209 -0.02595961 0.9861048 0.05236709 -0.1576548 0.9862251 0.0522592 -0.1569365 0.6920892 0.02630686 0.7213326 0.843029 0.05241465 0.5353083 0.6924149 0.02571797 0.7210411 0.8439105 0.03631728 0.5352534 0.9469966 0.04427802 0.3181775 0.9919929 0.09463906 0.08362805 0.9448219 0.07564526 0.318731 0.9953004 0.05016845 0.08282703 0.9816997 0.1082935 -0.1566472 0.9861142 0.05270999 -0.1574825 0.9403361 0.3058306 -0.1491166 0.9919878 0.09479552 0.08351027 0.9816746 0.1082538 -0.1568318 0.9624502 0.2498539 0.1061261 0.9398424 0.2020225 0.2754695 0.9447997 0.07580846 0.3187581 0.8871645 0.1471598 0.4373592 0.8430364 0.05246257 0.535292 0.8056306 0.08761006 0.5859043 0.6923146 0.02613145 0.7211225 0.7000548 0.02633696 0.7136033 0.8959641 0.4209763 -0.1415177 0.9624376 0.2498977 0.1061365 0.9402962 0.3059628 -0.1490975 0.9398951 0.201833 0.2754283 0.8871794 0.1471398 0.437336 0.709794 0.02593559 0.7039318 0.8058558 0.08745467 0.5856178 0.7007213 0.02588659 0.7129653 0.6146652 0.7803214 0.1152622 0.4740573 0.8739265 -0.1073418 0.4744456 0.8736824 -0.1076133 0.6852744 0.6808609 0.2585102 0.8980345 0.3018558 0.320027 0.8035549 0.58127 -0.1281586 0.7325515 0.02621847 0.6802065 0.8814759 0.3497391 0.3173057 0.8702362 0.3837863 0.3088642 0.7152102 0.6889556 -0.1175352 0.7470293 0.02865588 0.6641733 0.846462 0.4316924 0.3116794 0.816474 0.4683183 0.3377106 0.6145191 0.7812545 -0.1095805 0.7626503 0.5290791 0.3720751 0.7425376 0.4939093 0.4524285 0.7430835 0.2662737 0.6139424 0.6884612 0.02616059 0.7248013 0.6885688 0.02631855 0.7246933 0.7385873 0.2681819 0.6185203 0.6827412 0.02618628 0.730191 0.7430934 0.2664327 0.6138615 0.7396938 0.4898771 0.4613822 0.7424703 0.4938882 0.452562 0.6863509 0.6752777 0.270042 0.6855343 0.6805593 0.2586152 0.5868359 0.8069676 0.0665369 0.6167197 0.7788421 0.1142885 0.4347319 0.8876256 -0.1520823 0.4424496 0.8846231 -0.1472427 0.416268 0.8927665 -0.1723047 0.6511051 0.4819149 0.586362 0.5683367 0.5956815 0.5675888 0.5859947 0.4222223 0.6916204 0.5768191 0.2292987 0.7840292 0.5412199 0.02602112 0.8404784 0.6547613 0.02625018 0.7553799 0.6378555 0.5667253 0.5215006 0.6157417 0.6500127 0.4453604 0.2627096 0.9578591 -0.1161456 0.3682587 0.9272608 0.0676245 0.4570212 0.8540729 0.2483771 0.524643 0.7418469 0.4176278 0.7239173 0.4952893 0.4802418 0.6788271 0.05149453 0.7324903 0.6795932 0.04529231 0.7321898 0.7364932 0.2695642 0.6204136 0.7380723 0.4909424 0.4628443 0.6996956 0.6042059 0.3812631 0.5860143 0.8075134 0.06715232 0.4422098 0.8847246 -0.1473526 0.6851446 0.6760638 0.2711359 0.2175723 0.9700514 -0.1079944 0.3683941 0.9271879 0.06788641 0.26294 0.9578055 -0.1160653 0.317474 0.9356545 0.1541458 0.4567645 0.8541492 0.2485863 0.3701637 0.8710909 0.3227686 0.5244421 0.7418571 0.4178621 0.4218137 0.728934 0.5391924 0.5681037 0.5957738 0.5677251 0.4448047 0.5281696 0.7233158 0.5857717 0.4226958 0.6915199 0.434448 0.2879082 0.8534424 0.5765161 0.2297835 0.7841103 0.3814412 0.01662242 0.9242436 0.5409929 0.02649986 0.8406097 0.3821655 -0.02059662 0.9238644 0.3950867 -0.05147486 0.9172006 0.4252225 0.02047091 0.9048574 0.4630938 0.01141315 0.8862358 0.4301249 0.289495 0.8550938 0.3569826 0.712471 0.6041098 0.3166378 0.9357454 0.1553097 0.2180374 0.9700083 -0.1074417 0.368465 0.8712676 0.3242322 0.4193056 0.7292773 0.5406825 0.4409571 0.5292114 0.7249085 0.1833672 0.977557 -0.1037251 0.2286455 0.02623528 0.9731562 0.2755983 0.7238497 0.6325244 0.2040534 0.7323348 0.6496523 0.04741597 0.02601277 0.9985365 0.1122203 0.7414759 0.6615286 0.1585977 0.9822709 -0.09995359 0.02029645 0.748807 0.6624774 -0.1739092 0.02608972 0.9844161 -0.06980216 0.7538017 0.6533842 0.1310405 0.986985 -0.09321534 -0.1560211 0.7562267 0.6354359 0.103223 0.9911115 -0.08392304 -0.3722313 0.02619427 0.9277703 -0.2133118 0.7559337 0.6189204 -0.1735491 0.9116192 0.3726005 0.05317777 0.9960991 -0.07041859 -0.08554822 0.9841594 0.1552796 -0.2275382 0.8944264 0.3850039 -0.2363612 0.8443815 0.480784 -0.3420818 0.7477616 0.569063 -0.2995135 0.7515332 0.5877839 -0.4362114 0.5411766 0.7189211 -0.4979798 0.2946285 0.8156043 -0.5229778 0.02623885 0.8519424 -0.7699248 0.02549648 0.6376252 -0.8267252 0.2904306 0.481846 -0.8487542 0.02663433 0.5281164 -0.8418002 0.02598363 0.5391634 0.03219908 0.9969102 -0.0716468 0.02471083 0.9964832 -0.08006703 -0.1964021 0.9789721 0.05513447 -0.5274044 0.02600461 0.8492164 -0.6685314 0.02585375 0.7432345 -0.5027696 0.02665936 0.8640093 -0.5256434 0.2950149 0.7979131 0.0531938 0.9960965 -0.07044303 0.04257446 0.9967305 -0.06867134 -0.09309303 0.9842416 0.1503404 -0.5336198 0.7401177 0.4092381 -0.4203289 0.8857617 0.19685 -0.5970993 0.7383866 0.3134608 -0.7382788 0.5337649 0.4123587 -0.4959295 0.7420128 0.4510776 -0.4550541 0.7435963 0.4898881 -0.2424955 0.8946334 0.3752692 -0.3629211 0.7478147 0.555933 -0.4613021 0.5413407 0.7029585 -0.200284 0.9791632 0.0335552 -0.1970479 0.9788988 0.05412352 0.02483707 0.9964841 -0.08001679 -0.008961498 0.9851428 -0.1715036 -0.2864508 0.6561103 -0.6981871 -0.4153652 0.888702 0.194115 -0.42126 0.8858129 0.1946162 -0.5840587 0.7422004 0.3286551 -0.5985247 0.7384701 0.3105319 -0.7168709 0.5367203 0.4450028 -0.7401483 0.5338342 0.4089031 -0.7969518 0.2918873 0.528838 -0.8288931 0.2903696 0.4781441 -0.8186667 0.02582544 0.573688 -0.8579518 0.02585381 0.5130794 -0.1999737 0.9792091 0.03406041 0.2378853 0.9584161 -0.1576364 0.1392197 0.9871556 -0.0783708 -0.02177613 0.9937211 -0.1097459 -0.201069 0.9763488 0.07946264 -0.4146656 0.8887937 0.1951876 -0.3784343 0.8832964 0.276722 -0.5831893 0.7423655 0.3298238 -0.5151284 0.7362363 0.438861 -0.7160367 0.5371496 0.4458272 -0.6206264 0.5319414 0.576074 -0.796558 0.292392 0.5291526 -0.6816186 0.2898315 0.6718586 -0.6931133 0.02673441 0.7203329 -0.8186239 0.02631294 0.573727 -0.6924175 0.02618718 0.7210217 -0.6963513 0.02630418 0.7172189 -0.5137907 0.2476767 0.8213863 -0.5041813 0.02648115 0.8631919 -0.6840621 0.2894766 0.669524 -0.497389 0.4562999 0.7378309 -0.6228437 0.5316642 0.5739329 -0.4557111 0.641747 0.6168374 -0.5169246 0.7359451 0.4372344 -0.3907667 0.7947731 0.4643678 -0.3796988 0.8831281 0.2755243 -0.3059775 0.9073224 0.2883468 -0.2016164 0.9762964 0.07871627 -0.2055985 0.9737522 0.09765148 -0.02169358 0.9937086 -0.109876 -0.09482496 0.990657 -0.09801536 -0.1292382 0.9871801 -0.09366488 -0.2055552 0.9737645 0.09762072 -0.09485727 0.9906608 -0.09794557 -0.2445495 0.956032 0.1618587 -0.3058914 0.9073391 0.2883857 -0.3381571 0.8525906 0.3984206 -0.3907002 0.7947661 0.4644355 -0.4061347 0.6859217 0.603793 -0.4554841 0.6419132 0.6168321 -0.4433197 0.4714566 0.7623623 -0.4972333 0.4563461 0.7379074 -0.4495404 0.2558222 0.8558437 -0.5138252 0.2473298 0.8214693 -0.4103776 0.02573806 0.9115524 -0.5041472 0.02594679 0.8632279 -0.3863154 0.0223447 0.9220961 -0.4321644 0.02651762 0.901405 -0.3720323 0.2442157 0.895517 -0.3431451 0.02633678 0.9389131 -0.4506785 0.2556394 0.8552997 -0.3821245 0.4497189 0.8073005 -0.4443833 0.4712389 0.7618776 -0.3730784 0.6328588 0.6784558 -0.4070187 0.6857373 0.6034072 -0.345295 0.7843356 0.5153533 -0.3388898 0.8524686 0.398059 -0.3002004 0.8961904 0.3266845 -0.2449139 0.9559652 0.1617023 -0.239912 0.963158 0.1215282 -0.1293182 0.9871751 -0.09360706 -0.1675787 0.9817556 -0.08985167 -0.2709572 0.959744 -0.07398468 -0.2399119 0.9631598 0.1215136 -0.167532 0.9817584 -0.08990842 -0.2989308 0.9315803 0.2068783 -0.3001362 0.8961794 0.3267732 -0.3030424 0.8320823 0.4645475 -0.3453231 0.784357 0.515302 -0.2841585 0.6701899 0.685638 -0.373019 0.6328769 0.6784716 -0.2445368 0.461165 0.8529529 -0.3819937 0.4496684 0.8073904 -0.1950152 0.2505645 0.9482545 -0.371923 0.2441529 0.8955795 -0.1567183 0.03058964 0.9871695 -0.343254 0.02631306 0.938874 -0.1880291 0.03375965 0.9815832 -0.5191742 0.7016802 0.4879583 -0.7716238 0.6349103 0.03854489 -0.8353 0.546345 0.06149226 -0.1438051 0.6456171 0.7499992 -0.708276 0.7057914 0.01427131 -0.1307445 0.6406373 0.7566305 0.5369955 0.0258001 0.8431906 -0.1618297 0.6509978 0.7416286 -0.6241313 0.7812453 -0.01077538 0.3096568 0.02620762 0.9504872 -0.1914042 0.6580671 0.7282253 -0.5260735 0.8498142 -0.03259402 -0.2105838 0.6634235 0.7179998 -0.2329198 0.6717929 0.7031663 -0.4056841 0.9125376 -0.05192005 0.09334743 0.02589535 0.9952968 -0.2495431 0.6802289 0.6892148 -0.2597896 0.685845 0.6797985 -0.0189262 0.02480316 0.9995133 -0.2164172 0.4718566 0.8547018 -0.1955898 0.2504747 0.9481599 -0.2449909 0.4610667 0.8528758 -0.1355545 0.02615821 0.9904246 -0.2482643 0.5839622 0.7728863 -0.2846923 0.6700696 0.6855341 -0.2779526 0.6953088 0.662788 -0.2992164 0.9314946 0.2068511 -0.2712903 0.9596475 -0.07401621 -0.3033394 0.8319877 0.4645231 0.3455593 0.353484 0.8692743 0.7313584 0.02617359 0.6814909 0.3808498 0.3480959 0.8566111 -0.1129099 0.6212446 0.7754397 -0.5445477 0.7132461 0.4413024 -0.3452801 0.6873057 0.6390561 -0.2382442 0.6625141 0.7101513 -0.4382194 0.6993995 0.5646275 -0.5234447 0.7377385 0.4263187 -0.118493 0.6136516 0.7806352 -0.215398 0.637861 0.7394167 -0.002925276 0.5673514 0.8234707 -0.2369537 0.6483519 0.723528 -0.362204 0.672652 0.64525 -0.734756 0.6248629 0.2639698 -0.5920995 0.6676111 0.4513464 -0.4156227 0.6718754 0.6130589 -0.08657419 0.6085075 0.7888115 -0.1164175 0.6274113 0.7699364 -0.345278 0.7021758 0.6226815 -0.1203775 0.6326588 0.7650178 0.3892168 0.3480941 0.8528429 0.210026 0.4642366 0.8604496 0.4108996 0.334347 0.848159 0.5877683 0.1856554 0.7874392 -0.533636 0.726049 0.4336885 -0.8416779 0.5361602 0.06411397 -0.7350699 0.6243512 0.2643066 -0.8353512 0.5462495 0.06164318 -0.5931659 0.666002 0.4523225 -0.7158006 0.6759461 0.1752898 -0.8473274 0.5269276 0.06620949 -0.8523997 0.518448 0.06801903 -0.5402423 0.796222 0.2723398 0.6813362 0.4110258 0.6056722 0.5866464 0.1833466 0.7888156 0.4081691 0.3301624 0.8511116 0.7315191 0.02584826 0.6813308 -0.1299017 0.7831411 0.6081247 -0.4176542 0.6689059 0.6149227 -0.2182888 0.6332333 0.74254 -0.006198763 0.5616708 0.8273378 0.2067196 0.4584302 0.8643545 -0.1524332 0.8259168 0.5427944 -0.3351533 0.8729691 0.3543971 0.2081978 0.8007667 0.5616284 -0.1116501 0.9019412 0.4171767 0.1179534 0.881141 0.4579057 0.3407467 0.8118984 0.474039 0.5450325 0.6974831 0.4652493 -0.7192047 0.6740911 0.1683626 -0.8520353 0.51902 0.0682215 -0.8526198 0.5180013 0.06866031 -0.7161819 0.6754297 0.1757225 -0.5469866 0.7959612 0.2593287 -0.5403001 0.7957392 0.2736331 -0.3465499 0.8755297 0.3366765 -0.3357625 0.8717591 0.3567907 -0.1276137 0.9091789 0.3963693 -0.1122951 0.900515 0.4200745 0.1175215 0.8795806 0.4610061 0.09821975 0.8948251 0.435478 0.3407264 0.8107174 0.4760703 0.3186593 0.8335766 0.4512279 0.5447979 0.6976038 0.4653432 0.5219489 0.7286539 0.4434331 -0.8559435 0.5122376 0.07052224 -0.7192499 0.6740667 0.168267 -0.853383 0.5167956 0.068264 -0.7100276 0.6861019 0.158509 -0.5472185 0.795815 0.2592883 -0.5222318 0.8191448 0.2372254 -0.3465235 0.8755883 0.3365511 -0.3035438 0.9037311 0.3018799 -0.1275088 0.9092462 0.3962488 -0.06671071 0.9349153 0.3485444 0.09829246 0.8949594 0.4351854 0.1737231 0.910866 0.3743576 0.3188129 0.8336229 0.4510334 0.4038847 0.8330364 0.3780576 0.5226588 0.72834 0.4431126 -0.7204389 0.6776465 0.1475233 -0.7101313 0.6860163 0.1584149 -0.8560483 0.5120688 0.0704773 -0.8576853 0.509139 0.07178676 -0.5454663 0.8099837 0.2153904 -0.5225373 0.818991 0.2370836 -0.341934 0.8995077 0.271969 -0.3037619 0.9037515 0.3015991 -0.06668454 0.9349753 0.3483884 -0.1202538 0.9417486 0.3140838 0.1739104 0.9107778 0.3744849 0.1073604 0.9344304 0.3395789 0.4041477 0.8327407 0.3784279 0.3296283 0.877857 0.3474369 -0.6908411 0.6113809 0.3859429 -0.7403836 0.5297112 0.4138095 -0.6318249 0.5369849 0.5589673 -0.8740656 0.4784803 0.0840584 -0.881765 0.4634099 0.08798736 -0.8246819 0.504875 0.2549532 -0.8665949 0.4925816 0.07985466 -0.4459792 0.7575883 0.4766156 -0.860021 0.50392 0.08017867 0.1072825 0.9341531 0.3403651 0.198045 0.8817703 0.4280881 0.3297935 0.8777171 0.3476333 -0.1206465 0.9413254 0.3152002 -0.8569602 0.510357 0.07179838 -0.8584818 0.507292 0.07525968 -0.72035 0.6776714 0.1478424 -0.5097056 0.795844 0.3268526 -0.5457574 0.8095712 0.216202 -0.3422003 0.8990833 0.2730352 -0.1917825 0.8378606 0.5110864 0.050224 0.8810825 0.4702884 -0.1140738 0.2621065 0.9582732 -0.2574266 0.1713047 0.9509923 -0.0474503 0.08592152 0.9951714 -0.7405712 0.5295181 0.4137208 -0.4312051 0.4808501 0.7634432 -0.6318439 0.5366999 0.5592196 -0.8249136 0.5046603 0.2546279 -0.8818168 0.4633438 0.08781749 -0.5463824 0.351024 0.7604266 -0.8634845 0.3815866 0.3298279 -0.764993 0.3557267 0.5368841 -0.625791 0.3100675 0.7157121 -0.4533649 0.2475374 0.8562626 -0.6417859 0.4180321 0.642931 -0.9158161 0.3876074 0.1050781 -0.2299263 0.3672288 0.9012642 -0.04736489 0.08586353 0.9951804 0.1971496 0.1488214 0.969012 0.4314499 0.06056857 0.9001013 -0.2577545 0.1703791 0.9510697 -0.05115467 0.2272309 0.9724965 -0.454057 0.2457512 0.8564103 -0.2955343 0.2903375 0.9101449 -0.6265863 0.3079031 0.7159506 -0.5199387 0.3338093 0.7862793 -0.7655447 0.3539519 0.5372704 -0.7122671 0.3545613 0.6057739 -0.8637716 0.380827 0.3299539 -0.8570166 0.3504835 0.3777352 -0.9159606 0.3873081 0.1049227 -0.9405081 0.3197028 0.1150429 0.4318603 0.0604912 0.8999098 0.6148431 0.1066438 0.7814059 0.7706865 0.02638047 0.6366684 0.1974021 0.1488689 0.9689534 0.4271515 0.1812595 0.8858255 -0.05109715 0.2273927 0.9724617 0.2172027 0.2467778 0.9444172 -0.29574 0.2903274 0.9100813 -0.2247528 0.3367714 0.9143693 -0.004054963 0.2995232 0.9540804 -0.5201101 0.3336574 0.7862304 -0.434016 0.3567243 0.8272713 -0.7121927 0.3545598 0.6058623 -0.7755984 0.3407856 0.5313308 -0.6209156 0.358053 0.6973248 -0.857006 0.3506485 0.3776063 -0.8901042 0.3059453 0.3378046 -0.9404476 0.319964 0.1148102 -0.9585005 0.2552579 0.126966 -0.9818765 0.1117507 0.1530704 -0.8900145 0.3060123 0.3379803 -0.9583767 0.2555043 0.127404 -0.9183162 0.1387693 0.370727 -0.775554 0.3409162 0.5313118 -0.8066794 0.1584017 0.5693656 -0.6208385 0.3583275 0.6972525 -0.6534442 0.1697893 0.7376872 -0.4339865 0.3568959 0.8272129 -0.4663248 0.1726346 0.8676051 -0.2245374 0.336944 0.9143587 -0.2542963 0.1663646 0.95271 -0.02936583 0.1513885 0.9880381 -0.004096508 0.2998079 0.9539908 0.1972886 0.1286184 0.9718717 0.2167248 0.2470579 0.9444537 0.4135479 0.09888637 0.9050966 0.4273602 0.1815197 0.8856714 0.6078125 0.06424599 0.7914775 0.615044 0.1065523 0.7812603 0.7707214 0.02625781 0.6366312 0.7705145 0.02636826 0.636877 0.607807 0.06411552 0.7914922 0.6061184 0.04662525 0.7940067 0.7706437 0.026151 0.6367294 0.7709519 0.02609068 0.6363589 0.4131935 0.09891802 0.905255 0.4099888 0.06466728 0.9097953 0.1975457 0.1285498 0.9718286 0.1920584 0.07908833 0.9781915 -0.02922618 0.1513027 0.9880554 -0.03601592 0.08967769 0.9953195 -0.2543785 0.1662709 0.9527044 -0.4740598 0.09603077 0.8752403 -0.2620704 0.09541881 0.9603199 -0.4659912 0.1725617 0.8677987 -0.6617575 0.09184759 0.7440707 -0.6533049 0.1699758 0.7377675 -0.814576 0.08277493 0.5741205 -0.8066453 0.1582818 0.5694475 -0.9246151 0.0692873 0.374548 -0.9183669 0.1385773 0.3706733 -0.9865099 0.05229532 0.1551243 -0.9819177 0.1117193 0.1528278 -0.9851765 0.05228024 0.163383 -0.9246229 0.06910771 0.374562 -0.9864714 0.0522716 0.1553766 -0.9198324 0.06963413 0.3860823 -0.8147813 0.08279675 0.5738258 -0.8047208 0.08290839 0.5878356 -0.6616836 0.09158527 0.7441687 -0.6459724 0.09168928 0.7578343 -0.4739608 0.09607529 0.875289 -0.4528473 0.0954985 0.886459 -0.2617182 0.09533488 0.9604244 -0.2342841 0.09401583 0.9676115 -0.03595876 0.08948212 0.9953392 -0.01302564 0.08813005 0.9960238 0.192012 0.07905453 0.9782034 0.2089962 0.07769244 0.9748255 0.409947 0.06448942 0.9098267 0.4201776 0.06341689 0.9052233 0.6061669 0.04658597 0.793972 0.6106839 0.04596662 0.7905392 0.7706744 0.02623075 0.6366891 0.7712687 0.02622532 0.6359692 -0.6287109 0.02039092 0.7773718 -0.5761204 0.02278751 0.8170472 -0.7512227 0.01651692 0.6598422 -0.7831983 0.01508897 0.621589 -0.4436832 0.02577316 0.8958132 -0.368915 0.02729249 0.9290624 -0.2378851 0.02929955 0.9708513 -0.1412311 0.03066891 0.9895015 -0.03141242 0.03150272 0.99901 0.09434813 0.0321986 0.9950186 0.1757315 0.03160113 0.9839308 0.3245911 0.03201597 0.9453125 0.3754389 0.03140956 0.9263149 0.536711 0.02999168 0.8432331 0.5594818 0.02947616 0.8283184 0.7192806 0.02617901 0.6942263 0.7188959 0.02615898 0.6946254 -0.2455065 -0.9669412 0.06893002 0.1600363 -0.9695516 0.1853599 0.004767179 -0.9996553 0.02581715 0.6981291 0.02621996 0.7154918 0.6962159 0.0257669 0.7173699 0.6803805 -0.1975877 0.7057205 0.630141 -0.4115142 0.6584667 0.5481741 -0.604492 0.5780093 -0.5761921 0.02254021 0.8170036 -0.7156919 -0.1890071 0.6723552 -0.750987 0.01644819 0.6601122 -0.3689514 0.02738672 0.9290452 0.7190442 0.02622151 0.6944695 0.718207 0.02601373 0.6953433 0.536759 0.02986502 0.843207 0.3665844 -0.7185094 0.5910669 0.6999458 0.0261172 0.7137184 0.4385374 -0.7670177 0.4683682 0.3070909 -0.8905922 0.3354713 0.3646974 -0.6897066 0.6255403 0.7031143 0.02621847 0.7105934 -0.2913424 -0.9457769 0.1436166 0.3130354 -0.6893866 0.6532648 0.3117917 -0.6587477 0.684717 -0.3379543 -0.9157029 0.2174283 0.2599602 -0.6494945 0.7145471 0.7064059 0.02611869 0.7073249 -0.4165204 -0.8457763 0.3334266 0.2560963 -0.5973882 0.759962 0.2058908 -0.5751804 0.7916922 0.710158 0.02630698 0.7035507 -0.4760471 -0.7685752 0.4274006 0.205442 -0.5273358 0.8244457 0.1632862 -0.4958735 0.8529052 0.7131137 0.02617806 0.7005595 -0.5386677 -0.6677644 0.5137391 0.1613141 -0.4446697 0.8810486 0.1323328 -0.4120813 0.9014862 0.7151635 0.02613919 0.6984683 -0.6024568 -0.5390599 0.5886088 0.1269629 -0.3571943 0.9253609 0.1012637 -0.314619 0.9438011 0.7169715 0.02617967 0.6966108 -0.6632365 -0.3800829 0.6447127 0.0921303 -0.2557348 0.962347 0.06672328 -0.1869269 0.9801054 0.05398845 -0.1191565 0.9914066 0.3247711 0.03199487 0.9452514 0.09408813 0.03215259 0.9950445 -0.1413818 0.03058028 0.9894827 0.6673054 -0.1971446 0.7182183 0.6803366 -0.1976901 0.7057343 0.6961608 0.02561914 0.7174286 0.682844 0.02673184 0.730075 0.6182105 -0.4110388 0.6699724 0.630209 -0.4113664 0.6584941 0.5377355 -0.6043469 0.5878821 0.5485087 -0.6039488 0.5782596 0.430084 -0.7670477 0.4760944 0.4389989 -0.766502 0.4687801 0.3010444 -0.8907344 0.3405357 0.3071581 -0.8905804 0.335441 0.1569479 -0.9695427 0.1880279 0.1600172 -0.9695414 0.1854289 0.004761517 -0.9996579 0.02571982 0.004757404 -0.9996566 0.02577078 0.6633063 -0.1968909 0.7219825 0.6644883 -0.1976084 0.7206984 0.6798104 0.02535289 0.7329496 0.6786119 0.02690756 0.734004 0.6143129 -0.4111323 0.6734908 0.615569 -0.4111104 0.6723564 0.5343914 -0.6041741 0.5911002 0.5355772 -0.6040899 0.5901123 0.4286001 -0.7666244 0.4781096 0.4281036 -0.7663903 0.4789292 0.3000718 -0.8904913 0.3420267 0.2997955 -0.8904308 0.3424265 0.156154 -0.9695711 0.1885415 0.1559391 -0.9695377 0.1888909 0.004787504 -0.9996566 0.025765 0.004709064 -0.9996588 0.02569681 -0.5860431 0.05937433 -0.8081017 -0.5952016 0.05950593 -0.8013703 -0.3827205 0.05229824 -0.9223828 -0.3831138 0.05235177 -0.9222164 -0.7578572 0.06313145 -0.6493588 -0.7722768 0.06387394 -0.632067 -0.8881728 0.06397879 -0.4550341 -0.9029987 0.06348705 -0.4249269 -0.9697101 0.06043678 -0.2366635 -0.9795193 0.05955743 -0.1923413 -0.9882204 0.05859845 -0.1413747 -0.997408 0.05571943 -0.04552686 -0.9973078 0.05228537 0.05141359 -0.9973632 0.0523011 0.05031186 -0.9743731 0.1127171 -0.1946585 -0.9795033 0.05958092 -0.1924149 -0.9973003 0.05216914 0.05167818 -0.9924401 0.1125543 0.04893141 -0.8982761 0.1064352 -0.426347 -0.9030095 0.06349956 -0.4249019 -0.768642 0.09362167 -0.632791 -0.7722113 0.0633257 -0.6322024 -0.5952603 0.05975949 -0.8013077 -0.593182 0.07511901 -0.8015562 -0.3825467 0.0522508 -0.9224575 -0.3824253 0.05239421 -0.9224997 -0.9444881 0.3256109 0.04381644 -0.974388 0.1125724 -0.1946683 -0.9924781 0.1122634 0.04882866 -0.9326655 0.3008238 -0.1990985 -0.8982167 0.1061025 -0.4265549 -0.8649348 0.2582502 -0.4303426 -0.7455623 0.200146 -0.6356716 -0.7686672 0.09341096 -0.6327916 -0.5818532 0.1302161 -0.8028017 -0.593272 0.07505613 -0.8014954 -0.383149 0.05237799 -0.9222004 -0.3826032 0.05229896 -0.9224314 -0.3849045 0.6589947 -0.6462001 -0.3676477 0.6661573 -0.6488989 -0.3932861 0.4831122 -0.7822588 -0.3983433 0.2748837 -0.875078 -0.3827529 0.05236041 -0.9223659 -0.3827258 0.05232858 -0.9223788 -0.3656551 0.7439696 -0.5592902 -0.3081025 0.9486191 -0.07207459 -0.1869043 0.978935 -0.08217686 -0.2618193 0.920699 -0.2894207 -0.3230794 0.8146511 -0.4816257 -0.4619933 0.6263749 -0.6278668 -0.512943 0.5978443 -0.6160128 -0.4808457 0.875292 -0.05149161 -0.5747464 0.5559483 -0.60049 -0.6387294 0.7690851 -0.0230872 -0.382741 0.05246192 -0.922365 -0.619305 0.5198044 -0.5884427 -0.6659716 0.4751608 -0.5750688 -0.7556232 0.6549771 0.006227731 -0.3827362 0.05250406 -0.9223646 -0.7008822 0.4361317 -0.5644053 -0.7290671 0.3992894 -0.555904 -0.8537789 0.5197135 0.03097528 -0.3825054 0.0523315 -0.9224701 -0.7591221 0.3517688 -0.5477157 -0.840585 0.3328657 -0.4273376 -0.9326161 0.3009179 -0.1991876 -0.9445736 0.3253808 0.04368168 -0.8649111 0.2583661 -0.4303206 -0.7455593 0.2002991 -0.635627 -0.5813647 0.1302514 -0.8031498 -0.382262 0.05246752 -0.9225632 -0.2420197 0.9259341 -0.2899526 -0.2617905 0.9206638 -0.2895579 -0.1867637 0.978958 -0.08222275 -0.3229356 0.8146016 -0.4818058 -0.1646589 0.9829645 -0.08165949 -0.3066627 0.8201116 -0.4830891 -0.3674667 0.6662403 -0.6489161 -0.3549854 0.6710322 -0.6509234 -0.3846593 0.4866733 -0.7843382 -0.3930649 0.4830576 -0.7824035 -0.3940517 0.2770297 -0.8763435 -0.3982551 0.2748057 -0.8751427 -0.3827599 0.05282992 -0.9223362 -0.3827501 0.05268418 -0.9223486 -0.6565844 0.7499428 0.08051604 -0.5680702 0.8198822 0.07134115 -0.7342527 0.6699233 0.1098901 -0.8625426 0.4854087 0.1428241 -0.9463457 0.275758 0.1684863 -0.9813031 0.05193614 0.1853294 -0.9939466 0.0526328 0.09643661 -0.5573829 0.8281488 0.05911004 0.06592822 0.995912 -0.06174856 -0.4572242 0.8885242 0.03835308 0.06468272 0.9962366 -0.05769592 -0.1580826 0.9873169 -0.01467758 -0.3726923 0.9275012 0.02901661 -0.661222 0.7490594 0.04117864 0.06475543 0.9957476 -0.06552487 -0.6640261 0.7476936 0.004873275 -0.6648979 0.7454992 -0.04628044 0.05933827 0.9957268 -0.07076263 -0.9976504 0.05247664 -0.0440458 -0.6611652 0.7422093 -0.1094803 -0.648846 0.7366155 -0.1907784 0.05048751 0.9959613 -0.07424437 -0.9606846 0.05214959 -0.2727006 -0.6370071 0.732523 -0.2400669 -0.6214494 0.7282083 -0.2889869 0.03711497 0.9962988 -0.07753306 -0.8647646 0.05245161 -0.4994307 -0.5890588 0.7205598 -0.3657914 0.01700574 0.9966189 -0.08038473 -0.5628799 0.7150455 -0.4145796 -0.5222654 0.7075043 -0.4761055 -0.0134688 0.9965377 -0.08204412 -0.7211946 0.05228364 -0.6907566 -0.4868481 0.7014658 -0.5205042 -0.4420102 0.6943352 -0.5679134 -0.06884735 0.9942192 -0.0823912 -0.5421724 0.05232149 -0.8386366 -0.4005191 0.6876865 -0.6055342 -0.3797601 0.6838606 -0.6229904 -0.443884 0.05224525 -0.8945599 -0.3750572 0.5791152 -0.7238493 -0.3845891 0.4865785 -0.7844314 -0.3549169 0.6710621 -0.6509299 -0.3941061 0.2768439 -0.8763778 -0.3829508 0.052423 -0.9222801 -0.3519015 0.6762222 -0.6472163 -0.2421028 0.92589 -0.2900242 -0.1648245 0.9829354 -0.08167546 -0.3064852 0.820149 -0.4831383 -0.9813076 0.05221599 0.1852266 -0.9459446 0.2750967 0.1717872 -0.9812923 0.05240237 0.1852552 -0.9464046 0.2755908 0.1684284 -0.8621381 0.4840788 0.1496186 -0.8625594 0.4853787 0.1428244 -0.7343431 0.6680966 0.1199468 -0.7339888 0.6702163 0.1098663 -0.5691711 0.8179123 0.08404618 -0.5681507 0.8198303 0.07129633 -0.3750205 0.9259815 0.04379481 -0.3727303 0.9274864 0.02900063 -0.1579475 0.9873384 -0.01468002 0.06016141 0.9973365 -0.04124021 -0.1614841 0.9868744 0.001404106 0.06481957 0.9962295 -0.05766516 -0.9460499 0.2746784 0.1718757 -0.9442327 0.2756127 0.1801731 -0.9812611 0.05303019 0.1852422 -0.9813556 0.05117201 0.1852643 -0.8619753 0.4843398 0.1497122 -0.8588888 0.4845498 0.1658971 -0.7344432 0.6679795 0.1199859 -0.5626046 0.8189558 0.1130826 -0.7293105 0.6690503 0.1431018 -0.5694054 0.8177459 0.08407884 -0.3669876 0.9270168 0.07720065 -0.3749828 0.925997 0.04379045 -0.1526118 0.9875776 0.03741854 -0.1614096 0.9868865 0.001403331 0.06946855 0.9975748 -0.004333436 0.06026113 0.9973363 -0.04109907 -0.5299906 0.7610946 -0.3739583 -0.47771 0.7618223 -0.4375158 -0.6405706 0.5609803 -0.5243763 -0.7557671 0.318369 -0.5722389 -0.8146802 0.05260086 -0.5775201 -0.9257397 0.05236107 -0.3745191 -0.4175475 0.8506969 -0.3193258 -0.2874335 0.9016561 -0.3231073 0.1223612 0.9924023 -0.012869 -0.3059599 0.9151373 -0.2625119 0.1579876 0.9871819 -0.02262592 -0.05852836 0.9830574 -0.1737026 -0.5815295 0.7595916 -0.2912805 -0.6161484 0.7581203 -0.2135761 0.09652739 0.9953147 -0.005589306 -0.9888432 0.05254775 -0.1393844 -0.6421906 0.7561751 -0.1256598 -0.6559439 0.7538 -0.03902822 0.07976746 0.9968112 -0.002149879 -0.995074 0.05251491 0.08408284 -0.6583813 0.7516782 0.03891277 -0.8136954 0.5653864 0.1350485 -0.8587303 0.4848287 0.1659018 -0.7294312 0.6688863 0.143252 -0.9442495 0.2755752 0.1801425 -0.9813037 0.05214059 0.1852684 -0.7419153 0.6588473 0.1244264 -0.6526367 0.7495111 0.1108989 -0.1525038 0.9875987 0.03730255 0.06950908 0.997572 -0.004328072 -0.3669999 0.9270099 0.07722532 -0.5626633 0.8189106 0.1131173 -0.8146035 0.05299365 -0.5775923 -0.6661657 0.3168711 -0.6751415 -0.7283586 0.05221623 -0.6832036 -0.7557573 0.3187095 -0.5720623 -0.6406748 0.5610809 -0.5241414 -0.5545505 0.5582701 -0.6170966 -0.4779864 0.7618237 -0.4372116 -0.4016991 0.7583019 -0.5134357 -0.2875199 0.9017706 -0.3227105 -0.01902014 0.9794006 -0.2010294 -0.226567 0.8978537 -0.3775264 -0.05862563 0.9831023 -0.1734156 0.1748709 0.9843324 -0.02258569 0.1578944 0.9872004 -0.02246993 -0.7283305 0.05210775 -0.6832419 -0.6014859 0.2782 -0.7488789 -0.6626386 0.05217033 -0.74712 -0.6660963 0.3170116 -0.6751441 -0.5072696 0.4889094 -0.7096796 -0.5544886 0.5583105 -0.6171157 -0.3854994 0.6726713 -0.6315881 -0.4018739 0.7580486 -0.5136728 -0.2426214 0.8196427 -0.5189613 -0.2265462 0.8978047 -0.377655 -0.08625715 0.921809 -0.3779261 -0.018893 0.9794416 -0.2008415 0.074759 0.9734939 -0.2161499 0.174897 0.9843264 -0.02264177 0.2316874 0.9718531 -0.04269176 0.05465841 0.4389294 -0.8968576 -0.6617552 0.05285626 -0.7478545 -0.6627461 0.05233198 -0.7470134 0.1074883 0.2928795 -0.9500883 0.2345582 0.28794 -0.928479 -0.02323764 0.2440963 -0.9694727 -0.276363 0.1840701 -0.9432612 -0.4823986 0.121324 -0.8675092 -0.6626949 0.05250269 -0.7470469 0.2340552 0.3144983 -0.9199506 0.7918853 0.3745185 -0.4823417 0.3470011 0.3296988 -0.8780028 0.4933907 0.3124975 -0.8117334 0.4625626 0.3406617 -0.8185264 0.8098011 0.3001198 -0.5041334 0.6695125 0.3139483 -0.6731936 0.09259337 0.3459554 -0.9336709 0.0764327 0.3919479 -0.9168069 0.7472819 0.4958455 -0.4423881 0.002005875 0.530995 -0.8473727 0.6423408 0.6815366 -0.3505799 -0.03951185 0.5864457 -0.8090243 0.5393487 0.8000996 -0.2625716 -0.6626121 0.05230027 -0.7471345 -0.07842916 0.6287143 -0.7736713 -0.1206361 0.6659492 -0.7361785 0.4098136 0.8983442 -0.1582103 -0.6626905 0.05247771 -0.7470524 -0.1686073 0.6995294 -0.694428 -0.221009 0.7263926 -0.6507756 -0.6626492 0.05230075 -0.7471016 -0.4401278 0.5646706 -0.6981652 -0.5073109 0.4888105 -0.7097182 -0.3854762 0.672591 -0.6316879 -0.6015243 0.2782618 -0.7488251 -0.6627116 0.05203127 -0.747065 -0.3695665 0.6577979 -0.6562947 -0.2869476 0.7471041 -0.5995804 0.07495433 0.9734668 -0.2162042 0.2318725 0.9718061 -0.04275631 -0.08623582 0.9217721 -0.3780208 -0.2424623 0.8196266 -0.5190611 -0.4820411 0.1204605 -0.8678281 -0.4654953 0.07820218 -0.8815887 -0.6625959 0.05215233 -0.7471593 -0.6627485 0.05234426 -0.7470104 -0.2760148 0.1825336 -0.9436618 -0.2417979 0.09955281 -0.9652062 -0.02303957 0.2417267 -0.9700708 -0.004223465 0.115273 -0.9933249 0.2352782 0.2846746 -0.9293034 0.4589136 0.1263862 -0.8794459 0.2346111 0.1244629 -0.9640885 0.4942 0.308726 -0.8126836 0.6568753 0.1208856 -0.7442457 0.6700704 0.3101511 -0.6743975 0.8175336 0.1082503 -0.5656155 0.8104515 0.2963977 -0.5052888 0.8194692 0.05240666 -0.5707222 0.6568456 0.1207988 -0.7442859 0.8171576 0.1083262 -0.5661441 0.6590571 0.06482946 -0.7492936 0.4586354 0.1262297 -0.8796133 0.4606862 0.07349097 -0.8845154 0.2342367 0.1243152 -0.9641987 0.2359876 0.07813054 -0.9686101 -0.002493321 0.07782959 -0.9969636 -0.004254817 0.1153044 -0.9933211 -0.2404118 0.07355022 -0.9678805 -0.2420741 0.09978383 -0.9651132 -0.4646982 0.06478655 -0.8830959 -0.4655467 0.07823652 -0.8815584 -0.6623078 0.05216652 -0.7474136 -0.662513 0.05233335 -0.7472201 0.819458 0.05230599 -0.5707476 0.6588993 0.0648145 -0.7494337 0.819028 0.05225622 -0.5713689 0.6591694 0.06480634 -0.7491968 0.4603124 0.07349997 -0.8847092 0.46055 0.0736314 -0.8845746 0.2358075 0.07805335 -0.9686602 0.2359734 0.0780574 -0.9686194 -0.002595543 0.07804954 -0.9969462 -0.002601385 0.07805681 -0.9969455 -0.2405431 0.07356357 -0.9678468 -0.2408152 0.07354897 -0.9677802 -0.4649864 0.06482326 -0.8829416 -0.465143 0.06480735 -0.8828601 -0.6627416 0.05224543 -0.7470235 -0.6629351 0.05224871 -0.7468515 0.7709026 -0.02617782 0.6364149 0.7708923 -0.02617591 0.6364277 0.7708767 -0.02617394 0.6364466 0.6914725 -0.0262143 0.7219269 0.7185633 -0.02621185 0.6949675 0.7193197 -0.02621865 0.6941843 0.6921463 -0.02594143 0.7212909 0.7187451 -0.02627831 0.6947769 0.6921845 -0.02591902 0.7212551 0.7170621 -0.02633613 0.6965116 0.7152544 -0.02619761 0.698373 0.6884776 -0.0262019 0.7247843 0.6827322 -0.02621304 0.7301984 0.6805121 -0.04475229 0.731369 0.6786301 -0.05682134 0.7322791 0.7006732 -0.02620226 0.7130011 0.7131046 -0.0261594 0.7005695 0.7101193 -0.02623105 0.7035926 0.7066397 -0.02617686 0.7070893 0.7459317 -0.02619963 0.665507 0.7031276 -0.02618616 0.7105813 0.6997362 -0.02625077 0.7139188 0.6979894 -0.02614438 0.7156307 0.6961786 -0.02618569 0.7173909 0.7097015 -0.02619546 0.7040153 0.7325038 -0.0262053 0.6802584 0.6781942 -0.02620619 0.7344153 0.6799467 -0.02620005 0.7327933 0.678623 -0.02620655 0.7340192 0.4094841 -0.02582448 0.9119517 0.3903574 -0.02619236 0.9202908 0.42295 -0.02584195 0.9057845 0.5410927 -0.02619469 0.8405549 0.5525526 -0.02620166 0.8330662 0.6546559 -0.02619856 0.7554728 0.6019006 -0.02618855 0.7981416 0.6797829 -0.02619618 0.7329454 0.6435572 -0.02620691 0.7649493 -0.6626524 -0.05234068 -0.747096 -0.6631125 -0.05219167 -0.746698 -0.6627225 -0.05233865 -0.7470338 -0.6626396 -0.05256462 -0.7470916 -0.6626917 -0.05240559 -0.7470565 -0.6623935 -0.05224907 -0.7473319 -0.6627465 -0.05231511 -0.7470142 -0.6626926 -0.05238842 -0.747057 -0.6627718 -0.05229943 -0.7469929 -0.6626915 -0.05233812 -0.7470614 -0.6626808 -0.05239027 -0.7470672 -0.6627182 -0.05226641 -0.7470427 -0.6626913 -0.05233824 -0.7470616 -0.6626975 -0.05233639 -0.7470562 -0.6626963 -0.05231857 -0.7470586 -0.6627029 -0.05226212 -0.7470566 -0.6625813 -0.0526306 -0.7471386 -0.6625813 -0.0526306 -0.7471387 -0.662683 -0.05231821 -0.7470704 -0.6630693 -0.05224716 -0.7467325 -0.9585602 -0.2551881 0.1266545 -0.9425109 -0.324009 0.08180087 -0.9404954 -0.3198181 0.1148261 -0.990065 -0.1115972 0.08554124 -0.9817963 -0.1117979 0.1535492 -0.8567259 -0.5107316 0.071931 -0.8593143 -0.5060708 0.07396906 -0.8625934 -0.5001159 0.0762692 -0.8667392 -0.4923977 0.07942217 -0.8559354 -0.5122586 0.07046937 -0.8744597 -0.477845 0.08357423 -0.8817369 -0.4634473 0.08807218 -0.9425085 -0.3240162 0.08180004 -0.8530578 -0.517286 0.068614 -0.852223 -0.518696 0.06833893 -0.915833 -0.3875969 0.1049702 -0.9406418 -0.3193891 0.1148199 -0.3079327 -0.9486562 -0.07231146 -0.2710096 -0.959734 -0.07392191 -0.4062571 -0.9122146 -0.0531004 -0.1676929 -0.9817411 -0.08979666 -0.1866461 -0.9789854 -0.08216398 -0.4805017 -0.8755094 -0.05100363 -0.526147 -0.8497681 -0.03261256 -0.638608 -0.7691897 -0.02295815 -0.6241907 -0.7811959 -0.0109148 -0.942512 -0.324008 0.08179175 -0.8418869 -0.5358663 0.06382691 -0.8475385 -0.5266243 0.06592023 -0.8523344 -0.5185726 0.06788784 -0.755324 -0.6553224 0.00620073 -0.708255 -0.7058144 0.01417338 -0.7719109 -0.6346139 0.03766912 -0.85385 -0.5195917 0.0310598 -0.8352329 -0.5464524 0.06144732 -0.9444814 -0.3256002 0.04403817 0.2176858 -0.9700244 -0.1080071 0.1430417 -0.9818199 -0.1247749 0.2996814 -0.9470756 -0.1150606 0.2629604 -0.9578095 -0.1159868 0.1833097 -0.9775683 -0.1037202 0.1586071 -0.9822695 -0.09995263 0.1309434 -0.9869871 -0.09333044 0.1032043 -0.9911192 -0.08385604 0.02477276 -0.9964795 -0.08009284 0.01330429 -0.9928883 -0.1183043 0.03358429 -0.9968173 -0.07230186 0.0532099 -0.9960923 -0.07049131 0.04316085 -0.9966005 -0.07017678 0.01631999 -0.9988107 -0.04594498 0.0297113 -0.994074 -0.1045665 0.05869859 -0.998259 0.005791187 -0.02168077 -0.9937093 -0.1098726 -0.06877845 -0.9942364 -0.08224225 -0.09475249 -0.9906612 -0.09804368 -0.129153 -0.9871931 -0.0936461 -0.1647232 -0.9829536 -0.08166277 -0.1676939 -0.9817411 -0.08979535 -0.1868647 -0.9789469 -0.08212679 0.05944073 -0.9957298 -0.07063269 0.2368794 -0.9673199 -0.09044653 0.05061286 -0.9959572 -0.0742135 0.06518733 -0.9957196 -0.06552249 0.06590765 -0.9959138 -0.0617417 0.2006033 -0.9737994 -0.1071128 0.2996847 -0.9470753 -0.1150544 0.1429765 -0.9820218 -0.1232521 0.2664512 -0.9586668 -0.09980875 0.1173229 -0.9872961 -0.1071529 0.09451991 -0.9909779 -0.09502059 -0.01346731 -0.9965478 -0.08192217 0.01695871 -0.9966369 -0.0801717 0.1100425 -0.9895017 -0.09368568 0.120902 -0.9883666 -0.09227275 0.129229 -0.9874497 -0.0907911 0.03719586 -0.9963068 -0.07739078 0.1320273 -0.9893647 -0.0610432 0.2051694 -0.9763601 -0.06801897 0.06027269 -0.9973318 -0.04119104 0.06483674 -0.9962269 -0.05769091 0.2997701 -0.9470521 -0.1150236 0.4423087 -0.8846693 -0.1473889 0.2629693 -0.9578197 -0.1158825 0.4734015 -0.8742219 -0.107829 0.07566672 -0.9970423 0.01346218 0.6148446 -0.781046 -0.1092404 0.2505298 -0.9578942 -0.1402623 -0.8963035 -0.308525 0.3185158 0.6803931 -0.7202663 -0.1352099 0.8670546 -0.4728916 -0.1568118 0.9385458 -0.2997773 -0.1710714 0.7369998 -0.6627902 -0.1324409 0.6077533 -0.786131 -0.1124019 0.5863862 -0.8004372 -0.1243038 0.4882075 -0.8672277 -0.09782403 0.3281755 -0.9410183 -0.08237493 0.5896858 -0.7976043 -0.126878 0.5202137 -0.8457027 -0.1190164 0.4605841 -0.8804889 -0.1122566 0.205062 -0.9763803 -0.06805235 0.2369542 -0.9673038 -0.09042161 0.7557964 -0.639485 -0.1408227 0.9402902 -0.3059724 -0.1491147 0.7258951 -0.6761118 -0.1262897 0.8955231 -0.4219053 -0.1415433 0.621085 -0.7745248 -0.1198545 0.5604428 -0.8202177 -0.1146597 0.453808 -0.8846758 -0.1068044 0.2665203 -0.9586508 -0.099779 0.6462043 -0.754473 -0.1148505 0.8033262 -0.5816214 -0.1279987 0.7153321 -0.6888096 -0.1176488 0.569227 -0.8147091 -0.1105886 0.5802525 -0.806985 -0.1099199 0.5156601 -0.8500235 -0.1074938 0.4771765 -0.872409 -0.1058546 0.2997848 -0.9470455 -0.1150391 0.4691547 -0.8757977 -0.1134564 0.4726794 -0.873982 -0.1128257 0.5210865 -0.8456079 -0.1158289 0.9231038 -0.3012111 -0.2390638 0.9643075 -0.1081054 -0.2417115 0.9647921 -0.1082094 -0.2397229 0.9817289 -0.1082116 -0.1565206 0.9385653 -0.2997136 -0.171076 0.9778466 -0.1079922 -0.1793152 0.9402835 -0.3059883 -0.1491244 0.9600942 -0.1991119 -0.1964015 -0.9901654 -0.1114366 0.08458429 -0.9425303 -0.3239545 0.08179396 -0.9901073 -0.111402 0.0853067 -0.9924829 -0.1122702 0.04871422 -0.9445284 -0.3254631 0.0440467 -0.9813023 -0.05229866 0.1852315 -0.9812833 -0.05264711 0.1852332 -0.9812834 -0.05264711 0.1852331 -0.9812834 -0.05264711 0.1852332 -0.9812829 -0.05265718 0.1852324 -0.9812829 -0.05265718 0.1852324 -0.9813008 -0.0523144 0.185235 0.1786279 -0.9831925 -0.03774648 0.09666919 -0.9953005 -0.005649209 0.1218103 -0.9924761 -0.01239073 0.1580418 -0.9871741 -0.0225889 0.07989323 -0.996801 -0.00223118 0.06960296 -0.9975655 -0.004326105 0.205174 -0.9763585 -0.06802904 0.06027281 -0.9973317 -0.04119151 0.8747595 -0.2980901 -0.3820185 0.9030029 -0.3589079 -0.2361587 0.8646169 -0.4475058 -0.2284217 0.9231244 -0.3011474 -0.2390637 0.791679 -0.3747143 -0.4825285 0.8100438 -0.2979146 -0.5050506 0.7467929 -0.4969017 -0.4420285 0.6423785 -0.6814666 -0.3506468 0.7310786 -0.654008 -0.1944165 0.5394371 -0.80005 -0.2625409 0.561011 -0.8151723 -0.1440869 0.4098196 -0.8983462 -0.1581839 0.3680849 -0.9262863 -0.08066618 0.2317395 -0.97184 -0.04270702 0.1749321 -0.9843212 -0.02260011 0.2050905 -0.9763744 -0.06805235 0.1787609 -0.9831653 -0.03782516 0.3282233 -0.9409907 -0.08249872 0.9018079 -0.3906984 -0.1846545 0.9385424 -0.2997899 -0.1710684 0.8670361 -0.4729003 -0.1568872 0.9231139 -0.3011938 -0.2390461 0.9030009 -0.3588953 -0.2361857 0.8207241 -0.5469362 -0.1651451 0.736986 -0.6628045 -0.1324458 0.5530482 -0.8262776 -0.1067851 0.6077495 -0.7861344 -0.1123989 0.4881801 -0.8672463 -0.09779584 0.4655979 -0.8795915 -0.09765988 0.3679944 -0.9263193 -0.08070158 0.5609895 -0.8152081 -0.1439679 0.3092042 -0.9491379 -0.05941623 0.1749356 -0.9843207 -0.02259343 0.1578257 -0.9872119 -0.02244448 0.2562847 -0.9652756 -0.05060809 0.6867555 -0.7078763 -0.1651607 0.7310319 -0.6540902 -0.1943152 0.8646025 -0.4475693 -0.2283515 0.8105128 -0.29631 -0.5052421 0.8172208 -0.1084974 -0.5660201 0.8836073 -0.1084139 -0.4555048 0.874863 -0.2976959 -0.3820891 0.924933 -0.1081126 -0.364432 0.9231363 -0.3011132 -0.2390614 0.9644199 -0.1081663 -0.2412353 0.5371947 -0.02619963 0.8430513 0.3357523 -0.02616924 0.9415868 0.5493384 -0.02618801 0.8351897 0.7314978 -0.0262016 0.6813402 0.3096959 -0.02620112 0.9504747 0.103008 -0.02622908 0.9943346 0.09288483 -0.02618378 0.9953325 -0.1354246 -0.02620208 0.9904412 -0.01927024 -0.02619552 0.9994711 -0.1199225 -0.01752793 0.9926285 -0.07230311 0.008639156 0.9973453 -0.1334782 -0.02619785 0.9907054 -0.3029338 -0.02620929 0.9526512 -0.2197225 -0.02620679 0.9752104 -0.1333825 -0.02620345 0.9907182 -0.3431316 -0.02617585 0.9389225 -0.4326717 -0.02620613 0.9011706 -0.4315396 0.003699898 0.9020865 -0.4194543 0.2045735 0.8844252 -0.4311409 -0.02619796 0.9019044 -0.5040575 -0.02620625 0.8632724 -0.4801108 -0.02618843 0.8768169 -0.455694 -0.02618402 0.8897514 -0.4308284 -0.02620625 0.9020534 -0.5042452 -0.02620065 0.8631631 -0.5041588 -0.02619683 0.8632136 -0.6363645 -0.0262342 0.7709423 -0.5721353 -0.02619457 0.8197409 -0.5041654 -0.0261994 0.8632097 -0.6937595 -0.02620995 0.7197297 -0.6963976 -0.0261377 0.7171801 -0.6916547 -0.02625638 0.721751 -0.6937919 -0.02619969 0.7196989 -0.7828136 -0.02618479 0.6217052 -0.6937827 -0.02619689 0.7197079 -0.81863 -0.02619928 0.5737234 -0.858204 -0.02619689 0.5126398 -0.8609945 -0.02618187 0.5079401 -0.8635087 -0.026102 0.5036581 -0.8557473 -0.02619969 0.5167304 -0.7689468 -0.02620041 0.6387757 -0.8558067 -0.02619749 0.5166321 -0.7689917 -0.02618914 0.6387222 -0.6689741 -0.02618765 0.7428244 -0.6696299 -0.02620232 0.7422326 -0.5504709 -0.02620017 0.8344432 -0.5511712 -0.02620166 0.8339808 -0.5222252 -0.02620053 0.8524051 -0.444059 -0.02620047 0.8956144 -0.5235905 -0.02619808 0.8515673 -0.3728165 -0.02620398 0.9275351 -0.5209858 -0.02617955 0.8531639 -0.244723 -0.02620327 0.969239 -0.1737366 -0.02619737 0.9844437 -0.07116591 -0.02620112 0.9971203 0.04741686 -0.02620178 0.9985315 0.2286102 -0.02619868 0.9731655 0.1702798 -0.02619183 0.9850476 0.4004794 -0.02612727 0.9159332 0.3926116 -0.02619659 0.9193312 0.4045221 -0.02656221 0.9141425 0.4085974 -0.02608209 0.912342 0.9829409 -0.05242073 -0.1762934 0.9861648 -0.05228346 -0.1573071 0.9861474 -0.05228686 -0.1574155 0.9822427 -0.0522983 -0.180178 0.96911 -0.05231338 -0.2410172 0.969102 -0.05230993 -0.2410497 0.9691085 -0.05232191 -0.2410215 0.96907 -0.0523163 -0.241177 0.9686396 -0.05232101 -0.242899 0.9294041 -0.05229872 -0.3653396 0.9288029 -0.05230289 -0.3668647 0.8862658 -0.0522902 -0.4602159 0.8836098 -0.05229246 -0.4652949 0.8191793 -0.05228775 -0.5711491 0.8194099 -0.05231308 -0.570816 0.9822657 -0.05186122 -0.1801789 0.9680236 -0.07109081 -0.2405752 0.9690765 -0.05297845 -0.2410068 0.9666659 -0.08892381 -0.2401034 0.9649453 -0.1072345 -0.2395444 0.9778937 -0.1075595 -0.1793175 0.9861247 -0.05278581 -0.1573904 0.9816876 -0.1085985 -0.1565121 0.9249332 -0.1080688 -0.3644445 0.9661289 -0.08990114 -0.2418941 0.9643453 -0.1087933 -0.2412515 0.9675968 -0.07058292 -0.242435 0.9686704 -0.05159229 -0.2429319 0.929429 -0.05232381 -0.3652726 0.8836644 -0.1084169 -0.4553934 0.8864256 -0.05255669 -0.4598779 0.8177396 -0.1085745 -0.5652552 0.8194754 -0.05258393 -0.5706971 0.9691457 -0.05218601 -0.2409007 0.9676256 -0.07064521 -0.2423018 0.9686512 -0.05085337 -0.2431646 0.9681205 -0.07125872 -0.2401354 0.9661895 -0.08993148 -0.2416408 0.9665682 -0.08950489 -0.2402808 0.9643934 -0.108388 -0.2412412 0.9648063 -0.1076273 -0.2399278 -0.997287 -0.05231785 0.05178469 -0.994968 -0.05231159 0.08545356 -0.9973316 -0.05232536 0.05091041 -0.9949665 -0.0523014 0.08547794 -0.9949687 -0.05229097 0.08545726 -0.9865853 -0.05229097 0.1546453 -0.9852061 -0.05228048 0.1632045 -0.9949039 -0.05230641 0.08620011 -0.9949305 -0.05234026 0.08587145 -0.9817844 -0.1119213 0.1535356 -0.9920648 -0.09186857 0.08583539 -0.9900737 -0.111505 0.08556097 -0.9936757 -0.07206159 0.0861147 -0.9949077 -0.05213212 0.08626198 -0.986566 -0.05262213 0.1546564 -0.9937171 -0.07204723 0.08564758 -0.9937225 -0.07148367 0.08605629 -0.9949426 -0.0515182 0.08622765 -0.9949633 -0.05237859 0.0854671 -0.9920897 -0.09202653 0.08537673 -0.9920907 -0.09155845 0.08586627 -0.9901417 -0.1116042 0.08464038 -0.9901558 -0.1108856 0.08541655 -0.9924983 -0.1121293 0.04872697 -0.9949558 -0.05253547 0.08545786 -0.9972923 -0.05222707 0.05177319 -0.9901575 -0.1114272 0.0846886 -0.9920784 -0.09244537 0.08505535 -0.9936932 -0.07286429 0.08523303 0.5447244 -0.6978442 0.4650686 0.2808954 -0.9296729 0.2383405 0.4090338 -0.8438783 0.3472188 0.522091 -0.728934 0.4428049 0.6791965 -0.4139255 0.6061005 0.1429799 -0.9822676 0.1212735 -0.02961516 -0.9757518 0.2168673 -1.99769e-6 -1 -5.52833e-6 2.17855e-5 -1 5.1856e-6 -0.05783337 -0.9041543 0.4232735 -0.08329445 -0.7887794 0.6090067 -0.1046057 -0.6351968 0.7652338 -0.1209309 -0.4506367 0.8844786 -0.1313616 -0.2443692 0.9607434 -0.1354508 -0.02640706 0.9904322 0.1029991 -0.02623778 0.9943354 0.5013672 -0.7284449 0.4669036 -1.13618e-4 -1 4.06876e-5 -1.43051e-6 -1 -2.58461e-5 0.6531425 -0.4509581 0.6083105 0.7096231 -0.2445147 0.6607932 0.7315801 -0.02599841 0.6812596 0.116034 -0.9822449 0.1474146 0.2278225 -0.9296475 0.2895731 0.3315519 -0.8440579 0.4214732 0.4235562 -0.7285246 0.5383792 0.5519641 -0.4507622 0.7015335 0.5995913 -0.2443494 0.7620917 0.5492393 -0.02621775 0.8352538 0.3763889 -0.7284852 0.5723992 -1.82018e-5 -1 -3.37586e-5 0.4905286 -0.4506444 0.7458561 0.5327746 -0.2443236 0.8102205 0.08428335 -0.9822615 0.1675077 0.1655362 -0.929626 0.3292316 0.2409687 -0.8439999 0.4791643 0.3077431 -0.7285037 0.6120266 0.401046 -0.4506421 0.7975488 0.4356866 -0.2441018 0.8663668 0.3357827 -0.02577209 0.9415869 0.2300583 -0.728439 0.6453292 1.67377e-5 -1 5.61774e-5 0.2997888 -0.450904 0.8407213 0.3256912 -0.2443802 0.9133475 0.04919427 -0.9822403 0.1810634 0.09662181 -0.9296627 0.355516 0.1405509 -0.8440601 0.5175018 0.1796718 -0.728448 0.6611216 0.2340306 -0.4506589 0.8614734 0.2542498 -0.2443133 0.9357715 0.07067042 -0.7284329 0.6814625 0.09212356 -0.4507895 0.8878639 0.09984594 -0.2444432 0.9645094 -0.2741561 -0.715689 0.6423611 -0.3342995 -0.6351653 0.6962822 -0.2661033 -0.7887601 0.5541179 -0.3863577 -0.4507998 0.8046784 -0.4196549 -0.2441934 0.8742193 -0.4326248 -0.02584898 0.9012034 -0.3025892 -0.02624315 0.9527598 -0.237457 -0.7962366 0.5564363 -5.49234e-4 -0.999999 0.001344442 -0.2000427 -0.8604229 0.4686741 -4.86635e-5 -1 3.57926e-5 -0.09473371 -0.9757675 0.1972394 -0.1848895 -0.9041818 0.38506 -0.2285725 -0.7157307 0.6599123 -8.68693e-4 -0.9999949 0.003095626 -0.2000473 -0.7150141 0.6698776 -0.1709774 -0.715002 0.6778931 -0.2195578 -0.02625709 0.9752462 -0.1505043 -0.5313437 0.83368 -0.1350922 -0.02629482 0.9904841 -0.1043795 -0.6351339 0.7653169 -0.1207123 -0.4506592 0.884497 -0.1310659 -0.2443707 0.9607834 -0.1387855 -0.624911 0.768261 -0.1239561 -0.7162045 0.6867941 -1.04271e-4 -1 5.6101e-5 -0.02969789 -0.9757165 0.217015 -0.05769634 -0.9041091 0.4233888 -0.08304035 -0.7887459 0.6090848 -2.33464e-5 -1 4.59403e-5 -0.001183688 -0.9999992 -4.71845e-4 -0.09440606 -0.9757532 0.197467 -0.5043014 -0.02630269 0.8631271 -0.4891259 -0.2443431 0.8372887 -0.4800727 -0.0261752 0.8768382 -0.09977948 -0.9757748 0.1946993 -0.1842728 -0.9040835 0.3855861 -0.1946861 -0.9042501 0.3800383 -0.2651046 -0.788712 0.5546649 -0.2802491 -0.7886837 0.5472097 -0.3330972 -0.6350193 0.6969915 -0.3521303 -0.6350134 0.6875771 -0.3848835 -0.4507123 0.8054336 -0.4069486 -0.4507281 0.7945044 -0.418096 -0.2441777 0.8749703 -0.1051751 -0.9757146 0.192144 1.91666e-5 -1 -1.95876e-5 5.8528e-5 -1 -6.81728e-6 -0.1103494 -0.9757453 0.1890614 -0.4420596 -0.2441304 0.8631244 -0.4309442 -0.02579635 0.9020099 -0.4556803 -0.02604103 0.8897625 -0.2051694 -0.904152 0.3747195 -0.2153724 -0.9042156 0.368794 -0.2951982 -0.7888765 0.5390102 -0.3099635 -0.7888292 0.530727 -0.3710886 -0.6348892 0.6776496 -0.3894703 -0.6351064 0.6670477 -0.4288384 -0.4503201 0.7831408 -0.450108 -0.4507433 0.7708654 -0.4657504 -0.2441738 0.850562 -0.5721169 -0.02636522 0.8197482 -0.4890139 -0.2443852 0.8373419 -0.504171 -0.02614086 0.8632082 -0.1524139 -0.9757659 0.1570062 1.09971e-5 -1 2.87965e-5 -1.29715e-5 -1 2.03624e-5 -0.1252714 -0.9757655 0.1794124 5.95434e-5 -1 -2.53795e-5 -0.1104894 -0.9757312 0.1890525 -3.09944e-5 -1 3.05474e-5 -0.2444141 -0.9042261 0.3501957 -0.2154814 -0.9041308 0.3689383 -0.3518686 -0.7886214 0.5042467 -0.3099939 -0.7887871 0.5307719 -0.4420835 -0.6351031 0.6334084 -0.38957 -0.6350965 0.666999 -0.5108494 -0.4508917 0.7319355 -0.4502677 -0.4507392 0.7707744 -0.55495 -0.2442997 0.7952033 -0.139418 -0.9757316 0.1688506 -0.2719579 -0.904138 0.3295047 -0.29745 -0.9042317 0.3064123 -0.3913142 -0.7887181 0.4741277 -0.4281688 -0.7887704 0.4410359 -0.4916868 -0.6350342 0.5957984 -0.538044 -0.6351127 0.5542027 -0.5682623 -0.4505666 0.6885258 -0.6218738 -0.4506361 0.6404688 -0.617317 -0.2439257 0.7479439 -0.6754572 -0.2443431 0.6957399 -0.6963609 -0.02640593 0.7172059 -0.6363132 -0.02634787 0.7709807 -0.7825375 -0.02617353 0.6220532 -0.832498 -0.2441601 0.497326 -0.7665002 -0.4504562 0.4577848 -0.8581947 -0.02650284 0.5126397 -0.001682519 -0.9999977 0.001376986 -0.1878955 -0.9757452 0.1123235 -3.64408e-5 -1 9.00403e-6 -0.3667609 -0.9041393 0.2191314 -0.6740814 -0.2441347 0.697146 -0.6948857 -0.0261985 0.7186428 -0.6206705 -0.4503788 0.6418154 -0.1521666 -0.9757282 0.1574802 -0.2970106 -0.904114 0.3071852 3.23276e-5 -1 1.05612e-4 -0.5469299 -0.7154044 0.4348152 -0.5276836 -0.7888102 0.3151643 -0.6630705 -0.6352387 0.3959916 -0.4272093 -0.7888226 0.4418724 -0.5369465 -0.6351361 0.5552392 -4.14252e-5 -1 1.57207e-5 -6.79633e-6 -1 -1.531e-5 -0.1870188 -0.9757714 0.1135526 -0.3649212 -0.9042696 0.2216506 -0.7691835 -0.02630734 0.6384862 -0.7629896 -0.4503601 0.4637053 -0.828672 -0.2442288 0.5036417 -0.854254 -0.02698105 0.5191553 -0.1522672 -0.9612602 0.2297683 5.31822e-5 -1 -4.90248e-6 -1.56462e-6 -1 -8.37445e-6 -0.5349062 -0.2543537 0.8057168 -0.4885166 -0.46865 0.7360154 -0.6687181 -0.02622866 0.7430533 -0.552991 -0.02619373 0.8327755 -0.5368883 -0.7163839 0.4455839 -0.5252307 -0.7888643 0.3191014 -0.6601303 -0.6350963 0.4010995 -0.5031005 -0.7164021 0.4833819 -0.4665505 -0.7163943 0.5187581 -0.2884925 -0.8529053 0.4351145 -0.4035041 -0.6836003 0.6081737 0.1371815 -0.7162863 0.6841896 -8.60542e-6 -1 1.01924e-5 -3.08147e-5 -1 5.29885e-5 0.2248736 -0.7161285 0.660751 0.2974724 -0.6355313 0.7124677 0.2365769 -0.7891992 0.5667415 0.3439419 -0.4508561 0.8236704 0.3734201 -0.2444995 0.8948617 0.3849016 -0.02641701 0.9225795 0.1698308 -0.02616667 0.9851258 0.194741 -0.7967255 0.5721055 0.1638517 -0.8609679 0.4815466 5.25191e-5 -1 -1.05649e-5 0.08402788 -0.9759282 0.2012547 0.1643231 -0.9045424 0.3934476 0.0886929 -0.7162423 0.6921927 0.003744363 -0.716258 0.6978256 1.11014e-4 -1 1.13457e-4 -0.07065856 -0.02612638 0.9971584 -0.04049837 -0.7162693 0.6966479 -0.0823183 -0.716364 0.6928538 -7.30976e-5 -1 2.82705e-4 -0.1435185 -0.7166222 0.6825358 -0.2451064 -0.02638596 0.9691371 -0.218751 -0.7158268 0.663129 -5.00828e-4 -0.9999992 0.001235842 -0.4437953 -0.02622252 0.8957445 -0.2847897 -0.7161435 0.6372075 -0.4333136 -0.4852268 0.7594699 -0.5230141 -0.02607387 0.8519253 -0.4621474 -0.4686703 0.7528401 -0.5059226 -0.2543988 0.8242108 -0.3962123 -0.6006389 0.6944414 -0.3818055 -0.6834897 0.6221467 -0.3457245 -0.7164639 0.6059324 6.87875e-6 -1 -2.79676e-6 -0.1441726 -0.9612652 0.234912 -0.273105 -0.8528847 0.4449735 0.3903596 -0.02632611 0.9202861 0.5526053 -0.02689236 0.8330092 0.5359492 -0.2445196 0.8080647 0.3786762 -0.2441248 0.8927528 0.4933987 -0.4507693 0.743885 0.3486414 -0.4504353 0.821923 0.4269236 -0.6352041 0.6436242 0.3015928 -0.6350529 0.7111608 0.3396259 -0.7889212 0.5121109 0.23996 -0.7887343 0.5659658 0.2359372 -0.9043356 0.3556835 0.1668519 -0.9041231 0.3933473 0.1209904 -0.9757753 0.1822745 0.08547902 -0.9757493 0.2015113 2.26125e-5 -1 1.06543e-6 1.95447e-5 -1 -3.32459e-5 0.6435126 -0.02626162 0.764985 0.6383676 -0.6438606 0.4218178 0.6010271 -0.02029675 0.7989709 -0.06007975 0.02945697 -0.9977589 -0.5134634 -0.3370528 -0.7891456 0.5009915 -0.6435759 0.5786343 -2.39201e-5 -1 1.22359e-4 0.1206316 -0.9757431 0.1826844 0.2354976 -0.9042263 0.3562526 0.3392422 -0.7888513 0.5124729 0.4265267 -0.6350755 0.6440141 0.5304153 -0.5587098 0.6375759 0.5522522 -0.4733898 0.6862359 0.4933262 -0.4504223 0.7441431 0.5360112 -0.2441624 0.8081316 0.5525965 -0.02621567 0.8330366 0.9983493 -0.05123156 -0.02595961 0.9953331 -0.04967051 0.08273512 0.9861048 -0.05236709 -0.1576552 0.9862254 -0.05224794 -0.1569388 0.9930926 -0.04937452 0.1064396 0.9704437 -0.04655355 0.2367947 0.9469723 -0.04450261 0.3182187 0.9087733 -0.04073691 0.4152973 0.8440326 -0.03644406 0.5350521 0.8147656 -0.0340839 0.5787879 0.6924533 -0.02618819 0.7209873 0.691602 -0.02622824 0.7218024 0.995305 -0.05007708 0.08282697 0.9919923 -0.09464108 0.08363258 0.9816995 -0.1082929 -0.1566487 0.986115 -0.05270749 -0.1574771 0.946998 -0.04423332 0.3181797 0.9448223 -0.07564502 0.3187299 0.8430293 -0.05241268 0.535308 0.8439025 -0.03631174 0.5352664 0.6920841 -0.0263015 0.7213376 0.6924178 -0.02571797 0.7210383 0.8056212 -0.08761006 0.5859172 0.8430693 -0.0524519 0.535241 0.6925382 -0.02609664 0.7209091 0.7000383 -0.02635008 0.7136191 0.8871663 -0.1471586 0.4373563 0.9447821 -0.07576274 0.3188209 0.9398449 -0.2020211 0.275462 0.9919877 -0.09479773 0.08351016 0.9624505 -0.2498538 0.1061236 0.9403353 -0.3058311 -0.1491211 0.9816741 -0.1082578 -0.1568323 0.7098391 -0.02592301 0.7038868 0.8871696 -0.1471447 0.4373542 0.8058462 -0.08745658 0.5856308 0.7007192 -0.02588599 0.7129674 0.8959928 -0.4209241 -0.1414926 0.9402962 -0.3059672 -0.1490878 0.9624395 -0.2498942 0.1061275 0.9398962 -0.2018331 0.2754244 0.4746525 -0.873606 -0.1073209 0.6853067 -0.6808226 0.2585254 0.6156584 -0.7796676 0.1143817 0.4757409 -0.8729718 -0.1076605 0.8980351 -0.3018554 0.3200255 0.7325652 -0.02620404 0.6801924 0.8035565 -0.5812702 -0.1281484 0.8814753 -0.3497395 0.317307 0.8702319 -0.3837838 0.3088794 0.7470253 -0.02865606 0.6641778 0.7152083 -0.6889548 -0.1175517 0.8464633 -0.431693 0.3116746 0.8164447 -0.4683611 0.3377216 0.6145159 -0.7812559 -0.109588 0.7626546 -0.529078 0.3720679 0.688463 -0.02615875 0.7247995 0.7425314 -0.4939066 0.4524417 0.7430759 -0.2662687 0.6139537 0.4670978 -0.8717949 -0.1476258 0.5868369 -0.8069692 0.0665068 0.4424449 -0.8846163 -0.1472985 0.6167096 -0.7788521 0.1142758 0.6856126 -0.6804968 0.2585723 0.6863523 -0.6752809 0.2700303 0.7424625 -0.4938842 0.4525792 0.739702 -0.4898823 0.4613636 0.7430851 -0.2664295 0.6138728 0.7385975 -0.2681823 0.6185079 0.6885601 -0.02631503 0.7247017 0.6827482 -0.02618587 0.7301844 0.4633014 -0.869993 -0.1687135 0.6158864 -0.6498267 0.4454316 0.3683103 -0.9272403 0.0676245 0.2629426 -0.9578018 -0.1160905 0.456896 -0.8541452 0.2483591 0.5247561 -0.7417458 0.4176652 0.5684019 -0.5955539 0.5676574 0.6379262 -0.5666308 0.5215167 0.6547272 -0.02634513 0.755406 0.6510909 -0.481921 0.5863726 0.5412197 -0.02602559 0.8404784 0.5859928 -0.4222262 0.6916196 0.5768081 -0.2292897 0.78404 0.6996917 -0.6042169 0.3812527 0.4422144 -0.8847315 -0.1472983 0.5860122 -0.8075112 0.06719678 0.6851451 -0.6760683 0.2711234 0.7380816 -0.4909518 0.4628195 0.7239126 -0.4952926 0.4802457 0.6796542 -0.04527693 0.732134 0.6789392 -0.05147737 0.7323877 0.7364833 -0.2695584 0.6204278 0.3867084 -0.01407372 0.9220948 0.576521 -0.22978 0.7841076 0.5410127 -0.0265116 0.8405966 0.3953642 0.05152541 0.9170782 0.3878127 0.02332317 0.9214431 0.4344369 -0.2879063 0.8534486 0.5857623 -0.4226903 0.6915314 0.4447548 -0.5281934 0.7233291 0.5680969 -0.5957664 0.5677399 0.4218249 -0.7289456 0.5391681 0.524438 -0.7418436 0.4178912 0.3703879 -0.8709793 0.3228125 0.4567601 -0.8541465 0.2486043 0.3176227 -0.9355809 0.1542868 0.3683931 -0.927187 0.06790328 0.2175776 -0.9700483 -0.1080104 0.2629424 -0.9578114 -0.1160116 0.430123 -0.2894841 0.8550984 0.4692916 -0.004748463 0.8830305 0.4284445 -0.01742535 0.9034001 0.3570182 -0.712436 0.6041299 0.2289724 -0.02774024 0.9730376 0.1832901 -0.9775727 -0.103713 0.2180456 -0.9700096 -0.1074132 0.3166387 -0.9357444 0.1553137 0.3684657 -0.8712755 0.3242102 0.4193115 -0.7292791 0.5406755 0.440954 -0.5292119 0.72491 0.2755469 -0.7245277 0.6317702 0.2040503 -0.7323048 0.6496872 0.0472849 -0.02598553 0.9985434 0.1122207 -0.741477 0.6615273 0.1585971 -0.9822716 -0.09994834 0.0203163 -0.748903 0.6623682 -0.17391 -0.02608996 0.9844159 -0.0698015 -0.7538047 0.6533806 0.1309333 -0.9869968 -0.09324163 -0.1560211 -0.7562264 0.6354361 -0.3722679 -0.02619862 0.9277556 0.1032246 -0.9911117 -0.08391958 -0.2133152 -0.7559452 0.6189052 -0.2993778 -0.7515447 0.5878381 -0.5228638 -0.02623409 0.8520125 -0.4362075 -0.5411809 0.7189203 -0.3420873 -0.74776 0.5690619 -0.4979645 -0.29462 0.8156166 -0.2362431 -0.8444225 0.4807702 -0.2275449 -0.8944239 0.3850057 -0.173554 -0.9116303 0.3725711 -0.08553749 -0.9841611 0.1552754 0.05319577 -0.9960992 -0.07040411 0.03212034 -0.9969118 -0.07166081 -0.1964018 -0.9789723 0.05513304 0.02472484 -0.9964829 -0.08006536 -0.7699213 -0.02556413 0.6376268 -0.8420524 -0.02598738 0.5387696 -0.8488759 -0.02663195 0.5279209 -0.8267233 -0.2904292 0.4818499 -0.09308117 -0.9842423 0.1503427 0.04261642 -0.9967216 -0.06877511 0.05321902 -0.9960923 -0.0704838 -0.5463434 -0.02632719 0.8371475 -0.6685329 -0.02585309 0.7432332 -0.5256366 -0.2950113 0.7979189 -0.5413411 -0.02629178 0.8403921 -0.5336185 -0.7401181 0.4092391 -0.4203299 -0.8857621 0.1968458 -0.5970939 -0.7383905 0.3134621 -0.7382805 -0.5337617 0.4123595 -0.4960199 -0.7419714 0.4510465 -0.4550566 -0.7435986 0.4898821 -0.2424993 -0.8946194 0.3753002 -0.3629263 -0.7478135 0.5559313 -0.4612972 -0.5413451 0.7029584 -0.8186536 -0.02581942 0.5737071 -0.8288977 -0.290369 0.4781365 -0.8579529 -0.02585673 0.5130774 -0.7969462 -0.2918906 0.5288445 -0.7401517 -0.5338294 0.4089031 -0.7168709 -0.5367269 0.4449949 -0.5985177 -0.7384708 0.3105441 -0.5840356 -0.7422071 0.3286808 -0.4212606 -0.8858118 0.1946204 -0.4153303 -0.8887186 0.1941143 -0.1970079 -0.9789066 0.05412662 -0.200308 -0.9791584 0.03354877 0.02484363 -0.9964787 -0.08008164 -0.01917648 -0.9789966 -0.2029727 -0.3795208 -0.1148799 -0.9180232 0.7976288 -0.5908634 0.1211149 0.7685124 0.5549489 0.318466 -0.1998718 -0.9792304 0.03404933 -0.6892936 -0.02676683 0.7239875 -0.818578 -0.02636975 0.5737898 -0.6849794 -0.0260989 0.7280949 -0.7965546 -0.2923933 0.5291569 -0.6816345 -0.2897996 0.6718561 -0.6206355 -0.5319563 0.5760504 -0.7160283 -0.5371519 0.4458379 -0.5151264 -0.7362368 0.4388624 -0.5831899 -0.7423551 0.3298463 -0.3784385 -0.8832926 0.2767286 -0.4146752 -0.8887882 0.1951923 -0.2010695 -0.9763507 0.07943952 -0.02177351 -0.993717 -0.1097844 -0.02169626 -0.9937179 -0.1097915 -0.2056083 -0.9737583 0.09757065 -0.09474241 -0.9906628 -0.0980367 -0.2016153 -0.9762914 0.07878077 -0.3059803 -0.9073449 0.2882727 -0.3797385 -0.8831083 0.2755334 -0.390769 -0.794788 0.4643403 -0.5169088 -0.7359482 0.4372478 -0.4557164 -0.641761 0.6168189 -0.6228358 -0.5316635 0.5739421 -0.4973993 -0.4563109 0.7378173 -0.6840552 -0.2894703 0.6695338 -0.513797 -0.2476765 0.8213824 -0.6963379 -0.02629554 0.7172322 -0.5041769 -0.02648031 0.8631945 -0.4076554 -0.02725797 0.912729 -0.5138205 -0.2473233 0.8214741 -0.5041419 -0.02594488 0.863231 -0.449512 -0.2558429 0.8558525 -0.3800885 -0.02584445 0.9245891 -0.497234 -0.4563497 0.7379047 -0.4432847 -0.4714541 0.7623844 -0.4554873 -0.6419243 0.6168181 -0.4061318 -0.6859103 0.6038081 -0.3906983 -0.7947785 0.4644159 -0.3381571 -0.8525933 0.398415 -0.3058879 -0.9073488 0.2883591 -0.2445094 -0.9560376 0.1618868 -0.2055597 -0.9737662 0.09759491 -0.1292312 -0.987186 -0.09361231 -0.09486573 -0.9906573 -0.09797251 -0.1293103 -0.9871728 -0.09364217 -0.2399099 -0.9631597 0.121518 -0.1675788 -0.9817561 -0.08984661 -0.24491 -0.9559658 0.1617051 -0.3001962 -0.8961898 0.3266896 -0.3389358 -0.8524481 0.398064 -0.3452973 -0.7843273 0.5153644 -0.4070657 -0.6857256 0.6033889 -0.3730809 -0.6328491 0.6784635 -0.4443747 -0.4712279 0.7618894 -0.3821356 -0.4497188 0.8072951 -0.4506725 -0.2557209 0.8552785 -0.3720463 -0.2442319 0.8955068 -0.4321962 -0.02652293 0.9013896 -0.3431313 -0.02633541 0.9389182 -0.1593 -0.02952831 0.9867886 -0.3719306 -0.2441605 0.8955743 -0.3431791 -0.02632158 0.9389012 -0.1951223 -0.2505636 0.9482327 -0.1942419 -0.03105258 0.9804621 -0.3819975 -0.4496744 0.8073852 -0.244571 -0.4611423 0.8529555 -0.3730195 -0.6328682 0.6784794 -0.2842009 -0.6701859 0.6856244 -0.3453657 -0.784327 0.5153192 -0.3030909 -0.8321036 0.464478 -0.3001365 -0.8961839 0.3267608 -0.2988768 -0.9315947 0.2068911 -0.2399093 -0.9631649 0.1214784 -0.2709651 -0.9597377 -0.07403683 -0.1675254 -0.9817571 -0.0899344 -0.5191729 -0.7016683 0.4879765 -0.8352966 -0.5463479 0.06151217 -0.7716216 -0.6349127 0.03854924 -0.1438046 -0.6456166 0.7499997 -0.1307497 -0.6406369 0.75663 -0.7082747 -0.7057926 0.01427716 0.537051 -0.02591979 0.8431516 -0.1618387 -0.6509829 0.7416397 0.3097976 -0.02618974 0.9504418 -0.62413 -0.7812464 -0.01075989 -0.1912923 -0.6580437 0.7282759 -0.5259581 -0.8498865 -0.03257334 -0.2105783 -0.6633692 0.7180517 -0.2329175 -0.6718022 0.7031581 0.09334611 -0.02590298 0.9952967 -0.4056857 -0.9125386 -0.05188888 -0.2495404 -0.6802158 0.6892287 -0.2597849 -0.6858417 0.6798037 -0.01892685 -0.02480524 0.9995132 -0.2779651 -0.695308 0.6627837 -0.2712917 -0.9596496 -0.07398343 -0.2992166 -0.9314914 0.2068651 -0.3033434 -0.8319997 0.4644989 -0.2846893 -0.6700744 0.6855307 -0.2482546 -0.583938 0.7729076 -0.2449887 -0.4610533 0.8528836 -0.2164118 -0.4718641 0.854699 -0.195601 -0.2504774 0.9481569 -0.1355725 -0.02617704 0.9904216 -0.5445529 -0.7132509 0.4412882 -0.238242 -0.6625097 0.7101562 -0.3452965 -0.6873086 0.6390441 -0.4382036 -0.6994011 0.5646377 0.3455737 -0.3535054 0.8692599 0.7313544 -0.02617192 0.6814953 0.3808568 -0.3481081 0.8566032 -0.112892 -0.6212469 0.7754404 -0.5234516 -0.737739 0.4263092 -0.3622049 -0.6726506 0.6452509 -0.7347525 -0.6248623 0.2639809 -0.5921082 -0.6676188 0.4513239 -0.415619 -0.6718789 0.6130576 -0.2153578 -0.6378802 0.7394119 -0.2371061 -0.6483966 0.7234381 -0.1185008 -0.6136825 0.7806096 -0.002925753 -0.5673326 0.8234836 -0.08657199 -0.6085073 0.7888119 -0.1164154 -0.6274152 0.7699335 -0.3452758 -0.7021789 0.6226793 -0.1203768 -0.6326592 0.7650176 0.3892194 -0.348093 0.852842 0.210012 -0.4642179 0.8604632 0.4109171 -0.3343663 0.8481429 0.5877555 -0.1857553 0.7874252 -0.5336315 -0.7260463 0.4336984 0.6813361 -0.4110195 0.6056765 0.4081634 -0.3301566 0.8511165 0.5866479 -0.1833453 0.7888148 0.7315712 -0.02584379 0.6812751 -0.8417168 -0.5360938 0.06415873 -0.8351789 -0.5464916 0.06183075 -0.7349742 -0.6244362 0.2643719 -0.5931665 -0.6659934 0.4523344 -0.7157996 -0.6759575 0.1752499 -0.8473307 -0.5269231 0.06620395 -0.5402406 -0.7962288 0.2723228 -0.8524468 -0.5183753 0.06798207 -0.1298986 -0.7831386 0.6081286 -0.4176566 -0.6689017 0.6149258 -0.2182872 -0.6332333 0.7425404 -0.006193876 -0.561689 0.8273253 0.2067222 -0.4584411 0.8643482 0.2081878 -0.8007692 0.5616285 0.545031 -0.6974808 0.4652546 -0.1116373 -0.9019165 0.4172338 -0.3352077 -0.8729375 0.3544236 0.1179565 -0.88116 0.4578682 0.3407419 -0.8118993 0.4740406 -0.1524569 -0.8259081 0.5428008 0.3187819 -0.8335788 0.451137 0.340746 -0.8107727 0.4759619 0.5449237 -0.6976123 0.4651833 0.522102 -0.7286494 0.4432602 0.09820771 -0.8948815 0.4353647 0.1174585 -0.8796154 0.4609559 -0.1276752 -0.9091926 0.3963178 -0.1124554 -0.9004178 0.4202399 -0.3357991 -0.8717748 0.356718 -0.3465746 -0.8755317 0.3366458 -0.5403771 -0.7957084 0.2735707 -0.5469651 -0.7960014 0.2592504 -0.7161915 -0.6754362 0.1756581 -0.7191931 -0.6741147 0.1683174 -0.8522663 -0.5186375 0.0682438 -0.8528714 -0.5175832 0.06868928 0.4038974 -0.8330069 0.3781093 0.3188139 -0.833612 0.4510529 0.5226533 -0.7283318 0.4431326 0.173729 -0.9108631 0.3743616 0.09828627 -0.8949574 0.435191 -0.06671696 -0.9349246 0.3485181 -0.1275198 -0.909244 0.3962501 -0.3036159 -0.9037134 0.3018601 -0.3465319 -0.8755977 0.3365182 -0.5223416 -0.8190903 0.2371715 -0.5472354 -0.795822 0.2592315 -0.7100558 -0.6860789 0.158482 -0.7192454 -0.6740691 0.1682765 -0.8559364 -0.5122476 0.07053697 -0.8533763 -0.5168067 0.06826335 0.10738 -0.9343847 0.3396983 0.1738086 -0.9107952 0.37449 0.4041772 -0.8326936 0.3785002 0.3297515 -0.8777368 0.3476237 -0.1203562 -0.9417482 0.3140458 -0.06673461 -0.9349657 0.3484044 -0.3419958 -0.899492 0.2719432 -0.5225507 -0.8189807 0.2370899 -0.3037663 -0.9037353 0.301643 -0.5455133 -0.8099471 0.215409 -0.7101291 -0.6860181 0.1584171 -0.7203491 -0.6777437 0.1475152 -0.8559336 -0.5122622 0.07046526 -0.8573923 -0.5096315 0.0717923 -0.8740314 -0.4785381 0.08408594 -0.8246797 -0.5048765 0.254957 -0.8817651 -0.4634099 0.08798635 -0.7403564 -0.5297551 0.413802 -0.6908583 -0.6113945 0.3858908 -0.6318325 -0.5369855 0.5589584 -0.866613 -0.4925563 0.07981282 -0.44598 -0.7575902 0.476612 -0.8600457 -0.5038685 0.08023697 -0.7203455 -0.6776785 0.1478318 -0.8584811 -0.5072933 0.07525891 -0.8569483 -0.5103806 0.07177263 0.1072342 -0.9341538 0.3403786 0.1979207 -0.8818346 0.4280131 -0.1206508 -0.9413121 0.3152379 0.3297428 -0.8778497 0.3473466 -0.509707 -0.7958455 0.3268467 -0.5457531 -0.8095765 0.2161933 -0.3421997 -0.8990817 0.2730413 -0.191791 -0.8378768 0.5110564 0.05020731 -0.8810579 0.4703363 -0.1140617 -0.2621265 0.9582691 -0.04745864 -0.08592498 0.9951707 -0.2574281 -0.1713042 0.950992 -0.8248168 -0.5047577 0.2547493 -0.431203 -0.4808504 0.7634443 -0.8818158 -0.463344 0.08782535 -0.7403824 -0.5296308 0.4139143 -0.6318556 -0.5367005 0.5592059 -0.5463818 -0.351025 0.7604265 -0.7650602 -0.3557332 0.5367838 -0.8634903 -0.3815876 0.3298115 -0.6258011 -0.3100734 0.7157008 -0.4533661 -0.2475323 0.8562635 -0.6417875 -0.4180289 0.6429315 -0.2299197 -0.3672509 0.9012569 -0.9158179 -0.387607 0.1050637 -0.9158778 -0.3875032 0.1049253 -0.8570324 -0.3504446 0.3777353 -0.9405372 -0.3196348 0.114994 -0.8638339 -0.3807704 0.3298563 -0.7121192 -0.3546118 0.6059181 -0.7655853 -0.3538181 0.5373006 -0.5198078 -0.3337623 0.7863858 -0.6265654 -0.3079394 0.7159534 -0.2954871 -0.2902684 0.9101822 -0.454086 -0.2457839 0.8563857 -0.05123287 -0.2272775 0.9724815 -0.2575085 -0.1703471 0.9511421 0.1968994 -0.1488538 0.9690579 -0.04745358 -0.08585387 0.995177 0.4314818 -0.06057685 0.9000856 -0.9404366 -0.3199372 0.1149754 -0.8901046 -0.3059427 0.3378062 -0.9585 -0.2552556 0.1269736 -0.8569543 -0.3507983 0.3775843 -0.7755796 -0.3408869 0.5312933 -0.7121813 -0.3548201 0.6057232 -0.6207647 -0.3580408 0.6974654 -0.4338709 -0.3565137 0.8274382 -0.5203456 -0.3338129 0.7860087 -0.2244385 -0.3366743 0.9144823 -0.2959529 -0.2902991 0.9100211 -0.003771781 -0.2995559 0.9540713 0.2172462 -0.2469276 0.9443681 -0.05106264 -0.2270634 0.9725404 0.4271425 -0.1813765 0.8858057 0.1972664 -0.1487509 0.9689991 0.6148484 -0.1066446 0.7814016 0.431823 -0.0604012 0.8999338 0.7706903 -0.02638041 0.6366636 0.7707237 -0.02625793 0.6366283 0.6150436 -0.1065521 0.7812606 0.7705125 -0.02636814 0.6368793 0.6078104 -0.06424683 0.7914791 0.4273598 -0.1815197 0.8856716 0.4135516 -0.09888583 0.9050949 0.2167189 -0.2470585 0.944455 0.1972974 -0.1286167 0.9718701 -0.004100263 -0.2998079 0.9539908 -0.02936112 -0.1513886 0.9880382 -0.2245352 -0.3369429 0.9143596 -0.2543018 -0.1663648 0.9527084 -0.4663302 -0.1726347 0.8676022 -0.433985 -0.356895 0.8272141 -0.6534442 -0.1697913 0.7376866 -0.6208353 -0.3583265 0.6972559 -0.8066799 -0.1584035 0.5693646 -0.775552 -0.3409152 0.5313152 -0.9183171 -0.1387695 0.3707247 -0.890015 -0.306012 0.3379794 -0.9818764 -0.1117507 0.1530703 -0.9583765 -0.2555055 0.1274027 -0.9183684 -0.138578 0.3706693 -0.924614 -0.06928658 0.3745511 -0.9865003 -0.05226373 0.1551957 -0.9819238 -0.1116288 0.1528558 -0.8066433 -0.1582823 0.5694501 -0.8145745 -0.08277434 0.5741226 -0.6533004 -0.1699754 0.7377716 -0.661755 -0.09184831 0.7440728 -0.4659804 -0.1726103 0.8677949 -0.4740615 -0.09603255 0.8752392 -0.2543748 -0.1662698 0.9527056 -0.2620722 -0.09541952 0.9603193 -0.03601688 -0.08967584 0.9953196 -0.02922528 -0.1513022 0.9880554 0.192059 -0.07908755 0.9781914 0.1975497 -0.1285489 0.9718279 0.4099857 -0.06466698 0.9097967 0.4131861 -0.09886848 0.9052638 0.6061198 -0.04662561 0.7940056 0.6078078 -0.06411689 0.7914915 0.7706479 -0.02615123 0.6367245 0.7709228 -0.02609717 0.6363939 0.6068268 -0.04640477 0.7934783 0.6061496 -0.04649841 0.7939904 0.7706701 -0.0261662 0.6366968 0.7709616 -0.0261597 0.6363442 0.4113622 -0.06419909 0.9092084 0.4099304 -0.06435167 0.9098439 0.1945723 -0.07865542 0.9777296 0.1919602 -0.07936137 0.9781888 -0.03244447 -0.08903706 0.9954997 -0.03598296 -0.08925193 0.995359 -0.2575188 -0.09427887 0.961663 -0.4742241 -0.09592288 0.875163 -0.2620549 -0.09540152 0.9603259 -0.4691933 -0.09525883 0.8779428 -0.6617621 -0.09177273 0.7440758 -0.6569839 -0.09115207 0.7483739 -0.8144759 -0.08271414 0.5742712 -0.8106927 -0.08236801 0.579649 -0.9246169 -0.06948703 0.3745068 -0.9218242 -0.06908375 0.3814024 -0.9865094 -0.05230998 0.1551228 -0.9850854 -0.05227512 0.1639335 0.718293 -0.0261985 0.6952474 0.5369992 -0.02989077 0.843053 0.7195339 -0.02617412 0.6939639 0.5300659 -0.02975535 0.8474343 0.3251906 -0.03172731 0.9451161 0.3103907 -0.03163582 0.9500826 0.09419518 -0.03230035 0.9950297 0.07265388 -0.03165268 0.9968549 -0.1407901 -0.03043258 0.9895717 -0.169443 -0.0297954 0.9850895 -0.3686717 -0.02737623 0.9291564 -0.4022154 -0.02665364 0.915157 -0.575536 -0.02255004 0.8174656 -0.6102481 -0.02096909 0.791933 -0.7508171 -0.01656657 0.6603025 -0.7832389 -0.01508569 0.621538 0.6981267 -0.02626651 0.7154924 0.6803819 0.1975932 0.7057177 0.6962248 -0.02576529 0.7173613 0.6301453 0.41144 0.6585091 0.5481989 0.6044411 0.5780391 -0.245532 0.9669397 0.06886076 0.004759967 0.9996567 0.02576726 0.160036 0.9695547 0.1853432 0.53665 -0.02984541 0.8432769 0.7182748 -0.0259785 0.6952744 0.7190382 -0.02622139 0.6944758 -0.5763145 -0.02235639 0.8169221 -0.7259433 0.1409513 0.6731561 -0.36883 -0.0273056 0.9290957 -0.7514674 -0.01639407 0.6595667 0.3666608 0.7185113 0.5910173 0.4385395 0.7670219 0.4683595 0.3070904 0.8905961 0.3354611 0.6999573 -0.02615201 0.7137058 0.3128422 0.7209155 0.6183937 0.7031902 -0.02612417 0.7105218 -0.3189827 0.9289922 0.1876795 0.3125482 0.6709694 0.6723941 0.3098979 0.64115 0.7020612 0.7064202 -0.0261206 0.7073106 -0.3663471 0.893178 0.2608121 0.2591291 0.6300348 0.7320576 -0.4160532 0.8462978 0.3326858 0.2561559 0.5977035 0.7596939 0.2059852 0.5754668 0.7914595 0.7101579 -0.0261259 0.7035575 -0.5256022 0.690584 0.4968261 0.2023712 0.4903736 0.8476908 0.7131466 -0.02620011 0.7005252 0.1621778 0.4550592 0.8755682 0.132757 0.42338 0.8961725 0.7153205 -0.02621972 0.6983045 -0.6185879 0.5013034 0.6050158 0.1247724 0.3432338 0.9309256 0.09967422 0.2995752 0.9488518 0.7169838 -0.02613586 0.6965997 0.08473336 0.2270082 0.9701998 -0.6894571 0.2935502 0.6621761 0.06165403 0.1554315 0.9859208 0.04988229 0.1029333 0.9934368 0.3244217 -0.03202545 0.9453704 0.09428977 -0.03215056 0.9950255 -0.1409806 -0.03059655 0.9895395 0.004754006 0.9996571 0.02574992 0.1600188 0.9695463 0.1854021 0.004749834 0.9996572 0.02574735 0.1570119 0.9695197 0.1880921 0.3071588 0.8905903 0.335414 0.3010421 0.8907235 0.340566 0.4390034 0.766511 0.4687612 0.4300428 0.7670465 0.4761332 0.5485155 0.6039485 0.5782533 0.537739 0.604352 0.5878738 0.6302099 0.4113698 0.6584911 0.6182115 0.4110419 0.6699694 0.6803464 0.1976954 0.7057233 0.6672881 0.1971398 0.7182357 0.6961753 -0.02561819 0.7174146 0.6828162 -0.0267359 0.7301009 0.1559498 0.9695304 0.1889197 0.1561466 0.9695727 0.188539 0.004781544 0.9996566 0.0257669 0.004724502 0.9996576 0.02574169 0.2997677 0.8904011 0.3425279 0.2996539 0.8907049 0.3418368 0.428004 0.7663883 0.4790216 0.4286113 0.7666388 0.4780769 0.5344411 0.6041955 0.5910336 0.6155579 0.4111024 0.6723714 0.5355765 0.6040948 0.590108 0.6143224 0.4111358 0.67348 0.664485 0.1976035 0.720703 0.6631978 0.1968963 0.7220808 0.6798139 -0.02535194 0.7329464 0.6785999 -0.0269075 0.7340151 0.999844 -0.01722997 0.003895401 0.9999914 0 0.004144489 0.9999896 0.001785218 0.004194855 0.9997074 -0.02391719 0.003623366 0.9996955 -0.02442777 0.00349158 0.9997456 -0.02228784 0.003473401 -0.997408 -0.05572068 -0.04552525 -0.979519 -0.05955713 -0.1923424 -0.9973079 -0.05228537 0.05141222 -0.997363 -0.05230283 0.05031526 -0.9882204 -0.05859893 -0.1413747 -0.9696952 -0.06069988 -0.236658 -0.9029984 -0.06348675 -0.4249277 -0.8881056 -0.06342548 -0.4552427 -0.7722771 -0.063874 -0.6320667 -0.7578615 -0.06313091 -0.649354 -0.5952013 -0.05950587 -0.8013704 -0.5860422 -0.05937451 -0.8081023 -0.3827185 -0.052298 -0.9223837 -0.3831188 -0.05228555 -0.9222181 -0.5933083 -0.07518637 -0.8014564 -0.5952622 -0.05976092 -0.8013063 -0.382689 -0.05224359 -0.922399 -0.3829186 -0.05239325 -0.9222952 -0.7686378 -0.09367215 -0.6327887 -0.9030072 -0.06349968 -0.4249069 -0.7722104 -0.0633257 -0.6322033 -0.8982681 -0.1065346 -0.4263391 -0.9795008 -0.0596311 -0.1924117 -0.9743739 -0.1127169 -0.1946551 -0.997298 -0.05220454 0.05168718 -0.9924172 -0.1127097 0.04903846 -0.3831437 -0.0523771 -0.9222027 -0.5932743 -0.07505667 -0.8014937 -0.3826046 -0.05229914 -0.9224308 -0.5818476 -0.130215 -0.802806 -0.7686702 -0.09341228 -0.6327879 -0.7455613 -0.2001457 -0.635673 -0.898218 -0.1061035 -0.4265518 -0.864934 -0.2582501 -0.4303444 -0.9326649 -0.3008237 -0.1991016 -0.9743871 -0.1125746 -0.1946712 -0.9445145 -0.3255311 0.04383748 -0.9924779 -0.1122694 0.04881978 -0.9325501 -0.3011615 -0.1991286 -0.8538097 -0.5196644 0.03095334 -0.9445338 -0.3254799 0.04380339 -0.864908 -0.2585167 -0.4302365 -0.3654723 -0.7441658 -0.5591486 -0.2617678 -0.9206929 -0.2894859 -0.1867203 -0.9789662 -0.08222401 -0.3231258 -0.8145345 -0.4817918 -0.3679078 -0.6659942 -0.6489189 -0.308054 -0.9486337 -0.07208973 -0.3846703 -0.6592645 -0.6460644 -0.3827721 -0.05236846 -0.9223573 -0.3827524 -0.0532729 -0.9223138 -0.3934538 -0.4826744 -0.7824447 -0.3983411 -0.2750577 -0.8750244 -0.4619987 -0.6264324 -0.6278054 -0.5129047 -0.5979028 -0.615988 -0.4806933 -0.8753797 -0.05142343 -0.5747643 -0.5558578 -0.6005566 -0.3827237 -0.05233937 -0.9223791 -0.6386237 -0.7691707 -0.02315825 -0.6192719 -0.5198398 -0.5884463 -0.6659395 -0.475214 -0.5750621 -0.3827978 -0.05243033 -0.9223431 -0.7556414 -0.6549562 0.00620681 -0.7009236 -0.4360791 -0.5643946 -0.729056 -0.3992831 -0.5559231 -0.382672 -0.05222731 -0.922407 -0.7592716 -0.3517241 -0.5475373 -0.7455308 -0.2002111 -0.6356881 -0.5814124 -0.1302533 -0.8031151 -0.382601 -0.05239504 -0.9224269 -0.38273 -0.05291616 -0.9223436 -0.398243 -0.2748988 -0.875119 -0.3827434 -0.05267846 -0.9223517 -0.3939969 -0.2770329 -0.876367 -0.3931182 -0.4830589 -0.7823761 -0.3846632 -0.4866698 -0.7843385 -0.3674679 -0.6662409 -0.6489148 -0.3549944 -0.6710371 -0.6509134 -0.3066691 -0.8201218 -0.4830679 -0.3229341 -0.814585 -0.481835 -0.242046 -0.9259051 -0.2900234 -0.2617412 -0.9206997 -0.2894887 -0.164865 -0.9829205 -0.08177268 -0.1866578 -0.9789925 -0.08205217 -0.4572243 -0.8885233 0.03837072 -0.1580929 -0.9873152 -0.01467519 0.0646829 -0.9962364 -0.05769896 -0.3726944 -0.9275005 0.02901464 -0.5680633 -0.8198879 0.07132965 0.06588971 -0.9959201 -0.06165909 -0.5574092 -0.8281356 0.05904781 -0.6565898 -0.749942 0.08047962 -0.9939463 -0.05263626 0.09643775 -0.9812918 -0.05196779 0.1853802 -0.7342519 -0.6699228 0.1098977 -0.8625407 -0.4854077 0.1428395 -0.9463464 -0.2757574 0.168483 -0.6612207 -0.7490607 0.04117339 0.06475359 -0.9957479 -0.06552362 -0.6640234 -0.7476959 0.004878103 -0.6648997 -0.7454974 -0.046283 -0.9976504 -0.0524761 -0.04404598 0.05932629 -0.9957351 -0.07065534 -0.6611664 -0.7422072 -0.1094874 -0.6488469 -0.7366156 -0.1907756 -0.9607102 -0.05224972 -0.2725911 0.0504871 -0.9959609 -0.07424944 -0.637009 -0.7325214 -0.2400665 -0.6214472 -0.7282089 -0.2889901 -0.8648194 -0.05246341 -0.4993346 0.03708511 -0.9963077 -0.07743257 -0.5890566 -0.7205653 -0.3657841 0.01701074 -0.9966191 -0.08038043 -0.5628762 -0.7150467 -0.4145825 -0.5222634 -0.7075102 -0.4760991 -0.7212903 -0.05229139 -0.6906562 -0.01356136 -0.996534 -0.08207327 -0.4868484 -0.7014701 -0.5204982 -0.442014 -0.6943268 -0.5679208 -0.5421762 -0.05232334 -0.8386341 -0.06884694 -0.9942199 -0.08238345 -0.4005227 -0.6876904 -0.6055275 -0.3797587 -0.6838622 -0.6229894 -0.4438839 -0.05224478 -0.89456 -0.35188 -0.6761971 -0.6472542 -0.1648139 -0.9829337 -0.08171868 -0.242102 -0.9258896 -0.2900261 -0.3064928 -0.8201624 -0.4831106 -0.3549201 -0.6710588 -0.6509315 -0.3750481 -0.579087 -0.7238765 -0.3845909 -0.486575 -0.7844327 -0.3941215 -0.2768512 -0.8763685 -0.382978 -0.05243486 -0.9222681 -0.1579557 -0.9873371 -0.01468771 0.06016027 -0.9973373 -0.04122 0.06471437 -0.9962347 -0.05769479 -0.1614841 -0.9868744 0.001412987 -0.3750194 -0.9259818 0.04379886 -0.372729 -0.927487 0.02900081 -0.568143 -0.819836 0.07129132 -0.5691704 -0.8179131 0.08404493 -0.7339894 -0.6702167 0.1098594 -0.7343397 -0.6681024 0.1199357 -0.8625589 -0.4853779 0.1428303 -0.8621361 -0.4840809 0.1496229 -0.9464051 -0.2755909 0.1684253 -0.9459432 -0.2750951 0.1717973 -0.9813098 -0.05221706 0.1852147 -0.9812914 -0.05240637 0.1852589 -0.1614094 -0.9868866 0.001408278 -0.1526198 -0.9875764 0.03741621 0.06946879 -0.9975747 -0.004338562 0.0602613 -0.9973366 -0.04109102 -0.3749831 -0.9259969 0.04378926 -0.3669793 -0.9270198 0.07720434 -0.5694076 -0.8177451 0.08407217 -0.5626006 -0.8189573 0.1130905 -0.7344409 -0.6679852 0.1199686 -0.7293147 -0.6690435 0.1431116 -0.8588849 -0.4845537 0.1659053 -0.8619738 -0.4843441 0.1497063 -0.9442346 -0.2756102 0.1801667 -0.9460489 -0.2746765 0.1718847 -0.9812643 -0.05302643 0.185226 -0.9813542 -0.05117529 0.18527 -0.3058748 -0.9151728 -0.2624872 -0.05842751 -0.9830654 -0.1736915 0.1580068 -0.9871785 -0.02263647 -0.287354 -0.9016935 -0.3230735 0.1223564 -0.9924014 -0.01298278 -0.4174233 -0.850816 -0.3191709 -0.4778531 -0.761675 -0.4376159 -0.5298608 -0.7611995 -0.373929 -0.9257394 -0.05236089 -0.3745197 -0.8146969 -0.0526278 -0.577494 -0.6407135 -0.5607435 -0.5244551 -0.7557609 -0.3183701 -0.5722464 -0.5815278 -0.7595908 -0.291286 -0.6161462 -0.7581187 -0.2135881 -0.9888427 -0.05255204 -0.1393854 0.0965237 -0.9953151 -0.005584716 -0.6421902 -0.7561755 -0.1256609 -0.6559444 -0.7537987 -0.03904592 -0.9950743 -0.0525096 0.08408397 0.07977586 -0.9968105 -0.00215137 -0.6583803 -0.751679 0.0389114 -0.6526208 -0.7495167 0.1109545 0.06950861 -0.997572 -0.004351794 -0.1525124 -0.9875977 0.03729426 -0.3669947 -0.9270119 0.07722645 -0.5626615 -0.8189114 0.1131207 -0.7294365 -0.6688803 0.1432533 -0.7418971 -0.6588597 0.124469 -0.813691 -0.5653944 0.1350421 -0.8587278 -0.4848342 0.1658991 -0.9442492 -0.2755734 0.180147 -0.9813037 -0.05213749 0.1852697 -0.05869275 -0.9830971 -0.1734228 -0.01902395 -0.9794259 -0.2009056 0.1748951 -0.9843271 -0.02262663 0.1578631 -0.9872065 -0.02241861 -0.2875195 -0.9017708 -0.3227103 -0.2265825 -0.8978467 -0.3775337 -0.4017205 -0.7583536 -0.5133424 -0.4780426 -0.7617081 -0.4373511 -0.6407442 -0.5609362 -0.5242114 -0.5544701 -0.5584579 -0.616999 -0.7558382 -0.3185169 -0.5720626 -0.6660937 -0.3170286 -0.6751387 -0.8146813 -0.05256634 -0.5775216 -0.7283947 -0.05246466 -0.6831462 0.1748777 -0.9843293 -0.02266556 0.07477098 -0.9734953 -0.2161399 0.2317157 -0.9718476 -0.04266268 -0.01887661 -0.9794223 -0.2009375 -0.08624523 -0.9218057 -0.3779367 -0.2265449 -0.8978138 -0.3776346 -0.2426258 -0.8196254 -0.5189864 -0.4018743 -0.7580506 -0.5136697 -0.3854976 -0.6726769 -0.6315833 -0.5544386 -0.5582457 -0.6172192 -0.5072762 -0.4889367 -0.709656 -0.6660973 -0.3169969 -0.6751499 -0.6014794 -0.2782176 -0.7488775 -0.7283385 -0.05230844 -0.683218 -0.6626262 -0.05217295 -0.7471309 0.05455732 -0.4389474 -0.8968549 -0.6627581 -0.05232566 -0.7470032 -0.6617158 -0.05294942 -0.7478827 0.4624941 -0.340566 -0.818605 0.6693295 -0.3139998 -0.6733515 0.8093304 -0.3003881 -0.5047292 0.4936775 -0.3124318 -0.8115842 0.791851 -0.3746048 -0.482331 0.3469485 -0.3297644 -0.877999 0.2350585 -0.2878695 -0.9283742 0.2339682 -0.314408 -0.9200035 0.1073002 -0.292817 -0.9501289 -0.6630306 -0.05242657 -0.7467543 -0.02281916 -0.2441556 -0.9694676 -0.2758792 -0.1842293 -0.9433718 -0.4822579 -0.1213211 -0.8675878 0.09261381 -0.3459535 -0.9336697 0.07643687 -0.3919465 -0.9168072 0.7472608 -0.4958584 -0.4424093 0.002017378 -0.5309301 -0.8474133 0.6422733 -0.6815712 -0.3506364 -0.03952604 -0.5864474 -0.8090225 -0.6626521 -0.05240863 -0.7470914 0.5393425 -0.8001005 -0.2625812 -0.07842606 -0.6287133 -0.7736724 -0.1206327 -0.6659482 -0.7361798 -0.662746 -0.05247455 -0.7470035 0.4098228 -0.8983414 -0.1582021 -0.1686118 -0.699529 -0.6944274 -0.2209888 -0.726385 -0.6507909 -0.6626513 -0.05230778 -0.7470993 -0.2869626 -0.7471061 -0.5995706 0.2318701 -0.9718062 -0.04276776 0.07495301 -0.9734705 -0.2161884 -0.08623373 -0.9217709 -0.3780241 -0.2424635 -0.8196207 -0.5190698 -0.3854789 -0.6726029 -0.6316735 -0.3695335 -0.6578411 -0.6562699 -0.440101 -0.5646957 -0.6981619 -0.5073018 -0.488797 -0.709734 -0.6015203 -0.2782533 -0.7488315 -0.6627185 -0.0520367 -0.7470585 0.6700718 -0.3101785 -0.6743836 0.6566436 -0.1209465 -0.7444403 0.8167906 -0.1087536 -0.5665915 0.8105185 -0.2962915 -0.5052436 0.4940639 -0.3089255 -0.8126907 0.4589221 -0.1261816 -0.8794708 0.2355267 -0.2847501 -0.9292172 0.2343005 -0.1243134 -0.9641833 -0.0045228 -0.1153268 -0.9933174 -0.02236646 -0.2416209 -0.970113 -0.242136 -0.09967142 -0.9651092 -0.2755665 -0.1824409 -0.9438107 -0.4654412 -0.07835233 -0.881604 -0.481757 -0.1204445 -0.8679882 -0.6624736 -0.05234372 -0.7472543 -0.6626255 -0.05221068 -0.7471289 -0.6623896 -0.05215644 -0.7473418 -0.4655332 -0.07834273 -0.8815562 -0.6625078 -0.05233293 -0.7472246 -0.4647551 -0.06478124 -0.8830664 -0.2419906 -0.09978622 -0.9651339 -0.2404006 -0.07345086 -0.9678909 -0.004211127 -0.1153041 -0.9933214 -0.002490818 -0.07797956 -0.9969519 0.2342411 -0.1243641 -0.9641913 0.2359862 -0.07802867 -0.9686186 0.4607454 -0.07363384 -0.8844726 0.4586073 -0.1262815 -0.8796206 0.6591177 -0.0648722 -0.7492366 0.6567773 -0.120807 -0.7443448 0.8194936 -0.05231702 -0.5706954 0.8171247 -0.1083322 -0.5661903 -0.6625679 -0.0522738 -0.7471756 -0.4649906 -0.06481409 -0.8829399 -0.662741 -0.05227547 -0.7470219 -0.4650442 -0.06481343 -0.8829118 -0.2405454 -0.07355237 -0.9678471 -0.2402634 -0.07353734 -0.9679183 -0.00308001 -0.07795321 -0.9969523 -0.002218604 -0.07806324 -0.996946 0.2361371 -0.07805496 -0.9685798 0.235858 -0.07805007 -0.9686481 0.4608362 -0.07355815 -0.8844316 0.4602398 -0.07346814 -0.8847495 0.6592699 -0.06480717 -0.7491083 0.6586455 -0.0647915 -0.7496587 0.8199124 -0.05223071 -0.5701014 0.8190284 -0.05223912 -0.57137 -0.9407728 0.0246967 0.338137 -0.9930568 0.02655988 0.1145988 -0.9933415 0.008866608 0.114866 -0.9933363 -0.008802771 0.1149163 -0.9408682 -0.0245881 0.3378795 -0.9930326 -0.0265643 0.1148072 -0.8392197 0.02457582 0.5432369 -0.8394702 -0.01966571 0.5430499 -0.6935011 0.01644772 0.7202679 -0.6934602 -0.02031672 0.7202085 -0.255636 0.01754301 0.966614 0.9553516 -0.01567971 0.2950553 -0.2603069 0.0224986 0.9652637 -0.510773 0.01280438 0.8596203 -0.5107669 -0.01359993 0.8596117 -0.2930648 -0.004677116 0.9560812 -0.2557716 0.004005551 0.966729 -0.2810302 0.001099646 0.9596984 -0.2987021 0.002485752 0.9543432 -0.2821685 -0.002415001 0.9593619 -0.2877855 -0.007375836 0.9576665 -0.186065 0.00199294 0.9825355 -0.2349152 0.02260452 0.9717531 -0.2349581 3.12524e-4 0.9720055 -0.1705545 0.4013012 0.899927 -0.2544471 0.01026874 0.9670323 -0.2396654 -0.01662093 0.9707133 -0.1822608 5.07265e-4 0.9832501 -0.07065844 0.003088295 0.9974958 -0.993092 -0.02622634 0.114371 -0.1509482 -0.01253998 0.9884622 -0.9986784 -0.02077209 0.04701101 -0.9931574 -0.02395004 0.1143012 -0.9934078 -0.007574081 0.1143841 -0.9956884 -0.02931112 -0.08800834 -0.9996344 -0.01757466 -0.02055227 -0.9960644 -0.01023262 -0.08804082 -0.9988754 0.006052255 0.04702574 -0.9934098 0.00758183 0.1143662 -0.9931449 0.02395933 0.1144081 -0.9986811 0.02067536 0.04699712 -0.998875 -0.006052553 0.04703235 -0.9997806 0.004480898 -0.0204612 -0.9996329 0.01766258 -0.02054715 -0.9956943 0.02926194 -0.08795833 -0.9960649 0.01025176 -0.08803343 -0.9997807 -0.004475414 -0.02046298 0.6074553 0.04276835 0.7932018 0.770786 0.02378582 0.63665 0.7702437 0.01030188 0.6376666 0.770479 0.008451581 0.6374094 0.7714908 -0.001114189 0.6362395 0.7707123 -0.005887269 0.6371561 0.7718808 -0.01136797 0.6356658 0.7722663 -0.02459901 0.6348226 0.564356 -0.05016005 0.8240063 0.4162641 0.06045442 0.9072318 0.4031985 -0.06132757 0.9130554 0.1639087 0.07414877 0.9836849 0.1318407 -0.0764724 0.9883168 -0.09812498 0.08365124 0.9916522 -0.1329796 -0.08431011 0.9875264 -0.376304 0.08809995 0.9222981 -0.3798084 -0.08795934 0.9208739 -0.5978438 0.0844236 0.7971547 -0.6256554 -0.08391529 0.7755732 -0.7872865 0.07608699 0.6118749 -0.8070884 -0.0745567 0.5857043 -0.9281535 0.06153935 0.3670749 -0.9333019 -0.06084775 0.3539001 -0.9803179 0.04749 0.1916286 -0.9891021 -0.04601615 0.1398557 -0.9961057 -0.01118236 -0.08745527 -0.9956349 -0.03168272 -0.08779227 -0.9960828 0.01186156 -0.08762651 -0.9956784 0.03011596 -0.08785128 0.7711585 -0.01957732 0.6363422 0.7713034 -0.009561181 0.6363958 0.770946 0.002478361 0.6368957 0.7711051 0.001500487 0.636706 0.7711706 -0.02204722 0.6362466 0.771135 -0.01382154 0.6365216 0.7705369 -0.03668522 0.636339 0.7711481 -0.02309066 0.636237 -0.9198098 0.06958907 0.3861443 -0.9849721 0.05513632 0.1636767 -0.9863444 0.01860672 0.1636418 -0.9217584 -0.06911402 0.3815557 -0.9863509 -0.01845997 0.1636189 -0.9850308 -0.05449724 0.1635372 -0.8106661 -0.08186048 0.5797581 -0.8047612 0.08322066 0.5877361 -0.4519969 0.09545117 0.886898 0.4135391 -0.018754 0.9102934 -0.2364838 0.09487408 0.9669924 -0.258287 -0.0943132 0.9614536 -0.4689852 -0.09525829 0.878054 0.6068601 -0.0465129 0.7934466 0.7702107 -0.05843114 0.6351072 0.7708291 -0.02508759 0.6365479 0.6108458 0.04642158 0.7903876 0.7715802 0.01219004 0.6360153 0.7708611 0.03484237 0.6360497 0.7713584 -0.001000463 0.6364003 0.7708905 3.61895e-4 0.6369677 0.7709817 0.002755463 0.6368514 0.4202727 0.06258386 0.905237 0.4113181 -0.0646032 0.9091997 0.2085469 0.07797324 0.9748991 0.1943264 -0.07809436 0.9778234 -0.09016662 -0.007115483 0.9959014 -0.01340448 0.08907032 0.9959352 -0.2361109 0.09505301 0.967066 -0.03243815 -0.08932101 0.9954746 -0.7315753 -0.04510116 0.6802672 -0.6459231 0.09218519 0.7578163 -0.657018 -0.09071141 0.7483975 -0.5051546 0.02407062 0.8626931 -0.4972565 -0.07009243 0.8647677 0.05133301 0.02409303 0.998391 -0.9863753 -0.01884549 0.1634277 -0.9961397 0.01944369 0.08560335 -0.9961413 -0.01945251 0.08558136 -0.9947583 -0.05619227 0.08543139 -0.9850586 -0.05498743 0.1632056 -0.9863776 0.01884692 0.1634142 -0.994756 0.05619198 0.08545857 -0.9850655 0.05499231 0.1631619 -0.9985898 0.01499837 0.05092692 -0.9961192 0.02037662 0.08562403 -0.9946519 0.05802166 0.08544725 -0.9975823 0.04726535 0.05094569 -0.9985839 -0.01500278 0.05104196 -0.9961199 -0.02037495 0.08561563 -0.994651 -0.05802172 0.08545809 -0.9975824 -0.04726535 0.05094563 -0.5863698 0.05898946 -0.8078929 -0.3825236 0.0517618 -0.9224947 -0.3831489 0.01724517 -0.9235256 -0.5863406 -0.05898076 -0.8079146 -0.3831227 -0.0172441 -0.9235365 -0.3825318 -0.05176228 -0.9224912 -0.888051 -0.06388932 -0.455284 -0.8880466 0.06391561 -0.4552891 -0.7578461 0.06311476 -0.6493734 -0.7578392 -0.06310606 -0.6493824 -0.9706419 0.04328596 -0.2366023 -0.9695113 0.06530147 -0.2361854 -0.9712642 0.02154833 -0.2370266 -0.9714654 -2.71862e-6 -0.2371814 -0.9712606 -0.02151358 -0.2370443 -0.9706695 -0.04327595 -0.2364909 -0.9695273 -0.06529843 -0.2361211 -0.6486098 1.10902e-5 -0.7611213 -0.6625711 -0.05319851 -0.7471075 -0.6636536 0.01747947 -0.7478358 -0.6636019 -0.01738631 -0.7478839 -0.6625889 -0.05217409 -0.7471639 -0.6625999 0.05132007 -0.7472132 -0.6627241 0.05252325 -0.7470195 -0.002620041 0.07783418 -0.996963 0.2370961 0.07985806 -0.9681984 0.2299795 3.36338e-4 -0.9731955 -0.00236237 -0.07809263 -0.9969434 0.237133 -0.07976919 -0.9681967 -0.4649981 -0.06588178 -0.8828569 -0.464988 0.06364405 -0.8830265 -0.2410638 0.07310992 -0.9677517 -0.2410205 -0.07372826 -0.9677155 -0.6634724 0.01774084 -0.7479904 -0.6624158 0.05305403 -0.7472555 -0.6634332 -0.01807034 -0.7480173 -0.6624094 -0.05304419 -0.7472617 0.8332511 -0.008773565 -0.5528253 0.461158 -0.07358729 -0.8842614 0.4610421 0.07388323 -0.8842971 0.8203209 -0.01686668 -0.5716549 0.8194951 -0.051014 -0.5708112 0.6590733 -0.06485182 -0.7492774 0.8203809 0.018983 -0.5715022 0.659096 0.06490957 -0.7492526 0.2360885 0.07987105 -0.9684435 0.8194782 0.05609267 -0.5703588 -0.0815255 0.02560389 -0.9963424 0.5314145 0.02667224 -0.846692 0.9460808 0.05254131 -0.3196414 0.9689993 0.05465668 -0.240942 0.9702619 0.01865893 -0.2413371 0.9702867 -0.01867431 -0.2412364 0.9690045 -0.05463683 -0.2409257 0.9288035 -0.0521416 -0.366886 0.8836702 -0.05232274 -0.4651768 0.9043864 0.05265069 -0.4234542 0.8203601 -0.01781201 -0.5715698 0.8193762 -0.05291944 -0.5708085 0.8204102 0.01781415 -0.571498 0.8194717 0.05292558 -0.5706707 0.9826887 0.05707675 -0.1762532 0.9703166 0.01620441 -0.2412948 0.9692497 0.04968887 -0.2410104 0.9840975 0.01988309 -0.1765128 0.9840978 -0.01987636 -0.1765121 0.9703282 -0.01620644 -0.2412477 0.9827002 -0.05707782 -0.176189 0.969253 -0.04968893 -0.240997 0.9841742 -0.01591116 -0.1764883 0.987275 0.02187091 -0.157512 0.9872743 -0.02187663 -0.1575148 0.9856557 -0.06102043 -0.1573508 0.9831196 -0.04908579 -0.1762567 0.9841665 0.01590859 -0.1765313 0.9856628 0.06102114 -0.157307 0.9831081 0.04908567 -0.1763215 0.9983744 -0.05085134 -0.02574867 0.9861504 -0.05196475 -0.1575027 0.9874532 -0.01738411 -0.156952 0.9983745 0.05085569 -0.02573394 0.9874525 0.01738482 -0.1569564 0.9861558 0.05196571 -0.1574687 0.9709586 -0.03276026 0.2369943 0.9701896 -0.052069 0.2366875 0.993102 -0.04895806 0.1065448 0.9713287 -0.01420909 0.2373155 0.9714265 -9.32478e-6 0.2373407 0.9931017 0.04896003 0.1065462 0.9713217 0.01422756 0.2373433 0.9709814 0.0327838 0.2368978 0.9701768 0.05205029 0.2367447 0.9992092 2.41958e-6 0.03976529 0.7184976 0.03126615 0.6948263 0.6916931 0.008325099 0.7221435 0.691558 0.02550685 0.7218705 0.7187558 0.01123404 0.6951719 0.718819 -0.01124429 0.6951064 0.6916359 -0.008318006 0.7221986 0.7185328 -0.0312699 0.6947898 0.6914009 -0.02549999 0.7220212 -0.6288443 0.02154284 0.7772327 -0.7829735 -0.01125299 0.6219534 -0.782244 -0.02521586 0.6224616 -0.783984 0.01058119 0.6206911 -0.784084 0.02670991 0.6200799 -0.6100172 -0.02124035 0.7921034 -0.443707 0.02340322 0.8958664 0.2159559 0.02164167 0.9761633 -0.2374815 0.03819835 0.9706408 -0.4017955 -0.03085803 0.9152094 0.558941 0.02902692 0.8286994 0.5299133 -0.02986931 0.8475257 0.7190833 -0.02505278 0.6944722 0.7187377 0.007898569 0.6952365 0.7185375 0.02456223 0.6950544 0.7190834 -0.007802486 0.6948801 0.3756333 0.03204733 0.9262141 0.3102503 -0.03154188 0.9501316 0.1756265 0.03119903 0.9839624 0.07316327 -0.03318375 0.9967678 -0.03205031 0.03018146 0.9990305 -0.1706953 -0.02423667 0.9850258 -0.07798612 0.0255385 0.9966273 -0.2362854 0.03779298 0.9709485 0.1217029 -0.2119581 0.9696712 0.05699592 -0.4134782 0.9087284 0.1632247 -0.4270862 0.8893566 0.1147328 -0.7723984 0.6246898 -0.01030176 -0.5949708 0.8036814 -0.07727068 -0.7476469 0.6595858 0.1426442 -0.6147209 0.7757389 0.1760985 -0.2189819 0.9597064 -0.07886064 -0.996039 0.04107719 0.04411089 -0.9697028 0.2402725 -0.1619597 -0.9852067 0.05600827 0.004693508 -0.9996572 0.025756 0.1804785 5.73734e-5 0.9835789 -0.07047313 -0.8300395 0.5532341 -0.1406217 -0.8639779 0.4834955 0.08133816 -0.8927173 0.4432156 0.1336932 -0.5585365 0.8186349 -0.140069 -0.9510204 0.275574 -0.2438869 -0.96723 0.07060635 -0.197018 -0.9383962 0.2838956 0.0572344 -0.1996707 0.9781901 0.1803991 -4.82544e-4 0.9835934 0.1807408 9.77322e-5 0.9835308 0.1219393 -0.2119295 0.9696478 0.1802662 1.33365e-5 0.9836179 0.05704313 -0.4135215 0.9087058 -0.03449577 -0.3452608 0.9378726 -0.01035344 -0.5950371 0.8036316 -0.140562 -0.8640015 0.4834705 -0.2292643 -0.6272808 0.7442827 -0.3053548 -0.7226151 0.6201499 -0.07730984 -0.7476534 0.6595738 -0.1969773 -0.9384011 0.2839075 -0.3671417 -0.7905089 0.4902068 -0.3301093 -0.9182515 0.2187286 -0.4238477 -0.8411611 0.335859 -0.2893245 -0.9460362 0.1459689 -0.2438837 -0.9672316 0.07059669 -0.09832441 -0.6076622 0.7880857 -0.1547284 -0.5250636 0.8368796 -0.6357731 -0.149919 0.7571768 -0.7512598 0.01662552 0.6597973 -0.7157377 -0.191821 0.6715091 -0.6218979 0.01414912 0.7829706 -0.6011973 -0.2820013 0.7476879 -0.6647143 -0.3768021 0.6451164 -0.5361086 -0.146672 0.8313092 -0.4762686 0.01199734 0.8792181 -0.5097766 -0.502404 0.6983683 -0.6023926 -0.5387544 0.5889542 -0.5385957 -0.667994 0.513516 -0.504943 -0.2649262 0.8214907 -0.4353498 -0.6557947 0.6167689 -0.4759865 -0.7686443 0.4273438 -0.4318444 -0.4576016 0.777246 -0.421774 -0.7115883 0.5619152 -0.4162526 -0.8455668 0.3342916 -0.3594754 -0.7946648 0.4891679 -0.3133338 -0.1175439 0.9423404 -0.2649302 0.008448541 0.9642306 -0.3847253 -0.587198 0.7121694 -0.2951069 -0.2035254 0.933536 -0.3841514 -0.6309885 0.674004 -0.3001661 -0.7256385 0.6191519 -0.2251842 -0.6309174 0.7424522 -0.4021297 -0.6610412 0.6334953 -0.2579408 -0.3365663 0.9056433 -0.06949621 -0.06246966 0.9956244 -0.04436582 0.004408657 0.9990056 -0.2389971 -0.4239854 0.8735656 -0.0622189 -0.1081225 0.9921886 0.776279 -0.4047111 0.4833215 -0.2434097 -0.4507627 0.8588159 -0.1489213 -0.5271148 0.8366436 -0.05649918 -0.3332664 0.9411383 -0.2566015 -0.4658135 0.8468609 -0.04789173 -0.1771234 0.9830228 -0.007142841 0.01797199 -0.999813 -0.03836607 -0.2244508 0.9737299 0.02866202 -0.185141 0.982294 -0.03862583 -0.2395647 0.9701119 0.18066 -5.23427e-6 0.9835457 0.1805645 1.08139e-4 0.9835631 -0.03430742 0.004073917 0.9994031 -0.0439791 0.004299998 0.9990232 -0.2480666 0.007200896 0.9687163 -0.2663449 0.008411169 0.9638411 -0.4501179 0.01043581 0.8929082 -0.474964 0.01200044 0.8799235 -0.6312556 0.01309823 0.7754643 -0.6231834 0.01449841 0.7819414 -0.7828018 0.01508903 0.6220884 -0.75124 0.01649677 0.6598229 -0.7827057 0.02236956 0.6219899 -0.6312057 0.01047915 0.7755447 -0.7829474 0.008731782 0.6220267 -0.03423368 -0.001321136 0.999413 0.1805528 2.9758e-4 0.9835653 -0.0342397 -0.004354715 0.9994042 0.1806321 -1.12516e-4 0.9835508 -0.03423637 0.001321434 0.999413 0.1805578 2.91767e-4 0.9835643 0.1806378 1.02701e-4 0.9835498 -0.03424459 0.00435543 0.9994041 -0.2478238 -0.002472341 0.968802 -0.2482548 -0.006376624 0.9686738 -0.4497501 -0.007013738 0.8931269 -0.2477976 0.00248903 0.9688087 -0.248185 0.006098151 0.9686935 -0.4503452 -0.001968979 0.8928524 -0.6312072 -0.01057845 0.7755421 -0.4503947 0.00219053 0.892827 -0.4498274 0.007713794 0.8930823 -0.6313296 -0.003082692 0.7755086 -0.7828307 -0.01896226 0.6219457 -0.7829952 -0.007210373 0.6219861 -0.6312994 0.003383696 0.7755319 -0.03448408 -0.003848433 0.9993979 0.1808132 2.52109e-6 0.9835175 -0.03370064 -0.004098892 0.9994236 0.1807054 2.85602e-6 0.9835374 -0.2484955 -0.006878256 0.9686086 -0.230158 -0.007754802 0.9731224 -0.4501695 -0.01038044 0.8928828 -0.4018938 -0.01076418 0.9156231 -0.6311849 -0.01312971 0.7755213 -0.5448235 -0.01318645 0.838447 -0.6604173 -0.01508784 0.7507473 -0.7828707 -0.01510161 0.6220014 -0.7514351 -0.0164749 0.6596013 -0.6593827 -0.01444327 0.7516687 -0.7258716 0.1447685 0.672423 -0.7512218 -0.0162875 0.6598489 -0.4212325 0.71226 0.5614703 -0.4156259 0.8461385 0.3336237 -0.525368 0.6909043 0.4966285 -0.341882 0.7768415 0.5288044 -0.434934 0.6564498 0.6163653 -0.383933 0.6314859 0.6736624 -0.25465 0.6703224 0.6970088 -0.5095037 0.5029804 0.6981524 -0.6193234 0.4995804 0.6056881 -0.3843239 0.5877651 0.7119181 -0.6010382 0.2823725 0.7476757 -0.6902478 0.2925612 0.6617899 -0.4315232 0.4582198 0.7770601 -0.6357473 0.1502612 0.7571309 -0.243489 0.4510762 0.8586289 -0.04385149 0.3666272 0.9293339 -0.1526485 0.5313358 0.8332952 -0.5048736 0.2652974 0.8214133 -0.2389156 0.4245453 0.873316 -0.5360227 0.1469008 0.8313242 -0.545096 -0.01329702 0.8382683 -0.4036 -0.01081448 0.9148717 -0.2577864 0.3370217 0.9055179 -0.03787201 0.2399055 0.9700573 0.06639301 0.1867273 0.9801658 -0.2950376 0.2037826 0.9335018 -0.03820395 0.2248088 0.9736537 0.8604093 0.4021675 0.3129811 -0.3135745 0.1177904 0.9422296 -0.2284929 -0.007908582 0.9735136 -0.0476616 0.1774371 0.9829774 -0.02041971 -0.02862948 -0.9993816 -0.06212788 0.1081899 0.9921871 -0.03445935 -0.004246652 0.9993972 -0.06958281 0.06248056 0.9956176 -0.3488507 0.772905 0.5300198 -0.3177019 0.9288965 0.1903072 -0.3557821 0.8972508 0.2614576 -0.4230283 0.8418946 0.335053 -0.1969592 0.9384074 0.283899 -0.2437608 0.9672692 0.07050621 -0.1405894 0.8639829 0.4834961 -0.2588456 0.666884 0.6987594 -0.07731133 0.74766 0.6595662 0.05712616 0.4135387 0.9086927 -0.04677736 0.3650373 0.929817 0.06602931 0.1858307 0.9803608 -0.01035737 0.5950528 0.8036199 0.1219406 0.2119291 0.9696477 0.1803582 4.36626e-4 0.9836009 0.1805477 -1.14031e-4 0.9835662 0.1804354 -6.71865e-5 0.9835869 -0.09888565 0.6069808 0.7885404 -0.1566627 0.5284868 0.8343612 0.1757326 0.2189943 0.9597707 0.1214594 0.211928 0.9697083 0.1802162 -4.4484e-5 0.9836271 0.1632306 0.4270563 0.8893699 0.05704259 0.4134461 0.9087401 0.1147339 0.7723979 0.6246901 -0.01030188 0.5949705 0.8036815 0.1426445 0.6147212 0.7757386 -0.07726955 0.7476485 0.6595841 -0.07887434 0.9960364 0.04111433 0.04411149 0.9697 0.2402836 0.004692733 0.9996574 0.02575296 -0.1619685 0.9852049 0.05601418 0.1336954 0.5585439 0.8186295 -0.07046937 0.8300448 0.5532267 0.08133941 0.8927186 0.4432128 -0.1406193 0.863982 0.4834889 -0.140069 0.9510188 0.2755792 -0.2438558 0.967243 0.07053589 -0.1970175 0.9383963 0.2838953 0.9643612 -0.09009319 -0.2487787 0.8820648 -0.2861213 -0.3742945 0.9265931 -0.2895701 -0.2399467 0.8207791 -0.1573861 -0.5491369 0.838486 -0.2924743 -0.4597828 0.7980986 -0.2937057 -0.5260948 0.8373807 0.003565788 -0.5466085 0.9643603 0.09009337 -0.248782 0.8373896 0.004162132 -0.5465908 0.87352 0.2872236 -0.3930211 0.9266175 0.2894906 -0.2399485 0.8204026 0.1609983 -0.5486522 0.7980756 0.2937997 -0.526077 0.8081407 0.2983089 -0.5078588 0.8203438 0.1611327 -0.5487006 0.7980635 0.2937213 -0.5261391 0.8207661 -0.1573762 -0.5491592 0.8085893 -0.2983952 -0.5070934 0.7980554 -0.2936856 -0.5261716 0.7671982 -0.3945024 -0.5057421 0.7980833 -0.2937861 -0.526073 0.8081477 -0.2999675 -0.5068697 0.7717493 -0.4334819 -0.4652918 0.6993864 -0.5355195 -0.4733682 0.6740717 -0.6335682 -0.3797617 0.5671206 -0.7213953 -0.3974459 0.5403421 -0.7984177 -0.2656309 0.1526629 -0.9881039 -0.01856791 0.1760705 -0.984154 -0.02098315 0.1553398 -0.9876635 -0.01976519 0.4487138 -0.8360185 -0.3157994 0.3039861 -0.9315871 -0.1993436 0.412283 -0.8964762 -0.162337 0.1892828 -0.9799611 -0.06203514 0.2332268 -0.9714499 -0.04347807 0.1297338 -0.9899697 -0.055938 0.3088811 -0.9470092 -0.08812522 0.7980352 0.293821 -0.5261265 0.7966095 0.3532996 -0.4905025 0.8077153 0.2999156 -0.5075892 0.7379205 0.4618287 -0.4921257 0.7710664 0.4344223 -0.4655469 0.6213024 0.6546838 -0.4305493 0.6718302 0.6366971 -0.3784984 0.1526509 0.9881059 -0.01855957 0.1552173 0.9876824 -0.01978212 0.179391 0.9835361 -0.02180588 0.4941809 0.7963979 -0.3486199 0.5400995 0.7984678 -0.265973 0.3705751 0.8931182 -0.2549785 0.412159 0.896492 -0.1625639 0.2136098 0.9693127 -0.1216717 0.2330256 0.9715011 -0.04341328 0.1297669 0.9899654 -0.05593943 0.1180871 -0.992955 -0.009796917 0.1526682 -0.9881033 -0.01855432 0.1555579 -0.9876279 -0.01981765 -0.07211166 -0.9957525 0.05724459 0.09258234 -0.9956987 -0.003563642 0.0753591 -0.9971565 -1.38285e-4 -0.1663479 -0.9851994 0.04136049 0.06552368 -0.9978483 -0.002340316 -0.02215027 -0.9994149 -0.02606385 0.05772292 -0.9975652 -0.03913903 -0.1972686 -0.9802645 -0.01291263 -0.9431481 -0.3307998 -0.03230118 -0.8525529 -0.5222237 0.02088183 -0.9446785 -0.3263863 0.03247475 -0.6501947 -0.7584 -0.0455687 -0.3829194 -0.9214929 -0.06498932 -0.5931472 -0.8042704 -0.03641092 -0.760595 -0.6487866 -0.02390545 -0.7531865 -0.6578043 -0.001936078 -0.5227011 -0.8497776 -0.0682761 -0.6771349 -0.7340325 -0.05181443 -0.7549632 -0.6542236 -0.04497051 -0.8198699 -0.5710984 -0.04074382 -0.9354615 -0.343008 -0.08518922 -0.5793564 -0.8105836 -0.08544266 -0.5811922 -0.8103852 -0.07410484 -0.7022716 -0.7063326 -0.08893215 -0.453294 -0.8891755 -0.06238299 -0.1973752 -0.9802441 -0.01282876 -0.2247184 -0.9732399 -0.04801785 -0.4876697 -0.8706966 -0.06376451 -0.6820774 -0.698013 -0.2180562 -0.5776051 -0.8120704 -0.08315116 -0.4255106 -0.9047738 -0.01803404 -0.6037901 -0.7906224 -0.1017536 -0.7949289 -0.5727366 -0.2001526 -0.9223111 -0.341494 -0.1808983 -0.8586832 -0.3284041 -0.3934642 -0.766027 -0.5470735 -0.3375106 -0.3348702 -0.9395089 -0.07200729 -0.1877281 -0.9788942 -0.08077406 -0.3851783 -0.9201774 -0.07008188 -0.8042958 -0.5908057 -0.0636956 -0.7286279 -0.6814757 -0.06849986 -0.3949123 -0.9162588 -0.06718748 -0.7583758 -0.6470062 -0.07905066 -0.7468045 -0.6561902 -0.1081545 -0.7129964 -0.6916652 -0.1150457 -0.7694945 -0.6269716 -0.1215933 -0.7804043 -0.6094244 -0.1398966 -0.9431561 0.330766 -0.03241097 -0.9897738 0.1379953 0.0361281 -0.9447163 0.3262866 0.03237748 -0.9431501 -0.330793 -0.03231108 -0.9447086 -0.3262997 0.03247088 -0.9818878 -0.1860966 0.03555846 -0.9998984 0.001898884 -0.01413476 -0.9960226 -0.08118778 0.03671038 -0.9993312 0.00539714 0.03616714 -0.9993241 0.006576776 0.03616893 -0.9992987 3.14415e-6 -0.03744524 -0.9927303 0.09342795 -0.0758807 -0.9355242 0.3428089 -0.08530372 -0.9976941 2.24165e-4 -0.06787145 -0.9940633 -0.0927037 -0.05695837 -0.9355672 -0.3427137 -0.08521479 -0.9954588 1.51293e-6 -0.09519457 -0.9874324 -0.09351295 -0.1274076 -0.922486 -0.3409965 -0.180945 -0.9890534 8.18726e-6 -0.1475586 -0.9766076 -8.24593e-6 -0.2150298 -0.9821283 0.09180575 -0.1643034 -0.9224886 0.3409926 -0.1809389 -0.9340324 0.2084155 -0.29008 -0.8587243 0.3282945 -0.3934659 -0.9052429 0.109609 -0.4105134 -0.9468523 0.1082925 -0.302892 -0.9098365 -0.05320316 -0.4115422 -0.9621391 -0.01701426 -0.2720277 -0.9396214 -0.1724992 -0.2955599 -0.8965982 -0.1725037 -0.4078656 -0.8586825 -0.3283881 -0.3934789 -0.9821094 0.1479128 -0.1165462 0.1135689 0.9934927 -0.008634924 0.1553975 0.987655 -0.01972711 0.1527481 0.9880914 -0.01853221 -0.07210952 0.9957536 0.0572282 0.08710139 0.996197 -0.00222361 -0.1591793 0.9862668 0.04404413 0.07172185 0.9974248 1.00693e-4 0.06518483 0.9978708 -0.002216696 -0.02245837 0.999408 -0.0260666 0.05739414 0.9975855 -0.0391044 -0.1972699 0.9802643 -0.01289981 -0.9431095 0.3309012 -0.03238779 -0.9446706 0.3264276 0.03228938 -0.8536195 0.5204774 0.02090984 -0.604224 0.7951591 -0.05133622 -0.6393765 0.7683875 -0.02789932 -0.4844275 0.8732182 -0.05310446 -0.3120298 0.9473323 -0.07210481 -0.6871329 0.7253926 -0.04066914 -0.7833259 0.6212866 -0.02008908 -0.7550178 0.6557027 -0.001553714 -0.65509 0.7536211 -0.05396682 -0.5047472 0.8604924 -0.06916117 -0.1877077 0.9789059 -0.08067935 -0.7111927 0.7012999 -0.04882246 -0.7776694 0.6271873 -0.04320359 -0.8371596 0.5455234 -0.03960067 -0.9354532 0.3430072 -0.08528375 -0.5793594 0.8105826 -0.08543127 -0.702306 0.706283 -0.08905458 -0.581192 0.8103858 -0.07410031 -0.4459542 0.8930023 -0.06059581 -0.2247494 0.9732326 -0.04801994 -0.1973772 0.9802437 -0.01283347 -0.4840741 0.8727934 -0.06248122 -0.4286338 0.9032888 -0.01850771 -0.5812906 0.8091054 -0.08631205 -0.6732302 0.710984 -0.2031329 -0.5985511 0.7947681 -0.1004012 -0.7872936 0.5844097 -0.1965557 -0.7445999 0.5890065 -0.3140737 -0.8025897 0.4705 -0.3667145 -0.8586829 0.3283802 -0.3934848 -0.9223034 0.3415198 -0.1808882 -0.3851708 0.9201837 -0.07003855 -0.7913402 0.6080363 -0.06381893 -0.7211508 0.6893909 -0.0684238 -0.3949 0.9162637 -0.06719219 -0.7583752 0.6470073 -0.07904857 -0.746816 0.656179 -0.1081432 -0.7110908 0.6937029 -0.1145699 -0.7694648 0.6270056 -0.1216056 -0.7775946 0.6132103 -0.138996 -0.2243082 -0.9733346 -0.04801809 0.06370037 -0.996419 -0.05560147 0.06521928 -0.9959803 -0.0613982 0.062496 -0.9958629 -0.06596446 0.04995912 -0.9961595 -0.07190561 0.0261799 -0.9967195 -0.07658213 -0.009271979 -0.9968028 -0.07936304 -0.06509029 -0.9946584 -0.08011323 -0.1085929 -0.99088 -0.07977712 -0.1609209 -0.9837206 -0.07999056 -0.1878223 -0.9788823 -0.08069777 -0.02128124 -0.9990961 -0.03679823 0.05772137 -0.9975655 -0.03913521 -0.1972326 -0.9802718 -0.01290655 -0.02216333 -0.9994139 -0.02609324 -0.2243117 0.9733339 -0.04801505 -0.1879621 0.97886 -0.08064353 -0.1612699 0.9836714 -0.07989054 -0.06470245 0.9946925 -0.08000338 -0.0106014 0.9967884 -0.07937586 0.01896506 0.9968185 -0.07741683 0.03848791 0.9964706 -0.07459944 0.05126827 0.9961302 -0.0713886 0.05950766 0.9959132 -0.06793993 0.06472575 0.9959739 -0.06202226 0.06337422 0.9964416 -0.05557119 -0.02151852 0.9990935 -0.0367313 0.05739235 0.9975853 -0.0391134 -0.02246624 0.9994078 -0.0260657 -0.1972472 0.9802689 -0.0129075 0.8828808 -0.3698775 -0.2893307 0.9229682 -0.2422825 -0.2990468 0.9230077 -0.2440429 -0.2974894 0.9230742 -0.2445766 -0.2968441 0.9235581 -0.2394559 -0.299502 0.9245583 -0.2350307 -0.299921 0.7814036 -0.5627918 -0.2695809 0.8572567 -0.1674342 -0.4869053 0.9321622 -0.1983498 -0.3028714 0.9308139 -0.2053465 -0.302355 0.9330942 -0.1934018 -0.3032017 0.934163 -0.1875965 -0.3035571 0.2524701 -0.8991969 -0.357357 0.361257 -0.9013749 -0.2387816 0.2224318 -0.943833 -0.2443431 0.2798089 -0.7941703 -0.5394446 0.4992273 -0.8329703 -0.2386053 0.3734187 -0.1531007 -0.9149419 0.5534373 -0.1489722 -0.8194599 0.2348309 -0.5075398 -0.8290102 0.2073547 -0.3132009 -0.9267736 0.2106361 -0.1587074 -0.9645955 0.6629124 -0.6402792 -0.3880589 0.6423204 -0.7247952 -0.2491918 0.6906971 -0.505573 -0.5170432 0.2721592 -0.6618126 -0.6985224 0.7219136 -0.1523106 -0.6750128 0.9257994 -0.229344 -0.3004947 0.780524 -0.3185981 -0.5378453 0.9273351 -0.2220898 -0.3012074 0.9290294 -0.2141566 -0.3017309 -0.1619106 -0.9310237 -0.3270781 -5.9215e-4 -0.9340682 -0.3570942 -0.005091547 -0.9548741 -0.2969676 -0.7746817 -0.115461 -0.6217212 -0.7731629 -0.1651091 -0.6123384 -0.7784169 -0.1147443 -0.6171717 -0.7259948 -0.1285767 -0.6755736 -0.3544425 -0.2110068 -0.9109592 -0.1862546 -0.2081943 -0.9601898 -0.1676556 -0.4075866 -0.8976441 -0.6568011 -0.1326112 -0.7423117 -0.5420002 -0.1657605 -0.8238685 -0.6588176 -0.1366745 -0.7397834 -0.6577295 -0.125826 -0.7426708 -0.6582798 -0.1249617 -0.7423291 -0.167002 -0.851319 -0.4973593 -0.3404679 -0.8669721 -0.3639246 0.005163729 -0.8829327 -0.4694715 -0.1490046 -0.7911608 -0.5931799 -0.05703485 -0.613897 -0.7873231 -0.01082664 -0.7472088 -0.6645011 -0.2213007 -0.7635754 -0.6066125 -0.5166001 -0.7507929 -0.4116241 -0.2471512 -0.4592494 -0.8532329 -0.4804155 -0.4589996 -0.7473422 -0.6304183 -0.6264213 -0.4584421 -0.6988027 -0.5065253 -0.5050811 -0.3762596 -0.3721035 -0.8485092 -0.4168717 -0.3494382 -0.8391133 -0.538725 -0.2719929 -0.7973677 -0.6724938 -0.1382671 -0.7270724 -0.6636097 -0.1389129 -0.7350683 -0.683695 -0.1376175 -0.7166747 -0.7026537 -0.1345965 -0.6986856 -0.4487079 -0.2310765 -0.8632873 -0.6854448 -0.2975147 -0.6645679 -0.7427818 -0.3690807 -0.5586187 -0.7637442 -0.2438271 -0.5976982 0.005304932 0.8790971 -0.4766134 -0.1249923 0.9390913 -0.3201321 -0.04687064 0.9509263 -0.3058469 -0.00507903 0.9548311 -0.2971057 -0.3545393 0.2109884 -0.9109259 -0.1992829 0.3197866 -0.9262952 -0.186159 0.2080921 -0.9602305 -0.7136985 0.1316897 -0.6879624 -0.7785843 0.1142697 -0.6170485 -0.7563545 0.2956105 -0.5835601 -0.6572089 0.1340443 -0.7416931 -0.6602064 0.1375404 -0.7383835 -0.5420157 0.1656635 -0.8238778 -0.6569193 0.1293037 -0.7427904 -0.6581835 0.1257148 -0.7422872 -0.2698076 0.4275749 -0.8627767 -0.05848729 0.6109017 -0.7895432 -0.1375759 0.4627133 -0.8757679 -0.3307628 0.7622339 -0.5564131 -0.6215846 0.6385151 -0.4537964 -0.4713281 0.7873094 -0.3974843 -0.2843838 0.8919019 -0.3516203 -0.2546611 0.70142 -0.665701 -0.01173555 0.7439761 -0.6681031 -0.3382424 0.6566106 -0.6741325 -0.4224587 0.6006259 -0.6788057 -0.4887471 0.5470014 -0.6796439 -0.6995322 0.5049218 -0.5056765 -0.5944225 0.2868098 -0.7512671 -0.6835796 0.1387194 -0.7165723 -0.6676497 0.1391485 -0.731356 0.06356567 0.1666042 -0.9839728 0.210639 0.1586988 -0.9645963 0.2204189 0.06800025 -0.9730321 -0.1463107 0.06130129 -0.9873375 0.2227137 -0.01680898 -0.974739 -0.1861923 0.2081069 -0.9602208 -0.0464068 0.1829057 -0.9820346 -0.1462832 -0.06130021 -0.9873417 0.06356096 -0.1665908 -0.9839755 0.2105748 -0.1586072 -0.9646254 -0.04662591 -0.1828765 -0.9820297 -0.1860949 -0.2080746 -0.9602467 0.9102876 0.2903081 -0.2951233 0.9230183 0.2438402 -0.2976227 0.9226506 0.2432024 -0.2992801 0.9229901 0.2419779 -0.2992256 0.8835651 0.3681029 -0.2895047 0.92349 0.2402625 -0.2990656 0.9240455 0.2377573 -0.2993517 0.9080874 0.1785936 -0.37879 0.9312867 0.2029156 -0.3025397 0.9342347 0.1872402 -0.3035568 0.9291012 0.2136818 -0.3018465 0.2524664 0.8992021 -0.3573462 0.2224172 0.9438338 -0.2443526 0.4463298 0.8627443 -0.2376177 0.2797898 0.7941691 -0.5394564 0.2106631 0.1587203 -0.9645875 0.2074086 0.3131936 -0.926764 0.3952106 0.1524038 -0.9058596 0.6906491 0.5056604 -0.5170218 0.2721311 0.661877 -0.6984723 0.6325239 0.7337275 -0.248108 0.7288523 0.5713847 -0.3772187 0.9247061 0.2344911 -0.2998878 0.9266136 0.2254818 -0.3009074 0.7846441 0.5579771 -0.2701762 0.770105 0.3233963 -0.5498666 0.7361248 0.1531749 -0.6592858 0.589604 0.1489132 -0.7938463 0.8407604 0.1645553 -0.5157942 0.3877382 0.3148221 -0.8663406 0.2348087 0.5075432 -0.8290144 0.3952126 0.1522858 -0.9058787 0.2205513 0.06800061 -0.9730021 0.2106723 0.1586031 -0.9646047 0.9493466 -0.05999946 -0.3084498 0.934372 -0.1864063 -0.3036478 0.8573091 -0.1668151 -0.4870256 0.9343741 0.1863997 -0.3036448 0.9493868 0.0599963 -0.3083264 0.9081332 0.1783235 -0.3788073 0.4922548 -0.08150994 -0.8666265 0.2106783 -0.1585894 -0.9646056 0.2226926 -0.01680594 -0.9747439 0.7219834 -0.1522914 -0.6749424 0.5534493 -0.1490939 -0.8194298 0.3734372 -0.1529721 -0.9149559 0.5909935 -0.005309522 -0.806659 0.504043 0.06480538 -0.8612439 0.5896049 0.1490173 -0.7938262 0.8484222 -0.01730304 -0.5290373 0.890501 0.05468934 -0.4516828 0.8408705 0.1641011 -0.5157594 0.7439463 0.05715972 -0.6657903 0.7361322 0.1530937 -0.6592964 -1.87092e-4 -0.9340996 -0.3570128 0.2224327 -0.9438306 -0.2443516 -0.005068361 -0.95485 -0.2970454 0.252263 -0.8992307 -0.3574178 0.005668461 -0.8829659 -0.469403 -0.009940266 -0.7473198 -0.6643902 0.2807338 -0.794041 -0.5391544 -0.05594635 -0.6140186 -0.7873064 0.2724601 -0.6618019 -0.6984152 -0.167652 -0.4075786 -0.8976483 0.2337418 -0.507568 -0.8293007 0.06349384 -0.1657864 -0.9841156 0.2075287 -0.3131949 -0.9267368 0.2106791 -0.1587035 -0.9645867 -0.04664641 -0.1829959 -0.9820065 -0.1861895 -0.2082111 -0.9601987 0.5964907 -0.7842985 -0.1705129 0.7301268 -0.6560953 -0.1909292 0.5861421 -0.7961094 -0.1504905 0.5012669 -0.8525911 -0.1477156 0.4396575 -0.891318 -0.1106963 0.2848815 -0.9556923 -0.07412815 0.5298465 -0.8320811 -0.1640235 0.4579917 -0.8764844 -0.1483876 0.3835913 -0.9139063 -0.1327896 0.1301571 -0.990319 -0.04824388 0.1656734 -0.9767853 -0.1358051 0.6558177 -0.7230325 -0.2170878 0.4887285 -0.8426989 -0.2258386 0.6241483 -0.7447043 -0.2363355 0.5499574 -0.8057364 -0.2198541 0.4817913 -0.8502383 -0.2120659 0.5378987 -0.8101128 -0.2331995 0.4992301 -0.8329735 -0.2385883 0.6423504 -0.7247795 -0.24916 0.4201446 -0.8797901 -0.2223688 0.1908816 -0.9620878 -0.1948115 0.2224214 -0.943829 -0.2443675 0.3611761 -0.9013967 -0.238822 0.3898382 -0.8979232 -0.2043533 0.8025662 -0.5561165 -0.2159211 0.9265706 -0.2895961 -0.2400025 0.860517 -0.4567734 -0.2255407 0.4356217 -0.8846288 -0.1663301 0.8400325 -0.4701511 -0.2707462 0.9227368 -0.2436754 -0.2986289 0.4240818 -0.8885343 -0.1751041 0.4127442 -0.8919094 -0.1847698 0.8312203 -0.4824742 -0.276209 0.8828185 -0.3698536 -0.2895512 0.7814033 -0.5627062 -0.2697605 -0.1464537 -0.06129533 -0.9873167 -0.1862903 -0.2080999 -0.9602033 -0.3546257 -0.2107701 -0.9109427 -0.6602042 -0.1191526 -0.7415747 -0.5418806 -0.1657927 -0.8239407 -0.6583361 -0.1248968 -0.74229 -0.6620346 -0.1138097 -0.7407818 -0.3546488 0.2109119 -0.910901 -0.1861574 0.208111 -0.9602267 -0.1464123 0.06130224 -0.9873224 -0.6583476 0.1246042 -0.742329 -0.5418601 0.1659108 -0.8239305 -0.6803119 0.04859882 -0.7313098 -0.4248945 -0.03530412 -0.9045543 -0.6853871 -0.007700145 -0.7281382 -0.4255342 0.02199673 -0.9046751 -0.4216865 0.06998789 -0.9040367 -0.7730298 -0.165111 -0.612506 -0.7639692 -0.2438061 -0.5974192 -0.8615852 -0.1094194 -0.4956799 -0.7782167 -0.1144279 -0.6174829 -0.3079038 -0.9375456 -0.161875 -0.1272151 -0.9836521 -0.1274559 -0.3466202 -0.930926 -0.1150268 -0.004394173 -0.9911422 -0.1327326 7.51048e-4 -0.9780965 -0.2081507 -0.5766626 -0.8070901 -0.1267516 -0.710784 -0.6976022 -0.09020739 -0.8625343 -0.499509 -0.08077996 -0.5689467 -0.8162522 -0.1001598 -0.4903464 -0.858495 -0.1501559 -0.8301924 -0.5433331 -0.1247789 -0.2148021 -0.9379405 -0.272264 -0.1616676 -0.9308803 -0.3276056 -0.005063533 -0.9548746 -0.2969661 -0.9266136 -0.3609797 -0.1052665 -0.9407019 -0.3292946 -0.0815171 -0.9413486 -0.2559269 -0.2199191 -0.7992978 -0.5747985 -0.1752995 -0.3773884 -0.8714262 -0.31336 -0.3404223 -0.8669474 -0.3640259 -0.3024749 -0.9111816 -0.2797445 -0.392575 -0.8738975 -0.286685 -0.7803644 -0.5712153 -0.2544493 -0.7432854 -0.3691206 -0.557922 -0.6986805 -0.506538 -0.5052376 -0.4898721 -0.8078142 -0.3278134 -0.516389 -0.7507898 -0.4118949 -0.6300629 -0.6263179 -0.4590713 -0.893665 -0.2975183 -0.3359255 -0.9107738 -0.1418942 -0.3877592 -0.4312452 -0.882091 -0.1895866 -0.3998442 -0.8920996 -0.2104355 -0.3978017 -0.8872628 -0.2334921 -0.4655497 0.8745284 -0.1358811 -0.4367892 0.8929113 -0.1092002 -0.2156498 0.9687179 -0.1228042 -0.6420252 0.7607696 -0.09504526 -0.7700145 0.632191 -0.08609509 -0.2591491 0.951816 -0.1639757 -0.00427252 0.9911478 -0.132695 6.71014e-4 0.9780933 -0.2081663 -0.3617419 0.9186112 -0.1590481 -0.7962669 0.5897119 -0.1349039 -0.8686174 0.4888954 -0.08053135 -0.1890354 0.944123 -0.2699952 -0.005080938 0.9548748 -0.2969651 -0.04674851 0.950784 -0.3063076 -0.1248227 0.9388797 -0.3208182 -0.9173015 0.3830891 -0.1086312 -0.9195095 0.3849978 -0.0792402 -0.7944728 0.5771943 -0.1888374 -0.9395504 0.2270192 -0.2563344 -0.9271431 0.3570072 -0.1138048 -0.9396733 0.3131896 -0.1375736 -0.9406987 0.3293025 -0.08152246 -0.3534277 0.8824728 -0.3103722 -0.2842494 0.8918806 -0.3517832 -0.471173 0.7873005 -0.397686 -0.293643 0.9142892 -0.2790146 -0.3937697 0.8733266 -0.2867857 -0.4853916 0.8107424 -0.3272491 -0.6211937 0.6384336 -0.4544457 -0.6994141 0.5049228 -0.5058389 -0.7759898 0.5713195 -0.2672711 -0.8848547 0.2915981 -0.3633219 -0.7568467 0.2955886 -0.5829329 -0.7782792 0.1145076 -0.6173894 -0.9010831 0.1310082 -0.4133836 -0.3877901 0.9010297 -0.1943308 -0.3972139 0.8922251 -0.2148385 -0.3964056 0.8870425 -0.2366815 0.005794823 0.8791643 -0.4764836 0.2224588 0.9438248 -0.2443499 0.2522891 0.8992283 -0.3574058 -0.005047798 0.9548526 -0.2970371 -0.01079875 0.7440044 -0.6680875 0.2807675 0.7940264 -0.5391585 -0.05733549 0.6109853 -0.7895629 0.2724737 0.6617864 -0.6984245 -0.1374022 0.4626991 -0.8758027 0.2337474 0.5075761 -0.8292942 0.06349402 0.1659032 -0.9840959 0.2074884 0.313201 -0.9267436 0.2106288 0.1587221 -0.9645947 -0.1991682 0.3197757 -0.9263237 -0.04646497 0.1830053 -0.9820133 -0.1862015 0.2082178 -0.960195 0.5980111 0.7839713 -0.1666482 0.5694369 0.8089967 -0.1458294 0.7376424 0.6470059 -0.193047 0.8632919 0.4512045 -0.2261454 0.905752 0.3521775 -0.2357634 0.4955716 0.8570176 -0.1411727 0.3543146 0.9308245 -0.08959382 0.5283325 0.8344793 -0.1565536 0.4579305 0.8778291 -0.1404126 0.370032 0.9210969 -0.1210656 0.1548276 0.9815732 -0.1119937 0.1301408 0.9903212 -0.04824423 0.6564219 0.7234148 -0.2139655 0.9265992 0.2895627 -0.2399322 0.6315965 0.7366158 -0.2418326 0.7846781 0.5578876 -0.2702627 0.6325318 0.7337225 -0.2481028 0.4889222 0.8432672 -0.2232835 0.4341119 0.8780381 -0.2014844 0.5482427 0.8082316 -0.2149225 0.5564721 0.7985839 -0.2293525 0.5345675 0.8127912 -0.2315344 0.4462952 0.8627659 -0.2376044 0.4138718 0.8836087 -0.2189654 0.2224373 0.9438261 -0.2443644 0.1860421 0.965286 -0.1833339 0.4334429 0.8874819 -0.1565355 0.4207909 0.8921023 -0.1645866 0.8399757 0.4708148 -0.2697672 0.9227464 0.2435964 -0.2986636 0.4257515 0.8872038 -0.1777783 0.7493823 0.6128078 -0.2507845 0.7967211 0.5424094 -0.26651 0.8478212 0.4511072 -0.2787503 0.8834837 0.3681512 -0.2896918 0.9101936 0.2902217 -0.2954979 0.7648611 0.5891924 -0.2604609 0.9230513 -0.2450149 -0.2965537 0.9229962 -0.242494 -0.2987887 0.9239707 -0.2381317 -0.299285 0.9244837 -0.235089 -0.3001049 0.9258515 -0.2291485 -0.3004831 0.9227872 -0.2437998 -0.2983713 0.9273943 -0.2219068 -0.3011597 0.9291165 -0.2139058 -0.3016405 0.9308292 -0.2054926 -0.3022084 0.9320713 -0.1987175 -0.30291 0.9330856 -0.1933495 -0.3032609 0.9344044 -0.1863935 -0.3035555 0.9493916 -0.06000477 -0.3083103 0.9230282 0.2417078 -0.2993266 0.9235391 0.2392255 -0.2997444 0.9224154 0.2427297 -0.3003867 0.9231022 0.2419252 -0.2989222 0.924718 0.2345306 -0.2998204 0.9227809 0.2434731 -0.2986572 0.9344061 0.1863964 -0.3035488 0.9312912 0.2028289 -0.3025844 0.9290802 0.2136519 -0.3019318 0.9266062 0.225679 -0.3007822 0.9493942 0.06000733 -0.3083018 0.96437 -0.09009933 -0.2487422 0.9266081 -0.2895922 -0.2398621 0.9643586 0.0901041 -0.2487847 0.9266179 0.2894755 -0.2399654 -0.01318848 -0.9974006 -0.07084047 0.1301369 -0.9903218 -0.04824078 -0.0155797 -0.9992226 -0.03621596 0.1656728 -0.976786 -0.1357998 -0.004270613 -0.9911475 -0.1326969 0.1909008 -0.9620844 -0.1948093 7.51712e-4 -0.9780955 -0.2081558 0.2224197 -0.9438317 -0.2443588 -0.00507611 -0.9548785 -0.2969535 0.8384572 -0.2925926 -0.4597601 0.7980715 -0.293796 -0.5260856 0.7670431 -0.3945078 -0.5059728 0.8605313 -0.4568077 -0.2254169 0.9265831 -0.2895682 -0.2399877 0.8819873 -0.2864012 -0.3742631 0.1300648 -0.9902226 -0.05042362 0.3040733 -0.9316787 -0.1987825 0.129756 -0.989966 -0.05595314 0.7630079 -0.4918032 -0.4194621 0.6997936 -0.5357341 -0.4725229 0.5669081 -0.7211298 -0.3982299 0.6529899 -0.6908853 -0.310293 0.7301151 -0.6560819 -0.1910196 0.5764165 -0.768846 -0.2768029 0.4486492 -0.8360188 -0.3158901 0.5862127 -0.7960575 -0.1504897 0.5200688 -0.8171253 -0.2486662 0.4468545 -0.8700006 -0.2083748 0.439611 -0.8913438 -0.1106723 0.3755019 -0.9117115 -0.1666749 0.1296851 -0.9908164 -0.03827178 0.2704108 -0.9598075 -0.07515096 0.1301488 -0.9903201 -0.04824501 0.2848727 -0.9556891 -0.07420313 -0.271449 0.9586526 -0.0854448 -0.004368185 0.9911425 -0.1327317 -0.2156223 0.9687113 -0.1229039 -0.01329666 0.9973976 -0.07086187 -0.4686392 0.8785353 -0.09248405 -0.4367683 0.8929205 -0.1092089 -0.6420242 0.7607594 -0.09513199 -0.7700684 0.6320942 -0.08632367 -0.3724844 0.9244823 -0.08116644 -0.5322986 0.8461163 -0.02730607 -0.2759271 0.9611236 -0.01028484 -0.259883 0.9655839 0.01042574 -0.01565045 0.9992204 -0.03624379 -0.375748 0.926719 0.002335667 -0.4685743 0.8829975 0.02745324 -0.4368465 0.8984625 0.04393482 -0.6380068 0.7656043 0.08244633 -0.7724752 0.6255384 0.1094712 -0.9324622 0.3568125 -0.05655968 -0.8686042 0.4888918 -0.08069533 -0.9194421 0.385016 -0.07993155 -0.9407531 0.3346408 -0.05476671 -0.9407204 0.3292328 -0.08155274 -0.9556921 0.2935171 0.02237516 -0.9392208 0.3333084 0.08227902 -0.9454587 0.2958928 0.1362182 -0.9237376 0.3563196 0.1405179 -0.8522402 0.5219696 -0.03513693 -0.897115 0.4417948 0.001477241 -0.8559612 0.5161734 0.0299254 -0.863182 0.5008087 0.06409001 -0.8732469 0.4693119 0.1310968 -0.6562315 0.1297973 -0.7433122 -0.6604738 0.1375663 -0.7381395 -0.6574704 0.1341879 -0.7414354 -0.6582973 0.1246027 -0.7423739 -0.6834658 0.1385687 -0.7167099 -0.6675162 0.1393834 -0.7314331 -0.7137944 0.1319059 -0.6878216 -0.6588258 -0.1365801 -0.7397935 -0.6575003 -0.1260322 -0.7428386 -0.6567236 -0.1322999 -0.7424359 -0.6577956 -0.1250483 -0.7427435 -0.6636853 -0.1391447 -0.7349562 -0.6716627 -0.1398491 -0.7275379 -0.6602128 -0.119016 -0.741589 -0.6830517 -0.1385696 -0.7171046 -0.6620418 -0.1138597 -0.7407677 -0.7026365 -0.1346543 -0.6986917 -0.726096 -0.1285125 -0.675477 -0.9907013 0.1098055 -0.0803346 -0.9407235 0.3292302 -0.08152782 -0.9397931 0.3128162 -0.137605 -0.940744 -0.3291661 -0.08155041 -0.9816635 -0.1727955 -0.08048844 -0.9413319 -0.2559962 -0.2199097 -0.7997485 0.04240334 -0.5988359 -0.6803792 0.04860913 -0.7312465 -0.6854396 -0.007699191 -0.7280888 -0.7782151 0.1144022 -0.6174896 -0.9011062 0.1307873 -0.4134033 -0.8340669 -0.001804292 -0.5516604 -0.9073793 0.04580789 -0.4178093 -0.9395359 0.2270794 -0.2563343 -0.8840928 -5.61285e-6 -0.4673116 -0.8089143 -0.04859399 -0.585915 -0.8615551 -0.1097644 -0.4956558 -0.910807 -0.1417095 -0.3877487 -0.7781857 -0.1143582 -0.6175349 -0.7746955 -0.1152915 -0.6217355 -0.9162835 -3.64278e-7 -0.4005306 -0.9456657 -1.63279e-5 -0.325141 -0.9759091 0.1058156 -0.1908002 -0.995359 -0.05328935 -0.08012998 -0.9310426 -0.05802381 -0.3602681 -0.971675 -0.01630401 -0.2357581 -0.3463289 -0.9348686 0.07795584 -0.2596729 -0.9656493 0.009557723 -0.01568531 -0.9992235 -0.03614342 -0.4366989 -0.8985666 0.04326778 -0.4867466 -0.8644468 0.1257359 -0.6380479 -0.765612 0.08205699 -0.7724728 -0.6255594 0.1093685 -0.306703 -0.9471929 0.09358912 -0.0108537 -0.999773 0.0183379 -0.410799 -0.9016616 0.1350949 -0.7770606 -0.5589575 0.2893846 -0.8732372 -0.4692683 0.1313173 -0.8991596 -0.3668929 0.2385405 -0.9237169 -0.3562908 0.1407268 -0.9101944 -0.3437808 0.2309998 -0.7611424 -0.5545955 0.3362829 -0.9184669 -0.3264148 0.2233204 -0.8970718 -0.3222681 0.3023335 -0.9454397 -0.2959232 0.1362839 -0.4414561 -0.8607023 0.2535905 -0.02799099 -0.9995384 0.01181435 -0.4947674 -0.8202908 0.2869295 -0.2057642 -0.9731255 0.1033816 -0.3785557 -0.9023206 0.2061873 -0.487452 -0.8264184 0.2818213 -0.5761201 -0.7374889 0.3524143 -0.6564971 -0.6267217 0.4197995 -0.8203504 -0.4470012 0.3566724 -0.8502899 -0.3191131 0.4185379 -0.7362599 -0.5674059 0.368744 -0.7020936 -0.5957698 0.3900296 -0.7288852 -0.4904095 0.4777289 -0.7755411 -0.4399815 0.4527167 -0.7689613 -0.3849036 0.510439 -0.7947272 -0.3940913 0.4616284 -0.7939637 -0.3021809 0.5275495 -0.4707176 -0.855403 0.2161271 -0.491895 -0.8346787 0.2476916 -0.4935509 -0.8287336 0.2638337 -0.6097106 -0.7292562 0.3105453 -0.4743112 -0.8397961 0.2641428 -0.3196559 -0.9438626 -0.083328 -0.004363238 -0.9911428 -0.1327287 -0.01326382 -0.9973974 -0.07086938 -0.5688999 -0.816272 -0.1002653 -0.3465865 -0.930928 -0.1151124 -0.1272241 -0.9836476 -0.1274815 -0.4998205 -0.8656345 -0.02926504 -0.2759273 -0.9611237 -0.01027536 -0.01569211 -0.9992233 -0.0361492 -0.2598801 -0.9655848 0.01042526 -0.3758552 -0.9266757 0.002297043 -0.4685544 -0.8830082 0.02744668 -0.4368396 -0.8984655 0.0439434 -0.6380076 -0.765603 0.08245259 -0.7724788 -0.6255144 0.1095821 -0.9316818 -0.3588101 -0.05678361 -0.9556689 -0.2935996 0.02227962 -0.940697 -0.3293081 -0.08151882 -0.8625708 -0.4994124 -0.0809881 -0.9392207 -0.333311 0.08227014 -0.9454602 -0.2958953 0.1362026 -0.9237359 -0.3563265 0.1405119 -0.8495231 -0.5235008 -0.06525075 -0.7107207 -0.6976445 -0.09037888 -0.8449892 -0.5336148 -0.03533196 -0.8941411 -0.4477835 0.001256823 -0.8505209 -0.5251185 0.02940917 -0.8598452 -0.5065828 0.06356298 -0.8732472 -0.4693042 0.1311221 -0.666092 -0.7425861 -0.06990933 0.8734201 0.2874983 -0.3930422 0.7383433 0.4620058 -0.4913247 0.7980762 0.2938035 -0.5260741 0.9057739 0.3521674 -0.2356945 0.9265834 0.2896053 -0.2399421 0.863299 0.4512077 -0.2261119 0.1300477 0.9903683 -0.04752343 0.129742 0.9899685 -0.05594199 0.2135501 0.9692622 -0.1221776 0.1301252 0.9903234 -0.04824119 0.1292204 0.9909314 -0.03683787 0.3543105 0.930826 -0.08959442 0.683743 0.6547048 -0.3222687 0.737595 0.6470321 -0.1931403 0.6211928 0.6546414 -0.4307717 0.6216987 0.7246725 -0.2972215 0.569455 0.8089868 -0.1458138 0.4940459 0.7961997 -0.3492631 0.53301 0.8066407 -0.2554043 0.3706905 0.8932622 -0.2543056 0.4731873 0.8521842 -0.2233291 0.3700737 0.9145252 -0.1633686 0.2496147 0.9611535 -0.117798 -0.01320153 0.9974004 -0.07083934 0.1301401 0.9903215 -0.04823887 0.1548523 0.9815694 -0.111993 -0.01558011 0.9992226 -0.03621608 -0.004272699 0.9911474 -0.1326979 0.1860218 0.9652892 -0.1833372 7.48977e-4 0.9780957 -0.2081549 0.2224569 0.9438211 -0.2443662 -0.00507754 0.9548791 -0.2969514 -0.3463361 0.934866 0.07795619 -0.01568758 0.9992236 -0.03614306 -0.2596654 0.9656515 0.009557664 -0.4366624 0.8985852 0.04325085 -0.4867649 0.8644362 0.1257387 -0.6380335 0.7656219 0.08207696 -0.772515 0.6255105 0.1093497 -0.3067189 0.9471887 0.09358078 -0.01074802 0.9997736 0.01836818 -0.4108272 0.901647 0.1351062 -0.783274 0.5572808 0.2755357 -0.8732354 0.4692719 0.1313161 -0.9077735 0.3601065 0.2151064 -0.9237166 0.3562881 0.1407356 -0.9180818 0.3368113 0.2090075 -0.7714664 0.5489845 0.3216452 -0.9255352 0.3199957 0.2024536 -0.9454455 0.2959054 0.1362818 -0.9122439 0.3177034 0.2586032 -0.4198647 0.8751279 0.2405515 -0.02799123 0.9995385 0.01180922 -0.8315205 0.4395328 0.339683 -0.86064 0.321506 0.3948832 -0.7410365 0.565066 0.3627195 -0.4712725 0.8391363 0.2715744 -0.6432023 0.647409 0.4088429 -0.5540562 0.7624886 0.3341153 -0.4316746 0.8690428 0.2417063 -0.2734767 0.951376 0.1417547 -0.1229079 0.99066 0.05904614 -0.6993551 0.6021925 0.3850543 -0.7772307 0.4471871 0.4426469 -0.7434561 0.455566 0.4896252 -0.8050028 0.3824225 0.4535677 -0.7940044 0.3021828 0.5274871 -0.4690508 0.8579282 0.2096443 -0.4907377 0.8376134 0.2399595 -0.4932701 0.8298158 0.2609416 -0.6119537 0.7299826 0.304365 -0.466876 0.845531 0.2590446 0.1296821 -0.9908131 -0.03836554 -0.01557695 -0.9992223 -0.036224 0.1301332 -0.9903267 -0.04815137 -0.01074749 -0.9997736 0.01836615 0.1299567 -0.9902356 -0.05044716 0.09451079 -0.9947142 -0.04014569 0.1297405 -0.9899688 -0.05593937 0.0382989 -0.9991303 -0.01649338 -0.02799409 -0.9995384 0.01180583 -0.02799367 -0.9995386 0.0117985 -0.07225537 -0.9957427 0.05723285 -0.2940782 -0.9476845 0.1241458 -0.2055681 -0.9731171 0.1038509 -0.4433195 -0.879898 0.171019 -0.377997 -0.9023128 0.2072438 -0.5587345 -0.8069388 0.1914825 -0.4868116 -0.8262814 0.2833259 -0.8627419 -0.3277214 0.3850653 -0.8934962 -0.3858011 0.2298309 -0.9086075 -0.340998 0.241149 -0.794002 -0.3022094 0.5274755 -0.769324 -0.3850073 0.5098137 -0.8128496 -0.3108258 0.4926083 -0.7697969 -0.5384264 0.3427972 -0.6787822 -0.7076672 0.1961172 -0.7751154 -0.5997949 0.198601 -0.5754069 -0.737367 0.3538316 -0.6564825 -0.6267243 0.4198185 -0.7296407 -0.4905996 0.4763786 -0.8606675 0.3214073 0.3949035 -0.8242074 0.1581028 0.5437699 -0.7940133 0.3021195 0.5275101 -0.8635615 -0.1009272 0.4940397 -0.7940021 -0.3020715 0.5275544 -0.8311862 -0.1004045 0.5468532 -0.8348814 0.04869979 0.5482713 -0.8502969 -0.3190845 0.4185454 -0.8841809 0.01611089 0.4668669 -0.920809 -0.0815981 0.3813826 -0.897123 -0.3221132 0.3023467 -0.907469 -2.49287e-5 0.420119 -0.9347866 1.40409e-5 0.3552099 -0.9598074 9.28284e-6 0.2806598 -0.9706782 -0.07642722 0.2279098 -0.9454893 -0.2957853 0.1362388 -0.9433431 0.08001375 0.3220276 -0.9123744 0.3173384 0.2585909 -0.9814702 -1.86588e-5 0.1916153 -0.9911542 -6.0945e-6 0.1327151 -0.9822882 0.07471483 0.1718361 -0.9454946 0.2957716 0.136232 -0.9951745 -0.07558178 0.06257241 -0.9557052 -0.2934731 0.02238428 -0.9967918 -1.1868e-5 0.08003908 -0.9925122 0.07439738 0.09687441 -0.9556993 0.2934928 0.02238225 -0.9995209 1.78888e-5 0.03095161 -0.9858008 -0.163001 -0.04034566 -0.9407287 -0.3292162 -0.08152443 -0.9953593 -0.05329585 -0.08012247 -0.9816706 -0.1727975 -0.08039814 -0.9997879 -0.01599842 -0.01297569 -0.993979 0.1032879 -0.03657084 -0.9407412 0.329208 -0.08141469 -0.9907103 0.1097926 -0.08024215 -0.01553881 0.9992231 -0.03621959 0.1293152 0.9909201 -0.03681147 0.1301218 0.9903287 -0.04813903 -0.01075446 0.9997736 0.01836735 0.1300525 0.9903672 -0.04752975 0.0770533 0.9964879 -0.03278315 0.1297444 0.989968 -0.05594426 0.02786183 0.9995391 -0.01206028 -0.02798068 0.9995388 0.01180309 -0.02798682 0.9995388 0.0117852 -0.2437226 0.9639133 0.1071007 -0.07212638 0.9957514 0.05724459 -0.1227126 0.9906749 0.0592032 -0.3678321 0.9178857 0.1489477 -0.2730336 0.9513996 0.1424481 -0.4309931 0.8689948 0.2430905 -0.5495194 0.8134661 0.1905293 -0.5532942 0.7623758 0.335632 -0.719283 0.6663264 0.1965739 -0.6430571 0.6473646 0.4091416 -0.8605415 0.4623993 0.2136709 -0.7442048 0.4558045 0.4882637 -0.8367323 0.3191702 0.4449828 -0.9085935 0.3409751 0.2412344 -0.7834635 0.3701806 0.4991506 -0.7939147 0.3022044 0.5276098 0.1072115 -0.9941776 -0.01080393 0.15266 -0.9881045 -0.01856303 -0.07211273 -0.9957531 0.05723178 0.09492766 -0.9947386 -0.03851932 0.1297436 -0.9899687 -0.05593389 0.04778665 -0.9988515 -0.003491103 -0.02796864 -0.999539 0.01181107 0.03868681 -0.9991297 -0.01559323 -0.9165778 -0.3366078 -0.2158249 -0.766279 -0.5470003 -0.3370569 -0.8586852 -0.3284148 -0.3934509 -0.9328525 -0.3456193 0.1016544 -0.8933884 -0.3857864 0.230274 -0.9382416 -0.3436757 -0.03987276 -0.9086114 -0.3409875 0.2411488 -0.3297955 -0.9437965 0.02198189 -0.1972936 -0.9802608 -0.01281523 -0.4255331 -0.904763 -0.01804602 -0.1664144 -0.9851892 0.04133588 -0.454481 -0.8906869 0.01113611 -0.573574 -0.819006 -0.01555633 -0.5776382 -0.8120491 -0.08312869 -0.7715262 -0.628679 -0.09751969 -0.6821271 -0.6980265 -0.2178571 -0.4025272 -0.9115997 0.08341407 -0.2944163 -0.9477913 0.1225182 -0.07221704 -0.9957472 0.05720347 -0.4436564 -0.8799858 0.1696887 -0.4800706 -0.8728691 0.08736079 -0.5589106 -0.8070037 0.190694 -0.5555827 -0.8266872 0.08897328 -0.6786479 -0.7076312 0.1967107 -0.7749079 -0.5997841 0.1994414 -0.8060324 -0.5908843 -0.03416842 -0.8223596 -0.5680996 0.03142791 -0.4228955 -0.9054741 0.03572297 -0.5849446 -0.8101302 0.0391035 -0.8312169 -0.1003873 0.5468099 -0.7940043 -0.3020623 0.5275565 -0.8128697 -0.3107833 0.4926018 -0.8627507 -0.327704 0.3850605 -0.8367399 0.3191691 0.4449691 -0.7939857 0.3021668 0.5275243 -0.8242145 0.1580995 0.5437602 -0.8963768 -0.1725379 -0.4083374 -0.9166033 -0.3365257 -0.2158444 -0.8587074 -0.3283565 -0.3934512 -0.9092727 -0.05321341 -0.4127852 -0.8587271 0.3282821 -0.3934702 -0.9165784 0.3366025 -0.2158306 -0.9048808 0.1096013 -0.411313 -0.9694404 -0.0953989 0.2260189 -0.908631 -0.3409269 0.2411614 -0.9329142 -0.3454604 0.1016284 -0.961563 9.72301e-7 0.2745847 -0.8348758 0.04869395 0.5482805 -0.9918215 -0.09620672 0.08387237 -0.9382416 -0.3436771 -0.03986126 -0.9785104 -8.14491e-5 0.2061977 -0.9908379 -4.45913e-5 0.1350562 -0.9979863 -1.3844e-4 0.06343215 -0.9790906 0.09588557 0.1794087 -0.9328989 0.3455026 0.1016249 -0.9086387 0.34089 0.2411841 -0.9999588 8.19936e-6 -0.009087741 -0.9947487 0.0959959 0.03549325 -0.9382395 0.3436824 -0.03986269 0.07757622 0.996501 -0.0311104 0.1526492 0.9881063 -0.01855576 0.1297395 0.9899697 -0.05592656 -0.07211422 0.995753 0.0572322 0.02818137 0.9995383 -0.0113635 -0.02801245 0.9995381 0.01179379 -0.9166332 0.3365069 -0.2157468 -0.8028985 0.4703916 -0.3661772 -0.7448071 0.5889925 -0.3136086 -0.8586933 0.3283635 -0.3934761 -0.9086011 0.341011 0.2411545 -0.9328218 0.3457041 0.1016472 -0.8606369 0.4623889 0.2133089 -0.3345546 0.9420129 0.0261743 -0.1973465 0.9802483 -0.01294386 -0.159281 0.9862473 0.04411303 -0.4286243 0.9032934 -0.01849937 -0.4630026 0.8862188 0.01564896 -0.5690395 0.8222897 -0.005807697 -0.5812963 0.8091014 -0.08631235 -0.7740442 0.6271248 -0.08700603 -0.673261 0.7109869 -0.2030206 -0.3975262 0.9134683 0.08688324 -0.0722689 0.9957414 0.05723947 -0.2440446 0.9640108 0.1054781 -0.368182 0.9179882 0.147444 -0.5105611 0.8547542 0.0933963 -0.5497217 0.8135127 0.189745 -0.8128737 0.5818486 -0.02624362 -0.6600813 0.745384 0.09324818 -0.7191354 0.6662699 0.197304 -0.8567543 0.5151867 0.02355837 -0.9382389 0.3436844 -0.03986001 -0.5925366 0.8042559 0.04552805</float_array>
          <technique_common>
            <accessor source="#pinky_intermediate-mesh-normals-array" count="6442" stride="3">
              <param name="X" type="float"/>
              <param name="Y" type="float"/>
              <param name="Z" type="float"/>
            </accessor>
          </technique_common>
        </source>
        <vertices id="pinky_intermediate-mesh-vertices">
          <input semantic="POSITION" source="#pinky_intermediate-mesh-positions"/>
        </vertices>
        <triangles material="metal-material" count="2159">
          <input semantic="VERTEX" source="#pinky_intermediate-mesh-vertices" offset="0"/>
          <input semantic="NORMAL" source="#pinky_intermediate-mesh-normals" offset="1"/>
          <p>7 0 1 1 0 2 7 0 0 2 2 3 7 0 2 3 3 4 7 0 3 4 4 5 7 0 4 5 5 6 7 0 5 6 6 7 7 0 6 7 1 1 24 8 16 9 15 10 23 11 15 10 14 12 23 11 24 8 15 10 22 13 14 12 13 14 22 13 23 11 14 12 21 15 13 14 12 16 21 15 22 13 13 14 20 17 12 16 11 18 20 17 21 15 12 16 19 19 10 20 9 21 19 19 11 18 10 20 19 19 20 17 11 18 18 22 9 21 8 23 18 22 19 19 9 21 17 24 18 22 8 23 54 25 66 26 53 27 54 25 67 28 66 26 55 29 68 30 67 28 55 29 67 28 54 25 56 31 69 32 68 30 56 31 68 30 55 29 57 33 70 34 69 32 57 33 69 32 56 31 58 35 71 36 70 34 58 35 70 34 57 33 59 37 72 38 71 36 59 37 71 36 58 35 60 39 73 40 72 38 60 39 74 41 73 40 60 39 72 38 59 37 36 42 75 43 74 41 37 44 36 42 74 41 35 45 75 43 36 42 34 46 75 43 35 45 33 47 75 43 34 46 32 48 75 43 33 47 61 49 74 41 60 39 38 50 74 41 61 49 38 50 37 44 74 41 31 51 76 52 75 43 31 51 75 43 32 48 39 53 38 50 61 49 30 54 76 52 31 51 62 55 40 56 39 53 62 55 39 53 61 49 62 55 41 57 40 56 62 55 42 58 41 57 62 55 43 59 42 58 62 55 44 60 43 59 29 61 76 52 30 54 29 61 77 62 76 52 28 63 77 62 29 61 78 64 77 62 28 63 63 65 44 60 62 55 63 65 45 66 44 60 63 65 46 67 45 66 63 65 47 68 46 67 63 65 51 69 47 68 27 70 78 64 28 63 25 71 78 64 27 70 64 72 50 73 51 69 64 72 51 69 63 65 26 74 25 71 27 70 65 75 49 76 50 73 65 75 50 73 64 72 52 77 48 78 49 76 52 77 49 76 65 75 81 79 80 79 79 79 82 80 95 80 80 80 82 81 80 81 81 81 86 82 95 82 82 82 85 83 94 83 95 83 85 84 95 84 86 84 84 85 93 85 94 85 84 86 94 86 85 86 83 87 91 87 92 87 83 88 92 88 93 88 83 89 93 89 84 89 87 90 88 90 89 90 87 91 89 91 90 91 87 92 90 92 91 92 87 93 91 93 83 93 100 94 97 94 96 94 100 95 98 95 97 95 100 96 99 96 98 96 101 97 110 97 99 97 101 98 111 98 110 98 101 99 99 99 100 99 102 100 112 100 111 100 102 101 111 101 101 101 103 102 109 102 112 102 103 103 112 103 102 103 104 104 109 104 103 104 105 105 109 105 104 105 108 106 105 106 106 106 108 107 106 107 107 107 108 108 109 108 105 108 142 109 144 110 119 111 142 109 145 112 144 110 142 109 146 113 145 112 142 109 143 114 146 113 141 115 119 111 118 116 141 115 142 109 119 111 140 117 118 116 117 118 140 117 141 115 118 116 139 119 140 117 117 118 116 120 139 119 117 118 138 121 139 119 116 120 115 122 138 121 116 120 137 123 138 121 115 122 128 124 136 125 137 123 128 124 137 123 115 122 129 126 115 122 114 127 129 126 128 124 115 122 130 128 129 126 114 127 131 129 130 128 114 127 132 130 131 129 114 127 122 131 114 127 113 132 121 133 114 127 122 131 120 134 133 135 132 130 120 134 132 130 114 127 120 134 114 127 121 133 125 136 124 137 127 138 125 136 135 139 134 140 125 136 127 138 135 139 126 141 134 140 133 135 126 141 133 135 120 134 126 141 125 136 134 140 123 142 126 141 120 134 151 143 152 143 153 143 149 144 153 144 159 144 149 145 151 145 153 145 150 146 151 146 149 146 156 147 148 147 158 147 147 148 155 148 154 148 147 149 157 149 155 149 147 150 149 150 157 150 220 151 222 152 221 153 220 151 223 154 222 152 219 155 223 154 220 151 224 156 223 154 219 155 177 157 174 158 160 159 217 160 224 156 219 155 218 161 217 160 219 155 225 162 224 156 217 160 161 163 176 164 177 157 161 163 177 157 160 159 216 165 225 162 217 160 178 166 175 167 176 164 226 168 225 162 216 165 162 169 178 166 176 164 162 169 176 164 161 163 215 170 226 168 216 165 227 171 226 168 215 170 163 172 178 166 162 169 163 172 185 173 178 166 214 174 227 171 215 170 164 175 184 176 185 173 164 175 185 173 163 172 213 177 227 171 214 174 213 177 228 178 227 171 165 179 184 176 164 175 165 179 183 180 184 176 212 181 228 178 213 177 212 181 229 182 228 178 182 183 183 180 165 179 166 184 182 183 165 179 211 185 229 182 212 181 211 185 230 186 229 182 181 187 182 183 166 184 167 188 181 187 166 184 210 189 230 186 211 185 210 189 231 190 230 186 180 191 181 187 167 188 208 192 210 189 209 193 208 192 231 190 210 189 208 192 232 194 231 190 168 195 180 191 167 188 179 196 180 191 168 195 207 197 232 194 208 192 206 198 232 194 207 197 188 199 186 200 179 196 169 201 179 196 168 195 169 201 188 199 179 196 205 202 233 203 232 194 205 202 232 194 206 198 204 204 233 203 205 202 203 205 233 203 204 204 202 206 233 203 203 205 170 207 187 208 188 199 170 207 196 209 197 210 170 207 197 210 187 208 170 207 188 199 169 201 201 211 234 212 233 203 201 211 233 203 202 206 200 213 234 212 201 211 199 214 234 212 200 213 198 215 234 212 199 214 235 216 234 212 198 215 171 217 192 218 193 219 171 217 193 219 194 220 171 217 194 220 195 221 171 217 195 221 196 209 171 217 196 209 170 207 172 222 192 218 171 217 172 222 189 223 190 224 172 222 190 224 191 225 172 222 191 225 192 218 173 226 189 223 172 222 173 226 235 216 198 215 173 226 198 215 189 223 236 227 240 227 237 227 238 228 240 228 236 228 239 229 240 229 238 229 271 230 269 230 268 230 271 231 270 231 269 231 277 232 267 232 270 232 277 233 270 233 271 233 276 234 262 234 267 234 276 235 267 235 277 235 275 233 262 233 276 233 274 233 262 233 275 233 263 233 274 233 273 233 263 236 262 236 274 236 305 237 279 237 278 237 305 238 278 238 281 238 304 239 244 239 243 239 304 240 305 240 281 240 304 241 281 241 244 241 306 242 279 242 305 242 306 243 280 243 279 243 306 244 272 244 280 244 303 245 242 245 241 245 303 246 243 246 242 246 303 247 241 247 247 247 303 248 304 248 243 248 307 249 273 249 272 249 307 250 272 250 306 250 302 251 246 251 245 251 302 252 247 252 246 252 302 253 250 253 249 253 302 254 245 254 250 254 302 255 303 255 247 255 282 256 273 256 307 256 301 233 249 233 248 233 301 233 248 233 255 233 301 257 302 257 249 257 283 258 264 258 263 258 283 259 273 259 282 259 283 260 263 260 273 260 300 233 255 233 254 233 300 233 301 233 255 233 284 261 265 261 264 261 284 233 264 233 283 233 299 262 300 262 254 262 253 263 299 263 254 263 285 233 265 233 284 233 266 233 265 233 285 233 298 233 299 233 253 233 252 233 298 233 253 233 297 233 298 233 252 233 251 233 297 233 252 233 251 264 296 264 297 264 261 233 296 233 251 233 261 265 293 265 294 265 261 266 294 266 295 266 261 267 295 267 296 267 257 268 256 268 266 268 257 269 285 269 286 269 257 233 286 233 287 233 257 270 266 270 285 270 260 233 291 233 292 233 260 233 292 233 293 233 260 271 293 271 261 271 258 233 287 233 288 233 258 272 257 272 287 272 259 273 288 273 289 273 259 274 289 274 290 274 259 233 290 233 291 233 259 233 258 233 288 233 259 233 291 233 260 233 311 275 308 275 309 275 311 276 309 276 310 276 312 277 308 277 311 277 322 278 321 278 326 278 322 279 326 279 327 279 322 280 327 280 328 280 323 281 328 281 329 281 323 282 329 282 330 282 323 283 322 283 328 283 324 284 330 284 331 284 324 285 323 285 330 285 325 286 331 286 332 286 325 287 324 287 331 287 335 288 333 288 334 288 336 289 335 289 337 289 313 278 333 278 335 278 313 290 335 290 336 290 314 278 333 278 313 278 319 278 318 278 317 278 315 291 317 291 325 291 315 292 332 292 333 292 315 293 325 293 332 293 315 278 333 278 314 278 316 294 320 294 319 294 316 295 319 295 317 295 316 278 317 278 315 278 338 296 340 296 341 296 338 297 341 297 342 297 346 298 339 298 343 298 348 299 339 300 346 301 349 302 347 303 345 304 351 305 344 305 353 305 350 306 345 307 352 308 350 306 349 309 345 307 377 310 375 311 374 312 377 313 376 314 375 315 364 316 357 316 355 316 362 317 368 317 367 317 363 318 370 319 369 320 365 321 373 321 371 321 361 322 374 323 372 324 360 325 366 326 356 327 361 328 377 329 374 330 358 331 361 331 354 331 359 332 361 332 358 332 383 333 382 334 381 335 384 336 381 335 380 337 384 336 383 333 381 335 385 338 380 337 379 339 385 338 384 336 380 337 386 340 379 339 378 341 386 340 385 338 379 339 387 342 386 340 378 341 395 343 405 344 396 345 394 346 404 347 405 344 394 346 405 344 395 343 393 348 402 349 403 350 393 348 403 350 404 347 393 348 404 347 394 346 392 351 401 352 402 349 392 351 402 349 393 348 391 353 399 354 400 355 391 353 400 355 401 352 391 353 401 352 392 351 390 356 398 357 399 354 390 356 399 354 391 353 389 358 397 359 398 357 389 358 398 357 390 356 388 360 397 359 389 358 409 361 410 362 424 363 408 364 409 361 425 365 407 366 408 364 426 367 434 368 427 369 428 370 433 371 427 369 434 368 432 372 427 369 433 371 431 373 427 369 432 372 430 374 427 369 431 373 429 375 427 369 430 374 406 376 407 366 427 369 406 376 427 369 429 375 435 377 416 378 415 379 435 377 417 380 416 378 436 381 418 382 417 380 436 381 417 380 435 377 436 381 435 377 415 379 437 383 419 384 418 382 437 383 436 381 415 379 437 383 418 382 436 381 438 385 420 386 419 384 438 385 419 384 437 383 438 385 437 383 415 379 439 387 411 388 412 389 439 387 412 389 413 390 439 387 413 390 414 391 439 387 421 392 420 386 439 387 422 393 421 392 439 387 414 391 422 393 439 387 420 386 438 385 439 387 438 385 415 379 440 394 415 379 423 395 441 396 415 379 440 394 442 397 415 379 441 396 443 398 439 387 415 379 443 398 415 379 442 397 443 398 411 388 439 387 444 399 440 394 423 395 445 400 440 394 444 399 446 401 440 394 445 400 447 402 440 394 446 401 447 402 441 396 440 394 448 403 442 397 441 396 448 403 441 396 447 402 449 404 410 362 411 388 449 404 443 398 442 397 449 404 411 388 443 398 449 404 442 397 448 403 450 405 423 395 424 363 450 405 446 401 445 400 450 405 445 400 444 399 450 405 444 399 423 395 451 406 450 405 424 363 451 406 446 401 450 405 451 406 447 402 446 401 452 407 451 406 424 363 452 407 447 402 451 406 452 407 448 403 447 402 453 408 452 407 424 363 453 408 448 403 452 407 453 408 424 363 410 362 453 408 410 362 449 404 453 408 449 404 448 403 454 409 424 363 425 365 455 410 424 363 454 409 455 410 454 409 425 365 456 411 424 363 455 410 456 411 455 410 425 365 457 412 424 363 456 411 457 412 456 411 425 365 457 412 425 365 409 361 457 412 409 361 424 363 458 413 425 365 426 367 459 414 425 365 458 413 459 414 458 413 426 367 460 415 425 365 459 414 460 415 459 414 426 367 461 416 425 365 460 415 461 416 460 415 426 367 462 417 425 365 461 416 462 417 461 416 426 367 462 417 426 367 408 364 462 417 408 364 425 365 463 418 426 367 427 369 464 419 426 367 463 418 464 419 463 418 427 369 465 420 426 367 464 419 465 420 464 419 427 369 466 421 426 367 465 420 466 421 465 420 427 369 467 422 426 367 466 421 467 422 466 421 427 369 467 422 407 366 426 367 467 422 427 369 407 366 478 423 468 424 469 425 478 423 469 425 470 426 479 427 470 426 471 428 479 427 478 423 470 426 480 429 471 428 472 430 480 429 479 427 471 428 481 431 472 430 473 432 481 431 480 429 472 430 482 433 473 432 474 434 482 433 481 431 473 432 483 435 474 434 475 436 483 435 482 433 474 434 477 437 475 436 476 438 477 437 483 435 475 436 497 439 499 440 496 441 498 442 499 440 497 439 500 443 489 444 488 445 500 443 490 446 489 444 500 443 491 447 490 446 500 443 492 448 491 447 501 449 486 450 487 451 501 449 493 452 492 448 501 449 494 453 493 452 501 449 487 451 494 453 501 449 492 448 500 443 501 449 500 443 486 450 502 454 485 455 486 450 502 454 488 445 495 456 502 454 500 443 488 445 502 454 486 450 500 443 503 457 485 455 502 454 503 457 502 454 495 456 504 458 484 459 485 455 504 458 503 457 495 456 504 458 485 455 503 457 505 460 495 456 496 441 505 460 499 440 484 459 505 460 504 458 495 456 505 460 484 459 504 458 505 460 496 441 499 440 527 461 523 462 524 463 527 461 524 463 525 464 528 465 527 461 525 464 529 466 525 464 526 467 529 466 528 465 525 464 530 468 529 466 526 467 531 469 519 470 518 471 531 469 526 467 519 470 531 469 530 468 526 467 532 472 528 465 529 466 532 472 527 461 528 465 532 472 530 468 531 469 532 472 529 466 530 468 532 472 531 469 518 471 533 473 517 474 516 475 534 476 520 477 521 478 534 476 521 478 522 479 534 476 522 479 523 462 534 476 527 461 532 472 534 476 523 462 527 461 535 480 518 471 517 474 535 480 532 472 518 471 536 481 506 482 520 477 536 481 520 477 534 476 537 483 539 484 538 485 537 483 540 486 539 484 537 483 541 487 540 486 537 483 542 488 541 487 537 483 533 473 542 488 543 489 517 474 533 473 543 489 533 473 537 483 544 490 506 482 536 481 544 490 536 481 538 485 545 491 536 481 534 476 545 491 534 476 532 472 545 491 532 472 535 480 546 492 538 485 536 481 546 492 537 483 538 485 547 493 537 483 546 492 547 493 543 489 537 483 548 494 544 490 538 485 549 495 548 494 538 485 549 495 544 490 548 494 550 496 544 490 549 495 550 496 538 485 539 484 550 496 539 484 540 486 550 496 540 486 541 487 550 496 541 487 542 488 550 496 549 495 538 485 550 496 542 488 533 473 551 497 550 496 533 473 551 497 533 473 516 475 552 498 535 480 517 474 552 498 545 491 535 480 552 498 517 474 553 499 552 498 553 499 545 491 554 500 536 481 545 491 554 500 545 491 553 499 555 501 517 474 543 489 555 501 543 489 547 493 555 501 553 499 517 474 556 502 544 490 550 496 556 502 550 496 551 497 556 502 558 503 557 504 556 502 559 505 558 503 556 502 560 506 559 505 556 502 557 504 544 490 556 502 551 497 560 506 561 507 507 508 506 482 561 507 508 509 507 508 561 507 544 490 557 504 561 507 506 482 544 490 562 510 555 501 547 493 562 510 553 499 555 501 562 510 554 500 553 499 562 510 547 493 546 492 562 510 546 492 536 481 562 510 536 481 554 500 563 511 561 507 557 504 564 512 563 511 557 504 564 512 557 504 558 503 564 512 558 503 559 505 564 512 559 505 560 506 564 512 560 506 551 497 564 512 561 507 563 511 565 513 509 514 508 509 565 513 510 515 509 514 565 513 511 516 510 515 565 513 512 517 511 516 565 513 561 507 564 512 565 513 508 509 561 507 566 518 513 519 512 517 566 518 514 520 513 519 566 518 515 521 514 520 566 518 516 475 515 521 566 518 551 497 516 475 566 518 512 517 565 513 566 518 564 512 551 497 566 518 565 513 564 512 578 522 572 523 573 524 570 525 575 526 571 527 579 528 576 529 577 530 583 531 582 532 568 533 584 534 583 531 568 533 567 535 584 534 568 533 585 536 573 524 574 537 585 536 574 537 575 526 585 536 578 522 573 524 585 536 575 526 570 525 586 538 570 525 569 539 586 538 577 530 578 522 586 538 578 522 585 536 586 538 585 536 570 525 587 540 569 539 568 533 587 540 586 538 569 539 587 540 577 530 586 538 588 541 580 542 579 528 588 541 581 543 580 542 588 541 582 532 581 543 588 541 579 528 577 530 588 541 587 540 568 533 588 541 568 533 582 532 588 541 577 530 587 540 590 544 589 545 609 546 600 547 607 548 599 549 600 547 608 550 607 548 600 547 609 546 608 550 600 547 590 544 609 546 601 551 590 544 600 547 602 552 591 553 590 544 602 552 590 544 601 551 603 554 592 555 591 553 603 554 591 553 602 552 604 556 593 557 592 555 604 556 592 555 603 554 605 558 594 559 593 557 605 558 593 557 604 556 606 560 594 559 605 558 598 561 595 562 594 559 598 561 594 559 606 560 597 563 598 561 606 560 596 564 597 563 606 560 614 565 611 566 610 567 614 565 610 567 617 568 613 569 617 568 616 570 613 569 614 565 617 568 612 571 616 570 615 572 612 571 613 569 616 570 623 573 619 574 618 575 623 573 618 575 626 576 622 577 626 576 625 578 622 577 623 573 626 576 621 579 625 578 624 580 621 579 622 577 625 578 620 581 621 579 624 580 630 582 631 583 641 584 634 585 633 586 638 587 637 588 635 589 634 585 637 588 634 585 638 587 636 590 635 589 637 588 650 591 631 583 632 592 650 591 632 592 644 593 650 591 641 584 631 583 651 594 644 593 645 595 651 594 641 584 650 591 651 594 650 591 644 593 652 596 645 595 646 597 652 596 651 594 645 595 652 596 641 584 651 594 653 598 646 597 647 599 653 598 641 584 652 596 653 598 652 596 646 597 654 600 647 599 648 601 654 600 653 598 647 599 654 600 641 584 653 598 655 602 640 603 641 584 655 602 648 601 649 604 655 602 649 604 640 603 655 602 641 584 654 600 655 602 654 600 648 601 656 605 630 582 641 584 657 606 656 605 641 584 658 607 657 606 641 584 659 608 658 607 641 584 660 609 659 608 641 584 661 610 641 584 642 611 661 610 660 609 641 584 662 612 629 613 630 582 662 612 630 582 656 605 662 612 657 606 658 607 662 612 656 605 657 606 662 612 658 607 659 608 663 614 659 608 660 609 663 614 662 612 659 608 664 615 661 610 642 611 664 615 660 609 661 610 664 615 663 614 660 609 665 616 629 613 662 612 666 617 665 616 662 612 667 618 666 617 662 612 668 619 667 618 662 612 669 620 662 612 663 614 669 620 668 619 662 612 670 621 669 620 663 614 670 621 642 611 643 622 670 621 664 615 642 611 670 621 663 614 664 615 671 623 628 624 629 613 671 623 629 613 665 616 671 623 665 616 666 617 671 623 666 617 667 618 671 623 667 618 668 619 672 625 668 619 669 620 672 625 671 623 668 619 672 625 669 620 670 621 673 626 670 621 643 622 673 626 672 625 670 621 674 627 628 624 671 623 675 628 674 627 671 623 676 629 675 628 671 623 677 630 676 629 671 623 678 631 671 623 672 625 678 631 677 630 671 623 679 632 672 625 673 626 679 632 643 622 639 633 679 632 678 631 672 625 679 632 673 626 643 622 680 634 627 635 628 624 680 634 633 586 627 635 680 634 675 628 676 629 680 634 628 624 674 627 680 634 674 627 675 628 680 634 676 629 677 630 680 634 638 587 633 586 681 636 638 587 680 634 681 636 677 630 678 631 681 636 680 634 677 630 682 637 639 633 638 587 682 637 679 632 639 633 682 637 678 631 679 632 682 637 638 587 681 636 682 637 681 636 678 631 703 638 687 639 688 640 703 638 688 640 689 641 703 638 689 641 690 642 703 638 696 643 687 639 704 644 696 643 703 638 704 644 703 638 690 642 705 645 683 646 684 647 705 645 690 642 691 648 705 645 691 648 692 649 705 645 692 649 693 650 705 645 693 650 683 646 705 645 696 643 704 644 705 645 704 644 690 642 706 651 695 652 696 643 706 651 705 645 684 647 706 651 696 643 705 645 707 653 706 651 684 647 707 653 695 652 706 651 708 654 684 647 685 655 708 654 707 653 684 647 708 654 695 652 707 653 709 656 694 657 695 652 709 656 697 658 694 657 709 656 698 659 697 658 709 656 699 660 698 659 709 656 700 661 699 660 709 656 695 652 708 654 709 656 708 654 685 655 710 662 700 661 709 656 710 662 709 656 685 655 711 663 685 655 686 664 711 663 701 665 700 661 711 663 702 666 701 665 711 663 686 664 702 666 711 663 710 662 685 655 711 663 700 661 710 662 713 667 722 668 712 669 726 670 723 671 724 672 732 673 716 674 717 675 732 673 725 676 716 674 733 677 717 675 718 678 733 677 732 673 717 675 734 679 718 678 719 680 734 679 733 677 718 678 735 681 719 680 720 682 735 681 734 679 719 680 736 683 720 682 721 684 736 683 735 681 720 682 737 685 724 672 725 676 737 685 727 686 726 670 737 685 725 676 732 673 737 685 726 670 724 672 738 687 721 684 722 668 738 687 736 683 721 684 738 687 722 668 713 667 739 688 728 689 727 686 739 688 727 686 737 685 739 688 737 685 732 673 739 688 732 673 733 677 740 690 729 691 728 689 740 690 739 688 733 677 740 690 728 689 739 688 740 690 733 677 734 679 741 692 730 693 729 691 741 692 734 679 735 681 741 692 740 690 734 679 741 692 729 691 740 690 742 694 731 695 730 693 742 694 730 693 741 692 742 694 735 681 736 683 742 694 741 692 735 681 743 696 713 667 714 697 743 696 714 697 715 698 743 696 715 698 731 695 743 696 731 695 742 694 743 696 738 687 713 667 743 696 736 683 738 687 743 696 742 694 736 683 746 699 747 700 758 701 754 702 753 703 757 704 764 705 746 699 758 701 765 706 758 701 759 707 765 706 764 705 758 701 766 708 759 707 760 709 766 708 765 706 759 707 767 710 760 709 761 711 767 710 766 708 760 709 768 712 761 711 762 713 768 712 767 710 761 711 769 714 755 715 756 716 769 714 762 713 763 717 769 714 763 717 755 715 769 714 768 712 762 713 770 718 744 719 745 720 770 718 745 720 746 699 770 718 748 721 744 719 770 718 746 699 764 705 771 722 749 723 748 721 771 722 748 721 770 718 771 722 764 705 765 706 771 722 770 718 764 705 772 724 750 725 749 723 772 724 765 706 766 708 772 724 749 723 771 722 772 724 771 722 765 706 773 726 751 727 750 725 773 726 772 724 766 708 773 726 766 708 767 710 773 726 750 725 772 724 774 728 752 729 751 727 774 728 767 710 768 712 774 728 751 727 773 726 774 728 773 726 767 710 775 730 753 703 752 729 775 730 756 716 757 704 775 730 768 712 769 714 775 730 769 714 756 716 775 730 752 729 774 728 775 730 774 728 768 712 775 730 757 704 753 703 787 731 779 732 780 733 787 731 780 733 781 734 777 735 784 736 785 737 777 735 785 737 776 738 788 739 786 740 787 731 789 741 788 739 787 731 793 742 792 743 777 735 778 744 793 742 777 735 794 745 781 734 782 746 794 745 782 746 783 747 794 745 783 747 784 736 794 745 790 748 789 741 794 745 791 749 790 748 794 745 792 743 791 749 794 745 784 736 777 735 794 745 787 731 781 734 794 745 789 741 787 731 794 745 777 735 792 743 797 750 813 751 812 752 797 750 798 753 813 751 806 754 808 755 805 756 806 754 809 757 808 755 804 758 795 759 796 760 803 761 804 758 796 760 799 762 800 763 807 764 814 765 810 766 809 757 814 765 811 767 810 766 814 765 812 752 811 767 814 765 809 757 806 754 814 765 797 750 812 752 815 768 796 760 797 750 815 768 806 754 807 764 815 768 797 750 814 765 815 768 814 765 806 754 816 769 800 763 801 770 816 769 801 770 802 771 816 769 802 771 803 761 816 769 815 768 807 764 816 769 796 760 815 768 816 769 803 761 796 760 816 769 807 764 800 763 841 772 834 773 835 774 842 775 823 776 824 777 842 775 824 777 825 778 842 775 825 778 826 779 842 775 835 774 823 776 843 780 842 775 826 779 843 780 835 774 842 775 844 781 817 782 818 783 844 781 826 779 827 784 844 781 827 784 828 785 844 781 828 785 829 786 844 781 829 786 817 782 844 781 843 780 826 779 844 781 818 783 841 772 844 781 841 772 835 774 844 781 835 774 843 780 845 787 841 772 818 783 845 787 834 773 841 772 846 788 818 783 819 789 846 788 833 790 834 773 846 788 834 773 845 787 846 788 845 787 818 783 847 791 846 788 819 789 847 791 833 790 846 788 848 792 832 793 833 790 848 792 847 791 819 789 848 792 833 790 847 791 849 794 819 789 820 795 849 794 832 793 848 792 849 794 848 792 819 789 850 796 820 795 821 797 850 796 831 798 832 793 850 796 849 794 820 795 850 796 832 793 849 794 851 799 831 798 850 796 851 799 850 796 821 797 852 800 830 801 831 798 852 800 836 802 830 801 852 800 837 803 836 802 852 800 838 804 837 803 852 800 831 798 851 799 852 800 851 799 821 797 853 805 839 806 838 804 853 805 852 800 821 797 853 805 838 804 852 800 854 807 821 797 822 808 854 807 840 809 839 806 854 807 822 808 840 809 854 807 853 805 821 797 854 807 839 806 853 805 865 810 857 811 858 812 865 810 864 813 857 811 866 814 858 812 859 815 866 814 865 810 858 812 867 816 859 815 860 817 867 816 866 814 859 815 868 818 860 817 861 819 868 818 867 816 860 817 869 820 861 819 862 821 869 820 868 818 861 819 870 822 862 821 863 823 870 822 869 820 862 821 856 824 863 823 855 825 856 824 870 822 863 823 874 826 882 827 883 828 871 829 882 827 874 826 872 830 871 829 874 826 884 831 879 832 878 833 884 831 880 834 879 832 884 831 881 835 880 834 884 831 883 828 881 835 885 836 883 828 884 831 885 836 884 831 878 833 886 837 873 838 874 826 886 837 875 839 873 838 886 837 876 840 875 839 886 837 877 841 876 840 886 837 878 833 877 841 886 837 885 836 878 833 886 837 874 826 883 828 886 837 883 828 885 836 912 842 888 843 887 844 912 842 889 845 888 843 912 842 890 846 889 845 912 842 891 847 890 846 912 842 887 844 895 848 913 849 891 847 912 842 913 849 912 842 911 850 914 851 892 852 891 847 914 851 893 853 892 852 914 851 894 854 893 853 914 851 911 850 894 854 914 851 891 847 913 849 914 851 913 849 911 850 915 855 912 842 895 848 915 855 911 850 912 842 916 856 910 857 911 850 916 856 911 850 915 855 916 856 915 855 895 848 917 858 895 848 896 859 917 858 909 860 910 857 917 858 916 856 895 848 917 858 910 857 916 856 918 861 909 860 917 858 918 861 917 858 896 859 919 862 896 859 897 863 919 862 918 861 896 859 919 862 909 860 918 861 920 864 897 863 898 865 920 864 898 865 899 866 920 864 899 866 900 867 920 864 900 867 901 868 920 864 901 868 902 869 920 864 902 869 903 870 920 864 903 870 904 871 921 872 897 863 920 864 921 872 920 864 904 871 922 873 904 871 905 874 922 873 905 874 906 875 922 873 906 875 907 876 922 873 907 876 908 877 922 873 908 877 909 860 922 873 909 860 919 862 922 873 919 862 897 863 922 873 921 872 904 871 922 873 897 863 921 872 934 878 924 879 923 880 934 878 923 880 925 881 935 882 925 881 926 883 935 882 926 883 927 884 935 882 934 878 925 881 936 885 927 884 928 886 936 885 935 882 927 884 937 887 928 886 929 888 937 887 936 885 928 886 938 889 929 888 930 890 938 889 937 887 929 888 939 891 930 890 931 892 939 891 938 889 930 890 933 893 931 892 932 894 933 893 939 891 931 892 941 895 954 896 940 897 942 898 954 896 941 895 943 899 952 900 953 901 943 899 953 901 954 896 943 899 954 896 942 898 944 902 950 903 951 904 944 902 951 904 952 900 944 902 952 900 943 899 945 905 948 906 949 907 945 905 949 907 950 903 945 905 950 903 944 902 946 908 947 909 948 906 946 908 948 906 945 905 983 910 956 911 955 912 983 910 957 913 956 911 983 910 958 914 957 913 983 910 959 915 958 914 983 910 955 912 963 916 984 917 960 918 959 915 984 917 961 919 960 918 984 917 962 920 961 919 984 917 982 921 962 920 984 917 959 915 983 910 984 917 983 910 982 921 985 922 983 910 963 916 985 922 982 921 983 910 986 923 963 916 964 924 986 923 981 925 982 921 986 923 985 922 963 916 986 923 982 921 985 922 987 926 981 925 986 923 987 926 986 923 964 924 988 927 964 924 965 928 988 927 980 929 981 925 988 927 981 925 987 926 988 927 987 926 964 924 989 930 988 927 965 928 989 930 980 929 988 927 990 931 965 928 966 932 990 931 979 933 980 929 990 931 989 930 965 928 990 931 980 929 989 930 991 934 979 933 990 931 991 934 990 931 966 932 992 935 966 932 967 936 992 935 978 937 979 933 992 935 979 933 991 934 992 935 991 934 966 932 993 938 992 935 967 936 993 938 978 937 992 935 994 939 967 936 968 940 994 939 977 941 978 937 994 939 993 938 967 936 994 939 978 937 993 938 995 942 994 939 968 940 995 942 977 941 994 939 996 943 968 940 969 944 996 943 976 945 977 941 996 943 995 942 968 940 996 943 977 941 995 942 997 946 969 944 970 947 997 946 970 947 971 948 997 946 971 948 972 949 997 946 972 949 973 950 997 946 973 950 974 951 997 946 974 951 975 952 997 946 975 952 976 945 997 946 996 943 969 944 997 946 976 945 996 943 1011 953 1001 954 1000 955 1011 953 1000 955 1006 956 1010 957 1002 958 1001 954 1010 957 1001 954 1011 953 1009 959 1003 960 1002 958 1009 959 1002 958 1010 957 1008 961 1004 962 1003 960 1008 961 1003 960 1009 959 1007 963 1005 964 1004 962 1007 963 1004 962 1008 961 1014 965 1005 964 1007 963 1013 966 1005 964 1014 965 1012 967 1005 964 1013 966 1017 968 1005 964 1012 967 1016 969 1005 964 1017 968 1015 970 1005 964 1016 969 1020 971 1005 964 1015 970 1019 972 999 973 1005 964 1019 972 1005 964 1020 971 1018 974 999 973 1019 972 998 975 999 973 1018 974 1045 976 1041 977 1042 978 1045 976 1042 978 1043 979 1045 976 1043 979 1044 980 1039 981 1038 982 1041 977 1032 983 1041 977 1045 976 1032 983 1045 976 1031 984 1030 985 1031 984 1045 976 1033 986 1039 981 1041 977 1033 986 1041 977 1032 983 1029 987 1045 976 1046 988 1029 987 1030 985 1045 976 1034 989 1040 990 1039 981 1034 989 1039 981 1033 986 1035 991 1040 990 1034 989 1036 992 1040 990 1035 991 1028 993 1029 987 1046 988 1037 994 1040 990 1036 992 1021 995 1028 993 1046 988 1027 996 1028 993 1021 995 1022 997 1046 988 1047 998 1022 997 1021 995 1046 988 1023 999 1047 998 1048 1000 1023 999 1022 997 1047 998 1024 1001 1048 1000 1049 1002 1024 1001 1023 999 1048 1000 1025 1003 1049 1002 1050 1004 1025 1003 1050 1004 1054 1005 1025 1003 1024 1001 1049 1002 1026 1006 1052 1007 1051 1008 1026 1006 1053 1009 1052 1007 1026 1006 1054 1005 1053 1009 1026 1006 1025 1003 1054 1005 1059 1010 1057 1010 1058 1010 1055 1011 1056 1011 1057 1011 1055 1012 1057 1012 1059 1012 1062 1013 1055 1013 1059 1013 1063 1014 1059 1014 1060 1014 1063 1015 1062 1015 1059 1015 1064 1016 1063 1016 1060 1016 1065 1017 1064 1017 1060 1017 1061 1018 1065 1018 1060 1018 1066 1019 1067 1019 1068 1019 1070 1020 1066 1020 1068 1020 1069 1021 1070 1021 1068 1021 1096 1022 1092 1022 1091 1022 1082 1023 1083 1023 1084 1023 1082 1024 1084 1024 1085 1024 1081 1025 1085 1025 1086 1025 1081 1026 1082 1026 1085 1026 1080 1027 1086 1027 1087 1027 1080 1028 1081 1028 1086 1028 1079 1029 1087 1029 1090 1029 1079 1030 1080 1030 1087 1030 1078 1031 1079 1031 1090 1031 1078 1032 1089 1032 1088 1032 1078 1033 1090 1033 1089 1033 1118 1034 1093 1034 1092 1034 1118 1035 1092 1035 1096 1035 1119 1036 1118 1036 1096 1036 1117 1037 1094 1037 1093 1037 1117 278 1093 278 1118 278 1120 1038 1119 1038 1096 1038 1120 1039 1096 1039 1097 1039 1077 1040 1078 1040 1088 1040 1077 1041 1088 1041 1095 1041 1116 278 1094 278 1117 278 1116 1042 1095 1042 1094 1042 1116 1043 1077 1043 1095 1043 1121 1044 1120 1044 1097 1044 1098 1045 1121 1045 1097 1045 1115 1046 1077 1046 1116 1046 1122 1047 1121 1047 1098 1047 1140 1048 1077 1048 1115 1048 1123 1049 1122 1049 1098 1049 1076 1050 1077 1050 1140 1050 1139 1051 1076 1051 1140 1051 1075 1052 1076 1052 1139 1052 1124 1053 1123 1053 1098 1053 1074 1054 1075 1054 1139 1054 1138 1055 1074 1055 1139 1055 1073 1056 1074 1056 1138 1056 1099 1057 1124 1057 1098 1057 1099 1058 1125 1058 1124 1058 1072 1059 1073 1059 1138 1059 1072 1060 1138 1060 1137 1060 1126 1061 1125 1061 1099 1061 1071 1062 1072 1062 1137 1062 1114 1063 1137 1063 1136 1063 1114 1064 1071 1064 1137 1064 1113 278 1114 278 1136 278 1112 278 1113 278 1136 278 1111 1065 1136 1065 1135 1065 1111 278 1112 278 1136 278 1110 1066 1111 1066 1135 1066 1100 278 1126 278 1099 278 1100 1067 1127 1067 1126 1067 1100 1068 1128 1068 1127 1068 1100 1069 1129 1069 1128 1069 1109 278 1110 278 1135 278 1108 278 1109 278 1135 278 1107 278 1135 278 1134 278 1107 278 1108 278 1135 278 1106 278 1107 278 1134 278 1105 1070 1106 1070 1134 1070 1105 278 1134 278 1133 278 1101 278 1130 278 1129 278 1101 278 1129 278 1100 278 1104 1071 1133 1071 1132 1071 1104 1072 1105 1072 1133 1072 1102 1073 1131 1073 1130 1073 1102 1074 1130 1074 1101 1074 1103 1075 1104 1075 1132 1075 1103 1076 1131 1076 1102 1076 1103 278 1132 278 1131 278 1150 1077 1157 1077 1158 1077 1151 1078 1150 1078 1158 1078 1152 1079 1158 1079 1159 1079 1152 1080 1151 1080 1158 1080 1153 1081 1152 1081 1159 1081 1164 1082 1162 1082 1165 1082 1154 1083 1159 1083 1160 1083 1154 1084 1153 1084 1159 1084 1141 1085 1164 1085 1163 1085 1141 233 1162 233 1164 233 1155 1086 1160 1086 1161 1086 1155 1087 1154 1087 1160 1087 1156 233 1155 233 1161 233 1142 1088 1149 1088 1156 1088 1142 1089 1161 1089 1162 1089 1142 1090 1162 1090 1141 1090 1142 1091 1156 1091 1161 1091 1143 1092 1149 1092 1142 1092 1144 1093 1149 1093 1143 1093 1145 233 1147 233 1146 233 1145 233 1144 233 1147 233 1145 1094 1149 1094 1144 1094 1148 1095 1149 1095 1145 1095 1166 1096 1179 1096 1168 1096 1176 1097 1166 1098 1169 1099 1176 1100 1169 1101 1170 1101 1176 1102 1170 1103 1171 1104 1176 1102 1171 1104 1173 1105 1175 1106 1172 1106 1174 1106 1177 1107 1179 1107 1166 1107 1178 1108 1167 1108 1176 1108 1195 1109 1192 1110 1193 1111 1195 1109 1193 1111 1194 1112 1199 1113 1186 1114 1189 1115 1198 1116 1188 1116 1191 1116 1196 1117 1190 1118 1192 1119 1196 1120 1192 1110 1195 1109 1185 1121 1187 1121 1200 1121 1182 1122 1184 1123 1196 1124 1181 1125 1183 1125 1197 1125 1202 1126 1196 1126 1201 1126 1202 1127 1180 1127 1196 1127 1206 1128 1209 1129 1210 1130 1206 1128 1207 1131 1209 1129 1205 1132 1210 1130 1211 1133 1205 1132 1206 1128 1210 1130 1204 1134 1211 1133 1212 1135 1204 1134 1205 1132 1211 1133 1203 1136 1212 1135 1208 1137 1203 1136 1204 1134 1212 1135 1225 1138 1214 1139 1213 1140 1225 1138 1213 1140 1224 1141 1226 1142 1215 1143 1214 1139 1226 1142 1214 1139 1225 1138 1227 1144 1216 1145 1215 1143 1227 1144 1217 1146 1216 1145 1227 1144 1215 1143 1226 1142 1228 1147 1218 1148 1217 1146 1228 1147 1217 1146 1227 1144 1229 1149 1219 1150 1218 1148 1229 1149 1220 1151 1219 1150 1229 1149 1218 1148 1228 1147 1230 1152 1221 1153 1220 1151 1230 1152 1220 1151 1229 1149 1223 1154 1222 1155 1221 1153 1223 1154 1221 1153 1230 1152 1235 1156 1249 1157 1236 1158 1234 1159 1250 1160 1235 1156 1233 1161 1251 1162 1234 1159 1232 1163 1252 1164 1233 1161 1260 1165 1237 1166 1236 1158 1260 1165 1254 1167 1237 1166 1260 1165 1236 1158 1249 1157 1261 1168 1255 1169 1254 1167 1261 1168 1260 1165 1249 1157 1261 1168 1254 1167 1260 1165 1262 1170 1256 1171 1255 1169 1262 1170 1255 1169 1261 1168 1262 1170 1261 1168 1249 1157 1263 1172 1257 1173 1256 1171 1263 1172 1262 1170 1249 1157 1263 1172 1256 1171 1262 1170 1264 1174 1258 1175 1257 1173 1264 1174 1263 1172 1249 1157 1264 1174 1257 1173 1263 1172 1265 1176 1249 1157 1248 1177 1265 1176 1259 1178 1258 1175 1265 1176 1248 1177 1259 1178 1265 1176 1258 1175 1264 1174 1265 1176 1264 1174 1249 1157 1266 1179 1249 1157 1235 1156 1266 1179 1235 1156 1250 1160 1267 1180 1266 1179 1250 1160 1267 1180 1249 1157 1266 1179 1268 1181 1249 1157 1267 1180 1268 1181 1267 1180 1250 1160 1269 1182 1249 1157 1268 1181 1269 1182 1268 1181 1250 1160 1270 1183 1269 1182 1250 1160 1270 1183 1249 1157 1269 1182 1271 1184 1250 1160 1249 1157 1271 1184 1270 1183 1250 1160 1271 1184 1249 1157 1270 1183 1272 1185 1250 1160 1234 1159 1272 1185 1234 1159 1251 1162 1273 1186 1272 1185 1251 1162 1273 1186 1250 1160 1272 1185 1274 1187 1273 1186 1251 1162 1274 1187 1250 1160 1273 1186 1275 1188 1274 1187 1251 1162 1275 1188 1250 1160 1274 1187 1276 1189 1275 1188 1251 1162 1276 1189 1250 1160 1275 1188 1277 1190 1276 1189 1251 1162 1277 1190 1250 1160 1276 1189 1277 1190 1251 1162 1250 1160 1278 1191 1251 1162 1233 1161 1278 1191 1233 1161 1252 1164 1279 1192 1278 1191 1252 1164 1279 1192 1251 1162 1278 1191 1280 1193 1279 1192 1252 1164 1280 1193 1251 1162 1279 1192 1281 1194 1280 1193 1252 1164 1281 1194 1251 1162 1280 1193 1282 1195 1281 1194 1252 1164 1282 1195 1251 1162 1281 1194 1283 1196 1252 1164 1251 1162 1283 1196 1282 1195 1252 1164 1283 1196 1251 1162 1282 1195 1284 1197 1252 1164 1232 1163 1285 1198 1252 1164 1284 1197 1286 1199 1252 1164 1285 1198 1287 1200 1252 1164 1286 1199 1288 1201 1252 1164 1287 1200 1289 1202 1253 1203 1252 1164 1289 1202 1252 1164 1288 1201 1290 1204 1232 1163 1231 1205 1290 1204 1284 1197 1232 1163 1290 1204 1285 1198 1284 1197 1290 1204 1286 1199 1285 1198 1290 1204 1287 1200 1286 1199 1291 1206 1287 1200 1290 1204 1292 1207 1288 1201 1287 1200 1292 1207 1289 1202 1288 1201 1292 1207 1287 1200 1291 1206 1293 1208 1253 1203 1289 1202 1293 1208 1289 1202 1292 1207 1294 1209 1231 1205 1238 1210 1294 1209 1290 1204 1231 1205 1295 1211 1238 1210 1239 1212 1295 1211 1294 1209 1238 1210 1295 1211 1290 1204 1294 1209 1296 1213 1239 1212 1240 1214 1296 1213 1295 1211 1239 1212 1296 1213 1290 1204 1295 1211 1297 1215 1240 1214 1241 1216 1297 1215 1291 1206 1290 1204 1297 1215 1296 1213 1240 1214 1297 1215 1290 1204 1296 1213 1298 1217 1241 1216 1242 1218 1298 1217 1242 1218 1243 1219 1298 1217 1243 1219 1244 1220 1298 1217 1244 1220 1245 1221 1298 1217 1245 1221 1246 1222 1298 1217 1246 1222 1247 1223 1298 1217 1247 1223 1253 1203 1298 1217 1253 1203 1293 1208 1298 1217 1292 1207 1291 1206 1298 1217 1293 1208 1292 1207 1298 1217 1297 1215 1241 1216 1298 1217 1291 1206 1297 1215 1309 1224 1300 1225 1299 1226 1309 1224 1299 1226 1307 1227 1310 1228 1307 1227 1306 1229 1310 1228 1309 1224 1307 1227 1311 1230 1306 1229 1305 1231 1311 1230 1310 1228 1306 1229 1312 1232 1304 1233 1303 1234 1312 1232 1305 1231 1304 1233 1312 1232 1311 1230 1305 1231 1313 1235 1303 1234 1302 1236 1313 1235 1312 1232 1303 1234 1314 1237 1313 1235 1302 1236 1308 1238 1302 1236 1301 1239 1308 1238 1314 1237 1302 1236 1324 1240 1323 1241 1319 1242 1320 1243 1324 1240 1319 1242 1331 1244 1318 1245 1317 1246 1331 1244 1328 1247 1329 1248 1331 1244 1329 1248 1330 1249 1331 1244 1330 1249 1318 1245 1332 1250 1321 1251 1325 1252 1332 1250 1325 1252 1326 1253 1332 1250 1326 1253 1327 1254 1332 1250 1327 1254 1328 1247 1332 1250 1328 1247 1331 1244 1332 1250 1331 1244 1317 1246 1333 1255 1317 1246 1316 1256 1333 1255 1322 1257 1321 1251 1333 1255 1321 1251 1332 1250 1333 1255 1332 1250 1317 1246 1334 1258 1322 1257 1333 1255 1334 1258 1333 1255 1316 1256 1335 1259 1316 1256 1315 1260 1335 1259 1322 1257 1334 1258 1335 1259 1334 1258 1316 1256 1336 1261 1315 1260 1319 1242 1336 1261 1323 1241 1322 1257 1336 1261 1335 1259 1315 1260 1336 1261 1319 1242 1323 1241 1336 1261 1322 1257 1335 1259 1358 1262 1355 1263 1354 1264 1358 1262 1356 1265 1355 1263 1359 1266 1358 1262 1354 1264 1360 1267 1354 1264 1353 1268 1360 1267 1359 1266 1354 1264 1361 1269 1360 1267 1353 1268 1362 1270 1352 1271 1351 1272 1362 1270 1353 1268 1352 1271 1362 1270 1361 1269 1353 1268 1363 1273 1361 1269 1362 1270 1363 1273 1356 1265 1358 1262 1363 1273 1360 1267 1361 1269 1363 1273 1358 1262 1359 1266 1363 1273 1359 1266 1360 1267 1364 1274 1337 1275 1357 1276 1365 1277 1349 1278 1348 1279 1365 1277 1350 1280 1349 1278 1365 1277 1351 1272 1350 1280 1365 1277 1363 1273 1362 1270 1365 1277 1362 1270 1351 1272 1366 1281 1357 1276 1356 1265 1366 1281 1356 1265 1363 1273 1367 1282 1348 1279 1347 1283 1367 1282 1365 1277 1348 1279 1368 1284 1364 1274 1357 1276 1369 1285 1370 1286 1364 1274 1369 1285 1371 1287 1370 1286 1369 1285 1372 1288 1371 1287 1369 1285 1373 1289 1372 1288 1369 1285 1374 1290 1373 1289 1369 1285 1375 1291 1374 1290 1369 1285 1364 1274 1368 1284 1376 1292 1367 1282 1347 1283 1376 1292 1375 1291 1367 1282 1377 1293 1365 1277 1367 1282 1377 1293 1363 1273 1365 1277 1377 1293 1366 1281 1363 1273 1378 1294 1369 1285 1368 1284 1379 1295 1369 1285 1378 1294 1379 1295 1367 1282 1375 1291 1379 1295 1375 1291 1369 1285 1380 1296 1364 1274 1370 1286 1380 1296 1370 1286 1371 1287 1380 1296 1371 1287 1372 1288 1380 1296 1372 1288 1373 1289 1380 1296 1373 1289 1374 1290 1380 1296 1374 1290 1375 1291 1381 1297 1380 1296 1375 1291 1381 1297 1382 1298 1380 1296 1381 1297 1376 1292 1382 1298 1381 1297 1375 1291 1376 1292 1383 1299 1337 1275 1364 1274 1383 1299 1364 1274 1380 1296 1384 1300 1366 1281 1377 1293 1384 1300 1377 1293 1385 1301 1384 1300 1385 1301 1357 1276 1384 1300 1357 1276 1366 1281 1386 1302 1378 1294 1368 1284 1386 1302 1368 1284 1357 1276 1386 1302 1357 1276 1385 1301 1387 1303 1385 1301 1377 1293 1387 1303 1377 1293 1367 1282 1388 1304 1383 1299 1380 1296 1388 1304 1389 1305 1383 1299 1388 1304 1390 1306 1389 1305 1388 1304 1391 1307 1390 1306 1388 1304 1380 1296 1382 1298 1388 1304 1382 1298 1376 1292 1392 1308 1345 1309 1344 1310 1392 1308 1346 1311 1345 1309 1392 1308 1347 1283 1346 1311 1392 1308 1391 1307 1388 1304 1392 1308 1388 1304 1376 1292 1392 1308 1376 1292 1347 1283 1393 1312 1386 1302 1385 1301 1393 1312 1385 1301 1387 1303 1393 1312 1379 1295 1378 1294 1393 1312 1367 1282 1379 1295 1393 1312 1378 1294 1386 1302 1393 1312 1387 1303 1367 1282 1394 1313 1383 1299 1389 1305 1394 1313 1389 1305 1390 1306 1394 1313 1390 1306 1391 1307 1394 1313 1391 1307 1392 1308 1394 1313 1392 1308 1395 1314 1396 1315 1342 1316 1341 1317 1396 1315 1343 1318 1342 1316 1396 1315 1344 1310 1343 1318 1396 1315 1392 1308 1344 1310 1396 1315 1395 1314 1392 1308 1397 1319 1338 1320 1337 1275 1397 1319 1383 1299 1394 1313 1397 1319 1337 1275 1383 1299 1398 1321 1339 1322 1338 1320 1398 1321 1340 1323 1339 1322 1398 1321 1341 1317 1340 1323 1398 1321 1396 1315 1341 1317 1398 1321 1338 1320 1397 1319 1398 1321 1397 1319 1396 1315 1399 1324 1396 1315 1397 1319 1399 1324 1394 1313 1395 1314 1399 1324 1395 1314 1396 1315 1399 1324 1397 1319 1394 1313 1411 1325 1407 1326 1406 1327 1402 1328 1404 1329 1403 1330 1417 1331 1408 1332 1409 1333 1416 1334 1417 1331 1409 1333 1415 1335 1416 1334 1409 1333 1400 1336 1412 1337 1401 1338 1418 1339 1405 1340 1404 1329 1418 1339 1406 1327 1405 1340 1418 1339 1411 1325 1406 1327 1418 1339 1404 1329 1402 1328 1419 1341 1402 1328 1401 1338 1419 1341 1410 1342 1411 1325 1419 1341 1411 1325 1418 1339 1419 1341 1418 1339 1402 1328 1420 1343 1409 1333 1410 1342 1420 1343 1419 1341 1401 1338 1420 1343 1410 1342 1419 1341 1421 1344 1412 1337 1413 1345 1421 1344 1413 1345 1414 1346 1421 1344 1414 1346 1415 1335 1421 1344 1420 1343 1401 1338 1421 1344 1409 1333 1420 1343 1421 1344 1415 1335 1409 1333 1421 1344 1401 1338 1412 1337 1423 1347 1422 1348 1440 1349 1423 1347 1440 1349 1441 1350 1442 1351 1423 1347 1441 1350 1435 1352 1424 1353 1423 1347 1435 1352 1425 1354 1424 1353 1435 1352 1442 1351 1434 1355 1435 1352 1423 1347 1442 1351 1436 1356 1426 1357 1425 1354 1436 1356 1425 1354 1435 1352 1437 1358 1427 1359 1426 1357 1437 1358 1426 1357 1436 1356 1438 1360 1428 1361 1427 1359 1438 1360 1427 1359 1437 1358 1431 1362 1430 1363 1429 1364 1439 1365 1429 1364 1428 1361 1439 1365 1428 1361 1438 1360 1432 1366 1431 1362 1429 1364 1432 1366 1429 1364 1439 1365 1433 1367 1432 1366 1439 1365 1444 1368 1443 1369 1449 1370 1445 1371 1449 1370 1450 1372 1445 1371 1444 1368 1449 1370 1446 1373 1450 1372 1448 1374 1446 1373 1445 1371 1450 1372 1447 1375 1446 1373 1448 1374 1453 1376 1452 1377 1451 1378 1453 1376 1451 1378 1458 1379 1454 1380 1458 1379 1459 1381 1454 1380 1453 1376 1458 1379 1455 1382 1459 1381 1457 1383 1455 1382 1454 1380 1459 1381 1456 1384 1455 1382 1457 1383 1485 1385 1464 1386 1465 1387 1485 1385 1465 1387 1466 1388 1485 1385 1466 1388 1467 1389 1485 1385 1467 1389 1471 1390 1486 1391 1485 1385 1471 1390 1486 1391 1464 1386 1485 1385 1487 1392 1460 1393 1461 1394 1487 1392 1461 1394 1462 1395 1487 1392 1462 1395 1463 1396 1487 1392 1463 1396 1464 1386 1487 1392 1482 1397 1460 1393 1487 1392 1464 1386 1486 1391 1487 1392 1486 1391 1471 1390 1488 1398 1482 1397 1487 1392 1488 1398 1487 1392 1471 1390 1489 1399 1471 1390 1470 1400 1489 1399 1488 1398 1471 1390 1489 1399 1482 1397 1488 1398 1490 1401 1470 1400 1469 1402 1490 1401 1483 1403 1482 1397 1490 1401 1489 1399 1470 1400 1490 1401 1482 1397 1489 1399 1491 1404 1483 1403 1490 1401 1491 1404 1490 1401 1469 1402 1492 1405 1484 1406 1483 1403 1492 1405 1483 1403 1491 1404 1492 1405 1491 1404 1469 1402 1493 1407 1469 1402 1468 1408 1493 1407 1476 1409 1475 1410 1493 1407 1477 1411 1476 1409 1493 1407 1478 1412 1477 1411 1493 1407 1468 1408 1478 1412 1493 1407 1484 1406 1492 1405 1493 1407 1492 1405 1469 1402 1494 1413 1493 1407 1475 1410 1494 1413 1484 1406 1493 1407 1495 1414 1473 1415 1472 1416 1495 1414 1474 1417 1473 1415 1495 1414 1475 1410 1474 1417 1495 1414 1480 1418 1479 1419 1495 1414 1481 1420 1480 1418 1495 1414 1472 1416 1481 1420 1495 1414 1479 1419 1484 1406 1495 1414 1484 1406 1494 1413 1495 1414 1494 1413 1475 1410 1502 1421 1505 1422 1504 1423 1501 1424 1506 1425 1505 1422 1501 1424 1507 1426 1506 1425 1501 1424 1505 1422 1502 1421 1500 1427 1508 1428 1507 1426 1500 1427 1509 1429 1508 1428 1500 1427 1507 1426 1501 1424 1499 1430 1510 1431 1509 1429 1499 1430 1503 1432 1510 1431 1499 1430 1509 1429 1500 1427 1498 1433 1503 1432 1499 1430 1497 1434 1503 1432 1498 1433 1496 1435 1503 1432 1497 1434 1539 1436 1515 1437 1516 1438 1539 1436 1516 1438 1517 1439 1539 1436 1517 1439 1518 1440 1539 1436 1518 1440 1525 1441 1540 1442 1511 1443 1512 1444 1540 1442 1512 1444 1513 1445 1540 1442 1513 1445 1514 1446 1540 1442 1514 1446 1515 1437 1540 1442 1532 1447 1511 1443 1540 1442 1515 1437 1539 1436 1540 1442 1539 1436 1525 1441 1541 1448 1540 1442 1525 1441 1541 1448 1532 1447 1540 1442 1542 1449 1525 1441 1524 1450 1542 1449 1533 1451 1532 1447 1542 1449 1541 1448 1525 1441 1542 1449 1532 1447 1541 1448 1543 1452 1542 1449 1524 1450 1543 1452 1533 1451 1542 1449 1544 1453 1524 1450 1523 1454 1544 1453 1534 1455 1533 1451 1544 1453 1543 1452 1524 1450 1544 1453 1533 1451 1543 1452 1545 1456 1544 1453 1523 1454 1545 1456 1534 1455 1544 1453 1546 1457 1523 1454 1522 1458 1546 1457 1535 1459 1534 1455 1546 1457 1534 1455 1545 1456 1546 1457 1545 1456 1523 1454 1547 1460 1535 1459 1546 1457 1547 1460 1546 1457 1522 1458 1548 1461 1522 1458 1521 1462 1548 1461 1536 1463 1535 1459 1548 1461 1547 1460 1522 1458 1548 1461 1535 1459 1547 1460 1549 1464 1548 1461 1521 1462 1549 1464 1536 1463 1548 1461 1550 1465 1521 1462 1520 1466 1550 1465 1537 1467 1536 1463 1550 1465 1536 1463 1549 1464 1550 1465 1549 1464 1521 1462 1551 1468 1537 1467 1550 1465 1551 1468 1550 1465 1520 1466 1552 1469 1520 1466 1519 1470 1552 1469 1538 1471 1537 1467 1552 1469 1537 1467 1551 1468 1552 1469 1551 1468 1520 1466 1553 1472 1527 1473 1526 1474 1553 1472 1528 1475 1527 1473 1553 1472 1529 1476 1528 1475 1553 1472 1530 1477 1529 1476 1553 1472 1531 1478 1530 1477 1553 1472 1519 1470 1531 1478 1553 1472 1526 1474 1538 1471 1553 1472 1552 1469 1519 1470 1553 1472 1538 1471 1552 1469 1566 1479 1560 1480 1561 1481 1566 1479 1561 1481 1562 1482 1565 1483 1560 1480 1566 1479 1564 1484 1560 1480 1565 1483 1563 1485 1560 1480 1564 1484 1569 1486 1560 1480 1563 1485 1568 1487 1560 1480 1569 1486 1567 1488 1559 1489 1560 1480 1567 1488 1560 1480 1568 1487 1573 1490 1558 1491 1559 1489 1573 1490 1559 1489 1567 1488 1572 1492 1557 1493 1558 1491 1572 1492 1558 1491 1573 1490 1571 1494 1556 1495 1557 1493 1571 1494 1557 1493 1572 1492 1570 1496 1554 1497 1556 1495 1570 1496 1556 1495 1571 1494 1555 1498 1554 1497 1570 1496 1582 1499 1581 1500 1580 1501 1584 1502 1580 1502 1579 1502 1584 1503 1582 1503 1580 1503 1586 1504 1583 1504 1578 1504 1589 1505 1579 1505 1576 1505 1587 1506 1585 1506 1577 1506 1590 1507 1588 1507 1575 1507 1574 1508 1591 1508 1576 1508 1592 1509 1574 1510 1593 1511 1592 1512 1591 1512 1574 1512 1595 1513 1602 1514 1594 1515 1604 1516 1601 1517 1602 1514 1604 1516 1602 1514 1595 1513 1605 1518 1600 1519 1601 1517 1605 1518 1601 1517 1604 1516 1606 1520 1599 1521 1600 1519 1606 1520 1600 1519 1605 1518 1607 1522 1598 1523 1599 1521 1607 1522 1599 1521 1606 1520 1608 1524 1597 1525 1598 1523 1608 1524 1598 1523 1607 1522 1609 1526 1596 1527 1597 1525 1609 1526 1597 1525 1608 1524 1603 1528 1596 1527 1609 1526 1618 1529 1627 1530 1619 1531 1617 1532 1625 1533 1626 1534 1617 1532 1626 1534 1627 1530 1617 1532 1627 1530 1618 1529 1616 1535 1624 1536 1625 1533 1616 1535 1625 1533 1617 1532 1615 1537 1623 1538 1624 1536 1615 1537 1624 1536 1616 1535 1614 1539 1622 1540 1623 1538 1614 1539 1623 1538 1615 1537 1613 1541 1621 1542 1622 1540 1613 1541 1622 1540 1614 1539 1612 1543 1620 1544 1621 1542 1612 1543 1621 1542 1613 1541 1610 1545 1611 1546 1620 1544 1610 1545 1620 1544 1612 1543 1634 1547 1630 1548 1629 1549 1634 1547 1631 1550 1630 1548 1634 1547 1633 1551 1631 1550 1635 1552 1629 1549 1628 1553 1635 1552 1634 1547 1629 1549 1632 1554 1635 1552 1628 1553 1636 1555 1640 1556 1643 1557 1637 1558 1636 1555 1643 1557 1638 1559 1643 1557 1642 1560 1638 1559 1637 1558 1643 1557 1639 1561 1642 1560 1641 1562 1639 1561 1638 1559 1642 1560 1644 1563 1651 1564 1652 1565 1645 1566 1650 1567 1651 1564 1645 1566 1651 1564 1644 1563 1646 1568 1649 1569 1650 1567 1646 1568 1650 1567 1645 1566 1647 1570 1649 1569 1646 1568 1648 1571 1649 1569 1647 1570 1660 1572 1661 1573 1662 1574 1660 1572 1662 1574 1663 1575 1660 1572 1663 1575 1664 1576 1654 1577 1671 1578 1653 1579 1655 1580 1671 1578 1654 1577 1672 1581 1664 1576 1665 1582 1672 1581 1665 1582 1666 1583 1672 1581 1666 1583 1667 1584 1672 1581 1667 1584 1668 1585 1672 1581 1668 1585 1669 1586 1672 1581 1660 1572 1664 1576 1673 1587 1659 1588 1660 1572 1673 1587 1672 1581 1669 1586 1673 1587 1660 1572 1672 1581 1674 1589 1658 1590 1659 1588 1674 1589 1669 1586 1670 1591 1674 1589 1673 1587 1669 1586 1674 1589 1659 1588 1673 1587 1675 1592 1674 1589 1670 1591 1675 1592 1658 1590 1674 1589 1676 1593 1655 1580 1656 1594 1676 1593 1656 1594 1657 1595 1676 1593 1657 1595 1658 1590 1676 1593 1670 1591 1671 1578 1676 1593 1675 1592 1670 1591 1676 1593 1658 1590 1675 1592 1676 1593 1671 1578 1655 1580 1679 1596 1685 1597 1680 1598 1679 1596 1686 1599 1685 1597 1683 1600 1687 1601 1686 1599 1683 1600 1684 1602 1687 1601 1683 1600 1686 1599 1679 1596 1678 1603 1683 1600 1679 1596 1682 1604 1683 1600 1678 1603 1677 1605 1682 1604 1678 1603 1681 1606 1682 1604 1677 1605 1697 1607 1691 1608 1692 1609 1697 1607 1698 1610 1691 1608 1694 1611 1692 1609 1693 1612 1695 1613 1697 1607 1692 1609 1695 1613 1692 1609 1694 1611 1696 1614 1697 1607 1695 1613 1707 1615 1699 1616 1700 1617 1708 1618 1707 1615 1689 1619 1708 1618 1699 1616 1707 1615 1709 1620 1689 1619 1690 1621 1709 1620 1698 1610 1699 1616 1709 1620 1699 1616 1708 1618 1709 1620 1708 1618 1689 1619 1710 1622 1690 1621 1691 1608 1710 1622 1698 1610 1709 1620 1710 1622 1709 1620 1690 1621 1710 1622 1691 1608 1698 1610 1711 1623 1688 1624 1689 1619 1711 1623 1689 1619 1707 1615 1712 1625 1700 1617 1701 1626 1712 1625 1701 1626 1702 1627 1712 1625 1711 1623 1707 1615 1712 1625 1707 1615 1700 1617 1713 1628 1702 1627 1703 1629 1713 1628 1703 1629 1704 1630 1713 1628 1704 1630 1705 1631 1713 1628 1705 1631 1706 1632 1713 1628 1706 1632 1688 1624 1713 1628 1712 1625 1702 1627 1713 1628 1711 1623 1712 1625 1713 1628 1688 1624 1711 1623 1733 1633 1715 1634 1734 1635 1737 1636 1725 1637 1724 1638 1738 1639 1726 1640 1725 1637 1738 1639 1725 1637 1737 1636 1739 1641 1722 1642 1721 1643 1740 1644 1718 1645 1719 1646 1740 1644 1723 1647 1722 1642 1740 1644 1719 1646 1723 1647 1740 1644 1722 1642 1739 1641 1741 1648 1720 1649 1726 1640 1741 1648 1726 1640 1738 1639 1742 1650 1721 1643 1720 1649 1742 1650 1720 1649 1741 1648 1742 1650 1741 1648 1718 1645 1743 1651 1742 1650 1718 1645 1743 1651 1721 1643 1742 1650 1743 1651 1739 1641 1721 1643 1744 1652 1740 1644 1739 1641 1744 1652 1743 1651 1718 1645 1744 1652 1739 1641 1743 1651 1744 1652 1718 1645 1740 1644 1745 1653 1724 1638 1727 1654 1745 1653 1737 1636 1724 1638 1746 1655 1737 1636 1745 1653 1746 1655 1738 1639 1737 1636 1747 1656 1741 1648 1738 1639 1747 1656 1738 1639 1746 1655 1747 1656 1718 1645 1741 1648 1748 1657 1727 1654 1728 1658 1748 1657 1745 1653 1727 1654 1749 1659 1718 1645 1747 1656 1750 1660 1746 1655 1745 1653 1750 1660 1745 1653 1748 1657 1751 1661 1718 1645 1749 1659 1752 1662 1717 1663 1718 1645 1752 1662 1718 1645 1751 1661 1753 1664 1746 1655 1750 1660 1753 1664 1747 1656 1746 1655 1754 1665 1749 1659 1747 1656 1754 1665 1747 1656 1753 1664 1755 1666 1748 1657 1728 1658 1756 1667 1751 1661 1749 1659 1756 1667 1749 1659 1754 1665 1757 1668 1753 1664 1750 1660 1757 1668 1750 1660 1748 1657 1757 1668 1748 1657 1755 1666 1758 1669 1751 1661 1756 1667 1758 1669 1717 1663 1752 1662 1758 1669 1752 1662 1751 1661 1759 1670 1753 1664 1757 1668 1760 1671 1753 1664 1759 1670 1760 1671 1754 1665 1753 1664 1761 1672 1728 1658 1729 1673 1761 1672 1755 1666 1728 1658 1762 1674 1754 1665 1760 1671 1762 1674 1758 1669 1756 1667 1762 1674 1756 1667 1754 1665 1763 1675 1755 1666 1761 1672 1763 1675 1757 1668 1755 1666 1764 1676 1716 1677 1717 1663 1764 1676 1717 1663 1758 1669 1764 1676 1758 1669 1762 1674 1765 1678 1759 1670 1757 1668 1765 1678 1757 1668 1763 1675 1766 1679 1761 1672 1729 1673 1766 1679 1729 1673 1730 1680 1767 1681 1759 1670 1765 1678 1767 1681 1760 1671 1759 1670 1768 1682 1766 1679 1730 1680 1768 1682 1763 1675 1761 1672 1768 1682 1730 1680 1731 1683 1768 1682 1731 1683 1732 1684 1768 1682 1761 1672 1766 1679 1769 1685 1762 1674 1760 1671 1769 1685 1760 1671 1767 1681 1769 1685 1764 1676 1762 1674 1770 1686 1716 1677 1764 1676 1770 1686 1764 1676 1769 1685 1771 1687 1732 1684 1736 1688 1771 1687 1765 1678 1763 1675 1771 1687 1763 1675 1768 1682 1771 1687 1768 1682 1732 1684 1772 1689 1767 1681 1765 1678 1772 1689 1765 1678 1771 1687 1772 1689 1771 1687 1736 1688 1772 1689 1769 1685 1767 1681 1773 1690 1769 1685 1772 1689 1774 1691 1715 1634 1716 1677 1774 1691 1716 1677 1770 1686 1774 1691 1770 1686 1769 1685 1774 1691 1769 1685 1773 1690 1775 1692 1735 1693 1734 1635 1775 1692 1736 1688 1735 1693 1775 1692 1772 1689 1736 1688 1776 1694 1773 1690 1772 1689 1776 1694 1775 1692 1734 1635 1776 1694 1774 1691 1773 1690 1776 1694 1772 1689 1775 1692 1777 1695 1715 1634 1774 1691 1777 1695 1774 1691 1776 1694 1777 1695 1776 1694 1734 1635 1777 1695 1734 1635 1715 1634 1778 1696 1714 1697 1715 1634 1778 1696 1733 1633 1714 1697 1778 1696 1715 1634 1733 1633 1781 1698 1787 1699 1782 1700 1785 1701 1788 1702 1787 1699 1785 1701 1786 1703 1788 1702 1785 1701 1787 1699 1781 1698 1784 1704 1781 1698 1780 1705 1784 1704 1785 1701 1781 1698 1783 1706 1780 1705 1779 830 1783 1706 1784 1704 1780 1705 1796 1707 1792 1708 1793 1709 1795 1710 1791 1711 1792 1708 1795 1710 1792 1708 1796 1707 1794 1712 1789 1713 1790 1714 1794 1712 1790 1714 1791 1711 1794 1712 1791 1711 1795 1710 1797 1715 1802 1716 1803 1717 1797 1715 1803 1717 1804 1718 1798 1719 1801 1720 1802 1716 1798 1719 1802 1716 1797 1715 1799 1721 1801 1720 1798 1719 1800 1722 1801 1720 1799 1721 1810 1723 1822 1724 1823 1725 1809 1726 1823 1725 1824 1727 1809 1726 1810 1723 1823 1725 1806 1728 1824 1727 1805 1729 1807 1730 1809 1726 1824 1727 1807 1730 1824 1727 1806 1728 1808 1731 1809 1726 1807 1730 1825 1732 1816 1733 1817 1734 1825 1732 1817 1734 1818 1735 1825 1732 1818 1735 1819 1736 1825 1732 1819 1736 1820 1737 1825 1732 1820 1737 1821 1738 1826 1739 1812 1740 1813 1741 1826 1739 1813 1741 1814 1742 1826 1739 1814 1742 1815 1743 1826 1739 1815 1743 1816 1733 1826 1739 1816 1733 1825 1732 1826 1739 1825 1732 1812 1740 1827 1744 1811 1745 1812 1740 1827 1744 1825 1732 1821 1738 1827 1744 1812 1740 1825 1732 1828 1746 1827 1744 1821 1738 1828 1746 1811 1745 1827 1744 1829 1747 1810 1723 1811 1745 1829 1747 1821 1738 1822 1724 1829 1747 1828 1746 1821 1738 1829 1747 1811 1745 1828 1746 1829 1747 1822 1724 1810 1723 1832 1748 1838 1749 1833 1750 1832 1748 1839 1751 1838 1749 1836 1752 1837 1753 1839 1751 1836 1752 1839 1751 1832 1748 1831 1754 1836 1752 1832 1748 1835 1755 1836 1752 1831 1754 1830 1756 1835 1755 1831 1754 1834 1757 1835 1755 1830 1756 1845 1758 1843 1759 1844 1760 1846 1761 1843 1759 1845 1758 1859 1762 1851 1763 1852 1764 1859 1762 1852 1764 1853 1765 1859 1762 1853 1765 1854 1766 1859 1762 1854 1766 1855 1767 1860 1768 1850 1769 1851 1763 1860 1768 1851 1763 1859 1762 1861 1770 1850 1769 1860 1768 1861 1770 1860 1768 1841 1771 1862 1772 1841 1771 1842 1773 1862 1772 1849 1774 1850 1769 1862 1772 1850 1769 1861 1770 1862 1772 1861 1770 1841 1771 1863 1775 1862 1772 1842 1773 1863 1775 1849 1774 1862 1772 1864 1776 1842 1773 1843 1759 1864 1776 1846 1761 1847 1777 1864 1776 1847 1777 1848 1778 1864 1776 1848 1778 1849 1774 1864 1776 1849 1774 1863 1775 1864 1776 1843 1759 1846 1761 1864 1776 1863 1775 1842 1773 1865 1779 1840 1780 1841 1771 1865 1779 1855 1767 1856 1781 1865 1779 1856 1781 1857 1782 1865 1779 1857 1782 1858 1783 1865 1779 1858 1783 1840 1780 1865 1779 1860 1768 1859 1762 1865 1779 1841 1771 1860 1768 1865 1779 1859 1762 1855 1767 1873 1784 1867 1785 1866 1786 1873 1784 1868 1787 1867 1785 1873 1784 1869 1788 1868 1787 1891 1789 1872 1790 1871 1791 1891 1789 1873 1784 1872 1790 1892 1792 1875 1793 1874 1794 1892 1792 1876 1795 1875 1793 1892 1792 1870 1796 1876 1795 1893 1797 1873 1784 1891 1789 1894 1798 1871 1791 1870 1796 1894 1798 1870 1796 1892 1792 1895 1799 1890 1800 1869 1788 1895 1799 1869 1788 1873 1784 1895 1799 1873 1784 1893 1797 1896 1801 1891 1789 1871 1791 1896 1801 1871 1791 1894 1798 1897 1802 1895 1799 1893 1797 1897 1802 1891 1789 1896 1801 1897 1802 1893 1797 1891 1789 1898 1803 1889 1804 1890 1800 1898 1803 1890 1800 1895 1799 1898 1803 1895 1799 1897 1802 1899 1805 1874 1794 1877 1806 1900 1807 1874 1794 1899 1805 1900 1807 1899 1805 1877 1806 1900 1807 1892 1792 1874 1794 1901 1808 1900 1807 1877 1806 1901 1808 1894 1798 1892 1792 1901 1808 1892 1792 1900 1807 1902 1809 1894 1798 1901 1808 1902 1809 1896 1801 1894 1798 1903 1810 1897 1802 1896 1801 1903 1810 1896 1801 1902 1809 1904 1811 1898 1803 1897 1802 1904 1811 1889 1804 1898 1803 1904 1811 1897 1802 1903 1810 1905 1812 1877 1806 1878 1813 1906 1814 1901 1808 1877 1806 1906 1814 1877 1806 1905 1812 1906 1814 1905 1812 1878 1813 1907 1815 1902 1809 1901 1808 1907 1815 1901 1808 1906 1814 1908 1816 1903 1810 1902 1809 1908 1816 1904 1811 1903 1810 1908 1816 1902 1809 1907 1815 1909 1817 1888 1818 1889 1804 1909 1817 1889 1804 1904 1811 1909 1817 1904 1811 1908 1816 1910 1819 1878 1813 1879 1820 1910 1819 1879 1820 1880 1821 1911 1822 1906 1814 1878 1813 1911 1822 1878 1813 1910 1819 1911 1822 1907 1815 1906 1814 1912 1823 1907 1815 1911 1822 1913 1824 1880 1821 1881 1825 1913 1824 1910 1819 1880 1821 1914 1826 1908 1816 1907 1815 1914 1826 1907 1815 1912 1823 1915 1827 1911 1822 1910 1819 1915 1827 1913 1824 1881 1825 1915 1827 1881 1825 1882 1828 1915 1827 1910 1819 1913 1824 1916 1829 1912 1823 1911 1822 1916 1829 1915 1827 1882 1828 1916 1829 1882 1828 1886 1830 1916 1829 1911 1822 1915 1827 1916 1829 1914 1826 1912 1823 1917 1831 1909 1817 1908 1816 1917 1831 1908 1816 1914 1826 1917 1831 1887 1832 1888 1818 1917 1831 1888 1818 1909 1817 1918 1833 1914 1826 1916 1829 1918 1833 1916 1829 1886 1830 1918 1833 1917 1831 1914 1826 1919 1834 1887 1832 1917 1831 1919 1834 1917 1831 1918 1833 1920 1835 1885 1836 1884 1837 1920 1835 1886 1830 1885 1836 1920 1835 1918 1833 1886 1830 1921 1838 1884 1837 1883 1839 1921 1838 1883 1839 1887 1832 1921 1838 1887 1832 1919 1834 1921 1838 1919 1834 1918 1833 1921 1838 1918 1833 1920 1835 1921 1838 1920 1835 1884 1837 1924 1840 1930 1841 1925 1842 1924 1840 1931 1843 1930 1841 1928 1844 1932 1845 1931 1843 1928 1844 1929 1846 1932 1845 1928 1844 1931 1843 1924 1840 1927 1847 1924 1840 1923 1848 1927 1847 1928 1844 1924 1840 1926 1849 1923 1848 1922 1850 1926 1849 1927 1847 1923 1848 1941 1851 1936 1852 1937 1853 1941 1851 1937 1853 1938 1854 1940 1855 1934 1856 1935 1857 1940 1855 1935 1857 1936 1852 1940 1855 1936 1852 1941 1851 1939 1858 1933 1859 1934 1856 1939 1858 1934 1856 1940 1855</p>
        </triangles>
        <triangles material="white_plastic-material" count="3597">
          <input semantic="VERTEX" source="#pinky_intermediate-mesh-vertices" offset="0"/>
          <input semantic="NORMAL" source="#pinky_intermediate-mesh-normals" offset="1"/>
          <p>1944 1860 1945 1861 1946 1862 1944 1860 1946 1862 1947 1863 1944 1860 1947 1863 1948 1864 1952 1865 1950 1866 1949 1867 1952 1865 1951 1868 1950 1866 1952 1865 1948 1864 1951 1868 1952 1865 1944 1860 1948 1864 1956 1869 1942 1870 1943 1871 1955 1872 1943 1871 1953 1873 1955 1872 1956 1869 1943 1871 1954 1874 1955 1872 1953 1873 1957 1875 1943 1871 1944 1860 1957 1875 1952 1865 1953 1873 1957 1875 1944 1860 1952 1865 1957 1875 1953 1873 1943 1871 1972 1876 1959 1877 1958 1878 1972 1876 1960 1879 1959 1877 1972 1876 1961 1880 1960 1879 1965 1881 1958 1878 1962 1882 1965 1881 1962 1882 1963 1883 1965 1881 1963 1883 1964 1884 1965 1881 1971 1885 1972 1876 1965 1881 1972 1876 1958 1878 1966 1886 1971 1885 1965 1881 1969 1887 1968 1888 1971 1885 1970 1889 1969 1887 1971 1885 1970 1889 1971 1885 1966 1886 1967 1890 1970 1889 1966 1886 1978 1891 1973 1892 1974 1893 1979 1894 1978 1891 1974 1893 1980 1895 1974 1893 1975 1896 1980 1895 1979 1894 1974 1893 1977 1897 1975 1896 1976 1898 1977 1897 1980 1895 1975 1896 1985 1899 1981 1900 1982 1901 1985 1899 1984 1902 1981 1900 1986 1903 1985 1899 1982 1901 1983 1904 1986 1903 1982 1901 1989 1905 1991 1906 1990 1907 1988 1908 1991 1906 1989 1905 1987 1909 1991 1906 1988 1908 1994 1910 1996 1911 1995 1912 1993 1913 1996 1911 1994 1910 1992 1914 1996 1911 1993 1913 2027 1915 2019 1915 2016 1915 2030 1916 2018 1916 2015 1916 2029 1917 2028 1917 2017 1917 2026 1918 2020 1918 2028 1918 2009 1919 2020 1919 2026 1919 2032 1920 2030 1920 2015 1920 2002 1921 2009 1921 2026 1921 2013 1922 2031 1922 2014 1922 2033 1923 2031 1923 2013 1923 2000 1924 2009 1924 2002 1924 2007 1925 2009 1925 2000 1925 2006 1926 2008 1926 2001 1926 2010 1927 2033 1927 2013 1927 2025 1928 2034 1928 2011 1928 2023 1929 2012 1929 2021 1929 2022 1930 2024 1930 2010 1930 1998 1931 2003 1931 2005 1931 1997 1932 2004 1932 1999 1932 2052 1933 2035 1934 2044 1935 2036 1936 2035 1934 2052 1933 2051 1937 2036 1936 2052 1933 2050 1938 2037 1939 2036 1936 2050 1938 2036 1936 2051 1937 2038 1940 2037 1939 2050 1938 2049 1941 2038 1940 2050 1938 2039 1942 2038 1940 2049 1941 2048 1943 2040 1944 2039 1942 2048 1943 2039 1942 2049 1941 2041 1945 2040 1944 2048 1943 2047 1946 2041 1945 2048 1943 2042 1947 2041 1945 2047 1946 2046 1948 2042 1947 2047 1946 2043 1949 2042 1947 2046 1948 2045 1950 2043 1949 2046 1948 2064 1951 2058 1952 2059 1953 2064 1951 2059 1953 2060 1954 2063 1955 2057 1956 2058 1952 2063 1955 2058 1952 2064 1951 2062 1957 2056 1958 2057 1956 2062 1957 2057 1956 2063 1955 2061 1959 2053 1960 2056 1958 2061 1959 2056 1958 2062 1957 2065 1961 2054 1962 2053 1960 2065 1961 2053 1960 2061 1959 2066 1963 2055 1964 2054 1962 2066 1963 2054 1962 2065 1961 2071 1965 2105 1965 2072 1965 2104 1966 2105 1966 2071 1966 2103 1967 2104 1968 2071 1969 2069 1970 2103 1970 2071 1970 2101 1971 2103 1971 2069 1971 2068 1972 2102 1972 2070 1972 2100 1973 2101 1973 2067 1973 2084 1974 2100 1974 2067 1974 2098 1975 2100 1975 2084 1975 2081 1976 2097 1976 2083 1976 2080 1977 2099 1977 2082 1977 2094 1978 2096 1978 2078 1978 2076 1979 2095 1979 2079 1979 2091 1980 2093 1980 2075 1980 2073 1981 2092 1981 2077 1981 2088 1982 2092 1982 2073 1982 2086 1983 2090 1984 2074 1983 2087 1985 2089 1985 2085 1985 2123 1986 2107 1987 2106 1988 2115 1989 2107 1987 2123 1986 2122 1990 2115 1989 2123 1986 2114 1991 2115 1989 2122 1990 2113 1992 2122 1990 2121 1993 2113 1992 2114 1991 2122 1990 2112 1994 2121 1993 2120 1995 2112 1994 2113 1992 2121 1993 2111 1996 2120 1995 2119 1997 2111 1996 2112 1994 2120 1995 2110 1998 2119 1997 2118 1999 2110 1998 2111 1996 2119 1997 2109 2000 2118 1999 2117 2001 2109 2000 2110 1998 2118 1999 2108 2002 2117 2001 2116 2003 2108 2002 2109 2000 2117 2001 2133 2004 2129 2005 2124 2006 2125 2007 2133 2004 2124 2006 2132 2008 2133 2004 2125 2007 2126 2009 2132 2008 2125 2007 2131 2010 2132 2008 2126 2009 2127 2011 2131 2010 2126 2009 2130 2012 2127 2011 2128 2013 2130 2012 2131 2010 2127 2011 2134 2014 2130 2012 2128 2013 2137 2015 2134 2014 2128 2013 2135 2016 2137 2015 2136 2017 2135 2016 2134 2014 2137 2015 2138 2018 2142 2019 2141 2020 2138 2018 2139 2021 2142 2019 2143 2022 2141 2020 2140 2023 2143 2022 2138 2018 2141 2020 2152 2024 2145 2024 2150 2024 2147 2025 2144 2025 2149 2025 2146 2026 2148 2026 2151 2026 2153 2027 2155 2028 2154 2029 2175 2030 2156 2031 2155 2028 2175 2030 2155 2028 2153 2027 2174 2032 2157 2033 2156 2031 2174 2032 2158 2034 2157 2033 2174 2032 2156 2031 2175 2030 2169 2035 2167 2036 2166 2037 2169 2035 2168 2038 2167 2036 2173 2039 2159 2040 2158 2034 2173 2039 2160 2041 2159 2040 2173 2039 2161 2042 2160 2041 2173 2039 2158 2034 2174 2032 2170 2043 2163 2044 2162 2045 2170 2043 2164 2046 2163 2044 2170 2043 2165 2047 2164 2046 2170 2043 2166 2037 2165 2047 2170 2043 2169 2035 2166 2037 2172 2048 2161 2042 2173 2039 2171 2049 2162 2045 2161 2042 2171 2049 2170 2043 2162 2045 2171 2049 2161 2042 2172 2048 2178 2050 2177 2051 2176 2052 2184 2053 2183 2054 2182 2055 2185 2056 2182 2055 2181 2057 2185 2056 2184 2053 2182 2055 2186 2058 2181 2057 2180 2059 2186 2058 2185 2056 2181 2057 2187 2060 2179 2061 2178 2050 2187 2060 2180 2059 2179 2061 2187 2060 2186 2058 2180 2059 2187 2060 2178 2050 2176 2052 2227 2062 2229 2062 2230 2062 2189 2063 2225 2064 2227 2065 2189 2066 2228 2066 2231 2066 2224 2067 2194 2067 2209 2067 2212 2068 2190 2068 2192 2068 2206 2069 2211 2069 2191 2069 2195 2070 2193 2070 2223 2070 2214 2071 2207 2071 2204 2071 2215 2072 2213 2072 2208 2072 2202 2073 2215 2073 2205 2073 2222 2074 2199 2074 2196 2074 2221 2075 2195 2075 2223 2075 2217 2076 2214 2076 2201 2076 2220 2077 2203 2077 2198 2077 2218 2078 2216 2078 2200 2078 2219 2079 2197 2079 2221 2079 2210 2080 2226 2080 2188 2080 2233 2081 2232 2082 2234 2083 2235 2084 2233 2081 2234 2083 2236 2085 2233 2081 2235 2084 2239 2086 2241 2087 2240 2088 2239 2086 2242 2089 2241 2087 2244 2090 2243 2091 2242 2089 2244 2090 2242 2089 2239 2086 2237 2092 2243 2091 2244 2090 2247 2093 2238 2094 2237 2092 2247 2093 2244 2090 2245 2095 2247 2093 2245 2095 2246 2096 2247 2093 2248 2097 2238 2094 2247 2093 2237 2092 2244 2090 2267 2098 2256 2099 2255 2100 2267 2098 2255 2100 2261 2101 2267 2098 2261 2101 2262 2102 2266 2103 2257 2104 2256 2099 2266 2103 2256 2099 2267 2098 2265 2105 2258 2106 2257 2104 2265 2105 2257 2104 2266 2103 2250 2107 2254 2108 2253 2109 2250 2107 2251 2110 2254 2108 2264 2111 2259 2112 2258 2106 2264 2111 2260 2113 2259 2112 2264 2111 2258 2106 2265 2105 2263 2114 2253 2109 2252 2115 2263 2114 2252 2115 2260 2113 2263 2114 2260 2113 2264 2111 2249 2116 2250 2107 2253 2109 2249 2116 2253 2109 2263 2114 2273 2117 2271 2118 2270 2119 2273 2117 2272 2120 2271 2118 2274 2121 2273 2117 2270 2119 2275 2122 2274 2121 2270 2119 2276 2123 2275 2122 2270 2119 2277 2124 2276 2123 2270 2119 2268 2125 2270 2119 2269 2126 2280 2127 2270 2119 2268 2125 2278 2128 2277 2124 2270 2119 2279 2129 2270 2119 2280 2127 2279 2129 2278 2128 2270 2119 2296 2130 2297 2131 2298 2132 2295 2133 2296 2130 2298 2132 2282 2134 2293 2135 2294 2136 2281 2137 2292 2138 2293 2135 2281 2137 2293 2135 2282 2134 2291 2139 2292 2138 2281 2137 2287 2140 2286 2141 2302 2142 2288 2143 2287 2140 2302 2142 2289 2144 2288 2143 2302 2142 2305 2145 2299 2146 2300 2147 2305 2145 2300 2147 2303 2148 2306 2149 2294 2136 2295 2133 2306 2149 2298 2132 2299 2146 2306 2149 2295 2133 2298 2132 2306 2149 2305 2145 2303 2148 2306 2149 2299 2146 2305 2145 2307 2150 2283 2151 2282 2134 2307 2150 2284 2152 2283 2151 2307 2150 2308 2153 2284 2152 2307 2150 2303 2148 2308 2153 2307 2150 2306 2149 2303 2148 2307 2150 2294 2136 2306 2149 2307 2150 2282 2134 2294 2136 2309 2154 2284 2152 2308 2153 2309 2154 2308 2153 2303 2148 2310 2155 2285 2156 2284 2152 2310 2155 2286 2141 2285 2156 2310 2155 2303 2148 2302 2142 2310 2155 2309 2154 2303 2148 2310 2155 2284 2152 2309 2154 2310 2155 2302 2142 2286 2141 2311 2157 2290 2158 2289 2144 2311 2157 2302 2142 2301 2159 2311 2157 2301 2159 2304 2160 2311 2157 2304 2160 2290 2158 2311 2157 2289 2144 2302 2142 2312 2161 2314 2162 2315 2163 2312 2161 2315 2163 2313 2164 2327 2165 2329 2166 2333 2167 2328 2168 2329 2166 2327 2165 2334 2169 2317 2170 2318 2171 2334 2169 2318 2171 2319 2172 2334 2169 2319 2172 2320 2173 2335 2174 2320 2173 2321 2175 2335 2174 2321 2175 2322 2176 2335 2174 2334 2169 2320 2173 2336 2177 2334 2169 2335 2174 2337 2178 2336 2177 2335 2174 2338 2179 2322 2176 2323 2180 2338 2179 2323 2180 2324 2181 2338 2179 2337 2178 2335 2174 2338 2179 2335 2174 2322 2176 2339 2182 2316 2183 2317 2170 2339 2182 2317 2170 2334 2169 2339 2182 2334 2169 2336 2177 2340 2184 2330 2185 2316 2183 2340 2184 2339 2182 2341 2186 2340 2184 2316 2183 2339 2182 2342 2187 2340 2184 2341 2186 2343 2188 2324 2181 2325 2189 2344 2190 2331 2191 2330 2185 2344 2190 2332 2192 2331 2191 2344 2190 2330 2185 2340 2184 2345 2193 2340 2184 2342 2187 2345 2193 2342 2187 2343 2188 2345 2193 2344 2190 2340 2184 2346 2194 2333 2167 2332 2192 2346 2194 2332 2192 2344 2190 2346 2194 2344 2190 2345 2193 2347 2195 2345 2193 2343 2188 2347 2195 2346 2194 2345 2193 2348 2196 2325 2189 2326 2197 2348 2196 2326 2197 2327 2165 2348 2196 2343 2188 2325 2189 2348 2196 2327 2165 2333 2167 2348 2196 2333 2167 2346 2194 2348 2196 2347 2195 2343 2188 2348 2196 2346 2194 2347 2195 2349 2198 2337 2178 2338 2179 2349 2198 2338 2179 2324 2181 2349 2198 2339 2182 2336 2177 2349 2198 2336 2177 2337 2178 2350 2199 2339 2182 2349 2198 2350 2199 2349 2198 2324 2181 2351 2200 2341 2186 2339 2182 2351 2200 2339 2182 2350 2199 2351 2200 2324 2181 2343 2188 2351 2200 2342 2187 2341 2186 2351 2200 2343 2188 2342 2187 2351 2200 2350 2199 2324 2181 2355 2201 2357 2202 2356 2203 2352 2204 2358 2205 2354 2206 2353 2207 2352 2204 2354 2206 2359 2208 2355 2201 2354 2206 2359 2208 2358 2205 2357 2202 2359 2208 2357 2202 2355 2201 2359 2208 2354 2206 2358 2205 2360 2209 2362 2210 2363 2211 2361 2212 2363 2211 2364 2213 2361 2212 2360 2209 2363 2211 2370 2214 2367 2214 2365 2214 2370 2215 2365 2215 2368 2215 2372 2216 2366 2216 2369 2216 2371 2217 2373 2217 2370 2217 2380 2218 2377 2219 2376 2220 2380 2218 2378 2221 2377 2219 2375 2222 2380 2218 2376 2220 2374 2223 2380 2218 2375 2222 2379 2224 2380 2218 2374 2223 2381 2225 2379 2224 2374 2223 2390 2226 2387 2227 2388 2228 2390 2226 2388 2228 2389 2229 2396 2230 2390 2226 2391 2231 2395 2232 2390 2226 2396 2230 2394 2233 2386 2234 2387 2227 2394 2233 2387 2227 2390 2226 2394 2233 2390 2226 2395 2232 2393 2235 2385 2236 2386 2234 2393 2235 2386 2234 2394 2233 2392 2237 2384 2238 2385 2236 2392 2237 2385 2236 2393 2235 2383 2239 2384 2238 2392 2237 2382 2240 2384 2238 2383 2239 2397 2241 2405 2242 2398 2243 2413 2244 2401 2245 2400 2246 2413 2244 2400 2246 2406 2247 2413 2244 2406 2247 2412 2248 2414 2249 2402 2250 2401 2245 2414 2249 2401 2245 2413 2244 2415 2251 2403 2252 2402 2250 2415 2251 2404 2253 2403 2252 2415 2251 2405 2242 2404 2253 2415 2251 2402 2250 2414 2249 2415 2251 2398 2243 2405 2242 2416 2254 2409 2255 2408 2256 2416 2254 2415 2251 2414 2249 2417 2257 2408 2256 2407 2258 2417 2257 2407 2258 2399 2259 2417 2257 2416 2254 2408 2256 2417 2257 2415 2251 2416 2254 2418 2260 2399 2259 2398 2243 2418 2260 2398 2243 2415 2251 2418 2260 2417 2257 2399 2259 2418 2260 2415 2251 2417 2257 2419 2261 2410 2262 2409 2255 2419 2261 2411 2263 2410 2262 2419 2261 2412 2248 2411 2263 2419 2261 2413 2244 2412 2248 2419 2261 2409 2255 2416 2254 2419 2261 2416 2254 2414 2249 2419 2261 2414 2249 2413 2244 2420 2264 2422 2265 2421 2266 2426 2267 2423 2268 2422 2265 2426 2267 2422 2265 2420 2264 2425 2269 2424 2270 2423 2268 2425 2269 2423 2268 2426 2267 2431 2271 2433 2272 2432 2273 2431 2271 2434 2274 2433 2272 2430 2275 2435 2276 2434 2274 2430 2275 2434 2274 2431 2271 2429 2277 2436 2278 2435 2276 2429 2277 2435 2276 2430 2275 2428 2279 2437 2280 2436 2278 2428 2279 2436 2278 2429 2277 2427 2281 2437 2280 2428 2279 2438 2282 2444 2283 2443 2284 2438 2282 2445 2285 2444 2283 2439 2286 2443 2284 2442 2287 2439 2286 2438 2282 2443 2284 2441 2288 2440 2289 2439 2286 2441 2288 2439 2286 2442 2287 2446 2290 2448 2291 2447 2292 2446 2290 2449 2293 2448 2291 2446 2290 2450 2294 2449 2293 2446 2290 2451 2295 2450 2294 2454 2296 2456 2297 2455 2298 2452 2299 2454 2296 2453 2300 2452 2299 2457 2301 2456 2297 2452 2299 2458 2302 2457 2301 2452 2299 2456 2297 2454 2296 2459 2303 2465 2304 2464 2305 2460 2306 2464 2305 2463 2307 2460 2306 2459 2303 2464 2305 2462 2308 2460 2306 2463 2307 2461 2309 2460 2306 2462 2308 2466 2310 2473 2311 2472 2312 2467 2313 2472 2312 2471 2314 2467 2313 2466 2310 2472 2312 2468 2315 2471 2314 2470 2316 2468 2315 2467 2313 2471 2314 2469 2317 2468 2315 2470 2316 2488 2318 2487 2319 2486 2320 2475 2321 2486 2320 2485 2322 2475 2321 2474 2323 2488 2318 2475 2321 2488 2318 2486 2320 2476 2324 2485 2322 2484 2325 2476 2324 2475 2321 2485 2322 2477 2326 2476 2324 2484 2325 2478 2327 2484 2325 2483 2328 2478 2327 2477 2326 2484 2325 2481 2329 2483 2328 2482 2330 2481 2329 2478 2327 2483 2328 2479 2331 2478 2327 2481 2329 2480 2332 2479 2331 2481 2329 2490 2333 2492 2334 2494 2335 2493 2336 2492 2334 2490 2333 2489 2337 2491 2338 2493 2336 2489 2337 2493 2336 2490 2333 2501 2339 2497 2340 2500 2341 2503 2342 2498 2343 2497 2340 2503 2342 2497 2340 2501 2339 2502 2344 2499 2345 2498 2343 2502 2344 2498 2343 2503 2342 2496 2346 2495 2347 2499 2345 2496 2346 2499 2345 2502 2344 2505 2348 2506 2349 2507 2350 2505 2348 2507 2350 2508 2351 2505 2348 2508 2351 2509 2352 2505 2348 2509 2352 2510 2353 2504 2354 2510 2353 2511 2355 2504 2354 2505 2348 2510 2353 2514 2356 2515 2357 2516 2358 2514 2356 2516 2358 2517 2359 2514 2356 2517 2359 2518 2360 2514 2356 2518 2360 2519 2361 2513 2362 2519 2361 2520 2363 2513 2362 2514 2356 2519 2361 2512 2364 2520 2363 2521 2365 2512 2364 2513 2362 2520 2363 2526 2366 2522 2367 2523 2368 2526 2366 2528 2369 2522 2367 2525 2370 2529 2371 2528 2369 2525 2370 2528 2369 2526 2366 2524 2372 2527 2373 2529 2371 2524 2372 2529 2371 2525 2370 2532 2374 2531 2375 2530 2376 2532 2374 2533 2377 2531 2375 2539 2378 2535 2379 2534 2380 2537 2381 2539 2378 2534 2380 2538 2382 2540 2382 2536 2382 2541 2383 2542 2384 2543 2385 2541 2383 2543 2385 2544 2386 2541 2383 2544 2386 2545 2387 2541 2383 2545 2387 2546 2388 2551 2389 2548 2390 2547 2391 2552 2392 2549 2393 2548 2390 2552 2392 2548 2390 2551 2389 2553 2394 2550 2395 2549 2393 2553 2394 2549 2393 2552 2392 2554 2396 2550 2395 2553 2394 2560 2397 2558 2398 2557 2399 2560 2397 2559 2400 2558 2398 2560 2397 2556 2401 2559 2400 2555 2402 2556 2401 2560 2397 2570 2403 2565 2404 2566 2405 2570 2403 2566 2405 2567 2406 2569 2407 2564 2408 2565 2404 2569 2407 2565 2404 2570 2403 2568 2409 2563 2410 2564 2408 2568 2409 2564 2408 2569 2407 2572 2411 2563 2410 2568 2409 2571 2412 2562 2413 2563 2410 2571 2412 2563 2410 2572 2411 2561 2414 2562 2413 2571 2412 2577 2415 2581 2416 2582 2417 2576 2418 2581 2416 2577 2415 2575 2419 2579 2420 2580 2421 2575 2419 2580 2421 2581 2416 2575 2419 2581 2416 2576 2418 2574 2422 2578 2423 2579 2420 2574 2422 2579 2420 2575 2419 2573 2424 2578 2423 2574 2422 2588 2425 2584 2426 2583 2427 2589 2428 2584 2426 2588 2425 2590 2429 2585 2430 2584 2426 2590 2429 2584 2426 2589 2428 2591 2431 2586 2432 2585 2430 2591 2431 2585 2430 2590 2429 2592 2433 2587 2434 2586 2432 2592 2433 2586 2432 2591 2431 2593 2435 2587 2434 2592 2433 2600 2436 2595 2437 2594 2438 2600 2436 2596 2439 2595 2437 2600 2436 2597 2440 2596 2439 2613 2441 2598 2442 2597 2440 2613 2441 2599 2443 2598 2442 2613 2441 2597 2440 2600 2436 2606 2444 2604 2445 2605 2446 2607 2447 2604 2445 2606 2444 2614 2448 2600 2436 2601 2449 2614 2448 2612 2450 2613 2441 2614 2448 2613 2441 2600 2436 2615 2451 2614 2448 2601 2449 2615 2451 2612 2450 2614 2448 2616 2452 2601 2449 2602 2453 2616 2452 2611 2454 2612 2450 2616 2452 2615 2451 2601 2449 2616 2452 2612 2450 2615 2451 2617 2455 2616 2452 2602 2453 2617 2455 2611 2454 2616 2452 2618 2456 2602 2453 2603 2457 2618 2456 2611 2454 2617 2455 2618 2456 2617 2455 2602 2453 2619 2458 2603 2457 2604 2445 2619 2458 2607 2447 2608 2459 2619 2458 2608 2459 2609 2460 2619 2458 2609 2460 2610 2461 2619 2458 2610 2461 2611 2454 2619 2458 2618 2456 2603 2457 2619 2458 2611 2454 2618 2456 2619 2458 2604 2445 2607 2447 2625 2462 2631 2463 2632 2464 2624 2465 2630 2466 2631 2463 2624 2465 2631 2463 2625 2462 2623 2467 2629 2468 2630 2466 2623 2467 2630 2466 2624 2465 2622 2469 2628 2470 2629 2468 2622 2469 2629 2468 2623 2467 2621 2471 2628 2470 2622 2469 2620 2472 2627 2473 2628 2470 2620 2472 2628 2470 2621 2471 2626 2474 2627 2473 2620 2472 2649 2475 2644 2476 2645 2477 2649 2475 2645 2477 2646 2478 2649 2475 2646 2478 2647 2479 2649 2475 2647 2479 2648 2480 2650 2481 2649 2475 2648 2480 2650 2481 2644 2476 2649 2475 2651 2482 2640 2483 2641 2484 2651 2482 2641 2484 2642 2485 2651 2482 2642 2485 2643 2486 2651 2482 2643 2486 2644 2476 2651 2482 2644 2476 2650 2481 2651 2482 2650 2481 2648 2480 2652 2487 2633 2488 2634 2489 2652 2487 2639 2490 2638 2491 2652 2487 2634 2489 2639 2490 2652 2487 2648 2480 2633 2488 2653 2492 2636 2493 2635 2494 2653 2492 2637 2495 2636 2493 2653 2492 2638 2491 2637 2495 2653 2492 2635 2494 2640 2483 2653 2492 2651 2482 2648 2480 2653 2492 2648 2480 2652 2487 2653 2492 2640 2483 2651 2482 2653 2492 2652 2487 2638 2491 2664 2496 2658 2497 2657 2498 2665 2499 2659 2500 2658 2497 2665 2499 2658 2497 2664 2496 2666 2501 2660 2502 2659 2500 2666 2501 2659 2500 2665 2499 2667 2503 2661 2504 2660 2502 2667 2503 2660 2502 2666 2501 2668 2505 2662 2506 2661 2504 2668 2505 2661 2504 2667 2503 2669 2507 2663 2508 2662 2506 2669 2507 2662 2506 2668 2505 2655 2509 2656 2510 2663 2508 2655 2509 2663 2508 2669 2507 2670 2511 2655 2509 2669 2507 2654 2512 2655 2509 2670 2511 2671 2513 2672 2514 2678 2515 2694 2516 2674 2517 2673 2518 2694 2516 2675 2519 2674 2517 2694 2516 2676 2520 2675 2519 2694 2516 2677 2521 2676 2520 2694 2516 2678 2515 2677 2521 2694 2516 2673 2518 2679 2522 2694 2516 2693 2523 2671 2513 2694 2516 2671 2513 2678 2515 2695 2524 2693 2523 2694 2516 2695 2524 2694 2516 2679 2522 2696 2525 2692 2526 2693 2523 2696 2525 2695 2524 2679 2522 2696 2525 2693 2523 2695 2524 2697 2527 2679 2522 2680 2528 2697 2527 2696 2525 2679 2522 2697 2527 2692 2526 2696 2525 2698 2529 2691 2530 2692 2526 2698 2529 2692 2526 2697 2527 2698 2529 2697 2527 2680 2528 2699 2531 2680 2528 2681 2532 2699 2531 2691 2530 2698 2529 2699 2531 2698 2529 2680 2528 2700 2533 2681 2532 2682 2534 2700 2533 2690 2535 2691 2530 2700 2533 2699 2531 2681 2532 2700 2533 2691 2530 2699 2531 2701 2536 2700 2533 2682 2534 2701 2536 2690 2535 2700 2533 2702 2537 2682 2534 2683 2538 2702 2537 2683 2538 2684 2539 2702 2537 2684 2539 2685 2540 2703 2541 2685 2540 2686 2542 2703 2541 2702 2537 2685 2540 2703 2541 2682 2534 2702 2537 2704 2543 2686 2542 2687 2544 2704 2543 2687 2544 2688 2545 2704 2543 2688 2545 2689 2546 2704 2543 2689 2546 2690 2535 2704 2543 2690 2535 2701 2536 2704 2543 2701 2536 2682 2534 2704 2543 2703 2541 2686 2542 2704 2543 2682 2534 2703 2541 2706 2547 2723 2548 2724 2549 2706 2547 2724 2549 2705 2550 2717 2551 2718 2552 2719 2553 2709 2554 2707 2555 2708 2556 2715 2557 2707 2555 2709 2554 2710 2558 2716 2559 2711 2560 2725 2561 2719 2553 2720 2562 2725 2561 2720 2562 2721 2563 2725 2561 2721 2563 2722 2564 2725 2561 2722 2564 2723 2548 2725 2561 2723 2548 2706 2547 2725 2561 2717 2551 2719 2553 2726 2565 2706 2547 2707 2555 2726 2565 2716 2559 2717 2551 2726 2565 2725 2561 2706 2547 2726 2565 2717 2551 2725 2561 2727 2566 2712 2567 2711 2560 2727 2566 2713 2568 2712 2567 2727 2566 2714 2569 2713 2568 2727 2566 2715 2557 2714 2569 2727 2566 2716 2559 2726 2565 2727 2566 2726 2565 2707 2555 2727 2566 2707 2555 2715 2557 2727 2566 2711 2560 2716 2559 2737 2570 2729 2571 2728 2572 2737 2570 2728 2572 2735 2573 2737 2570 2735 2573 2736 2574 2738 2575 2730 2576 2729 2571 2738 2575 2729 2571 2737 2570 2739 2577 2731 2578 2730 2576 2739 2577 2730 2576 2738 2575 2740 2579 2732 2580 2731 2578 2740 2579 2731 2578 2739 2577 2741 2581 2733 2582 2732 2580 2741 2581 2732 2580 2740 2579 2742 2583 2734 2584 2733 2582 2742 2583 2733 2582 2741 2581 2746 2585 2745 2586 2751 2587 2752 2588 2746 2585 2751 2587 2753 2589 2747 2590 2746 2585 2753 2589 2746 2585 2752 2588 2754 2591 2748 2592 2747 2590 2754 2591 2747 2590 2753 2589 2755 2593 2749 2594 2748 2592 2755 2593 2748 2592 2754 2591 2756 2595 2750 2596 2749 2594 2756 2595 2749 2594 2755 2593 2757 2597 2750 2596 2756 2595 2758 2598 2744 2599 2750 2596 2758 2598 2750 2596 2757 2597 2743 2600 2744 2599 2758 2598 2765 2601 2772 2602 2773 2603 2764 2604 2771 2605 2772 2602 2764 2604 2772 2602 2765 2601 2763 2606 2770 2607 2771 2605 2763 2606 2771 2605 2764 2604 2762 2608 2769 2609 2770 2607 2762 2608 2770 2607 2763 2606 2761 2610 2768 2611 2769 2609 2761 2610 2769 2609 2762 2608 2760 2612 2767 2613 2768 2611 2760 2612 2768 2611 2761 2610 2759 2614 2766 2615 2767 2613 2759 2614 2767 2613 2760 2612 2783 2616 2777 2617 2776 2618 2784 2619 2778 2620 2777 2617 2784 2619 2777 2617 2783 2616 2785 2621 2779 2622 2778 2620 2785 2621 2778 2620 2784 2619 2786 2623 2780 2624 2779 2622 2786 2623 2779 2622 2785 2621 2787 2625 2781 2626 2780 2624 2787 2625 2780 2624 2786 2623 2788 2627 2782 2628 2781 2626 2788 2627 2781 2626 2787 2625 2774 2629 2775 2630 2782 2628 2774 2629 2782 2628 2788 2627 2789 2631 2774 2629 2788 2627 2796 2632 2803 2633 2804 2634 2795 2635 2802 2636 2803 2633 2795 2635 2803 2633 2796 2632 2794 2637 2801 2638 2802 2636 2794 2637 2802 2636 2795 2635 2793 2639 2800 2640 2801 2638 2793 2639 2801 2638 2794 2637 2792 2641 2799 2642 2800 2640 2792 2641 2800 2640 2793 2639 2791 2643 2798 2644 2799 2642 2791 2643 2799 2642 2792 2641 2790 2645 2797 2646 2798 2644 2790 2645 2798 2644 2791 2643 2814 2647 2808 2648 2807 2649 2815 2650 2809 2651 2808 2648 2815 2650 2808 2648 2814 2647 2816 2652 2810 2653 2809 2651 2816 2652 2809 2651 2815 2650 2817 2654 2811 2655 2810 2653 2817 2654 2810 2653 2816 2652 2818 2656 2812 2657 2811 2655 2818 2656 2811 2655 2817 2654 2819 2658 2813 2659 2812 2657 2819 2658 2812 2657 2818 2656 2805 2660 2806 2661 2813 2659 2805 2660 2813 2659 2819 2658 2820 2662 2805 2660 2819 2658 2847 2663 2832 2664 2833 2665 2848 2666 2831 2667 2849 2668 2848 2666 2849 2668 2843 2669 2850 2670 2830 2671 2831 2667 2850 2670 2843 2669 2844 2672 2850 2670 2848 2666 2843 2669 2850 2670 2831 2667 2848 2666 2851 2673 2829 2674 2830 2671 2851 2673 2830 2671 2850 2670 2851 2673 2850 2670 2844 2672 2852 2675 2829 2674 2851 2673 2852 2675 2851 2673 2844 2672 2853 2676 2828 2677 2829 2674 2853 2676 2844 2672 2845 2678 2853 2676 2852 2675 2844 2672 2853 2676 2829 2674 2852 2675 2854 2679 2853 2676 2845 2678 2854 2679 2828 2677 2853 2676 2855 2680 2845 2678 2846 2681 2855 2680 2854 2679 2845 2678 2855 2680 2828 2677 2854 2679 2856 2682 2826 2683 2825 2684 2856 2682 2827 2685 2826 2683 2856 2682 2846 2681 2827 2685 2857 2686 2825 2684 2824 2687 2857 2686 2856 2682 2825 2684 2857 2686 2846 2681 2856 2682 2858 2688 2822 2689 2821 2690 2858 2688 2823 2691 2822 2689 2858 2688 2824 2687 2823 2691 2858 2688 2821 2690 2828 2677 2858 2688 2857 2686 2824 2687 2858 2688 2828 2677 2855 2680 2858 2688 2855 2680 2846 2681 2858 2688 2846 2681 2857 2686 2859 2692 2842 2693 2843 2669 2859 2692 2860 2694 2842 2693 2859 2692 2861 2695 2860 2694 2859 2692 2843 2669 2849 2668 2862 2696 2863 2697 2864 2698 2862 2696 2832 2664 2847 2663 2862 2696 2847 2663 2865 2699 2862 2696 2865 2699 2863 2697 2866 2700 2831 2667 2832 2664 2866 2700 2849 2668 2831 2667 2867 2701 2837 2702 2838 2703 2868 2704 2867 2701 2860 2694 2868 2704 2837 2702 2867 2701 2869 2705 2837 2702 2868 2704 2869 2705 2833 2665 2834 2706 2869 2705 2834 2706 2835 2707 2869 2705 2835 2707 2836 2708 2869 2705 2836 2708 2837 2702 2869 2705 2847 2663 2833 2665 2869 2705 2868 2704 2860 2694 2870 2709 2847 2663 2869 2705 2870 2709 2869 2705 2860 2694 2870 2709 2864 2698 2863 2697 2870 2709 2861 2695 2864 2698 2870 2709 2860 2694 2861 2695 2870 2709 2865 2699 2847 2663 2870 2709 2863 2697 2865 2699 2871 2710 2862 2696 2864 2698 2871 2710 2864 2698 2861 2695 2871 2710 2861 2695 2859 2692 2872 2711 2832 2664 2862 2696 2872 2711 2871 2710 2859 2692 2872 2711 2862 2696 2871 2710 2873 2712 2859 2692 2849 2668 2873 2712 2849 2668 2866 2700 2873 2712 2872 2711 2859 2692 2874 2713 2860 2694 2867 2701 2874 2713 2838 2703 2839 2714 2874 2713 2839 2714 2840 2715 2874 2713 2840 2715 2841 2716 2874 2713 2841 2716 2842 2693 2874 2713 2842 2693 2860 2694 2874 2713 2867 2701 2838 2703 2875 2717 2866 2700 2832 2664 2875 2717 2832 2664 2872 2711 2875 2717 2873 2712 2866 2700 2875 2717 2872 2711 2873 2712 2886 2718 2877 2719 2876 2720 2886 2718 2878 2721 2877 2719 2889 2722 2887 2723 2888 2724 2890 2725 2887 2723 2889 2722 2896 2726 2884 2727 2883 2728 2896 2726 2885 2729 2884 2727 2897 2730 2879 2731 2878 2721 2897 2730 2880 2732 2879 2731 2897 2730 2881 2733 2880 2732 2897 2730 2882 2734 2881 2733 2897 2730 2883 2728 2882 2734 2897 2730 2886 2718 2887 2723 2897 2730 2878 2721 2886 2718 2897 2730 2896 2726 2883 2728 2898 2735 2890 2725 2891 2736 2898 2735 2896 2726 2897 2730 2898 2735 2897 2730 2887 2723 2898 2735 2887 2723 2890 2725 2899 2737 2891 2736 2892 2738 2899 2737 2892 2738 2893 2739 2899 2737 2893 2739 2894 2740 2899 2737 2894 2740 2895 2741 2899 2737 2895 2741 2896 2726 2899 2737 2896 2726 2898 2735 2899 2737 2898 2735 2891 2736 2902 2742 2900 2743 2901 2744 2902 2742 2910 2745 2900 2743 2903 2746 2911 2747 2910 2745 2903 2746 2910 2745 2902 2742 2904 2748 2912 2749 2911 2747 2904 2748 2911 2747 2903 2746 2905 2750 2913 2751 2912 2749 2905 2750 2912 2749 2904 2748 2914 2752 2913 2751 2905 2750 2906 2753 2914 2752 2905 2750 2915 2754 2914 2752 2906 2753 2907 2755 2915 2754 2906 2753 2909 2756 2915 2754 2907 2755 2908 2757 2909 2756 2907 2755 2924 2758 2917 2759 2916 2760 2925 2761 2918 2762 2917 2759 2925 2761 2917 2759 2924 2758 2926 2763 2919 2764 2918 2762 2926 2763 2918 2762 2925 2761 2927 2765 2920 2766 2919 2764 2927 2765 2919 2764 2926 2763 2928 2767 2921 2768 2920 2766 2928 2767 2920 2766 2927 2765 2929 2769 2922 2770 2921 2768 2929 2769 2921 2768 2928 2767 2930 2771 2923 2772 2922 2770 2930 2771 2922 2770 2929 2769 2939 2773 2932 2774 2931 2775 2939 2773 2931 2775 2938 2776 2940 2777 2933 2778 2932 2774 2940 2777 2932 2774 2939 2773 2941 2779 2934 2780 2933 2778 2941 2779 2935 2781 2934 2780 2941 2779 2933 2778 2940 2777 2942 2782 2936 2783 2935 2781 2942 2782 2935 2781 2941 2779 2943 2784 2937 2785 2936 2783 2943 2784 2936 2783 2942 2782 2944 2786 2937 2785 2943 2784 2960 2787 2958 2788 2959 2789 2955 2790 2956 2791 2957 2792 2955 2790 2957 2792 2958 2788 2955 2790 2958 2788 2960 2787 2954 2793 2960 2787 2961 2794 2954 2793 2955 2790 2960 2787 2953 2795 2954 2793 2961 2794 2950 2796 2964 2797 2951 2798 2949 2799 2964 2797 2950 2796 2945 2800 2952 2801 2946 2802 2965 2803 2947 2804 2946 2802 2965 2803 2948 2805 2947 2804 2965 2803 2949 2799 2948 2805 2965 2803 2952 2801 2953 2795 2965 2803 2961 2794 2962 2806 2965 2803 2962 2806 2963 2807 2965 2803 2963 2807 2964 2797 2965 2803 2953 2795 2961 2794 2965 2803 2964 2797 2949 2799 2965 2803 2946 2802 2952 2801 2977 2808 2975 2809 2976 2810 2968 2811 2979 2812 2969 2813 2967 2814 2979 2812 2968 2811 2966 2815 2979 2812 2967 2814 2980 2816 2971 2817 2972 2818 2980 2816 2972 2818 2973 2819 2980 2816 2973 2819 2974 2820 2980 2816 2974 2820 2975 2809 2980 2816 2975 2809 2977 2808 2981 2821 2966 2815 2970 2822 2981 2821 2970 2822 2971 2817 2981 2821 2977 2808 2978 2823 2981 2821 2978 2823 2979 2812 2981 2821 2980 2816 2977 2808 2981 2821 2971 2817 2980 2816 2981 2821 2979 2812 2966 2815 2988 2824 2995 2825 2996 2826 2987 2827 2994 2828 2995 2825 2987 2827 2995 2825 2988 2824 2986 2829 2993 2830 2994 2828 2986 2829 2994 2828 2987 2827 2985 2831 2992 2832 2993 2830 2985 2831 2993 2830 2986 2829 2984 2833 2991 2834 2992 2832 2984 2833 2992 2832 2985 2831 2983 2835 2990 2836 2991 2834 2983 2835 2991 2834 2984 2833 2982 2837 2989 2838 2990 2836 2982 2837 2990 2836 2983 2835 3004 2839 3014 2840 3015 2841 3003 2842 3013 2843 3014 2840 3003 2842 3014 2840 3004 2839 3002 2844 3012 2845 3013 2843 3002 2844 3013 2843 3003 2842 3001 2846 3010 2847 3011 2848 3001 2846 3011 2848 3012 2845 3001 2846 3012 2845 3002 2844 3000 2849 3009 2850 3010 2847 3000 2849 3010 2847 3001 2846 2999 2851 3007 2852 3008 2853 2999 2851 3008 2853 3009 2850 2999 2851 3009 2850 3000 2849 2998 2854 3006 2855 3007 2852 2998 2854 3007 2852 2999 2851 2997 2856 3005 2857 3006 2855 2997 2856 3006 2855 2998 2854 3027 2858 3017 2859 3016 2860 3028 2861 3018 2862 3017 2859 3028 2861 3017 2859 3027 2858 3029 2863 3019 2864 3018 2862 3029 2863 3018 2862 3028 2861 3030 2865 3020 2866 3019 2864 3030 2865 3019 2864 3029 2863 3031 2867 3021 2868 3020 2866 3031 2867 3020 2866 3030 2865 3032 2869 3021 2868 3031 2867 3033 2870 3022 2871 3021 2868 3033 2870 3021 2868 3032 2869 3034 2872 3023 2873 3022 2871 3034 2872 3022 2871 3033 2870 3035 2874 3024 2875 3023 2873 3035 2874 3023 2873 3034 2872 3036 2876 3025 2877 3024 2875 3036 2876 3024 2875 3035 2874 3037 2878 3026 2879 3025 2877 3037 2878 3025 2877 3036 2876 3047 2880 3058 2881 3059 2882 3047 2880 3059 2882 3048 2883 3046 2884 3057 2885 3058 2881 3046 2884 3058 2881 3047 2880 3045 2886 3056 2887 3057 2885 3045 2886 3057 2885 3046 2884 3044 2888 3055 2889 3056 2887 3044 2888 3056 2887 3045 2886 3043 2890 3053 2891 3054 2892 3043 2890 3054 2892 3055 2889 3043 2890 3055 2889 3044 2888 3042 2893 3052 2894 3053 2891 3042 2893 3053 2891 3043 2890 3041 2895 3051 2896 3052 2894 3041 2895 3052 2894 3042 2893 3040 2897 3050 2898 3051 2896 3040 2897 3051 2896 3041 2895 3039 2899 3049 2900 3050 2898 3039 2899 3050 2898 3040 2897 3038 2901 3049 2900 3039 2899 3072 2902 3063 2903 3062 2904 3077 2905 3064 2906 3063 2903 3077 2905 3063 2903 3072 2902 3076 2907 3065 2908 3064 2906 3076 2907 3064 2906 3077 2905 3075 2909 3066 2910 3065 2908 3075 2909 3065 2908 3076 2907 3074 2911 3067 2912 3066 2910 3074 2911 3066 2910 3075 2909 3073 2913 3068 2914 3067 2912 3073 2913 3067 2912 3074 2911 3081 2915 3069 2916 3068 2914 3081 2915 3068 2914 3073 2913 3080 2917 3070 2918 3069 2916 3080 2917 3069 2916 3081 2915 3079 2919 3071 2920 3070 2918 3079 2919 3070 2918 3080 2917 3078 2921 3061 2922 3071 2920 3078 2921 3071 2920 3079 2919 3060 2923 3061 2922 3078 2921 3098 2924 3094 2925 3095 2926 3098 2924 3095 2926 3096 2927 3097 2928 3093 2929 3094 2925 3097 2928 3094 2925 3098 2924 3087 2930 3092 2931 3093 2929 3087 2930 3093 2929 3097 2928 3086 2932 3091 2933 3092 2931 3086 2932 3092 2931 3087 2930 3085 2934 3090 2935 3091 2933 3085 2934 3091 2933 3086 2932 3084 2936 3089 2937 3090 2935 3084 2936 3090 2935 3085 2934 3083 2938 3088 2939 3089 2937 3083 2938 3089 2937 3084 2936 3082 2940 3088 2939 3083 2938 3124 2941 3122 2942 3123 2943 3115 2944 3116 2945 3117 2946 3115 2944 3117 2946 3118 2947 3115 2944 3118 2947 3119 2948 3105 2949 3128 2950 3106 2951 3104 2952 3128 2950 3105 2949 3099 2953 3107 2954 3100 2955 3133 2956 3114 2957 3115 2944 3133 2956 3119 2948 3120 2958 3133 2956 3120 2958 3121 2959 3133 2956 3121 2959 3122 2942 3133 2956 3115 2944 3119 2948 3133 2956 3122 2942 3124 2941 3134 2960 3113 2961 3114 2957 3134 2960 3124 2941 3127 2962 3134 2960 3133 2956 3124 2941 3134 2960 3114 2957 3133 2956 3135 2963 3134 2960 3127 2962 3135 2963 3113 2961 3134 2960 3136 2964 3127 2962 3126 2965 3136 2964 3135 2963 3127 2962 3136 2964 3113 2961 3135 2963 3137 2966 3112 2967 3113 2961 3137 2966 3126 2965 3125 2968 3137 2966 3113 2961 3136 2964 3137 2966 3136 2964 3126 2965 3138 2969 3137 2966 3125 2968 3138 2969 3112 2967 3137 2966 3139 2970 3111 2971 3112 2967 3139 2970 3125 2968 3132 2972 3139 2970 3112 2967 3138 2969 3139 2970 3138 2969 3125 2968 3140 2973 3139 2970 3132 2972 3140 2973 3111 2971 3139 2970 3141 2974 3110 2975 3111 2971 3141 2974 3132 2972 3131 2976 3141 2974 3111 2971 3140 2973 3141 2974 3140 2973 3132 2972 3142 2977 3141 2974 3131 2976 3142 2977 3110 2975 3141 2974 3143 2978 3109 2979 3110 2975 3143 2978 3131 2976 3130 2980 3143 2978 3110 2975 3142 2977 3143 2978 3142 2977 3131 2976 3144 2981 3109 2979 3143 2978 3144 2981 3143 2978 3130 2980 3145 2982 3108 2983 3109 2979 3145 2982 3130 2980 3129 2984 3145 2982 3109 2979 3144 2981 3145 2982 3144 2981 3130 2980 3146 2985 3108 2983 3145 2982 3146 2985 3145 2982 3129 2984 3147 2986 3107 2954 3108 2983 3147 2986 3129 2984 3128 2950 3147 2986 3108 2983 3146 2985 3147 2986 3146 2985 3129 2984 3148 2987 3100 2955 3107 2954 3148 2987 3101 2988 3100 2955 3148 2987 3102 2989 3101 2988 3148 2987 3103 2990 3102 2989 3148 2987 3104 2952 3103 2990 3148 2987 3107 2954 3147 2986 3148 2987 3147 2986 3128 2950 3148 2987 3128 2950 3104 2952 3158 2991 3150 2992 3149 2993 3158 2991 3149 2993 3157 2994 3159 2995 3151 2996 3150 2992 3159 2995 3150 2992 3158 2991 3160 2997 3152 2998 3151 2996 3160 2997 3151 2996 3159 2995 3161 2999 3153 3000 3152 2998 3161 2999 3152 2998 3160 2997 3162 3001 3154 3002 3153 3000 3162 3001 3153 3000 3161 2999 3163 3003 3155 3004 3154 3002 3163 3003 3154 3002 3162 3001 3164 3005 3156 3006 3155 3004 3164 3005 3155 3004 3163 3003 3174 3007 3166 3008 3165 3009 3174 3007 3165 3009 3173 3010 3175 3011 3167 3012 3166 3008 3175 3011 3166 3008 3174 3007 3176 3013 3168 3014 3167 3012 3176 3013 3169 3015 3168 3014 3176 3013 3167 3012 3175 3011 3177 3016 3170 3017 3169 3015 3177 3016 3169 3015 3176 3013 3178 3018 3171 3019 3170 3017 3178 3018 3170 3017 3177 3016 3179 3020 3172 3021 3171 3019 3179 3020 3171 3019 3178 3018 3180 3022 3172 3021 3179 3020 3192 3023 3186 3024 3187 3025 3192 3023 3187 3025 3188 3026 3191 3027 3185 3028 3186 3024 3191 3027 3186 3024 3192 3023 3190 3029 3184 3030 3185 3028 3190 3029 3185 3028 3191 3027 3189 3031 3183 3032 3184 3030 3189 3031 3184 3030 3190 3029 3194 3033 3183 3032 3189 3031 3193 3034 3182 3035 3183 3032 3193 3034 3183 3032 3194 3033 3181 3036 3182 3035 3193 3034 3202 3037 3196 3038 3195 3039 3202 3037 3195 3039 3201 3040 3203 3041 3197 3042 3196 3038 3203 3041 3196 3038 3202 3037 3204 3043 3198 3044 3197 3042 3204 3043 3199 3045 3198 3044 3204 3043 3197 3042 3203 3041 3205 3046 3200 3047 3199 3045 3205 3046 3199 3045 3204 3043 3206 3048 3200 3047 3205 3046 3213 3049 3208 3050 3207 3051 3214 3052 3209 3053 3208 3050 3214 3052 3208 3050 3213 3049 3215 3054 3209 3053 3214 3052 3216 3055 3210 3056 3209 3053 3216 3055 3209 3053 3215 3054 3217 3057 3211 3058 3210 3056 3217 3057 3210 3056 3216 3055 3218 3059 3212 3060 3211 3058 3218 3059 3211 3058 3217 3057 3241 3061 3233 3062 3234 3063 3241 3061 3234 3063 3235 3064 3241 3061 3235 3064 3236 3065 3241 3061 3236 3065 3237 3066 3242 3067 3229 3068 3230 3069 3242 3067 3230 3069 3231 3070 3242 3067 3231 3070 3232 3071 3242 3067 3232 3071 3233 3062 3242 3067 3233 3062 3241 3061 3242 3067 3241 3061 3229 3068 3243 3072 3241 3061 3237 3066 3243 3072 3229 3068 3241 3061 3244 3073 3228 3074 3229 3068 3244 3073 3229 3068 3243 3072 3244 3073 3243 3072 3237 3066 3245 3075 3227 3076 3228 3074 3245 3075 3237 3066 3238 3077 3245 3075 3228 3074 3244 3073 3245 3075 3244 3073 3237 3066 3246 3078 3227 3076 3245 3075 3246 3078 3245 3075 3238 3077 3247 3079 3226 3080 3227 3076 3247 3079 3238 3077 3239 3081 3247 3079 3246 3078 3238 3077 3247 3079 3227 3076 3246 3078 3248 3082 3226 3080 3247 3079 3248 3082 3247 3079 3239 3081 3249 3083 3225 3084 3226 3080 3249 3083 3239 3081 3240 3085 3249 3083 3248 3082 3239 3081 3249 3083 3226 3080 3248 3082 3250 3086 3225 3084 3249 3083 3250 3086 3249 3083 3240 3085 3251 3087 3220 3088 3219 3089 3251 3087 3221 3090 3220 3088 3251 3087 3222 3091 3221 3090 3251 3087 3223 3092 3222 3091 3251 3087 3224 3093 3223 3092 3251 3087 3219 3089 3225 3084 3251 3087 3240 3085 3224 3093 3251 3087 3250 3086 3240 3085 3251 3087 3225 3084 3250 3086 3260 3094 3253 3095 3252 3096 3260 3094 3254 3097 3253 3095 3260 3094 3252 3096 3259 3098 3261 3099 3255 3100 3254 3097 3261 3099 3254 3097 3260 3094 3262 3101 3255 3100 3261 3099 3263 3102 3256 3103 3255 3100 3263 3102 3255 3100 3262 3101 3264 3104 3257 3105 3256 3103 3264 3104 3256 3103 3263 3102 3265 3106 3258 3107 3257 3105 3265 3106 3257 3105 3264 3104 3296 3108 3284 3109 3285 3110 3296 3108 3285 3110 3286 3111 3296 3108 3286 3111 3287 3112 3296 3108 3287 3112 3288 3113 3296 3108 3288 3113 3289 3114 3297 3115 3284 3109 3296 3108 3297 3115 3296 3108 3280 3116 3298 3117 3280 3116 3281 3118 3298 3117 3281 3118 3282 3119 3298 3117 3282 3119 3283 3120 3298 3117 3283 3120 3284 3109 3298 3117 3284 3109 3297 3115 3298 3117 3297 3115 3280 3116 3299 3121 3279 3122 3280 3116 3299 3121 3296 3108 3289 3114 3299 3121 3280 3116 3296 3108 3300 3123 3279 3122 3299 3121 3300 3123 3299 3121 3289 3114 3301 3124 3278 3125 3279 3122 3301 3124 3289 3114 3290 3126 3301 3124 3279 3122 3300 3123 3301 3124 3300 3123 3289 3114 3302 3127 3278 3125 3301 3124 3302 3127 3301 3124 3290 3126 3303 3128 3277 3129 3278 3125 3303 3128 3290 3126 3291 3130 3303 3128 3278 3125 3302 3127 3303 3128 3302 3127 3290 3126 3304 3131 3277 3129 3303 3128 3304 3131 3303 3128 3291 3130 3305 3132 3276 3133 3277 3129 3305 3132 3291 3130 3292 3134 3305 3132 3304 3131 3291 3130 3305 3132 3277 3129 3304 3131 3306 3135 3275 3136 3276 3133 3306 3135 3305 3132 3292 3134 3306 3135 3276 3133 3305 3132 3307 3137 3275 3136 3306 3135 3307 3137 3306 3135 3292 3134 3308 3138 3274 3139 3275 3136 3308 3138 3292 3134 3293 3140 3308 3138 3275 3136 3307 3137 3308 3138 3307 3137 3292 3134 3309 3141 3274 3139 3308 3138 3309 3141 3308 3138 3293 3140 3310 3142 3273 3143 3274 3139 3310 3142 3293 3140 3294 3144 3310 3142 3309 3141 3293 3140 3310 3142 3274 3139 3309 3141 3311 3145 3310 3142 3294 3144 3311 3145 3273 3143 3310 3142 3312 3146 3311 3145 3294 3144 3312 3146 3273 3143 3311 3145 3312 3146 3294 3144 3295 3147 3313 3148 3270 3149 3269 3150 3313 3148 3271 3151 3270 3149 3313 3148 3272 3152 3271 3151 3313 3148 3295 3147 3272 3152 3314 3153 3267 3154 3266 3155 3314 3153 3268 3156 3267 3154 3314 3153 3269 3150 3268 3156 3314 3153 3273 3143 3312 3146 3314 3153 3266 3155 3273 3143 3314 3153 3312 3146 3295 3147 3314 3153 3295 3147 3313 3148 3314 3153 3313 3148 3269 3150 3323 3157 3321 3158 3322 3159 3330 3160 3320 3161 3321 3158 3330 3160 3321 3158 3323 3157 3329 3162 3319 3163 3320 3161 3329 3162 3320 3161 3330 3160 3328 3164 3318 3165 3319 3163 3328 3164 3319 3163 3329 3162 3327 3166 3317 3167 3318 3165 3327 3166 3318 3165 3328 3164 3326 3168 3317 3167 3327 3166 3325 3169 3315 3170 3316 3171 3325 3169 3316 3171 3317 3167 3325 3169 3317 3167 3326 3168 3324 3172 3315 3170 3325 3169 3337 3173 3345 3174 3346 3175 3337 3173 3346 3175 3338 3176 3336 3177 3344 3178 3345 3174 3336 3177 3345 3174 3337 3173 3335 3179 3342 3180 3343 3181 3335 3179 3343 3181 3344 3178 3335 3179 3344 3178 3336 3177 3334 3182 3341 3183 3342 3180 3334 3182 3342 3180 3335 3179 3333 3184 3340 3185 3341 3183 3333 3184 3341 3183 3334 3182 3332 3186 3339 3187 3340 3185 3332 3186 3340 3185 3333 3184 3331 3188 3339 3187 3332 3186 3368 3189 3361 3190 3362 3191 3368 3189 3362 3191 3363 3192 3368 3189 3363 3192 3364 3193 3368 3189 3364 3193 3365 3194 3369 3195 3360 3196 3361 3190 3369 3195 3361 3190 3368 3189 3369 3195 3368 3189 3357 3197 3370 3198 3357 3197 3358 3199 3370 3198 3358 3199 3359 3200 3370 3198 3359 3200 3360 3196 3370 3198 3360 3196 3369 3195 3370 3198 3369 3195 3357 3197 3371 3201 3368 3189 3365 3194 3371 3201 3357 3197 3368 3189 3372 3202 3356 3203 3357 3197 3372 3202 3365 3194 3366 3204 3372 3202 3357 3197 3371 3201 3372 3202 3371 3201 3365 3194 3373 3205 3372 3202 3366 3204 3373 3205 3356 3203 3372 3202 3374 3206 3355 3207 3356 3203 3374 3206 3366 3204 3367 3208 3374 3206 3373 3205 3366 3204 3374 3206 3356 3203 3373 3205 3375 3209 3374 3206 3367 3208 3375 3209 3355 3207 3374 3206 3376 3210 3352 3211 3351 3212 3376 3210 3353 3213 3352 3211 3376 3210 3354 3214 3353 3213 3376 3210 3367 3208 3354 3214 3377 3215 3367 3208 3376 3210 3377 3215 3376 3210 3351 3212 3378 3216 3348 3217 3347 3218 3378 3216 3349 3219 3348 3217 3378 3216 3350 3220 3349 3219 3378 3216 3351 3212 3350 3220 3378 3216 3347 3218 3355 3207 3378 3216 3355 3207 3375 3209 3378 3216 3375 3209 3367 3208 3378 3216 3377 3215 3351 3212 3378 3216 3367 3208 3377 3215 3385 3221 3391 3222 3392 3223 3384 3224 3391 3222 3385 3221 3383 3225 3390 3226 3391 3222 3383 3225 3391 3222 3384 3224 3382 3227 3389 3228 3390 3226 3382 3227 3390 3226 3383 3225 3381 3229 3387 3230 3388 3231 3381 3229 3388 3231 3389 3228 3381 3229 3389 3228 3382 3227 3380 3232 3386 3233 3387 3230 3380 3232 3387 3230 3381 3229 3379 3234 3386 3233 3380 3232 3399 3235 3406 3236 3407 3237 3398 3238 3405 3239 3406 3236 3398 3238 3406 3236 3399 3235 3397 3240 3404 3241 3405 3239 3397 3240 3405 3239 3398 3238 3396 3242 3403 3243 3404 3241 3396 3242 3404 3241 3397 3240 3395 3244 3402 3245 3403 3243 3395 3244 3403 3243 3396 3242 3394 3246 3401 3247 3402 3245 3394 3246 3402 3245 3395 3244 3393 3248 3400 3249 3401 3247 3393 3248 3401 3247 3394 3246 3434 3250 3429 3251 3430 3252 3435 3253 3424 3254 3425 3255 3435 3253 3425 3255 3426 3256 3435 3253 3426 3256 3427 3257 3435 3253 3427 3257 3428 3258 3435 3253 3428 3258 3429 3251 3436 3259 3424 3254 3435 3253 3436 3259 3435 3253 3420 3260 3437 3261 3423 3262 3424 3254 3437 3261 3436 3259 3420 3260 3437 3261 3424 3254 3436 3259 3438 3263 3420 3260 3421 3264 3438 3263 3421 3264 3422 3265 3438 3263 3422 3265 3423 3262 3438 3263 3437 3261 3420 3260 3438 3263 3423 3262 3437 3261 3439 3266 3435 3253 3429 3251 3439 3266 3420 3260 3435 3253 3440 3267 3419 3268 3420 3260 3440 3267 3439 3266 3429 3251 3440 3267 3429 3251 3434 3250 3440 3267 3434 3250 3419 3268 3440 3267 3420 3260 3439 3266 3441 3269 3418 3270 3419 3268 3441 3269 3434 3250 3430 3252 3441 3269 3419 3268 3434 3250 3442 3271 3417 3272 3418 3270 3442 3271 3430 3252 3431 3273 3442 3271 3441 3269 3430 3252 3442 3271 3418 3270 3441 3269 3443 3274 3442 3271 3431 3273 3443 3274 3417 3272 3442 3271 3444 3275 3416 3276 3417 3272 3444 3275 3431 3273 3432 3277 3444 3275 3417 3272 3443 3274 3444 3275 3443 3274 3431 3273 3445 3278 3416 3276 3444 3275 3445 3278 3444 3275 3432 3277 3446 3279 3432 3277 3433 3280 3446 3279 3445 3278 3432 3277 3446 3279 3416 3276 3445 3278 3447 3281 3413 3282 3412 3283 3447 3281 3414 3284 3413 3282 3447 3281 3415 3285 3414 3284 3447 3281 3433 3280 3415 3285 3448 3286 3447 3281 3412 3283 3448 3286 3433 3280 3447 3281 3449 3287 3409 3288 3408 3289 3449 3287 3410 3290 3409 3288 3449 3287 3411 3291 3410 3290 3449 3287 3412 3283 3411 3291 3449 3287 3408 3289 3416 3276 3449 3287 3416 3276 3446 3279 3449 3287 3448 3286 3412 3283 3449 3287 3446 3279 3433 3280 3449 3287 3433 3280 3448 3286 3456 3292 3464 3293 3465 3294 3456 3292 3465 3294 3457 3295 3455 3296 3463 3297 3464 3293 3455 3296 3464 3293 3456 3292 3454 3298 3462 3299 3463 3297 3454 3298 3463 3297 3455 3296 3453 3300 3460 3301 3461 3302 3453 3300 3461 3302 3462 3299 3453 3300 3462 3299 3454 3298 3452 3303 3459 3304 3460 3301 3452 3303 3460 3301 3453 3300 3451 3305 3458 3306 3459 3304 3451 3305 3459 3304 3452 3303 3450 3307 3458 3306 3451 3305 3474 3308 3467 3309 3466 3310 3475 3311 3468 3312 3467 3309 3475 3311 3467 3309 3474 3308 3476 3313 3469 3314 3468 3312 3476 3313 3468 3312 3475 3311 3477 3315 3469 3314 3476 3313 3478 3316 3470 3317 3469 3314 3478 3316 3469 3314 3477 3315 3479 3318 3471 3319 3470 3317 3479 3318 3470 3317 3478 3316 3480 3320 3472 3321 3471 3319 3480 3320 3471 3319 3479 3318 3481 3322 3473 3323 3472 3321 3481 3322 3472 3321 3480 3320 3491 3324 3485 3325 3484 3326 3494 3327 3486 3328 3485 3325 3494 3327 3485 3325 3491 3324 3493 3329 3487 3330 3486 3328 3493 3329 3486 3328 3494 3327 3492 3331 3488 3332 3487 3330 3492 3331 3487 3330 3493 3329 3497 3333 3489 3334 3488 3332 3497 3333 3488 3332 3492 3331 3496 3335 3490 3336 3489 3334 3496 3335 3489 3334 3497 3333 3495 3337 3483 3338 3490 3336 3495 3337 3490 3336 3496 3335 3482 3339 3483 3338 3495 3337 3500 3340 3505 3340 3498 3340 3503 3341 3506 3341 3502 3341 3501 3342 3504 3342 3499 3342 3529 3343 3507 3344 3508 3345 3528 3346 3508 3345 3509 3347 3528 3346 3529 3343 3508 3345 3527 3348 3509 3347 3510 3349 3527 3348 3510 3349 3511 3350 3527 3348 3528 3346 3509 3347 3522 3351 3519 3352 3520 3353 3522 3351 3520 3353 3521 3354 3526 3355 3511 3350 3512 3356 3526 3355 3512 3356 3513 3357 3526 3355 3513 3357 3514 3358 3526 3355 3527 3348 3511 3350 3523 3359 3515 3360 3516 3361 3523 3359 3516 3361 3517 3362 3523 3359 3517 3362 3518 3363 3523 3359 3518 3363 3519 3352 3523 3359 3519 3352 3522 3351 3525 3364 3526 3355 3514 3358 3524 3365 3514 3358 3515 3360 3524 3365 3515 3360 3523 3359 3524 3365 3525 3364 3514 3358 3533 3366 3531 3367 3532 3368 3539 3369 3537 3370 3538 3371 3540 3372 3536 3373 3537 3370 3540 3372 3537 3370 3539 3369 3541 3374 3535 3375 3536 3373 3541 3374 3536 3373 3540 3372 3530 3376 3533 3366 3534 3377 3530 3376 3534 3377 3535 3375 3530 3376 3535 3375 3541 3374 3530 3376 3531 3367 3533 3366 3585 3378 3547 3378 3587 3378 3545 3379 3586 3379 3583 3379 3542 3380 3546 3380 3584 3380 3562 3381 3566 3381 3564 3381 3581 3382 3565 3382 3563 3382 3569 3383 3549 3384 3544 3384 3561 3385 3580 3385 3562 3385 3551 3386 3548 3386 3568 3386 3572 3387 3553 3387 3570 3387 3579 3388 3580 3388 3561 3388 3557 3389 3578 3389 3560 3389 3574 3390 3554 3390 3552 3390 3573 3391 3550 3391 3571 3391 3577 3392 3559 3392 3556 3392 3576 3393 3579 3393 3558 3393 3576 3394 3555 3395 3575 3396 3567 3397 3543 3397 3582 3397 3592 3398 3588 3399 3589 3400 3590 3401 3588 3399 3592 3398 3591 3402 3590 3401 3592 3398 3593 3403 3594 3404 3595 3405 3593 3403 3595 3405 3596 3406 3599 3407 3596 3406 3597 3408 3599 3407 3593 3403 3596 3406 3598 3409 3599 3407 3597 3408 3602 3410 3600 3411 3599 3407 3602 3410 3601 3412 3600 3411 3602 3410 3604 3413 3603 3414 3602 3410 3598 3409 3604 3413 3602 3410 3599 3407 3598 3409 3623 3415 3610 3416 3611 3417 3623 3415 3616 3418 3610 3416 3623 3415 3617 3419 3616 3418 3622 3420 3611 3417 3612 3421 3622 3420 3623 3415 3611 3417 3621 3422 3612 3421 3613 3423 3621 3422 3622 3420 3612 3421 3605 3424 3608 3425 3609 3426 3605 3424 3609 3426 3606 3427 3620 3428 3613 3423 3614 3429 3620 3428 3614 3429 3615 3430 3620 3428 3621 3422 3613 3423 3619 3431 3607 3432 3608 3425 3619 3431 3615 3430 3607 3432 3619 3431 3620 3428 3615 3430 3618 3433 3608 3425 3605 3424 3618 3433 3619 3431 3608 3425 3632 3434 3629 3435 3630 3436 3632 3434 3630 3436 3631 3437 3633 3438 3629 3435 3632 3434 3634 3439 3629 3435 3633 3438 3635 3440 3629 3435 3634 3439 3636 3441 3629 3435 3635 3440 3627 3442 3628 3443 3629 3435 3626 3444 3627 3442 3629 3435 3624 3445 3629 3435 3636 3441 3625 3446 3626 3444 3629 3435 3625 3446 3629 3435 3624 3445 3643 3447 3645 3448 3644 3449 3642 3450 3645 3448 3643 3447 3653 3451 3641 3452 3640 3453 3638 3454 3640 3453 3639 3455 3638 3454 3653 3451 3640 3453 3637 3456 3638 3454 3639 3455 3658 3457 3649 3458 3657 3459 3659 3460 3649 3458 3658 3457 3660 3461 3649 3458 3659 3460 3661 3462 3647 3463 3646 3464 3661 3462 3650 3465 3647 3463 3662 3466 3642 3450 3641 3452 3662 3466 3646 3464 3645 3448 3662 3466 3650 3465 3661 3462 3662 3466 3645 3448 3642 3450 3662 3466 3661 3462 3646 3464 3663 3467 3653 3451 3654 3468 3663 3467 3654 3468 3655 3469 3663 3467 3664 3470 3650 3465 3663 3467 3655 3469 3664 3470 3663 3467 3650 3465 3662 3466 3663 3467 3641 3452 3653 3451 3663 3467 3662 3466 3641 3452 3665 3471 3650 3465 3664 3470 3665 3471 3664 3470 3655 3469 3666 3472 3649 3458 3650 3465 3666 3472 3655 3469 3656 3473 3666 3472 3656 3473 3657 3459 3666 3472 3665 3471 3655 3469 3666 3472 3650 3465 3665 3471 3666 3472 3657 3459 3649 3458 3667 3474 3648 3475 3649 3458 3667 3474 3651 3476 3648 3475 3667 3474 3652 3477 3651 3476 3667 3474 3660 3461 3652 3477 3667 3474 3649 3458 3660 3461 3668 3478 3670 3479 3669 3480 3668 3478 3671 3481 3670 3479 3682 3482 3689 3483 3684 3484 3683 3485 3682 3482 3684 3484 3690 3486 3673 3487 3672 3488 3690 3486 3674 3489 3673 3487 3690 3486 3675 3490 3674 3489 3691 3491 3676 3492 3675 3490 3691 3491 3677 3493 3676 3492 3691 3491 3675 3490 3690 3486 3692 3494 3691 3491 3690 3486 3693 3495 3691 3491 3692 3494 3694 3496 3678 3497 3677 3493 3694 3496 3679 3498 3678 3497 3694 3496 3677 3493 3691 3491 3694 3496 3691 3491 3693 3495 3695 3499 3672 3488 3685 3500 3695 3499 3690 3486 3672 3488 3695 3499 3692 3494 3690 3486 3696 3501 3685 3500 3686 3502 3696 3501 3697 3503 3695 3499 3696 3501 3695 3499 3685 3500 3698 3504 3697 3503 3696 3501 3699 3505 3680 3506 3679 3498 3700 3507 3686 3502 3687 3508 3700 3507 3687 3508 3688 3509 3700 3507 3696 3501 3686 3502 3701 3510 3698 3504 3696 3501 3701 3510 3699 3505 3698 3504 3701 3510 3696 3501 3700 3507 3702 3511 3688 3509 3689 3483 3702 3511 3700 3507 3688 3509 3702 3511 3701 3510 3700 3507 3703 3512 3699 3505 3701 3510 3703 3512 3701 3510 3702 3511 3704 3513 3681 3514 3680 3506 3704 3513 3682 3482 3681 3514 3704 3513 3680 3506 3699 3505 3704 3513 3689 3483 3682 3482 3704 3513 3702 3511 3689 3483 3704 3513 3699 3505 3703 3512 3704 3513 3703 3512 3702 3511 3705 3515 3694 3496 3693 3495 3705 3515 3679 3498 3694 3496 3705 3515 3692 3494 3695 3499 3705 3515 3693 3495 3692 3494 3706 3516 3705 3515 3695 3499 3706 3516 3679 3498 3705 3515 3707 3517 3695 3499 3697 3503 3707 3517 3706 3516 3695 3499 3707 3517 3699 3505 3679 3498 3707 3517 3697 3503 3698 3504 3707 3517 3698 3504 3699 3505 3707 3517 3679 3498 3706 3516 3713 3518 3714 3519 3708 3520 3710 3521 3712 3522 3709 3523 3711 3524 3712 3522 3710 3521 3715 3525 3708 3520 3709 3523 3715 3525 3712 3522 3713 3518 3715 3525 3713 3518 3708 3520 3715 3525 3709 3523 3712 3522 3717 3526 3718 3527 3716 3528 3720 3529 3719 3530 3718 3527 3720 3529 3718 3527 3717 3526 3722 3531 3727 3531 3725 3531 3728 3532 3726 3533 3721 3534 3724 3535 3729 3536 3722 3536 3730 3537 3728 3537 3723 3537 3738 3538 3734 3539 3735 3540 3738 3538 3735 3540 3736 3541 3733 3542 3734 3539 3738 3538 3732 3543 3733 3542 3738 3538 3737 3544 3732 3543 3738 3538 3731 3545 3732 3543 3737 3544 3746 3546 3744 3547 3743 3548 3746 3546 3745 3549 3744 3547 3753 3550 3747 3551 3746 3546 3752 3552 3753 3550 3746 3546 3751 3553 3743 3548 3742 3554 3751 3553 3746 3546 3743 3548 3751 3553 3752 3552 3746 3546 3750 3555 3742 3554 3741 3556 3750 3555 3751 3553 3742 3554 3749 3557 3741 3556 3740 3558 3749 3557 3750 3555 3741 3556 3748 3559 3749 3557 3740 3558 3739 3560 3748 3559 3740 3558 3760 3561 3769 3562 3759 3563 3770 3564 3754 3565 3755 3566 3770 3564 3761 3567 3754 3565 3770 3564 3767 3568 3761 3567 3771 3569 3755 3566 3756 3570 3771 3569 3770 3564 3755 3566 3772 3571 3756 3570 3757 3572 3772 3571 3757 3572 3758 3573 3772 3571 3758 3573 3759 3563 3772 3571 3771 3569 3756 3570 3772 3571 3759 3563 3769 3562 3773 3574 3763 3575 3764 3576 3773 3574 3771 3569 3772 3571 3774 3577 3762 3578 3763 3575 3774 3577 3768 3579 3762 3578 3774 3577 3763 3575 3773 3574 3774 3577 3773 3574 3772 3571 3775 3580 3769 3562 3768 3579 3775 3580 3768 3579 3774 3577 3775 3580 3772 3571 3769 3562 3775 3580 3774 3577 3772 3571 3776 3581 3764 3576 3765 3582 3776 3581 3765 3582 3766 3583 3776 3581 3766 3583 3767 3568 3776 3581 3773 3574 3764 3576 3776 3581 3771 3569 3773 3574 3776 3581 3767 3568 3770 3564 3776 3581 3770 3564 3771 3569 3779 3584 3780 3585 3781 3586 3778 3587 3781 3586 3782 3588 3778 3587 3779 3584 3781 3586 3777 3589 3782 3588 3783 3590 3777 3589 3778 3587 3782 3588 3788 3591 3793 3592 3794 3593 3788 3591 3794 3593 3787 3594 3789 3595 3792 3596 3793 3592 3789 3595 3793 3592 3788 3591 3790 3597 3785 3598 3792 3596 3790 3597 3792 3596 3789 3595 3791 3599 3785 3598 3790 3597 3784 3600 3791 3599 3786 3601 3784 3600 3785 3598 3791 3599 3795 3602 3801 3603 3802 3604 3795 3602 3802 3604 3796 3605 3797 3606 3800 3607 3801 3603 3797 3606 3801 3603 3795 3602 3799 3608 3797 3606 3798 3609 3799 3608 3800 3607 3797 3606 3808 3610 3803 3611 3804 3612 3808 3610 3804 3612 3805 3613 3808 3610 3805 3613 3806 3614 3807 3615 3803 3611 3808 3610 3815 3616 3810 3617 3811 3618 3815 3616 3811 3618 3812 3619 3813 3620 3809 3621 3810 3617 3813 3620 3810 3617 3815 3616 3814 3622 3813 3620 3815 3616 3816 3623 3822 3624 3817 3625 3818 3626 3821 3627 3822 3624 3818 3626 3822 3624 3816 3623 3820 3628 3821 3627 3818 3626 3819 3629 3820 3628 3818 3626 3823 3630 3830 3631 3824 3632 3825 3633 3829 3634 3830 3631 3825 3633 3830 3631 3823 3630 3826 3635 3828 3636 3829 3634 3826 3635 3829 3634 3825 3633 3827 3637 3828 3636 3826 3635 3832 3638 3844 3639 3845 3640 3833 3641 3832 3638 3831 3642 3833 3641 3843 3643 3844 3639 3833 3641 3844 3639 3832 3638 3834 3644 3842 3645 3843 3643 3834 3644 3843 3643 3833 3641 3835 3646 3842 3645 3834 3644 3836 3647 3841 3648 3842 3645 3836 3647 3842 3645 3835 3646 3839 3649 3840 3650 3841 3648 3839 3649 3841 3648 3836 3647 3837 3651 3839 3649 3836 3647 3838 3652 3839 3649 3837 3651 3847 3653 3846 3654 3850 3655 3851 3656 3847 3653 3850 3655 3848 3657 3851 3656 3849 3658 3848 3657 3847 3653 3851 3656 3852 3659 3860 3660 3857 3661 3858 3662 3852 3659 3857 3661 3853 3663 3858 3662 3859 3664 3853 3663 3852 3659 3858 3662 3854 3665 3853 3663 3859 3664 3856 3666 3854 3665 3859 3664 3855 3667 3854 3665 3856 3666 3862 3668 3867 3669 3863 3670 3862 3668 3868 3671 3867 3669 3862 3668 3865 3672 3868 3671 3866 3673 3865 3672 3862 3668 3861 3674 3866 3673 3862 3668 3864 3675 3866 3673 3861 3674 3871 3676 3877 3677 3872 3678 3871 3676 3878 3679 3877 3677 3871 3676 3874 3680 3878 3679 3875 3681 3874 3680 3871 3676 3870 3682 3875 3681 3871 3676 3876 3683 3875 3681 3870 3682 3869 3684 3876 3683 3870 3682 3873 3685 3876 3683 3869 3684 3883 3686 3881 3687 3882 3688 3884 3689 3880 3690 3881 3687 3884 3689 3881 3687 3883 3686 3885 3691 3879 3692 3880 3690 3885 3691 3880 3690 3884 3689 3886 3693 3879 3692 3885 3691 3890 3694 3888 3695 3887 3696 3890 3694 3889 3697 3888 3695 3891 3698 3894 3699 3893 3700 3896 3701 3894 3699 3891 3698 3897 3702 3895 3702 3892 3702 3898 3703 3902 3704 3899 3705 3898 3703 3903 3706 3902 3704 3898 3703 3901 3707 3903 3706 3900 3708 3901 3707 3898 3703 3911 3709 3906 3710 3907 3711 3911 3709 3907 3711 3908 3712 3910 3713 3905 3714 3906 3710 3910 3713 3906 3710 3911 3709 3909 3715 3904 3716 3905 3714 3909 3715 3905 3714 3910 3713 3914 3717 3913 3718 3912 3719 3914 3717 3915 3720 3916 3721 3914 3717 3916 3721 3917 3722 3914 3717 3917 3722 3913 3718 3930 3723 3935 3724 3936 3725 3930 3723 3936 3725 3932 3726 3931 3727 3934 3728 3935 3724 3931 3727 3935 3724 3930 3723 3919 3729 3918 3730 3940 3731 3920 3732 3919 3729 3940 3731 3921 3733 3920 3732 3940 3731 3922 3734 3921 3733 3940 3731 3923 3735 3922 3734 3940 3731 3924 3736 3923 3735 3940 3731 3925 3737 3940 3731 3926 3738 3925 3737 3924 3736 3940 3731 3941 3739 3933 3740 3934 3728 3941 3739 3937 3741 3933 3740 3941 3739 3934 3728 3931 3727 3942 3742 3941 3739 3931 3727 3943 3743 3931 3727 3929 3744 3943 3743 3942 3742 3931 3727 3944 3745 3937 3741 3941 3739 3945 3746 3944 3745 3941 3739 3946 3747 3945 3746 3941 3739 3947 3748 3946 3747 3941 3739 3948 3749 3941 3739 3942 3742 3948 3749 3947 3748 3941 3739 3949 3750 3929 3744 3928 3751 3949 3750 3948 3749 3942 3742 3949 3750 3942 3742 3943 3743 3949 3750 3943 3743 3929 3744 3950 3752 3938 3753 3937 3741 3950 3752 3944 3745 3945 3746 3950 3752 3937 3741 3944 3745 3950 3752 3946 3747 3947 3748 3950 3752 3945 3746 3946 3747 3951 3754 3950 3752 3947 3748 3951 3754 3947 3748 3948 3749 3952 3755 3948 3749 3949 3750 3952 3755 3949 3750 3928 3751 3952 3755 3951 3754 3948 3749 3953 3756 3938 3753 3950 3752 3954 3757 3953 3756 3950 3752 3955 3758 3954 3757 3950 3752 3956 3759 3955 3758 3950 3752 3957 3760 3950 3752 3951 3754 3957 3760 3956 3759 3950 3752 3958 3761 3928 3751 3927 3762 3958 3761 3951 3754 3952 3755 3958 3761 3952 3755 3928 3751 3958 3761 3957 3760 3951 3754 3959 3763 3939 3764 3938 3753 3959 3763 3938 3753 3953 3756 3959 3763 3953 3756 3954 3757 3959 3763 3954 3757 3955 3758 3959 3763 3955 3758 3956 3759 3960 3765 3956 3759 3957 3760 3960 3765 3959 3763 3956 3759 3961 3766 3960 3765 3957 3760 3961 3766 3958 3761 3927 3762 3961 3766 3957 3760 3958 3761 3962 3767 3939 3764 3959 3763 3963 3768 3962 3767 3959 3763 3964 3769 3963 3768 3959 3763 3965 3770 3964 3769 3959 3763 3966 3771 3965 3770 3959 3763 3966 3771 3959 3763 3960 3765 3967 3772 3961 3766 3927 3762 3967 3772 3927 3762 3926 3738 3967 3772 3966 3771 3960 3765 3967 3772 3960 3765 3961 3766 3968 3773 3939 3764 3962 3767 3968 3773 3962 3767 3963 3768 3968 3773 3963 3768 3964 3769 3968 3773 3964 3769 3965 3770 3968 3773 3940 3731 3939 3764 3969 3774 3968 3773 3965 3770 3969 3774 3965 3770 3966 3771 3969 3774 3966 3771 3967 3772 3969 3774 3940 3731 3968 3773 3970 3775 3967 3772 3926 3738 3970 3775 3969 3774 3967 3772 3970 3775 3940 3731 3969 3774 3970 3775 3926 3738 3940 3731 3991 3776 3978 3777 3977 3778 3991 3776 3979 3779 3978 3777 3991 3776 3980 3780 3979 3779 3991 3776 3981 3781 3980 3780 3991 3776 3982 3782 3981 3781 3992 3783 3991 3776 3977 3778 3992 3783 3973 3784 3991 3776 3993 3785 3974 3786 3973 3784 3993 3785 3975 3787 3974 3786 3993 3785 3976 3788 3975 3787 3993 3785 3977 3778 3976 3788 3993 3785 3992 3783 3977 3778 3993 3785 3973 3784 3992 3783 3994 3789 3973 3784 3972 3790 3994 3789 3982 3782 3991 3776 3994 3789 3991 3776 3973 3784 3995 3791 3994 3789 3972 3790 3995 3791 3982 3782 3994 3789 3996 3792 3983 3793 3982 3782 3996 3792 3982 3782 3995 3791 3996 3792 3995 3791 3972 3790 3997 3794 3984 3795 3983 3793 3997 3794 3988 3796 3989 3797 3997 3794 3989 3797 3990 3798 3997 3794 3990 3798 3984 3795 3998 3799 3988 3796 3997 3794 3998 3799 3997 3794 3983 3793 3999 3800 3972 3790 3971 3801 3999 3800 3971 3801 3985 3802 3999 3800 3985 3802 3986 3803 3999 3800 3986 3803 3987 3804 3999 3800 3987 3804 3988 3796 3999 3800 3998 3799 3983 3793 3999 3800 3996 3792 3972 3790 3999 3800 3983 3793 3996 3792 3999 3800 3988 3796 3998 3799 4001 3805 4000 3806 4014 3807 4010 3808 4009 3809 4011 3810 4020 3811 4014 3807 4015 3812 4020 3811 4001 3805 4014 3807 4021 3813 4015 3812 4016 3814 4021 3813 4020 3811 4015 3812 4022 3815 4016 3814 4017 3816 4022 3815 4021 3813 4016 3814 4023 3817 4017 3816 4018 3818 4023 3817 4022 3815 4017 3816 4024 3819 4018 3818 4019 3820 4024 3819 4023 3817 4018 3818 4025 3821 4002 3822 4001 3805 4025 3821 4003 3823 4002 3822 4025 3821 4004 3824 4003 3823 4025 3821 4001 3805 4020 3811 4026 3825 4013 3826 4012 3827 4026 3825 4019 3820 4013 3826 4026 3825 4024 3819 4019 3820 4027 3828 4005 3829 4004 3824 4027 3828 4020 3811 4021 3813 4027 3828 4004 3824 4025 3821 4027 3828 4025 3821 4020 3811 4028 3830 4006 3831 4005 3829 4028 3830 4021 3813 4022 3815 4028 3830 4027 3828 4021 3813 4028 3830 4005 3829 4027 3828 4029 3832 4007 3833 4006 3831 4029 3832 4022 3815 4023 3817 4029 3832 4006 3831 4028 3830 4029 3832 4028 3830 4022 3815 4030 3834 4008 3835 4007 3833 4030 3834 4029 3832 4023 3817 4030 3834 4023 3817 4024 3819 4030 3834 4007 3833 4029 3832 4031 3836 4009 3809 4008 3835 4031 3836 4012 3827 4011 3810 4031 3836 4026 3825 4012 3827 4031 3836 4024 3819 4026 3825 4031 3836 4011 3810 4009 3809 4031 3836 4008 3835 4030 3834 4031 3836 4030 3834 4024 3819 4041 3837 4049 3838 4042 3839 4033 3840 4032 3841 4051 3842 4052 3843 4043 3844 4044 3845 4052 3843 4050 3846 4043 3844 4053 3847 4044 3845 4045 3848 4053 3847 4052 3843 4044 3845 4054 3849 4045 3848 4046 3850 4054 3849 4053 3847 4045 3848 4055 3851 4046 3850 4047 3852 4055 3851 4054 3849 4046 3850 4056 3853 4047 3852 4048 3854 4056 3853 4055 3851 4047 3852 4057 3855 4048 3854 4049 3838 4057 3855 4049 3838 4041 3837 4057 3855 4056 3853 4048 3854 4058 3856 4051 3842 4050 3846 4058 3856 4050 3846 4052 3843 4058 3856 4033 3840 4051 3842 4059 3857 4034 3858 4033 3840 4059 3857 4052 3843 4053 3847 4059 3857 4033 3840 4058 3856 4059 3857 4058 3856 4052 3843 4060 3859 4035 3860 4034 3858 4060 3859 4059 3857 4053 3847 4060 3859 4053 3847 4054 3849 4060 3859 4034 3858 4059 3857 4061 3861 4036 3862 4035 3860 4061 3861 4054 3849 4055 3851 4061 3861 4060 3859 4054 3849 4061 3861 4035 3860 4060 3859 4062 3863 4037 3864 4036 3862 4062 3863 4055 3851 4056 3853 4062 3863 4036 3862 4061 3861 4062 3863 4061 3861 4055 3851 4063 3865 4038 3866 4037 3864 4063 3865 4039 3867 4038 3866 4063 3865 4040 3868 4039 3867 4063 3865 4041 3837 4040 3868 4063 3865 4057 3855 4041 3837 4063 3865 4056 3853 4057 3855 4063 3865 4062 3863 4056 3853 4063 3865 4037 3864 4062 3863 4074 3869 4072 3870 4071 3871 4074 3869 4073 3872 4072 3870 4065 3873 4067 3874 4066 3875 4065 3873 4068 3876 4067 3874 4081 3877 4075 3878 4074 3869 4080 3879 4081 3877 4074 3869 4076 3880 4077 3881 4065 3873 4064 3882 4076 3880 4065 3873 4082 3883 4069 3884 4068 3876 4082 3883 4070 3885 4069 3884 4082 3883 4071 3871 4070 3885 4082 3883 4077 3881 4078 3886 4082 3883 4078 3886 4079 3887 4082 3883 4079 3887 4080 3879 4082 3883 4074 3869 4071 3871 4082 3883 4068 3876 4065 3873 4082 3883 4080 3879 4074 3869 4082 3883 4065 3873 4077 3881 4084 3888 4083 3889 4096 3890 4084 3888 4096 3890 4097 3891 4094 3892 4100 3893 4101 3894 4094 3892 4101 3894 4095 3895 4087 3896 4086 3897 4085 3898 4091 3899 4090 3900 4093 3901 4092 3902 4091 3899 4093 3901 4102 3903 4097 3891 4098 3904 4102 3903 4098 3904 4099 3905 4102 3903 4099 3905 4100 3893 4102 3903 4084 3888 4097 3891 4102 3903 4100 3893 4094 3892 4103 3906 4085 3898 4084 3888 4103 3906 4094 3892 4093 3901 4103 3906 4084 3888 4102 3903 4103 3906 4102 3903 4094 3892 4104 3907 4088 3908 4087 3896 4104 3907 4089 3909 4088 3908 4104 3907 4090 3900 4089 3909 4104 3907 4085 3898 4103 3906 4104 3907 4103 3906 4093 3901 4104 3907 4087 3896 4085 3898 4104 3907 4093 3901 4090 3900 4129 3910 4110 3911 4109 3912 4130 3913 4115 3914 4114 3915 4130 3913 4116 3916 4115 3914 4130 3913 4117 3917 4116 3916 4130 3913 4118 3918 4117 3917 4130 3913 4119 3919 4118 3918 4130 3913 4129 3910 4119 3919 4130 3913 4110 3911 4129 3910 4131 3920 4130 3913 4114 3915 4131 3920 4110 3911 4130 3913 4132 3921 4111 3922 4110 3911 4132 3921 4112 3923 4111 3922 4132 3921 4113 3924 4112 3923 4132 3921 4114 3915 4113 3924 4132 3921 4131 3920 4114 3915 4132 3921 4110 3911 4131 3920 4133 3925 4119 3919 4129 3910 4133 3925 4129 3910 4109 3912 4134 3926 4109 3912 4108 3927 4134 3926 4120 3928 4119 3919 4134 3926 4119 3919 4133 3925 4134 3926 4133 3925 4109 3912 4135 3929 4120 3928 4134 3926 4135 3929 4134 3926 4108 3927 4136 3930 4108 3927 4107 3931 4136 3930 4120 3928 4135 3929 4136 3930 4135 3929 4108 3927 4137 3932 4121 3933 4120 3928 4137 3932 4136 3930 4107 3931 4137 3932 4120 3928 4136 3930 4138 3934 4107 3931 4106 3935 4138 3934 4122 3936 4121 3933 4138 3934 4137 3932 4107 3931 4138 3934 4121 3933 4137 3932 4139 3937 4138 3934 4106 3935 4139 3937 4122 3936 4138 3934 4140 3938 4123 3939 4122 3936 4140 3938 4127 3940 4128 3941 4140 3938 4128 3941 4123 3939 4141 3942 4126 3943 4127 3940 4141 3942 4140 3938 4122 3936 4141 3942 4127 3940 4140 3938 4142 3944 4106 3935 4105 3945 4142 3944 4105 3945 4124 3946 4142 3944 4124 3946 4125 3947 4142 3944 4125 3947 4126 3943 4142 3944 4126 3943 4141 3942 4142 3944 4139 3937 4106 3935 4142 3944 4122 3936 4139 3937 4142 3944 4141 3942 4122 3936 4152 3948 4151 3949 4150 3950 4158 3951 4150 3950 4149 3952 4158 3951 4152 3948 4150 3950 4157 3953 4149 3952 4148 3954 4157 3953 4158 3951 4149 3952 4156 3955 4148 3954 4147 3956 4156 3955 4157 3953 4148 3954 4155 3957 4147 3956 4146 3958 4155 3957 4156 3955 4147 3956 4154 3959 4146 3958 4145 3960 4154 3959 4155 3957 4146 3958 4153 3961 4145 3960 4144 3962 4153 3961 4154 3959 4145 3960 4143 3963 4153 3961 4144 3962 4170 3964 4167 3965 4171 3966 4169 3967 4168 3968 4167 3965 4169 3967 4167 3965 4170 3964 4172 3969 4159 3970 4160 3971 4172 3969 4160 3971 4161 3972 4172 3969 4161 3972 4162 3973 4172 3969 4162 3973 4163 3974 4172 3969 4167 3965 4159 3970 4172 3969 4171 3966 4167 3965 4173 3975 4172 3969 4163 3974 4173 3975 4171 3966 4172 3969 4174 3976 4163 3974 4164 3977 4174 3976 4164 3977 4165 3978 4174 3976 4165 3978 4166 3979 4174 3976 4166 3979 4171 3966 4174 3976 4173 3975 4163 3974 4174 3976 4171 3966 4173 3975 4184 3980 4178 3981 4177 3982 4184 3980 4177 3982 4181 3983 4183 3984 4178 3981 4184 3980 4182 3985 4179 3986 4178 3981 4182 3985 4178 3981 4183 3984 4186 3987 4180 3988 4179 3986 4186 3987 4179 3986 4182 3985 4185 3989 4175 3990 4180 3988 4185 3989 4180 3988 4186 3987 4176 3991 4175 3990 4185 3989 4188 3992 4194 3993 4193 3994 4188 3992 4193 3994 4187 3995 4189 3996 4195 3997 4194 3993 4189 3996 4196 3998 4195 3997 4189 3996 4194 3993 4188 3992 4190 3999 4196 3998 4189 3996 4191 4000 4192 4001 4196 3998 4191 4000 4196 3998 4190 3999 4207 4002 4200 4003 4201 4004 4207 4002 4201 4004 4202 4005 4206 4006 4199 4007 4200 4003 4206 4006 4200 4003 4207 4002 4205 4008 4198 4009 4199 4007 4205 4008 4199 4007 4206 4006 4204 4010 4198 4009 4205 4008 4203 4011 4197 4012 4198 4009 4203 4011 4198 4009 4204 4010 4217 4013 4211 4014 4212 4015 4217 4013 4212 4015 4213 4016 4224 4017 4208 4018 4209 4019 4224 4017 4209 4019 4210 4020 4224 4017 4210 4020 4211 4014 4224 4017 4211 4014 4217 4013 4223 4021 4220 4022 4219 4023 4218 4024 4223 4021 4219 4023 4228 4025 4217 4013 4216 4026 4228 4025 4225 4027 4224 4017 4228 4025 4224 4017 4217 4013 4229 4028 4225 4027 4228 4025 4229 4028 4228 4025 4216 4026 4230 4029 4216 4026 4215 4030 4230 4029 4226 4031 4225 4027 4230 4029 4225 4027 4229 4028 4230 4029 4229 4028 4216 4026 4231 4032 4226 4031 4230 4029 4231 4032 4230 4029 4215 4030 4232 4033 4227 4034 4226 4031 4232 4033 4226 4031 4231 4032 4232 4033 4231 4032 4215 4030 4233 4035 4215 4030 4214 4036 4233 4035 4221 4037 4220 4022 4233 4035 4222 4038 4221 4037 4233 4035 4214 4036 4222 4038 4233 4035 4223 4021 4227 4034 4233 4035 4232 4033 4215 4030 4233 4035 4227 4034 4232 4033 4233 4035 4220 4022 4223 4021 4234 4039 4242 4040 4241 4041 4235 4042 4242 4040 4234 4039 4236 4043 4243 4044 4242 4040 4236 4043 4242 4040 4235 4042 4237 4045 4244 4046 4243 4044 4237 4045 4243 4044 4236 4043 4238 4047 4245 4048 4244 4046 4238 4047 4244 4046 4237 4045 4239 4049 4240 4050 4245 4048 4239 4049 4245 4048 4238 4047 4241 4041 4246 4051 4234 4039 4263 4052 4252 4053 4251 4054 4263 4052 4253 4055 4252 4053 4263 4052 4254 4056 4253 4055 4263 4052 4255 4057 4254 4056 4264 4058 4255 4057 4263 4052 4264 4058 4263 4052 4250 4059 4265 4060 4250 4059 4249 4061 4265 4060 4256 4062 4255 4057 4265 4060 4257 4063 4256 4062 4265 4060 4249 4061 4257 4063 4265 4060 4255 4057 4264 4058 4265 4060 4264 4058 4250 4059 4266 4064 4251 4054 4258 4065 4266 4064 4258 4065 4259 4066 4266 4064 4259 4066 4260 4067 4266 4064 4260 4067 4261 4068 4266 4064 4263 4052 4251 4054 4266 4064 4250 4059 4263 4052 4267 4069 4248 4070 4247 4071 4267 4069 4247 4071 4250 4059 4267 4069 4261 4068 4262 4072 4267 4069 4262 4072 4248 4070 4267 4069 4266 4064 4261 4068 4267 4069 4250 4059 4266 4064 4269 4073 4283 4074 4284 4075 4268 4076 4270 4077 4269 4073 4276 4078 4282 4079 4283 4074 4276 4078 4283 4074 4269 4073 4276 4078 4269 4073 4270 4077 4275 4080 4281 4081 4282 4079 4275 4080 4282 4079 4276 4078 4274 4082 4280 4083 4281 4081 4274 4082 4281 4081 4275 4080 4273 4084 4279 4085 4280 4083 4273 4084 4280 4083 4274 4082 4272 4086 4278 4087 4279 4085 4272 4086 4279 4085 4273 4084 4271 4088 4277 4089 4278 4087 4271 4088 4278 4087 4272 4086 4307 4090 4286 4091 4285 4092 4308 4093 4285 4092 4291 4094 4308 4093 4299 4095 4298 4096 4308 4093 4298 4096 4303 4097 4308 4093 4303 4097 4304 4098 4308 4093 4304 4098 4305 4099 4308 4093 4305 4099 4306 4100 4308 4093 4306 4100 4307 4090 4308 4093 4307 4090 4285 4092 4309 4101 4308 4093 4291 4094 4309 4101 4299 4095 4308 4093 4310 4102 4291 4094 4290 4103 4310 4102 4299 4095 4309 4101 4310 4102 4309 4101 4291 4094 4311 4104 4300 4105 4299 4095 4311 4104 4310 4102 4290 4103 4311 4104 4299 4095 4310 4102 4312 4106 4290 4103 4289 4107 4312 4106 4300 4105 4311 4104 4312 4106 4311 4104 4290 4103 4313 4108 4301 4109 4300 4105 4313 4108 4300 4105 4312 4106 4313 4108 4312 4106 4289 4107 4314 4110 4289 4107 4288 4111 4314 4110 4302 4112 4301 4109 4314 4110 4301 4109 4313 4108 4314 4110 4313 4108 4289 4107 4315 4113 4314 4110 4288 4111 4315 4113 4302 4112 4314 4110 4316 4114 4288 4111 4287 4115 4316 4114 4296 4116 4295 4117 4316 4114 4297 4118 4296 4116 4316 4114 4287 4115 4297 4118 4316 4114 4315 4113 4288 4111 4316 4114 4302 4112 4315 4113 4317 4119 4295 4117 4294 4120 4317 4119 4316 4114 4295 4117 4317 4119 4302 4112 4316 4114 4318 4121 4293 4122 4292 4123 4318 4121 4294 4120 4293 4122 4318 4121 4292 4123 4302 4112 4318 4121 4317 4119 4294 4120 4318 4121 4302 4112 4317 4119 4332 4124 4325 4125 4324 4126 4320 4127 4319 4128 4323 4129 4320 4127 4323 4129 4329 4130 4333 4131 4331 4132 4330 4133 4338 4134 4321 4135 4337 4136 4322 4137 4321 4135 4338 4134 4339 4138 4326 4139 4325 4125 4339 4138 4327 4140 4326 4139 4339 4138 4328 4141 4327 4140 4339 4138 4329 4130 4328 4141 4339 4138 4320 4127 4329 4130 4339 4138 4325 4125 4332 4124 4340 4142 4321 4135 4320 4127 4340 4142 4332 4124 4331 4132 4340 4142 4339 4138 4332 4124 4340 4142 4320 4127 4339 4138 4341 4143 4333 4131 4334 4144 4341 4143 4334 4144 4335 4145 4341 4143 4335 4145 4336 4146 4341 4143 4336 4146 4337 4136 4341 4143 4331 4132 4333 4131 4341 4143 4321 4135 4340 4142 4341 4143 4340 4142 4331 4132 4341 4143 4337 4136 4321 4135 4349 4147 4347 4148 4348 4149 4355 4150 4346 4151 4347 4148 4355 4150 4347 4148 4349 4147 4354 4152 4345 4153 4346 4151 4354 4152 4346 4151 4355 4150 4353 4154 4344 4155 4345 4153 4353 4154 4345 4153 4354 4152 4352 4156 4343 4157 4344 4155 4352 4156 4344 4155 4353 4154 4351 4158 4342 4159 4343 4157 4351 4158 4343 4157 4352 4156 4356 4160 4351 4158 4350 4161 4356 4160 4342 4159 4351 4158 4366 4162 4367 4163 4368 4164 4359 4165 4358 4166 4357 4167 4359 4165 4372 4168 4358 4166 4365 4169 4372 4168 4359 4165 4364 4170 4371 4171 4372 4168 4364 4170 4372 4168 4365 4169 4363 4172 4370 4173 4371 4171 4363 4172 4371 4171 4364 4170 4362 4174 4369 4175 4370 4173 4362 4174 4370 4173 4363 4172 4361 4176 4368 4164 4369 4175 4361 4176 4369 4175 4362 4174 4360 4177 4366 4162 4368 4164 4360 4177 4368 4164 4361 4176 4373 4178 4382 4179 4381 4180 4374 4181 4383 4182 4382 4179 4374 4181 4382 4179 4373 4178 4375 4183 4384 4184 4383 4182 4375 4183 4383 4182 4374 4181 4376 4185 4385 4186 4384 4184 4376 4185 4384 4184 4375 4183 4377 4187 4386 4188 4385 4186 4377 4187 4385 4186 4376 4185 4378 4189 4387 4190 4386 4188 4378 4189 4386 4188 4377 4187 4379 4191 4380 4192 4387 4190 4379 4191 4387 4190 4378 4189 4388 4193 4403 4194 4389 4195 4396 4196 4388 4193 4390 4197 4396 4196 4402 4198 4403 4194 4396 4196 4403 4194 4388 4193 4395 4199 4401 4200 4402 4198 4395 4199 4402 4198 4396 4196 4394 4201 4400 4202 4401 4200 4394 4201 4401 4200 4395 4199 4393 4203 4399 4204 4400 4202 4393 4203 4400 4202 4394 4201 4392 4205 4398 4206 4399 4204 4392 4205 4399 4204 4393 4203 4391 4207 4397 4208 4398 4206 4391 4207 4398 4206 4392 4205 4404 4209 4413 4210 4412 4211 4405 4212 4414 4213 4413 4210 4405 4212 4413 4210 4404 4209 4406 4214 4415 4215 4414 4213 4406 4214 4414 4213 4405 4212 4407 4216 4416 4217 4415 4215 4407 4216 4415 4215 4406 4214 4408 4218 4417 4219 4416 4217 4408 4218 4416 4217 4407 4216 4409 4220 4418 4221 4417 4219 4409 4220 4417 4219 4408 4218 4410 4222 4411 4223 4418 4221 4410 4222 4418 4221 4409 4220 4419 4224 4434 4225 4420 4226 4427 4227 4419 4224 4421 4228 4427 4227 4433 4229 4434 4225 4427 4227 4434 4225 4419 4224 4426 4230 4432 4231 4433 4229 4426 4230 4433 4229 4427 4227 4425 4232 4431 4233 4432 4231 4425 4232 4432 4231 4426 4230 4424 4234 4430 4235 4431 4233 4424 4234 4431 4233 4425 4232 4423 4236 4429 4237 4430 4235 4423 4236 4430 4235 4424 4234 4422 4238 4428 4239 4429 4237 4422 4238 4429 4237 4423 4236 4461 4240 4447 4241 4460 4242 4462 4243 4463 4244 4459 4245 4462 4243 4443 4246 4463 4244 4464 4247 4444 4248 4443 4246 4464 4247 4459 4245 4458 4249 4464 4247 4462 4243 4459 4245 4464 4247 4443 4246 4462 4243 4465 4250 4458 4249 4457 4251 4465 4250 4464 4247 4458 4249 4465 4250 4444 4248 4464 4247 4466 4252 4465 4250 4457 4251 4466 4252 4444 4248 4465 4250 4467 4253 4445 4254 4444 4248 4467 4253 4457 4251 4456 4255 4467 4253 4444 4248 4466 4252 4467 4253 4466 4252 4457 4251 4468 4256 4445 4254 4467 4253 4468 4256 4467 4253 4456 4255 4469 4257 4446 4258 4445 4254 4469 4257 4445 4254 4468 4256 4469 4257 4468 4256 4456 4255 4470 4259 4435 4260 4436 4261 4470 4259 4436 4261 4437 4262 4470 4259 4437 4262 4438 4263 4470 4259 4456 4255 4435 4260 4470 4259 4446 4258 4469 4257 4470 4259 4469 4257 4456 4255 4471 4264 4438 4263 4439 4265 4471 4264 4470 4259 4438 4263 4471 4264 4446 4258 4470 4259 4472 4266 4439 4265 4440 4267 4472 4266 4440 4267 4441 4268 4472 4266 4441 4268 4446 4258 4472 4266 4471 4264 4439 4265 4472 4266 4446 4258 4471 4264 4473 4269 4474 4270 4475 4271 4473 4269 4461 4240 4460 4242 4473 4269 4476 4272 4461 4240 4473 4269 4475 4271 4476 4272 4477 4273 4443 4246 4442 4274 4477 4273 4463 4244 4443 4246 4477 4273 4442 4274 4478 4275 4477 4273 4478 4275 4479 4276 4480 4277 4460 4242 4459 4245 4480 4277 4459 4245 4463 4244 4481 4278 4448 4279 4447 4241 4481 4278 4449 4280 4448 4279 4481 4278 4450 4281 4449 4280 4481 4278 4451 4282 4450 4281 4481 4278 4447 4241 4461 4240 4482 4283 4481 4278 4478 4275 4482 4283 4451 4282 4481 4278 4483 4284 4452 4285 4451 4282 4483 4284 4482 4283 4478 4275 4483 4284 4451 4282 4482 4283 4484 4286 4478 4275 4481 4278 4484 4286 4481 4278 4461 4240 4484 4286 4475 4271 4474 4270 4484 4286 4474 4270 4479 4276 4484 4286 4461 4240 4476 4272 4484 4286 4479 4276 4478 4275 4484 4286 4476 4272 4475 4271 4485 4287 4479 4276 4474 4270 4485 4287 4474 4270 4473 4269 4485 4287 4477 4273 4479 4276 4486 4288 4477 4273 4485 4287 4486 4288 4485 4287 4473 4269 4486 4288 4473 4269 4460 4242 4487 4289 4463 4244 4477 4273 4487 4289 4480 4277 4463 4244 4487 4289 4477 4273 4486 4288 4488 4290 4452 4285 4483 4284 4488 4290 4453 4291 4452 4285 4488 4290 4483 4284 4478 4275 4488 4290 4454 4292 4453 4291 4488 4290 4455 4293 4454 4292 4488 4290 4442 4274 4455 4293 4488 4290 4478 4275 4442 4274 4489 4294 4460 4242 4480 4277 4489 4294 4486 4288 4460 4242 4489 4294 4480 4277 4487 4289 4489 4294 4487 4289 4486 4288 4501 4295 4497 4296 4498 4297 4501 4295 4498 4297 4499 4298 4509 4299 4490 4300 4491 4301 4509 4299 4491 4301 4492 4302 4503 4303 4510 4304 4504 4305 4502 4306 4510 4304 4503 4303 4511 4307 4492 4302 4493 4308 4511 4307 4493 4308 4494 4309 4511 4307 4494 4309 4495 4310 4511 4307 4495 4310 4496 4311 4511 4307 4496 4311 4497 4296 4511 4307 4510 4304 4509 4299 4511 4307 4497 4296 4501 4295 4511 4307 4509 4299 4492 4302 4512 4312 4501 4295 4500 4313 4512 4312 4506 4314 4505 4315 4512 4312 4507 4316 4506 4314 4512 4312 4508 4317 4507 4316 4512 4312 4500 4313 4508 4317 4513 4318 4505 4315 4504 4305 4513 4318 4512 4312 4505 4315 4513 4318 4501 4295 4512 4312 4513 4318 4511 4307 4501 4295 4513 4318 4510 4304 4511 4307 4513 4318 4504 4305 4510 4304 4529 4319 4520 4320 4521 4321 4529 4319 4521 4321 4522 4322 4528 4323 4519 4324 4520 4320 4528 4323 4520 4320 4529 4319 4527 4325 4518 4326 4519 4324 4527 4325 4519 4324 4528 4323 4517 4327 4518 4326 4527 4325 4526 4328 4517 4327 4527 4325 4516 4329 4517 4327 4526 4328 4525 4330 4516 4329 4526 4328 4515 4331 4516 4329 4525 4330 4524 4332 4515 4331 4525 4330 4514 4333 4515 4331 4524 4332 4523 4334 4514 4333 4524 4332 4538 4335 4536 4336 4537 4337 4544 4338 4535 4339 4536 4336 4544 4338 4536 4336 4538 4335 4543 4340 4534 4341 4535 4339 4543 4340 4535 4339 4544 4338 4542 4342 4533 4343 4534 4341 4542 4342 4534 4341 4543 4340 4541 4344 4532 4345 4533 4343 4541 4344 4533 4343 4542 4342 4540 4346 4531 4347 4532 4345 4540 4346 4532 4345 4541 4344 4539 4348 4530 4349 4531 4347 4539 4348 4531 4347 4540 4346 4558 4350 4550 4351 4551 4352 4558 4350 4551 4352 4552 4353 4557 4354 4549 4355 4550 4351 4557 4354 4550 4351 4558 4350 4556 4356 4547 4357 4548 4358 4556 4356 4548 4358 4549 4355 4556 4356 4549 4355 4557 4354 4555 4359 4546 4360 4547 4357 4555 4359 4547 4357 4556 4356 4554 4361 4545 4362 4546 4360 4554 4361 4546 4360 4555 4359 4553 4363 4545 4362 4554 4361 4578 4364 4573 4365 4572 4366 4578 4364 4574 4367 4573 4365 4567 4368 4566 4369 4574 4367 4567 4368 4578 4364 4577 4370 4567 4368 4574 4367 4578 4364 4568 4371 4577 4370 4576 4372 4568 4371 4567 4368 4577 4370 4560 4373 4575 4374 4559 4375 4564 4376 4571 4377 4563 4378 4565 4379 4571 4377 4564 4376 4579 4380 4560 4373 4561 4381 4579 4380 4561 4381 4562 4382 4579 4380 4562 4382 4563 4378 4579 4380 4569 4383 4568 4371 4579 4380 4570 4384 4569 4383 4579 4380 4571 4377 4570 4384 4579 4380 4576 4372 4575 4374 4579 4380 4568 4371 4576 4372 4579 4380 4575 4374 4560 4373 4579 4380 4563 4378 4571 4377 4585 4385 4584 4386 4593 4387 4581 4388 4587 4389 4580 4390 4582 4391 4587 4389 4581 4388 4583 4392 4587 4389 4582 4391 4594 4393 4590 4394 4589 4395 4594 4393 4591 4396 4590 4394 4594 4393 4592 4397 4591 4396 4594 4393 4593 4387 4592 4397 4594 4393 4585 4385 4593 4387 4595 4398 4586 4399 4585 4385 4595 4398 4587 4389 4586 4399 4595 4398 4589 4395 4588 4400 4595 4398 4588 4400 4580 4390 4595 4398 4594 4393 4589 4395 4595 4398 4580 4390 4587 4389 4595 4398 4585 4385 4594 4393 4596 4401 4605 4402 4604 4403 4597 4404 4606 4405 4605 4402 4597 4404 4605 4402 4596 4401 4598 4406 4607 4407 4606 4405 4598 4406 4606 4405 4597 4404 4599 4408 4608 4409 4607 4407 4599 4408 4607 4407 4598 4406 4600 4410 4609 4411 4608 4409 4600 4410 4608 4409 4599 4408 4601 4412 4610 4413 4609 4411 4601 4412 4609 4411 4600 4410 4602 4414 4603 4415 4610 4413 4602 4414 4610 4413 4601 4412 4611 4416 4621 4417 4620 4418 4612 4419 4622 4420 4621 4417 4612 4419 4621 4417 4611 4416 4613 4421 4623 4422 4622 4420 4613 4421 4624 4423 4623 4422 4613 4421 4622 4420 4612 4419 4614 4424 4625 4425 4624 4423 4614 4424 4624 4423 4613 4421 4615 4426 4626 4427 4625 4425 4615 4426 4627 4428 4626 4427 4615 4426 4625 4425 4614 4424 4616 4429 4628 4430 4627 4428 4616 4429 4627 4428 4615 4426 4617 4431 4629 4432 4628 4430 4617 4431 4628 4430 4616 4429 4618 4433 4619 4434 4629 4432 4618 4433 4629 4432 4617 4431 4641 4435 4639 4436 4640 4437 4651 4438 4638 4439 4639 4436 4651 4438 4639 4436 4641 4435 4650 4440 4637 4441 4638 4439 4650 4440 4638 4439 4651 4438 4649 4442 4636 4443 4637 4441 4649 4442 4637 4441 4650 4440 4648 4444 4635 4445 4636 4443 4648 4444 4636 4443 4649 4442 4647 4446 4635 4445 4648 4444 4646 4447 4634 4448 4635 4445 4646 4447 4635 4445 4647 4446 4645 4449 4633 4450 4634 4448 4645 4449 4634 4448 4646 4447 4644 4451 4632 4452 4633 4450 4644 4451 4633 4450 4645 4449 4643 4453 4631 4454 4632 4452 4643 4453 4632 4452 4644 4451 4642 4455 4630 4456 4631 4454 4642 4455 4631 4454 4643 4453 4653 4457 4665 4458 4664 4459 4653 4457 4664 4459 4652 4460 4654 4461 4666 4462 4665 4458 4654 4461 4665 4458 4653 4457 4655 4463 4667 4464 4666 4462 4655 4463 4666 4462 4654 4461 4656 4465 4668 4466 4667 4464 4656 4465 4667 4464 4655 4463 4657 4467 4669 4468 4668 4466 4657 4467 4670 4469 4669 4468 4657 4467 4668 4466 4656 4465 4658 4470 4671 4471 4670 4469 4658 4470 4670 4469 4657 4467 4659 4472 4672 4473 4671 4471 4659 4472 4671 4471 4658 4470 4660 4474 4673 4475 4672 4473 4660 4474 4672 4473 4659 4472 4661 4476 4663 4477 4673 4475 4661 4476 4673 4475 4660 4474 4662 4478 4663 4477 4661 4476 4695 4479 4684 4480 4685 4481 4695 4479 4685 4481 4686 4482 4694 4483 4683 4484 4684 4480 4694 4483 4684 4480 4695 4479 4693 4485 4682 4486 4683 4484 4693 4485 4683 4484 4694 4483 4692 4487 4681 4488 4682 4486 4692 4487 4682 4486 4693 4485 4691 4489 4679 4490 4680 4491 4691 4489 4680 4491 4681 4488 4691 4489 4681 4488 4692 4487 4690 4492 4678 4493 4679 4490 4690 4492 4679 4490 4691 4489 4689 4494 4677 4495 4678 4493 4689 4494 4678 4493 4690 4492 4688 4496 4676 4497 4677 4495 4688 4496 4677 4495 4689 4494 4687 4498 4674 4499 4676 4497 4687 4498 4676 4497 4688 4496 4675 4500 4674 4499 4687 4498 4704 4501 4697 4502 4696 4503 4711 4504 4698 4505 4697 4502 4711 4504 4697 4502 4704 4501 4710 4506 4699 4507 4698 4505 4710 4506 4698 4505 4711 4504 4709 4508 4700 4509 4699 4507 4709 4508 4699 4507 4710 4506 4708 4510 4701 4511 4700 4509 4708 4510 4700 4509 4709 4508 4707 4512 4702 4513 4701 4511 4707 4512 4701 4511 4708 4510 4706 4514 4703 4515 4702 4513 4706 4514 4702 4513 4707 4512 4705 4516 4703 4515 4706 4514 4730 4517 4715 4518 4714 4519 4730 4517 4716 4520 4715 4518 4717 4521 4716 4520 4730 4517 4713 4522 4712 4523 4720 4524 4731 4525 4722 4526 4721 4527 4736 4528 4742 4529 4735 4530 4737 4531 4742 4529 4736 4528 4745 4532 4718 4533 4717 4521 4745 4532 4719 4534 4718 4533 4745 4532 4720 4524 4719 4534 4745 4532 4730 4517 4729 4535 4745 4532 4717 4521 4730 4517 4745 4532 4713 4522 4720 4524 4746 4536 4729 4535 4728 4537 4746 4536 4743 4538 4713 4522 4746 4536 4745 4532 4729 4535 4746 4536 4713 4522 4745 4532 4747 4539 4743 4538 4746 4536 4747 4539 4746 4536 4728 4537 4748 4540 4728 4537 4727 4541 4748 4540 4744 4542 4743 4538 4748 4540 4747 4539 4728 4537 4748 4540 4743 4538 4747 4539 4749 4543 4738 4544 4744 4542 4749 4543 4744 4542 4748 4540 4749 4543 4748 4540 4727 4541 4750 4545 4749 4543 4727 4541 4750 4545 4738 4544 4749 4543 4751 4546 4727 4541 4726 4547 4751 4546 4739 4548 4738 4544 4751 4546 4750 4545 4727 4541 4751 4546 4738 4544 4750 4545 4752 4549 4726 4547 4725 4550 4752 4549 4751 4546 4726 4547 4752 4549 4739 4548 4751 4546 4753 4551 4739 4548 4752 4549 4753 4551 4752 4549 4725 4550 4754 4552 4725 4550 4724 4553 4754 4552 4740 4554 4739 4548 4754 4552 4753 4551 4725 4550 4754 4552 4739 4548 4753 4551 4755 4555 4740 4554 4754 4552 4755 4555 4754 4552 4724 4553 4756 4556 4724 4553 4723 4557 4756 4556 4755 4555 4724 4553 4756 4556 4740 4554 4755 4555 4757 4558 4723 4557 4722 4526 4757 4558 4741 4559 4740 4554 4757 4558 4756 4556 4723 4557 4757 4558 4740 4554 4756 4556 4758 4560 4742 4529 4741 4559 4758 4560 4757 4558 4722 4526 4758 4560 4741 4559 4757 4558 4759 4561 4758 4560 4722 4526 4759 4561 4731 4525 4732 4562 4759 4561 4732 4562 4733 4563 4759 4561 4733 4563 4734 4564 4759 4561 4734 4564 4735 4530 4759 4561 4722 4526 4731 4525 4759 4561 4742 4529 4758 4560 4759 4561 4735 4530 4742 4529 4768 4565 4766 4566 4767 4567 4775 4568 4765 4569 4766 4566 4775 4568 4766 4566 4768 4565 4774 4570 4764 4571 4765 4569 4774 4570 4765 4569 4775 4568 4773 4572 4763 4573 4764 4571 4773 4572 4764 4571 4774 4570 4772 4574 4762 4575 4763 4573 4772 4574 4763 4573 4773 4572 4771 4576 4761 4577 4762 4575 4771 4576 4762 4575 4772 4574 4770 4578 4760 4579 4761 4577 4770 4578 4761 4577 4771 4576 4769 4580 4760 4579 4770 4578 4791 4581 4782 4582 4783 4583 4791 4581 4783 4583 4784 4584 4790 4585 4781 4586 4782 4582 4790 4585 4782 4582 4791 4581 4789 4587 4780 4588 4781 4586 4789 4587 4781 4586 4790 4585 4788 4589 4778 4590 4779 4591 4788 4589 4779 4591 4780 4588 4788 4589 4780 4588 4789 4587 4787 4592 4777 4593 4778 4590 4787 4592 4778 4590 4788 4589 4786 4594 4776 4595 4777 4593 4786 4594 4777 4593 4787 4592 4785 4596 4776 4595 4786 4594 4797 4597 4793 4598 4792 4599 4796 4600 4792 4599 4794 4601 4796 4600 4797 4597 4792 4599 4795 4602 4796 4600 4794 4601 4808 4603 4801 4604 4800 4605 4808 4603 4800 4605 4805 4606 4807 4607 4801 4604 4808 4603 4806 4608 4802 4609 4801 4604 4806 4608 4801 4604 4807 4607 4811 4610 4803 4611 4802 4609 4811 4610 4802 4609 4806 4608 4810 4612 4804 4613 4803 4611 4810 4612 4803 4611 4811 4610 4809 4614 4798 4615 4804 4613 4809 4614 4804 4613 4810 4612 4799 4616 4798 4615 4809 4614 4823 4617 4816 4618 4817 4619 4823 4617 4817 4619 4818 4620 4822 4621 4814 4622 4815 4623 4822 4621 4815 4623 4816 4618 4822 4621 4816 4618 4823 4617 4821 4624 4813 4625 4814 4622 4821 4624 4814 4622 4822 4621 4820 4626 4812 4627 4813 4625 4820 4626 4813 4625 4821 4624 4819 4628 4812 4627 4820 4626 4830 4629 4828 4630 4829 4631 4835 4632 4827 4633 4828 4630 4835 4632 4828 4630 4830 4629 4834 4634 4826 4635 4827 4633 4834 4634 4827 4633 4835 4632 4833 4636 4826 4635 4834 4634 4832 4637 4825 4638 4826 4635 4832 4637 4826 4635 4833 4636 4831 4639 4824 4640 4825 4638 4831 4639 4825 4638 4832 4637 4837 4641 4853 4642 4836 4643 4838 4644 4853 4642 4837 4641 4858 4645 4848 4646 4847 4647 4858 4645 4849 4648 4848 4646 4858 4645 4850 4649 4849 4648 4858 4645 4847 4647 4857 4650 4859 4651 4843 4652 4842 4653 4859 4651 4851 4654 4850 4649 4859 4651 4852 4655 4851 4654 4859 4651 4842 4653 4852 4655 4859 4651 4858 4645 4857 4650 4859 4651 4850 4649 4858 4645 4860 4656 4843 4652 4859 4651 4860 4656 4859 4651 4857 4650 4861 4657 4857 4650 4856 4658 4861 4657 4843 4652 4860 4656 4861 4657 4860 4656 4857 4650 4862 4659 4844 4660 4843 4652 4862 4659 4856 4658 4855 4661 4862 4659 4843 4652 4861 4657 4862 4659 4861 4657 4856 4658 4863 4662 4862 4659 4855 4661 4863 4662 4844 4660 4862 4659 4864 4663 4845 4664 4844 4660 4864 4663 4855 4661 4854 4665 4864 4663 4863 4662 4855 4661 4864 4663 4844 4660 4863 4662 4865 4666 4864 4663 4854 4665 4865 4666 4845 4664 4864 4663 4866 4667 4846 4668 4845 4664 4866 4667 4854 4665 4853 4642 4866 4667 4865 4666 4854 4665 4866 4667 4845 4664 4865 4666 4867 4669 4838 4644 4839 4670 4867 4669 4839 4670 4840 4671 4867 4669 4840 4671 4841 4672 4867 4669 4841 4672 4846 4668 4867 4669 4846 4668 4866 4667 4867 4669 4866 4667 4853 4642 4867 4669 4853 4642 4838 4644 4868 4673 4881 4674 4869 4675 4875 4676 4880 4677 4881 4674 4875 4676 4881 4674 4868 4673 4874 4678 4879 4679 4880 4677 4874 4678 4880 4677 4875 4676 4873 4680 4879 4679 4874 4678 4872 4681 4878 4682 4879 4679 4872 4681 4879 4679 4873 4680 4871 4683 4877 4684 4878 4682 4871 4683 4878 4682 4872 4681 4870 4685 4876 4686 4877 4684 4870 4685 4877 4684 4871 4683 4912 4687 4898 4688 4897 4689 4912 4687 4899 4690 4898 4688 4912 4687 4900 4691 4899 4690 4912 4687 4897 4689 4911 4692 4913 4693 4900 4691 4912 4687 4913 4693 4912 4687 4911 4692 4914 4694 4890 4695 4889 4696 4914 4694 4901 4697 4900 4691 4914 4694 4902 4698 4901 4697 4914 4694 4903 4699 4902 4698 4914 4694 4889 4696 4903 4699 4914 4694 4900 4691 4913 4693 4914 4694 4913 4693 4911 4692 4915 4700 4911 4692 4910 4701 4915 4700 4914 4694 4911 4692 4915 4700 4890 4695 4914 4694 4916 4702 4915 4700 4910 4701 4916 4702 4890 4695 4915 4700 4917 4703 4891 4704 4890 4695 4917 4703 4910 4701 4909 4705 4917 4703 4890 4695 4916 4702 4917 4703 4916 4702 4910 4701 4918 4706 4917 4703 4909 4705 4918 4706 4891 4704 4917 4703 4919 4707 4892 4708 4891 4704 4919 4707 4909 4705 4908 4709 4919 4707 4918 4706 4909 4705 4919 4707 4891 4704 4918 4706 4920 4710 4919 4707 4908 4709 4920 4710 4892 4708 4919 4707 4921 4711 4893 4712 4892 4708 4921 4711 4908 4709 4907 4713 4921 4711 4892 4708 4920 4710 4921 4711 4920 4710 4908 4709 4922 4714 4907 4713 4906 4715 4922 4714 4921 4711 4907 4713 4922 4714 4893 4712 4921 4711 4923 4716 4922 4714 4906 4715 4923 4716 4893 4712 4922 4714 4924 4717 4894 4718 4893 4712 4924 4717 4906 4715 4905 4719 4924 4717 4923 4716 4906 4715 4924 4717 4893 4712 4923 4716 4925 4720 4894 4718 4924 4717 4925 4720 4924 4717 4905 4719 4926 4721 4895 4722 4894 4718 4926 4721 4905 4719 4904 4723 4926 4721 4894 4718 4925 4720 4926 4721 4925 4720 4905 4719 4927 4724 4926 4721 4904 4723 4927 4724 4895 4722 4926 4721 4928 4725 4927 4724 4904 4723 4928 4725 4895 4722 4927 4724 4928 4725 4896 4726 4895 4722 4929 4727 4882 4728 4883 4729 4929 4727 4883 4729 4884 4730 4929 4727 4884 4730 4885 4731 4929 4727 4896 4726 4928 4725 4929 4727 4904 4723 4882 4728 4929 4727 4928 4725 4904 4723 4930 4732 4885 4731 4886 4733 4930 4732 4886 4733 4887 4734 4930 4732 4887 4734 4888 4735 4930 4732 4896 4726 4929 4727 4930 4732 4888 4735 4896 4726 4930 4732 4929 4727 4885 4731 4933 4736 4932 4737 4931 4738 4933 4736 4941 4739 4932 4737 4933 4736 4942 4740 4941 4739 4934 4741 4942 4740 4933 4736 4935 4742 4943 4743 4942 4740 4935 4742 4942 4740 4934 4741 4936 4744 4944 4745 4943 4743 4936 4744 4943 4743 4935 4742 4937 4746 4945 4747 4944 4745 4937 4746 4944 4745 4936 4744 4938 4748 4946 4749 4945 4747 4938 4748 4945 4747 4937 4746 4939 4750 4940 4751 4946 4749 4939 4750 4946 4749 4938 4748 4948 4752 4957 4753 4956 4754 4948 4752 4956 4754 4947 4755 4949 4756 4958 4757 4957 4753 4949 4756 4957 4753 4948 4752 4950 4758 4959 4759 4958 4757 4950 4758 4958 4757 4949 4756 4951 4760 4960 4761 4959 4759 4951 4760 4961 4762 4960 4761 4951 4760 4959 4759 4950 4758 4952 4763 4962 4764 4961 4762 4952 4763 4961 4762 4951 4760 4953 4765 4955 4766 4962 4764 4953 4765 4962 4764 4952 4763 4954 4767 4955 4766 4953 4765 4984 4768 4976 4769 4975 4770 4984 4768 4977 4771 4976 4769 4984 4768 4975 4770 4983 4772 4985 4773 4978 4774 4977 4771 4985 4773 4984 4768 4983 4772 4985 4773 4977 4771 4984 4768 4986 4775 4972 4776 4971 4777 4986 4775 4979 4778 4978 4774 4986 4775 4980 4779 4979 4778 4986 4775 4971 4777 4980 4779 4986 4775 4978 4774 4985 4773 4986 4775 4985 4773 4983 4772 4987 4780 4972 4776 4986 4775 4987 4780 4986 4775 4983 4772 4988 4781 4973 4782 4972 4776 4988 4781 4983 4772 4982 4783 4988 4781 4987 4780 4983 4772 4988 4781 4972 4776 4987 4780 4989 4784 4988 4781 4982 4783 4989 4784 4973 4782 4988 4781 4990 4785 4974 4786 4973 4782 4990 4785 4982 4783 4981 4787 4990 4785 4973 4782 4989 4784 4990 4785 4989 4784 4982 4783 4991 4788 4990 4785 4981 4787 4991 4788 4974 4786 4990 4785 4992 4789 4963 4790 4964 4791 4992 4789 4964 4791 4965 4792 4992 4789 4965 4792 4966 4793 4992 4789 4966 4793 4967 4794 4992 4789 4981 4787 4963 4790 4992 4789 4991 4788 4981 4787 4992 4789 4974 4786 4991 4788 4993 4795 4992 4789 4967 4794 4993 4795 4974 4786 4992 4789 4994 4796 4967 4794 4968 4797 4994 4796 4968 4797 4969 4798 4994 4796 4969 4798 4970 4799 4994 4796 4970 4799 4974 4786 4994 4796 4993 4795 4967 4794 4994 4796 4974 4786 4993 4795 4996 4800 5004 4801 5003 4802 4996 4800 5003 4802 4995 4803 4997 4804 5005 4805 5004 4801 4997 4804 5006 4806 5005 4805 4997 4804 5004 4801 4996 4800 4998 4807 5006 4806 4997 4804 4999 4808 5007 4809 5006 4806 4999 4808 5006 4806 4998 4807 5000 4810 5008 4811 5007 4809 5000 4810 5007 4809 4999 4808 5001 4812 5002 4813 5008 4811 5001 4812 5008 4811 5000 4810 5009 4814 5018 4815 5017 4816 5010 4817 5019 4818 5018 4815 5010 4817 5018 4815 5009 4814 5011 4819 5020 4820 5019 4818 5011 4819 5019 4818 5010 4817 5012 4821 5021 4822 5020 4820 5012 4821 5020 4820 5011 4819 5013 4823 5022 4824 5021 4822 5013 4823 5021 4822 5012 4821 5014 4825 5023 4826 5022 4824 5014 4825 5022 4824 5013 4823 5015 4827 5016 4828 5023 4826 5015 4827 5023 4826 5014 4825 5050 4829 5034 4830 5033 4831 5051 4832 5039 4833 5038 4834 5051 4832 5040 4835 5039 4833 5051 4832 5038 4834 5049 4836 5052 4837 5041 4838 5040 4835 5052 4837 5040 4835 5051 4832 5052 4837 5051 4832 5049 4836 5053 4839 5052 4837 5049 4836 5053 4839 5041 4838 5052 4837 5054 4840 5033 4831 5032 4841 5054 4840 5042 4842 5041 4838 5054 4840 5043 4843 5042 4842 5054 4840 5044 4844 5043 4843 5054 4840 5032 4841 5044 4844 5054 4840 5053 4839 5049 4836 5054 4840 5041 4838 5053 4839 5055 4845 5054 4840 5049 4836 5055 4845 5033 4831 5054 4840 5056 4846 5049 4836 5048 4847 5056 4846 5055 4845 5049 4836 5056 4846 5033 4831 5055 4845 5056 4846 5048 4847 5050 4829 5056 4846 5050 4829 5033 4831 5057 4848 5048 4847 5047 4849 5057 4848 5050 4829 5048 4847 5057 4848 5034 4830 5050 4829 5058 4850 5035 4851 5034 4830 5058 4850 5047 4849 5046 4852 5058 4850 5034 4830 5057 4848 5058 4850 5057 4848 5047 4849 5059 4853 5058 4850 5046 4852 5059 4853 5035 4851 5058 4850 5060 4854 5036 4855 5035 4851 5060 4854 5046 4852 5045 4856 5060 4854 5035 4851 5059 4853 5060 4854 5059 4853 5046 4852 5061 4857 5036 4855 5060 4854 5061 4857 5060 4854 5045 4856 5062 4858 5037 4859 5036 4855 5062 4858 5036 4855 5061 4857 5062 4858 5061 4857 5045 4856 5063 4860 5024 4861 5025 4862 5063 4860 5025 4862 5026 4863 5063 4860 5026 4863 5027 4864 5063 4860 5027 4864 5028 4865 5063 4860 5045 4856 5024 4861 5063 4860 5037 4859 5062 4858 5063 4860 5062 4858 5045 4856 5064 4866 5063 4860 5028 4865 5064 4866 5037 4859 5063 4860 5065 4867 5028 4865 5029 4868 5065 4867 5029 4868 5030 4869 5065 4867 5030 4869 5031 4870 5065 4867 5031 4870 5037 4859 5065 4867 5064 4866 5028 4865 5065 4867 5037 4859 5064 4866 5067 4871 5076 4872 5075 4873 5067 4871 5075 4873 5066 4874 5068 4875 5077 4876 5076 4872 5068 4875 5076 4872 5067 4871 5069 4877 5078 4878 5077 4876 5069 4877 5079 4879 5078 4878 5069 4877 5077 4876 5068 4875 5070 4880 5080 4881 5079 4879 5070 4880 5079 4879 5069 4877 5071 4882 5081 4883 5080 4881 5071 4882 5080 4881 5070 4880 5072 4884 5074 4885 5081 4883 5072 4884 5081 4883 5071 4882 5073 4886 5074 4885 5072 4884 5090 4887 5088 4888 5089 4889 5097 4890 5087 4891 5088 4888 5097 4890 5088 4888 5090 4887 5096 4892 5086 4893 5087 4891 5096 4892 5087 4891 5097 4890 5095 4894 5085 4895 5086 4893 5095 4894 5086 4893 5096 4892 5094 4896 5085 4895 5095 4894 5093 4897 5084 4898 5085 4895 5093 4897 5085 4895 5094 4896 5092 4899 5083 4900 5084 4898 5092 4899 5084 4898 5093 4897 5091 4901 5082 4902 5083 4900 5091 4901 5083 4900 5092 4899 5107 4903 5105 4904 5106 4905 5113 4906 5104 4907 5105 4904 5113 4906 5105 4904 5107 4903 5112 4908 5103 4909 5104 4907 5112 4908 5104 4907 5113 4906 5111 4910 5103 4909 5112 4908 5110 4911 5102 4912 5103 4909 5110 4911 5103 4909 5111 4910 5109 4913 5101 4914 5102 4912 5109 4913 5102 4912 5110 4911 5108 4915 5100 4916 5101 4914 5108 4915 5101 4914 5109 4913 5099 4917 5098 4918 5100 4916 5099 4917 5100 4916 5108 4915 5131 4919 5132 4920 5133 4921 5131 4919 5133 4921 5134 4922 5137 4923 5134 4922 5135 4924 5137 4923 5131 4919 5134 4922 5130 4925 5131 4919 5137 4923 5138 4926 5130 4925 5137 4923 5129 4927 5130 4925 5138 4926 5139 4928 5129 4927 5138 4926 5122 4929 5120 4930 5121 4931 5128 4932 5129 4927 5139 4928 5140 4933 5128 4932 5139 4928 5141 4934 5123 4935 5128 4932 5141 4934 5142 4936 5123 4935 5127 4937 5128 4932 5140 4933 5125 4938 5126 4939 5140 4933 5116 4940 5117 4941 5118 4942 5123 4935 5119 4943 5122 4929 5122 4929 5119 4943 5120 4930 5124 4944 5143 4945 5123 4935 5123 4935 5143 4945 5119 4943 5119 4943 5143 4945 5144 4946 5119 4943 5144 4946 5114 4947 5119 4943 5114 4947 5136 4948 5136 4948 5114 4947 5115 4949 5136 4948 5115 4949 5140 4933 5140 4933 5115 4949 5125 4938 5126 4939 5127 4937 5140 4933 5127 4937 5141 4934 5128 4932 5142 4936 5124 4944 5123 4935 5156 4950 5148 4951 5147 4952 5154 4953 5155 4954 5153 4955 5157 4956 5146 4957 5145 4958 5157 4956 5145 4958 5149 4959 5158 4960 5147 4952 5146 4957 5158 4960 5146 4957 5157 4956 5158 4960 5156 4950 5147 4952 5159 4961 5149 4959 5150 4962 5159 4961 5150 4962 5151 4963 5159 4961 5151 4963 5152 4964 5159 4961 5157 4956 5149 4959 5160 4965 5152 4964 5153 4955 5160 4965 5155 4954 5156 4950 5160 4965 5156 4950 5158 4960 5160 4965 5158 4960 5157 4956 5160 4965 5159 4961 5152 4964 5160 4965 5157 4956 5159 4961 5160 4965 5153 4955 5155 4954 5173 4966 5174 4967 5175 4968 5173 4966 5175 4968 5176 4969 5173 4966 5176 4969 5177 4970 5173 4966 5177 4970 5178 4971 5173 4966 5178 4971 5179 4972 5173 4966 5179 4972 5180 4973 5173 4966 5180 4973 5181 4974 5172 4975 5181 4974 5182 4976 5172 4975 5173 4966 5181 4974 5171 4977 5182 4976 5183 4978 5171 4977 5172 4975 5182 4976 5170 4979 5183 4978 5184 4980 5170 4979 5171 4977 5183 4978 5169 4981 5184 4980 5185 4982 5169 4981 5170 4979 5184 4980 5168 4983 5185 4982 5186 4984 5168 4983 5169 4981 5185 4982 5167 4985 5186 4984 5187 4986 5167 4985 5168 4983 5186 4984 5166 4987 5187 4986 5188 4988 5166 4987 5167 4985 5187 4986 5165 4989 5188 4988 5189 4990 5165 4989 5166 4987 5188 4988 5163 4991 5189 4990 5164 4992 5162 4993 5189 4990 5163 4991 5161 4994 5165 4989 5189 4990 5161 4994 5189 4990 5162 4993 5196 4995 5191 4996 5190 4997 5196 4995 5190 4997 5192 4998 5197 4999 5192 4998 5193 5000 5197 4999 5193 5000 5194 5001 5197 4999 5196 4995 5192 4998 5195 5002 5197 4999 5194 5001 5213 5003 5214 5004 5215 5005 5218 5006 5215 5005 5216 5007 5218 5006 5216 5007 5217 5008 5218 5006 5213 5003 5215 5005 5219 5009 5212 5010 5213 5003 5219 5009 5213 5003 5218 5006 5210 5011 5208 5012 5209 5013 5222 5014 5208 5012 5210 5011 5222 5014 5210 5011 5221 5015 5226 5016 5227 5017 5229 5018 5202 5019 5199 5020 5198 5021 5202 5019 5200 5022 5199 5020 5202 5019 5201 5023 5200 5022 5202 5019 5228 5024 5201 5023 5202 5019 5229 5018 5228 5024 5202 5019 5226 5016 5229 5018 5203 5025 5225 5026 5226 5016 5203 5025 5226 5016 5202 5019 5204 5027 5224 5028 5225 5026 5204 5027 5225 5026 5203 5025 5207 5029 5205 5030 5206 5031 5207 5029 5223 5032 5205 5030 5207 5029 5208 5012 5222 5014 5207 5029 5222 5014 5223 5032 5230 5033 5211 5034 5212 5010 5230 5033 5219 5009 5220 5035 5230 5033 5212 5010 5219 5009 5230 5033 5220 5035 5211 5034 5231 5036 5210 5011 5211 5034 5231 5036 5211 5034 5220 5035 5231 5036 5221 5015 5210 5011 5232 5037 5220 5035 5221 5015 5232 5037 5231 5036 5220 5035 5232 5037 5221 5015 5231 5036 5233 5038 5204 5027 5205 5030 5233 5038 5223 5032 5224 5028 5233 5038 5224 5028 5204 5027 5233 5038 5205 5030 5223 5032 5236 5039 5239 5040 5240 5041 5236 5039 5240 5041 5241 5042 5236 5039 5241 5042 5237 5043 5235 5044 5238 5045 5239 5040 5235 5044 5239 5040 5236 5039 5234 5046 5238 5045 5235 5044 5247 5047 5243 5048 5242 5049 5247 5047 5242 5049 5246 5050 5248 5051 5244 5052 5243 5048 5248 5051 5245 5053 5244 5052 5248 5051 5243 5048 5247 5047 5249 5054 5245 5053 5248 5051 5259 5055 5260 5056 5261 5057 5264 5058 5261 5057 5262 5059 5264 5058 5262 5059 5263 5060 5264 5058 5259 5055 5261 5057 5266 5061 5257 5062 5258 5063 5266 5061 5258 5063 5265 5064 5255 5065 5256 5066 5257 5062 5254 5067 5255 5065 5257 5062 5250 5068 5257 5062 5266 5061 5250 5068 5254 5067 5257 5062 5251 5069 5250 5068 5266 5061 5252 5070 5251 5069 5266 5061 5253 5071 5252 5070 5266 5061 5267 5072 5258 5063 5259 5055 5267 5072 5264 5058 5265 5064 5267 5072 5259 5055 5264 5058 5267 5072 5265 5064 5258 5063 5269 5073 5271 5074 5272 5075 5269 5073 5272 5075 5273 5076 5268 5077 5270 5078 5271 5074 5268 5077 5271 5074 5269 5073 5280 5079 5281 5080 5282 5081 5294 5082 5280 5079 5282 5081 5293 5083 5294 5082 5282 5081 5296 5084 5278 5085 5279 5086 5296 5084 5279 5086 5295 5087 5275 5088 5274 5089 5278 5085 5276 5090 5278 5085 5296 5084 5276 5090 5275 5088 5278 5085 5277 5091 5276 5090 5296 5084 5283 5092 5292 5093 5293 5083 5283 5092 5293 5083 5282 5081 5283 5092 5285 5094 5292 5093 5289 5095 5290 5096 5291 5097 5288 5098 5291 5097 5286 5099 5288 5098 5289 5095 5291 5097 5284 5100 5285 5094 5283 5092 5287 5101 5288 5098 5286 5099 5297 5102 5279 5086 5280 5079 5297 5102 5294 5082 5295 5087 5297 5102 5280 5079 5294 5082 5297 5102 5295 5087 5279 5086 5298 5103 5285 5094 5286 5099 5298 5103 5291 5097 5292 5093 5298 5103 5292 5093 5285 5094 5298 5103 5286 5099 5291 5097 5304 5104 5305 5105 5306 5106 5304 5104 5306 5106 5307 5107 5304 5104 5307 5107 5308 5108 5309 5109 5304 5104 5308 5108 5310 5110 5303 5111 5309 5109 5301 5112 5310 5110 5302 5113 5300 5114 5310 5110 5301 5112 5299 5115 5310 5110 5300 5114 5299 5115 5303 5111 5310 5110 5303 5111 5304 5104 5309 5109 5315 5116 5312 5117 5311 5118 5316 5119 5312 5117 5315 5116 5317 5120 5313 5121 5312 5117 5317 5120 5312 5117 5316 5119 5318 5122 5314 5123 5313 5121 5318 5122 5313 5121 5317 5120 5321 5124 5324 5125 5325 5126 5321 5124 5325 5126 5326 5127 5321 5124 5326 5127 5322 5128 5320 5129 5323 5130 5324 5125 5320 5129 5324 5125 5321 5124 5319 5131 5323 5130 5320 5129 5332 5132 5333 5133 5336 5134 5337 5135 5335 5136 5334 5137 5337 5135 5336 5134 5335 5136 5337 5135 5332 5132 5336 5134 5328 5138 5327 5139 5331 5140 5329 5141 5328 5138 5331 5140 5330 5142 5331 5140 5338 5143 5330 5142 5329 5141 5331 5140 5341 5144 5330 5142 5338 5143 5340 5145 5341 5144 5338 5143 5339 5146 5340 5145 5338 5143 5342 5147 5331 5140 5332 5132 5342 5147 5337 5135 5338 5143 5342 5147 5338 5143 5331 5140 5342 5147 5332 5132 5337 5135 5347 5148 5344 5149 5343 5150 5348 5151 5344 5149 5347 5148 5349 5152 5345 5153 5344 5149 5349 5152 5344 5149 5348 5151 5350 5154 5346 5155 5345 5153 5350 5154 5345 5153 5349 5152 5371 5156 5373 5157 5351 5158 5371 5156 5374 5159 5373 5157 5371 5156 5372 5160 5374 5159 5352 5161 5371 5156 5351 5158 5370 5162 5368 5163 5369 5164 5370 5162 5371 5156 5352 5161 5353 5165 5368 5163 5370 5162 5353 5165 5370 5162 5352 5161 5362 5166 5357 5167 5358 5168 5362 5166 5360 5169 5359 5170 5362 5166 5361 5171 5360 5169 5362 5166 5358 5168 5361 5171 5363 5172 5357 5167 5362 5166 5356 5173 5357 5167 5363 5172 5364 5174 5356 5173 5363 5172 5355 5175 5356 5173 5364 5174 5365 5176 5354 5177 5355 5175 5365 5176 5355 5175 5364 5174 5367 5178 5365 5176 5366 5179 5367 5178 5354 5177 5365 5176 5367 5178 5368 5163 5354 5177 5354 5177 5368 5163 5353 5165 5380 5180 5381 5181 5387 5182 5389 5183 5382 5184 5383 5185 5389 5183 5388 5186 5382 5184 5386 5187 5380 5180 5387 5182 5377 5188 5391 5189 5376 5190 5378 5191 5391 5189 5377 5188 5379 5192 5380 5180 5386 5187 5392 5193 5383 5185 5384 5194 5392 5193 5390 5195 5389 5183 5392 5193 5389 5183 5383 5185 5392 5193 5384 5194 5390 5195 5393 5196 5381 5181 5382 5184 5393 5196 5388 5186 5387 5182 5393 5196 5382 5184 5388 5186 5393 5196 5387 5182 5381 5181 5394 5197 5375 5198 5376 5190 5394 5197 5384 5194 5385 5199 5394 5197 5385 5199 5375 5198 5394 5197 5391 5189 5390 5195 5394 5197 5390 5195 5384 5194 5394 5197 5376 5190 5391 5189 5400 5200 5407 5201 5399 5202 5408 5203 5406 5204 5407 5201 5408 5203 5407 5201 5400 5200 5409 5205 5400 5200 5401 5206 5409 5205 5408 5203 5400 5200 5410 5207 5409 5205 5401 5206 5412 5208 5403 5209 5404 5210 5412 5208 5411 5211 5403 5209 5413 5212 5404 5210 5405 5213 5413 5212 5412 5208 5404 5210 5396 5214 5405 5213 5395 5215 5396 5214 5413 5212 5405 5213 5397 5216 5413 5212 5396 5214 5398 5217 5413 5212 5397 5216 5414 5218 5401 5206 5402 5219 5414 5218 5402 5219 5403 5209 5414 5218 5411 5211 5410 5207 5414 5218 5410 5207 5401 5206 5414 5218 5403 5209 5411 5211 5434 5220 5415 5221 5416 5222 5434 5220 5426 5223 5415 5221 5435 5224 5416 5222 5417 5225 5435 5224 5434 5220 5416 5222 5436 5226 5425 5227 5426 5223 5436 5226 5426 5223 5434 5220 5437 5228 5417 5225 5418 5229 5437 5228 5418 5229 5419 5230 5437 5228 5435 5224 5417 5225 5438 5231 5434 5220 5435 5224 5438 5231 5425 5227 5436 5226 5438 5231 5436 5226 5434 5220 5439 5232 5419 5230 5420 5233 5439 5232 5437 5228 5419 5230 5440 5234 5435 5224 5437 5228 5440 5234 5438 5231 5435 5224 5441 5235 5420 5233 5421 5236 5441 5235 5421 5236 5433 5237 5441 5235 5439 5232 5420 5233 5442 5238 5424 5239 5425 5227 5443 5240 5440 5234 5437 5228 5443 5240 5437 5228 5439 5232 5444 5241 5442 5238 5425 5227 5444 5241 5425 5227 5438 5231 5444 5241 5424 5239 5442 5238 5445 5242 5432 5243 5431 5244 5445 5242 5439 5232 5441 5235 5445 5242 5441 5235 5433 5237 5445 5242 5431 5244 5443 5240 5445 5242 5443 5240 5439 5232 5446 5245 5433 5237 5432 5243 5446 5245 5445 5242 5433 5237 5446 5245 5432 5243 5445 5242 5447 5246 5438 5231 5440 5234 5447 5246 5444 5241 5438 5231 5448 5247 5423 5248 5424 5239 5449 5249 5443 5240 5431 5244 5449 5249 5447 5246 5440 5234 5449 5249 5440 5234 5443 5240 5450 5250 5422 5251 5423 5248 5450 5250 5448 5247 5424 5239 5450 5250 5424 5239 5444 5241 5450 5250 5423 5248 5448 5247 5451 5252 5430 5253 5429 5254 5451 5252 5429 5254 5449 5249 5451 5252 5449 5249 5431 5244 5452 5255 5431 5244 5430 5253 5452 5255 5430 5253 5451 5252 5452 5255 5451 5252 5431 5244 5453 5256 5427 5257 5422 5251 5453 5256 5444 5241 5447 5246 5453 5256 5422 5251 5450 5250 5453 5256 5450 5250 5444 5241 5454 5258 5428 5259 5427 5257 5454 5258 5449 5249 5429 5254 5454 5258 5427 5257 5453 5256 5454 5258 5447 5246 5449 5249 5454 5258 5453 5256 5447 5246 5455 5260 5429 5254 5428 5259 5455 5260 5428 5259 5454 5258 5455 5260 5454 5258 5429 5254 5463 5261 5458 5262 5459 5263 5464 5264 5459 5263 5460 5265 5464 5264 5463 5261 5459 5263 5465 5266 5460 5265 5461 5267 5465 5266 5464 5264 5460 5265 5466 5268 5461 5267 5462 5269 5466 5268 5465 5266 5461 5267 5467 5270 5462 5269 5456 5271 5467 5270 5466 5268 5462 5269 5457 5272 5467 5270 5456 5271 5471 5273 5483 5274 5470 5275 5484 5276 5472 5277 5473 5278 5484 5276 5479 5279 5472 5277 5485 5280 5477 5281 5478 5282 5485 5280 5478 5282 5479 5279 5485 5280 5480 5283 5477 5281 5485 5280 5479 5279 5484 5276 5486 5284 5473 5278 5474 5285 5486 5284 5474 5285 5475 5286 5486 5284 5484 5276 5473 5278 5487 5287 5481 5288 5480 5283 5487 5287 5485 5280 5484 5276 5487 5287 5480 5283 5485 5280 5487 5287 5484 5276 5486 5284 5488 5289 5475 5286 5476 5290 5488 5289 5486 5284 5475 5286 5489 5291 5482 5292 5481 5288 5489 5291 5487 5287 5486 5284 5489 5291 5481 5288 5487 5287 5489 5291 5486 5284 5488 5289 5490 5293 5468 5294 5469 5295 5490 5293 5476 5290 5468 5294 5490 5293 5488 5289 5476 5290 5491 5296 5469 5295 5470 5275 5491 5296 5483 5274 5482 5292 5491 5296 5482 5292 5489 5291 5491 5296 5490 5293 5469 5295 5491 5296 5489 5291 5488 5289 5491 5296 5488 5289 5490 5293 5491 5296 5470 5275 5483 5274 5501 5297 5494 5298 5495 5299 5501 5297 5500 5300 5494 5298 5502 5301 5495 5299 5496 5302 5502 5301 5501 5297 5495 5299 5503 5303 5496 5302 5497 5304 5503 5303 5502 5301 5496 5302 5504 5305 5497 5304 5498 5306 5504 5305 5498 5306 5499 5307 5504 5305 5503 5303 5497 5304 5493 5308 5499 5307 5492 5309 5493 5308 5504 5305 5499 5307 5522 5310 5509 5311 5510 5312 5523 5313 5505 5314 5506 5315 5523 5313 5516 5316 5505 5314 5524 5317 5523 5313 5506 5315 5525 5318 5515 5319 5516 5316 5525 5318 5516 5316 5523 5313 5526 5320 5506 5315 5507 5321 5526 5320 5524 5317 5506 5315 5527 5322 5525 5318 5523 5313 5527 5322 5515 5319 5525 5318 5527 5322 5523 5313 5524 5317 5528 5323 5507 5321 5508 5324 5528 5323 5508 5324 5509 5311 5528 5323 5526 5320 5507 5321 5529 5325 5524 5317 5526 5320 5529 5325 5527 5322 5524 5317 5530 5326 5528 5323 5509 5311 5530 5326 5509 5311 5522 5310 5531 5327 5513 5328 5514 5329 5531 5327 5514 5329 5515 5319 5532 5330 5526 5320 5528 5323 5532 5330 5529 5325 5526 5320 5533 5331 5515 5319 5527 5322 5533 5331 5531 5327 5515 5319 5533 5331 5513 5328 5531 5327 5534 5332 5521 5333 5520 5334 5534 5332 5522 5310 5521 5333 5534 5332 5520 5334 5532 5330 5534 5332 5528 5323 5530 5326 5534 5332 5530 5326 5522 5310 5534 5332 5532 5330 5528 5323 5535 5335 5527 5322 5529 5325 5535 5335 5533 5331 5527 5322 5536 5336 5512 5337 5513 5328 5537 5338 5529 5325 5532 5330 5537 5338 5535 5335 5529 5325 5537 5338 5532 5330 5520 5334 5538 5339 5511 5340 5512 5337 5538 5339 5536 5336 5513 5328 5538 5339 5512 5337 5536 5336 5538 5339 5513 5328 5533 5331 5539 5341 5520 5334 5519 5342 5539 5341 5537 5338 5520 5334 5539 5341 5519 5342 5537 5338 5540 5343 5517 5344 5511 5340 5540 5343 5533 5331 5535 5335 5540 5343 5511 5340 5538 5339 5540 5343 5538 5339 5533 5331 5541 5345 5518 5346 5517 5344 5541 5345 5537 5338 5519 5342 5541 5345 5535 5335 5537 5338 5541 5345 5517 5344 5540 5343 5541 5345 5540 5343 5535 5335 5542 5347 5519 5342 5518 5346 5542 5347 5518 5346 5541 5345 5542 5347 5541 5345 5519 5342 5560 5348 5544 5349 5545 5350 5560 5348 5545 5350 5546 5351 5553 5352 5543 5353 5544 5349 5553 5352 5544 5349 5560 5348 5552 5354 5560 5348 5559 5355 5552 5354 5553 5352 5560 5348 5551 5356 5552 5354 5559 5355 5549 5357 5557 5358 5556 5359 5549 5357 5550 5360 5557 5358 5548 5361 5549 5357 5556 5359 5555 5362 5556 5359 5554 5363 5555 5362 5548 5361 5556 5359 5547 5364 5548 5361 5555 5362 5561 5365 5550 5360 5551 5356 5561 5365 5558 5366 5557 5358 5561 5365 5559 5355 5558 5366 5561 5365 5551 5356 5559 5355 5561 5365 5557 5358 5550 5360 5567 5367 5573 5368 5566 5369 5568 5370 5573 5368 5567 5367 5574 5371 5573 5368 5568 5370 5570 5372 5575 5373 5569 5374 5576 5375 5575 5373 5570 5372 5563 5376 5572 5377 5562 5378 5564 5379 5572 5377 5563 5376 5579 5380 5568 5370 5569 5374 5579 5380 5575 5373 5574 5371 5579 5380 5574 5371 5568 5370 5579 5380 5569 5374 5575 5373 5580 5381 5570 5372 5571 5382 5580 5381 5577 5383 5576 5375 5580 5381 5571 5382 5577 5383 5580 5381 5576 5375 5570 5372 5581 5384 5564 5379 5565 5385 5581 5384 5571 5382 5572 5377 5581 5384 5578 5386 5577 5383 5581 5384 5565 5385 5578 5386 5581 5384 5577 5383 5571 5382 5581 5384 5572 5377 5564 5379</p>
        </triangles>
        <triangles material="black_plastic-material" count="1280">
          <input semantic="VERTEX" source="#pinky_intermediate-mesh-vertices" offset="0"/>
          <input semantic="NORMAL" source="#pinky_intermediate-mesh-normals" offset="1"/>
          <p>5590 5387 5592 5388 5591 5389 5582 5390 5593 5391 5592 5388 5582 5390 5594 5392 5593 5391 5583 5393 5590 5387 5589 5394 5583 5393 5592 5388 5590 5387 5583 5393 5582 5390 5592 5388 5584 5395 5583 5393 5589 5394 5587 5396 5589 5394 5588 5397 5587 5396 5584 5395 5589 5394 5585 5398 5584 5395 5587 5396 5586 5399 5585 5398 5587 5396 5596 5400 5595 5401 5597 5402 5599 5403 5598 5404 5600 5405 5610 5406 5611 5407 5612 5408 5610 5406 5612 5408 5613 5409 5609 5410 5613 5409 5614 5411 5609 5410 5610 5406 5613 5409 5608 5412 5614 5411 5615 5413 5608 5412 5609 5410 5614 5411 5604 5414 5602 5415 5603 5416 5607 5417 5608 5412 5615 5413 5606 5418 5615 5413 5616 5419 5606 5418 5607 5417 5615 5413 5618 5420 5601 5421 5602 5415 5618 5420 5604 5414 5605 5422 5618 5420 5605 5422 5606 5418 5618 5420 5616 5419 5617 5423 5618 5420 5617 5423 5601 5421 5618 5420 5602 5415 5604 5414 5618 5420 5606 5418 5616 5419 5620 5424 5635 5425 5619 5426 5621 5427 5634 5428 5635 5425 5621 5427 5635 5425 5620 5424 5622 5429 5633 5430 5634 5428 5622 5429 5634 5428 5621 5427 5627 5431 5628 5432 5629 5433 5623 5434 5632 5435 5633 5430 5623 5434 5633 5430 5622 5429 5624 5436 5631 5437 5632 5435 5624 5436 5632 5435 5623 5434 5625 5438 5630 5439 5631 5437 5625 5438 5631 5437 5624 5436 5626 5440 5629 5433 5630 5439 5626 5440 5627 5431 5629 5433 5626 5440 5630 5439 5625 5438 5639 5441 5641 5442 5640 5443 5642 5444 5639 5441 5638 5445 5642 5444 5641 5442 5639 5441 5637 5446 5642 5444 5638 5445 5643 5447 5637 5446 5636 5448 5643 5447 5642 5444 5637 5446 5645 5449 5636 5448 5646 5450 5645 5449 5643 5447 5636 5448 5644 5451 5643 5447 5645 5449 5656 5452 5651 5453 5652 5454 5663 5455 5648 5456 5649 5457 5664 5458 5649 5457 5650 5459 5664 5458 5650 5459 5651 5453 5664 5458 5663 5455 5649 5457 5664 5458 5651 5453 5656 5452 5665 5460 5663 5455 5666 5461 5667 5462 5663 5455 5664 5458 5667 5462 5666 5461 5663 5455 5668 5463 5656 5452 5655 5464 5668 5463 5667 5462 5664 5458 5668 5463 5664 5458 5656 5452 5669 5465 5670 5466 5671 5467 5672 5468 5661 5469 5662 5470 5673 5471 5658 5472 5659 5473 5673 5471 5659 5473 5660 5474 5673 5471 5660 5474 5661 5469 5673 5471 5661 5469 5672 5468 5674 5475 5658 5472 5673 5471 5674 5475 5672 5468 5669 5465 5674 5475 5673 5471 5672 5468 5675 5476 5654 5477 5653 5478 5675 5476 5653 5478 5657 5479 5675 5476 5657 5479 5658 5472 5675 5476 5658 5472 5674 5475 5676 5480 5647 5481 5648 5456 5676 5480 5662 5470 5647 5481 5676 5480 5648 5456 5663 5455 5676 5480 5663 5455 5665 5460 5677 5482 5665 5460 5670 5466 5677 5482 5670 5466 5669 5465 5677 5482 5662 5470 5676 5480 5677 5482 5676 5480 5665 5460 5678 5483 5666 5461 5667 5462 5678 5483 5667 5462 5668 5463 5678 5483 5668 5463 5655 5464 5679 5484 5666 5461 5678 5483 5679 5484 5665 5460 5666 5461 5679 5484 5670 5466 5665 5460 5680 5485 5677 5482 5669 5465 5680 5485 5672 5468 5662 5470 5680 5485 5669 5465 5672 5468 5680 5485 5662 5470 5677 5482 5681 5486 5655 5464 5654 5477 5681 5486 5654 5477 5671 5467 5681 5486 5678 5483 5655 5464 5681 5486 5671 5467 5670 5466 5681 5486 5679 5484 5678 5483 5681 5486 5670 5466 5679 5484 5682 5487 5671 5467 5654 5477 5682 5487 5669 5465 5671 5467 5683 5488 5674 5475 5669 5465 5683 5488 5669 5465 5682 5487 5684 5489 5682 5487 5654 5477 5684 5489 5683 5488 5682 5487 5685 5490 5654 5477 5675 5476 5685 5490 5675 5476 5674 5475 5685 5490 5684 5489 5654 5477 5685 5490 5674 5475 5683 5488 5685 5490 5683 5488 5684 5489 5696 5491 5691 5492 5692 5493 5703 5494 5686 5495 5687 5496 5704 5497 5687 5496 5688 5498 5704 5497 5688 5498 5689 5499 5704 5497 5689 5499 5690 5500 5704 5497 5690 5500 5691 5492 5704 5497 5691 5492 5696 5491 5704 5497 5703 5494 5687 5496 5705 5501 5704 5497 5696 5491 5706 5502 5696 5491 5695 5503 5706 5502 5705 5501 5696 5491 5707 5504 5705 5501 5706 5502 5708 5505 5702 5506 5703 5494 5708 5505 5703 5494 5704 5497 5708 5505 5704 5497 5705 5501 5708 5505 5705 5501 5707 5504 5709 5507 5702 5506 5708 5505 5709 5507 5708 5505 5707 5504 5709 5507 5707 5504 5706 5502 5710 5508 5701 5509 5702 5506 5710 5508 5711 5510 5701 5509 5710 5508 5702 5506 5709 5507 5712 5511 5701 5509 5711 5510 5712 5511 5711 5510 5713 5512 5712 5511 5713 5512 5694 5513 5714 5514 5694 5513 5693 5515 5714 5514 5693 5515 5697 5516 5715 5517 5697 5516 5698 5518 5715 5517 5694 5513 5714 5514 5715 5517 5712 5511 5694 5513 5715 5517 5714 5514 5697 5516 5716 5519 5701 5509 5712 5511 5716 5519 5715 5517 5698 5518 5716 5519 5712 5511 5715 5517 5717 5520 5698 5518 5699 5521 5717 5520 5699 5521 5700 5522 5717 5520 5700 5522 5701 5509 5717 5520 5716 5519 5698 5518 5717 5520 5701 5509 5716 5519 5718 5523 5695 5503 5694 5513 5718 5523 5713 5512 5711 5510 5718 5523 5706 5502 5695 5503 5718 5523 5694 5513 5713 5512 5718 5523 5709 5507 5706 5502 5718 5523 5711 5510 5710 5508 5718 5523 5710 5508 5709 5507 5720 5524 5719 5525 5729 5526 5728 5527 5720 5524 5729 5526 5721 5528 5720 5524 5728 5527 5727 5529 5722 5530 5721 5528 5727 5529 5723 5531 5722 5530 5727 5529 5721 5528 5728 5527 5725 5532 5724 5533 5723 5531 5726 5534 5725 5532 5723 5531 5726 5534 5723 5531 5727 5529 5747 5535 5730 5536 5731 5537 5748 5538 5733 5539 5734 5540 5748 5538 5734 5540 5735 5541 5749 5542 5733 5539 5748 5538 5750 5543 5731 5537 5732 5544 5750 5543 5732 5544 5733 5539 5750 5543 5747 5535 5731 5537 5750 5543 5733 5539 5749 5542 5751 5545 5749 5542 5748 5538 5752 5546 5735 5541 5736 5547 5752 5546 5748 5538 5735 5541 5752 5546 5751 5545 5748 5538 5753 5548 5749 5542 5751 5545 5754 5549 5750 5543 5749 5542 5754 5549 5749 5542 5753 5548 5755 5550 5746 5551 5747 5535 5755 5550 5747 5535 5750 5543 5755 5550 5750 5543 5754 5549 5756 5552 5757 5553 5758 5554 5759 5555 5738 5556 5737 5557 5760 5558 5737 5557 5739 5559 5760 5558 5739 5559 5740 5560 5760 5558 5740 5560 5741 5561 5760 5558 5759 5555 5737 5557 5761 5562 5756 5552 5759 5555 5761 5562 5760 5558 5741 5561 5761 5562 5759 5555 5760 5558 5762 5563 5741 5561 5742 5564 5762 5563 5742 5564 5743 5565 5762 5563 5743 5565 5744 5566 5762 5563 5744 5566 5745 5567 5762 5563 5761 5562 5741 5561 5763 5568 5736 5547 5738 5556 5763 5568 5752 5546 5736 5547 5763 5568 5758 5554 5752 5546 5763 5568 5756 5552 5758 5554 5764 5569 5753 5548 5751 5545 5764 5569 5755 5550 5754 5549 5764 5569 5746 5551 5755 5550 5764 5569 5754 5549 5753 5548 5765 5570 5751 5545 5752 5546 5765 5570 5764 5569 5751 5545 5765 5570 5752 5546 5758 5554 5766 5571 5763 5568 5738 5556 5766 5571 5738 5556 5759 5555 5766 5571 5759 5555 5756 5552 5766 5571 5756 5552 5763 5568 5767 5572 5745 5567 5746 5551 5767 5572 5757 5553 5745 5567 5767 5572 5764 5569 5765 5570 5767 5572 5758 5554 5757 5553 5767 5572 5746 5551 5764 5569 5767 5572 5765 5570 5758 5554 5768 5573 5745 5567 5757 5553 5768 5573 5757 5553 5756 5552 5769 5574 5756 5552 5761 5562 5769 5574 5768 5573 5756 5552 5770 5575 5745 5567 5768 5573 5770 5575 5768 5573 5769 5574 5771 5576 5770 5575 5769 5574 5771 5576 5762 5563 5745 5567 5771 5576 5761 5562 5762 5563 5771 5576 5745 5567 5770 5575 5771 5576 5769 5574 5761 5562 5783 5577 5773 5578 5774 5579 5783 5577 5774 5579 5775 5580 5783 5577 5775 5580 5776 5581 5783 5577 5776 5581 5777 5582 5783 5577 5777 5582 5778 5583 5783 5577 5778 5583 5779 5584 5783 5577 5779 5584 5780 5585 5783 5577 5780 5585 5781 5586 5783 5577 5781 5586 5782 5587 5786 5588 5772 5589 5773 5578 5786 5588 5783 5577 5784 5590 5786 5588 5784 5590 5785 5591 5786 5588 5785 5591 5772 5589 5786 5588 5773 5578 5783 5577 5800 5592 5787 5593 5788 5594 5800 5592 5788 5594 5789 5595 5800 5592 5789 5595 5790 5596 5800 5592 5790 5596 5791 5597 5800 5592 5791 5597 5792 5598 5800 5592 5792 5598 5793 5599 5800 5592 5793 5599 5794 5600 5800 5592 5794 5600 5795 5601 5800 5592 5795 5601 5796 5602 5801 5603 5796 5602 5797 5604 5801 5603 5797 5604 5798 5605 5801 5603 5798 5605 5799 5606 5801 5603 5799 5606 5800 5592 5801 5603 5800 5592 5796 5602 5803 5607 5821 5608 5820 5609 5803 5607 5820 5609 5802 5610 5822 5611 5821 5608 5803 5607 5823 5612 5822 5611 5803 5607 5804 5613 5823 5612 5803 5607 5816 5614 5828 5615 5827 5616 5816 5614 5829 5617 5828 5615 5816 5614 5815 5618 5829 5617 5809 5619 5807 5620 5808 5621 5810 5622 5806 5623 5807 5620 5810 5622 5807 5620 5809 5619 5819 5624 5818 5625 5812 5626 5813 5627 5819 5624 5812 5626 5814 5628 5819 5624 5813 5627 5830 5629 5804 5613 5805 5630 5830 5629 5805 5630 5806 5623 5830 5629 5823 5612 5804 5613 5830 5629 5806 5623 5810 5622 5831 5631 5810 5622 5811 5632 5831 5631 5811 5632 5812 5626 5831 5631 5818 5625 5817 5633 5831 5631 5824 5634 5823 5612 5831 5631 5830 5629 5810 5622 5831 5631 5823 5612 5830 5629 5831 5631 5812 5626 5818 5625 5832 5635 5817 5633 5816 5614 5832 5635 5825 5636 5824 5634 5832 5635 5826 5637 5825 5636 5832 5635 5827 5616 5826 5637 5832 5635 5831 5631 5817 5633 5832 5635 5824 5634 5831 5631 5832 5635 5816 5614 5827 5616 5834 5638 5860 5639 5833 5640 5843 5641 5841 5642 5842 5643 5851 5644 5841 5642 5843 5641 5854 5645 5855 5646 5856 5647 5845 5648 5853 5649 5846 5650 5844 5651 5853 5649 5845 5648 5852 5652 5853 5649 5844 5651 5861 5653 5834 5638 5835 5654 5861 5653 5859 5655 5860 5639 5861 5653 5860 5639 5834 5638 5862 5656 5857 5657 5858 5658 5862 5656 5858 5658 5859 5655 5862 5656 5859 5655 5861 5653 5863 5659 5835 5654 5836 5660 5863 5659 5861 5653 5835 5654 5863 5659 5862 5656 5861 5653 5864 5661 5856 5647 5857 5657 5864 5661 5862 5656 5863 5659 5864 5661 5854 5645 5856 5647 5864 5661 5857 5657 5862 5656 5865 5662 5836 5660 5837 5663 5865 5662 5837 5663 5838 5664 5865 5662 5863 5659 5836 5660 5865 5662 5864 5661 5863 5659 5866 5665 5864 5661 5865 5662 5867 5666 5866 5665 5865 5662 5868 5667 5848 5668 5847 5669 5868 5667 5849 5670 5848 5668 5868 5667 5850 5671 5849 5670 5868 5667 5867 5666 5865 5662 5869 5672 5847 5669 5846 5650 5869 5672 5853 5649 5854 5645 5869 5672 5867 5666 5868 5667 5869 5672 5854 5645 5864 5661 5869 5672 5864 5661 5866 5665 5869 5672 5866 5665 5867 5666 5869 5672 5868 5667 5847 5669 5869 5672 5846 5650 5853 5649 5870 5673 5838 5664 5839 5674 5870 5673 5839 5674 5840 5675 5870 5673 5840 5675 5841 5642 5870 5673 5851 5644 5850 5671 5870 5673 5841 5642 5851 5644 5870 5673 5865 5662 5838 5664 5870 5673 5850 5671 5868 5667 5870 5673 5868 5667 5865 5662 5872 5676 5893 5677 5894 5678 5872 5676 5894 5678 5871 5679 5878 5680 5876 5681 5877 5682 5882 5683 5881 5684 5888 5685 5886 5686 5885 5687 5879 5688 5887 5689 5886 5686 5879 5688 5880 5690 5887 5689 5879 5688 5895 5691 5874 5692 5875 5693 5895 5691 5875 5693 5876 5681 5895 5691 5878 5680 5879 5688 5895 5691 5876 5681 5878 5680 5896 5694 5890 5695 5891 5696 5896 5694 5891 5696 5892 5697 5896 5694 5892 5697 5893 5677 5896 5694 5893 5677 5872 5676 5897 5698 5872 5676 5873 5699 5897 5698 5873 5699 5874 5692 5897 5698 5874 5692 5895 5691 5897 5698 5896 5694 5872 5676 5898 5700 5897 5698 5895 5691 5898 5700 5896 5694 5897 5698 5899 5701 5898 5700 5895 5691 5899 5701 5896 5694 5898 5700 5900 5702 5889 5703 5890 5695 5900 5702 5890 5695 5896 5694 5900 5702 5896 5694 5899 5701 5900 5702 5899 5701 5895 5691 5901 5704 5883 5705 5882 5683 5901 5704 5884 5706 5883 5705 5901 5704 5885 5687 5884 5706 5901 5704 5888 5685 5889 5703 5901 5704 5889 5703 5900 5702 5901 5704 5900 5702 5895 5691 5901 5704 5882 5683 5888 5685 5901 5704 5895 5691 5879 5688 5901 5704 5879 5688 5885 5687 5913 5707 5905 5708 5904 5709 5910 5710 5904 5709 5903 5711 5910 5710 5911 5712 5912 5713 5910 5710 5912 5713 5913 5707 5910 5710 5913 5707 5904 5709 5909 5714 5910 5710 5903 5711 5906 5715 5903 5711 5902 5716 5906 5715 5909 5714 5903 5711 5907 5717 5909 5714 5906 5715 5908 5718 5909 5714 5907 5717 5940 5719 5917 5720 5916 5721 5915 5722 5940 5719 5916 5721 5939 5723 5940 5719 5915 5722 5914 5724 5939 5723 5915 5722 5923 5725 5939 5723 5914 5724 5929 5726 5919 5727 5918 5728 5929 5726 5920 5729 5919 5727 5934 5730 5935 5731 5936 5732 5933 5733 5934 5730 5936 5732 5924 5734 5930 5735 5925 5736 5941 5737 5932 5738 5933 5733 5941 5737 5936 5732 5937 5739 5941 5737 5933 5733 5936 5732 5942 5740 5922 5741 5921 5742 5942 5740 5923 5725 5922 5741 5942 5740 5937 5739 5938 5743 5942 5740 5938 5743 5939 5723 5942 5740 5939 5723 5923 5725 5942 5740 5941 5737 5937 5739 5943 5744 5921 5742 5920 5729 5943 5744 5927 5745 5926 5746 5943 5744 5928 5747 5927 5745 5943 5744 5929 5726 5928 5747 5943 5744 5926 5746 5941 5737 5943 5744 5941 5737 5942 5740 5943 5744 5920 5729 5929 5726 5943 5744 5942 5740 5921 5742 5944 5748 5926 5746 5925 5736 5944 5748 5930 5735 5931 5749 5944 5748 5931 5749 5932 5738 5944 5748 5941 5737 5926 5746 5944 5748 5932 5738 5941 5737 5944 5748 5925 5736 5930 5735 5950 5750 5957 5751 5949 5752 5947 5753 5948 5754 5958 5755 5945 5756 5946 5757 5954 5758 5962 5759 5955 5760 5956 5761 5962 5759 5959 5762 5960 5763 5962 5759 5960 5763 5961 5764 5962 5759 5961 5764 5955 5760 5963 5765 5962 5759 5956 5761 5964 5766 5950 5750 5951 5767 5964 5766 5956 5761 5957 5751 5964 5766 5963 5765 5956 5761 5964 5766 5957 5751 5950 5750 5965 5768 5958 5755 5959 5762 5965 5768 5959 5762 5962 5759 5965 5768 5962 5759 5963 5765 5965 5768 5947 5753 5958 5755 5966 5769 5946 5757 5947 5753 5966 5769 5953 5770 5954 5758 5966 5769 5947 5753 5965 5768 5966 5769 5954 5758 5946 5757 5967 5771 5951 5767 5952 5772 5967 5771 5952 5772 5953 5770 5967 5771 5953 5770 5966 5769 5967 5771 5966 5769 5965 5768 5967 5771 5963 5765 5964 5766 5967 5771 5965 5768 5963 5765 5967 5771 5964 5766 5951 5767 5975 5773 5968 5774 5969 5775 5975 5773 5979 5776 5968 5774 5974 5777 5979 5776 5975 5773 5973 5778 5980 5779 5979 5776 5973 5778 5979 5776 5974 5777 5972 5780 5981 5781 5980 5779 5972 5780 5980 5779 5973 5778 5971 5782 5982 5783 5981 5781 5971 5782 5981 5781 5972 5780 5977 5784 5983 5785 5982 5783 5977 5784 5976 5786 5983 5785 5977 5784 5982 5783 5971 5782 5978 5787 5977 5784 5971 5782 5970 5788 5978 5787 5971 5782 6000 5789 5986 5790 5987 5791 6001 5792 5987 5791 5988 5793 6001 5792 5988 5793 5989 5794 6001 5792 6000 5789 5987 5791 6002 5795 6000 5789 6001 5792 6003 5796 6002 5795 6001 5792 6004 5797 5989 5794 5990 5798 6004 5797 5990 5798 5991 5799 6004 5797 6001 5792 5989 5794 6004 5797 6003 5796 6001 5792 6005 5800 6000 5789 6002 5795 6006 5801 6007 5802 6008 5803 6006 5801 6008 5803 6009 5804 6010 5805 5998 5806 5997 5807 6010 5805 5997 5807 6007 5802 6010 5805 6007 5802 6006 5801 6011 5808 5992 5809 5993 5810 6011 5808 5999 5811 5998 5806 6011 5808 5993 5810 5999 5811 6011 5808 6012 5812 5992 5809 6011 5808 5998 5806 6010 5805 6011 5808 6009 5804 6012 5812 6011 5808 6006 5801 6009 5804 6011 5808 6010 5805 6006 5801 6013 5813 5984 5814 5985 5815 6013 5813 5985 5815 5986 5790 6013 5813 6005 5800 5984 5814 6013 5813 5986 5790 6000 5789 6013 5813 6000 5789 6005 5800 6014 5816 6004 5797 5991 5799 6014 5816 6002 5795 6003 5796 6014 5816 6003 5796 6004 5797 6014 5816 6005 5800 6002 5795 6015 5817 5994 5818 5984 5814 6015 5817 5984 5814 6005 5800 6015 5817 6005 5800 6008 5803 6015 5817 6008 5803 6007 5802 6016 5819 6014 5816 5991 5799 6016 5819 6005 5800 6014 5816 6017 5820 5991 5799 5992 5809 6017 5820 6016 5819 5991 5799 6017 5820 6008 5803 6005 5800 6017 5820 5992 5809 6012 5812 6017 5820 6009 5804 6008 5803 6017 5820 6012 5812 6009 5804 6017 5820 6005 5800 6016 5819 6018 5821 5995 5822 5994 5818 6018 5821 5996 5823 5995 5822 6018 5821 5997 5807 5996 5823 6018 5821 6007 5802 5997 5807 6018 5821 5994 5818 6015 5817 6018 5821 6015 5817 6007 5802 6031 5824 6022 5825 6021 5826 6023 5827 6020 5828 6019 5829 6024 5830 6020 5828 6023 5827 6029 5831 6028 5832 6032 5833 6027 5834 6030 5835 6026 5836 6033 5837 6021 5826 6020 5828 6033 5837 6024 5830 6025 5838 6033 5837 6031 5824 6021 5826 6033 5837 6020 5828 6024 5830 6034 5839 6025 5838 6026 5836 6034 5839 6032 5833 6031 5824 6034 5839 6033 5837 6025 5838 6034 5839 6031 5824 6033 5837 6035 5840 6030 5835 6029 5831 6035 5840 6034 5839 6026 5836 6035 5840 6032 5833 6034 5839 6035 5840 6029 5831 6032 5833 6035 5840 6026 5836 6030 5835 6055 5841 6054 5842 6045 5843 6046 5844 6055 5841 6045 5843 6057 5845 6041 5846 6040 5847 6057 5845 6042 5848 6041 5846 6057 5845 6056 5849 6042 5848 6058 5850 6038 5851 6037 5852 6058 5850 6039 5853 6038 5851 6058 5850 6040 5847 6039 5853 6058 5850 6057 5845 6040 5847 6059 5854 6057 5845 6058 5850 6060 5855 6059 5854 6058 5850 6060 5855 6058 5850 6037 5852 6061 5856 6048 5857 6047 5858 6061 5856 6047 5858 6056 5849 6062 5859 6037 5852 6036 5860 6062 5859 6036 5860 6043 5861 6062 5859 6043 5861 6063 5862 6062 5859 6060 5855 6037 5852 6062 5859 6063 5862 6060 5855 6064 5863 6049 5864 6048 5857 6064 5863 6048 5857 6061 5856 6064 5863 6061 5856 6065 5865 6064 5863 6065 5865 6066 5866 6067 5867 6053 5868 6052 5869 6068 5870 6050 5871 6049 5864 6068 5870 6051 5872 6050 5871 6068 5870 6052 5869 6051 5872 6068 5870 6049 5864 6064 5863 6068 5870 6067 5867 6052 5869 6068 5870 6064 5863 6066 5866 6068 5870 6066 5866 6067 5867 6069 5873 6043 5861 6044 5874 6069 5873 6044 5874 6045 5843 6069 5873 6054 5842 6053 5868 6069 5873 6053 5868 6067 5867 6069 5873 6063 5862 6043 5861 6069 5873 6045 5843 6054 5842 6069 5873 6067 5867 6063 5862 6070 5875 6059 5854 6060 5855 6070 5875 6057 5845 6059 5854 6070 5875 6056 5849 6057 5845 6070 5875 6060 5855 6063 5862 6071 5876 6070 5875 6063 5862 6071 5876 6056 5849 6070 5875 6072 5877 6061 5856 6056 5849 6072 5877 6065 5865 6061 5856 6072 5877 6066 5866 6065 5865 6072 5877 6067 5867 6066 5866 6072 5877 6063 5862 6067 5867 6072 5877 6071 5876 6063 5862 6072 5877 6056 5849 6071 5876 6094 5878 6089 5879 6088 5880 6094 5878 6090 5881 6089 5879 6094 5878 6091 5882 6090 5881 6095 5883 6073 5884 6074 5885 6095 5883 6088 5880 6073 5884 6095 5883 6094 5878 6088 5880 6096 5886 6094 5878 6095 5883 6097 5887 6092 5888 6091 5882 6097 5887 6094 5878 6096 5886 6097 5887 6091 5882 6094 5878 6098 5889 6074 5885 6075 5890 6098 5889 6083 5891 6082 5892 6098 5889 6075 5890 6083 5891 6099 5893 6093 5894 6092 5888 6099 5893 6092 5888 6097 5887 6100 5895 6099 5893 6097 5887 6100 5895 6085 5896 6099 5893 6101 5897 6085 5896 6086 5898 6101 5897 6086 5898 6087 5899 6101 5897 6087 5899 6093 5894 6101 5897 6093 5894 6099 5893 6101 5897 6099 5893 6085 5896 6102 5900 6081 5901 6080 5902 6102 5900 6082 5892 6081 5901 6102 5900 6098 5889 6082 5892 6102 5900 6103 5903 6098 5889 6102 5900 6104 5904 6103 5903 6105 5905 6079 5906 6078 5907 6105 5905 6080 5902 6079 5906 6105 5905 6102 5900 6080 5902 6105 5905 6104 5904 6102 5900 6106 5908 6105 5905 6078 5907 6106 5908 6104 5904 6105 5905 6107 5909 6077 5910 6076 5911 6107 5909 6078 5907 6077 5910 6107 5909 6076 5911 6084 5912 6107 5909 6084 5912 6085 5896 6107 5909 6085 5896 6100 5895 6107 5909 6106 5908 6078 5907 6107 5909 6100 5895 6106 5908 6108 5913 6096 5886 6095 5883 6108 5913 6095 5883 6074 5885 6108 5913 6100 5895 6097 5887 6108 5913 6097 5887 6096 5886 6109 5914 6108 5913 6074 5885 6109 5914 6100 5895 6108 5913 6110 5915 6098 5889 6103 5903 6110 5915 6109 5914 6074 5885 6110 5915 6074 5885 6098 5889 6110 5915 6103 5903 6104 5904 6110 5915 6106 5908 6100 5895 6110 5915 6104 5904 6106 5908 6110 5915 6100 5895 6109 5914 6122 5916 6117 5917 6116 5918 6122 5916 6121 5919 6117 5917 6123 5920 6116 5918 6115 5921 6123 5920 6122 5916 6116 5918 6124 5922 6115 5921 6114 5923 6124 5922 6123 5920 6115 5921 6125 5924 6114 5923 6113 5925 6125 5924 6124 5922 6114 5923 6120 5926 6112 5927 6111 5928 6120 5926 6113 5925 6112 5927 6126 5929 6125 5924 6113 5925 6126 5929 6113 5925 6120 5926 6119 5930 6126 5929 6120 5926 6118 5931 6126 5929 6119 5930 6143 5932 6139 5933 6140 5934 6143 5932 6140 5934 6141 5935 6143 5932 6141 5935 6142 5936 6144 5937 6138 5938 6139 5933 6144 5937 6139 5933 6143 5932 6145 5939 6144 5937 6143 5932 6146 5940 6144 5937 6145 5939 6147 5941 6136 5942 6137 5943 6147 5941 6137 5943 6138 5938 6147 5941 6138 5938 6144 5937 6147 5941 6144 5937 6146 5940 6148 5944 6142 5936 6127 5945 6148 5944 6143 5932 6142 5936 6148 5944 6145 5939 6143 5932 6149 5946 6132 5947 6131 5948 6150 5949 6151 5950 6152 5951 6150 5949 6152 5951 6153 5952 6154 5953 6131 5948 6130 5954 6154 5953 6149 5946 6131 5948 6154 5953 6153 5952 6149 5946 6154 5953 6150 5949 6153 5952 6155 5955 6130 5954 6129 5956 6155 5955 6129 5956 6135 5957 6155 5955 6154 5953 6130 5954 6155 5955 6135 5957 6151 5950 6155 5955 6151 5950 6150 5949 6155 5955 6150 5949 6154 5953 6156 5958 6145 5939 6148 5944 6156 5958 6147 5941 6146 5940 6156 5958 6146 5940 6145 5939 6156 5958 6136 5942 6147 5941 6157 5959 6156 5958 6148 5944 6157 5959 6136 5942 6156 5958 6158 5960 6127 5945 6128 5961 6158 5960 6148 5944 6127 5945 6159 5962 6135 5957 6136 5942 6159 5962 6136 5942 6157 5959 6159 5962 6148 5944 6152 5951 6159 5962 6151 5950 6135 5957 6159 5962 6152 5951 6151 5950 6159 5962 6157 5959 6148 5944 6160 5963 6152 5951 6148 5944 6160 5963 6153 5952 6152 5951 6160 5963 6148 5944 6158 5960 6161 5964 6160 5963 6158 5960 6162 5965 6133 5966 6132 5947 6162 5965 6134 5967 6133 5966 6162 5965 6128 5961 6134 5967 6162 5965 6132 5947 6149 5946 6162 5965 6158 5960 6128 5961 6162 5965 6161 5964 6158 5960 6163 5968 6149 5946 6153 5952 6163 5968 6153 5952 6160 5963 6163 5968 6160 5963 6161 5964 6163 5968 6162 5965 6149 5946 6163 5968 6161 5964 6162 5965 6164 5969 6165 5970 6166 5971 6164 5969 6166 5971 6167 5972 6164 5969 6167 5972 6168 5973 6175 5974 6168 5973 6169 5975 6175 5974 6169 5975 6170 5976 6175 5974 6170 5976 6171 5977 6175 5974 6171 5977 6172 5978 6175 5974 6164 5969 6168 5973 6173 5979 6175 5974 6172 5978 6174 5980 6175 5974 6173 5979 6191 5981 6175 5974 6174 5980 6182 5982 6189 5983 6181 5984 6183 5985 6188 5986 6189 5983 6183 5985 6189 5983 6182 5982 6180 5987 6184 5988 6185 5989 6180 5987 6185 5989 6186 5990 6180 5987 6186 5990 6187 5991 6180 5987 6187 5991 6188 5986 6180 5987 6190 5992 6184 5988 6180 5987 6188 5986 6183 5985 6179 5993 6176 5994 6175 5974 6179 5993 6175 5974 6191 5981 6178 5995 6191 5981 6190 5992 6178 5995 6190 5992 6180 5987 6178 5995 6179 5993 6191 5981 6177 5996 6178 5995 6180 5987 6195 5997 6193 5998 6192 5999 6195 5997 6199 6000 6193 5998 6194 6001 6200 6002 6199 6000 6194 6001 6199 6000 6195 5997 6197 6003 6198 6004 6200 6002 6197 6003 6200 6002 6194 6001 6196 6005 6198 6004 6197 6003 6218 6006 6207 6007 6206 6008 6212 6009 6211 6010 6217 6011 6210 6012 6202 6013 6201 6014 6219 6015 6205 6016 6204 6017 6219 6015 6206 6008 6205 6016 6219 6015 6217 6011 6218 6006 6219 6015 6218 6006 6206 6008 6220 6018 6213 6019 6212 6009 6220 6018 6219 6015 6204 6017 6220 6018 6212 6009 6217 6011 6220 6018 6217 6011 6219 6015 6221 6020 6204 6017 6203 6021 6221 6020 6214 6022 6213 6019 6221 6020 6220 6018 6204 6017 6221 6020 6213 6019 6220 6018 6222 6023 6221 6020 6203 6021 6222 6023 6214 6022 6221 6020 6223 6024 6203 6021 6202 6013 6223 6024 6215 6025 6214 6022 6223 6024 6214 6022 6222 6023 6223 6024 6222 6023 6203 6021 6224 6026 6210 6012 6209 6027 6224 6026 6215 6025 6223 6024 6224 6026 6223 6024 6202 6013 6224 6026 6202 6013 6210 6012 6225 6028 6209 6027 6208 6029 6225 6028 6216 6030 6215 6025 6225 6028 6208 6029 6216 6030 6225 6028 6215 6025 6224 6026 6225 6028 6224 6026 6209 6027 6244 6031 6236 6032 6237 6033 6244 6031 6243 6034 6236 6032 6245 6035 6237 6033 6238 6036 6245 6035 6238 6036 6239 6037 6245 6035 6239 6037 6240 6038 6245 6035 6244 6031 6237 6033 6246 6039 6244 6031 6245 6035 6247 6040 6243 6034 6244 6031 6247 6040 6244 6031 6246 6039 6248 6041 6227 6042 6226 6043 6248 6041 6226 6043 6243 6034 6248 6041 6243 6034 6247 6040 6249 6044 6248 6041 6247 6040 6250 6045 6228 6046 6227 6042 6250 6045 6229 6047 6228 6046 6250 6045 6230 6048 6229 6047 6250 6045 6248 6041 6249 6044 6250 6045 6227 6042 6248 6041 6251 6049 6241 6050 6242 6051 6252 6052 6235 6053 6234 6054 6252 6052 6242 6051 6235 6053 6252 6052 6234 6054 6251 6049 6252 6052 6251 6049 6242 6051 6253 6055 6233 6056 6232 6057 6253 6055 6234 6054 6233 6056 6254 6058 6240 6038 6241 6050 6254 6058 6245 6035 6240 6038 6254 6058 6247 6040 6246 6039 6254 6058 6241 6050 6251 6049 6254 6058 6246 6039 6245 6035 6255 6059 6251 6049 6234 6054 6255 6059 6234 6054 6253 6055 6255 6059 6254 6058 6251 6049 6256 6060 6247 6040 6254 6058 6256 6060 6250 6045 6249 6044 6256 6060 6249 6044 6247 6040 6256 6060 6254 6058 6255 6059 6256 6060 6255 6059 6253 6055 6257 6061 6231 6062 6230 6048 6257 6061 6232 6057 6231 6062 6257 6061 6253 6055 6232 6057 6257 6061 6230 6048 6250 6045 6257 6061 6250 6045 6256 6060 6257 6061 6256 6060 6253 6055 6269 6063 6267 6064 6268 6065 6262 6066 6265 6067 6266 6068 6262 6066 6266 6068 6267 6064 6262 6066 6267 6064 6269 6063 6264 6069 6265 6067 6262 6066 6285 6070 6283 6071 6284 6072 6285 6070 6291 6073 6283 6071 6286 6074 6291 6073 6285 6070 6287 6075 6259 6076 6291 6073 6287 6075 6291 6073 6286 6074 6288 6077 6258 6078 6259 6076 6288 6077 6259 6076 6287 6075 6289 6079 6258 6078 6288 6077 6290 6080 6258 6078 6289 6079 6274 6081 6273 6082 6272 6083 6277 6084 6276 6085 6278 6086 6292 6087 6261 6088 6260 6089 6292 6087 6262 6066 6261 6088 6292 6087 6263 6090 6264 6069 6292 6087 6270 6091 6263 6090 6292 6087 6264 6069 6262 6066 6293 6092 6292 6087 6260 6089 6294 6093 6271 6094 6270 6091 6294 6093 6270 6091 6292 6087 6294 6093 6292 6087 6293 6092 6295 6095 6294 6093 6293 6092 6296 6096 6260 6089 6258 6078 6296 6096 6280 6097 6279 6098 6296 6096 6281 6099 6280 6097 6296 6096 6282 6100 6281 6099 6296 6096 6290 6080 6282 6100 6296 6096 6295 6095 6293 6092 6296 6096 6258 6078 6290 6080 6296 6096 6293 6092 6260 6089 6297 6101 6294 6093 6295 6095 6298 6102 6294 6093 6297 6101 6299 6103 6272 6083 6271 6094 6299 6103 6275 6104 6274 6081 6299 6103 6294 6093 6298 6102 6299 6103 6271 6094 6294 6093 6299 6103 6274 6081 6272 6083 6300 6105 6279 6098 6278 6086 6300 6105 6297 6101 6295 6095 6300 6105 6298 6102 6297 6101 6300 6105 6295 6095 6296 6096 6300 6105 6296 6096 6279 6098 6301 6106 6275 6104 6299 6103 6301 6106 6300 6105 6278 6086 6301 6106 6276 6085 6275 6104 6301 6106 6298 6102 6300 6105 6301 6106 6299 6103 6298 6102 6301 6106 6278 6086 6276 6085 6322 6107 6316 6108 6315 6109 6322 6107 6317 6110 6316 6108 6323 6111 6318 6112 6317 6110 6323 6111 6319 6113 6318 6112 6323 6111 6317 6110 6322 6107 6324 6114 6315 6109 6314 6115 6324 6114 6322 6107 6315 6109 6325 6116 6322 6107 6324 6114 6325 6116 6323 6111 6322 6107 6326 6117 6320 6118 6319 6113 6326 6117 6319 6113 6323 6111 6326 6117 6323 6111 6325 6116 6327 6119 6321 6120 6320 6118 6327 6119 6320 6118 6326 6117 6328 6121 6321 6120 6327 6119 6329 6122 6327 6119 6326 6117 6330 6123 6303 6124 6302 6125 6330 6123 6302 6125 6321 6120 6330 6123 6328 6121 6303 6124 6330 6123 6321 6120 6328 6121 6331 6126 6314 6115 6306 6127 6332 6128 6306 6127 6307 6129 6332 6128 6307 6129 6308 6130 6332 6128 6308 6130 6309 6131 6332 6128 6309 6131 6310 6132 6332 6128 6310 6132 6311 6133 6332 6128 6331 6126 6306 6127 6333 6134 6304 6135 6303 6124 6333 6134 6303 6124 6328 6121 6333 6134 6327 6119 6329 6122 6333 6134 6328 6121 6327 6119 6333 6134 6329 6122 6334 6136 6335 6137 6311 6133 6312 6138 6335 6137 6332 6128 6311 6133 6335 6137 6331 6126 6332 6128 6335 6137 6333 6134 6334 6136 6336 6139 6312 6138 6313 6140 6336 6139 6335 6137 6312 6138 6336 6139 6333 6134 6335 6137 6337 6141 6305 6142 6304 6135 6337 6141 6313 6140 6305 6142 6337 6141 6304 6135 6333 6134 6337 6141 6336 6139 6313 6140 6337 6141 6333 6134 6336 6139 6338 6143 6325 6116 6324 6114 6338 6143 6324 6114 6314 6115 6338 6143 6329 6122 6326 6117 6338 6143 6326 6117 6325 6116 6339 6144 6338 6143 6314 6115 6340 6145 6339 6144 6314 6115 6341 6146 6334 6136 6329 6122 6341 6146 6329 6122 6338 6143 6341 6146 6338 6143 6339 6144 6341 6146 6339 6144 6340 6145 6342 6147 6314 6115 6331 6126 6342 6147 6331 6126 6335 6137 6342 6147 6335 6137 6334 6136 6342 6147 6340 6145 6314 6115 6342 6147 6334 6136 6341 6146 6342 6147 6341 6146 6340 6145 6360 6148 6353 6149 6354 6150 6360 6148 6357 6151 6358 6152 6360 6148 6358 6152 6359 6153 6360 6148 6359 6153 6353 6149 6361 6154 6360 6148 6354 6150 6362 6155 6346 6156 6347 6157 6362 6155 6354 6150 6346 6156 6362 6155 6361 6154 6354 6150 6363 6158 6361 6154 6362 6155 6364 6159 6347 6157 6348 6160 6364 6159 6348 6160 6349 6161 6364 6159 6349 6161 6350 6162 6364 6159 6362 6155 6347 6157 6364 6159 6363 6158 6362 6155 6365 6163 6344 6164 6343 6165 6365 6163 6343 6165 6355 6166 6366 6167 6345 6168 6344 6164 6366 6167 6352 6169 6345 6168 6367 6170 6355 6166 6356 6171 6367 6170 6365 6163 6355 6166 6368 6172 6365 6163 6367 6170 6369 6173 6366 6167 6344 6164 6369 6173 6365 6163 6368 6172 6369 6173 6344 6164 6365 6163 6370 6174 6363 6158 6364 6159 6370 6174 6369 6173 6368 6172 6370 6174 6361 6154 6363 6158 6370 6174 6368 6172 6361 6154 6371 6175 6350 6162 6351 6176 6371 6175 6351 6176 6352 6169 6371 6175 6352 6169 6366 6167 6371 6175 6364 6159 6350 6162 6371 6175 6370 6174 6364 6159 6371 6175 6366 6167 6369 6173 6371 6175 6369 6173 6370 6174 6372 6177 6356 6171 6357 6151 6372 6177 6368 6172 6367 6170 6372 6177 6360 6148 6361 6154 6372 6177 6357 6151 6360 6148 6372 6177 6367 6170 6356 6171 6372 6177 6361 6154 6368 6172 6374 6178 6385 6179 6373 6180 6381 6181 6374 6178 6375 6182 6380 6183 6374 6178 6381 6181 6383 6184 6382 6185 6389 6186 6376 6187 6384 6188 6377 6189 6390 6190 6380 6183 6379 6191 6390 6190 6386 6192 6385 6179 6390 6190 6385 6179 6374 6178 6390 6190 6374 6178 6380 6183 6391 6193 6379 6191 6378 6194 6391 6193 6387 6195 6386 6192 6391 6193 6390 6190 6379 6191 6391 6193 6386 6192 6390 6190 6392 6196 6388 6197 6387 6195 6392 6196 6387 6195 6391 6193 6392 6196 6391 6193 6378 6194 6393 6198 6388 6197 6392 6196 6393 6198 6392 6196 6378 6194 6394 6199 6378 6194 6377 6189 6394 6199 6388 6197 6393 6198 6394 6199 6393 6198 6378 6194 6394 6199 6377 6189 6384 6188 6395 6200 6384 6188 6383 6184 6395 6200 6389 6186 6388 6197 6395 6200 6394 6199 6384 6188 6395 6200 6388 6197 6394 6199 6395 6200 6383 6184 6389 6186 6404 6201 6399 6202 6398 6203 6404 6201 6403 6204 6399 6202 6401 6205 6398 6203 6397 6206 6401 6205 6404 6201 6398 6203 6402 6207 6397 6206 6396 6208 6402 6207 6401 6205 6397 6206 6400 6209 6402 6207 6396 6208 6424 6210 6416 6211 6417 6212 6424 6210 6417 6212 6418 6213 6425 6214 6418 6213 6419 6215 6425 6214 6419 6215 6420 6216 6425 6214 6424 6210 6418 6213 6426 6217 6423 6218 6416 6211 6426 6217 6416 6211 6424 6210 6427 6219 6424 6210 6425 6214 6427 6219 6426 6217 6424 6210 6428 6220 6420 6216 6421 6221 6428 6220 6425 6214 6420 6216 6428 6220 6427 6219 6425 6214 6429 6222 6421 6221 6422 6223 6429 6222 6428 6220 6421 6221 6430 6224 6429 6222 6422 6223 6431 6225 6428 6220 6429 6222 6432 6226 6415 6227 6414 6228 6432 6226 6422 6223 6415 6227 6432 6226 6430 6224 6422 6223 6432 6226 6414 6228 6430 6224 6433 6229 6412 6230 6423 6218 6434 6231 6414 6228 6413 6232 6434 6231 6431 6225 6429 6222 6434 6231 6430 6224 6414 6228 6434 6231 6429 6222 6430 6224 6434 6231 6435 6233 6431 6225 6436 6234 6407 6235 6408 6236 6436 6234 6408 6236 6409 6237 6436 6234 6409 6237 6410 6238 6436 6234 6410 6238 6411 6239 6436 6234 6411 6239 6412 6230 6436 6234 6412 6230 6433 6229 6437 6240 6407 6235 6436 6234 6437 6240 6436 6234 6433 6229 6438 6241 6406 6242 6407 6235 6438 6241 6434 6231 6413 6232 6438 6241 6407 6235 6437 6240 6438 6241 6435 6233 6434 6231 6438 6241 6437 6240 6435 6233 6439 6243 6405 6244 6406 6242 6439 6243 6413 6232 6405 6244 6439 6243 6438 6241 6413 6232 6439 6243 6406 6242 6438 6241 6440 6245 6423 6218 6426 6217 6440 6245 6428 6220 6431 6225 6440 6245 6427 6219 6428 6220 6440 6245 6426 6217 6427 6219 6441 6246 6423 6218 6440 6245 6442 6247 6423 6218 6441 6246 6443 6248 6440 6245 6431 6225 6443 6248 6431 6225 6435 6233 6443 6248 6441 6246 6440 6245 6443 6248 6442 6247 6441 6246 6444 6249 6433 6229 6423 6218 6444 6249 6435 6233 6437 6240 6444 6249 6437 6240 6433 6229 6444 6249 6423 6218 6442 6247 6444 6249 6442 6247 6443 6248 6444 6249 6443 6248 6435 6233 6452 6250 6447 6251 6451 6252 6446 6253 6452 6250 6453 6254 6446 6253 6447 6251 6452 6250 6449 6255 6453 6254 6450 6256 6448 6257 6446 6253 6453 6254 6448 6257 6453 6254 6449 6255 6445 6258 6446 6253 6448 6257 6465 6259 6454 6260 6455 6261 6466 6262 6455 6261 6456 6263 6466 6262 6465 6259 6455 6261 6467 6264 6456 6263 6457 6265 6467 6264 6466 6262 6456 6263 6468 6266 6467 6264 6457 6265 6462 6267 6460 6268 6461 6269 6464 6270 6472 6271 6463 6272 6473 6273 6457 6265 6458 6274 6473 6273 6458 6274 6459 6275 6473 6273 6459 6275 6460 6268 6473 6273 6462 6267 6463 6272 6473 6273 6469 6276 6468 6266 6473 6273 6470 6277 6469 6276 6473 6273 6471 6278 6470 6277 6473 6273 6472 6271 6471 6278 6473 6273 6468 6266 6457 6265 6473 6273 6460 6268 6462 6267 6473 6273 6463 6272 6472 6271 6484 6279 6489 6280 6483 6281 6492 6282 6486 6283 6487 6284 6492 6282 6487 6284 6488 6285 6492 6282 6491 6286 6486 6283 6493 6287 6488 6285 6489 6280 6493 6287 6489 6280 6484 6279 6493 6287 6492 6282 6488 6285 6494 6288 6490 6289 6491 6286 6494 6288 6491 6286 6492 6282 6495 6290 6494 6288 6492 6282 6495 6290 6492 6282 6493 6287 6495 6290 6493 6287 6484 6279 6496 6291 6494 6288 6495 6290 6497 6292 6490 6289 6494 6288 6497 6292 6494 6288 6496 6291 6498 6293 6476 6294 6490 6289 6498 6293 6490 6289 6497 6292 6499 6295 6484 6279 6485 6296 6499 6295 6497 6292 6496 6291 6499 6295 6496 6291 6495 6290 6499 6295 6485 6296 6497 6292 6499 6295 6495 6290 6484 6279 6500 6297 6498 6293 6497 6292 6501 6298 6476 6294 6498 6293 6501 6298 6498 6293 6500 6297 6502 6299 6485 6296 6481 6300 6502 6299 6497 6292 6485 6296 6502 6299 6500 6297 6497 6292 6502 6299 6501 6298 6500 6297 6503 6301 6475 6302 6476 6294 6503 6301 6476 6294 6501 6298 6504 6303 6503 6301 6501 6298 6505 6304 6481 6300 6482 6305 6505 6304 6502 6299 6481 6300 6505 6304 6501 6298 6502 6299 6505 6304 6504 6303 6501 6298 6506 6306 6505 6304 6482 6305 6506 6306 6503 6301 6504 6303 6506 6306 6504 6303 6505 6304 6507 6307 6474 6308 6475 6302 6507 6307 6479 6309 6480 6310 6507 6307 6480 6310 6474 6308 6508 6311 6475 6302 6503 6301 6508 6311 6479 6309 6507 6307 6508 6311 6503 6301 6506 6306 6508 6311 6507 6307 6475 6302 6509 6312 6477 6313 6478 6314 6509 6312 6478 6314 6479 6309 6509 6312 6482 6305 6477 6313 6509 6312 6506 6306 6482 6305 6509 6312 6479 6309 6508 6311 6509 6312 6508 6311 6506 6306 6514 6315 6518 6316 6516 6317 6515 6318 6517 6319 6518 6316 6515 6318 6518 6316 6514 6315 6511 6320 6510 6321 6517 6319 6512 6322 6517 6319 6515 6318 6512 6322 6511 6320 6517 6319 6513 6323 6512 6322 6515 6318 6519 6324 6534 6325 6520 6326 6527 6327 6533 6328 6534 6325 6527 6327 6534 6325 6519 6324 6526 6329 6533 6328 6527 6327 6525 6330 6532 6331 6533 6328 6525 6330 6533 6328 6526 6329 6524 6332 6531 6333 6532 6331 6524 6332 6532 6331 6525 6330 6523 6334 6530 6335 6531 6333 6523 6334 6531 6333 6524 6332 6522 6336 6530 6335 6523 6334 6528 6337 6529 6338 6530 6335 6535 6339 6522 6336 6521 6340 6535 6339 6521 6340 6528 6337 6535 6339 6528 6337 6530 6335 6535 6339 6530 6335 6522 6336 6542 6341 6536 6342 6537 6343 6542 6341 6540 6344 6541 6345 6542 6341 6541 6345 6536 6342 6543 6346 6537 6343 6538 6347 6543 6346 6538 6347 6539 6348 6543 6346 6539 6348 6540 6344 6543 6346 6540 6344 6542 6341 6543 6346 6542 6341 6537 6343 6550 6349 6545 6350 6544 6351 6552 6352 6560 6353 6551 6354 6553 6355 6560 6353 6552 6352 6562 6356 6549 6357 6548 6358 6562 6356 6561 6359 6549 6357 6563 6360 6562 6356 6548 6358 6564 6361 6548 6358 6547 6362 6564 6361 6563 6360 6548 6358 6565 6363 6546 6364 6545 6350 6565 6363 6547 6362 6546 6364 6565 6363 6564 6361 6547 6362 6565 6363 6545 6350 6550 6349 6566 6365 6555 6366 6554 6367 6566 6365 6556 6368 6555 6366 6566 6365 6554 6367 6561 6359 6567 6369 6557 6370 6556 6368 6567 6369 6566 6365 6561 6359 6567 6369 6556 6368 6566 6365 6568 6371 6558 6372 6557 6370 6568 6371 6559 6373 6558 6372 6568 6371 6557 6370 6567 6369 6569 6374 6550 6349 6551 6354 6569 6374 6564 6361 6565 6363 6569 6374 6565 6363 6550 6349 6570 6375 6560 6353 6559 6373 6570 6375 6559 6373 6568 6371 6570 6375 6569 6374 6551 6354 6570 6375 6551 6354 6560 6353 6571 6376 6563 6360 6564 6361 6571 6376 6561 6359 6562 6356 6571 6376 6562 6356 6563 6360 6572 6377 6561 6359 6571 6376 6572 6377 6567 6369 6561 6359 6572 6377 6571 6376 6564 6361 6572 6377 6564 6361 6569 6374 6572 6377 6568 6371 6567 6369 6572 6377 6570 6375 6568 6371 6572 6377 6569 6374 6570 6375 6591 6378 6576 6379 6575 6380 6574 6381 6591 6378 6575 6380 6590 6382 6589 6383 6593 6384 6584 6385 6578 6386 6577 6387 6583 6388 6578 6386 6584 6385 6581 6389 6585 6390 6582 6391 6594 6392 6574 6381 6573 6393 6594 6392 6573 6393 6580 6394 6594 6392 6591 6378 6574 6381 6595 6395 6592 6396 6591 6378 6595 6395 6593 6384 6592 6396 6595 6395 6590 6382 6593 6384 6595 6395 6591 6378 6594 6392 6596 6397 6579 6398 6578 6386 6596 6397 6580 6394 6579 6398 6596 6397 6594 6392 6580 6394 6597 6399 6595 6395 6594 6392 6598 6400 6597 6399 6594 6392 6598 6400 6594 6392 6596 6397 6599 6401 6598 6400 6596 6397 6600 6402 6587 6403 6588 6404 6600 6402 6588 6404 6590 6382 6600 6402 6590 6382 6595 6395 6600 6402 6595 6395 6597 6399 6600 6402 6597 6399 6598 6400 6601 6405 6583 6388 6582 6391 6601 6405 6599 6401 6596 6397 6601 6405 6578 6386 6583 6388 6601 6405 6596 6397 6578 6386 6602 6406 6585 6390 6586 6407 6602 6406 6586 6407 6587 6403 6602 6406 6587 6403 6600 6402 6602 6406 6599 6401 6601 6405 6602 6406 6601 6405 6582 6391 6602 6406 6598 6400 6599 6401 6602 6406 6600 6402 6598 6400 6602 6406 6582 6391 6585 6390 6605 6408 6603 6409 6604 6410 6605 6408 6608 6411 6603 6409 6606 6412 6608 6411 6605 6408 6607 6413 6608 6411 6606 6412 6619 6414 6626 6415 6625 6416 6619 6414 6618 6417 6626 6415 6612 6418 6621 6419 6613 6420 6627 6421 6609 6422 6610 6423 6627 6421 6622 6424 6609 6422 6628 6425 6622 6424 6627 6421 6629 6426 6623 6427 6622 6424 6629 6426 6622 6424 6628 6425 6630 6428 6624 6429 6623 6427 6630 6428 6625 6416 6624 6429 6630 6428 6623 6427 6629 6426 6630 6428 6619 6414 6625 6416 6631 6430 6610 6423 6611 6431 6631 6430 6617 6432 6616 6433 6631 6430 6611 6431 6617 6432 6632 6434 6616 6433 6615 6435 6632 6434 6631 6430 6616 6433 6633 6436 6630 6428 6629 6426 6633 6436 6619 6414 6630 6428 6634 6437 6614 6438 6613 6420 6634 6437 6615 6435 6614 6438 6634 6437 6632 6434 6615 6435 6635 6439 6620 6440 6619 6414 6635 6439 6621 6419 6620 6440 6635 6439 6619 6414 6633 6436 6635 6439 6634 6437 6613 6420 6635 6439 6613 6420 6621 6419 6636 6441 6632 6434 6634 6437 6636 6441 6633 6436 6629 6426 6636 6441 6627 6421 6610 6423 6636 6441 6628 6425 6627 6421 6636 6441 6610 6423 6631 6430 6636 6441 6631 6430 6632 6434 6636 6441 6629 6426 6628 6425 6636 6441 6635 6439 6633 6436 6636 6441 6634 6437 6635 6439</p>
        </triangles>
      </mesh>
    </geometry>
  </library_geometries>
  <library_visual_scenes>
    <visual_scene id="Scene" name="Scene">
      <node id="pinky_intermediate" name="pinky_intermediate" type="NODE">
        <matrix sid="transform">1 0 0 0 0 1 0 0 0 0 1 0 0 0 0 1</matrix>
        <instance_geometry url="#pinky_intermediate-mesh" name="pinky_intermediate">
          <bind_material>
            <technique_common>
              <instance_material symbol="metal-material" target="#metal-material"/>
              <instance_material symbol="white_plastic-material" target="#white_plastic-material"/>
              <instance_material symbol="black_plastic-material" target="#black_plastic-material"/>
            </technique_common>
          </bind_material>
        </instance_geometry>
      </node>
    </visual_scene>
  </library_visual_scenes>
  <scene>
    <instance_visual_scene url="#Scene"/>
  </scene>
</COLLADA>