<?xml version="1.0" encoding="utf-8"?>
<COLLADA xmlns="http://www.collada.org/2005/11/COLLADASchema" version="1.4.1" xmlns:xsi="http://www.w3.org/2001/XMLSchema-instance">
  <asset>
    <contributor>
      <author>Blender User</author>
      <authoring_tool>Blender 3.0.1</authoring_tool>
    </contributor>
    <created>2025-08-11T13:02:18</created>
    <modified>2025-08-11T13:02:18</modified>
    <unit name="meter" meter="1"/>
    <up_axis>Z_UP</up_axis>
  </asset>
  <library_effects>
    <effect id="white_plastic-effect">
      <profile_COMMON>
        <technique sid="common">
          <lambert>
            <emission>
              <color sid="emission">0 0 0 1</color>
            </emission>
            <diffuse>
              <color sid="diffuse">1 1 1 1</color>
            </diffuse>
            <reflectivity>
              <float sid="specular">0.2</float>
            </reflectivity>
            <index_of_refraction>
              <float sid="ior">1.45</float>
            </index_of_refraction>
          </lambert>
        </technique>
      </profile_COMMON>
    </effect>
    <effect id="metal-effect">
      <profile_COMMON>
        <technique sid="common">
          <lambert>
            <emission>
              <color sid="emission">0 0 0 1</color>
            </emission>
            <diffuse>
              <color sid="diffuse">0.7 0.7 0.7 1</color>
            </diffuse>
            <reflectivity>
              <float sid="specular">0.8</float>
            </reflectivity>
            <index_of_refraction>
              <float sid="ior">1.45</float>
            </index_of_refraction>
          </lambert>
        </technique>
      </profile_COMMON>
    </effect>
    <effect id="black_plastic-effect">
      <profile_COMMON>
        <technique sid="common">
          <lambert>
            <emission>
              <color sid="emission">0 0 0 1</color>
            </emission>
            <diffuse>
              <color sid="diffuse">0.01434867 0.01434867 0.01434867 1</color>
            </diffuse>
            <reflectivity>
              <float sid="specular">0.2</float>
            </reflectivity>
            <index_of_refraction>
              <float sid="ior">1.45</float>
            </index_of_refraction>
          </lambert>
        </technique>
      </profile_COMMON>
    </effect>
  </library_effects>
  <library_images/>
  <library_materials>
    <material id="white_plastic-material" name="white_plastic">
      <instance_effect url="#white_plastic-effect"/>
    </material>
    <material id="metal-material" name="metal">
      <instance_effect url="#metal-effect"/>
    </material>
    <material id="black_plastic-material" name="black_plastic">
      <instance_effect url="#black_plastic-effect"/>
    </material>
  </library_materials>
  <library_geometries>
    <geometry id="index_intermediate-mesh" name="index_intermediate">
      <mesh>
        <source id="index_intermediate-mesh-positions">
          <float_array id="index_intermediate-mesh-positions-array" count="16206">-0.004556119 0.005010426 -0.001895308 -0.004556179 0.005006968 -0.001895189 -0.004556238 0.005003452 -0.001895129 -0.004556298 0.004999995 -0.001895129 -0.004356265 0.004999995 -0.001760542 -0.004355967 0.005009472 -0.001760601 -0.004355847 0.005010426 -0.001760601 0.01018869 0.004988312 -0.003633022 0.01017481 0.004988193 -0.003592908 0.01015275 0.00498861 -0.003556609 0.01012355 0.004989504 -0.003525793 0.01018887 0.004992187 -0.003633022 0.01018899 0.004996061 -0.003632962 0.01018905 0.004999995 -0.003632962 0.01018869 0.005011618 -0.003633022 0.01018887 0.005007743 -0.003633022 0.01018899 0.005003869 -0.003632962 0.01012355 0.005010426 -0.003525793 0.01015275 0.005011379 -0.003556609 0.01017481 0.005011737 -0.003592908 0.01012372 0.005003452 -0.003525614 0.01012372 0.004996478 -0.003525614 0.01016503 0.004999995 -0.003574013 -0.00426954 0.007056355 -0.004478454 -0.00426954 0.007056355 -0.004478454 -0.00444889 0.006387174 -0.004417359 -0.00444889 0.006387174 -0.004417359 -0.00444889 0.006387174 -0.004417359 -0.004543781 0.005704104 -0.004404783 -0.004543781 0.005704104 -0.004404783 -0.004573941 0.005010426 -0.004429459 -0.004681766 0.005010426 -0.004368484 -0.004636049 0.005881309 -0.0043419 -0.004636049 0.005881309 -0.0043419 -0.004636049 0.005881309 -0.0043419 -0.004369437 0.007125377 -0.004417836 -0.004369437 0.007125377 -0.004417836 -0.004532217 0.00653994 -0.004360973 -0.004532217 0.00653994 -0.004360973 -0.004532217 0.00653994 -0.004360973 5.48199e-4 0.01073789 -0.006982266 5.48199e-4 0.01073789 -0.006982266 -0.001046717 0.01034647 -0.006103575 -0.001046717 0.01034647 -0.006103575 -0.002382934 0.00959742 -0.00539273 -0.002382934 0.00959742 -0.00539273 -0.002382934 0.00959742 -0.00539273 -0.003433167 0.008654177 -0.004855394 -0.003433167 0.008654177 -0.004855394 -0.003974914 0.007945477 -0.004591643 -0.003974914 0.007945477 -0.004591643 -0.004195988 0.007545351 -0.004490673 -0.004195988 0.007545351 -0.004490673 7.57411e-4 0.01076704 -0.007098853 7.52881e-4 0.0105918 -0.00710684 7.52881e-4 0.0105918 -0.00710684 5.18024e-4 0.01055943 -0.006975948 -0.001027345 0.01018071 -0.006124496 -0.001027345 0.01018071 -0.006124496 -0.001027345 0.01018071 -0.006124496 -0.002322137 0.009460568 -0.005435407 -0.002322137 0.009460568 -0.005435407 -0.002322137 0.009460568 -0.005435407 -0.003350913 0.008544743 -0.004908561 -0.003350913 0.008544743 -0.004908561 -0.003882408 0.007855534 -0.004649341 -0.003882408 0.007855534 -0.004649341 -0.003882408 0.007855534 -0.004649341 -0.004099428 0.007465839 -0.004550039 -0.004099428 0.007465839 -0.004550039 0.003053307 0.0103209 -0.0132938 0.003131091 0.01041752 -0.01118057 0.002819955 0.01051521 -0.009684681 0.002276659 0.01059812 -0.008522808 0.001673221 0.01063627 -0.007770478 0.001238167 0.01063179 -0.007406711 7.52881e-4 0.0105918 -0.00710684 7.57411e-4 0.01076704 -0.007098853 0.003062188 0.01049083 -0.01329487 0.003140032 0.01059192 -0.01117801 0.002828121 0.01069265 -0.009679913 0.002283692 0.01077729 -0.008516311 0.001679003 0.01081514 -0.007763028 0.001243412 0.0108093 -0.007399022 0.004032194 0.009906589 -0.02514427 0.002940177 0.01013171 -0.02370887 0.002289414 0.01021742 -0.01952248 0.002187311 0.01022696 -0.02095586 0.002348899 0.0102145 -0.02224332 0.002591729 0.01018595 -0.02299666 0.002297759 0.01037812 -0.0195235 0.002959847 0.01028579 -0.02372646 0.002439916 0.01036334 -0.02254319 0.002207934 0.01038581 -0.02126258 0.00221014 0.01038444 -0.02039146 0.003284096 0.01022768 -0.02422308 0.004038274 0.01006329 -0.02513879 -0.004573941 0.004989504 -0.004429459 -0.004519879 0.004066884 -0.004404544 -0.004519879 0.004066884 -0.004404544 -0.004519879 0.004066884 -0.004404544 -0.004425644 0.003500163 -0.004423677 -0.004425644 0.003500163 -0.004423677 -0.00426954 0.002943575 -0.004478454 -0.00426954 0.002943575 -0.004478454 -0.00426954 0.002943575 -0.004478454 -0.003934323 0.002228677 -0.004625082 -0.003934323 0.002228677 -0.004625082 -0.003934323 0.002228677 -0.004625082 -0.003479182 0.001600861 -0.004844725 -0.003479182 0.001600861 -0.004844725 -0.002767086 8.90117e-4 -0.005204796 -0.002767086 8.90117e-4 -0.005204796 -0.002767086 8.90117e-4 -0.005204796 -0.001867055 2.38702e-4 -0.005674719 -0.001867055 2.38702e-4 -0.005674719 -0.001867055 2.38702e-4 -0.005674719 -8.94926e-4 -2.31904e-4 -0.006196379 -1.9668e-4 -4.37254e-4 -0.006578981 5.18024e-4 -5.59454e-4 -0.006975948 5.18024e-4 -5.59454e-4 -0.006975948 7.52881e-4 -5.91848e-4 -0.00710684 7.52881e-4 -5.91848e-4 -0.00710684 7.57411e-4 -7.67054e-4 -0.007098853 5.48199e-4 -7.37899e-4 -0.006982266 5.48199e-4 -7.37899e-4 -0.006982266 5.48199e-4 -7.37899e-4 -0.006982266 -0.004369437 0.002874553 -0.004417836 -0.004369437 0.002874553 -0.004417836 -0.004369437 0.002874553 -0.004417836 -0.003986299 0.002072691 -0.004586279 -0.003986299 0.002072691 -0.004586279 -0.00346148 0.001377403 -0.004841268 -0.00346148 0.001377403 -0.004841268 -0.00346148 0.001377403 -0.004841268 -0.00263971 5.9912e-4 -0.005259335 -0.00263971 5.9912e-4 -0.005259335 -0.00263971 5.9912e-4 -0.005259335 -0.001599252 -8.89301e-5 -0.005806505 -0.001599252 -8.89301e-5 -0.005806505 -5.52021e-4 -5.19007e-4 -0.006373047 -0.004636049 0.004118621 -0.0043419 -0.004636049 0.004118621 -0.0043419 -0.004532217 0.003460049 -0.004360973 -0.004532217 0.003460049 -0.004360973 -0.004532217 0.003460049 -0.004360973 -0.004681766 0.004989504 -0.004368484 7.52881e-4 -5.91848e-4 -0.00710684 7.57411e-4 -7.67054e-4 -0.007098853 0.001509308 -8.16353e-4 -0.0076074 0.002125263 -7.9227e-4 -0.008282184 0.002585291 -7.37707e-4 -0.009070038 0.002905011 -6.74806e-4 -0.009926497 0.003133654 -5.95851e-4 -0.01111298 0.003164291 -5.36644e-4 -0.0122056 0.003062188 -4.90855e-4 -0.01329487 0.003053307 -3.20943e-4 -0.0132938 0.001485168 -6.37782e-4 -0.007598996 0.002089381 -6.15363e-4 -0.008249163 0.002545475 -5.64125e-4 -0.009008109 0.002866804 -5.04852e-4 -0.009830772 0.003109395 -4.29249e-4 -0.01098126 0.003157794 -3.6759e-4 -0.01213902 0.002940297 -1.31737e-4 -0.02370917 0.002648353 -1.7813e-4 -0.02313166 0.002426266 -2.06361e-4 -0.02252674 0.002198755 -2.26841e-4 -0.02125024 0.002202153 -2.24527e-4 -0.02038717 0.002289414 -2.17461e-4 -0.01952248 0.002297759 -3.78125e-4 -0.0195235 0.002195954 -3.86375e-4 -0.02097117 0.002360641 -3.72145e-4 -0.02225607 0.002607405 -3.41971e-4 -0.02301347 0.002959847 -2.85811e-4 -0.02372646 0.003284096 -2.27704e-4 -0.02422308 0.004038274 -6.32936e-5 -0.02513879 0.004032194 9.34014e-5 -0.02514427 -0.004573941 0.004989504 -0.004429459 -0.004573941 0.004999995 -0.004429817 -0.004681766 0.004989504 -0.004368484 -0.004681766 0.005010426 -0.004368484 -0.004573941 0.005010426 -0.004429459 0.002691924 0.008239507 -0.002436101 0.002171754 0.008239507 -0.003154277 0.001508295 0.008239507 -0.003742754 7.33212e-4 0.008239507 -0.004173517 -1.1684e-4 0.008239507 -0.004426181 -0.001001417 0.008239507 -0.004488706 -0.001878499 0.008239507 -0.004358172 -0.002706587 0.008239507 -0.004040777 -0.003446161 0.008239507 -0.003551542 -0.002616643 0.009175658 -0.004140079 -0.001676142 0.009903311 -0.004494905 -7.93427e-4 0.0103746 -0.004603326 -9.80943e-5 0.0106244 -0.004549801 5.9934e-4 0.01079529 -0.004369974 0.001390516 0.01093262 -0.003990769 0.002091348 0.01101517 -0.003446757 0.002486646 0.01105725 -0.003008544 0.002819299 0.01109802 -0.002515196 0.00282216 0.01109844 -0.002510249 0.001551628 0.009668946 -0.003803849 -1.03429e-4 0.009668946 -0.004499852 -0.004392027 0.007139265 -0.004374265 -0.004352867 0.007139682 -0.002535879 -0.00406593 0.007782936 -0.002448916 -0.004030108 0.007867455 -0.002773165 -0.003928065 0.008049964 -0.003012835 -0.00393778 0.00803554 -0.003044486 -0.003946602 0.00802201 -0.003062307 -0.003953337 0.008011281 -0.003069877 -0.003965258 0.007991731 -0.003069996 -0.003975808 0.00797379 -0.003056764 -0.003981053 0.007964551 -0.00304538 -0.003986418 0.007955014 -0.00303018 -0.004013121 0.007903814 -0.00290507 -0.003935039 0.008049964 -0.003351569 -0.003880739 0.008139073 -0.003598988 -0.003910541 0.008092403 -0.003525972 -0.003928184 0.008063316 -0.00345087 -0.003933727 0.008053362 -0.003401815 -0.003777384 0.008289098 -0.003665626 -0.003826498 0.008219242 -0.003627538 6.33553e-4 0.0109812 -0.004573225 -2.82906e-4 0.01075738 -0.004783928 -0.001188158 0.01040619 -0.004799783 -0.002022922 0.009934663 -0.004648089 -0.002762854 0.009377598 -0.004363119 -0.003309011 0.008857131 -0.004040837 5.63249e-4 0.0107842 -0.006942451 -0.004043102 0.007886946 -0.004525065 -0.003570079 0.008542776 -0.004751741 -0.002824664 0.009289145 -0.005126774 -0.001882195 0.009970128 -0.005616366 -8.53956e-4 0.01046168 -0.006164729 -1.5147e-4 0.0106635 -0.006546974 0.007468283 0.006315529 -0.001494288 0.007468283 0.006315529 -0.001494288 0.00740832 0.006316542 -0.001449167 0.007447063 0.006739616 -0.00150609 0.007332921 0.01035934 -0.001657605 0.008315563 0.009704887 -0.002369105 0.008899688 0.009180963 -0.002797782 0.009344041 0.00859493 -0.003119289 0.009553849 0.008176624 -0.003264009 0.009716272 0.007725775 -0.003368556 0.009933412 0.00688368 -0.003493309 0.0100696 0.005994379 -0.003547608 0.01012355 0.005010426 -0.003525793 0.007513105 0.005010426 -0.001442372 0.007513105 0.005010426 -0.001442372 -0.004599273 0.00589025 -0.002075612 -0.004644036 0.005010426 -0.002049922 -0.004625678 0.005888223 -0.00267297 -0.004625678 0.005888223 -0.00267297 -0.00462687 0.005888223 -0.00270611 -0.004672825 0.005010426 -0.002704441 -0.004672825 0.005010426 -0.002704441 0.006172776 0.007633149 -0.02769964 0.006172776 0.007633149 -0.02769964 0.006339848 0.006623864 -0.02796423 0.006339848 0.006623864 -0.02796423 0.006339848 0.006623864 -0.02796423 0.005989372 0.008273243 -0.02744579 0.005989372 0.008273243 -0.02744579 0.005989372 0.008273243 -0.02744579 0.005745232 0.008770883 -0.02713572 0.005745232 0.008770883 -0.02713572 0.005745232 0.008770883 -0.02713572 0.005461037 0.009133458 -0.02679169 0.005461037 0.009133458 -0.02679169 0.005135834 0.009413361 -0.02640861 0.005135834 0.009413361 -0.02640861 0.004596769 0.009713113 -0.02578645 0.004596769 0.009713113 -0.02578645 0.004032194 0.009906589 -0.02514427 0.004032194 0.009906589 -0.02514427 0.004038274 0.01006329 -0.02513879 0.006250619 0.007728338 -0.02777868 0.006250619 0.007728338 -0.02777868 0.006250619 0.007728338 -0.02777868 0.006250619 0.007728338 -0.02777868 0.006064474 0.008385956 -0.02752041 0.006064474 0.008385956 -0.02752041 0.006064474 0.008385956 -0.02752041 0.005812108 0.008904099 -0.02719956 0.005812108 0.008904099 -0.02719956 0.005519568 0.009275197 -0.02684557 0.005519568 0.009275197 -0.02684557 0.005182445 0.009561955 -0.02644878 0.005182445 0.009561955 -0.02644878 0.004624068 0.009866714 -0.02580469 0.004624068 0.009866714 -0.02580469 0.006477296 0.005966722 -0.02816838 0.006477296 0.005966722 -0.02816838 0.006486892 0.005010426 -0.02825397 0.00640732 0.005010426 -0.02816557 0.002690553 0.01023417 -0.01623541 0.002690553 0.01023417 -0.01623541 0.003053307 0.0103209 -0.0132938 0.003062188 0.01049083 -0.01329487 0.003062188 0.01049083 -0.01329487 0.002693414 0.0103982 -0.01628291 0.002693414 0.0103982 -0.01628291 0.002297759 0.01037812 -0.0195235 0.002289414 0.01021742 -0.01952248 0.002289414 0.01021742 -0.01952248 -0.004352867 0.007139682 -0.002535879 -0.004327535 0.0071401 -0.001975655 -0.004625678 0.005888223 -0.00267297 -0.004599273 0.00589025 -0.002075612 -0.004599273 0.00589025 -0.002075552 -0.004499375 0.006524324 -0.002049267 -0.004661321 0.00588268 -0.00429821 -0.004661321 0.00588268 -0.00429815 -0.00462687 0.005888223 -0.00270611 -0.004625678 0.005888223 -0.00267297 -0.004352867 0.007139682 -0.002535879 -0.004392027 0.007139265 -0.004374265 -0.004556357 0.00654757 -0.004317462 -0.004352867 0.007139682 -0.002535879 -0.00406593 0.007782936 -0.002448916 -0.004327535 0.0071401 -0.001975655 -0.004130363 0.007604897 -0.001876711 -0.004119813 0.007638037 -0.001972496 0.003002643 0.01128691 -0.002628386 0.002999663 0.01128649 -0.002633631 0.004840552 0.01111626 -0.002712666 0.00634396 0.01079934 -0.00269252 0.006357491 0.01092398 -0.001227319 0.006357491 0.01092398 -0.001227319 0.005834519 0.01106381 -9.98676e-4 0.005552411 0.01112151 -9.46678e-4 0.005236566 0.01117318 -9.60361e-4 0.004919171 0.01121395 -0.001040995 0.00462383 0.01124411 -0.001161038 0.004339277 0.01126742 -0.001307368 0.003817081 0.01129668 -0.001662611 0.003365755 0.01130497 -0.002106964 7.73877e-4 0.01081359 -0.007058978 0.001514613 0.0108633 -0.007552504 0.002128422 0.01084244 -0.008206367 0.002592265 0.01079094 -0.008969902 0.002921283 0.01073002 -0.009803295 0.00316894 0.01065224 -0.01095992 0.003220081 0.01058757 -0.01213222 0.00311464 0.0105381 -0.0133031 5.63249e-4 0.0107842 -0.006942451 6.33553e-4 0.0109812 -0.004573225 0.002999544 0.01128649 -0.00263369 0.002370238 0.01121801 -0.003466367 0.00156337 0.01113134 -0.004125595 0.002999544 0.01128649 -0.002633631 0.002999663 0.01128649 -0.002633631 0.004840552 0.01111626 -0.002712666 0.00634396 0.01079934 -0.00269252 0.005022466 0.01018488 -0.01618045 0.005667984 0.01029872 -0.01182419 0.006133973 0.01052385 -0.006920754 0.002745687 0.01044547 -0.01629054 0.005617678 0.01080924 -0.00471431 0.004547059 0.01093637 -0.005185663 0.004105508 0.01095408 -0.005542457 0.003195047 0.01096582 -0.006204903 0.004056513 0.01082688 -0.007265686 0.004384934 0.01077175 -0.007590234 0.004603028 0.01072096 -0.007968544 0.004743516 0.0106756 -0.00838083 0.0045771 0.01054173 -0.01080024 0.004340052 0.01035904 -0.01483482 0.007371604 0.008239507 -0.001547694 0.007371604 0.008239507 -0.001547694 0.006178915 0.008239507 -7.69053e-4 0.005844593 0.008239507 -6.45198e-4 0.00545907 0.008239507 -5.86323e-4 0.00506097 0.008239507 -6.22317e-4 0.004589855 0.008239507 -7.71277e-4 0.004147171 0.008239507 -9.90685e-4 0.004219949 0.01107949 -0.001120507 0.004931569 0.01101565 -8.04286e-4 0.00531274 0.01096844 -7.31844e-4 0.005603611 0.01092439 -7.39161e-4 0.005980253 0.01085209 -8.33828e-4 0.006198644 0.01079988 -9.27221e-4 0.006408154 0.01074171 -0.001037895 0.007332921 0.01035934 -0.001657605 0.007332921 0.01035934 -0.001657605 0.007447063 0.006739616 -0.00150609 0.006329953 0.007741987 -0.02776652 0.006557941 0.005968034 -0.02815932 0.006558001 0.005968034 -0.0281592 0.007753074 0.005999445 -0.02435433 0.007309973 0.00597167 -0.02630764 0.006946682 0.005940735 -0.02736425 0.007354557 0.007778048 -0.02444761 0.006927251 0.007772684 -0.02624028 0.002350568 0.01042538 -0.01952958 0.002249658 0.01043361 -0.020967 0.00241363 0.0104193 -0.0222426 0.002659678 0.01038897 -0.02299451 0.003010571 0.01033258 -0.02370172 0.005022466 0.01018488 -0.01618045 0.004132628 0.01021111 -0.02010297 0.002745687 0.01044547 -0.01629054 0.003332734 0.01027435 -0.02419424 0.004086852 0.0101093 -0.02510678 0.005271792 0.009780526 -0.02451086 0.005997002 0.009439349 -0.02455741 0.006594181 0.009006619 -0.02455335 0.006979882 0.008561968 -0.02451926 0.007190287 0.00818938 -0.02448409 0.007354557 0.007778048 -0.02444761 0.006927251 0.007772684 -0.02624028 0.006329953 0.007741987 -0.02776652 0.005031764 0.009737014 -0.02618026 0.005470454 0.009422004 -0.02668893 0.005845725 0.008991897 -0.02713578 0.006116449 0.008472859 -0.02747386 0.006235957 0.008117616 -0.02763313 0.006325721 0.009002387 -0.02576005 0.008308768 0.009856462 -0.002540588 0.007295191 0.01052969 -0.001839339 0.00634396 0.01079934 -0.00269252 0.007309794 0.01043057 -0.002633154 0.006357491 0.01092398 -0.001227319 0.005022466 0.01018488 -0.01618045 0.004132628 0.01021111 -0.02010297 0.003010571 0.01033258 -0.02370172 0.008443713 0.00778073 -0.01629 0.008226454 0.008299827 -0.01627802 0.007881224 0.008776247 -0.01626092 0.00743848 0.009177088 -0.01624107 0.006898701 0.00952661 -0.01622009 0.005977034 0.009931147 -0.01619386 0.007354557 0.007778048 -0.02444761 0.003332734 0.01027435 -0.02419424 0.005271792 0.009780526 -0.02451086 0.005997002 0.009439349 -0.02455741 0.006594181 0.009006619 -0.02455335 0.006979882 0.008561968 -0.02451926 0.007190287 0.00818938 -0.02448409 0.006540894 0.009183406 -0.02361291 0.006218314 0.009402275 -0.02355986 0.005763888 0.009637951 -0.02347826 0.006227791 0.009445846 -0.02296185 0.005981802 0.009574472 -0.02290481 0.005625367 0.00973016 -0.02281904 0.007107913 0.009283483 -0.01789921 0.006725549 0.00951755 -0.0178169 0.006672739 0.009498775 -0.01860958 0.006345808 0.00966221 -0.01852267 0.006330609 0.00971055 -0.01773577 0.006033837 0.009792923 -0.01844084 0.005708098 0.009908497 -0.01835501 0.00518614 0.01005816 -0.01821452 0.007052898 0.00855273 -0.02414506 0.007233083 0.008500695 -0.02323621 0.007046818 0.008737683 -0.02336007 0.007002174 0.009094595 -0.02113687 0.007816672 0.008457541 -0.01902431 0.005822062 0.009760141 -0.02071464 0.007955849 0.008558273 -0.01719999 0.00804919 0.008472502 -0.01690286 0.009777247 0.007778048 -0.003539621 0.008443713 0.00778073 -0.01629 0.008226454 0.008299827 -0.01627802 0.007881224 0.008776247 -0.01626092 0.00743848 0.009177088 -0.01624107 0.006898701 0.00952661 -0.01622009 0.005977034 0.009931147 -0.01619386 0.005022466 0.01018488 -0.01618045 0.005667984 0.01029872 -0.01182419 0.006133973 0.01052385 -0.006920754 0.00634396 0.01079934 -0.00269252 0.007309794 0.01043057 -0.002633154 0.008308768 0.009856462 -0.002540588 0.008308112 0.009856998 -0.002539992 0.008308947 0.009856343 -0.002540588 0.009432494 0.008610188 -0.003320455 0.008979141 0.009241402 -0.003011584 0.008655548 0.009566485 -0.002785027 0.007837414 0.008995711 -0.01480013 0.007463455 0.00929439 -0.01481056 0.007081925 0.009536266 -0.01481962 0.007537901 0.00931704 -0.01405626 0.007205545 0.009530842 -0.01407146 0.006886601 0.009703338 -0.01408535 0.008487701 0.008888006 -0.01049619 0.008420169 0.009539902 -0.005223691 0.008231461 0.009468615 -0.007544994 0.007565259 0.009924173 -0.007344067 0.008811414 0.009252548 -0.00457561 0.008000791 0.00985223 -0.00509417 0.008353292 0.009667515 -0.004379153 0.007624685 0.01008993 -0.004908502 0.00741589 0.01020908 -0.004771709 0.007986247 0.009937345 -0.004177153 0.007207453 0.009702622 -0.01215857 0.007200002 0.009793519 -0.01116919 0.007333934 0.009833991 -0.009884655 0.009165763 0.008707165 -0.005481004 0.01013886 0.005999684 -0.003718674 0.009999454 0.006912708 -0.003664374 0.009777247 0.007778048 -0.003539621 0.008443713 0.00778073 -0.01629 0.007354557 0.007778048 -0.02444761 0.007753074 0.005999445 -0.02435433 0.007756829 0.005999445 -0.02433246 0.0101388 0.005999684 -0.003718852 0.008882641 0.00601828 -0.01569998 0.008027493 0.006889283 -0.02153944 0.007753074 0.005999445 -0.02435433 0.007309973 0.00597167 -0.02630764 0.006946682 0.005940735 -0.02736425 0.006558001 0.005968034 -0.0281592 0.007756829 0.005999445 -0.02433246 0.00780791 0.005010426 -0.02434128 0.007466137 0.005010426 -0.02593445 0.006567597 0.005010426 -0.02824491 0.007094562 0.005010426 -0.02711981 0.009042918 0.005010426 -0.01476484 0.01019299 0.005010426 -0.003696858 0.008526206 0.005010426 -0.01912534 0.00780791 0.005010426 -0.02434128 0.007756829 0.005999445 -0.02433246 0.0101388 0.005999684 -0.003718852 0.008882641 0.00601828 -0.01569998 0.004147171 0.008239507 -9.90685e-4 0.004219949 0.01107949 -0.001120507 0.00282216 0.01109844 -0.002510249 0.003203749 0.01111614 -0.001964032 0.003674626 0.01110816 -0.001496076 0.002691924 0.008239507 -0.002436101 0.003577232 0.008239507 -0.001381695 0.003086805 0.008239507 -0.001868784 0.003374099 0.009677827 -0.001667618 -0.004672825 0.005010426 -0.002704441 -0.004707157 0.005010426 -0.004324793 -0.00462687 0.005888223 -0.00270611 -0.004661321 0.00588268 -0.00429815 -0.004246771 0.007095098 -0.001818895 -0.004336357 0.005443215 -0.001774847 -0.004336357 0.005443215 -0.001774847 -0.004336357 0.005443215 -0.001774847 -0.004339814 0.005377054 -0.001772999 -0.004339814 0.005377054 -0.001772999 -0.004355251 0.005026042 -0.001761198 -0.004355251 0.005026042 -0.001761198 -0.004355847 0.005010426 -0.001760601 -0.004556119 0.005010426 -0.001895308 -0.004556119 0.005010426 -0.001895308 -0.004556119 0.005010426 -0.001895308 -0.004511654 0.005884706 -0.00192064 -0.004511654 0.005884706 -0.00192064 -0.00440979 0.006522238 -0.001892387 -0.00440979 0.006522238 -0.001892387 -0.004250347 0.007085204 -0.001820683 0.007468283 0.003684401 -0.001494288 0.007468283 0.003684401 -0.001494288 0.00740832 0.003683388 -0.001449167 0.007447063 0.003260314 -0.00150609 0.007332921 -3.59349e-4 -0.001657605 0.008315563 2.95072e-4 -0.002369105 0.009716272 0.002274155 -0.003368556 0.009426891 0.00155276 -0.003177404 0.009053468 9.93906e-4 -0.002910077 0.008700609 6.20268e-4 -0.002651751 0.0100696 0.004005551 -0.003547608 0.009933412 0.00311625 -0.003493309 0.01012355 0.004989504 -0.003525793 0.007513105 0.004989504 -0.001442372 0.007513105 0.004989504 -0.001442372 -0.004672825 0.004989504 -0.002704441 -0.004672825 0.004989504 -0.002704441 -0.004644036 0.004989504 -0.002049922 -0.004599273 0.00410968 -0.002075552 -0.004625678 0.004111707 -0.00267297 -0.004625678 0.004111707 -0.00267297 -0.00462687 0.004111707 -0.00270611 0.00640732 0.004989504 -0.02816557 0.006339848 0.003376066 -0.02796423 0.006339848 0.003376066 -0.02796423 0.006339848 0.003376066 -0.02796423 0.006172776 0.002366781 -0.02769964 0.006172776 0.002366781 -0.02769964 0.004032194 9.34014e-5 -0.02514427 0.004032194 9.34014e-5 -0.02514427 0.004934668 4.56242e-4 -0.02617496 0.004934668 4.56242e-4 -0.02617496 0.004934668 4.56242e-4 -0.02617496 0.005347549 7.56716e-4 -0.02665704 0.005347549 7.56716e-4 -0.02665704 0.005741536 0.001223921 -0.02713119 0.005741536 0.001223921 -0.02713119 0.005741536 0.001223921 -0.02713119 0.005989849 0.001727998 -0.02744644 0.005989849 0.001727998 -0.02744644 0.006091117 0.002040326 -0.02758336 0.006091117 0.002040326 -0.02758336 0.006091117 0.002040326 -0.02758336 0.004038274 -6.32936e-5 -0.02513879 0.00497049 3.0335e-4 -0.02620279 0.00497049 3.0335e-4 -0.02620279 0.00497049 3.0335e-4 -0.02620279 0.00540322 6.13224e-4 -0.02670764 0.00540322 6.13224e-4 -0.02670764 0.00540322 6.13224e-4 -0.02670764 0.005773425 0.001036822 -0.027152 0.005773425 0.001036822 -0.027152 0.006017565 0.001493871 -0.0274589 0.006017565 0.001493871 -0.0274589 0.006017565 0.001493871 -0.0274589 0.006148755 0.001870691 -0.02763414 0.006148755 0.001870691 -0.02763414 0.006250619 0.002271652 -0.02777868 0.006250619 0.002271652 -0.02777868 0.006250619 0.002271652 -0.02777868 0.006250619 0.002271652 -0.02777868 0.006477296 0.004033267 -0.02816838 0.006477296 0.004033267 -0.02816838 0.006486892 0.004989504 -0.02825397 0.002289414 -2.17461e-4 -0.01952248 0.002289414 -2.17461e-4 -0.01952248 0.002690553 -2.34186e-4 -0.01623541 0.002690553 -2.34186e-4 -0.01623541 0.003053307 -3.20943e-4 -0.0132938 0.003062188 -4.90855e-4 -0.01329487 0.003062188 -4.90855e-4 -0.01329487 0.002693414 -3.98231e-4 -0.01628291 0.002693414 -3.98231e-4 -0.01628291 0.002297759 -3.78125e-4 -0.0195235 -0.004599273 0.00410968 -0.002075552 -0.004493713 0.003447651 -0.00204724 -0.004327535 0.00285983 -0.001975655 -0.004352867 0.002860248 -0.002535879 -0.004625678 0.004111707 -0.00267297 -0.004392027 0.002860665 -0.004374265 -0.004556357 0.003452301 -0.004317462 -0.004661321 0.00411725 -0.00429821 -0.004661321 0.00411725 -0.00429815 -0.00462687 0.004111707 -0.00270611 -0.004625678 0.004111707 -0.00267297 -0.004352867 0.002860248 -0.002535879 -0.003446161 0.001760423 -0.003551542 -0.002706587 0.001760423 -0.004040777 -0.001878499 0.001760423 -0.004358172 -0.001001417 0.001760423 -0.004488706 -1.1684e-4 0.001760423 -0.004426181 7.33212e-4 0.001760423 -0.004173517 0.001508295 0.001760423 -0.003742754 0.002171754 0.001760423 -0.003154277 0.002691924 0.001760423 -0.002436101 0.00282216 -0.001098453 -0.002510249 0.002819299 -0.001098036 -0.002515196 0.002229869 -0.001029789 -0.003306925 0.001473486 -9.43784e-4 -0.003938138 0.001048922 -8.80808e-4 -0.004180192 5.9934e-4 -7.95308e-4 -0.004369974 -1.0021e-4 -6.23822e-4 -0.004550158 -7.97577e-4 -3.72804e-4 -0.004603266 -0.00145936 -3.64059e-5 -0.004540264 -0.00206691 3.67431e-4 -0.004380285 -0.002608358 8.16663e-4 -0.00414443 -0.003057241 0.001271247 -0.003867924 -1.03429e-4 3.30998e-4 -0.004499852 0.001551628 3.30998e-4 -0.003803849 -0.004119813 0.002361893 -0.001972496 -0.00406593 0.002217054 -0.002448916 -0.004352867 0.002860248 -0.002535879 -0.004327535 0.00285983 -0.001975655 -0.004130363 0.002395093 -0.001876711 5.63249e-4 -7.84232e-4 -0.006942451 -0.001037955 -3.91331e-4 -0.006065607 -0.002378284 3.57909e-4 -0.005356848 -0.003440916 0.001309573 -0.004815578 -0.00399208 0.002029597 -0.004548788 -0.004217147 0.002436459 -0.004446864 -0.004392027 0.002860665 -0.004374265 -0.004352867 0.002860248 -0.002535879 -0.00406593 0.002217054 -0.002448916 -0.004030108 0.002132534 -0.002773165 -0.004004299 0.002078533 -0.002955794 -0.003982841 0.002038538 -0.003040671 -0.003974854 0.002024471 -0.003058493 -0.003966271 0.002009809 -0.003069281 -0.003957808 0.001995861 -0.003071844 -0.003950774 0.001984596 -0.003067672 -0.003944158 0.001974165 -0.003058314 -0.003937363 0.001963794 -0.003043413 -0.003928065 0.001949965 -0.003012835 -0.003935039 0.001949965 -0.003351569 -0.003931641 0.001942634 -0.00342524 -0.003924965 0.00193119 -0.003469169 -0.003912508 0.001910686 -0.003519594 -0.003897905 0.0018875 -0.0035609 -0.003880739 0.001860857 -0.003598988 -0.003826439 0.001780629 -0.003627598 -0.003777384 0.001710832 -0.003665626 -0.002881705 7.26453e-4 -0.004302024 -0.001869618 -3.29176e-5 -0.00468862 -9.23634e-4 -5.25079e-4 -0.004814088 -1.4624e-4 -7.97665e-4 -0.00476557 6.33553e-4 -9.81236e-4 -0.004573225 0.002999663 -0.001286506 -0.002633631 0.004840552 -0.001116275 -0.002712666 0.00634396 -7.99369e-4 -0.00269252 0.006357491 -9.24028e-4 -0.001227319 0.006357491 -9.2403e-4 -0.001227319 0.004339277 -0.001267433 -0.001307368 0.004997134 -0.001204848 -0.001015961 0.005348503 -0.00115627 -9.47032e-4 0.005616426 -0.001109421 -9.53127e-4 0.00600022 -0.001024305 -0.001055181 0.003002643 -0.001286923 -0.002628386 0.003365755 -0.001304984 -0.002106964 0.003817081 -0.001296699 -0.001662611 0.005476176 -0.001055717 -0.002063035 0.002745687 -4.45517e-4 -0.01629054 0.00311464 -5.38104e-4 -0.0133031 0.003191828 -6.39534e-4 -0.01116973 0.002875089 -7.40395e-4 -0.009660422 0.002323567 -8.24826e-4 -0.008489012 0.001711726 -8.62401e-4 -0.007730841 0.001269042 -8.5643e-4 -0.007362842 7.73877e-4 -8.13645e-4 -0.007058978 5.63249e-4 -7.84232e-4 -0.006942451 6.33553e-4 -9.81236e-4 -0.004573225 0.00156337 -0.001131355 -0.004125595 0.002370238 -0.00121802 -0.003466367 0.002999544 -0.001286506 -0.00263369 0.002999544 -0.001286506 -0.002633631 0.002999663 -0.001286506 -0.002633631 0.004840552 -0.001116275 -0.002712666 0.00634396 -7.99369e-4 -0.00269252 0.005022466 -1.8488e-4 -0.01618045 0.005667984 -2.98745e-4 -0.01182419 0.006133973 -5.23889e-4 -0.006920754 0.005617678 -8.09243e-4 -0.00471431 0.004547059 -9.36402e-4 -0.005185663 0.004105508 -9.54099e-4 -0.005542457 0.004167377 -8.10338e-4 -0.007354259 0.004479527 -7.51651e-4 -0.007730364 0.004724502 -6.82828e-4 -0.008310198 0.004560232 -5.48133e-4 -0.01072746 0.004340052 -3.59099e-4 -0.01483482 0.004147171 0.001760423 -9.90685e-4 0.004219949 -0.001079499 -0.001120507 0.006408154 -7.41736e-4 -0.001037895 0.005840778 -8.81341e-4 -7.88078e-4 0.005534112 -9.35741e-4 -7.32157e-4 0.005191266 -9.84644e-4 -7.45572e-4 0.004847049 -0.001024782 -8.31053e-4 0.00452733 -0.001055419 -9.60808e-4 0.007332921 -3.59349e-4 -0.001657605 0.007332921 -3.59349e-4 -0.001657605 0.007447063 0.003260314 -0.00150609 0.007371604 0.001760423 -0.001547694 0.007371604 0.001760423 -0.001547694 0.004680812 0.001760423 -7.35454e-4 0.005196511 0.001760423 -5.99686e-4 0.005585074 0.001760423 -5.95365e-4 0.005937516 0.001760423 -6.73275e-4 0.00628966 0.001760423 -8.22961e-4 0.006686091 0.001760423 -0.001056432 0.006558001 0.004031896 -0.0281592 0.006557941 0.004031896 -0.02815932 0.007753074 0.004000544 -0.02435433 0.007309973 0.00402826 -0.02630764 0.006946682 0.004059255 -0.02736425 0.007354557 0.002221882 -0.02444761 0.006927251 0.002227246 -0.02624034 0.006329953 0.002257943 -0.02776652 0.005022466 -1.8488e-4 -0.01618045 0.004132628 -2.11133e-4 -0.02010297 0.003010571 -3.32592e-4 -0.02370172 0.002745687 -4.45517e-4 -0.01629054 0.002350568 -4.25403e-4 -0.01952958 0.002715766 -3.81127e-4 -0.02312648 0.002490282 -4.10767e-4 -0.02251988 0.0022614 -4.33101e-4 -0.0212537 0.002263844 -4.31686e-4 -0.02039068 0.006329953 0.002257943 -0.02776652 0.006141483 0.001592397 -0.02750653 0.005885004 0.001067936 -0.02718365 0.005588352 6.91285e-4 -0.02682775 0.005246698 3.9989e-4 -0.02642822 0.004680514 9.00337e-5 -0.02577883 0.004086852 -1.09332e-4 -0.02510678 0.003332734 -2.74382e-4 -0.02419424 0.005271792 2.19475e-4 -0.02451086 0.005997002 5.60608e-4 -0.02455741 0.006594181 9.93361e-4 -0.02455335 0.006979882 0.001437962 -0.02451926 0.007190287 0.00181055 -0.02448409 0.007354557 0.002221882 -0.02444761 0.006927251 0.002227246 -0.02624034 0.006364941 0.001057803 -0.02583962 0.006357491 -9.24028e-4 -0.001227319 0.007295191 -5.29738e-4 -0.001839339 0.008308768 1.4352e-4 -0.002540588 0.00634396 -7.99369e-4 -0.00269252 0.007309794 -4.30585e-4 -0.002633154 0.003332734 -2.74382e-4 -0.02419424 0.003010571 -3.32592e-4 -0.02370172 0.005022466 -1.8488e-4 -0.01618045 0.004132628 -2.11133e-4 -0.02010297 0.008443713 0.0022192 -0.01629 0.008226454 0.001700103 -0.01627802 0.007881224 0.001223683 -0.01626092 0.00743848 8.22868e-4 -0.01624107 0.006898701 4.73388e-4 -0.01622009 0.005977034 6.88531e-5 -0.01619386 0.007354557 0.002221882 -0.02444761 0.005271792 2.19475e-4 -0.02451086 0.005997002 5.60608e-4 -0.02455741 0.006594181 9.93361e-4 -0.02455335 0.006979882 0.001437962 -0.02451926 0.007190287 0.00181055 -0.02448409 0.006540894 8.16583e-4 -0.02361291 0.006218314 5.9767e-4 -0.02355986 0.005763888 3.62037e-4 -0.02347826 0.006227791 5.54151e-4 -0.02296185 0.005981802 4.25484e-4 -0.02290481 0.005625367 2.69796e-4 -0.02281904 0.007107913 7.16474e-4 -0.01789921 0.006725549 4.82452e-4 -0.0178169 0.006672739 5.01206e-4 -0.01860958 0.006345808 3.37766e-4 -0.01852267 0.006330609 2.89409e-4 -0.01773577 0.006033837 2.07026e-4 -0.01844084 0.005708098 9.1495e-5 -0.01835501 0.00518614 -5.81681e-5 -0.01821452 0.007052898 0.00144726 -0.02414506 0.007233083 0.001499295 -0.02323621 0.007046818 0.001262247 -0.02336007 0.007002174 9.05404e-4 -0.02113687 0.007816672 0.001542389 -0.01902431 0.005822062 2.39851e-4 -0.02071464 0.007955849 0.001441657 -0.01719999 0.00804919 0.001527428 -0.01690286 0.008308112 1.42987e-4 -0.002539992 0.008308947 1.43653e-4 -0.002540588 0.008922457 6.95873e-4 -0.002972126 0.009388208 0.001312971 -0.00329101 0.009607672 0.001751184 -0.00343436 0.009777247 0.002221882 -0.003539621 0.008443713 0.0022192 -0.01629 0.008226454 0.001700103 -0.01627802 0.007881224 0.001223683 -0.01626092 0.00743848 8.22868e-4 -0.01624107 0.006898701 4.73388e-4 -0.01622009 0.005977034 6.88531e-5 -0.01619386 0.005022466 -1.8488e-4 -0.01618045 0.005667984 -2.98745e-4 -0.01182419 0.006133973 -5.23889e-4 -0.006920754 0.00634396 -7.99369e-4 -0.00269252 0.007309794 -4.30585e-4 -0.002633154 0.008308768 1.4352e-4 -0.002540588 0.007837414 0.001004278 -0.01480013 0.007463455 7.05556e-4 -0.01481056 0.007081925 4.6372e-4 -0.01481962 0.007537901 6.82943e-4 -0.01405626 0.007205545 4.6912e-4 -0.01407146 0.006886601 2.96606e-4 -0.01408535 0.008487701 0.001111984 -0.01049619 0.008909344 8.54317e-4 -0.004617989 0.008420169 4.601e-4 -0.005223691 0.008231461 5.31347e-4 -0.007544994 0.007565259 7.58003e-5 -0.007344067 0.008195757 2.85412e-4 -0.005162298 0.008659243 5.97787e-4 -0.004526913 0.00795722 1.18468e-4 -0.005076527 0.008302807 2.92621e-4 -0.004353165 0.007585406 -1.12998e-4 -0.004884719 0.007207453 2.97343e-4 -0.01215857 0.007200002 2.0647e-4 -0.01116919 0.007333934 1.65979e-4 -0.009884655 0.009165763 0.001292824 -0.005481004 0.009777247 0.002221882 -0.003539621 0.008443713 0.0022192 -0.01629 0.007354557 0.002221882 -0.02444761 0.007753074 0.004000544 -0.02435433 0.007756829 0.004000484 -0.02433246 0.0101388 0.004000246 -0.003718852 0.008882641 0.003981709 -0.01569998 0.01013886 0.004000246 -0.003718674 0.009999454 0.003087282 -0.003664374 0.008027493 0.003110647 -0.02153944 0.006567597 0.004989504 -0.02824491 0.006558001 0.004031896 -0.0281592 0.007753074 0.004000544 -0.02435433 0.007309973 0.00402826 -0.02630764 0.006946682 0.004059255 -0.02736425 0.007756829 0.004000484 -0.02433246 0.00780791 0.004989504 -0.02434128 0.007466137 0.004989504 -0.02593445 0.007094502 0.004989504 -0.02711999 0.0101388 0.004000246 -0.003718852 0.01019299 0.004989504 -0.003696858 0.009042918 0.004989504 -0.01476484 0.008526206 0.004989504 -0.01912534 0.00780791 0.004989504 -0.02434128 0.007756829 0.004000484 -0.02433246 0.008882641 0.003981709 -0.01569998 0.00282216 -0.001098453 -0.002510249 0.002691924 0.001760423 -0.002436101 0.004219949 -0.001079499 -0.001120507 0.003674626 -0.001108109 -0.001496076 0.003203749 -0.001116096 -0.001964032 0.004147171 0.001760423 -9.90685e-4 0.003086805 0.001760423 -0.001868784 0.003577232 0.001760423 -0.001381695 0.003374099 3.2216e-4 -0.001667618 -0.004661321 0.00411725 -0.00429815 -0.004707157 0.004989504 -0.004324793 -0.004672825 0.004989504 -0.002704441 -0.00462687 0.004111707 -0.00270611 -0.003923058 0.003672838 1.61137e-4 -0.003957092 0.003679931 -1.07761e-4 -0.003447175 0.003669619 2.359e-4 -0.004355847 0.004989504 -0.001760601 -0.004355251 0.004973888 -0.001761198 -0.004355251 0.004973888 -0.001761198 -0.004339814 0.004622876 -0.001772999 -0.004339814 0.004622876 -0.001772999 -0.004336357 0.004556715 -0.001774847 -0.004336357 0.004556715 -0.001774847 -0.004336357 0.004556715 -0.001774847 -0.004336357 0.004556715 -0.001774847 -0.004336357 0.004556715 -0.001774847 -0.004246771 0.002904891 -0.001818895 -0.004250347 0.002914786 -0.001820683 -0.004250347 0.002914786 -0.001820683 -0.004416227 0.003507375 -0.001894831 -0.004416227 0.003507375 -0.001894831 -0.004511654 0.004115223 -0.00192064 -0.004511654 0.004115223 -0.00192064 -0.004556119 0.004989504 -0.001895308 -0.004556119 0.004989504 -0.001895308 -0.004556119 0.004989504 -0.001895308 -0.004556119 0.004989504 -0.001895308 0.01012355 0.005010426 -0.003525793 0.007513105 0.005010426 -0.001442372 0.007513105 0.004989504 -0.001442372 0.01012355 0.004989504 -0.003525793 0.01012372 0.005003452 -0.003525614 0.01012372 0.004996478 -0.003525614 0.006567597 0.005010426 -0.02824491 0.007094562 0.005010426 -0.02711981 0.007466137 0.005010426 -0.02593445 0.007466375 0.005003452 -0.02593451 0.007466375 0.004996478 -0.02593451 0.007466137 0.004989504 -0.02593445 0.007094502 0.004989504 -0.02711999 0.006567597 0.004989504 -0.02824491 0.007466137 0.005010426 -0.02593445 0.007466375 0.005003452 -0.02593451 0.007466375 0.004996478 -0.02593451 0.007466137 0.004989504 -0.02593445 0.00780791 0.005010426 -0.02434128 0.007808148 0.005003452 -0.02434128 0.007808148 0.004996478 -0.02434128 0.00780791 0.004989504 -0.02434128 0.00780791 0.005010426 -0.02434128 0.007808148 0.005003452 -0.02434128 0.007808148 0.004996478 -0.02434128 0.00780791 0.004989504 -0.02434128 0.008526206 0.005010426 -0.01912534 0.008526504 0.005003452 -0.0191254 0.008526504 0.004996478 -0.0191254 0.008526206 0.004989504 -0.01912534 0.008526206 0.005010426 -0.01912534 0.008526504 0.005003452 -0.0191254 0.008526504 0.004996478 -0.0191254 0.008526206 0.004989504 -0.01912534 0.009042918 0.005010426 -0.01476484 0.009043157 0.005003452 -0.01476484 0.009043157 0.004996478 -0.01476484 0.009042918 0.004989504 -0.01476484 0.01019299 0.004989504 -0.003696858 0.009042918 0.004989504 -0.01476484 0.009042918 0.005010426 -0.01476484 0.009043157 0.005003452 -0.01476484 0.009043157 0.004996478 -0.01476484 0.01019299 0.005010426 -0.003696858 0.01019322 0.004996478 -0.003696858 0.01019322 0.005003452 -0.003696858 -0.004130363 0.007604897 -0.001876711 -0.004327535 0.0071401 -0.001975655 -0.004322588 0.007130503 -0.00193125 -0.004308044 0.007117986 -0.001889824 -0.004284977 0.007103264 -0.001853227 -0.004268765 0.007094383 -0.001835703 -0.004250347 0.007085204 -0.001820683 -0.004246771 0.007095098 -0.001818895 -0.004133045 0.007596433 -0.001863718 -0.004136562 0.007584095 -0.001852333 -0.004144072 0.007555782 -0.001837015 -0.004164516 0.007472813 -0.00181663 -0.004207551 0.007284283 -0.001809239 -0.004327535 0.0071401 -0.001975655 -0.004322588 0.007130503 -0.00193125 -0.004308044 0.007117986 -0.001889824 -0.004284977 0.007103264 -0.001853227 -0.004268765 0.007094383 -0.001835703 -0.004250347 0.007085204 -0.001820683 -0.004499375 0.006524324 -0.002049267 -0.004599273 0.00589025 -0.002075552 -0.004591643 0.005890071 -0.002031266 -0.004574418 0.005889058 -0.00198996 -0.004548728 0.005887389 -0.001953423 -0.004531204 0.005886137 -0.001935839 -0.004511654 0.005884706 -0.00192064 -0.00440979 0.006522238 -0.001892387 -0.004556119 0.005010426 -0.001895308 -0.004511654 0.005884706 -0.00192064 -0.004599273 0.00589025 -0.002075552 -0.004591643 0.005890071 -0.002031266 -0.004574418 0.005889058 -0.00198996 -0.004548728 0.005887389 -0.001953423 -0.004531204 0.005886137 -0.001935839 -0.004599273 0.00589025 -0.002075612 -0.004644036 0.005010426 -0.002049922 -0.004591047 0.00501132 -0.00192523 -0.004618167 0.005011677 -0.001962363 -0.004636168 0.00501132 -0.002004623 -0.004644036 0.004989504 -0.002049922 -0.004599273 0.00410968 -0.002075552 -0.004591703 0.004110157 -0.002031505 -0.004574537 0.00411117 -0.001990258 -0.004548907 0.00411278 -0.001953601 -0.004531323 0.004113912 -0.001935958 -0.004511654 0.004115223 -0.00192064 -0.004556119 0.004989504 -0.001895308 -0.004636168 0.00498861 -0.002004623 -0.004618167 0.004988312 -0.001962363 -0.004591047 0.00498861 -0.00192523 -0.004599273 0.00410968 -0.002075552 -0.004591703 0.004110157 -0.002031505 -0.004574537 0.00411117 -0.001990258 -0.004548907 0.00411278 -0.001953601 -0.004531323 0.004113912 -0.001935958 -0.004511654 0.004115223 -0.00192064 -0.004493713 0.003447651 -0.00204724 -0.004327535 0.00285983 -0.001975655 -0.004322588 0.002869427 -0.00193125 -0.004308044 0.002881944 -0.001889824 -0.004284977 0.002896666 -0.001853227 -0.004268765 0.002905547 -0.001835703 -0.004250347 0.002914786 -0.001820683 -0.004416227 0.003507375 -0.001894831 -0.004246771 0.002904891 -0.001818895 -0.004250347 0.002914786 -0.001820683 -0.004327535 0.00285983 -0.001975655 -0.004322588 0.002869427 -0.00193125 -0.004308044 0.002881944 -0.001889824 -0.004284977 0.002896666 -0.001853227 -0.004268765 0.002905547 -0.001835703 -0.004130363 0.002395093 -0.001876711 -0.004191935 0.002645254 -0.001808941 -0.00415343 0.00248152 -0.001825094 -0.004141151 0.002432882 -0.001842141 -0.004135191 0.002410888 -0.001856267 -0.003511071 0.008211195 -0.003500103 -0.003545939 0.008241534 -0.003492057 -0.003584563 0.008268117 -0.003493607 -0.003624856 0.008289396 -0.003504693 -0.003664612 0.008304238 -0.003524601 -0.003701627 0.008311867 -0.003552377 -0.003733873 0.008311808 -0.003586411 -0.003759622 0.008304059 -0.003624916 -0.003777384 0.008289098 -0.003665626 -0.003826498 0.008219242 -0.003627538 -0.003880739 0.008139073 -0.003598988 -0.003580212 0.008193075 -0.003462493 -0.003655374 0.008175015 -0.003441452 -0.003718256 0.008161067 -0.003439307 -0.003770291 0.008150219 -0.00344944 -0.003809809 0.00814253 -0.003467023 -0.003840982 0.008137226 -0.003490865 -0.00386101 0.008134663 -0.003516018 -0.003873765 0.008134126 -0.00354284 -0.003880321 0.008135557 -0.003570556 -0.003880739 0.001860857 -0.003598988 -0.003826439 0.001780629 -0.003627598 -0.003777384 0.001710832 -0.003665626 -0.003759622 0.001695871 -0.003624916 -0.003733873 0.001688122 -0.003586411 -0.003701627 0.001688063 -0.003552377 -0.003664612 0.001695692 -0.003524601 -0.003624856 0.001710534 -0.003504693 -0.003584563 0.001731812 -0.003493607 -0.003545939 0.001758396 -0.003492057 -0.003511071 0.001788735 -0.003500103 -0.003880143 0.001864433 -0.003569722 -0.003873109 0.001865804 -0.003541231 -0.003860235 0.001865208 -0.003514885 -0.003842115 0.001862883 -0.003491997 -0.003819763 0.001859188 -0.003473401 -0.00379467 0.001854538 -0.003459036 -0.003767669 0.001849234 -0.003448665 -0.003730177 0.001841425 -0.003440558 -0.003687679 0.001832187 -0.003438532 -0.00364542 0.00182259 -0.003443121 -0.003590524 0.001809477 -0.00345844 -0.003549575 0.001799046 -0.003476858 -0.003446161 0.008239507 -0.003551542 -0.002616643 0.009175658 -0.004140079 -0.001676142 0.009903311 -0.004494905 -7.93427e-4 0.0103746 -0.004603326 -9.80943e-5 0.0106244 -0.004549801 5.9934e-4 0.01079529 -0.004369974 5.9405e-4 0.01083767 -0.004379391 5.92291e-4 0.01087754 -0.004397273 5.94154e-4 0.01091295 -0.004422903 5.99548e-4 0.01094228 -0.00445491 6.08206e-4 0.01096403 -0.004491865 6.19724e-4 0.0109772 -0.004531919 6.33553e-4 0.0109812 -0.004573225 -2.82906e-4 0.01075738 -0.004783928 -0.001188158 0.01040619 -0.004799783 -0.002022922 0.009934663 -0.004648089 -0.002762854 0.009377598 -0.004363119 -0.003309011 0.008857131 -0.004040837 -0.003777384 0.008289098 -0.003665626 -0.003511071 0.008211195 -0.003500103 -0.003545939 0.008241534 -0.003492057 -0.003584563 0.008268117 -0.003493607 -0.003624856 0.008289396 -0.003504693 -0.003664612 0.008304238 -0.003524601 -0.003701627 0.008311867 -0.003552377 -0.003733873 0.008311808 -0.003586411 -0.003759622 0.008304059 -0.003624916 2.38732e-4 0.01084971 -0.004545211 2.3824e-4 0.01083236 -0.004527866 2.38687e-4 0.01081448 -0.004513561 -2.04362e-4 0.01073205 -0.004631102 -5.66877e-4 0.01061213 -0.004665195 -0.001002252 0.0104348 -0.004664301 -0.001465976 0.01020276 -0.004612982 -0.001862883 0.009965896 -0.004526019 -0.00236696 0.009609222 -0.004353821 -0.002707004 0.009328365 -0.00419414 -0.002976059 0.0090788 -0.004039287 -0.003409743 0.008608877 -0.003726541 -0.00355941 0.00829339 -0.003512144 -0.003540754 0.008280873 -0.003510653 -0.003612935 0.00847125 -0.003691792 -0.003420114 0.008430659 -0.003614962 -0.003520965 0.00846976 -0.003631651 -0.003777384 0.001710832 -0.003665626 -0.003759622 0.001695871 -0.003624916 -0.003733873 0.001688122 -0.003586411 -0.003701627 0.001688063 -0.003552377 -0.003664612 0.001695692 -0.003524601 -0.003624856 0.001710534 -0.003504693 -0.003584563 0.001731812 -0.003493607 -0.003545939 0.001758396 -0.003492057 -0.003511071 0.001788735 -0.003500103 -0.002881705 7.26453e-4 -0.004302024 -0.001869618 -3.29176e-5 -0.00468862 -9.23634e-4 -5.25079e-4 -0.004814088 -1.4624e-4 -7.97665e-4 -0.00476557 6.33553e-4 -9.81236e-4 -0.004573225 6.19724e-4 -9.77245e-4 -0.004531919 6.08206e-4 -9.64051e-4 -0.004491865 5.99548e-4 -9.42285e-4 -0.00445491 5.94154e-4 -9.12987e-4 -0.004422903 5.92291e-4 -8.77561e-4 -0.004397273 5.9405e-4 -8.37699e-4 -0.004379391 5.9934e-4 -7.95308e-4 -0.004369974 -1.0021e-4 -6.23822e-4 -0.004550158 -7.97577e-4 -3.72804e-4 -0.004603266 -0.00145936 -3.64059e-5 -0.004540264 -0.00206691 3.67431e-4 -0.004380285 -0.002608358 8.16663e-4 -0.00414443 -0.003057241 0.001271247 -0.003867924 -0.003446161 0.001760423 -0.003551542 -1.39847e-4 -7.51054e-4 -0.004621684 -5.03458e-4 -6.34871e-4 -0.00466156 -8.76099e-4 -4.90141e-4 -0.004669249 -0.001226723 -3.28297e-4 -0.004646062 -0.001676738 -8.15997e-5 -0.004571914 -0.001994192 1.20645e-4 -0.00448805 -0.00248903 4.87522e-4 -0.004300832 -0.002759814 7.18567e-4 -0.004165828 -0.002998352 9.43108e-4 -0.00402522 -0.003389656 0.001442909 -0.003686904 -0.003410518 0.001431107 -0.003694891 -0.003433585 0.00142014 -0.003706753 -0.003540754 0.001719057 -0.003510653 -0.00355941 0.00170654 -0.003512144 -0.003579735 0.00169444 -0.003516077 -0.003624677 0.00154376 -0.0036816 -0.003527462 0.001624226 -0.00356394 0.002999544 0.01128649 -0.00263369 0.002370238 0.01121801 -0.003466367 0.00156337 0.01113134 -0.004125595 6.33553e-4 0.0109812 -0.004573225 5.9934e-4 0.01079529 -0.004369974 5.9405e-4 0.01083767 -0.004379391 5.92291e-4 0.01087754 -0.004397273 5.94154e-4 0.01091295 -0.004422903 5.99548e-4 0.01094228 -0.00445491 6.08206e-4 0.01096403 -0.004491865 6.19724e-4 0.0109772 -0.004531919 0.001390516 0.01093262 -0.003990769 0.002091348 0.01101517 -0.003446757 0.002486646 0.01105725 -0.003008544 0.002819299 0.01109802 -0.002515196 0.00282514 0.011146 -0.00252223 0.002840578 0.01118981 -0.002534568 0.00286442 0.01122742 -0.002551198 0.002895414 0.01125687 -0.002571344 0.002931952 0.01127684 -0.002593934 0.002965152 0.0112856 -0.002613723 0.002999544 0.01128649 -0.002633631 0.001286089 0.01105064 -0.004126965 0.001451253 0.01107376 -0.004028737 0.00182259 0.01111948 -0.003767788 0.00219953 0.01116049 -0.003433465 0.002404451 0.01118224 -0.003213882 0.002689063 0.01118487 -0.002795934 0.002699375 0.01120108 -0.002804219 0.00271213 0.01121687 -0.002813994 6.33553e-4 -9.81236e-4 -0.004573225 6.19724e-4 -9.77245e-4 -0.004531919 6.08206e-4 -9.64051e-4 -0.004491865 5.99548e-4 -9.42285e-4 -0.00445491 5.94154e-4 -9.12987e-4 -0.004422903 5.92291e-4 -8.77561e-4 -0.004397273 5.9405e-4 -8.37699e-4 -0.004379391 5.9934e-4 -7.95308e-4 -0.004369974 0.00156337 -0.001131355 -0.004125595 0.002370238 -0.00121802 -0.003466367 0.002999544 -0.001286506 -0.00263369 0.002999544 -0.001286506 -0.002633631 0.002958178 -0.00128442 -0.00260961 0.002918958 -0.001271128 -0.002586007 0.00288397 -0.001247704 -0.002564072 0.002855241 -0.001215159 -0.002544939 0.0028342 -0.001175284 -0.00252974 0.002823352 -0.001137912 -0.00252062 0.002819299 -0.001098036 -0.002515196 0.002229869 -0.001029789 -0.003306925 0.001473486 -9.43784e-4 -0.003938138 0.001048922 -8.80808e-4 -0.004180192 0.001286089 -0.001050651 -0.004126965 8.31291e-4 -9.7496e-4 -0.004348635 8.27447e-4 -9.57463e-4 -0.004332005 8.24913e-4 -9.39416e-4 -0.004318237 0.001493752 -0.00107944 -0.004001855 0.001901507 -0.001128256 -0.003704011 0.002269566 -0.001167893 -0.00336188 0.002999663 0.01128649 -0.002633631 0.002999544 0.01128649 -0.002633631 0.002819299 0.01109802 -0.002515196 0.00282514 0.011146 -0.00252223 0.002840578 0.01118981 -0.002534568 0.00286442 0.01122742 -0.002551198 0.002895414 0.01125687 -0.002571344 0.002931952 0.01127684 -0.002593934 0.002965152 0.0112856 -0.002613723 0.00282216 0.01109844 -0.002510249 0.002827167 0.0111432 -0.002516567 0.002840995 0.01118516 -0.002527713 0.002862751 0.01122206 -0.002543091 0.002891421 0.01125198 -0.002561867 0.002925515 0.01127344 -0.002583026 0.002963244 0.0112853 -0.002605617 0.003002643 0.01128691 -0.002628386 0.002999544 -0.001286506 -0.002633631 0.002958178 -0.00128442 -0.00260961 0.002918958 -0.001271128 -0.002586007 0.00288397 -0.001247704 -0.002564072 0.002855241 -0.001215159 -0.002544939 0.0028342 -0.001175284 -0.00252974 0.002823352 -0.001137912 -0.00252062 0.002819299 -0.001098036 -0.002515196 0.002999663 -0.001286506 -0.002633631 0.003002643 -0.001286923 -0.002628386 0.002963244 -0.001285314 -0.002605617 0.002925515 -0.001273453 -0.002583026 0.002891421 -0.001251995 -0.002561867 0.002862751 -0.001222014 -0.002543091 0.002840995 -0.001185119 -0.002527713 0.002827167 -0.001143217 -0.002516567 0.00282216 -0.001098453 -0.002510249 0.00282216 0.01109844 -0.002510249 0.002827167 0.0111432 -0.002516567 0.002840995 0.01118516 -0.002527713 0.002862751 0.01122206 -0.002543091 0.002891421 0.01125198 -0.002561867 0.002925515 0.01127344 -0.002583026 0.002963244 0.0112853 -0.002605617 0.003002643 0.01128691 -0.002628386 0.003203749 0.01111614 -0.001964032 0.003674626 0.01110816 -0.001496076 0.004219949 0.01107949 -0.001120507 0.004226326 0.01112508 -0.001125812 0.004237592 0.0111677 -0.001140296 0.004253149 0.01120501 -0.001163005 0.004272222 0.01123499 -0.001192867 0.00429368 0.01125609 -0.001228153 0.004316449 0.01126706 -0.001267015 0.004339277 0.01126742 -0.001307368 0.003817081 0.01129668 -0.001662611 0.003365755 0.01130497 -0.002106964 0.003721117 0.01124924 -0.001547515 0.003478586 0.0112552 -0.00176686 0.003253996 0.01125621 -0.002009987 0.003002643 -0.001286923 -0.002628386 0.002963244 -0.001285314 -0.002605617 0.002925515 -0.001273453 -0.002583026 0.002891421 -0.001251995 -0.002561867 0.002862751 -0.001222014 -0.002543091 0.002840995 -0.001185119 -0.002527713 0.002827167 -0.001143217 -0.002516567 0.00282216 -0.001098453 -0.002510249 0.003365755 -0.001304984 -0.002106964 0.003817081 -0.001296699 -0.001662611 0.004339277 -0.001267433 -0.001307368 0.004316449 -0.001267075 -0.001267015 0.00429368 -0.001256108 -0.001228153 0.004272222 -0.001235008 -0.001192867 0.004253149 -0.001205027 -0.001163005 0.004237592 -0.001167714 -0.001140296 0.004226326 -0.001125097 -0.001125812 0.004219949 -0.001079499 -0.001120507 0.003674626 -0.001108109 -0.001496076 0.003203749 -0.001116096 -0.001964032 0.003721117 -0.001249253 -0.001547515 0.003478586 -0.001255214 -0.00176686 0.003253996 -0.001256227 -0.002009987 0.004219949 0.01107949 -0.001120507 0.004226326 0.01112508 -0.001125812 0.004237592 0.0111677 -0.001140296 0.004253149 0.01120501 -0.001163005 0.004272222 0.01123499 -0.001192867 0.00429368 0.01125609 -0.001228153 0.004316449 0.01126706 -0.001267015 0.004339277 0.01126742 -0.001307368 0.004931569 0.01101565 -8.04286e-4 0.00531274 0.01096844 -7.31844e-4 0.005603611 0.01092439 -7.39161e-4 0.005980253 0.01085209 -8.33828e-4 0.006198644 0.01079988 -9.27221e-4 0.006408154 0.01074171 -0.001037895 0.00641483 0.01078802 -0.001051604 0.006415069 0.01083093 -0.001074731 0.006409049 0.01086801 -0.001105785 0.00639677 0.0108968 -0.001143157 0.006379246 0.01091581 -0.001184463 0.006357491 0.01092398 -0.001227319 0.005834519 0.01106381 -9.98676e-4 0.005552411 0.01112151 -9.46678e-4 0.005236566 0.01117318 -9.60361e-4 0.004919171 0.01121395 -0.001040995 0.00462383 0.01124411 -0.001161038 0.004407227 0.01121038 -0.001098752 0.004418015 0.01122599 -0.001116991 0.004428625 0.01123791 -0.001135408 0.00475645 0.01117938 -9.39004e-4 0.004915714 0.01116245 -8.8251e-4 0.005085408 0.01114225 -8.36253e-4 0.005272626 0.01111704 -8.04532e-4 0.00544691 0.01109033 -7.95666e-4 0.005587935 0.01106625 -8.03988e-4 0.00574404 0.01103657 -8.29846e-4 0.005925476 0.01099771 -8.80856e-4 0.0060364 0.01097136 -9.21976e-4 0.006312847 0.01085865 -0.00101602 0.006310939 0.01087886 -0.001030981 0.006307065 0.01089847 -0.00104922 0.004339277 -0.001267433 -0.001307368 0.004316449 -0.001267075 -0.001267015 0.00429368 -0.001256108 -0.001228153 0.004272222 -0.001235008 -0.001192867 0.004253149 -0.001205027 -0.001163005 0.004237592 -0.001167714 -0.001140296 0.004226326 -0.001125097 -0.001125812 0.004219949 -0.001079499 -0.001120507 0.004997134 -0.001204848 -0.001015961 0.005348503 -0.00115627 -9.47032e-4 0.005616426 -0.001109421 -9.53127e-4 0.00600022 -0.001024305 -0.001055181 0.006357491 -9.2403e-4 -0.001227319 0.006379246 -9.15865e-4 -0.001184463 0.00639677 -8.96827e-4 -0.001143157 0.006409049 -8.6804e-4 -0.001105785 0.006415069 -8.30969e-4 -0.001074731 0.00641483 -7.88022e-4 -0.001051604 0.006408154 -7.41736e-4 -0.001037895 0.005840778 -8.81341e-4 -7.88078e-4 0.005534112 -9.35741e-4 -7.32157e-4 0.005191266 -9.84644e-4 -7.45572e-4 0.004847049 -0.001024782 -8.31053e-4 0.00452733 -0.001055419 -9.60808e-4 0.004413247 -0.001209914 -0.001095592 0.004403352 -0.001191616 -0.00107944 0.004395127 -0.001172602 -0.001066565 0.004753649 -0.001179635 -9.40092e-4 0.004915773 -0.001162469 -8.82488e-4 0.005082905 -0.001142561 -8.36816e-4 0.005275011 -0.001116693 -8.04271e-4 0.005441248 -0.001091241 -7.95625e-4 0.005589723 -0.001065909 -8.04178e-4 0.005739688 -0.001037418 -8.28896e-4 0.005946338 -9.92926e-4 -8.88057e-4 0.006224274 -9.37665e-4 -0.00102961 0.006229579 -9.20534e-4 -0.001009106 0.006357491 0.01092398 -0.001227319 0.006357491 0.01092398 -0.001227319 0.006408154 0.01074171 -0.001037895 0.00641483 0.01078802 -0.001051604 0.006415069 0.01083093 -0.001074731 0.006409049 0.01086801 -0.001105785 0.00639677 0.0108968 -0.001143157 0.006379246 0.01091581 -0.001184463 0.007332921 0.01035934 -0.001657605 0.007343053 0.01040017 -0.001674413 0.00734657 0.01043838 -0.001698493 0.007343173 0.01047199 -0.001728713 0.007333099 0.01049929 -0.001763463 0.007316768 0.0105189 -0.001801013 0.007295191 0.01052969 -0.001839339 0.007165849 0.01056504 -0.001602828 0.006357491 -9.2403e-4 -0.001227319 0.006379246 -9.15865e-4 -0.001184463 0.00639677 -8.96827e-4 -0.001143157 0.006409049 -8.6804e-4 -0.001105785 0.006415069 -8.30969e-4 -0.001074731 0.00641483 -7.88022e-4 -0.001051604 0.006408154 -7.41736e-4 -0.001037895 0.006357491 -9.24028e-4 -0.001227319 0.007295191 -5.29738e-4 -0.001839339 0.007316768 -5.18906e-4 -0.001801013 0.007333099 -4.99341e-4 -0.001763463 0.007343173 -4.72046e-4 -0.001728713 0.00734657 -4.38426e-4 -0.001698493 0.007343053 -4.00206e-4 -0.001674413 0.007332921 -3.59349e-4 -0.001657605 0.008308768 0.009856462 -0.002540588 0.007295191 0.01052969 -0.001839339 0.007332921 0.01035934 -0.001657605 0.007343053 0.01040017 -0.001674413 0.00734657 0.01043838 -0.001698493 0.007343173 0.01047199 -0.001728713 0.007333099 0.01049929 -0.001763463 0.007316768 0.0105189 -0.001801013 0.008315563 0.009704887 -0.002369105 0.008328974 0.009739756 -0.002387583 0.008336305 0.009771883 -0.002411484 0.008337736 0.009800493 -0.002439796 0.008333384 0.009824752 -0.002471387 0.008323431 0.009843885 -0.002505183 0.008308112 0.009856998 -0.002539992 0.007295191 -5.29738e-4 -0.001839339 0.007316768 -5.18906e-4 -0.001801013 0.007333099 -4.99341e-4 -0.001763463 0.007343173 -4.72046e-4 -0.001728713 0.00734657 -4.38426e-4 -0.001698493 0.007343053 -4.00206e-4 -0.001674413 0.007332921 -3.59349e-4 -0.001657605 0.008308768 1.4352e-4 -0.002540588 0.008308112 1.42987e-4 -0.002539992 0.00832355 1.55932e-4 -0.002505183 0.008333623 1.74894e-4 -0.002471387 0.008338034 1.99765e-4 -0.002439141 0.008336484 2.28873e-4 -0.002410471 0.008329033 2.60634e-4 -0.002387106 0.008315563 2.95072e-4 -0.002369105 0.008308947 0.009856343 -0.002540588 0.008308112 0.009856998 -0.002539992 0.008315563 0.009704887 -0.002369105 0.008328974 0.009739756 -0.002387583 0.008336305 0.009771883 -0.002411484 0.008337736 0.009800493 -0.002439796 0.008333384 0.009824752 -0.002471387 0.008323431 0.009843885 -0.002505183 0.008899688 0.009180963 -0.002797782 0.009344041 0.00859493 -0.003119289 0.009553849 0.008176624 -0.003264009 0.009716272 0.007725775 -0.003368556 0.009746015 0.00774163 -0.003402233 0.009766757 0.007755994 -0.003442704 0.009777665 0.007768094 -0.003487467 0.009779214 0.007773637 -0.003513455 0.009777247 0.007778048 -0.003539621 0.009432494 0.008610188 -0.003320455 0.008979141 0.009241402 -0.003011584 0.008655548 0.009566485 -0.002785027 0.009522736 0.008398413 -0.003286302 0.0094105 0.008612632 -0.003209471 0.00920093 0.008935391 -0.003062069 0.008963525 0.009226083 -0.002891957 0.008807659 0.009389519 -0.002779245 0.008510708 0.009660243 -0.002563893 0.008308112 1.42987e-4 -0.002539992 0.00832355 1.55932e-4 -0.002505183 0.008333623 1.74894e-4 -0.002471387 0.008338034 1.99765e-4 -0.002439141 0.008336484 2.28873e-4 -0.002410471 0.008329033 2.60634e-4 -0.002387106 0.008315563 2.95072e-4 -0.002369105 0.008308947 1.43653e-4 -0.002540588 0.008922457 6.95873e-4 -0.002972126 0.009388208 0.001312971 -0.00329101 0.009607672 0.001751184 -0.00343436 0.009777247 0.002221882 -0.003539621 0.009778261 0.002230644 -0.003492832 0.009768545 0.002242445 -0.003447651 0.009748876 0.002256572 -0.003406584 0.009733915 0.002265214 -0.003386318 0.009716272 0.002274155 -0.003368556 0.009426891 0.00155276 -0.003177404 0.009053468 9.93906e-4 -0.002910077 0.008700609 6.20268e-4 -0.002651751 0.009690225 0.002009093 -0.003396272 0.009540438 0.001639127 -0.003298223 0.009432315 0.0014261 -0.003224551 0.00924623 0.001127719 -0.003094315 0.009015262 8.32387e-4 -0.00292927 0.008835673 6.38465e-4 -0.00279963 0.008535981 3.75927e-4 -0.00256747 0.008537173 3.62032e-4 -0.002583205 0.009716272 0.007725775 -0.003368556 0.009746015 0.00774163 -0.003402233 0.009766757 0.007755994 -0.003442704 0.009777665 0.007768094 -0.003487467 0.009779214 0.007773637 -0.003513455 0.009777247 0.007778048 -0.003539621 0.009933412 0.00688368 -0.003493309 0.0100696 0.005994379 -0.003547608 0.01010102 0.005996823 -0.003581762 0.01012367 0.005998611 -0.003622174 0.01013678 0.005999565 -0.003666758 0.01013952 0.005999803 -0.003692567 0.01013886 0.005999684 -0.003718674 0.009999454 0.006912708 -0.003664374 0.009777247 0.002221882 -0.003539621 0.009778261 0.002230644 -0.003492832 0.009768545 0.002242445 -0.003447651 0.009748876 0.002256572 -0.003406584 0.009733915 0.002265214 -0.003386318 0.009716272 0.002274155 -0.003368556 0.009999454 0.003087282 -0.003664374 0.01013886 0.004000246 -0.003718674 0.01013755 0.004000306 -0.003672003 0.01012557 0.0040012 -0.003627002 0.01010394 0.004002869 -0.003585994 0.01008802 0.00400412 -0.003565669 0.0100696 0.004005551 -0.003547608 0.009933412 0.00311625 -0.003493309 0.01013886 0.005999684 -0.003718674 0.0101388 0.005999684 -0.003718852 0.0100696 0.005994379 -0.003547608 0.01010102 0.005996823 -0.003581762 0.01012367 0.005998611 -0.003622174 0.01013678 0.005999565 -0.003666758 0.01013952 0.005999803 -0.003692567 0.01012355 0.005010426 -0.003525793 0.01015275 0.005011379 -0.003556609 0.01017481 0.005011737 -0.003592908 0.01018869 0.005011618 -0.003633022 0.01019239 0.005011379 -0.003654122 0.01019382 0.005010962 -0.00367546 0.01019299 0.005010426 -0.003696858 0.01013886 0.004000246 -0.003718674 0.01013755 0.004000306 -0.003672003 0.01012557 0.0040012 -0.003627002 0.01010394 0.004002869 -0.003585994 0.01008802 0.00400412 -0.003565669 0.0100696 0.004005551 -0.003547608 0.0101388 0.004000246 -0.003718852 0.01019299 0.004989504 -0.003696858 0.01019382 0.004988968 -0.00367546 0.01019239 0.00498861 -0.003654122 0.01018869 0.004988312 -0.003633022 0.01017481 0.004988193 -0.003592908 0.01015275 0.00498861 -0.003556609 0.01012355 0.004989504 -0.003525793 0.01018869 0.004988312 -0.003633022 0.01018887 0.004992187 -0.003633022 0.01018899 0.004996061 -0.003632962 0.01018905 0.004999995 -0.003632962 0.01019299 0.004989504 -0.003696858 0.01019382 0.004988968 -0.00367546 0.01019239 0.00498861 -0.003654122 0.01019322 0.004996478 -0.003696858 0.01019322 0.005003452 -0.003696858 0.01019299 0.005010426 -0.003696858 0.01018869 0.005011618 -0.003633022 0.01019239 0.005011379 -0.003654122 0.01019382 0.005010962 -0.00367546 0.01018887 0.005007743 -0.003633022 0.01018899 0.005003869 -0.003632962 -0.004556298 0.004999995 -0.001895129 -0.004356265 0.004999995 -0.001760542 -0.004556238 0.004996478 -0.001895129 -0.004556179 0.004993021 -0.001895189 -0.004556119 0.004989504 -0.001895308 -0.004355847 0.004989504 -0.001760601 -0.004355967 0.004990518 -0.001760601 -0.004556119 0.005010426 -0.001895308 -0.004556179 0.005006968 -0.001895189 -0.004556238 0.005003452 -0.001895129 -0.004556298 0.004999995 -0.001895129 -0.004591047 0.00501132 -0.00192523 -0.004618167 0.005011677 -0.001962363 -0.004636168 0.00501132 -0.002004623 -0.004644036 0.005010426 -0.002049922 -0.004644334 0.005003452 -0.002049922 -0.004644334 0.004996478 -0.002049922 -0.004644036 0.004989504 -0.002049922 -0.004636168 0.00498861 -0.002004623 -0.004618167 0.004988312 -0.001962363 -0.004591047 0.00498861 -0.00192523 -0.004556119 0.004989504 -0.001895308 -0.004556238 0.004996478 -0.001895129 -0.004556179 0.004993021 -0.001895189 -0.004631578 0.004999995 -0.00199002 -0.004644036 0.005010426 -0.002049922 -0.004644334 0.005003452 -0.002049922 -0.004644334 0.004996478 -0.002049922 -0.004644036 0.004989504 -0.002049922 -0.004672825 0.005010426 -0.002704441 -0.004673123 0.005003452 -0.002704441 -0.004673123 0.004996478 -0.002704441 -0.004672825 0.004989504 -0.002704441 -0.004707157 0.004989504 -0.004324793 -0.004672825 0.004989504 -0.002704441 -0.004672825 0.005010426 -0.002704441 -0.004673123 0.005003452 -0.002704441 -0.004673123 0.004996478 -0.002704441 -0.004707157 0.005010426 -0.004324793 0.007371604 0.008239507 -0.001547694 0.007000923 0.008117556 -0.001212 0.006820142 0.00806725 -0.001005172 0.006679713 0.008049964 -8.15488e-4 0.004049479 0.008049964 -8.16468e-4 0.004814386 0.008049964 -4.78964e-4 0.005225956 0.008049964 -3.95346e-4 0.005638718 0.008049964 -4.00484e-4 0.006095468 0.008049964 -5.17491e-4 0.006394326 0.008049964 -6.5216e-4 0.004147171 0.008239507 -9.90685e-4 0.004143774 0.008196771 -9.84635e-4 0.004135966 0.008156538 -9.7071e-4 0.004124104 0.008120656 -9.4955e-4 0.004108726 0.008090853 -9.22155e-4 0.004090607 0.008068501 -8.89804e-4 0.00407058 0.008054673 -8.54019e-4 0.006178915 0.008239507 -7.69053e-4 0.005844593 0.008239507 -6.45198e-4 0.00545907 0.008239507 -5.86323e-4 0.00506097 0.008239507 -6.22317e-4 0.004589855 0.008239507 -7.71277e-4 0.004352748 0.008140742 -8.45086e-4 0.004346847 0.008122563 -8.33105e-4 0.004339456 0.00810492 -8.18323e-4 0.004708886 0.008104979 -6.58538e-4 0.004950881 0.008104979 -5.8398e-4 0.005144059 0.00810492 -5.44451e-4 0.005350291 0.00810492 -5.24647e-4 0.005541086 0.00810492 -5.28783e-4 0.005742013 0.00810492 -5.57054e-4 0.005954205 0.00810492 -6.13473e-4 0.006126105 0.00810492 -6.78007e-4 0.006268143 0.00810492 -7.4276e-4 0.006408393 0.00810492 -8.15775e-4 0.006487011 0.008140087 -8.94312e-4 0.002518415 0.008049964 -0.002337276 0.002933859 0.008049964 -0.001740336 0.003449797 0.008049964 -0.001227855 0.004049479 0.008049964 -8.16468e-4 0.002691924 0.008239507 -0.002436101 0.002685904 0.008196771 -0.002432644 0.002672016 0.008156538 -0.002424776 0.002650976 0.008120656 -0.002412736 0.002623677 0.008090853 -0.002397239 0.002591431 0.008068501 -0.00237888 0.002555787 0.008054673 -0.002358555 0.004147171 0.008239507 -9.90685e-4 0.003577232 0.008239507 -0.001381695 0.003086805 0.008239507 -0.001868784 0.004143774 0.008196771 -9.84635e-4 0.004135966 0.008156538 -9.7071e-4 0.004124104 0.008120656 -9.4955e-4 0.004108726 0.008090853 -9.22155e-4 0.004090607 0.008068501 -8.89804e-4 0.00407058 0.008054673 -8.54019e-4 0.0030815 0.008196771 -0.001864314 0.003069281 0.008156538 -0.001854062 0.003050684 0.008120656 -0.001838445 0.003026664 0.008090853 -0.001818299 0.002998232 0.008068501 -0.001794397 0.002966821 0.008054673 -0.001768052 0.003572821 0.008196771 -0.00137633 0.003562629 0.008156538 -0.001364052 0.003547132 0.008120656 -0.001345396 0.003527104 0.008090853 -0.001321196 0.003503441 0.008068501 -0.001292645 0.003477275 0.008054673 -0.001260995 -0.003318488 0.008049964 -0.003397941 -0.002615153 0.008049964 -0.003863155 -0.001827776 0.008049964 -0.004164993 -9.93714e-4 0.008049964 -0.00428915 -1.52543e-4 0.008049964 -0.004229664 6.5577e-4 0.008049964 -0.003989398 0.001392841 0.008049964 -0.003579735 0.002023696 0.008049964 -0.003020167 0.002518415 0.008049964 -0.002337276 -0.003446161 0.008239507 -0.003551542 -0.003441751 0.008196771 -0.003546178 -0.003431558 0.008156538 -0.003533899 -0.003416061 0.008120656 -0.003515243 -0.003395974 0.008090853 -0.003491103 -0.003372251 0.008068501 -0.003462553 -0.003346025 0.008054673 -0.003431022 0.002691924 0.008239507 -0.002436101 0.002171754 0.008239507 -0.003154277 0.001508295 0.008239507 -0.003742754 7.33212e-4 0.008239507 -0.004173517 -1.1684e-4 0.008239507 -0.004426181 -0.001001417 0.008239507 -0.004488706 -0.001878499 0.008239507 -0.004358172 -0.002706587 0.008239507 -0.004040777 0.002685904 0.008196771 -0.002432644 0.002672016 0.008156538 -0.002424776 0.002650976 0.008120656 -0.002412736 0.002623677 0.008090853 -0.002397239 0.002591431 0.008068501 -0.00237888 0.002555787 0.008054673 -0.002358555 0.002055585 0.008054673 -0.003049075 0.002086043 0.008068501 -0.003076612 0.002113521 0.008090853 -0.003101527 0.002136766 0.008120656 -0.003122627 0.002154767 0.008156538 -0.003138899 0.002166569 0.008196771 -0.003149628 0.001417756 0.008054673 -0.003614902 0.001441419 0.008068501 -0.00364834 0.001462876 0.008090853 -0.003678619 0.001481056 0.008120656 -0.003704249 0.001495063 0.008156538 -0.003724038 0.001504302 0.008196771 -0.003737092 6.7246e-4 0.008054673 -0.004029095 6.88359e-4 0.008068501 -0.004066884 7.02739e-4 0.008090853 -0.004101097 7.14913e-4 0.008120656 -0.004130065 7.2433e-4 0.008156538 -0.004152417 7.30515e-4 0.008196771 -0.004167139 -1.44839e-4 0.008054673 -0.004272043 -1.37508e-4 0.008068501 -0.004312396 -1.30877e-4 0.008090853 -0.004348874 -1.25259e-4 0.008120656 -0.004379749 -1.20923e-4 0.008156538 -0.00440365 -1.18077e-4 0.008196771 -0.004419386 -9.95375e-4 0.008054673 -0.004332184 -9.96955e-4 0.008068501 -0.004373133 -9.98385e-4 0.008090853 -0.004410207 -9.99592e-4 0.008120656 -0.004441618 -0.001000523 0.008156538 -0.004465818 -0.001001119 0.008196771 -0.004481792 -0.001838684 0.008054673 -0.004206657 -0.001849114 0.008068501 -0.004246354 -0.001858532 0.008090853 -0.004282176 -0.001866519 0.008120656 -0.004312574 -0.001872718 0.008156538 -0.004336059 -0.001876771 0.008196771 -0.004351496 -0.002634882 0.008054673 -0.003901422 -0.002653658 0.008068501 -0.0039379 -0.002670586 0.008090853 -0.003970921 -0.00268501 0.008120656 -0.003998816 -0.002696096 0.008156538 -0.004020392 -0.002703368 0.008196771 -0.004034578 -0.00340718 0.008049964 -0.003333687 -0.003318488 0.008049964 -0.003397941 -0.003511071 0.008211195 -0.003500103 -0.00350368 0.008167624 -0.003488302 -0.003491282 0.008128345 -0.003468394 -0.003474414 0.008095443 -0.003441393 -0.003454089 0.008070647 -0.003408789 -0.00343126 0.00805521 -0.003372251 -0.003446161 0.008239507 -0.003551542 -0.003441751 0.008196771 -0.003546178 -0.003431558 0.008156538 -0.003533899 -0.003416061 0.008120656 -0.003515243 -0.003395974 0.008090853 -0.003491103 -0.003372251 0.008068501 -0.003462553 -0.003346025 0.008054673 -0.003431022 -0.003880739 0.008139073 -0.003598988 -0.003910541 0.008092403 -0.003525972 -0.003928184 0.008063316 -0.00345087 -0.003933727 0.008053362 -0.003401815 -0.003935039 0.008049964 -0.003351569 -0.003511071 0.008211195 -0.003500103 -0.003580212 0.008193075 -0.003462493 -0.003655374 0.008175015 -0.003441452 -0.003718256 0.008161067 -0.003439307 -0.003770291 0.008150219 -0.00344944 -0.003809809 0.00814253 -0.003467023 -0.003840982 0.008137226 -0.003490865 -0.00386101 0.008134663 -0.003516018 -0.003873765 0.008134126 -0.00354284 -0.003880321 0.008135557 -0.003570556 -0.00350368 0.008167624 -0.003488302 -0.003491282 0.008128345 -0.003468394 -0.003474414 0.008095443 -0.003441393 -0.003454089 0.008070647 -0.003408789 -0.00343126 0.00805521 -0.003372251 -0.00340718 0.008049964 -0.003333687 -0.003865063 0.008049964 -0.00330311 -0.003786265 0.008049964 -0.003271639 -0.003702878 0.008049964 -0.003256916 -0.003618717 0.008049964 -0.003258705 -0.003536105 0.008049964 -0.003275513 -0.003469884 0.008049964 -0.00330013 -0.003563582 0.008089303 -0.003391623 -0.003593981 0.008087456 -0.003380835 -0.003641366 0.008084714 -0.003369629 -0.003673136 0.008082985 -0.003365874 -0.003713548 0.008080899 -0.003365397 -0.003745257 0.008079409 -0.003368675 -0.00377953 0.0080778 -0.003376066 -0.003809452 0.008076429 -0.003386199 0.006679713 0.001949965 -8.15488e-4 0.006887853 0.001915931 -0.001086831 0.007119238 0.001844227 -0.001330494 0.007371604 0.001760423 -0.001547694 0.004147171 0.001760423 -9.90685e-4 0.004680812 0.001760423 -7.35454e-4 0.005196511 0.001760423 -5.99686e-4 0.005585074 0.001760423 -5.95365e-4 0.005937516 0.001760423 -6.73275e-4 0.00628966 0.001760423 -8.22961e-4 0.006686091 0.001760423 -0.001056432 0.004049479 0.001949965 -8.16468e-4 0.00407058 0.001945257 -8.54019e-4 0.004090607 0.001931428 -8.89804e-4 0.004108726 0.001909077 -9.22155e-4 0.004124104 0.001879274 -9.4955e-4 0.004135966 0.001843452 -9.7071e-4 0.004143774 0.001803159 -9.84635e-4 0.005999565 0.001949965 -4.83464e-4 0.005631387 0.001949965 -3.99556e-4 0.005218625 0.001949965 -3.96106e-4 0.004802346 0.001949965 -4.826e-4 0.004417479 0.001949965 -6.29116e-4 0.004277408 0.001922845 -8.08101e-4 0.004285991 0.001910448 -8.24895e-4 0.004294395 0.001894891 -8.41346e-4 0.004565954 0.001894891 -7.14425e-4 0.004750072 0.00189495 -6.44054e-4 0.005014836 0.00189495 -5.68788e-4 0.005210697 0.00189501 -5.35432e-4 0.00541222 0.00189501 -5.23526e-4 0.005603194 0.00189507 -5.34926e-4 0.005787372 0.00189507 -5.66814e-4 0.005956709 0.00189501 -6.14293e-4 0.006139099 0.00189501 -6.83505e-4 0.006463706 0.00189507 -8.46799e-4 0.00666368 0.00189507 -9.68113e-4 0.002691924 0.001760423 -0.002436101 0.003086805 0.001760423 -0.001868784 0.003577232 0.001760423 -0.001381695 0.004147171 0.001760423 -9.90685e-4 0.002518415 0.001949965 -0.002337276 0.002555787 0.001945257 -0.002358555 0.002591431 0.001931428 -0.00237888 0.002623677 0.001909077 -0.002397239 0.002650976 0.001879274 -0.002412736 0.002672016 0.001843452 -0.002424776 0.002685904 0.001803159 -0.002432644 0.004049479 0.001949965 -8.16468e-4 0.003449797 0.001949965 -0.001227855 0.002933859 0.001949965 -0.001740336 0.00407058 0.001945257 -8.54019e-4 0.004090607 0.001931428 -8.89804e-4 0.004108726 0.001909077 -9.22155e-4 0.004124104 0.001879274 -9.4955e-4 0.004135966 0.001843452 -9.7071e-4 0.004143774 0.001803159 -9.84635e-4 0.003572821 0.001803159 -0.00137633 0.003562629 0.001843452 -0.001364052 0.003547132 0.001879274 -0.001345396 0.003527104 0.001909077 -0.001321196 0.003503441 0.001931428 -0.001292645 0.003477275 0.001945257 -0.001260995 0.0030815 0.001803159 -0.001864314 0.003069281 0.001843452 -0.001854062 0.003050684 0.001879274 -0.001838445 0.003026664 0.001909077 -0.001818299 0.002998232 0.001931428 -0.001794397 0.002966821 0.001945257 -0.001768052 -0.003446161 0.001760423 -0.003551542 -0.002706587 0.001760423 -0.004040777 -0.001878499 0.001760423 -0.004358172 -0.001001417 0.001760423 -0.004488706 -1.1684e-4 0.001760423 -0.004426181 7.33212e-4 0.001760423 -0.004173517 0.001508295 0.001760423 -0.003742754 0.002171754 0.001760423 -0.003154277 0.002691924 0.001760423 -0.002436101 -0.003318488 0.001949965 -0.003397941 -0.003346025 0.001945257 -0.003431022 -0.003372251 0.001931428 -0.003462553 -0.003395974 0.001909077 -0.003491103 -0.003416061 0.001879274 -0.003515243 -0.003431558 0.001843452 -0.003533899 -0.003441751 0.001803159 -0.003546178 0.002518415 0.001949965 -0.002337276 0.002023696 0.001949965 -0.003020167 0.001392841 0.001949965 -0.003579735 6.5577e-4 0.001949965 -0.003989398 -1.52543e-4 0.001949965 -0.004229664 -9.93714e-4 0.001949965 -0.00428915 -0.001827776 0.001949965 -0.004164993 -0.002615153 0.001949965 -0.003863155 0.002555787 0.001945257 -0.002358555 0.002591431 0.001931428 -0.00237888 0.002623677 0.001909077 -0.002397239 0.002650976 0.001879274 -0.002412736 0.002672016 0.001843452 -0.002424776 0.002685904 0.001803159 -0.002432644 -0.002634882 0.001945257 -0.003901422 -0.002653658 0.001931428 -0.0039379 -0.002670586 0.001909077 -0.003970921 -0.00268501 0.001879274 -0.003998816 -0.002696096 0.001843452 -0.004020392 -0.002703368 0.001803159 -0.004034578 -0.001838684 0.001945257 -0.004206657 -0.001849114 0.001931428 -0.004246354 -0.001858532 0.001909077 -0.004282176 -0.001866519 0.001879274 -0.004312574 -0.001872718 0.001843452 -0.004336059 -0.001876771 0.001803159 -0.004351496 -9.95375e-4 0.001945257 -0.004332184 -9.96955e-4 0.001931428 -0.004373133 -9.98385e-4 0.001909077 -0.004410207 -9.99592e-4 0.001879274 -0.004441618 -0.001000523 0.001843452 -0.004465818 -0.001001119 0.001803159 -0.004481792 -1.44839e-4 0.001945257 -0.004272043 -1.37508e-4 0.001931428 -0.004312396 -1.30877e-4 0.001909077 -0.004348874 -1.25259e-4 0.001879274 -0.004379749 -1.20923e-4 0.001843452 -0.00440365 -1.18077e-4 0.001803159 -0.004419386 6.7246e-4 0.001945257 -0.004029095 6.88359e-4 0.001931428 -0.004066884 7.02739e-4 0.001909077 -0.004101097 7.14913e-4 0.001879274 -0.004130065 7.2433e-4 0.001843452 -0.004152417 7.30515e-4 0.001803159 -0.004167139 0.001417756 0.001945257 -0.003614902 0.001441419 0.001931428 -0.00364834 0.001462876 0.001909077 -0.003678619 0.001481056 0.001879274 -0.003704249 0.001495063 0.001843452 -0.003724038 0.001504302 0.001803159 -0.003737092 0.002055585 0.001945257 -0.003049075 0.002086043 0.001931428 -0.003076612 0.002113521 0.001909077 -0.003101527 0.002136766 0.001879274 -0.003122627 0.002154767 0.001843452 -0.003138899 0.002166569 0.001803159 -0.003149628 -0.003511071 0.001788735 -0.003500103 -0.003446161 0.001760423 -0.003551542 -0.00340718 0.001949965 -0.003333687 -0.00343126 0.00194472 -0.003372251 -0.003454089 0.001929283 -0.003408789 -0.003474414 0.001904487 -0.003441393 -0.003491282 0.001871585 -0.003468394 -0.00350368 0.001832365 -0.003488302 -0.003318488 0.001949965 -0.003397941 -0.003346025 0.001945257 -0.003431022 -0.003372251 0.001931428 -0.003462553 -0.003395974 0.001909077 -0.003491103 -0.003416061 0.001879274 -0.003515243 -0.003431558 0.001843452 -0.003533899 -0.003441751 0.001803159 -0.003546178 -0.00340718 0.001949965 -0.003333687 -0.003519237 0.001949965 -0.003280818 -0.003627359 0.001949965 -0.003257751 -0.003720939 0.001949965 -0.003258705 -0.003807365 0.001949965 -0.003278195 -0.003874719 0.001949965 -0.003308415 -0.003935039 0.001949965 -0.003351569 -0.00343126 0.00194472 -0.003372251 -0.003454089 0.001929283 -0.003408789 -0.003474414 0.001904487 -0.003441393 -0.003491282 0.001871585 -0.003468394 -0.00350368 0.001832365 -0.003488302 -0.003511071 0.001788735 -0.003500103 -0.003880739 0.001860857 -0.003598988 -0.003880143 0.001864433 -0.003569722 -0.003873109 0.001865804 -0.003541231 -0.003860235 0.001865208 -0.003514885 -0.003842115 0.001862883 -0.003491997 -0.003819763 0.001859188 -0.003473401 -0.00379467 0.001854538 -0.003459036 -0.003767669 0.001849234 -0.003448665 -0.003730177 0.001841425 -0.003440558 -0.003687679 0.001832187 -0.003438532 -0.00364542 0.00182259 -0.003443121 -0.003590524 0.001809477 -0.00345844 -0.003549575 0.001799046 -0.003476858 -0.003931641 0.001942634 -0.00342524 -0.003924965 0.00193119 -0.003469169 -0.003912508 0.001910686 -0.003519594 -0.003897905 0.0018875 -0.0035609 -0.003563642 0.001910626 -0.003391563 -0.003603696 0.00191307 -0.003377974 -0.003638327 0.001915097 -0.003370106 -0.003665208 0.001916527 -0.003366529 -0.003700613 0.001918375 -0.003365039 -0.00372827 0.001919746 -0.003366529 -0.003761112 0.001921296 -0.003371596 -0.003785669 0.001922428 -0.003377854 -0.003811538 0.00192362 -0.003387093 -0.0038293 0.001924335 -0.003395259 -0.003917753 0.001949965 -0.002624452 -0.003917753 0.001949965 -0.002624452 -0.003928065 0.001949965 -0.003012835 -0.00395298 0.001981317 -0.002994 -0.0039438 0.001971542 -0.003000259 -0.003935456 0.001961052 -0.003006517 -0.004030108 0.002132534 -0.002773165 -0.004004299 0.002078533 -0.002955794 -0.003982841 0.002038538 -0.003040671 -0.003974854 0.002024471 -0.003058493 -0.003966271 0.002009809 -0.003069281 -0.003957808 0.001995861 -0.003071844 -0.003950774 0.001984596 -0.003067672 -0.003944158 0.001974165 -0.003058314 -0.003937363 0.001963794 -0.003043413 -0.003928065 0.001949965 -0.003012835 -0.004005551 0.002044737 -0.002747535 -0.004008829 0.002075254 -0.00275588 -0.004017114 0.002104818 -0.002764463 -0.00395298 0.001981317 -0.002994 -0.003955125 0.001988708 -0.003035128 -0.003959715 0.001997649 -0.003050506 -0.00396645 0.002007186 -0.003035724 -0.003986477 0.002028346 -0.002911746 -0.0039438 0.001971542 -0.003000259 -0.003935456 0.001961052 -0.003006517 -0.00406593 0.002217054 -0.002448916 -0.004030108 0.002132534 -0.002773165 -0.004043519 0.00213325 -0.002422392 -0.004046499 0.002162277 -0.002431035 -0.004054009 0.00219047 -0.002439916 -0.004005551 0.002044737 -0.002747535 -0.004008829 0.002075254 -0.00275588 -0.004017114 0.002104818 -0.002764463 -0.004119813 0.002361893 -0.001972496 -0.00406593 0.002217054 -0.002448916 -0.00410068 0.002284765 -0.001942515 -0.004103124 0.002311408 -0.00195235 -0.004109561 0.002337336 -0.001962423 -0.004043519 0.00213325 -0.002422392 -0.004046499 0.002162277 -0.002431035 -0.004054009 0.00219047 -0.002439916 -0.004130363 0.002395093 -0.001876711 -0.004119813 0.002361893 -0.001972496 -0.004111707 0.002319455 -0.001847684 -0.004114151 0.002345561 -0.001857221 -0.004120409 0.002370893 -0.001866996 -0.00410068 0.002284765 -0.001942515 -0.004103124 0.002311408 -0.00195235 -0.004109561 0.002337336 -0.001962423 -0.004246771 0.002904891 -0.001818895 -0.004191935 0.002645254 -0.001808941 -0.00415343 0.00248152 -0.001825094 -0.004141151 0.002432882 -0.001842141 -0.004135191 0.002410888 -0.001856267 -0.004130363 0.002395093 -0.001876711 -0.004158973 0.002904891 -0.001639783 -0.004160583 0.002905905 -0.001681447 -0.004170775 0.002906382 -0.001721858 -0.004189133 0.002906382 -0.00175929 -0.004214823 0.002905905 -0.001792132 -0.004111707 0.002319455 -0.001847684 -0.004115819 0.002337336 -0.001812338 -0.004119753 0.002362072 -0.001781642 -0.004123449 0.002392053 -0.001755475 -0.004128098 0.002436995 -0.001727044 -0.004134297 0.002509653 -0.001695692 -0.004147589 0.002705216 -0.001653194 -0.004114151 0.002345561 -0.001857221 -0.004120409 0.002370893 -0.001866996 -0.004336357 0.004556715 -0.001774847 -0.004246771 0.002904891 -0.001818895 -0.004248499 0.004556715 -0.001596808 -0.004250288 0.004557728 -0.001638233 -0.004260599 0.004558265 -0.001678407 -0.004278957 0.004558265 -0.0017156 -0.004304587 0.004557728 -0.001748204 -0.004158973 0.002904891 -0.001639783 -0.004160583 0.002905905 -0.001681447 -0.004170775 0.002906382 -0.001721858 -0.004189133 0.002906382 -0.00175929 -0.004214823 0.002905905 -0.001792132 -0.004339814 0.004622876 -0.001772999 -0.004336357 0.004556715 -0.001774847 -0.004251718 0.004622399 -0.001599967 -0.0042544 0.004623413 -0.001640379 -0.004265129 0.004624009 -0.00167936 -0.004283487 0.004624128 -0.001715421 -0.00430876 0.004623711 -0.001747071 -0.004248499 0.004556715 -0.001596808 -0.004250288 0.004557728 -0.001638233 -0.004260599 0.004558265 -0.001678407 -0.004278957 0.004558265 -0.0017156 -0.004304587 0.004557728 -0.001748204 -0.004355251 0.004973888 -0.001761198 -0.004339814 0.004622876 -0.001772999 -0.004267454 0.004971206 -0.001610457 -0.004275918 0.004972636 -0.001654684 -0.004294037 0.00497359 -0.001695871 -0.004320979 0.004974007 -0.001731991 -0.004251718 0.004622399 -0.001599967 -0.0042544 0.004623413 -0.001640379 -0.004265129 0.004624009 -0.00167936 -0.004283487 0.004624128 -0.001715421 -0.00430876 0.004623711 -0.001747071 -0.004355847 0.004989504 -0.001760601 -0.004355251 0.004973888 -0.001761198 -0.004268229 0.004988312 -0.001610815 -0.004276812 0.004989385 -0.001654744 -0.004294931 0.004989981 -0.001695692 -0.004321753 0.004990041 -0.001731574 -0.004267454 0.004971206 -0.001610457 -0.004275918 0.004972636 -0.001654684 -0.004294037 0.00497359 -0.001695871 -0.004320979 0.004974007 -0.001731991 -0.004355967 0.004990518 -0.001760601 -0.004355847 0.004989504 -0.001760601 -0.004268288 0.004990518 -0.001610815 -0.004276931 0.004991292 -0.001654744 -0.004295051 0.004991531 -0.001695692 -0.004321873 0.004991292 -0.001731574 -0.004268229 0.004988312 -0.001610815 -0.004276812 0.004989385 -0.001654744 -0.004294931 0.004989981 -0.001695692 -0.004321753 0.004990041 -0.001731574 -0.004356265 0.004999995 -0.001760542 -0.004355967 0.004990518 -0.001760601 -0.004355967 0.005009472 -0.001760601 -0.004268288 0.005009472 -0.001610815 -0.004276931 0.005008637 -0.001654744 -0.004295051 0.005008399 -0.001695692 -0.004321873 0.005008637 -0.001731574 -0.004268288 0.004990518 -0.001610815 -0.004276931 0.004991292 -0.001654744 -0.004295051 0.004991531 -0.001695692 -0.004321873 0.004991292 -0.001731574 -0.004355847 0.005010426 -0.001760601 -0.004355967 0.005009472 -0.001760601 -0.004268229 0.005011618 -0.001610815 -0.004276812 0.005010545 -0.001654744 -0.004294931 0.005009949 -0.001695692 -0.004321753 0.005009889 -0.001731574 -0.004268288 0.005009472 -0.001610815 -0.004276931 0.005008637 -0.001654744 -0.004295051 0.005008399 -0.001695692 -0.004321873 0.005008637 -0.001731574 -0.004355251 0.005026042 -0.001761198 -0.004355847 0.005010426 -0.001760601 -0.004267454 0.005028724 -0.001610457 -0.004275918 0.005027294 -0.001654684 -0.004294037 0.00502634 -0.001695871 -0.004320979 0.005025923 -0.001731991 -0.004268229 0.005011618 -0.001610815 -0.004276812 0.005010545 -0.001654744 -0.004294931 0.005009949 -0.001695692 -0.004321753 0.005009889 -0.001731574 -0.004339814 0.005377054 -0.001772999 -0.004355251 0.005026042 -0.001761198 -0.004251718 0.005377531 -0.001599967 -0.0042544 0.005376517 -0.001640379 -0.004265129 0.005375921 -0.00167936 -0.004283487 0.005375862 -0.001715421 -0.00430876 0.005376219 -0.001747071 -0.004267454 0.005028724 -0.001610457 -0.004275918 0.005027294 -0.001654684 -0.004294037 0.00502634 -0.001695871 -0.004320979 0.005025923 -0.001731991 -0.004336357 0.005443215 -0.001774847 -0.004339814 0.005377054 -0.001772999 -0.004248499 0.005443215 -0.001596808 -0.004250288 0.005442202 -0.001638233 -0.004260599 0.005441725 -0.001678407 -0.004278957 0.005441725 -0.0017156 -0.004304587 0.005442202 -0.001748204 -0.004251718 0.005377531 -0.001599967 -0.0042544 0.005376517 -0.001640379 -0.004265129 0.005375921 -0.00167936 -0.004283487 0.005375862 -0.001715421 -0.00430876 0.005376219 -0.001747071 -0.004246771 0.007095098 -0.001818895 -0.004336357 0.005443215 -0.001774847 -0.004158973 0.007095098 -0.001639783 -0.004160583 0.007094085 -0.001681447 -0.004170775 0.007093548 -0.001721858 -0.004189133 0.007093548 -0.00175929 -0.004214823 0.007094085 -0.001792132 -0.004248499 0.005443215 -0.001596808 -0.004250288 0.005442202 -0.001638233 -0.004260599 0.005441725 -0.001678407 -0.004278957 0.005441725 -0.0017156 -0.004304587 0.005442202 -0.001748204 -0.004130363 0.007604897 -0.001876711 -0.004133045 0.007596433 -0.001863718 -0.004136562 0.007584095 -0.001852333 -0.004144072 0.007555782 -0.001837015 -0.004164516 0.007472813 -0.00181663 -0.004207551 0.007284283 -0.001809239 -0.004246771 0.007095098 -0.001818895 -0.004111707 0.007680475 -0.001847684 -0.004114151 0.007654368 -0.001857221 -0.004120409 0.007629036 -0.001866996 -0.004158973 0.007095098 -0.001639783 -0.004141986 0.007382512 -0.001667261 -0.004131734 0.007521986 -0.001707732 -0.004123508 0.0076074 -0.001755118 -0.004117846 0.007650792 -0.001796185 -0.004114806 0.00766772 -0.001820564 -0.004160583 0.007094085 -0.001681447 -0.004170775 0.007093548 -0.001721858 -0.004189133 0.007093548 -0.00175929 -0.004214823 0.007094085 -0.001792132 -0.004119813 0.007638037 -0.001972496 -0.004130363 0.007604897 -0.001876711 -0.00410068 0.007715165 -0.001942515 -0.004103124 0.007688522 -0.00195235 -0.004109561 0.007662653 -0.001962423 -0.004111707 0.007680475 -0.001847684 -0.004114151 0.007654368 -0.001857221 -0.004120409 0.007629036 -0.001866996 -0.00406593 0.007782936 -0.002448916 -0.004119813 0.007638037 -0.001972496 -0.004043519 0.00786674 -0.002422392 -0.004046499 0.007837653 -0.002431035 -0.004054009 0.007809519 -0.002439916 -0.00410068 0.007715165 -0.001942515 -0.004103124 0.007688522 -0.00195235 -0.004109561 0.007662653 -0.001962423 -0.004030108 0.007867455 -0.002773165 -0.00406593 0.007782936 -0.002448916 -0.004005551 0.007955193 -0.002747535 -0.004008829 0.007924675 -0.00275588 -0.004017114 0.007895171 -0.002764463 -0.004043519 0.00786674 -0.002422392 -0.004046499 0.007837653 -0.002431035 -0.004054009 0.007809519 -0.002439916 -0.003928065 0.008049964 -0.003012835 -0.00393778 0.00803554 -0.003044486 -0.003946602 0.00802201 -0.003062307 -0.003953337 0.008011281 -0.003069877 -0.003965258 0.007991731 -0.003069996 -0.003975808 0.00797379 -0.003056764 -0.003981053 0.007964551 -0.00304538 -0.003986418 0.007955014 -0.00303018 -0.004013121 0.007903814 -0.00290507 -0.004030108 0.007867455 -0.002773165 -0.00395298 0.008018612 -0.002994 -0.0039438 0.008028388 -0.003000259 -0.003935456 0.008038878 -0.003006517 -0.004005551 0.007955193 -0.002747535 -0.003986477 0.007971584 -0.002911627 -0.003970026 0.007988452 -0.00301963 -0.003966689 0.007992506 -0.003034949 -0.003959655 0.00800246 -0.003050506 -0.003955006 0.008011519 -0.003033995 -0.004008829 0.007924675 -0.00275588 -0.004017114 0.007895171 -0.002764463 0.00640732 0.004989504 -0.02816557 0.00640732 0.005010426 -0.02816557 0.006486892 0.005010426 -0.02825397 0.006486892 0.004989504 -0.02825397 -0.004681766 0.004989504 -0.004368484 -0.004692316 0.004989206 -0.004360496 -0.004700362 0.004989087 -0.004350066 -0.004705429 0.004989206 -0.004337847 -0.004707157 0.004989504 -0.004324793 -0.004707157 0.005010426 -0.004324793 -0.004705429 0.005010724 -0.004337847 -0.004700362 0.005010843 -0.004350066 -0.004692316 0.005010724 -0.004360496 -0.004681766 0.005010426 -0.004368484 -0.004707157 0.005010426 -0.004324793 -0.004705429 0.005010724 -0.004337847 -0.004700362 0.005010843 -0.004350066 -0.004692316 0.005010724 -0.004360496 -0.004681766 0.005010426 -0.004368484 -0.004661321 0.00588268 -0.00429815 -0.004661321 0.00588268 -0.00429821 -0.004654586 0.005882561 -0.004323482 -0.004636049 0.005881309 -0.0043419 -0.004661321 0.00411725 -0.00429815 -0.004707157 0.004989504 -0.004324793 -0.004681766 0.004989504 -0.004368484 -0.004692316 0.004989206 -0.004360496 -0.004700362 0.004989087 -0.004350066 -0.004705429 0.004989206 -0.004337847 -0.004636049 0.004118621 -0.0043419 -0.004654586 0.004117429 -0.004323482 -0.004661321 0.00411725 -0.00429821 -0.004661321 0.00588268 -0.00429821 -0.004654586 0.005882561 -0.004323482 -0.004636049 0.005881309 -0.0043419 -0.004556357 0.00654757 -0.004317462 -0.004392027 0.007139265 -0.004374265 -0.004390954 0.00713706 -0.004387378 -0.004386544 0.007133901 -0.004399538 -0.004379212 0.007129907 -0.004409968 -0.004369437 0.007125377 -0.004417836 -0.004532217 0.00653994 -0.004360973 -0.004550218 0.006544947 -0.004342675 -0.004636049 0.004118621 -0.0043419 -0.004654586 0.004117429 -0.004323482 -0.004661321 0.00411725 -0.00429821 -0.004532217 0.003460049 -0.004360973 -0.004369437 0.002874553 -0.004417836 -0.004379212 0.002870082 -0.004409968 -0.004386544 0.002866089 -0.004399538 -0.004390954 0.00286287 -0.004387378 -0.004392027 0.002860665 -0.004374265 -0.004556357 0.003452301 -0.004317462 -0.004550218 0.003455042 -0.004342675 -0.004392027 0.007139265 -0.004374265 -0.004390954 0.00713706 -0.004387378 -0.004386544 0.007133901 -0.004399538 -0.004379212 0.007129907 -0.004409968 -0.004369437 0.007125377 -0.004417836 -0.004043102 0.007886946 -0.004525065 -0.003570079 0.008542776 -0.004751741 -0.002824664 0.009289145 -0.005126774 -0.001882195 0.009970128 -0.005616366 -8.53956e-4 0.01046168 -0.006164729 -1.5147e-4 0.0106635 -0.006546974 5.63249e-4 0.0107842 -0.006942451 5.58302e-4 0.01078122 -0.006952166 5.54085e-4 0.01077586 -0.006961226 5.50836e-4 0.01076841 -0.006969094 5.48705e-4 0.01075929 -0.006975471 5.47811e-4 0.01074892 -0.006979942 5.48199e-4 0.01073789 -0.006982266 -0.001046717 0.01034647 -0.006103575 -0.002382934 0.00959742 -0.00539273 -0.003433167 0.008654177 -0.004855394 -0.003974914 0.007945477 -0.004591643 -0.004195988 0.007545351 -0.004490673 1.93194e-4 0.01071351 -0.006770253 1.94773e-4 0.0107178 -0.00676614 -6.11037e-4 0.01053017 -0.006327271 -9.56297e-4 0.01041072 -0.006139636 -0.001472532 0.01018261 -0.005861878 -0.00214225 0.009793877 -0.005507111 -0.002611756 0.009452641 -0.005262434 -0.00314331 0.008985996 -0.00499016 -0.003507614 0.008602619 -0.004807412 -0.003789067 0.008253693 -0.004669487 -0.004014909 0.007919073 -0.00456202 -0.00412923 0.007719874 -0.004509508 -0.004304647 0.007349312 -0.004432857 -0.004369437 0.002874553 -0.004417836 -0.004379212 0.002870082 -0.004409968 -0.004386544 0.002866089 -0.004399538 -0.004390954 0.00286287 -0.004387378 -0.004392027 0.002860665 -0.004374265 -0.003986299 0.002072691 -0.004586279 -0.00346148 0.001377403 -0.004841268 -0.00263971 5.9912e-4 -0.005259335 -0.001599252 -8.89301e-5 -0.005806505 -5.52021e-4 -5.19007e-4 -0.006373047 5.48199e-4 -7.37899e-4 -0.006982266 5.47811e-4 -7.48964e-4 -0.006979942 5.48705e-4 -7.59328e-4 -0.006975471 5.50836e-4 -7.68459e-4 -0.006969094 5.54085e-4 -7.7589e-4 -0.006961226 5.58302e-4 -7.81239e-4 -0.006952166 5.63249e-4 -7.84232e-4 -0.006942451 -0.001037955 -3.91331e-4 -0.006065607 -0.002378284 3.57909e-4 -0.005356848 -0.003440916 0.001309573 -0.004815578 -0.00399208 0.002029597 -0.004548788 -0.004217147 0.002436459 -0.004446864 -5.30481e-6 -6.792e-4 -0.006660223 -6.4373e-6 -6.74485e-4 -0.006663858 -8.00729e-4 -4.67831e-4 -0.006223976 -0.001327097 -2.53031e-4 -0.005939781 -0.00199908 1.13779e-4 -0.005582392 -0.00251621 4.72927e-4 -0.005311906 -0.003056526 9.31156e-4 -0.005034267 -0.003457069 0.00134021 -0.004832565 -0.003744781 0.001687228 -0.004690945 -0.00399506 0.002048671 -0.004571318 -0.004111647 0.002247631 -0.004517495 -0.004304826 0.002651154 -0.004432737 5.63249e-4 0.0107842 -0.006942451 5.58302e-4 0.01078122 -0.006952166 5.54085e-4 0.01077586 -0.006961226 5.50836e-4 0.01076841 -0.006969094 5.48705e-4 0.01075929 -0.006975471 5.47811e-4 0.01074892 -0.006979942 5.48199e-4 0.01073789 -0.006982266 7.73877e-4 0.01081359 -0.007058978 7.68751e-4 0.01081073 -0.007068812 7.64325e-4 0.01080542 -0.007077932 7.60823e-4 0.01079797 -0.007085859 7.58424e-4 0.01078873 -0.007092177 7.57277e-4 0.01077824 -0.007096648 7.57411e-4 0.01076704 -0.007098853 5.48199e-4 -7.37899e-4 -0.006982266 7.57411e-4 -7.67054e-4 -0.007098853 7.57277e-4 -7.78273e-4 -0.007096648 7.58424e-4 -7.88768e-4 -0.007092177 7.60823e-4 -7.97987e-4 -0.007085859 7.64325e-4 -8.05449e-4 -0.007077932 7.68751e-4 -8.1076e-4 -0.007068812 7.73877e-4 -8.13645e-4 -0.007058978 5.63249e-4 -7.84232e-4 -0.006942451 5.47811e-4 -7.48964e-4 -0.006979942 5.48705e-4 -7.59328e-4 -0.006975471 5.50836e-4 -7.68459e-4 -0.006969094 5.54085e-4 -7.7589e-4 -0.006961226 5.58302e-4 -7.81239e-4 -0.006952166 7.73877e-4 0.01081359 -0.007058978 7.68751e-4 0.01081073 -0.007068812 7.64325e-4 0.01080542 -0.007077932 7.60823e-4 0.01079797 -0.007085859 7.58424e-4 0.01078873 -0.007092177 7.57277e-4 0.01077824 -0.007096648 7.57411e-4 0.01076704 -0.007098853 0.001514613 0.0108633 -0.007552504 0.002128422 0.01084244 -0.008206367 0.002592265 0.01079094 -0.008969902 0.002921283 0.01073002 -0.009803295 0.00316894 0.01065224 -0.01095992 0.003220081 0.01058757 -0.01213222 0.00311464 0.0105381 -0.0133031 0.003101646 0.0105372 -0.01330149 0.003089308 0.01053291 -0.01329982 0.003078579 0.01052552 -0.01329821 0.003070116 0.01051557 -0.01329678 0.003064513 0.01050376 -0.01329565 0.003062188 0.01049083 -0.01329487 0.003140032 0.01059192 -0.01117801 0.002828121 0.01069265 -0.009679913 0.002283692 0.01077729 -0.008516311 0.001679003 0.01081514 -0.007763028 0.001243412 0.0108093 -0.007399022 0.003144979 0.01054865 -0.0127145 0.003150761 0.01055312 -0.01271528 0.003156602 0.01055645 -0.01271593 0.003185272 0.01059937 -0.01165372 0.003145754 0.01063281 -0.0110709 0.003020823 0.01068168 -0.01031351 0.002866089 0.01072156 -0.009744882 0.002713859 0.01075208 -0.009325981 0.002435684 0.01079434 -0.008743226 0.002202391 0.01081955 -0.008365988 0.001903951 0.01084023 -0.007980406 0.001593291 0.01084846 -0.007663071 0.001374423 0.01084572 -0.007479429 0.001009404 0.01081985 -0.007233977 0.001011192 0.01082473 -0.007230401 7.57411e-4 -7.67054e-4 -0.007098853 7.57277e-4 -7.78273e-4 -0.007096648 7.58424e-4 -7.88768e-4 -0.007092177 7.60823e-4 -7.97987e-4 -0.007085859 7.64325e-4 -8.05449e-4 -0.007077932 7.68751e-4 -8.1076e-4 -0.007068812 7.73877e-4 -8.13645e-4 -0.007058978 0.001509308 -8.16353e-4 -0.0076074 0.002125263 -7.9227e-4 -0.008282184 0.002585291 -7.37707e-4 -0.009070038 0.002905011 -6.74806e-4 -0.009926497 0.003133654 -5.95851e-4 -0.01111298 0.003164291 -5.36644e-4 -0.0122056 0.003062188 -4.90855e-4 -0.01329487 0.003064513 -5.03766e-4 -0.01329565 0.003070116 -5.15604e-4 -0.01329678 0.003078579 -5.25551e-4 -0.01329821 0.003089308 -5.32921e-4 -0.01329982 0.003101646 -5.37204e-4 -0.01330149 0.00311464 -5.38104e-4 -0.0133031 0.003191828 -6.39534e-4 -0.01116973 0.002875089 -7.40395e-4 -0.009660422 0.002323567 -8.24826e-4 -0.008489012 0.001711726 -8.62401e-4 -0.007730841 0.001269042 -8.5643e-4 -0.007362842 0.003141164 -5.47063e-4 -0.01275312 0.003136098 -5.41785e-4 -0.01275241 0.003132164 -5.36304e-4 -0.01275181 0.003186166 -5.97462e-4 -0.01168936 0.003153145 -6.28487e-4 -0.01114284 0.003067851 -6.66383e-4 -0.01054209 0.002882719 -7.17827e-4 -0.009797275 0.002729535 -7.4927e-4 -0.009364843 0.002456307 -7.91694e-4 -0.008780658 0.002218365 -8.18108e-4 -0.008389413 0.001924216 -8.39253e-4 -0.008003771 0.001604914 -8.48408e-4 -0.00767368 0.001387357 -8.4613e-4 -0.007489502 0.001013994 -8.29141e-4 -0.007226765 0.001011848 -8.24811e-4 -0.007230818 0.002745687 0.01044547 -0.01629054 0.002732753 0.01044452 -0.01628893 0.002720475 0.01044023 -0.01628732 0.002709805 0.01043283 -0.01628577 0.002701342 0.01042288 -0.01628452 0.002695798 0.01041108 -0.01628357 0.002693414 0.0103982 -0.01628291 0.003062188 0.01049083 -0.01329487 0.00311464 0.0105381 -0.0133031 0.003101646 0.0105372 -0.01330149 0.003089308 0.01053291 -0.01329982 0.003078579 0.01052552 -0.01329821 0.003070116 0.01051557 -0.01329678 0.003064513 0.01050376 -0.01329565 0.002745687 -4.45517e-4 -0.01629054 0.00311464 -5.38104e-4 -0.0133031 0.003062188 -4.90855e-4 -0.01329487 0.003064513 -5.03766e-4 -0.01329565 0.003070116 -5.15604e-4 -0.01329678 0.003078579 -5.25551e-4 -0.01329821 0.003089308 -5.32921e-4 -0.01329982 0.003101646 -5.37204e-4 -0.01330149 0.002693414 -3.98231e-4 -0.01628291 0.002695798 -4.11103e-4 -0.01628357 0.002701342 -4.22912e-4 -0.01628452 0.002709805 -4.32848e-4 -0.01628577 0.002720475 -4.4023e-4 -0.01628732 0.002732753 -4.44552e-4 -0.01628893 0.002745687 0.01044547 -0.01629054 0.002732753 0.01044452 -0.01628893 0.002720475 0.01044023 -0.01628732 0.002709805 0.01043283 -0.01628577 0.002701342 0.01042288 -0.01628452 0.002695798 0.01041108 -0.01628357 0.002693414 0.0103982 -0.01628291 0.002350568 0.01042538 -0.01952958 0.002337574 0.01042449 -0.01952803 0.002325236 0.0104202 -0.01952654 0.002314388 0.01041287 -0.01952528 0.002305865 0.01040285 -0.01952433 0.002300202 0.01039105 -0.01952373 0.002297759 0.01037812 -0.0195235 0.002693414 -3.98231e-4 -0.01628291 0.002695798 -4.11103e-4 -0.01628357 0.002701342 -4.22912e-4 -0.01628452 0.002709805 -4.32848e-4 -0.01628577 0.002720475 -4.4023e-4 -0.01628732 0.002732753 -4.44552e-4 -0.01628893 0.002745687 -4.45517e-4 -0.01629054 0.002297759 -3.78125e-4 -0.0195235 0.002300202 -3.91055e-4 -0.01952373 0.002305865 -4.0291e-4 -0.01952433 0.002314388 -4.12867e-4 -0.01952528 0.002325236 -4.2024e-4 -0.01952654 0.002337574 -4.24518e-4 -0.01952803 0.002350568 -4.25403e-4 -0.01952958 0.002350568 0.01042538 -0.01952958 0.002337574 0.01042449 -0.01952803 0.002325236 0.0104202 -0.01952654 0.002314388 0.01041287 -0.01952528 0.002305865 0.01040285 -0.01952433 0.002300202 0.01039105 -0.01952373 0.002297759 0.01037812 -0.0195235 0.002249658 0.01043361 -0.020967 0.00241363 0.0104193 -0.0222426 0.002659678 0.01038897 -0.02299451 0.003010571 0.01033258 -0.02370172 0.003000438 0.0103327 -0.02370762 0.002990484 0.01033008 -0.02371323 0.002981185 0.01032489 -0.02371811 0.002973079 0.01031738 -0.02372205 0.002966582 0.01030802 -0.02372485 0.002962112 0.01029729 -0.02372634 0.002959847 0.01028579 -0.02372646 0.002439916 0.01036334 -0.02254319 0.002207934 0.01038581 -0.02126258 0.00221014 0.01038444 -0.02039146 0.002787828 0.01035314 -0.02337008 0.002792775 0.01035708 -0.02336794 0.002797722 0.01036 -0.02336573 0.002535283 0.0103892 -0.02277588 0.00241512 0.01040333 -0.02239573 0.002278804 0.01041674 -0.02175921 0.002217173 0.01042121 -0.02111476 0.002213954 0.01042068 -0.02068001 0.002255499 0.01040542 -0.01995694 0.002259492 0.0104109 -0.0199573 0.002264618 0.01041615 -0.01995784 0.002297759 -3.78125e-4 -0.0195235 0.002300202 -3.91055e-4 -0.01952373 0.002305865 -4.0291e-4 -0.01952433 0.002314388 -4.12867e-4 -0.01952528 0.002325236 -4.2024e-4 -0.01952654 0.002337574 -4.24518e-4 -0.01952803 0.002350568 -4.25403e-4 -0.01952958 0.002195954 -3.86375e-4 -0.02097117 0.002360641 -3.72145e-4 -0.02225607 0.002607405 -3.41971e-4 -0.02301347 0.002959847 -2.85811e-4 -0.02372646 0.002962112 -2.97321e-4 -0.02372634 0.002966582 -3.08055e-4 -0.02372485 0.002973079 -3.17421e-4 -0.02372205 0.002981185 -3.24905e-4 -0.02371811 0.002990484 -3.30095e-4 -0.02371317 0.003000438 -3.32705e-4 -0.02370762 0.003010571 -3.32592e-4 -0.02370172 0.002715766 -3.81127e-4 -0.02312648 0.002490282 -4.10767e-4 -0.02251988 0.0022614 -4.33101e-4 -0.0212537 0.002263844 -4.31686e-4 -0.02039068 0.002830088 -3.54802e-4 -0.0234301 0.0028252 -3.51845e-4 -0.02343237 0.002820253 -3.47927e-4 -0.02343451 0.002652049 -3.73512e-4 -0.02307492 0.002533793 -3.89418e-4 -0.02277165 0.002414047 -4.03489e-4 -0.02239203 0.002278506 -4.16819e-4 -0.02175712 0.002217113 -4.21233e-4 -0.02111363 0.002213954 -4.20693e-4 -0.02067971 0.002276539 -4.23976e-4 -0.01995706 0.002270638 -4.20657e-4 -0.01995646 0.002264797 -4.16182e-4 -0.01995587 0.003010571 0.01033258 -0.02370172 0.003000438 0.0103327 -0.02370762 0.002990484 0.01033008 -0.02371323 0.002981185 0.01032489 -0.02371811 0.002973079 0.01031738 -0.02372205 0.002966582 0.01030802 -0.02372485 0.002962112 0.01029729 -0.02372634 0.002959847 0.01028579 -0.02372646 0.003010571 0.01033258 -0.02370172 0.003332734 0.01027435 -0.02419424 0.003323256 0.01027446 -0.02420109 0.003313779 0.0102719 -0.02420759 0.003304958 0.01026672 -0.02421325 0.00329715 0.01025927 -0.0242179 0.003290832 0.01024991 -0.02422118 0.003286421 0.01023918 -0.02422291 0.003284096 0.01022768 -0.02422308 0.003332734 0.01027435 -0.02419424 0.003010571 -3.32592e-4 -0.02370172 0.003010571 -3.32592e-4 -0.02370172 0.002959847 -2.85811e-4 -0.02372646 0.002962112 -2.97321e-4 -0.02372634 0.002966582 -3.08055e-4 -0.02372485 0.002973079 -3.17421e-4 -0.02372205 0.002981185 -3.24905e-4 -0.02371811 0.002990484 -3.30095e-4 -0.02371317 0.003000438 -3.32705e-4 -0.02370762 0.003284096 -2.27704e-4 -0.02422308 0.003286421 -2.39203e-4 -0.02422291 0.003290832 -2.49924e-4 -0.02422118 0.00329715 -2.59277e-4 -0.0242179 0.003304958 -2.66746e-4 -0.02421325 0.003313779 -2.71919e-4 -0.02420759 0.003323256 -2.74512e-4 -0.02420109 0.003332734 -2.74382e-4 -0.02419424 0.003332734 -2.74382e-4 -0.02419424 0.003332734 0.01027435 -0.02419424 0.004086852 0.0101093 -0.02510678 0.00407797 0.01010972 -0.02511471 0.00406897 0.01010733 -0.0251221 0.004060328 0.01010227 -0.02512854 0.004052519 0.01009488 -0.02513372 0.004046022 0.01008558 -0.02513724 0.004041194 0.01007479 -0.02513897 0.004038274 0.01006329 -0.02513879 0.003284096 0.01022768 -0.02422308 0.003323256 0.01027446 -0.02420109 0.003313779 0.0102719 -0.02420759 0.003304958 0.01026672 -0.02421325 0.00329715 0.01025927 -0.0242179 0.003290832 0.01024991 -0.02422118 0.003286421 0.01023918 -0.02422291 0.003284096 -2.27704e-4 -0.02422308 0.003286421 -2.39203e-4 -0.02422291 0.003290832 -2.49924e-4 -0.02422118 0.00329715 -2.59277e-4 -0.0242179 0.003304958 -2.66746e-4 -0.02421325 0.003313779 -2.71919e-4 -0.02420759 0.003323256 -2.74512e-4 -0.02420109 0.003332734 -2.74382e-4 -0.02419424 0.004038274 -6.32936e-5 -0.02513879 0.004041194 -7.48429e-5 -0.02513897 0.004046022 -8.55885e-5 -0.02513724 0.004052519 -9.49218e-5 -0.02513372 0.004060328 -1.02313e-4 -0.02512854 0.00406897 -1.07344e-4 -0.0251221 0.00407797 -1.09728e-4 -0.02511471 0.004086852 -1.09332e-4 -0.02510678 0.004086852 0.0101093 -0.02510678 0.00407797 0.01010972 -0.02511471 0.00406897 0.01010733 -0.0251221 0.004060328 0.01010227 -0.02512854 0.004052519 0.01009488 -0.02513372 0.004046022 0.01008558 -0.02513724 0.004041194 0.01007479 -0.02513897 0.004038274 0.01006329 -0.02513879 0.005031764 0.009737014 -0.02618026 0.005470454 0.009422004 -0.02668893 0.005845725 0.008991897 -0.02713578 0.006116449 0.008472859 -0.02747386 0.006235957 0.008117616 -0.02763313 0.006329953 0.007741987 -0.02776652 0.006316006 0.007743954 -0.02778208 0.006303846 0.007743477 -0.02778905 0.00628966 0.00774151 -0.02779263 0.006275057 0.007738053 -0.02779191 0.006261646 0.007733464 -0.02778708 0.006250619 0.007728338 -0.02777868 0.006064474 0.008385956 -0.02752041 0.005812108 0.008904099 -0.02719956 0.005519568 0.009275197 -0.02684557 0.005182445 0.009561955 -0.02644878 0.004624068 0.009866714 -0.02580469 0.006247401 0.007931232 -0.02772808 0.006255805 0.007932603 -0.02772605 0.006263077 0.007933318 -0.02772301 0.006269395 0.007933557 -0.02771931 0.006152927 0.008263349 -0.02759748 0.006091237 0.008438706 -0.02751541 0.005971908 0.008710682 -0.02736216 0.005828082 0.00895977 -0.02718359 0.005683898 0.009156227 -0.02700871 0.005493104 0.009362399 -0.02678132 0.005323469 0.009509921 -0.026582 0.005103945 0.009665369 -0.02632659 0.004823207 0.009821534 -0.0260033 0.004344701 0.01000159 -0.02547168 0.004348456 0.0100063 -0.02546977 0.004352927 0.01001089 -0.02546715 0.004038274 -6.32936e-5 -0.02513879 0.004041194 -7.48429e-5 -0.02513897 0.004046022 -8.55885e-5 -0.02513724 0.004052519 -9.49218e-5 -0.02513372 0.004060328 -1.02313e-4 -0.02512854 0.00406897 -1.07344e-4 -0.0251221 0.00407797 -1.09728e-4 -0.02511471 0.004086852 -1.09332e-4 -0.02510678 0.00497049 3.0335e-4 -0.02620279 0.00540322 6.13224e-4 -0.02670764 0.005773425 0.001036822 -0.027152 0.006017565 0.001493871 -0.0274589 0.006148755 0.001870691 -0.02763414 0.006250619 0.002271652 -0.02777868 0.006267011 0.00226444 -0.02778959 0.006280124 0.002260506 -0.02779263 0.006294548 0.002257585 -0.02779191 0.006308615 0.002256095 -0.02778679 0.006320774 0.002256214 -0.02777808 0.006329953 0.002257943 -0.02776652 0.006141483 0.001592397 -0.02750653 0.005885004 0.001067936 -0.02718365 0.005588352 6.91285e-4 -0.02682775 0.005246698 3.9989e-4 -0.02642822 0.004680514 9.00337e-5 -0.02577883 0.006243765 0.002053558 -0.02772265 0.006235241 0.002055466 -0.02772331 0.006227672 0.002057671 -0.02772265 0.006220936 0.002059936 -0.02772098 0.006148278 0.001722216 -0.02759116 0.00608015 0.001532673 -0.02750098 0.005959212 0.001264274 -0.02734607 0.005827963 0.001039981 -0.02718341 0.005684494 8.44482e-4 -0.02700942 0.005492925 6.37426e-4 -0.0267812 0.005323529 4.90117e-4 -0.02658206 0.005104064 3.34703e-4 -0.02632677 0.004822611 1.78146e-4 -0.02600264 0.004368662 -1.89329e-5 -0.0254594 0.004364192 -1.69412e-5 -0.0254628 0.004359543 -1.41296e-5 -0.02546608 0.004354715 -1.03125e-5 -0.02546918 0.006329953 0.007741987 -0.02776652 0.006316006 0.007743954 -0.02778208 0.006303846 0.007743477 -0.02778905 0.00628966 0.00774151 -0.02779263 0.006275057 0.007738053 -0.02779191 0.006261646 0.007733464 -0.02778708 0.006250619 0.007728338 -0.02777868 0.006557941 0.005968034 -0.02815932 0.006544053 0.005969345 -0.02817487 0.006531774 0.005969703 -0.02818155 0.006517231 0.005969643 -0.02818459 0.006502509 0.005969047 -0.02818328 0.00648868 0.005968034 -0.02817767 0.006477296 0.005966722 -0.02816838 0.006250619 0.002271652 -0.02777868 0.006267011 0.00226444 -0.02778959 0.006280124 0.002260506 -0.02779263 0.006294548 0.002257585 -0.02779191 0.006308615 0.002256095 -0.02778679 0.006320774 0.002256214 -0.02777808 0.006329953 0.002257943 -0.02776652 0.006477296 0.004033267 -0.02816838 0.006494283 0.004031419 -0.02818053 0.006507694 0.004030585 -0.02818423 0.006522476 0.004030227 -0.02818399 0.006536602 0.004030287 -0.02817946 0.006548702 0.004030883 -0.028171 0.006557941 0.004031896 -0.02815932 0.006557941 0.005968034 -0.02815932 0.006544053 0.005969345 -0.02817487 0.006531774 0.005969703 -0.02818155 0.006517231 0.005969643 -0.02818459 0.006502509 0.005969047 -0.02818328 0.00648868 0.005968034 -0.02817767 0.006477296 0.005966722 -0.02816838 0.006558001 0.005968034 -0.0281592 0.006567597 0.005010426 -0.02824491 0.006560623 0.0050112 -0.02825438 0.006551623 0.005011796 -0.02826201 0.006541073 0.005012154 -0.02826732 0.006529569 0.005012333 -0.02827 0.006517767 0.005012154 -0.02826994 0.006506264 0.005011796 -0.02826714 0.006495833 0.0050112 -0.02826166 0.006486892 0.005010426 -0.02825397 0.006558001 0.004031896 -0.0281592 0.006557941 0.004031896 -0.02815932 0.006477296 0.004033267 -0.02816838 0.006494283 0.004031419 -0.02818053 0.006507694 0.004030585 -0.02818423 0.006522476 0.004030227 -0.02818399 0.006536602 0.004030287 -0.02817946 0.006548702 0.004030883 -0.028171 0.006486892 0.004989504 -0.02825397 0.006495833 0.004988729 -0.02826166 0.006506264 0.004988133 -0.02826714 0.006517767 0.004987776 -0.02826994 0.006529569 0.004987657 -0.02827 0.006541073 0.004987776 -0.02826732 0.006551623 0.004988133 -0.02826201 0.006560623 0.004988729 -0.02825438 0.006567597 0.004989504 -0.02824491 0.006567597 0.005010426 -0.02824491 0.006560623 0.0050112 -0.02825438 0.006551623 0.005011796 -0.02826201 0.006541073 0.005012154 -0.02826732 0.006529569 0.005012333 -0.02827 0.006517767 0.005012154 -0.02826994 0.006506264 0.005011796 -0.02826714 0.006495833 0.0050112 -0.02826166 0.006486892 0.005010426 -0.02825397 0.006567597 0.004989504 -0.02824491 0.006486892 0.004989504 -0.02825397 0.006495833 0.004988729 -0.02826166 0.006506264 0.004988133 -0.02826714 0.006517767 0.004987776 -0.02826994 0.006529569 0.004987657 -0.02827 0.006541073 0.004987776 -0.02826732 0.006551623 0.004988133 -0.02826201 0.006560623 0.004988729 -0.02825438 0.006172776 0.007633149 -0.02769964 0.006049335 0.007623612 -0.0279451 0.006339848 0.006623864 -0.02796423 0.006339848 0.003376066 -0.02796423 0.006172776 0.002366781 -0.02769964 0.006049335 0.002376317 -0.0279451 -0.004179656 0.004989504 -0.001459717 -0.003075063 0.004989504 -7.1669e-4 -0.004180788 0.004999995 -0.00146085 -0.003075003 0.004999995 -7.16995e-4 -0.003036797 0.001949965 -9.28141e-4 -0.003036797 0.008049964 -9.28141e-4 -0.002851963 0.008049964 -0.001438081 -0.002550423 0.008049964 -0.00188893 -0.00214982 0.008049964 -0.002254605 -0.001673281 0.008049964 -0.002513766 -0.001148581 0.008049964 -0.002651333 -6.06284e-4 0.008049964 -0.00265932 -7.77692e-5 0.008049964 -0.00253731 4.06191e-4 0.008049964 -0.002292335 8.17463e-4 0.008049964 -0.0019387 0.00113213 0.008049964 -0.001496911 0.001331925 0.008049964 -9.92659e-4 0.001405239 0.008049964 -4.55234e-4 0.001347839 0.008049964 8.41357e-5 0.001347839 0.006339669 8.41357e-5 8.76948e-4 0.006287455 -0.00187081 0.001179039 0.006300389 -0.001405775 0.00134927 0.006313502 -9.22028e-4 0.001405119 0.006325542 -4.63929e-4 0.00139302 0.006332814 -1.85233e-4 8.76948e-4 0.003712475 -0.00187081 0.001347839 0.003660261 8.41357e-5 0.00140506 0.003674447 -4.67494e-4 0.001336336 0.003687918 -9.75687e-4 0.001177489 0.0036996 -0.001408934 0.001039803 0.003706336 -0.001651585 0.001347839 0.001949965 8.41357e-5 0.001405239 0.001949965 -4.55234e-4 0.001331925 0.001949965 -9.92659e-4 0.00113213 0.001949965 -0.001496911 8.17463e-4 0.001949965 -0.0019387 4.06191e-4 0.001949965 -0.002292335 -7.77692e-5 0.001949965 -0.00253731 -6.06284e-4 0.001949965 -0.00265932 -0.001148581 0.001949965 -0.002651333 -0.001673281 0.001949965 -0.002513766 -0.00214982 0.001949965 -0.002254605 -0.002550423 0.001949965 -0.00188893 -0.002851963 0.001949965 -0.001438081 0.00740832 0.003683388 -0.001449167 0.007513105 0.004989504 -0.001442372 0.007513105 0.004989504 -0.001442372 0.007513105 0.005010426 -0.001442372 0.007513105 0.005010426 -0.001442372 0.00740832 0.006316542 -0.001449167 8.76948e-4 0.006287455 -0.00187081 8.76948e-4 0.003712475 -0.00187081 8.76948e-4 0.003712475 -0.00187081 0.001347839 0.003660261 8.41357e-5 0.00140506 0.003674447 -4.67494e-4 0.001336336 0.003687918 -9.75687e-4 0.001177489 0.0036996 -0.001408934 0.001039803 0.003706336 -0.001651585 8.76948e-4 0.003712475 -0.00187081 0.00740832 0.003683388 -0.001449167 0.007468283 0.003684401 -0.001494288 0.007135152 0.00367707 -0.001177489 0.006882548 0.003667771 -7.91837e-4 0.006742298 0.003658592 -4.25693e-4 0.006675958 0.003648698 -3.713e-5 0.006546854 0.003601014 0.001806139 9.5576e-4 0.0036394 9.27687e-4 0.001124918 0.003645718 6.66056e-4 0.001256883 0.003652751 3.82144e-4 0.00740832 0.006316542 -0.001449167 0.00740832 0.006316542 -0.001449167 8.76948e-4 0.006287455 -0.00187081 0.001179039 0.006300389 -0.001405775 0.00134927 0.006313502 -9.22028e-4 0.001405119 0.006325542 -4.63929e-4 0.00139302 0.006332814 -1.85233e-4 0.001347839 0.006339669 8.41357e-5 0.001256883 0.006347179 3.82144e-4 0.001124918 0.006354212 6.66056e-4 9.5576e-4 0.00636053 9.27687e-4 0.006546854 0.006398916 0.001806139 0.006675958 0.006351292 -3.713e-5 0.006760656 0.006339728 -4.88851e-4 0.0069471 0.006329298 -9.10524e-4 0.007178187 0.006321668 -0.001227259 0.007178187 0.006321668 -0.001227259 0.007468283 0.006315529 -0.001494288 9.5576e-4 0.0036394 9.27687e-4 0.001124918 0.003645718 6.66056e-4 0.001256883 0.003652751 3.82144e-4 0.001347839 0.003660261 8.41357e-5 9.5576e-4 0.003449976 9.27687e-4 -0.002971827 0.003449976 3.10589e-4 -0.002735853 0.003449976 7.96668e-4 -0.002390742 0.003449976 0.001212418 -0.001956462 0.003449976 0.001533985 -0.001458048 0.003449976 0.00174266 -9.24267e-4 0.003449976 0.001826524 -3.85866e-4 0.003449976 0.001780748 1.26079e-4 0.003449976 0.001607894 5.82054e-4 0.003449976 0.001317918 -0.002971827 0.003687441 3.10589e-4 -0.003038585 0.003740489 7.62939e-5 -0.003078103 0.003831505 -1.51966e-4 -0.0030936 0.003968715 -3.61197e-4 -0.003092467 0.00413227 -5.16217e-4 -0.003085851 0.00430721 -6.18972e-4 -0.003080666 0.004460096 -6.71167e-4 -0.003077805 0.00462079 -6.95236e-4 -0.003075063 0.004989504 -7.1669e-4 -0.003075003 0.004999995 -7.16995e-4 -0.003075063 0.005010426 -7.1669e-4 -0.003077805 0.00537914 -6.95236e-4 -0.003081798 0.005579113 -6.60624e-4 -0.00308597 0.005696237 -6.17404e-4 -0.003090322 0.005806326 -5.58309e-4 -0.003093957 0.005927979 -4.67155e-4 -0.003093063 0.006045699 -3.43513e-4 -0.003083586 0.006141304 -2.02138e-4 -0.003063321 0.006215393 -4.91478e-5 -0.00302577 0.006274461 1.29446e-4 -0.002971827 0.006312549 3.10589e-4 -0.002971827 0.006549954 3.10589e-4 -0.002735853 0.006549954 7.96668e-4 -0.002390742 0.006549954 0.001212418 -0.001956462 0.006549954 0.001533985 -0.001458048 0.006549954 0.00174266 -9.24267e-4 0.006549954 0.001826524 -3.85866e-4 0.006549954 0.001780748 1.26079e-4 0.006549954 0.001607894 5.82054e-4 0.006549954 0.001317918 9.5576e-4 0.006549954 9.27687e-4 9.5576e-4 0.00636053 9.27687e-4 0.001347839 0.006339669 8.41357e-5 0.001256883 0.006347179 3.82144e-4 0.001124918 0.006354212 6.66056e-4 0.001347839 0.008049964 8.41357e-5 0.001163005 0.008049964 5.94083e-4 8.61526e-4 0.008049964 0.001044988 4.60878e-4 0.008049964 0.001410603 -1.56313e-5 0.008049964 0.001669764 -5.40309e-4 0.008049964 0.001807332 -0.001082658 0.008049964 0.001815319 -0.001611173 0.008049964 0.001693308 -0.002095103 0.008049964 0.001448333 -0.002506375 0.008049964 0.001094698 -0.002821087 0.008049964 6.52935e-4 -0.003020882 0.008049964 1.48665e-4 -0.003094196 0.008049964 -3.88782e-4 -0.003036797 0.008049964 -9.28141e-4 -0.003036797 0.001949965 -9.28141e-4 -0.003094196 0.001949965 -3.88782e-4 -0.003020882 0.001949965 1.48665e-4 -0.002821087 0.001949965 6.52935e-4 -0.002506375 0.001949965 0.001094698 -0.002095103 0.001949965 0.001448333 -0.001611173 0.001949965 0.001693308 -0.001082658 0.001949965 0.001815319 -5.40309e-4 0.001949965 0.001807332 -1.56313e-5 0.001949965 0.001669764 4.60878e-4 0.001949965 0.001410603 8.61526e-4 0.001949965 0.001044988 0.001163005 0.001949965 5.94083e-4 0.001347839 0.001949965 8.41357e-5 -0.003957092 0.006319999 -1.07761e-4 -0.003923058 0.006327092 1.61137e-4 -0.003447175 0.00633037 2.359e-4 -0.004088163 0.007955193 -0.001941263 -0.004084527 0.007955193 -1.23318e-4 -0.003705143 0.007955193 0.001654565 -0.002966284 0.007955193 0.003315627 -0.001900017 0.007955193 0.004788041 -5.52364e-4 0.007955193 0.006008207 0.001018464 0.007955193 0.006923317 -0.00410068 0.007715165 -0.001942515 -0.004111707 0.007680475 -0.001847684 -0.004158973 0.007095098 -0.001639783 -0.004141986 0.007382512 -0.001667261 -0.004131734 0.007521986 -0.001707732 -0.004123508 0.0076074 -0.001755118 -0.004117846 0.007650792 -0.001796185 -0.004114806 0.00766772 -0.001820564 -0.004248499 0.005443215 -0.001596808 -0.004156172 0.006530404 -9.12659e-5 -0.004199087 0.006460547 -5.71597e-4 -0.004219055 0.006313264 -9.38531e-4 -0.004228234 0.006124138 -0.001208603 -0.004234075 0.005902647 -0.001407146 -0.004239857 0.005683958 -0.001528024 -0.004129052 0.006536066 1.28772e-4 -0.004128277 0.006549954 1.28891e-4 0.001365363 0.006549954 0.007149994 -2.86996e-4 0.006549954 0.006283581 -0.00172013 0.006549954 0.005088984 -0.002869844 0.006549954 0.003619551 -0.003684759 0.006549954 0.001941144 0.001466214 0.007810115 0.007118463 0.001175105 0.007940709 0.006992876 0.001327276 0.007894814 0.007058799 0.001399517 0.007857978 0.007089793 0.006495118 0.008049964 -8.801e-5 0.006379663 0.008049964 0.001593351 0.006679713 0.008049964 -8.15488e-4 0.006564974 0.008049964 -5.00459e-4 0.006519854 0.008049964 -2.96827e-4 0.004049479 0.008049964 -8.16468e-4 0.004814386 0.008049964 -4.78964e-4 0.005225956 0.008049964 -3.95346e-4 0.005638718 0.008049964 -4.00484e-4 0.006095468 0.008049964 -5.17491e-4 0.006394326 0.008049964 -6.5216e-4 0.002518415 0.008049964 -0.002337276 0.002933859 0.008049964 -0.001740336 0.003449797 0.008049964 -0.001227855 -0.003318488 0.008049964 -0.003397941 -0.002615153 0.008049964 -0.003863155 -0.001827776 0.008049964 -0.004164993 -9.93714e-4 0.008049964 -0.00428915 -1.52543e-4 0.008049964 -0.004229664 6.5577e-4 0.008049964 -0.003989398 0.001392841 0.008049964 -0.003579735 0.002023696 0.008049964 -0.003020167 -0.00340718 0.008049964 -0.003333687 -0.003935039 0.008049964 -0.003351569 -0.003865063 0.008049964 -0.00330311 -0.003786265 0.008049964 -0.003271639 -0.003702878 0.008049964 -0.003256916 -0.003618717 0.008049964 -0.003258705 -0.003536105 0.008049964 -0.003275513 -0.003469884 0.008049964 -0.00330013 -0.003928065 0.008049964 -0.003012835 -0.003917753 0.008049964 -0.002624452 -0.003988802 0.008049964 -0.001931071 0.001059472 0.008049964 0.006832242 -4.93392e-4 0.008049964 0.005927562 -0.00182569 0.008049964 0.004721403 -0.002879738 0.008049964 0.003265798 -0.003610134 0.008049964 0.00162369 -0.003985226 0.008049964 -1.33887e-4 0.005806326 0.008049964 0.003044486 0.004945158 0.008049964 0.004345536 0.003833413 0.008049964 0.005440294 0.002519249 0.008049964 0.006281375 -0.003036797 0.008049964 -9.28141e-4 -0.002851963 0.008049964 -0.001438081 -0.002550423 0.008049964 -0.00188893 -0.00214982 0.008049964 -0.002254605 -0.001673281 0.008049964 -0.002513766 -0.001148581 0.008049964 -0.002651333 -6.06284e-4 0.008049964 -0.00265932 -7.77692e-5 0.008049964 -0.00253731 4.06191e-4 0.008049964 -0.002292335 8.17463e-4 0.008049964 -0.0019387 0.00113213 0.008049964 -0.001496911 0.001331925 0.008049964 -9.92659e-4 0.001405239 0.008049964 -4.55234e-4 0.001347839 0.008049964 8.41357e-5 0.001163005 0.008049964 5.94083e-4 8.61526e-4 0.008049964 0.001044988 4.60878e-4 0.008049964 0.001410603 -1.56313e-5 0.008049964 0.001669764 -5.40309e-4 0.008049964 0.001807332 -0.001082658 0.008049964 0.001815319 -0.001611173 0.008049964 0.001693308 -0.002095103 0.008049964 0.001448333 -0.002506375 0.008049964 0.001094698 -0.002821087 0.008049964 6.52935e-4 -0.003020882 0.008049964 1.48665e-4 -0.003094196 0.008049964 -3.88782e-4 0.006539046 0.006549954 0.001804888 0.006475627 0.006549954 0.002728402 0.006475627 0.006549954 0.002728402 0.006546854 0.006398916 0.001806139 0.006675958 0.006351292 -3.713e-5 0.006656289 0.006739616 -4.77843e-5 0.006594777 0.007955193 -8.11741e-5 0.006479263 0.007955193 0.001600205 0.006404757 0.007702112 0.002879142 0.006404757 0.007702112 0.002879142 0.006406724 0.007760941 0.002805173 0.006411433 0.007817327 0.002692997 0.006411433 0.007817327 0.002692997 0.006411433 0.007817327 0.002692997 0.006424009 0.007887601 0.002456545 0.006442427 0.007932722 0.002153515 -0.00410068 0.007715165 -0.001942515 -0.004043519 0.00786674 -0.002422392 -0.004043519 0.00786674 -0.002422392 -0.004088163 0.007955193 -0.001941263 -0.004088163 0.007955193 -0.001941263 -0.004005551 0.007955193 -0.002747535 -0.004179656 0.005010426 -0.001459717 -0.004163563 0.005357086 -0.001426994 -0.003077805 0.00537914 -6.95236e-4 -0.003075063 0.005010426 -7.1669e-4 0.001365363 0.003449976 0.007149994 0.001466214 0.002189874 0.007118463 -2.86996e-4 0.003449976 0.006283581 -0.00172013 0.003449976 0.005088984 -0.002869844 0.003449976 0.003619551 -0.003684759 0.003449976 0.001941144 -0.004128277 0.003449976 1.28891e-4 -0.004129052 0.003463864 1.28772e-4 -0.004156172 0.003469586 -9.12659e-5 -0.004248499 0.004556715 -0.001596808 -0.004240036 0.004321932 -0.00153023 -0.004234313 0.004107356 -0.00141412 -0.004229605 0.003920853 -0.001256823 -0.004223942 0.003765702 -0.001067519 -0.004215419 0.003644347 -8.55509e-4 -0.004202842 0.003555834 -6.27708e-4 -0.004182875 0.003494262 -3.62489e-4 -0.004158973 0.002904891 -0.001639783 -0.004111707 0.002319455 -0.001847684 -0.004115819 0.002337336 -0.001812338 -0.004119753 0.002362072 -0.001781642 -0.004123449 0.002392053 -0.001755475 -0.004128098 0.002436995 -0.001727044 -0.004134297 0.002509653 -0.001695692 -0.004147589 0.002705216 -0.001653194 -0.00410068 0.002284765 -0.001942515 -0.004088163 0.002044737 -0.001941263 0.001018464 0.002044737 0.006923317 -5.52364e-4 0.002044737 0.006008207 -0.001900017 0.002044737 0.004788041 -0.002966284 0.002044737 0.003315627 -0.003705143 0.002044737 0.001654565 -0.004084527 0.002044737 -1.23318e-4 0.001355528 0.002117991 0.007070899 0.001233935 0.00207287 0.007018566 0.001127064 0.002051591 0.006971776 -0.003988802 0.001949965 -0.001931071 -0.003985226 0.001949965 -1.33887e-4 -0.003610134 0.001949965 0.00162369 -0.002879738 0.001949965 0.003265798 -0.00182569 0.001949965 0.004721403 -4.93392e-4 0.001949965 0.005927562 0.001059472 0.001949965 0.006832242 -0.003917753 0.001949965 -0.002624452 -0.003928065 0.001949965 -0.003012835 -0.003935039 0.001949965 -0.003351569 -0.00340718 0.001949965 -0.003333687 -0.003519237 0.001949965 -0.003280818 -0.003627359 0.001949965 -0.003257751 -0.003720939 0.001949965 -0.003258705 -0.003807365 0.001949965 -0.003278195 -0.003874719 0.001949965 -0.003308415 -0.003318488 0.001949965 -0.003397941 0.002518415 0.001949965 -0.002337276 0.002023696 0.001949965 -0.003020167 0.001392841 0.001949965 -0.003579735 6.5577e-4 0.001949965 -0.003989398 -1.52543e-4 0.001949965 -0.004229664 -9.93714e-4 0.001949965 -0.00428915 -0.001827776 0.001949965 -0.004164993 -0.002615153 0.001949965 -0.003863155 0.004049479 0.001949965 -8.16468e-4 0.003449797 0.001949965 -0.001227855 0.002933859 0.001949965 -0.001740336 0.006679713 0.001949965 -8.15488e-4 0.005999565 0.001949965 -4.83464e-4 0.005631387 0.001949965 -3.99556e-4 0.005218625 0.001949965 -3.96106e-4 0.004802346 0.001949965 -4.826e-4 0.004417479 0.001949965 -6.29116e-4 0.006495118 0.001949965 -8.801e-5 0.00654447 0.001949965 -4.1962e-4 0.00660187 0.001949965 -6.20145e-4 0.006379663 0.001949965 0.001593351 0.002519249 0.001949965 0.006281375 0.003833413 0.001949965 0.005440294 0.004945158 0.001949965 0.004345536 0.005806326 0.001949965 0.003044486 -0.003036797 0.001949965 -9.28141e-4 -0.003094196 0.001949965 -3.88782e-4 -0.003020882 0.001949965 1.48665e-4 -0.002821087 0.001949965 6.52935e-4 -0.002506375 0.001949965 0.001094698 -0.002095103 0.001949965 0.001448333 -0.001611173 0.001949965 0.001693308 -0.001082658 0.001949965 0.001815319 -5.40309e-4 0.001949965 0.001807332 -1.56313e-5 0.001949965 0.001669764 4.60878e-4 0.001949965 0.001410603 8.61526e-4 0.001949965 0.001044988 0.001163005 0.001949965 5.94083e-4 0.001347839 0.001949965 8.41357e-5 0.001405239 0.001949965 -4.55234e-4 0.001331925 0.001949965 -9.92659e-4 0.00113213 0.001949965 -0.001496911 8.17463e-4 0.001949965 -0.0019387 4.06191e-4 0.001949965 -0.002292335 -7.77692e-5 0.001949965 -0.00253731 -6.06284e-4 0.001949965 -0.00265932 -0.001148581 0.001949965 -0.002651333 -0.001673281 0.001949965 -0.002513766 -0.00214982 0.001949965 -0.002254605 -0.002550423 0.001949965 -0.00188893 -0.002851963 0.001949965 -0.001438081 0.006479263 0.002044737 0.001600205 0.006438434 0.002074062 0.002217054 0.00641334 0.002167701 0.002654314 0.00641334 0.002167701 0.002654314 0.00641334 0.002167701 0.002654314 0.006407916 0.002220392 0.002773106 0.006407916 0.002220392 0.002773106 0.006405949 0.002255082 0.002829015 0.006404757 0.002297818 0.002879142 0.006404757 0.002297818 0.002879142 0.006404757 0.002297818 0.002879142 0.006594777 0.002044737 -8.11741e-5 0.006656289 0.003260314 -4.77843e-5 0.006675958 0.003648698 -3.713e-5 0.006546854 0.003601014 0.001806139 0.006539046 0.003449976 0.001804888 0.006475627 0.003449976 0.002728402 0.006475627 0.003449976 0.002728402 -0.004088163 0.002044737 -0.001941263 -0.004088163 0.002044737 -0.001941263 -0.004005551 0.002044737 -0.002747535 -0.00410068 0.002284765 -0.001942515 -0.004043519 0.00213325 -0.002422392 -0.004043519 0.00213325 -0.002422392 -0.004163563 0.004642844 -0.001426994 -0.004179656 0.004989504 -0.001459717 -0.003075063 0.004989504 -7.1669e-4 -0.003077805 0.00462079 -6.95236e-4 0.006770491 0.007955729 -7.74015e-4 0.00688672 0.007984519 -9.94947e-4 0.007023751 0.008051097 -0.001195728 0.007187902 0.0081411 -0.001383662 0.007371604 0.008239507 -0.001547694 0.007447063 0.006739616 -0.00150609 0.006656289 0.006739616 -4.77843e-5 0.006731271 0.006731867 -4.67908e-4 0.006893634 0.006729304 -8.62654e-4 0.007135868 0.006731867 -0.001214027 0.006594777 0.007955193 -8.11741e-5 0.006641924 0.007955491 -3.96822e-4 0.006696641 0.00795567 -5.88331e-4 0.006656289 0.006739616 -4.77843e-5 0.006675958 0.006351292 -3.713e-5 0.006731271 0.006731867 -4.67908e-4 0.006893634 0.006729304 -8.62654e-4 0.007135868 0.006731867 -0.001214027 0.007447063 0.006739616 -0.00150609 0.007468283 0.006315529 -0.001494288 0.006760656 0.006339728 -4.88851e-4 0.0069471 0.006329298 -9.10524e-4 0.007178187 0.006321668 -0.001227259 0.007371604 0.001760423 -0.001547694 0.007137179 0.001886904 -0.001330435 0.006935358 0.001993834 -0.001071989 0.006847977 0.002029836 -9.27802e-4 0.006770491 0.00204426 -7.74015e-4 0.006661534 0.002044379 -4.74054e-4 0.00661838 0.002044498 -2.79594e-4 0.006594777 0.002044737 -8.11741e-5 0.006656289 0.003260314 -4.77843e-5 0.007447063 0.003260314 -0.00150609 0.007135868 0.003268063 -0.001214027 0.006893634 0.003270685 -8.62654e-4 0.006731271 0.003268063 -4.67908e-4 0.007447063 0.003260314 -0.00150609 0.007468283 0.003684401 -0.001494288 0.007135868 0.003268063 -0.001214027 0.006893634 0.003270685 -8.62654e-4 0.006731271 0.003268063 -4.67908e-4 0.006656289 0.003260314 -4.77843e-5 0.006675958 0.003648698 -3.713e-5 0.007135152 0.00367707 -0.001177489 0.006882548 0.003667771 -7.91837e-4 0.006742298 0.003658592 -4.25693e-4 -0.004180788 0.004999995 -0.00146085 -0.004179656 0.005010426 -0.001459717 -0.003075063 0.005010426 -7.1669e-4 -0.003075003 0.004999995 -7.16995e-4 0.006539046 0.003449976 0.001804888 0.006475627 0.003449976 0.002728402 9.5576e-4 0.003449976 9.27687e-4 -0.002971827 0.003449976 3.10589e-4 -0.002735853 0.003449976 7.96668e-4 -0.002390742 0.003449976 0.001212418 -0.001956462 0.003449976 0.001533985 -0.001458048 0.003449976 0.00174266 -9.24267e-4 0.003449976 0.001826524 -3.85866e-4 0.003449976 0.001780748 1.26079e-4 0.003449976 0.001607894 5.82054e-4 0.003449976 0.001317918 -0.004128277 0.003449976 1.28891e-4 0.001365363 0.003449976 0.007149994 -2.86996e-4 0.003449976 0.006283581 -0.00172013 0.003449976 0.005088984 -0.002869844 0.003449976 0.003619551 -0.003684759 0.003449976 0.001941144 0.001710891 0.003449976 0.007158875 0.001595795 0.003449976 0.007183134 0.001479029 0.003449976 0.007180154 0.003194868 0.003449976 0.006483316 0.004510998 0.003449976 0.00552088 0.005604743 0.003449976 0.004311621 0.006430506 0.003449976 0.002905726 0.006463527 0.003449976 0.002809226 0.00644952 0.003449976 0.002858102 -0.004129052 0.003463864 1.28772e-4 -0.004129052 0.003463864 1.28772e-4 -0.004129052 0.003463864 1.28772e-4 -0.004126131 0.003508508 1.29234e-4 -0.004113197 0.003551065 1.31261e-4 -0.004113197 0.003551065 1.31261e-4 -0.004113197 0.003551065 1.31261e-4 -0.004091322 0.00358963 1.34695e-4 -0.00406146 0.003622114 1.39389e-4 -0.00406146 0.003622114 1.39389e-4 -0.00406146 0.003622114 1.39389e-4 -0.00402528 0.003647148 1.4507e-4 -0.00402528 0.003647148 1.4507e-4 -0.00398457 0.003664076 1.51474e-4 -0.003954172 0.003670752 1.56246e-4 -0.003923058 0.003672838 1.61137e-4 -0.003447175 0.003669619 2.359e-4 -0.002971827 0.003687441 3.10589e-4 -0.002971827 0.003449976 3.10589e-4 -0.004128277 0.003449976 1.28891e-4 9.5576e-4 0.0036394 9.27687e-4 9.5576e-4 0.003449976 9.27687e-4 0.006546854 0.003601014 0.001806139 0.006539046 0.003449976 0.001804888 9.5576e-4 0.006549954 9.27687e-4 9.5576e-4 0.00636053 9.27687e-4 0.006539046 0.006549954 0.001804888 0.006546854 0.006398916 0.001806139 -0.003923058 0.006327092 1.61137e-4 -0.003923058 0.006327092 1.61137e-4 -0.003971874 0.006332516 1.53463e-4 -0.003971874 0.006332516 1.53463e-4 -0.003971874 0.006332516 1.53463e-4 -0.004018008 0.006348967 1.46221e-4 -0.004018008 0.006348967 1.46221e-4 -0.004058897 0.00637561 1.39792e-4 -0.004058897 0.00637561 1.39792e-4 -0.004058897 0.00637561 1.39792e-4 -0.004089295 0.006407618 1.35016e-4 -0.004109978 0.006441771 1.31767e-4 -0.004109978 0.006441771 1.31767e-4 -0.004123508 0.006479442 1.29636e-4 -0.004128396 0.006507456 1.28876e-4 -0.004129052 0.006536066 1.28772e-4 -0.004129052 0.006536066 1.28772e-4 -0.004129052 0.006536066 1.28772e-4 -0.004129052 0.006536066 1.28772e-4 -0.004128277 0.006549954 1.28891e-4 -0.004128277 0.006549954 1.28891e-4 -0.004128277 0.006549954 1.28891e-4 -0.002971827 0.006549954 3.10589e-4 -0.002971827 0.006312549 3.10589e-4 -0.003447175 0.00633037 2.359e-4 0.006430506 0.006549954 0.002905726 0.00645852 0.006549954 0.002828955 0.006469547 0.006549954 0.002779304 0.006475627 0.006549954 0.002728402 0.006539046 0.006549954 0.001804888 9.5576e-4 0.006549954 9.27687e-4 -0.002971827 0.006549954 3.10589e-4 -0.002735853 0.006549954 7.96668e-4 -0.002390742 0.006549954 0.001212418 -0.001956462 0.006549954 0.001533985 -0.001458048 0.006549954 0.00174266 -9.24267e-4 0.006549954 0.001826524 -3.85866e-4 0.006549954 0.001780748 1.26079e-4 0.006549954 0.001607894 5.82054e-4 0.006549954 0.001317918 -0.004128277 0.006549954 1.28891e-4 0.001365363 0.006549954 0.007149994 -2.86996e-4 0.006549954 0.006283581 -0.00172013 0.006549954 0.005088984 -0.002869844 0.006549954 0.003619551 -0.003684759 0.006549954 0.001941144 0.001479029 0.006549954 0.007180154 0.001595795 0.006549954 0.007183134 0.001710891 0.006549954 0.007158875 0.003194868 0.006549954 0.006483316 0.004510998 0.006549954 0.00552088 0.005604743 0.006549954 0.004311621 -0.004163563 0.005357086 -0.001426994 -0.004150688 0.005548179 -0.0013839 -0.004137039 0.005724549 -0.001300275 -0.004125654 0.005846321 -0.001212954 -0.004108905 0.005984544 -0.001074969 -0.004086554 0.00611031 -8.95452e-4 -0.004059553 0.006204962 -6.98298e-4 -0.004013419 0.00628817 -4.07156e-4 -0.003957092 0.006319999 -1.07761e-4 -0.003447175 0.00633037 2.359e-4 -0.002971827 0.006312549 3.10589e-4 -0.003077805 0.00537914 -6.95236e-4 -0.003081798 0.005579113 -6.60624e-4 -0.00308597 0.005696237 -6.17404e-4 -0.003090322 0.005806326 -5.58309e-4 -0.003093957 0.005927979 -4.67155e-4 -0.003093063 0.006045699 -3.43513e-4 -0.003083586 0.006141304 -2.02138e-4 -0.003063321 0.006215393 -4.91478e-5 -0.00302577 0.006274461 1.29446e-4 -0.003957092 0.003679931 -1.07761e-4 -0.004034221 0.003740429 -5.32147e-4 -0.004081487 0.003868222 -8.5707e-4 -0.004111528 0.004034578 -0.001097023 -0.004133105 0.004231095 -0.001271665 -0.004148364 0.004419922 -0.001372098 -0.004156053 0.004529178 -0.001406967 -0.004163563 0.004642844 -0.001426994 -0.003077805 0.00462079 -6.95236e-4 -0.002971827 0.003687441 3.10589e-4 -0.003038585 0.003740489 7.62939e-5 -0.003078103 0.003831505 -1.51966e-4 -0.0030936 0.003968715 -3.61197e-4 -0.003092467 0.00413227 -5.16217e-4 -0.003085851 0.00430721 -6.18972e-4 -0.003080666 0.004460096 -6.71167e-4 -0.003447175 0.003669619 2.359e-4 -0.004129052 0.003463864 1.28772e-4 -0.004126131 0.003508508 1.29234e-4 -0.004113197 0.003551065 1.31261e-4 -0.004091322 0.00358963 1.34695e-4 -0.00406146 0.003622114 1.39389e-4 -0.00402528 0.003647148 1.4507e-4 -0.00398457 0.003664076 1.51474e-4 -0.003954172 0.003670752 1.56246e-4 -0.003923058 0.003672838 1.61137e-4 -0.003957092 0.003679931 -1.07761e-4 -0.004002809 0.003674626 -1.02844e-4 -0.004046082 0.003658831 -9.84631e-5 -0.004084587 0.003633499 -9.4872e-5 -0.004116356 0.003599941 -9.22419e-5 -0.004139602 0.003559947 -9.0722e-5 -0.004153132 0.00351572 -9.03904e-5 -0.004156172 0.003469586 -9.12659e-5 -0.004248499 0.004556715 -0.001596808 -0.004240036 0.004321932 -0.00153023 -0.004234313 0.004107356 -0.00141412 -0.004229605 0.003920853 -0.001256823 -0.004223942 0.003765702 -0.001067519 -0.004215419 0.003644347 -8.55509e-4 -0.004202842 0.003555834 -6.27708e-4 -0.004182875 0.003494262 -3.62489e-4 -0.004156172 0.003469586 -9.12659e-5 -0.003957092 0.003679931 -1.07761e-4 -0.004002809 0.003674626 -1.02844e-4 -0.004046082 0.003658831 -9.84631e-5 -0.004084587 0.003633499 -9.4872e-5 -0.004116356 0.003599941 -9.22419e-5 -0.004139602 0.003559947 -9.0722e-5 -0.004153132 0.00351572 -9.03904e-5 -0.004034221 0.003740429 -5.32147e-4 -0.004081487 0.003868222 -8.5707e-4 -0.004111528 0.004034578 -0.001097023 -0.004133105 0.004231095 -0.001271665 -0.004148364 0.004419922 -0.001372098 -0.004156053 0.004529178 -0.001406967 -0.004163563 0.004642844 -0.001426994 -0.004194796 0.004638969 -0.001452803 -0.004220187 0.004634797 -0.001484394 -0.004238545 0.004630506 -0.001520454 -0.004249215 0.004626333 -0.001559555 -0.004251718 0.004622399 -0.001599967 -0.004226922 0.004541218 -0.001489996 -0.004221975 0.004434466 -0.001460909 -0.004219353 0.004376232 -0.001439213 -0.004214763 0.004271984 -0.001389503 -0.004210591 0.004177749 -0.001330733 -0.004206359 0.004090189 -0.001262366 -0.004200696 0.003988862 -0.001163184 -0.00419569 0.003917396 -0.001076817 -0.004187583 0.003830969 -9.466e-4 -0.004180729 0.003778398 -8.47381e-4 -0.004167079 0.003708302 -6.75198e-4 -0.004157304 0.003675878 -5.67261e-4 -0.004144906 0.003648459 -4.44751e-4 -0.004146397 0.003581404 -2.19841e-4 -0.004134118 0.003601312 -2.19207e-4 -0.004163563 0.004642844 -0.001426994 -0.004194796 0.004638969 -0.001452803 -0.004220187 0.004634797 -0.001484394 -0.004238545 0.004630506 -0.001520454 -0.004249215 0.004626333 -0.001559555 -0.004251718 0.004622399 -0.001599967 -0.004179656 0.004989504 -0.001459717 -0.004214107 0.004985153 -0.001488804 -0.004241049 0.004980504 -0.001524925 -0.004259169 0.004975795 -0.001566171 -0.004267454 0.004971206 -0.001610457 -0.004179656 0.004989504 -0.001459717 -0.004214107 0.004985153 -0.001488804 -0.004241049 0.004980504 -0.001524925 -0.004259169 0.004975795 -0.001566171 -0.004267454 0.004971206 -0.001610457 -0.004180788 0.004999995 -0.00146085 -0.004214942 0.004997253 -0.001489877 -0.004241704 0.00499469 -0.001525759 -0.004259824 0.004992425 -0.001566767 -0.004268288 0.004990518 -0.001610815 -0.004268229 0.004988312 -0.001610815 -0.004180788 0.004999995 -0.00146085 -0.004214942 0.004997253 -0.001489877 -0.004241704 0.00499469 -0.001525759 -0.004259824 0.004992425 -0.001566767 -0.004268288 0.004990518 -0.001610815 -0.004214942 0.005002677 -0.001489877 -0.004241704 0.00500524 -0.001525759 -0.004259824 0.005007505 -0.001566767 -0.004268288 0.005009472 -0.001610815 -0.004254937 0.004999995 -0.0015527 -0.004180788 0.004999995 -0.00146085 -0.004214942 0.005002677 -0.001489877 -0.004241704 0.00500524 -0.001525759 -0.004259824 0.005007505 -0.001566767 -0.004268288 0.005009472 -0.001610815 -0.004179656 0.005010426 -0.001459717 -0.004214107 0.005014777 -0.001488804 -0.004241049 0.005019426 -0.001524925 -0.004259169 0.005024135 -0.001566171 -0.004267454 0.005028724 -0.001610457 -0.004268229 0.005011618 -0.001610815 -0.004179656 0.005010426 -0.001459717 -0.004214107 0.005014777 -0.001488804 -0.004241049 0.005019426 -0.001524925 -0.004259169 0.005024135 -0.001566171 -0.004267454 0.005028724 -0.001610457 -0.004163563 0.005357086 -0.001426994 -0.004194796 0.00536096 -0.001452803 -0.004220187 0.005365133 -0.001484394 -0.004238545 0.005369424 -0.001520454 -0.004249215 0.005373597 -0.001559555 -0.004251718 0.005377531 -0.001599967 -0.004163563 0.005357086 -0.001426994 -0.004194796 0.00536096 -0.001452803 -0.004220187 0.005365133 -0.001484394 -0.004238545 0.005369424 -0.001520454 -0.004249215 0.005373597 -0.001559555 -0.004251718 0.005377531 -0.001599967 -0.004150688 0.005548179 -0.0013839 -0.004137039 0.005724549 -0.001300275 -0.004125654 0.005846321 -0.001212954 -0.004108905 0.005984544 -0.001074969 -0.004086554 0.00611031 -8.95452e-4 -0.004059553 0.006204962 -6.98298e-4 -0.004013419 0.00628817 -4.07156e-4 -0.003957092 0.006319999 -1.07761e-4 -0.004002809 0.006325364 -1.02844e-4 -0.004046082 0.006341099 -9.84631e-5 -0.004084587 0.006366431 -9.4872e-5 -0.004116356 0.006399989 -9.22419e-5 -0.004139602 0.006439983 -9.0722e-5 -0.004153132 0.00648421 -9.03904e-5 -0.004156172 0.006530404 -9.12659e-5 -0.004199087 0.006460547 -5.71597e-4 -0.004219055 0.006313264 -9.38531e-4 -0.004228234 0.006124138 -0.001208603 -0.004234075 0.005902647 -0.001407146 -0.004239857 0.005683958 -0.001528024 -0.004248499 0.005443215 -0.001596808 -0.004104793 0.0063591 -2.52221e-4 -0.004086494 0.006344914 -2.52392e-4 -0.004147768 0.006345391 -4.75112e-4 -0.004162847 0.006305754 -6.31105e-4 -0.004177153 0.006242573 -8.01895e-4 -0.004184842 0.006191492 -9.06456e-4 -0.004193186 0.006112337 -0.00103569 -0.00419867 0.006041288 -0.001128673 -0.004203081 0.005970358 -0.001206099 -0.004208385 0.005868732 -0.001296222 -0.004211425 0.005803346 -0.001343607 -0.004215717 0.005705296 -0.001401722 -0.004219949 0.005609512 -0.001445293 -0.004224896 0.005501568 -0.001480221 -0.003923058 0.006327092 1.61137e-4 -0.003971874 0.006332516 1.53463e-4 -0.004018008 0.006348967 1.46221e-4 -0.004058897 0.00637561 1.39792e-4 -0.004089295 0.006407618 1.35016e-4 -0.004109978 0.006441771 1.31767e-4 -0.004123508 0.006479442 1.29636e-4 -0.004128396 0.006507456 1.28876e-4 -0.004129052 0.006536066 1.28772e-4 -0.004156172 0.006530404 -9.12659e-5 -0.003957092 0.006319999 -1.07761e-4 -0.004002809 0.006325364 -1.02844e-4 -0.004046082 0.006341099 -9.84631e-5 -0.004084587 0.006366431 -9.4872e-5 -0.004116356 0.006399989 -9.22419e-5 -0.004139602 0.006439983 -9.0722e-5 -0.004153132 0.00648421 -9.03904e-5 -0.004005551 0.007955193 -0.002747535 -0.004088163 0.007955193 -0.001941263 -0.004084706 0.007976591 -0.001940906 -0.004076778 0.007996678 -0.001940071 -0.004064679 0.008014619 -0.001938819 -0.004049062 0.00802952 -0.00193721 -0.004030644 0.008040726 -0.001935362 -0.00401026 0.00804764 -0.001933276 -0.003988802 0.008049964 -0.001931071 -0.003917753 0.008049964 -0.002624452 -0.00395298 0.008018612 -0.002994 -0.003986477 0.007971584 -0.002911627 -0.003970026 0.007988452 -0.00301963 -0.003966689 0.007992506 -0.003034949 -0.003959655 0.00800246 -0.003050506 -0.003955006 0.008011519 -0.003033995 0.001059472 0.008049964 0.006832242 -4.93392e-4 0.008049964 0.005927562 -0.00182569 0.008049964 0.004721403 -0.002879738 0.008049964 0.003265798 -0.003610134 0.008049964 0.00162369 -0.003985226 0.008049964 -1.33887e-4 -0.003988802 0.008049964 -0.001931071 -0.004088163 0.007955193 -0.001941263 -0.004084706 0.007976591 -0.001940906 -0.004076778 0.007996678 -0.001940071 -0.004064679 0.008014619 -0.001938819 -0.004049062 0.00802952 -0.00193721 -0.004030644 0.008040726 -0.001935362 -0.00401026 0.00804764 -0.001933276 -0.004084527 0.007955193 -1.23318e-4 -0.003705143 0.007955193 0.001654565 -0.002966284 0.007955193 0.003315627 -0.001900017 0.007955193 0.004788041 -5.52364e-4 0.007955193 0.006008207 0.001018464 0.007955193 0.006923317 0.001050651 0.00804764 0.006851911 0.001042187 0.008040726 0.006870567 0.001034617 0.00802952 0.006887495 0.00102812 0.008014619 0.0069018 0.001023173 0.007996678 0.006912887 0.001019895 0.007976591 0.006920158 -0.00408107 0.007976591 -1.23683e-4 -0.004073143 0.007996678 -1.24525e-4 -0.004061102 0.008014619 -1.25807e-4 -0.004045486 0.00802952 -1.27476e-4 -0.004027068 0.008040726 -1.29443e-4 -0.004006624 0.00804764 -1.31618e-4 -0.003701806 0.007976591 0.001653492 -0.003694236 0.007996678 0.001651048 -0.003682672 0.008014619 0.001647293 -0.003667771 0.00802952 0.001642405 -0.003650128 0.008040726 0.001636683 -0.003630638 0.00804764 0.001630365 -0.002963304 0.007976591 0.003313899 -0.00295639 0.007996678 0.003309905 -0.00294584 0.008014619 0.003303885 -0.00293225 0.00802952 0.003296017 -0.002916216 0.008040726 0.003286778 -0.002898395 0.00804764 0.003276526 -0.001897454 0.007976591 0.004785716 -0.001891493 0.007996678 0.004780411 -0.001882433 0.008014619 0.004772305 -0.001870751 0.00802952 0.004761815 -0.001856982 0.008040726 0.004749476 -0.001841664 0.00804764 0.004735767 -5.50307e-4 0.007976591 0.006005406 -5.45591e-4 0.007996678 0.005998969 -5.38439e-4 0.008014619 0.005989134 -5.29163e-4 0.00802952 0.005976498 -5.1821e-4 0.008040726 0.005961537 -5.06103e-4 0.00804764 0.005944967 0.006479263 0.007955193 0.001600205 0.006594777 0.007955193 -8.11741e-5 0.00659132 0.007976591 -8.14088e-5 0.006583333 0.007996678 -8.19527e-5 0.006571233 0.008014619 -8.27908e-5 0.006555557 0.00802952 -8.386e-5 0.006537079 0.008040726 -8.51303e-5 0.006516575 0.00804764 -8.65422e-5 0.006495118 0.008049964 -8.801e-5 0.006379663 0.008049964 0.001593351 0.006475806 0.007976591 0.001599967 0.006467819 0.007996678 0.001599431 0.006455719 0.008014619 0.001598596 0.006440103 0.00802952 0.001597523 0.006421566 0.008040726 0.001596212 0.006401121 0.00804764 0.001594841 0.006594777 0.007955193 -8.11741e-5 0.00659132 0.007976591 -8.14088e-5 0.006583333 0.007996678 -8.19527e-5 0.006571233 0.008014619 -8.27908e-5 0.006555557 0.00802952 -8.386e-5 0.006537079 0.008040726 -8.51303e-5 0.006516575 0.00804764 -8.65422e-5 0.006495118 0.008049964 -8.801e-5 0.006641924 0.007955491 -3.96822e-4 0.006696641 0.00795567 -5.88331e-4 0.006770491 0.007955729 -7.74015e-4 0.006767272 0.007977008 -7.7549e-4 0.006759941 0.007997035 -7.78835e-4 0.006748914 0.008014857 -7.83872e-4 0.006734609 0.008029639 -7.90406e-4 0.006717801 0.008040785 -7.9808e-4 0.006699204 0.00804764 -8.06581e-4 0.006679713 0.008049964 -8.15488e-4 0.006564974 0.008049964 -5.00459e-4 0.006519854 0.008049964 -2.96827e-4 0.006573259 0.008022546 -1.84864e-4 0.00656408 0.008030295 -1.8597e-4 0.006554722 0.008036494 -1.87077e-4 0.006598651 0.008022606 -3.44802e-4 0.006621003 0.008022606 -4.43164e-4 0.006648302 0.008022665 -5.40558e-4 0.006716012 0.008004844 -6.87845e-4 0.006709814 0.008013904 -6.90319e-4 0.006702125 0.008022665 -6.93355e-4 0.006770491 0.007955729 -7.74015e-4 0.006767272 0.007977008 -7.7549e-4 0.006759941 0.007997035 -7.78835e-4 0.006748914 0.008014857 -7.83872e-4 0.006734609 0.008029639 -7.90406e-4 0.006717801 0.008040785 -7.9808e-4 0.006699204 0.00804764 -8.06581e-4 0.006679713 0.008049964 -8.15488e-4 0.00688672 0.007984519 -9.94947e-4 0.007023751 0.008051097 -0.001195728 0.007187902 0.0081411 -0.001383662 0.007371604 0.008239507 -0.001547694 0.007371604 0.008239507 -0.001547694 0.007000923 0.008117556 -0.001212 0.006820142 0.00806725 -0.001005172 0.006863653 0.008035063 -9.92019e-4 0.006933391 0.008055984 -0.001092612 -0.003917753 0.001949965 -0.002624452 -0.003988802 0.001949965 -0.001931071 -0.00401026 0.00195229 -0.001933276 -0.004030644 0.001959264 -0.001935362 -0.004049062 0.00197041 -0.00193721 -0.004064679 0.001985311 -0.001938819 -0.004076778 0.002003252 -0.001940071 -0.004084706 0.002023339 -0.001940906 -0.004088163 0.002044737 -0.001941263 -0.004005551 0.002044737 -0.002747535 -0.00395298 0.001981317 -0.002994 -0.003955125 0.001988708 -0.003035128 -0.003959715 0.001997649 -0.003050506 -0.00396645 0.002007186 -0.003035724 -0.003986477 0.002028346 -0.002911746 0.001018464 0.002044737 0.006923317 -5.52364e-4 0.002044737 0.006008207 -0.001900017 0.002044737 0.004788041 -0.002966284 0.002044737 0.003315627 -0.003705143 0.002044737 0.001654565 -0.004084527 0.002044737 -1.23318e-4 -0.004088163 0.002044737 -0.001941263 -0.003988802 0.001949965 -0.001931071 -0.00401026 0.00195229 -0.001933276 -0.004030644 0.001959264 -0.001935362 -0.004049062 0.00197041 -0.00193721 -0.004064679 0.001985311 -0.001938819 -0.004076778 0.002003252 -0.001940071 -0.004084706 0.002023339 -0.001940906 -0.003985226 0.001949965 -1.33887e-4 -0.003610134 0.001949965 0.00162369 -0.002879738 0.001949965 0.003265798 -0.00182569 0.001949965 0.004721403 -4.93392e-4 0.001949965 0.005927562 0.001059472 0.001949965 0.006832242 0.001019895 0.002023339 0.006920158 0.001023173 0.002003252 0.006912887 0.00102812 0.001985311 0.0069018 0.001034617 0.00197041 0.006887495 0.001042187 0.001959264 0.006870567 0.001050651 0.00195229 0.006851911 -5.50307e-4 0.002023339 0.006005406 -5.45591e-4 0.002003252 0.005998969 -5.38439e-4 0.001985311 0.005989134 -5.29163e-4 0.00197041 0.005976498 -5.1821e-4 0.001959264 0.005961537 -5.06103e-4 0.00195229 0.005944967 -0.001897454 0.002023339 0.004785716 -0.001891493 0.002003252 0.004780411 -0.001882433 0.001985311 0.004772305 -0.001870751 0.00197041 0.004761815 -0.001856982 0.001959264 0.004749476 -0.001841664 0.00195229 0.004735767 -0.002963304 0.002023339 0.003313899 -0.00295639 0.002003252 0.003309905 -0.00294584 0.001985311 0.003303885 -0.00293225 0.00197041 0.003296017 -0.002916216 0.001959264 0.003286778 -0.002898395 0.00195229 0.003276526 -0.003701806 0.002023339 0.001653492 -0.003694236 0.002003252 0.001651048 -0.003682672 0.001985311 0.001647293 -0.003667771 0.00197041 0.001642405 -0.003650128 0.001959264 0.001636683 -0.003630638 0.00195229 0.001630365 -0.00408107 0.002023339 -1.23683e-4 -0.004073143 0.002003252 -1.24525e-4 -0.004061102 0.001985311 -1.25807e-4 -0.004045486 0.00197041 -1.27476e-4 -0.004027068 0.001959264 -1.29443e-4 -0.004006624 0.00195229 -1.31618e-4 0.006379663 0.001949965 0.001593351 0.006495118 0.001949965 -8.801e-5 0.006516575 0.00195229 -8.65422e-5 0.006537079 0.001959264 -8.51303e-5 0.006555557 0.00197041 -8.386e-5 0.006571233 0.001985311 -8.27908e-5 0.006583333 0.002003252 -8.19527e-5 0.00659132 0.002023339 -8.14088e-5 0.006594777 0.002044737 -8.11741e-5 0.006479263 0.002044737 0.001600205 0.006401121 0.00195229 0.001594841 0.006421566 0.001959264 0.001596212 0.006440103 0.00197041 0.001597523 0.006455719 0.001985311 0.001598596 0.006467819 0.002003252 0.001599431 0.006475806 0.002023339 0.001599967 0.006495118 0.001949965 -8.801e-5 0.006516575 0.00195229 -8.65422e-5 0.006537079 0.001959264 -8.51303e-5 0.006555557 0.00197041 -8.386e-5 0.006571233 0.001985311 -8.27908e-5 0.006583333 0.002003252 -8.19527e-5 0.00659132 0.002023339 -8.14088e-5 0.006594777 0.002044737 -8.11741e-5 0.00654447 0.001949965 -4.1962e-4 0.00660187 0.001949965 -6.20145e-4 0.006679713 0.001949965 -8.15488e-4 0.006699204 0.00195229 -8.06581e-4 0.006717801 0.001959204 -7.9808e-4 0.006734609 0.001970291 -7.90406e-4 0.006748914 0.001985073 -7.83872e-4 0.006759941 0.002002954 -7.78835e-4 0.006767272 0.002022922 -7.7549e-4 0.006770491 0.00204426 -7.74015e-4 0.006661534 0.002044379 -4.74054e-4 0.00661838 0.002044498 -2.79594e-4 0.006702065 0.001977264 -6.93154e-4 0.006693482 0.001969575 -6.96562e-4 0.00668478 0.001963376 -7.0003e-4 0.006648242 0.001977324 -5.40409e-4 0.006621003 0.001977324 -4.43298e-4 0.006598651 0.001977324 -3.4466e-4 0.006588041 0.001995265 -1.82875e-4 0.006581425 0.001986205 -1.83668e-4 0.006573259 0.001977384 -1.84648e-4 0.007371604 0.001760423 -0.001547694 0.007371604 0.001760423 -0.001547694 0.007137179 0.001886904 -0.001330435 0.006935358 0.001993834 -0.001071989 0.006847977 0.002029836 -9.27802e-4 0.006770491 0.00204426 -7.74015e-4 0.006679713 0.001949965 -8.15488e-4 0.006699204 0.00195229 -8.06581e-4 0.006717801 0.001959204 -7.9808e-4 0.006734609 0.001970291 -7.90406e-4 0.006748914 0.001985073 -7.83872e-4 0.006759941 0.002002954 -7.78835e-4 0.006767272 0.002022922 -7.7549e-4 0.006887853 0.001915931 -0.001086831 0.007119238 0.001844227 -0.001330494 0.006782054 0.001978337 -8.59391e-4 0.006788551 0.001986622 -8.56888e-4 0.006793916 0.001995086 -8.54965e-4 0.006871521 0.001962959 -0.001003742 -0.003917753 0.008049964 -0.002624452 -0.003917753 0.008049964 -0.002624452 -0.00395298 0.008018612 -0.002994 -0.0039438 0.008028388 -0.003000259 -0.003935456 0.008038878 -0.003006517 -0.003928065 0.008049964 -0.003012835 0.001710891 0.003449976 0.007158875 0.003194868 0.003449976 0.006483316 0.004510998 0.003449976 0.00552088 0.005604743 0.003449976 0.004311621 0.006430506 0.003449976 0.002905726 0.001792609 0.002449989 0.007130801 0.006364881 0.002449989 0.003045618 0.005548477 0.002449989 0.004387319 0.004485666 0.002449989 0.005543649 0.003217399 0.002449989 0.006470084 0.001792609 0.007550001 0.007130801 0.003217399 0.007550001 0.006470084 0.004485666 0.007550001 0.005543649 0.005548477 0.007550001 0.004387319 0.006364881 0.007550001 0.003045618 0.001710891 0.006549954 0.007158875 0.003194868 0.006549954 0.006483316 0.004510998 0.006549954 0.00552088 0.005604743 0.006549954 0.004311621 0.006430506 0.006549954 0.002905726 0.001710891 0.003449976 0.007158875 0.001595795 0.003449976 0.007183134 0.001479029 0.003449976 0.007180154 0.001365363 0.003449976 0.007149994 0.001466214 0.002189874 0.007118463 0.001576662 0.002270638 0.007150173 0.00168699 0.002358675 0.00715363 0.001792609 0.002449989 0.007130801 0.001466214 0.002189874 0.007118463 0.001480102 0.002172887 0.007120251 0.001495063 0.002156972 0.00711745 0.001510381 0.002142906 0.007110178 0.001525282 0.002131342 0.007098793 0.001617252 0.002230405 0.007136464 0.001707613 0.002338171 0.007146596 0.001792609 0.002449989 0.007130801 0.001792609 0.002449989 0.007130801 0.001576662 0.002270638 0.007150173 0.00168699 0.002358675 0.00715363 0.001466214 0.002189874 0.007118463 0.001355528 0.002117991 0.007070899 0.001233935 0.00207287 0.007018566 0.001127064 0.002051591 0.006971776 0.001018464 0.002044737 0.006923317 0.001019895 0.002023339 0.006920158 0.001023173 0.002003252 0.006912887 0.00102812 0.001985311 0.0069018 0.001034617 0.00197041 0.006887495 0.001042187 0.001959264 0.006870567 0.001050651 0.00195229 0.006851911 0.001059472 0.001949965 0.006832242 0.001224815 0.00196886 0.006928682 0.001384198 0.00202769 0.00701934 0.001458048 0.002073466 0.007060885 0.001525282 0.002131342 0.007098793 0.001480102 0.002172887 0.007120251 0.001495063 0.002156972 0.00711745 0.001510381 0.002142906 0.007110178 0.001081585 0.001999139 0.006935358 0.001170933 0.001995086 0.006963908 0.001226365 0.002009034 0.006990671 0.001305937 0.002036869 0.007028579 0.001368463 0.002066195 0.007058024 0.001069068 0.0019629 0.006889581 0.006379663 0.001949965 0.001593351 0.006374061 0.001984477 0.002207577 0.006376624 0.002045214 0.00251007 0.006381392 0.002126753 0.002725243 0.006384968 0.002186775 0.002825021 0.006387114 0.00222373 0.002870619 0.006389558 0.002266347 0.00291121 0.006387054 0.002346932 0.002974092 0.006378531 0.002398312 0.003010928 0.006364881 0.002449989 0.003045618 0.005548477 0.002449989 0.004387319 0.004485666 0.002449989 0.005543649 0.003217399 0.002449989 0.006470084 0.001792609 0.002449989 0.007130801 0.001525282 0.002131342 0.007098793 0.001617252 0.002230405 0.007136464 0.001707613 0.002338171 0.007146596 0.001059472 0.001949965 0.006832242 0.001224815 0.00196886 0.006928682 0.001384198 0.00202769 0.00701934 0.001458048 0.002073466 0.007060885 0.002519249 0.001949965 0.006281375 0.003833413 0.001949965 0.005440294 0.004945158 0.001949965 0.004345536 0.005806326 0.001949965 0.003044486 0.006300806 0.002045273 0.002690136 0.006199002 0.001984536 0.00264579 0.006204664 0.002230405 0.003252089 0.00614804 0.002131342 0.003222584 0.006066739 0.002045273 0.003180205 0.005968272 0.001984536 0.003128886 0.005539894 0.002346932 0.004380881 0.005507886 0.002230405 0.004356801 0.005456864 0.002131342 0.004318416 0.00538361 0.002045273 0.004263281 0.005294859 0.001984536 0.004196524 0.004478514 0.002346932 0.005535662 0.004451811 0.002230405 0.0055058 0.004409253 0.002131342 0.005458176 0.004348158 0.002045273 0.005389809 0.004138588 0.002346932 0.005822718 0.004274189 0.001984536 0.005306959 0.004113614 0.002230405 0.005791425 0.004073798 0.002131342 0.005741536 0.004016578 0.002045273 0.005669832 0.003947317 0.001984536 0.005583047 0.003211975 0.002346932 0.006460845 0.003191649 0.002230405 0.006426334 0.003159224 0.002131342 0.006371259 0.003112673 0.002045273 0.006292283 0.003056287 0.001984536 0.006196618 0.002738654 0.002346932 0.006718635 0.002720713 0.002230405 0.006682872 0.002692043 0.002131342 0.006625771 0.002650976 0.002045273 0.006543815 0.002601146 0.001984536 0.006444573 0.001789093 0.002346932 0.007120668 0.00177586 0.002230405 0.007082879 0.00175482 0.002131342 0.007022559 0.0017246 0.002045273 0.006936013 0.001688003 0.001984536 0.006831169 0.006379663 0.001949965 0.001593351 0.006401121 0.00195229 0.001594841 0.006421566 0.001959264 0.001596212 0.006440103 0.00197041 0.001597523 0.006455719 0.001985311 0.001598596 0.006467819 0.002003252 0.001599431 0.006475806 0.002023339 0.001599967 0.006479263 0.002044737 0.001600205 0.006438434 0.002074062 0.002217054 0.00641334 0.002167701 0.002654314 0.006407916 0.002220392 0.002773106 0.006405949 0.002255082 0.002829015 0.006404757 0.002297818 0.002879142 0.006402134 0.002286851 0.002890348 0.006397008 0.002276241 0.002901136 0.006389558 0.002266347 0.00291121 0.006374061 0.001984477 0.002207577 0.006376624 0.002045214 0.00251007 0.006381392 0.002126753 0.002725243 0.006384968 0.002186775 0.002825021 0.006387114 0.00222373 0.002870619 0.006433367 0.001988649 0.00190252 0.006419539 0.002019882 0.002214312 0.006404757 0.002297818 0.002879142 0.006402134 0.002286851 0.002890348 0.006397008 0.002276241 0.002901136 0.006389558 0.002266347 0.00291121 0.006395578 0.002364575 0.002956151 0.006382822 0.002407193 0.003001987 0.006364881 0.002449989 0.003045618 0.006364881 0.002449989 0.003045618 0.006387054 0.002346932 0.002974092 0.006378531 0.002398312 0.003010928 0.006404757 0.002297818 0.002879142 0.006395578 0.002364575 0.002956151 0.006382822 0.002407193 0.003001987 0.006364881 0.002449989 0.003045618 0.006475627 0.003449976 0.002728402 0.006463527 0.003449976 0.002809226 0.00644952 0.003449976 0.002858102 0.006430506 0.003449976 0.002905726 0.001365363 0.006549954 0.007149994 0.001479029 0.006549954 0.007180154 0.001595795 0.006549954 0.007183134 0.001710891 0.006549954 0.007158875 0.001792609 0.007550001 0.007130801 0.001687109 0.007641255 0.007153868 0.001577198 0.007728993 0.007150411 0.001466214 0.007810115 0.007118463 0.001466214 0.007810115 0.007118463 0.001480102 0.007827103 0.007120251 0.001495063 0.007843017 0.00711745 0.001510381 0.007857024 0.007110178 0.001525282 0.007868587 0.007098793 0.001412391 0.007956445 0.007035195 0.001286208 0.008013665 0.006963849 0.001174032 0.008041024 0.006899356 0.001059472 0.008049964 0.006832242 0.001050651 0.00804764 0.006851911 0.001042187 0.008040726 0.006870567 0.001034617 0.00802952 0.006887495 0.00102812 0.008014619 0.0069018 0.001023173 0.007996678 0.006912887 0.001019895 0.007976591 0.006920158 0.001018464 0.007955193 0.006923317 0.001175105 0.007940709 0.006992876 0.001327276 0.007894814 0.007058799 0.001399517 0.007857978 0.007089793 0.001170396 0.008004963 0.00696367 0.001226484 0.007990837 0.00699073 0.00130552 0.007963299 0.0070284 0.001367926 0.007934033 0.007057785 0.001405298 0.007912397 0.007075309 0.001792609 0.007550001 0.007130801 0.001687109 0.007641255 0.007153868 0.001577198 0.007728993 0.007150411 0.001466214 0.007810115 0.007118463 0.001792609 0.007550001 0.007130801 0.001707732 0.007661759 0.007146835 0.00161767 0.007769107 0.007136762 0.001525282 0.007868587 0.007098793 0.001480102 0.007827103 0.007120251 0.001495063 0.007843017 0.00711745 0.001510381 0.007857024 0.007110178 0.006379663 0.008049964 0.001593351 0.006374061 0.008015453 0.002207756 0.006376624 0.007954657 0.002510249 0.006381392 0.007873058 0.002725481 0.006384968 0.007813096 0.00282514 0.006387114 0.0077762 0.002870678 0.006389558 0.007733583 0.00291121 0.006397008 0.007723689 0.002901136 0.006402134 0.007713079 0.002890348 0.006404757 0.007702112 0.002879142 0.006406724 0.007760941 0.002805173 0.006411433 0.007817327 0.002692997 0.006424009 0.007887601 0.002456545 0.006442427 0.007932722 0.002153515 0.006479263 0.007955193 0.001600205 0.006475806 0.007976591 0.001599967 0.006467819 0.007996678 0.001599431 0.006455719 0.008014619 0.001598596 0.006440103 0.00802952 0.001597523 0.006421566 0.008040726 0.001596212 0.006401121 0.00804764 0.001594841 0.006434559 0.008012771 0.001877963 0.006441354 0.008004426 0.001878082 0.006446897 0.007995963 0.001878142 0.00642085 0.007984519 0.002182185 0.006414532 0.00796014 0.002336323 0.006379663 0.008049964 0.001593351 0.005806326 0.008049964 0.003044486 0.004945158 0.008049964 0.004345536 0.003833413 0.008049964 0.005440294 0.002519249 0.008049964 0.006281375 0.001059472 0.008049964 0.006832242 0.001525282 0.007868587 0.007098793 0.001412391 0.007956445 0.007035195 0.001286208 0.008013665 0.006963849 0.001174032 0.008041024 0.006899356 0.001792609 0.007550001 0.007130801 0.001707732 0.007661759 0.007146835 0.00161767 0.007769107 0.007136762 0.003217399 0.007550001 0.006470084 0.004485666 0.007550001 0.005543649 0.005548477 0.007550001 0.004387319 0.006364881 0.007550001 0.003045618 0.006384313 0.007632672 0.002988994 0.006389617 0.007683575 0.002950966 0.006389558 0.007733583 0.00291121 0.006374061 0.008015453 0.002207756 0.006376624 0.007954657 0.002510249 0.006381392 0.007873058 0.002725481 0.006384968 0.007813096 0.00282514 0.006387114 0.0077762 0.002870678 0.001597762 0.007868587 0.007075548 0.00156939 0.007954597 0.006988465 0.001536309 0.008013665 0.006887018 0.001507699 0.008040964 0.006799042 0.002692043 0.007868587 0.006625771 0.002650976 0.007954597 0.006543874 0.002603113 0.008013665 0.006448566 0.003211021 0.0076617 0.006459176 0.002561628 0.008040964 0.006365835 0.003191769 0.007769048 0.006426513 0.003159224 0.007868587 0.006371259 0.003112673 0.007954597 0.006292343 0.003058493 0.008013665 0.006200432 0.003011524 0.008040964 0.006120741 0.004137396 0.0076617 0.005821228 0.004113793 0.007769048 0.005791604 0.004073798 0.007868587 0.005741536 0.004016637 0.007954597 0.005669891 0.004477262 0.0076617 0.005534231 0.003950119 0.008013665 0.005586504 0.00445199 0.007769048 0.005505979 0.003892362 0.008040964 0.005514204 0.004409253 0.007868587 0.005458176 0.004348218 0.007954597 0.005389869 0.004277169 0.008013665 0.005310297 0.004215478 0.008040964 0.005241274 0.005321383 0.0076617 0.004655361 0.005292117 0.007769048 0.00463128 0.005242645 0.007868587 0.004590511 0.005171895 0.007954597 0.004532277 0.005089581 0.008013665 0.004464447 0.005018115 0.008040964 0.004405617 0.006204903 0.007769048 0.003252208 0.00614804 0.007868587 0.003222584 0.006066799 0.007954597 0.003180265 0.005972206 0.008013665 0.003130912 0.00589013 0.008040964 0.003088176 0.00633198 0.007868587 0.002845525 0.006248593 0.007954597 0.002807557 0.006151497 0.008013665 0.00276339 0.006067276 0.008040964 0.002725005 0.00629127 0.008040964 0.002177536 0.006364881 0.007550001 0.003045618 0.006384313 0.007632672 0.002988994 0.006389617 0.007683575 0.002950966 0.006389558 0.007733583 0.00291121 0.006364881 0.007550001 0.003045618 0.006391167 0.007618486 0.002974569 0.006400704 0.007660686 0.00292766 0.006404757 0.007702112 0.002879142 0.006397008 0.007723689 0.002901136 0.006402134 0.007713079 0.002890348 0.006430506 0.006549954 0.002905726 0.00645852 0.006549954 0.002828955 0.006469547 0.006549954 0.002779304 0.006475627 0.006549954 0.002728402 0.006404757 0.007702112 0.002879142 0.006364881 0.007550001 0.003045618 0.006391167 0.007618486 0.002974569 0.006400704 0.007660686 0.00292766 7.96959e-4 0.01017391 -0.01660537 5.69567e-4 0.01028728 -0.01162791 5.18024e-4 0.01055943 -0.006975948 6.67721e-5 0.009924471 -0.0168727 -6.69494e-4 0.009476363 -0.0172069 -0.001321554 0.008889198 -0.01756721 -0.001837193 0.00823158 -0.01791203 -0.002145886 0.007665276 -0.01815873 -0.002359926 0.007056832 -0.01836007 -0.003124415 0.007049739 -0.01558446 -0.003783226 0.007046341 -0.01132899 -0.004132568 0.007051944 -0.007804036 -0.00426954 0.007056355 -0.004478454 -0.001027345 0.01018071 -0.006124496 -0.002322137 0.009460568 -0.005435407 -0.003350913 0.008544743 -0.004908561 -0.003882408 0.007855534 -0.004649341 -0.004099428 0.007465839 -0.004550039 -0.002751469 0.00905013 -0.00637269 -0.001834273 0.009621262 -0.007864832 -0.002944052 0.008838891 -0.006868898 -0.003461956 0.008321404 -0.006541132 -0.002854883 0.008784353 -0.008468031 -0.0021829 0.009304583 -0.008828461 -0.001247882 0.009791493 -0.009836435 -0.00338447 0.008252978 -0.008273601 -0.001776516 0.009125769 -0.01356709 -0.002574622 0.00853151 -0.01295 -0.001975655 0.009195744 -0.01154887 -5.31346e-4 0.009749054 -0.01475995 -5.90399e-4 0.00965768 -0.01561468 -0.00235176 0.008061647 -0.01661783 -6.77049e-4 0.01023083 -0.007361829 -0.003107666 0.008424639 -0.009510219 -6.97851e-4 0.00990802 -0.01156181 -0.003470242 0.007942736 -0.009864926 -0.003211081 0.00824368 -0.01004517 -0.002824842 0.008588671 -0.01058453 -6.30856e-4 0.009863495 -0.01253867 -0.001652479 0.009044885 -0.01502662 -0.003061413 0.00821495 -0.01150089 -0.002901375 0.008323788 -0.01200181 -0.002640604 0.008284866 -0.01408237 -0.002351701 0.008478105 -0.01476639 -0.002658545 0.008161962 -0.01462393 -0.002562642 0.008128643 -0.01533722 -0.001585543 0.008944809 -0.01611047 0.006172776 0.007633149 -0.02769964 0.006049335 0.007623612 -0.0279451 0.005718827 0.008333206 -0.0279026 0.00533241 0.008832216 -0.02784347 0.004856169 0.009235441 -0.02776211 0.004268944 0.009576916 -0.02765434 0.003344357 0.009926795 -0.02747446 0.00247842 0.01013034 -0.02729767 0.001575469 0.01027125 -0.02710568 0.002851843 0.01014268 -0.02395367 0.002940177 0.01013171 -0.02370887 0.004032194 0.009906589 -0.02514427 0.005989372 0.008273243 -0.02744579 0.005745232 0.008770883 -0.02713572 0.005461037 0.009133458 -0.02679169 0.005135834 0.009413361 -0.02640861 0.004596769 0.009713113 -0.02578645 0.004211306 0.009702324 -0.0271272 0.003464519 0.009964764 -0.02679616 0.002678632 0.0101388 -0.02643042 0.002690553 0.01023417 -0.01623541 0.002289414 0.01021742 -0.01952248 0.001595795 0.01025247 -0.01639783 7.96959e-4 0.01017391 -0.01660537 8.05959e-4 0.01022589 -0.02026295 5.80624e-4 0.01031446 -0.02331221 0.002851843 0.01014268 -0.02395367 0.002940177 0.01013171 -0.02370887 0.002187311 0.01022696 -0.02095586 0.002348899 0.0102145 -0.02224332 0.002591729 0.01018595 -0.02299666 0.001532375 0.0102359 -0.01775211 0.003053307 0.0103209 -0.0132938 0.003131091 0.01041752 -0.01118057 0.002819955 0.01051521 -0.009684681 0.002276659 0.01059812 -0.008522808 0.001673221 0.01063627 -0.007770478 0.001238167 0.01063179 -0.007406711 7.52881e-4 0.0105918 -0.00710684 0.002690553 0.01023417 -0.01623541 0.001595795 0.01025247 -0.01639783 7.96959e-4 0.01017391 -0.01660537 5.69567e-4 0.01028728 -0.01162791 5.18024e-4 0.01055943 -0.006975948 0.001683354 0.01029467 -0.01487976 -0.00426954 0.002943575 -0.004478454 -0.003934323 0.002228677 -0.004625082 -0.003479182 0.001600861 -0.004844725 -0.002767086 8.90117e-4 -0.005204796 -0.001867055 2.38702e-4 -0.005674719 -8.94926e-4 -2.31904e-4 -0.006196379 -1.9668e-4 -4.37254e-4 -0.006578981 5.18024e-4 -5.59454e-4 -0.006975948 7.96959e-4 -1.73949e-4 -0.01660537 5.69567e-4 -2.87294e-4 -0.01162791 6.67721e-5 7.55056e-5 -0.0168727 -6.69494e-4 5.23618e-4 -0.0172069 -0.001321554 0.001110732 -0.01756721 -0.001837193 0.00176835 -0.01791203 -0.002145886 0.002334654 -0.01815873 -0.002359926 0.002943098 -0.01836007 -0.003124415 0.002950191 -0.01558446 -0.003783226 0.002953588 -0.01132899 -0.004132568 0.002948045 -0.007804036 -0.003125667 0.001286089 -0.006154894 -0.002021193 4.92467e-4 -0.007763206 -0.002529978 8.49031e-4 -0.007500827 -0.003283262 0.001485943 -0.0066545 -0.003634154 0.001883327 -0.006432056 -0.002505481 9.28848e-4 -0.008658945 -0.002800524 0.001168429 -0.008498013 -0.003190577 0.001531004 -0.008281111 -0.00147742 3.23338e-4 -0.009744465 -0.003577828 0.00197333 -0.008138716 -0.001776516 8.74195e-4 -0.01356709 -0.002574622 0.00146842 -0.01295 -0.001975655 8.04211e-4 -0.01154887 -5.31346e-4 2.50919e-4 -0.01475995 -5.90399e-4 3.42319e-4 -0.01561468 -0.00235176 0.001938283 -0.01661783 -6.97844e-4 9.19299e-5 -0.01156181 -0.003336071 0.001895248 -0.009959638 -0.00344944 0.002031087 -0.009879648 -0.00291717 0.001497924 -0.01053529 -6.30856e-4 1.36468e-4 -0.01253867 -0.001652479 9.55059e-4 -0.01502662 -0.003061413 0.001785039 -0.01150089 -0.002901375 0.001676142 -0.01200181 -0.002640604 0.001715064 -0.01408237 -0.002351701 0.001521825 -0.01476639 -0.002658545 0.001838028 -0.01462393 -0.002562642 0.001871287 -0.01533722 -0.001585543 0.001055121 -0.01611047 0.004032194 9.34014e-5 -0.02514427 0.004934668 4.56242e-4 -0.02617496 0.005347549 7.56716e-4 -0.02665704 0.005741536 0.001223921 -0.02713119 0.005989849 0.001727998 -0.02744644 0.006091117 0.002040326 -0.02758336 0.006172776 0.002366781 -0.02769964 0.006049335 0.002376317 -0.0279451 0.005718827 0.001666724 -0.0279026 0.00533241 0.001167774 -0.02784347 0.004856169 7.64502e-4 -0.02776211 0.004269003 4.23068e-4 -0.02765434 0.003344357 7.31661e-5 -0.02747446 0.00247842 -1.30388e-4 -0.02729767 0.001575469 -2.71291e-4 -0.02710568 0.002851843 -1.42738e-4 -0.02395367 0.002940297 -1.31737e-4 -0.02370917 0.003674507 1.0317e-4 -0.0269531 0.002678632 -1.3886e-4 -0.02643042 0.002940297 -1.31737e-4 -0.02370917 0.002648353 -1.7813e-4 -0.02313166 0.002426266 -2.06361e-4 -0.02252674 0.002198755 -2.26841e-4 -0.02125024 0.002202153 -2.24527e-4 -0.02038717 0.002289414 -2.17461e-4 -0.01952248 0.002690553 -2.34186e-4 -0.01623541 0.001595795 -2.52482e-4 -0.01639783 7.96959e-4 -1.73949e-4 -0.01660537 8.05959e-4 -2.25925e-4 -0.02026295 5.80624e-4 -3.1447e-4 -0.02331221 0.002851843 -1.42738e-4 -0.02395367 0.001532375 -2.35906e-4 -0.01775211 5.18024e-4 -5.59454e-4 -0.006975948 7.52881e-4 -5.91848e-4 -0.00710684 0.001485168 -6.37782e-4 -0.007598996 0.002089381 -6.15363e-4 -0.008249163 0.002545475 -5.64125e-4 -0.009008109 0.002866804 -5.04852e-4 -0.009830772 0.003109395 -4.29249e-4 -0.01098126 0.003157794 -3.6759e-4 -0.01213902 0.003053307 -3.20943e-4 -0.0132938 0.002690553 -2.34186e-4 -0.01623541 0.001595795 -2.52482e-4 -0.01639783 7.96959e-4 -1.73949e-4 -0.01660537 5.69567e-4 -2.87294e-4 -0.01162791 0.001683354 -2.94719e-4 -0.01487976 0.006049335 0.007623612 -0.0279451 0.006339848 0.006623864 -0.02796423 0.00527358 0.007548093 -0.02982103 0.004846751 0.007484078 -0.03155982 0.005195856 0.005828022 -0.03148519 0.005195856 0.004171907 -0.03148519 0.004846751 0.002515852 -0.03155982 0.006049335 0.002376317 -0.0279451 0.00527358 0.002451837 -0.02982103 0.006339848 0.003376066 -0.02796423 0.00640732 0.004989504 -0.02816557 0.00640732 0.005010426 -0.02816557 -0.002359926 0.007056832 -0.01836007 -0.003124415 0.007049739 -0.01558446 -0.003783226 0.007046341 -0.01132899 -0.004132568 0.007051944 -0.007804036 -0.00426954 0.007056355 -0.004478454 -0.002492427 0.006414532 -0.01849544 -0.002568304 0.005721151 -0.01857298 -0.00259304 0.004999995 -0.01859819 -0.004573941 0.004999995 -0.004429817 -0.004327356 0.004999995 -0.009206652 -0.003726959 0.004999995 -0.01395541 -0.003187179 0.004999995 -0.01669842 -0.004573941 0.005010426 -0.004429459 -0.00444889 0.006387174 -0.004417359 -0.004543781 0.005704104 -0.004404783 -0.003829717 0.006113231 -0.01276671 -0.003213942 0.006109535 -0.01626068 -0.004573941 0.004989504 -0.004429459 -0.004519879 0.004066884 -0.004404544 -0.004425644 0.003500163 -0.004423677 -0.00426954 0.002943575 -0.004478454 -0.002359926 0.002943098 -0.01836007 -0.003124415 0.002950191 -0.01558446 -0.003783226 0.002953588 -0.01132899 -0.004132568 0.002948045 -0.007804036 -0.002492427 0.003585398 -0.01849544 -0.002568304 0.004278779 -0.01857298 -0.00259304 0.004999995 -0.01859819 -0.004573941 0.004999995 -0.004429817 -0.004327356 0.004999995 -0.009206652 -0.003726959 0.004999995 -0.01395541 -0.003187179 0.004999995 -0.01669842 -0.003829717 0.003886699 -0.01276671 -0.003213942 0.003890395 -0.01626068 0.002851843 0.01014268 -0.02395367 0.001575469 0.01027125 -0.02710568 8.28728e-4 0.01035678 -0.02688848 3.64512e-4 0.0103845 -0.02664768 -1.05947e-4 0.01038438 -0.02628809 2.61292e-4 0.01036578 -0.02501982 5.80624e-4 0.01031446 -0.02331221 0.001575469 0.01027125 -0.02710568 -0.001770555 0.009246051 -0.04231142 -0.00165981 0.009008467 -0.04305559 -0.001561403 0.008655965 -0.04365992 -0.001482844 0.00824052 -0.04411607 -0.001419365 0.00779289 -0.04447233 -0.001361787 0.007244765 -0.04479092 -0.001339435 0.006946921 -0.0449168 -0.001324534 0.006681442 -0.04500192 -0.001959204 0.006687462 -0.04474288 -0.00255692 0.006693899 -0.04433047 -0.002978146 0.006698906 -0.04391849 -0.003432571 0.007011651 -0.0432657 -0.003214657 0.006982564 -0.04357701 -0.003109633 0.006935358 -0.04371708 -0.003045797 0.006883144 -0.04380321 -0.003011524 0.006836473 -0.04385232 -0.002991199 0.006789982 -0.04388511 -0.002981305 0.006744384 -0.04390567 -0.003376305 0.007718563 -0.04307436 -0.003168106 0.008373916 -0.0428583 -0.002994656 0.00867033 -0.04273635 -0.002754211 0.00892961 -0.0426051 -0.002514898 0.009083986 -0.04250353 -0.002262473 0.009176611 -0.0424202 -0.002027511 0.009221971 -0.04236048 -0.002173423 0.008955538 -0.04307413 -0.002321779 0.008905231 -0.04309868 -0.002254605 0.008777976 -0.04334491 -0.002374947 0.008721947 -0.04335808 -0.002745926 0.008100628 -0.04364138 -0.002240478 0.007887244 -0.04413425 -0.002572834 0.007775008 -0.04397869 -0.002514958 0.007611989 -0.04409599 -0.00230503 0.007298409 -0.04435253 -0.002639174 0.007019698 -0.04418802 -0.001286804 0.004999995 -0.04521334 -0.00129646 0.005885303 -0.04515928 -0.001324534 0.006681442 -0.04500192 -6.22161e-4 0.006678164 -0.0451318 1.64226e-4 0.006677985 -0.0451281 6.68272e-4 0.006678223 -0.04506725 6.95065e-4 0.004999995 -0.04522889 -2.9742e-4 0.004999995 -0.04531121 0.002808153 0.00711739 -0.04172283 0.002815186 0.007130622 -0.04167795 0.00282526 0.007139503 -0.04162514 0.002838373 0.007143914 -0.04156428 0.002844691 0.006678223 -0.04200774 0.002826035 0.00676918 -0.04200518 0.002812802 0.006846725 -0.04198777 0.002803087 0.006928205 -0.04194813 0.002798199 0.007008016 -0.04188543 0.002799808 0.007072567 -0.04180854 6.68272e-4 0.006678223 -0.04506725 0.001017451 0.006678283 -0.04495984 0.001373767 0.006678521 -0.04475045 0.001708507 0.006678819 -0.04444944 0.002031922 0.006679117 -0.0440452 0.00240457 0.006679236 -0.04338157 0.002667903 0.006678938 -0.04268139 6.48782e-4 0.007096767 -0.04494827 6.04868e-4 0.007578372 -0.04467374 5.3066e-4 0.008096039 -0.04419982 4.32923e-4 0.008566081 -0.04355299 3.26231e-4 0.008912682 -0.042795 2.28211e-4 0.009131491 -0.04198831 0.001354217 0.008776545 -0.04180645 0.002060592 0.008348822 -0.04169285 0.00246483 0.007942855 -0.04162758 0.002694249 0.007556676 -0.04158955 0.002773284 0.007354557 -0.0415759 0.00263822 0.007514715 -0.04188579 0.002623081 0.007483124 -0.0419901 0.002110242 0.007901668 -0.04274392 0.0023247 0.007457077 -0.04290282 0.002153635 0.007560789 -0.04315024 0.001668691 0.008166074 -0.04307723 0.001939058 0.007672429 -0.04340517 0.002213776 0.007211983 -0.04341131 0.001785278 0.007743 -0.04355752 0.001837253 0.007337272 -0.04392713 0.00149244 0.007859647 -0.04379069 8.71852e-4 0.008641064 -0.04305469 0.001176357 0.007961988 -0.04397392 0.001121938 0.007286965 -0.04466575 9.68456e-4 0.007305681 -0.04473549 9.78261e-4 0.00708419 -0.04485177 0.002844691 0.006678223 -0.04200774 0.003018558 0.004999995 -0.0419808 6.68272e-4 0.006678223 -0.04506725 0.001017451 0.006678283 -0.04495984 0.001373767 0.006678521 -0.04475045 0.001708507 0.006678819 -0.04444944 0.002031922 0.006679117 -0.0440452 0.00240457 0.006679236 -0.04338157 0.002667903 0.006678938 -0.04268139 6.95065e-4 0.004999995 -0.04522889 0.002599358 0.004999995 -0.04331606 0.002035081 0.004999995 -0.04428851 0.001502692 0.004999995 -0.04484033 0.001172482 0.004999995 -0.04505854 9.40189e-4 0.004999995 -0.04516017 -0.002954244 0.004999995 -0.04409641 -0.002978146 0.006698906 -0.04391849 -0.001324534 0.006681442 -0.04500192 -0.001959204 0.006687462 -0.04474288 -0.00255692 0.006693899 -0.04433047 -0.001286804 0.004999995 -0.04521334 -0.00129646 0.005885303 -0.04515928 -0.002478063 0.004999995 -0.04458296 -0.001922607 0.004999995 -0.04497396 -0.001612722 0.004999995 -0.04511463 -0.002108454 0.01007366 -0.03751891 -0.002013802 0.009730637 -0.03998339 -0.001770555 0.009246051 -0.04231142 -0.003432571 0.007011651 -0.0432657 -0.003376305 0.007718563 -0.04307436 -0.003168106 0.008373916 -0.0428583 -0.002994656 0.00867033 -0.04273635 -0.002754211 0.00892961 -0.0426051 -0.002514898 0.009083986 -0.04250353 -0.002262473 0.009176611 -0.0424202 -0.002027511 0.009221971 -0.04236048 -0.004152655 0.007030189 -0.04175674 -0.004712939 0.007047474 -0.03961652 -0.004920482 0.007056832 -0.03809672 -0.0027588 0.01000291 -0.03758227 -0.003173172 0.009851098 -0.03764021 -0.003564476 0.009585976 -0.03770625 -0.003877401 0.009258091 -0.03776842 -0.004243791 0.008701205 -0.0378558 -0.004587769 0.007966578 -0.03795975 -0.003207623 0.009732902 -0.0384165 -0.00282973 0.009829103 -0.03879255 -0.003015458 0.009763896 -0.03880959 -0.003902435 0.008987188 -0.03908854 -0.004520833 0.007946014 -0.03864914 -0.004627943 0.007674813 -0.03867357 -0.003871142 0.008842885 -0.03986519 -0.004734396 0.007386445 -0.03869765 -0.002524733 0.009426295 -0.04127556 -0.002756714 0.009224712 -0.04176688 -0.002718508 0.009360134 -0.04132986 -0.002886712 0.009278833 -0.04138338 -0.00415939 0.008115828 -0.04049301 -0.003715634 0.00874859 -0.04083985 -0.002967238 0.009090483 -0.04184961 -0.003579437 0.008626997 -0.04156953 -0.003745913 0.00763899 -0.04243195 -0.003040313 0.009631156 -0.03953629 -0.003041625 0.009558737 -0.03991007 -0.002988636 0.009487509 -0.04036158 -0.003308176 0.00933969 -0.0402044 -0.002961754 0.009420573 -0.04070472 6.68272e-4 0.006678223 -0.04506725 6.48782e-4 0.007096767 -0.04494827 6.04868e-4 0.007578372 -0.04467374 5.3066e-4 0.008096039 -0.04419982 4.32923e-4 0.008566081 -0.04355299 3.26231e-4 0.008912682 -0.042795 2.28211e-4 0.009131491 -0.04198831 -0.001324534 0.006681442 -0.04500192 -6.22161e-4 0.006678164 -0.0451318 1.64226e-4 0.006677985 -0.0451281 -0.001770555 0.009246051 -0.04231142 -0.00165981 0.009008467 -0.04305559 -0.001561403 0.008655965 -0.04365992 -0.001482844 0.00824052 -0.04411607 -0.001419365 0.00779289 -0.04447233 -0.001361787 0.007244765 -0.04479092 -0.001339435 0.006946921 -0.0449168 -2.81766e-4 0.007428407 -0.04486197 0.004846751 0.007484078 -0.03155982 0.003971576 0.007323622 -0.03629416 0.002838373 0.007143914 -0.04156428 2.28211e-4 0.009131491 -0.04198831 0.001354217 0.008776545 -0.04180645 0.002060592 0.008348822 -0.04169285 0.00246483 0.007942855 -0.04162758 0.002694249 0.007556676 -0.04158955 0.002773284 0.007354557 -0.0415759 6.62506e-5 0.009725511 -0.03879827 1.60336e-4 0.01008886 -0.03556686 3.50103e-4 0.01025748 -0.03231996 0.002184391 0.009811699 -0.03202217 0.003514349 0.009126007 -0.03180146 0.004259884 0.008492827 -0.03167253 0.004627823 0.007993698 -0.03160452 0.004754126 0.007734954 -0.03157937 0.004032194 0.008210778 -0.03400456 0.003134429 0.009011864 -0.03446727 0.00191766 0.009782493 -0.03367412 0.002937972 0.008926272 -0.03580135 0.002039074 0.00933355 -0.03679156 0.001850128 0.00873357 -0.04065632 0.001699566 0.008926331 -0.04014438 0.002659916 0.008516132 -0.03883934 0.001306354 0.00911194 -0.04020667 0.00367242 0.008117854 -0.03601878 0.003384232 0.008358359 -0.03649216 0.002681434 0.008803486 -0.03745371 0.003515064 0.008078217 -0.03685075 0.002225458 0.009460926 -0.03525495 0.001786887 0.009696841 -0.03499519 0.001722395 0.009643971 -0.03565561 0.00183624 0.009544551 -0.03603285 0.001948714 0.009123384 -0.03833955 0.002913832 0.00779736 -0.04017567 0.001478254 0.009397745 -0.03810799 0.001561105 0.009247243 -0.03878539 0.002844691 0.003321707 -0.04200774 0.003018558 0.004999995 -0.0419808 0.002822935 0.003214776 -0.04200351 0.002809822 0.003131985 -0.04197961 0.002800941 0.003046929 -0.04193162 0.00279802 0.002970337 -0.04186326 0.002800703 0.002918481 -0.04179495 0.002808153 0.00288254 -0.04172283 0.002816677 0.002866566 -0.04166859 0.002826988 0.002858757 -0.04161572 0.002838373 0.002856016 -0.04156428 0.004846751 0.002515852 -0.03155982 0.003971576 0.002676308 -0.03629416 0.004846751 0.007484078 -0.03155982 0.005195856 0.005828022 -0.03148519 0.005195856 0.004171907 -0.03148519 0.003971576 0.007323622 -0.03629416 0.002838373 0.007143914 -0.04156428 0.002808153 0.00711739 -0.04172283 0.002815186 0.007130622 -0.04167795 0.00282526 0.007139503 -0.04162514 0.002844691 0.006678223 -0.04200774 0.002826035 0.00676918 -0.04200518 0.002812802 0.006846725 -0.04198777 0.002803087 0.006928205 -0.04194813 0.002798199 0.007008016 -0.04188543 0.002799808 0.007072567 -0.04180854 0.003899753 0.004999995 -0.03814518 0.004312694 0.004999995 -0.03623175 0.004755318 0.00419861 -0.03385871 0.004633665 0.005264103 -0.03464472 -0.001793265 0.01037585 -0.03266644 -0.002640962 0.01027041 -0.03280484 -0.003046095 0.01012295 -0.03287136 -0.003493666 0.009840667 -0.03294479 -0.003855466 0.009481906 -0.03300386 -0.004259288 0.008883953 -0.03306895 -0.004629552 0.008089721 -0.03312748 -0.004981994 0.007096409 -0.03318196 -0.005072355 0.007091104 -0.03568184 -0.004920482 0.007056832 -0.03809672 -0.002108454 0.01007366 -0.03751891 -0.0027588 0.01000291 -0.03758227 -0.003173172 0.009851098 -0.03764021 -0.003564476 0.009585976 -0.03770625 -0.003877401 0.009258091 -0.03776842 -0.004243791 0.008701205 -0.0378558 -0.004587769 0.007966578 -0.03795975 -0.002040445 0.01027071 -0.03513479 -0.002884149 0.01007682 -0.03649437 -0.00325787 0.009884893 -0.03695183 -0.003083825 0.0100044 -0.03654199 -0.003543376 0.009690999 -0.03702199 -0.00334835 0.009867429 -0.03660911 -0.004209697 0.009015262 -0.03636401 -0.002806186 0.01021492 -0.03409272 -0.004790365 0.007731437 -0.03692871 -0.004159927 0.009162843 -0.03548055 -0.003198504 0.01006126 -0.03375947 -0.00303018 0.01013773 -0.03414392 -0.004899919 0.007420778 -0.03699862 -0.004090368 0.009277284 -0.03468316 -0.004712224 0.008079588 -0.03433775 -0.004829645 0.007772564 -0.03437882 -0.004942953 0.007450222 -0.0344237 -0.003261268 0.009979546 -0.03575342 -0.003206074 0.01002973 -0.03530842 -0.00315386 0.01006853 -0.03492516 -0.002954244 0.004999995 -0.04409641 -0.002978146 0.006698906 -0.04391849 -0.003432571 0.007011651 -0.0432657 -0.003214657 0.006982564 -0.04357701 -0.003109633 0.006935358 -0.04371708 -0.003045797 0.006883144 -0.04380321 -0.003011524 0.006836473 -0.04385232 -0.002991199 0.006789982 -0.04388511 -0.002981305 0.006744384 -0.04390567 -0.004152655 0.007030189 -0.04175674 -0.004712939 0.007047474 -0.03961652 -0.004920482 0.007056832 -0.03809672 -0.005085289 0.006414532 -0.0381875 -0.005179703 0.005721151 -0.03823953 -0.005210399 0.004999995 -0.03825646 -0.003884196 0.004999995 -0.04266768 -0.004745662 0.004999995 -0.04052108 0.006049335 0.007623612 -0.0279451 0.00527358 0.007548093 -0.02982103 0.004846751 0.007484078 -0.03155982 3.50103e-4 0.01025748 -0.03231996 0.002184391 0.009811699 -0.03202217 0.003514349 0.009126007 -0.03180146 0.004259884 0.008492827 -0.03167253 0.004627823 0.007993698 -0.03160452 0.004754126 0.007734954 -0.03157937 0.001575469 0.01027125 -0.02710568 7.3956e-4 0.01028758 -0.02947276 4.59641e-4 0.01028144 -0.03102159 0.005718827 0.008333206 -0.0279026 0.00533241 0.008832216 -0.02784347 0.004856169 0.009235441 -0.02776211 0.004268944 0.009576916 -0.02765434 0.003344357 0.009926795 -0.02747446 0.00247842 0.01013034 -0.02729767 0.005255341 0.008435189 -0.02871656 0.004388332 0.008878231 -0.02982985 0.003986954 0.009182035 -0.02982753 0.003680169 0.009371042 -0.02982491 0.002613365 0.01000654 -0.02838182 0.002192795 0.009890735 -0.03091484 0.001398205 0.01011693 -0.030963 2.28211e-4 0.009131491 -0.04198831 6.62506e-5 0.009725511 -0.03879827 1.60336e-4 0.01008886 -0.03556686 3.50103e-4 0.01025748 -0.03231996 -0.001770555 0.009246051 -0.04231142 -0.002108454 0.01007366 -0.03751891 -0.002013802 0.009730637 -0.03998339 -0.001793265 0.01037585 -0.03266644 -0.002040445 0.01027071 -0.03513479 -0.002701878 0.007056832 -0.02500128 -0.002136826 0.008294284 -0.0251621 -0.001297354 0.009552061 -0.02552747 -8.57338e-4 0.01000636 -0.02575737 -5.45859e-4 0.01024091 -0.02594387 -3.42354e-4 0.01034134 -0.02608728 -2.11895e-4 0.01037538 -0.02619367 -1.05947e-4 0.01038438 -0.02628809 -0.003844857 0.007062733 -0.02760821 -0.004590928 0.007080793 -0.03037559 -0.004981994 0.007096409 -0.03318196 -0.001793265 0.01037585 -0.03266644 -0.002640962 0.01027041 -0.03280484 -0.003046095 0.01012295 -0.03287136 -0.003493666 0.009840667 -0.03294479 -0.003855466 0.009481906 -0.03300386 -0.004259288 0.008883953 -0.03306895 -0.004629552 0.008089721 -0.03312748 -0.001131832 0.01041018 -0.02939987 -0.002618908 0.01025146 -0.0315591 -0.002119719 0.01036059 -0.0309419 -0.002927362 0.01011461 -0.03159129 -0.002365767 0.01029789 -0.03093391 -0.002589166 0.01021432 -0.03094124 -0.003603041 0.009317636 -0.03080928 -0.004456818 0.008091449 -0.03175747 -0.004580974 0.007777571 -0.03176796 -0.004702508 0.007447957 -0.03177851 -0.001291811 0.01021087 -0.02748358 -0.0036906 0.008348882 -0.02901476 -0.003370523 0.009203135 -0.02971142 -0.002952337 0.009166061 -0.02842211 -0.001157462 0.01014947 -0.02691262 -0.002431988 0.009296119 -0.02740758 -0.002816438 0.008158087 -0.02638608 -0.003111422 0.007564008 -0.02631831 -0.002391338 0.01016485 -0.02992117 -0.002270162 0.01013284 -0.02942115 -0.002062082 0.01011949 -0.02883452 -0.002524256 0.009876191 -0.02910441 -0.001806735 0.01015126 -0.02836811 -0.004248261 0.007560133 -0.02967447 -0.004920482 0.007056832 -0.03809672 -0.005085289 0.006414532 -0.0381875 -0.005179703 0.005721151 -0.03823953 -0.005210399 0.004999995 -0.03825646 -0.004981994 0.007096409 -0.03318196 -0.005072355 0.007091104 -0.03568184 -0.002701878 0.007056832 -0.02500128 -0.003844857 0.007062733 -0.02760821 -0.004590928 0.007080793 -0.03037559 -0.003031373 0.004999995 -0.02496594 -0.002952218 0.006072938 -0.02497446 -0.005334258 0.004999995 -0.03472793 -0.005030572 0.004999995 -0.03122544 -0.00428617 0.004999995 -0.02796423 -0.003725588 0.004999995 -0.02643686 -0.005226135 0.006079912 -0.0372045 0.001575469 0.01027125 -0.02710568 8.28728e-4 0.01035678 -0.02688848 3.64512e-4 0.0103845 -0.02664768 -1.05947e-4 0.01038438 -0.02628809 -0.001793265 0.01037585 -0.03266644 -0.001131832 0.01041018 -0.02939987 3.50103e-4 0.01025748 -0.03231996 7.3956e-4 0.01028758 -0.02947276 4.59641e-4 0.01028144 -0.03102159 -1.05947e-4 0.01038438 -0.02628809 2.61292e-4 0.01036578 -0.02501982 5.80624e-4 0.01031446 -0.02331221 -0.002701878 0.007056832 -0.02500128 -0.002136826 0.008294284 -0.0251621 -0.001297354 0.009552061 -0.02552747 -8.57338e-4 0.01000636 -0.02575737 -5.45859e-4 0.01024091 -0.02594387 -3.42354e-4 0.01034134 -0.02608728 -2.11895e-4 0.01037538 -0.02619367 -0.002179384 0.007056653 -0.02393728 -0.001785457 0.007056534 -0.0226165 -0.001077771 0.008743941 -0.02282238 -5.25817e-4 0.009585082 -0.0229851 -4.32879e-5 0.01004141 -0.02312707 2.88337e-4 0.01023405 -0.023225 4.42281e-4 0.01028895 -0.02327078 -6.95437e-5 0.01016151 -0.02397549 -1.53229e-4 0.010351 -0.02568829 -2.78465e-4 0.01030051 -0.02559298 -0.001578032 0.008535206 -0.02427619 -0.002261161 0.007557213 -0.02459728 -8.59365e-4 0.009502291 -0.02417075 -9.72412e-4 0.009618401 -0.02489483 -0.002359926 0.007056832 -0.01836007 -0.002492427 0.006414532 -0.01849544 -0.002568304 0.005721151 -0.01857298 -0.00259304 0.004999995 -0.01859819 -0.001843094 0.007056474 -0.01990783 -0.001677811 0.007056474 -0.02122324 -0.001785457 0.007056534 -0.0226165 -0.002701878 0.007056832 -0.02500128 -0.002179384 0.007056653 -0.02393728 -0.003031373 0.004999995 -0.02496594 -0.002952218 0.006072938 -0.02497446 -0.0021016 0.004999995 -0.02020663 -0.002014815 0.004999995 -0.02178752 -0.002287507 0.004999995 -0.02327787 -0.002638399 0.004999995 -0.02418971 7.96959e-4 0.01017391 -0.01660537 8.05959e-4 0.01022589 -0.02026295 5.80624e-4 0.01031446 -0.02331221 -0.001785457 0.007056534 -0.0226165 -0.001077771 0.008743941 -0.02282238 -5.25817e-4 0.009585082 -0.0229851 -4.32879e-5 0.01004141 -0.02312707 2.88337e-4 0.01023405 -0.023225 4.42281e-4 0.01028895 -0.02327078 -0.002359926 0.007056832 -0.01836007 -0.001843094 0.007056474 -0.01990783 -0.001677811 0.007056474 -0.02122324 6.67721e-5 0.009924471 -0.0168727 -6.69494e-4 0.009476363 -0.0172069 -0.001321554 0.008889198 -0.01756721 -0.001837193 0.00823158 -0.01791203 -0.002145886 0.007665276 -0.01815873 5.22584e-4 0.01009583 -0.0181567 1.75595e-4 0.009949266 -0.01823461 -1.73569e-4 0.009744226 -0.01832449 -9.96947e-4 0.008942544 -0.01897925 3.92884e-4 0.01018607 -0.02214062 -0.001734435 0.007952392 -0.01878768 -8.7627e-4 0.008983433 -0.01998043 1.49667e-4 0.01005321 -0.02205806 -1.80751e-4 0.00980246 -0.0219506 -8.81754e-4 0.008911192 -0.02112507 3.69385e-4 0.01005232 -0.01915919 -5.55068e-5 0.009825706 -0.02007877 0.002851843 -1.42738e-4 -0.02395367 0.001575469 -2.71291e-4 -0.02710568 8.28728e-4 -3.56793e-4 -0.02688848 3.64512e-4 -3.84533e-4 -0.02664768 -1.05947e-4 -3.84379e-4 -0.02628809 2.61292e-4 -3.658e-4 -0.02501982 5.80624e-4 -3.1447e-4 -0.02331221 0.001575469 -2.71291e-4 -0.02710568 -0.001324534 0.003318488 -0.04500192 -0.001813769 0.003313958 -0.04481631 -0.002378106 0.003307998 -0.04447382 -0.002978146 0.003301024 -0.04391849 -0.003432571 0.002988278 -0.0432657 -0.003218412 0.003016352 -0.04357194 -0.003109455 0.003064692 -0.04371738 -0.00304526 0.003117442 -0.04380398 -0.003011345 0.003163695 -0.04385256 -0.002990663 0.003211796 -0.04388612 -0.002980768 0.003259718 -0.04390722 -0.003376305 0.002281367 -0.04307436 -0.003168106 0.001626074 -0.0428583 -0.002994656 0.0013296 -0.04273635 -0.002754211 0.00107032 -0.0426051 -0.002514898 9.1601e-4 -0.04250353 -0.002262473 8.23342e-4 -0.0424202 -0.002027511 7.77974e-4 -0.04236048 -0.001770555 7.53913e-4 -0.04231142 -0.00165981 9.91507e-4 -0.04305559 -0.001561403 0.001343965 -0.04365992 -0.001482844 0.001759409 -0.04411607 -0.001419365 0.00220704 -0.04447233 -0.001361787 0.002755224 -0.04479092 -0.001339435 0.003053009 -0.0449168 -0.002173423 0.001044452 -0.04307413 -0.002321779 0.001094758 -0.04309868 -0.002254605 0.001221954 -0.04334491 -0.002374947 0.001277983 -0.04335808 -0.002745807 0.00189948 -0.04364162 -0.002572715 0.002225339 -0.04397898 -0.001989722 0.002693712 -0.04452311 -0.001952946 0.002865731 -0.0446043 -0.002468705 0.002664446 -0.04423201 -0.001324534 0.003318488 -0.04500192 -6.22161e-4 0.003321766 -0.0451318 1.64226e-4 0.003321945 -0.0451281 6.68272e-4 0.003321707 -0.04506725 6.95065e-4 0.004999995 -0.04522889 -0.001286804 0.004999995 -0.04521334 -2.9742e-4 0.004999995 -0.04531121 -0.00129646 0.004114627 -0.04515928 0.002844691 0.003321707 -0.04200774 0.002822935 0.003214776 -0.04200351 0.002809822 0.003131985 -0.04197961 0.002800941 0.003046929 -0.04193162 0.00279802 0.002970337 -0.04186326 0.002800703 0.002918481 -0.04179495 0.002808153 0.00288254 -0.04172283 6.68272e-4 0.003321707 -0.04506725 0.001017451 0.003321647 -0.04495984 0.001373767 0.003321409 -0.04475045 0.001708507 0.003321111 -0.04444944 0.002031922 0.003320872 -0.0440452 0.00240457 0.003320753 -0.04338157 0.002667903 0.003321051 -0.04268139 6.48782e-4 0.002903223 -0.04494827 6.04868e-4 0.002421557 -0.04467374 5.3066e-4 0.001903891 -0.04419982 4.32923e-4 0.001433849 -0.04355299 3.26231e-4 0.001087248 -0.042795 2.28211e-4 8.68482e-4 -0.04198831 0.001354217 0.001223385 -0.04180645 0.002060592 0.001651108 -0.04169285 0.00246483 0.002057075 -0.04162758 0.002694249 0.002443253 -0.04158955 0.002773284 0.002645432 -0.0415759 0.002838373 0.002856016 -0.04156428 0.002816677 0.002866566 -0.04166859 0.002826988 0.002858757 -0.04161572 0.002640962 0.002481043 -0.04186868 0.002627432 0.002506017 -0.04195809 0.002110242 0.002098262 -0.04274392 0.0023247 0.002542853 -0.04290282 0.002153635 0.002439141 -0.04315024 0.001668691 0.001833856 -0.04307723 0.001939058 0.002327501 -0.04340517 0.002213776 0.002787947 -0.04341131 0.001785278 0.002256929 -0.04355752 0.001837253 0.002662658 -0.04392713 0.00149244 0.002140343 -0.04379069 8.71852e-4 0.001358866 -0.04305469 0.001176357 0.002037942 -0.04397392 0.001121938 0.002712965 -0.04466575 9.68456e-4 0.002694249 -0.04473549 9.78261e-4 0.00291574 -0.04485177 0.003018558 0.004999995 -0.0419808 0.002599358 0.004999995 -0.04331606 0.002035081 0.004999995 -0.04428851 0.001502692 0.004999995 -0.04484033 0.001172482 0.004999995 -0.04505854 9.40189e-4 0.004999995 -0.04516017 6.95065e-4 0.004999995 -0.04522889 0.002844691 0.003321707 -0.04200774 6.68272e-4 0.003321707 -0.04506725 0.001017451 0.003321647 -0.04495984 0.001373767 0.003321409 -0.04475045 0.001708507 0.003321111 -0.04444944 0.002031922 0.003320872 -0.0440452 0.00240457 0.003320753 -0.04338157 0.002667903 0.003321051 -0.04268139 -0.001324534 0.003318488 -0.04500192 -0.001813769 0.003313958 -0.04481631 -0.002378106 0.003307998 -0.04447382 -0.002978146 0.003301024 -0.04391849 -0.001286804 0.004999995 -0.04521334 -0.00129646 0.004114627 -0.04515928 -0.002954244 0.004999995 -0.04409641 -0.002478063 0.004999995 -0.04458296 -0.001922607 0.004999995 -0.04497396 -0.001612722 0.004999995 -0.04511463 -0.002978146 0.003301084 -0.04391855 -0.003432571 0.002988278 -0.0432657 -0.003376305 0.002281367 -0.04307436 -0.003168106 0.001626074 -0.0428583 -0.002994656 0.0013296 -0.04273635 -0.002754211 0.00107032 -0.0426051 -0.002514898 9.1601e-4 -0.04250353 -0.002262473 8.23342e-4 -0.0424202 -0.002027511 7.77974e-4 -0.04236048 -0.001770555 7.53913e-4 -0.04231142 -0.004152655 0.002969741 -0.0417568 -0.004712879 0.002952516 -0.03961652 -0.004920482 0.002943098 -0.03809672 -0.002108454 -7.36713e-5 -0.03751891 -0.0027588 -2.963e-6 -0.03758227 -0.003173172 1.48891e-4 -0.03764021 -0.003564476 4.14021e-4 -0.03770625 -0.003877401 7.41863e-4 -0.03776842 -0.004243791 0.001298725 -0.0378558 -0.004587769 0.002033352 -0.03795975 -0.002013802 2.69337e-4 -0.03998339 -0.003207623 2.67039e-4 -0.0384165 -0.00282973 1.70863e-4 -0.03879255 -0.003015458 2.36074e-4 -0.03880959 -0.003902435 0.001012742 -0.03908854 -0.004520833 0.002053916 -0.03864914 -0.004627943 0.002325117 -0.03867357 -0.003871142 0.001157045 -0.03986519 -0.004734396 0.002613484 -0.03869765 -0.002524733 5.7367e-4 -0.04127556 -0.002756714 7.75252e-4 -0.04176688 -0.002718508 6.39854e-4 -0.04132986 -0.002886712 7.21164e-4 -0.04138338 -0.00415939 0.001884102 -0.04049301 -0.003715634 0.001251339 -0.04083985 -0.002967238 9.09481e-4 -0.04184961 -0.003579437 0.001372933 -0.04156953 -0.003745913 0.002360939 -0.04243195 -0.003040313 3.68791e-4 -0.03953635 -0.003041625 4.41207e-4 -0.03991007 -0.002988636 5.12476e-4 -0.04036158 -0.003308176 6.60283e-4 -0.04020446 -0.002961754 5.7937e-4 -0.04070478 -0.001324534 0.003318488 -0.04500192 -6.22161e-4 0.003321766 -0.0451318 1.64226e-4 0.003321945 -0.0451281 6.68272e-4 0.003321707 -0.04506725 -0.001770555 7.53913e-4 -0.04231142 -0.00165981 9.91507e-4 -0.04305559 -0.001561403 0.001343965 -0.04365992 -0.001482844 0.001759409 -0.04411607 -0.001419365 0.00220704 -0.04447233 -0.001361787 0.002755224 -0.04479092 -0.001339435 0.003053009 -0.0449168 2.28211e-4 8.68482e-4 -0.04198831 6.48782e-4 0.002903223 -0.04494827 6.04868e-4 0.002421557 -0.04467374 5.3066e-4 0.001903891 -0.04419982 4.32923e-4 0.001433849 -0.04355299 3.26231e-4 0.001087248 -0.042795 -2.81766e-4 0.002571523 -0.04486197 2.28211e-4 8.68482e-4 -0.04198831 0.001354217 0.001223385 -0.04180645 0.002060592 0.001651108 -0.04169285 0.00246483 0.002057075 -0.04162758 0.002694249 0.002443253 -0.04158955 0.002773284 0.002645432 -0.0415759 0.002838373 0.002856016 -0.04156428 6.62506e-5 2.74434e-4 -0.03879827 1.60336e-4 -8.88575e-5 -0.03556686 3.50103e-4 -2.57483e-4 -0.03231996 0.002184391 1.88255e-4 -0.03202217 0.003514349 8.73965e-4 -0.03180146 0.004259884 0.001507103 -0.03167253 0.004627823 0.002006232 -0.03160452 0.004754126 0.002264976 -0.03157937 0.004846751 0.002515852 -0.03155982 0.003971576 0.002676308 -0.03629416 0.004032194 0.001789152 -0.03400456 0.003134429 9.88088e-4 -0.03446727 0.00191766 2.17482e-4 -0.03367412 0.002937972 0.001073658 -0.03580135 0.002039074 6.66441e-4 -0.03679156 0.001850128 0.00126636 -0.04065632 0.001699566 0.001073598 -0.04014438 0.002659916 0.001483798 -0.03883934 0.001306354 8.88038e-4 -0.04020667 0.00367242 0.001882076 -0.03601878 0.003384232 0.001641571 -0.03649216 0.002681434 0.001196444 -0.03745371 0.003515064 0.001921713 -0.03685075 0.002225458 5.39032e-4 -0.03525495 0.001786887 3.03117e-4 -0.03499519 0.001722395 3.55986e-4 -0.03565561 0.00183624 4.55393e-4 -0.03603285 0.001948714 8.76585e-4 -0.03833955 0.002913832 0.00220257 -0.04017567 0.001478254 6.02221e-4 -0.03810799 0.001561105 7.52701e-4 -0.03878539 -0.001793265 -3.75886e-4 -0.03266644 -0.002040445 -2.70751e-4 -0.03513479 -0.002108454 -7.36713e-5 -0.03751891 -0.002640962 -2.70416e-4 -0.03280484 -0.003046095 -1.22959e-4 -0.03287136 -0.003493666 1.593e-4 -0.03294479 -0.003855466 5.18079e-4 -0.03300386 -0.004259288 0.001115977 -0.03306895 -0.004629552 0.001910209 -0.03312748 -0.004981994 0.002903521 -0.03318196 -0.005072355 0.002908825 -0.03568184 -0.004920482 0.002943098 -0.03809672 -0.0027588 -2.963e-6 -0.03758227 -0.003173172 1.48891e-4 -0.03764021 -0.003564476 4.14021e-4 -0.03770625 -0.003877401 7.41863e-4 -0.03776842 -0.004243791 0.001298725 -0.0378558 -0.004587769 0.002033352 -0.03795975 -0.002884149 -7.68192e-5 -0.03649437 -0.00325787 1.15076e-4 -0.03695183 -0.003083825 -4.44194e-6 -0.03654199 -0.003543376 3.08993e-4 -0.03702199 -0.00334835 1.3255e-4 -0.03660911 -0.004209697 9.84705e-4 -0.03636401 -0.002806186 -2.14933e-4 -0.03409272 -0.004790365 0.002268552 -0.03692871 -0.004159927 8.37102e-4 -0.03548055 -0.003198504 -6.12806e-5 -0.03375947 -0.00303018 -1.37782e-4 -0.03414392 -0.004899919 0.002579152 -0.03699862 -0.004090368 7.22692e-4 -0.03468316 -0.004712224 0.001920342 -0.03433775 -0.004829645 0.002227365 -0.03437882 -0.004942953 0.002549707 -0.0344237 -0.003261268 2.03964e-5 -0.03575342 -0.003206074 -2.97646e-5 -0.03530842 -0.00315386 -6.85323e-5 -0.03492516 -0.002954244 0.004999995 -0.04409641 -0.003884196 0.004999995 -0.04266768 -0.004745662 0.004999995 -0.04052108 -0.005210399 0.004999995 -0.03825646 -0.002978146 0.003301024 -0.04391849 -0.003432571 0.002988278 -0.0432657 -0.003218412 0.003016352 -0.04357194 -0.003109455 0.003064692 -0.04371738 -0.00304526 0.003117442 -0.04380398 -0.003011345 0.003163695 -0.04385256 -0.002990663 0.003211796 -0.04388612 -0.002980768 0.003259718 -0.04390722 -0.004152655 0.002969741 -0.0417568 -0.004712879 0.002952516 -0.03961652 -0.004920482 0.002943098 -0.03809672 -0.005085289 0.003585398 -0.0381875 -0.005179703 0.004278779 -0.03823953 3.50103e-4 -2.57483e-4 -0.03231996 0.002184391 1.88255e-4 -0.03202217 0.003514349 8.73965e-4 -0.03180146 0.004259884 0.001507103 -0.03167253 0.004627823 0.002006232 -0.03160452 0.004754126 0.002264976 -0.03157937 0.004846751 0.002515852 -0.03155982 0.001575469 -2.71291e-4 -0.02710568 7.3956e-4 -2.87636e-4 -0.02947276 4.59656e-4 -2.8149e-4 -0.03102159 0.006049335 0.002376317 -0.0279451 0.005718827 0.001666724 -0.0279026 0.00533241 0.001167774 -0.02784347 0.004856169 7.64502e-4 -0.02776211 0.004269003 4.23068e-4 -0.02765434 0.003344357 7.31661e-5 -0.02747446 0.00247842 -1.30388e-4 -0.02729767 0.00527358 0.002451837 -0.02982103 0.005255341 0.001564741 -0.0287165 0.004388332 0.001121699 -0.02982985 0.003986954 8.17966e-4 -0.02982753 0.003680169 6.28919e-4 -0.02982491 0.002613365 -6.57979e-6 -0.02838182 0.002192795 1.09252e-4 -0.03091484 0.001398205 -1.16989e-4 -0.03096294 -0.001770555 7.53913e-4 -0.04231142 2.28211e-4 8.68482e-4 -0.04198831 -0.002108454 -7.36713e-5 -0.03751891 -0.002013802 2.69337e-4 -0.03998339 -0.001793265 -3.75886e-4 -0.03266644 -0.002040445 -2.70751e-4 -0.03513479 3.50103e-4 -2.57483e-4 -0.03231996 6.62506e-5 2.74434e-4 -0.03879827 1.60336e-4 -8.88575e-5 -0.03556686 -0.001793265 -3.75886e-4 -0.03266644 -0.001131832 -4.10221e-4 -0.02939987 -1.05947e-4 -3.84379e-4 -0.02628809 -0.002701878 0.002943098 -0.02500128 -0.002136826 0.001705706 -0.0251621 -0.001297354 4.47914e-4 -0.02552747 -8.57338e-4 -6.37956e-6 -0.02575737 -5.45859e-4 -2.40943e-4 -0.02594387 -3.42354e-4 -3.41369e-4 -0.02608728 -2.11895e-4 -3.75431e-4 -0.02619367 -0.003844857 0.002937197 -0.02760821 -0.004590928 0.002919137 -0.03037559 -0.004981994 0.002903521 -0.03318196 -0.002640962 -2.70416e-4 -0.03280484 -0.003046095 -1.22959e-4 -0.03287136 -0.003493666 1.593e-4 -0.03294479 -0.003855466 5.18079e-4 -0.03300386 -0.004259288 0.001115977 -0.03306895 -0.004629552 0.001910209 -0.03312748 -0.002618908 -2.5149e-4 -0.0315591 -0.002119719 -3.60609e-4 -0.0309419 -0.002927362 -1.14665e-4 -0.03159129 -0.002365767 -2.97901e-4 -0.03093391 -0.002589166 -2.1433e-4 -0.03094124 -0.003603041 6.82359e-4 -0.03080928 -0.004456818 0.001908481 -0.03175747 -0.004580974 0.002222359 -0.03176796 -0.004702508 0.002551972 -0.03177851 -0.001291811 -2.10909e-4 -0.02748358 -0.0036906 0.001651048 -0.02901476 -0.003370523 7.96827e-4 -0.02971142 -0.002952337 8.33883e-4 -0.02842211 -0.001157462 -1.49528e-4 -0.02691262 -0.002431988 7.03869e-4 -0.02740758 -0.002816438 0.001841843 -0.02638608 -0.003111422 0.002435922 -0.02631831 -0.002391338 -1.64867e-4 -0.02992117 -0.002270162 -1.32899e-4 -0.02942115 -0.002062082 -1.19497e-4 -0.02883452 -0.002524256 1.23768e-4 -0.02910441 -0.001806735 -1.51294e-4 -0.02836811 -0.004248261 0.002439796 -0.02967447 -0.005210399 0.004999995 -0.03825646 -0.005334258 0.004999995 -0.03472793 -0.005030572 0.004999995 -0.03122544 -0.00428617 0.004999995 -0.02796423 -0.003725588 0.004999995 -0.02643686 -0.003031373 0.004999995 -0.02496594 -0.004920482 0.002943098 -0.03809672 -0.005085289 0.003585398 -0.0381875 -0.005179703 0.004278779 -0.03823953 -0.004981994 0.002903521 -0.03318196 -0.005072355 0.002908825 -0.03568184 -0.002701878 0.002943098 -0.02500128 -0.003844857 0.002937197 -0.02760821 -0.004590928 0.002919137 -0.03037559 -0.002952218 0.003926992 -0.02497446 -0.005226135 0.003920018 -0.0372045 0.001575469 -2.71291e-4 -0.02710568 7.3956e-4 -2.87636e-4 -0.02947276 4.59656e-4 -2.8149e-4 -0.03102159 3.50103e-4 -2.57483e-4 -0.03231996 8.28728e-4 -3.56793e-4 -0.02688848 3.64512e-4 -3.84533e-4 -0.02664768 -1.05947e-4 -3.84379e-4 -0.02628809 -0.001793265 -3.75886e-4 -0.03266644 -0.001131832 -4.10221e-4 -0.02939987 -0.002701878 0.002943098 -0.02500128 -0.002136826 0.001705706 -0.0251621 -0.001297354 4.47914e-4 -0.02552747 -8.57338e-4 -6.37956e-6 -0.02575737 -5.45859e-4 -2.40943e-4 -0.02594387 -3.42354e-4 -3.41369e-4 -0.02608728 -2.11895e-4 -3.75431e-4 -0.02619367 -1.05947e-4 -3.84379e-4 -0.02628809 -0.002179384 0.002943277 -0.02393728 -0.001785457 0.002943396 -0.0226165 -0.001077771 0.001255989 -0.02282238 -5.25817e-4 4.14874e-4 -0.0229851 -4.32879e-5 -4.14574e-5 -0.02312707 2.88337e-4 -2.34099e-4 -0.023225 4.42281e-4 -2.88954e-4 -0.02327078 5.80624e-4 -3.1447e-4 -0.02331221 2.61292e-4 -3.658e-4 -0.02501982 -6.95437e-5 -1.61517e-4 -0.02397549 -1.53229e-4 -3.51029e-4 -0.02568829 -2.78465e-4 -3.00549e-4 -0.02559298 -0.001578032 0.001464724 -0.02427619 -0.002261161 0.002442717 -0.02459728 -8.59365e-4 4.97696e-4 -0.02417075 -9.72412e-4 3.81554e-4 -0.02489483 -0.002359926 0.002943098 -0.01836007 -0.001843094 0.002943456 -0.01990783 -0.001677811 0.002943515 -0.02122324 -0.001785457 0.002943396 -0.0226165 -0.002701878 0.002943098 -0.02500128 -0.002179384 0.002943277 -0.02393728 -0.003031373 0.004999995 -0.02496594 -0.002952218 0.003926992 -0.02497446 -0.00259304 0.004999995 -0.01859819 -0.0021016 0.004999995 -0.02020663 -0.002014815 0.004999995 -0.02178752 -0.002287507 0.004999995 -0.02327787 -0.002638399 0.004999995 -0.02418971 -0.002492427 0.003585398 -0.01849544 -0.002568304 0.004278779 -0.01857298 -0.001785457 0.002943396 -0.0226165 -0.001077771 0.001255989 -0.02282238 -5.25817e-4 4.14874e-4 -0.0229851 -4.32879e-5 -4.14574e-5 -0.02312707 2.88337e-4 -2.34099e-4 -0.023225 4.42281e-4 -2.88954e-4 -0.02327078 5.80624e-4 -3.1447e-4 -0.02331221 -0.002359926 0.002943098 -0.01836007 -0.001843094 0.002943456 -0.01990783 -0.001677811 0.002943515 -0.02122324 7.96959e-4 -1.73949e-4 -0.01660537 6.67721e-5 7.55056e-5 -0.0168727 -6.69494e-4 5.23618e-4 -0.0172069 -0.001321554 0.001110732 -0.01756721 -0.001837193 0.00176835 -0.01791203 -0.002145886 0.002334654 -0.01815873 8.05959e-4 -2.25925e-4 -0.02026295 5.22584e-4 -9.58829e-5 -0.0181567 1.75595e-4 5.06872e-5 -0.01823461 -1.73569e-4 2.55731e-4 -0.01832449 -9.96947e-4 0.001057446 -0.01897925 3.92884e-4 -1.86071e-4 -0.02214062 -0.001734435 0.002047538 -0.01878768 -8.7627e-4 0.001016497 -0.01998043 1.49667e-4 -5.32321e-5 -0.02205806 -1.80751e-4 1.97482e-4 -0.0219506 -8.81754e-4 0.001088738 -0.02112507 3.69385e-4 -5.23203e-5 -0.01915919 -5.55068e-5 1.74273e-4 -0.02007877</float_array>
          <technique_common>
            <accessor source="#index_intermediate-mesh-positions-array" count="5402" stride="3">
              <param name="X" type="float"/>
              <param name="Y" type="float"/>
              <param name="Z" type="float"/>
            </accessor>
          </technique_common>
        </source>
        <source id="index_intermediate-mesh-normals">
          <float_array id="index_intermediate-mesh-normals-array" count="15444">-0.5574662 0.04783034 0.8288207 -0.5573477 0.05401921 0.8285202 -0.5577892 0.0346089 0.8292609 -0.5580806 0.0160495 0.8296315 -0.5572532 0.0523411 0.8286914 -0.5582291 0.001129388 0.8296862 -0.5581701 -6.64537e-4 0.8297264 0.9031328 -0.0588445 0.4253098 0.9727795 -0.05543345 0.225005 0.9736661 -0.03667068 0.2250103 0.9741833 -0.01686453 0.2251279 0.9742532 7.59174e-7 0.2254571 0.9031355 0.05884307 0.4253044 0.9736714 0.03666496 0.224988 0.9727746 0.05543303 0.2250264 0.9741832 0.01685941 0.2251287 0.6477119 -0.01655215 0.7617056 0.6472184 -0.05016642 0.7606523 0.7929025 -0.05692243 0.606684 0.7929114 0.05695563 0.6066694 0.6477447 0.01655048 0.7616778 0.6472966 0.05016165 0.760586 0.8542976 0 0.5197845 -0.4917222 0.05235528 -0.8691768 -0.491737 0.05235075 -0.8691687 -0.4917312 0.05236458 -0.8691712 -0.4917017 0.05231773 -0.8691906 -0.4917267 0.05235755 -0.8691742 -0.4916865 0.05227839 -0.8692016 -0.4916598 0.05232095 -0.8692141 -0.491674 0.0523386 -0.8692051 -0.4916826 0.05232435 -0.869201 -0.49174 0.05236393 -0.8691662 -0.4917069 0.05233532 -0.8691866 -0.4916947 0.05231857 -0.8691945 -0.4917721 0.0523414 -0.8691493 -0.4917339 0.05232536 -0.8691719 -0.4917036 0.05234634 -0.8691878 -0.4916473 0.05233246 -0.8692205 -0.4917178 0.05235576 -0.8691793 -0.4917131 0.05233401 -0.8691832 -0.4917284 0.05233651 -0.8691744 -0.4917194 0.05235671 -0.8691782 -0.5812043 0.05228835 -0.812076 -0.4917458 0.05238753 -0.8691616 -0.4917023 0.05236673 -0.8691874 -0.5811691 0.05226856 -0.8121025 -0.6971258 0.05228054 -0.7150402 -0.6969645 0.0522778 -0.7151976 -0.8424938 0.0522359 -0.5361678 -0.842721 0.05223882 -0.5358102 -0.945831 0.05235522 -0.3204102 -0.9459703 0.05236423 -0.3199973 -0.9939801 0.05234354 -0.09624809 -0.9939957 0.05234539 -0.09608709 -0.9913071 0.05234014 0.120709 -0.9913122 0.05234223 0.1206677 -0.9966176 0.05236327 0.06333744 -0.9913107 0.05232352 0.1206873 -0.9913114 0.05232834 0.1206787 -0.9985225 0.05223321 -0.01498389 -0.9965108 0.05220299 -0.06512433 -0.9697413 0.05237674 -0.2384504 -0.9544882 0.05218231 -0.2936487 -0.9249415 0.05224722 -0.3765019 -0.8597518 0.05224364 -0.508033 -0.8619445 0.05222719 -0.5043056 -0.806678 0.05236321 -0.588667 -0.742156 0.05237108 -0.668178 -0.7421616 0.05238193 -0.6681709 -0.4916464 -0.05234414 -0.8692204 -0.4917598 -0.05232942 -0.869157 -0.4917722 -0.05234527 -0.8691492 -0.4918019 -0.0523436 -0.8691323 -0.4916859 -0.05232173 -0.8691994 -0.4917901 -0.05238878 -0.8691363 -0.4916825 -0.05232471 -0.8692011 -0.4916599 -0.0523051 -0.8692151 -0.4916728 -0.05229866 -0.8692081 -0.49168 -0.05231475 -0.8692031 -0.4916972 -0.05231577 -0.8691934 -0.4917036 -0.05233108 -0.8691887 -0.4917053 -0.05233168 -0.8691877 -0.491711 -0.05234837 -0.8691835 -0.4917222 -0.05236029 -0.8691764 -0.4917243 -0.05237412 -0.8691745 -0.4917163 -0.05235946 -0.8691799 -0.4917036 -0.05235385 -0.8691874 -0.4917116 -0.05237835 -0.8691815 -0.4917199 -0.05235677 -0.869178 -0.4917285 -0.05233657 -0.8691744 -0.6468556 -0.05226558 -0.7608194 -0.4916797 -0.0523855 -0.869199 -0.4916858 -0.05239713 -0.8691948 -0.6518805 -0.05225259 -0.7565194 -0.8008608 -0.05227327 -0.5965648 -0.8074436 -0.05229812 -0.5876221 -0.8972628 -0.05235058 -0.4383823 -0.9031648 -0.05233907 -0.4260918 -0.9536255 -0.05229425 -0.2964181 -0.9583152 -0.05230969 -0.2808838 -0.990896 -0.05225312 -0.1240764 -0.9930604 -0.05222535 -0.1053741 -0.9981223 -0.05243772 0.0316596 -0.9978344 -0.05246937 0.03966891 -0.9913108 -0.05231982 0.120688 -0.9913094 -0.05229949 0.1207084 -0.9965918 -0.05236077 0.06374377 -0.9913076 -0.05235838 0.1206976 -0.9913055 -0.0523405 0.1207224 -0.9984742 -0.05238693 -0.01746308 -0.9966372 -0.05237662 -0.06301611 -0.9690746 -0.05222481 -0.2411785 -0.955538 -0.05225628 -0.2902005 -0.9234839 -0.0524227 -0.3800386 -0.9145025 -0.05240559 -0.401172 -0.8597407 -0.05228328 -0.5080476 -0.8619317 -0.05220466 -0.5043298 -0.8066896 -0.05235522 -0.5886517 -0.742151 -0.05237901 -0.6681829 -0.7421619 -0.05238193 -0.6681705 -0.492426 -9.52772e-7 -0.8703543 -0.4916628 -0.0520904 -0.8692263 -0.4916416 -0.05229687 -0.8692259 -0.4916396 0.05229669 -0.8692271 -0.4916252 0.05208873 -0.8692477 -0.8675591 0.0523104 0.4945756 -0.8677306 0.05229985 0.4942755 -0.8687562 0.05231887 0.4924688 -0.7887741 0.05229443 0.6124547 0.1998193 0.05230003 0.9784361 0.2537438 0.05228435 0.9658574 0.03852891 0.05231481 0.9978872 0.4297269 0.05229395 0.9014434 0.4569811 0.05228114 0.8879387 0.6384481 0.05228763 0.7678868 -0.5773059 0.05239599 0.8148452 -0.7401152 0.05229967 0.6704434 -0.5773266 0.05233567 0.8148344 -0.3871053 0.05231148 0.9205504 -0.5300629 0.05229455 0.8463442 -0.3429625 0.05239802 0.9378867 -0.6955189 0.05228537 0.716603 -0.1785955 0.05229866 0.9825317 -0.1785419 0.05233573 0.9825395 -0.01223373 0.05229425 0.9985569 -0.1776837 0.05229789 0.982697 -0.2478936 0.9660916 -0.07221984 -0.2837477 0.9564443 -0.06856822 -0.1719345 0.9819769 -0.07848638 -0.1903842 0.9790302 -0.0724833 -0.3711735 0.926239 -0.06566298 -0.4328407 0.8997217 -0.05612385 -0.533173 0.8443325 -0.05318874 -0.5579541 0.8287135 -0.04383349 -0.8453664 0.533981 0.01483601 -0.8493107 0.5275242 0.01974391 -0.8477495 0.5300185 0.02002835 -0.8509594 0.5248562 0.01985502 -0.851886 0.5233524 0.01981425 -0.8543481 0.5193083 0.02020537 -0.8566263 0.515527 0.0205816 -0.8577588 0.5136204 0.02106863 -0.859063 0.511422 0.02140647 -0.943507 0.3295044 0.03494852 -0.8814516 0.4712669 0.03083246 -0.8706759 0.4911599 0.02618098 -0.8658053 0.4998084 0.02393996 -0.6617546 0.748791 -0.03731977 -0.6585998 0.7519109 -0.0296055 -0.7667815 0.6416247 -0.01907777 -0.7340093 0.678989 -0.01429343 -0.8120331 0.5835924 0.004717469 -0.8592263 0.5115777 -0.004308044 -0.8386498 0.5445582 0.01109957 -0.8321518 0.554474 0.00905174 -0.8215077 0.5701563 0.006864666 -0.9440521 0.3297894 0.002185463 -0.8429765 0.5377924 0.01303911 -0.8446435 0.5351462 0.01399546 0.6008202 0.05233371 0.7976693 0.6464727 0.05230301 0.7611423 0.6011265 0.05229544 0.797441 0.646903 0.05228942 0.7607775 0.6010041 0.05230534 0.7975326 0.6442714 0.05229848 0.7630068 0.6009064 0.05230361 0.7976064 0.6404601 0.05229973 0.7662086 0.6375611 0.05232912 0.7686206 0.6159927 0.05230432 0.7860136 0.6008996 0.05229955 0.7976117 0.6337504 0.05230939 0.771767 0.6259013 0.0524038 0.7781398 -0.9979594 0.0522924 0.03664195 -0.99708 0.05229395 0.05564993 -0.9971445 0.05228632 0.05448901 -0.9979725 0.05230069 0.0362699 -0.9979637 0.05233365 0.03646391 -0.7420631 0.05233782 -0.6682837 -0.7421226 0.0523414 -0.6682174 -0.7421125 0.05233746 -0.6682289 -0.7421122 0.0523498 -0.6682282 -0.742164 0.05232083 -0.668173 -0.742149 0.05232125 -0.6681897 -0.7421293 0.05232888 -0.668211 -0.7421295 0.05234044 -0.6682099 -0.74216 0.05228847 -0.6681801 -0.7421594 0.05230557 -0.6681793 -0.7421154 0.05236208 -0.6682238 -0.7421194 0.05232024 -0.6682226 -0.742114 0.05234897 -0.6682265 -0.742106 0.05235785 -0.6682346 -0.7421088 0.05235272 -0.6682319 -0.7421485 0.05231827 -0.6681905 -0.9913083 0.05232 0.1207083 -0.9913064 0.0523687 0.1207026 -0.991306 0.05236762 0.1207072 -0.9913071 0.05234295 0.1207085 -0.977709 0.20292 0.0539323 -0.943415 0.3272305 0.05374425 -0.9435189 0.3294721 0.03493273 -0.9935415 0.1074318 0.03651875 -0.9934331 0.1137132 0.01264816 -0.992404 0.1188016 -0.0319457 -0.993564 0.1074026 0.03599059 -0.9935433 0.1074309 0.0364753 -0.9435176 0.3294743 0.03494763 -0.9777992 0.2095131 0.003635168 -0.9440465 0.3298054 0.002182245 -0.9918475 0.1165405 0.05154544 -0.9876114 0.123509 0.09679555 -0.9435202 0.3269142 0.05382347 -0.9010583 0.4303128 0.05408412 -0.8976957 0.4379856 0.04807484 -0.943506 0.32951 0.03492373 -0.8814458 0.4712793 0.03080755 0.1973872 0.9770841 -0.07965505 0.2917909 0.952821 -0.08360815 0.1413732 0.985265 -0.09626227 0.2498385 0.9673693 -0.04216116 0.239835 0.9695007 0.0504744 0.1750042 0.9815189 -0.07742178 0.1542454 0.9852121 -0.07460314 0.034644 0.994704 -0.09676742 0.03449428 0.9945882 -0.09800314 0.136519 0.988076 -0.07119172 0.1216754 0.9902837 -0.06733012 0.1082527 0.9920951 -0.06347298 0.0599479 0.9966735 -0.05521082 0.08385878 0.9948752 -0.05649077 0.03143763 0.9943982 -0.1009151 0.03787618 0.991995 -0.1204626 0.0297544 0.994248 -0.1028872 -0.004422187 0.9958761 -0.09061604 0.1414234 0.9853678 -0.09513014 -0.190567 0.9789979 -0.07243877 -0.1718511 0.9819929 -0.07846832 -0.1623067 0.9841879 -0.07092821 0.05813908 0.9973044 -0.044766 0.05875045 0.9970168 -0.05006122 0.2209199 0.9732871 -0.06250375 0.1941607 0.9778124 -0.07864284 0.2918956 0.9527912 -0.08358359 0.253018 0.9648678 -0.07079613 0.1168388 0.989873 -0.08062392 0.09284681 0.9924718 -0.07987058 -0.07015353 0.9939798 -0.08415788 0.04784089 0.9958423 -0.07752072 -0.06704926 0.9954066 -0.06833851 0.08847242 0.9934701 -0.07203984 -0.01156359 0.9977529 -0.06599646 0.1045169 0.9920286 -0.0703963 0.01956391 0.9978206 -0.06301832 0.1160683 0.9908598 -0.06873989 0.124206 0.9899802 -0.0671733 0.03849852 0.9974758 -0.05966669 0.1186159 0.9911851 -0.05901223 0.05304247 0.9970778 -0.05497652 0.1259722 0.9910125 -0.04500389 0.199609 0.9786828 -0.04833555 0.05414038 0.9980548 -0.03091251 -0.4883841 0.05230396 0.8710598 -0.4883362 0.05230462 0.8710867 -0.3857832 0.05229955 0.9211059 -0.2786504 0.05229908 0.9589676 -0.2000398 0.05231487 0.9783901 -0.06605571 0.05229765 0.9964445 0.0304374 0.05229192 0.998168 0.1329562 0.05228108 0.9897421 0.356145 0.05230224 0.9329658 0.2641411 0.05229359 0.9630653 0.4453414 0.05230057 0.893832 0.4172019 0.05230301 0.9073076 0.5057462 0.05229109 0.8610962 0.6008892 0.05230337 0.7976193 0.6006459 0.05230796 0.7978023 0.6008774 0.0523352 0.7976261 0.8443921 0.3243089 -0.4264103 0.8606199 0.09766113 -0.4997957 0.8533957 0.08988589 -0.5134553 0.9200283 0.1049823 -0.3775269 0.9056609 0.3160072 -0.2826974 0.979888 0.1050943 -0.1696313 0.9537874 0.1051818 -0.2814717 0.9346857 0.3127942 -0.1688867 0.174662 0.9843253 -0.02443152 0.1222499 0.9924791 -0.006359159 0.09852635 0.9951331 -0.001682221 0.1543933 0.987928 -0.01268732 0.07576912 0.9971241 0.001589536 0.06482338 0.9978966 -7.37283e-4 0.1995989 0.9786843 -0.04834526 0.05412727 0.9980553 -0.03091585 0.9055548 0.3163037 -0.282706 0.8992453 0.4050223 -0.1652721 0.9346845 0.3128064 -0.1688702 0.8237656 0.3954989 -0.4061909 0.8438202 0.3260375 -0.4262243 0.7801966 0.5008023 -0.3748203 0.6619977 0.6897811 -0.2931913 0.392726 0.9125537 -0.1140714 0.3529319 0.9342534 -0.05108594 0.4970368 0.8634701 -0.0858702 0.2287368 0.973078 -0.02826428 0.1669232 0.9858984 -0.0118699 0.6750301 0.7135246 -0.1876624 0.675036 0.7271091 -0.125055 0.8238089 0.5456889 -0.1535016 0.5181236 0.832771 -0.1950402 0.426438 0.9014978 -0.07384139 0.4122365 0.9042883 -0.1110126 0.5785679 0.8127089 -0.06901878 0.2918962 0.9527907 -0.08358567 0.2523054 0.9638146 -0.08604288 0.1541757 0.987964 -0.01253885 0.3529132 0.9342597 -0.05109995 0.1669355 0.9858967 -0.01184433 0.5985502 0.7956272 -0.09335511 0.6750334 0.7271129 -0.1250473 0.4970292 0.8634706 -0.0859102 0.5033214 0.8608647 -0.07469743 0.400955 0.9144876 -0.05429321 0.4799876 0.8746706 -0.06755292 0.4236242 0.9040053 -0.05759495 0.3571151 0.9329199 -0.04614514 0.1747902 0.9843006 -0.02450996 0.5577659 0.8279388 -0.05843514 0.4813846 0.8742247 -0.06324541 0.6018686 0.795403 -0.07133388 0.4690197 0.8816299 -0.0524345 0.4696809 0.8812877 -0.05226945 0.403263 0.9137958 -0.04854047 0.3925222 0.9184327 -0.04906904 0.3214436 0.945271 -0.0560078 0.3486865 0.9361098 -0.04600268 0.2990183 0.9532445 -0.04374063 0.2334715 0.9715574 -0.03958737 0.1995757 0.9786893 -0.04834246 0.8279112 0.542424 -0.1426161 0.8238189 0.5456927 -0.153434 0.899273 0.405008 -0.1651558 0.9346759 0.3128238 -0.1688855 0.8448204 0.5190529 -0.1298564 0.9449053 0.3083247 -0.1099547 0.7733956 0.6223047 -0.1208152 0.6302494 0.7723262 -0.07936066 0.8463718 0.523241 -0.09936684 0.3436217 0.9379914 -0.04578584 0.8043924 0.5872967 -0.08964163 0.7338633 0.6740987 -0.08387923 0.8271456 0.5541496 -0.09353351 0.869193 0.4842078 -0.1002317 0.5662935 0.8215727 -0.06580299 0.612033 0.7888187 -0.05639922 0.6450477 0.7610985 -0.06813788 0.5361356 0.8415439 -0.06605011 0.6721196 0.7354058 -0.08621877 0.9449209 0.3082774 -0.1099534 0.8692074 0.4841997 -0.1001471 0.7338411 0.6741359 -0.08377391 0.6018612 0.7954086 -0.07133275 0.5759454 0.813575 -0.0798906 0.481282 0.8742731 -0.06335711 0.4952378 0.8655292 -0.07482379 0.3215044 0.9452571 -0.05589246 0.1995955 0.9786852 -0.04834198 0.5775328 0.8121985 -0.08239901 0.5070244 0.8583915 -0.07804089 0.4470844 0.891398 -0.07433283 0.2213506 0.9731888 -0.0625112 0.7536234 0.6511025 -0.09009689 0.9452519 0.3138917 -0.08928042 0.6240224 0.7781044 -0.07176154 0.6156061 0.7842841 -0.07699131 0.4819027 0.8731995 -0.07274985 0.7068435 0.7035954 -0.07297855 0.8576197 0.5080051 -0.08012086 0.7211298 0.6892057 -0.07047939 0.5405268 0.838392 -0.0702123 0.2531304 0.9648398 -0.07077729 0.6005209 0.7965756 -0.06958711 0.4759428 0.8766841 -0.0700258 0.4426183 0.8939387 -0.0704475 0.2918722 0.9527989 -0.08357656 0.5319964 0.8439221 -0.06910461 0.4264243 0.9015101 -0.07377004 0.4765326 0.8756979 -0.07791 0.4607329 0.884225 -0.07662481 0.468027 0.8804604 -0.07576406 0.8355468 0.5431979 -0.0824483 0.9346826 0.3128017 -0.1688891 0.9800744 0.105051 -0.168578 0.9799292 0.1049938 -0.1694552 0.9739456 0.2072093 -0.09216386 0.9916133 0.1027449 -0.07840037 0.9879045 0.1050093 -0.1140952 0.9930021 0.1002653 -0.06240063 0.9449456 0.3082035 -0.1099479 0.9452848 0.3138033 -0.08924198 0.9708775 0.2010225 -0.1303341 0.9841904 0.05229401 -0.1692176 0.9840198 0.05229467 -0.1702074 0.9842184 0.05227828 -0.1690596 0.9655572 0.05231082 -0.2548783 0.958209 0.05229532 -0.2812487 0.9355456 0.05228644 -0.3493147 0.9240614 0.05229938 -0.3786492 0.8718017 0.0522964 -0.4870594 0.8717939 0.052298 -0.4870733 0.9922553 0.05227768 -0.1126793 0.992029 0.05241096 -0.1145926 0.9941515 0.05230236 -0.09448444 0.9941514 0.05230355 -0.09448498 0.9910329 0.05240476 -0.1229128 0.9841901 0.05227863 -0.1692247 0.9841848 0.0522744 -0.1692566 -0.7037376 0.05215376 0.7085433 -0.4883675 0.05230194 0.8710694 -0.488365 0.05229294 0.8710712 -0.7644211 0.05231696 0.6425911 -0.8677322 0.05230695 0.4942721 -0.6365081 0.05231666 0.7694938 -0.8677276 0.05230593 0.4942801 -0.6369384 0.05231398 0.7691377 -0.7648357 0.05229401 0.6420995 -0.9986198 0.05229628 0.004874289 -0.9986225 0.05229717 0.004265666 -0.9979731 0.05229157 0.03626906 -0.9979736 0.05228638 0.03626012 -0.5573957 0.05234092 0.8285955 -0.5573387 0.05229306 0.8286368 -0.5574014 0.0523374 0.828592 -0.5574169 0.05235683 0.8285803 -0.5574228 0.05190825 0.8286045 -0.5546422 0.05227047 0.8304457 -0.5549198 0.05227297 0.83026 -0.5574215 0.05233645 0.8285784 -0.5574281 0.05233669 0.8285741 0.60082 -0.05233365 0.7976696 0.646473 -0.05230301 0.761142 0.646903 -0.05228948 0.7607775 0.6011265 -0.05229544 0.797441 0.6010039 -0.05230516 0.7975328 0.6442718 -0.05229848 0.7630063 0.6009343 -0.05230009 0.7975856 0.6404586 -0.05229055 0.7662106 0.6159768 -0.05230569 0.786026 0.6008997 -0.05229955 0.7976117 0.6352802 -0.05228859 0.7705097 0.622395 -0.05230724 0.7809535 0.6285594 -0.05229824 0.7760014 -0.99796 -0.05228215 0.0366407 -0.9970803 -0.05228799 0.05564945 -0.9979725 -0.05230069 0.0362699 -0.9971455 -0.05226778 0.05448788 -0.9979636 -0.05233365 0.0364688 -0.7420631 -0.05233782 -0.6682837 -0.7421167 -0.05234193 -0.668224 -0.7421229 -0.05229628 -0.6682206 -0.7421169 -0.0523504 -0.668223 -0.7421628 -0.05232077 -0.6681743 -0.7421465 -0.052316 -0.6681929 -0.7421196 -0.05236887 -0.6682185 -0.7421176 -0.05236804 -0.6682209 -0.7421302 -0.05231511 -0.6682111 -0.7421388 -0.05264866 -0.6681752 -0.7421362 -0.05229908 -0.6682056 -0.7421252 -0.05229943 -0.6682178 -0.7421532 -0.05230444 -0.6681863 -0.7421123 -0.05238157 -0.6682257 -0.7421302 -0.05231481 -0.6682111 -0.7420865 -0.05237513 -0.6682548 -0.7421594 -0.0523172 -0.6681784 -0.7419415 -0.05241894 -0.6684124 -0.7419415 -0.05241894 -0.6684123 -0.9913083 -0.05232 0.1207079 -0.9913063 -0.0523687 0.1207036 -0.9913061 -0.05236762 0.1207062 -0.9913071 -0.05234289 0.1207078 -0.9766995 -0.207713 0.05397754 -0.9435142 -0.329486 0.0349279 -0.9434135 -0.3272328 0.0537551 -0.9935446 -0.107403 0.03652191 -0.9927342 -0.1074436 0.05417466 -0.9935638 -0.1074033 0.03599351 -0.943518 -0.3294734 0.0349465 -0.9935433 -0.1074309 0.0364753 -0.9777998 -0.2095096 0.003636956 -0.9440623 -0.3297601 0.002186179 -0.9915224 -0.1083747 0.07168161 -0.9845077 -0.1069182 0.1389714 0.5396004 -0.05227839 0.8402967 0.4569706 -0.05228501 0.8879438 0.6384349 -0.05228137 0.7678983 0.4275967 -0.05229914 0.9024555 0.2537633 -0.05230861 0.965851 0.294694 -0.05230665 0.954159 0.03852522 -0.05228078 0.9978891 0.147382 -0.05230772 0.9876956 -0.8687423 -0.05232155 0.4924931 -0.8677328 -0.05230337 0.4942715 -0.8675364 -0.05232548 0.4946137 -0.1784979 -0.05230039 0.9825494 -0.1785418 -0.05233567 0.9825395 -0.3871055 -0.05231148 0.9205504 -0.1772311 -0.05229651 0.9827788 -0.3429561 -0.05229949 0.9378944 -0.01122045 -0.05240666 0.9985628 -0.5773201 -0.05230158 0.8148412 -0.5773265 -0.05233567 0.8148344 -0.740116 -0.05230009 0.6704425 -0.7282183 -0.05241245 0.6833382 -0.5496716 -0.05230063 0.8337421 -0.4493138 -0.05239838 0.8918362 -0.94352 -0.3269144 0.05382406 -0.8976849 -0.4379962 0.04817968 -0.9010576 -0.4303144 0.05408287 -0.943506 -0.32951 0.03492403 -0.881446 -0.4712792 0.03080731 -0.1903543 -0.9790368 -0.07247358 -0.171923 -0.9819786 -0.07848894 -0.2619455 -0.962502 -0.07053148 -0.4022638 -0.9132974 -0.06381231 -0.3902326 -0.9187831 -0.05963337 -0.5361117 -0.8428786 -0.04626268 -0.6025148 -0.7968095 -0.04550552 -0.6744866 -0.7378036 -0.0267139 -0.8453921 -0.5339416 0.01479053 -0.8557795 -0.5169258 0.02072048 -0.8581737 -0.5129222 0.0211876 -0.8546226 -0.5188526 0.02030307 -0.8530883 -0.5213873 0.01989305 -0.851554 -0.5238918 0.01983171 -0.8503618 -0.525824 0.01984852 -0.849331 -0.5274895 0.01979064 -0.8479083 -0.5297683 0.01993054 -0.9435214 -0.3294621 0.03495776 -0.8706745 -0.4911616 0.02620071 -0.8814518 -0.4712665 0.03083348 -0.8634873 -0.5038443 0.02304083 -0.7464897 -0.665006 -0.02280896 -0.8121547 -0.583423 0.004750907 -0.8476045 -0.5305965 -0.005824506 -0.8215402 -0.5701091 0.00688076 -0.8322164 -0.5543774 0.009038805 -0.9012891 -0.4332182 -1.91703e-5 -0.8421245 -0.5391378 0.01252108 -0.8439714 -0.5362187 0.01348775 -0.8391634 -0.5437612 0.01134824 -0.8358044 -0.5489342 0.01012849 -0.9440492 -0.3297977 0.002189278 0.2128135 -0.9737195 -0.08112215 0.2539485 -0.960151 -0.116706 0.2428038 -0.9520632 -0.18607 0.0346468 -0.9947296 -0.09650278 0.03450214 -0.9946269 -0.097606 0.1413717 -0.9852642 -0.09627312 0.05994772 -0.9966735 -0.05521237 0.08385878 -0.9948753 -0.05648893 0.1082481 -0.9920957 -0.06347197 0.1833003 -0.9809982 -0.0635882 0.2918879 -0.9527933 -0.08358538 0.1406338 -0.9874323 -0.0721088 0.1611572 -0.9840238 -0.07566881 0.179656 -0.9806333 -0.0779888 0.03181016 -0.9962285 -0.08072805 0.02988511 -0.9947587 -0.09778666 0.03888928 -0.9986653 -0.03398972 -0.004422128 -0.995876 -0.09061795 0.1414233 -0.9853678 -0.0951308 -0.1623869 -0.9841732 -0.070948 -0.07018929 -0.99398 -0.08412688 -0.1719698 -0.9819703 -0.07849031 -0.1905694 -0.9789975 -0.07243883 0.1941605 -0.9778124 -0.07864367 0.2918952 -0.9527911 -0.08358424 0.2528958 -0.9648982 -0.07081842 0.1168392 -0.989873 -0.0806232 0.09281617 -0.9924753 -0.07986295 -0.0955311 -0.9930269 -0.06907588 -0.04697161 -0.9965996 -0.06769889 0.09378772 -0.9930191 -0.07153314 0.002362728 -0.9978867 -0.06493532 0.1094172 -0.9915445 -0.06976789 0.1230167 -0.9901074 -0.0674842 0.03596919 -0.9975348 -0.06025469 0.2208963 -0.9732922 -0.06250816 0.1174215 -0.9913167 -0.05918973 0.05467617 -0.9970381 -0.05409097 0.05816024 -0.9973033 -0.04476207 0.1259726 -0.9910125 -0.04500442 0.0541408 -0.9980548 -0.03091281 0.1996091 -0.9786828 -0.04833555 -0.4202561 -0.05230474 0.9058969 -0.4883667 -0.05229967 0.8710699 -0.4883977 -0.05230438 0.8710522 -0.3572477 -0.05230361 0.9325441 -0.3145778 -0.05229544 0.9477901 -0.1423897 -0.05229932 0.988428 -0.1280863 -0.0522964 0.9903833 0.08527702 -0.05229997 0.9949838 0.1098192 -0.05229991 0.9925747 0.2835315 -0.05231374 0.957535 0.3130977 -0.05230456 0.9482796 0.5057277 -0.05229938 0.8611065 0.4552971 -0.05230617 0.8888019 0.5461758 -0.05230933 0.8360358 0.6008824 -0.05230462 0.7976244 0.6006444 -0.05231302 0.7978031 0.600875 -0.05233532 0.7976281 0.8444024 -0.3243079 -0.4263906 0.8607655 -0.08517092 -0.5018256 0.8644864 -0.09484851 -0.4936264 0.9200481 -0.1049818 -0.3774791 0.905663 -0.3160068 -0.282691 0.9537882 -0.1051795 -0.2814701 0.979888 -0.1050941 -0.1696313 0.9346804 -0.3128018 -0.1689015 0.1746647 -0.9843249 -0.02443045 0.1279703 -0.9917496 -0.007507145 0.15442 -0.9879238 -0.01269257 0.1059107 -0.9943709 -0.003053247 0.07967561 -0.99682 0.001251101 0.07009571 -0.9975393 0.001401782 0.06482684 -0.9978963 -7.37912e-4 0.1995989 -0.9786844 -0.0483452 0.05412739 -0.9980554 -0.03091585 0.90559 -0.3161863 -0.2827242 0.934683 -0.3128138 -0.1688642 0.8992539 -0.4050132 -0.1652474 0.7903438 -0.4790867 -0.3818806 0.8438325 -0.3260866 -0.4261623 0.678985 -0.6678081 -0.3049783 0.3177422 -0.9455494 -0.07054167 0.4970381 -0.8634685 -0.08587956 0.3529408 -0.9342482 -0.05112111 0.4491311 -0.880871 -0.1494916 0.22872 -0.9730817 -0.02827006 0.166922 -0.9858987 -0.01186949 0.695788 -0.6899905 -0.1994801 0.5593628 -0.7983973 -0.2228792 0.6750442 -0.7270829 -0.1251634 0.8238279 -0.5456936 -0.1533821 0.4264383 -0.9014976 -0.07384139 0.5785471 -0.8127316 -0.06892585 0.4122357 -0.9042886 -0.1110135 0.2918963 -0.9527906 -0.08358561 0.2523053 -0.9638147 -0.0860421 0.1541764 -0.9879639 -0.01253896 0.1669374 -0.9858964 -0.01184499 0.3529125 -0.93426 -0.05110007 0.5985521 -0.7956252 -0.09335917 0.4970505 -0.8634628 -0.08586585 0.6750346 -0.7271119 -0.1250464 0.5033219 -0.8608643 -0.07469779 0.4009541 -0.9144882 -0.05428779 0.4799891 -0.8746695 -0.06755715 0.4236252 -0.9040048 -0.05759525 0.3571147 -0.9329198 -0.0461505 0.17479 -0.9843007 -0.02450954 0.557766 -0.8279387 -0.05843538 0.6018684 -0.795403 -0.07133412 0.4813845 -0.8742249 -0.06324529 0.4690201 -0.8816295 -0.05243456 0.4696778 -0.8812887 -0.05227839 0.4032635 -0.9137957 -0.04853963 0.3925221 -0.9184327 -0.04906845 0.3214436 -0.945271 -0.05600762 0.3486869 -0.9361097 -0.04600179 0.2990167 -0.953245 -0.04373997 0.2334712 -0.9715576 -0.03958839 0.1995757 -0.9786892 -0.04834228 0.82791 -0.5424256 -0.1426169 0.8238186 -0.5456926 -0.1534363 0.8992734 -0.4050072 -0.1651561 0.9346759 -0.3128238 -0.1688852 0.8448201 -0.5190533 -0.1298559 0.9449052 -0.3083246 -0.1099553 0.7733957 -0.6223049 -0.1208132 0.6302499 -0.7723258 -0.07936125 0.8463718 -0.5232404 -0.09937053 0.3436207 -0.9379917 -0.04578727 0.8043923 -0.587297 -0.08964115 0.7338644 -0.6740976 -0.08387863 0.8271246 -0.5541856 -0.09350633 0.8691931 -0.4842078 -0.1002318 0.564191 -0.8229116 -0.06712037 0.7064818 -0.7042834 -0.06977325 0.6000999 -0.7975684 -0.06135916 0.5351657 -0.8420434 -0.06753385 0.6721196 -0.7354053 -0.0862236 0.8692072 -0.4841998 -0.1001477 0.9449208 -0.3082774 -0.1099538 0.7338414 -0.6741356 -0.08377397 0.6018611 -0.7954087 -0.07133221 0.575946 -0.8135747 -0.07989162 0.4812814 -0.8742735 -0.06335616 0.4952378 -0.8655291 -0.07482516 0.3215041 -0.9452571 -0.05589389 0.1995954 -0.9786853 -0.04834276 0.5775331 -0.8121984 -0.08239889 0.5070242 -0.8583917 -0.07804083 0.4470844 -0.891398 -0.07433182 0.2213507 -0.9731888 -0.06251102 0.7536118 -0.6511035 -0.09018695 0.9452485 -0.313904 -0.08927226 0.7340942 -0.6749749 -0.07426124 0.9104825 -0.404592 -0.08559828 0.8433297 -0.5315853 -0.07881671 0.6240361 -0.7780926 -0.07176983 0.4819006 -0.8732004 -0.07275295 0.6156061 -0.7842839 -0.07699388 0.5774176 -0.8133781 -0.07074707 0.66826 -0.7404931 -0.07140487 0.5326207 -0.8434473 -0.07008719 0.2531078 -0.9648455 -0.07077866 0.5904216 -0.8041023 -0.06944209 0.4264302 -0.9015066 -0.07377767 0.4695858 -0.880102 -0.07006847 0.291866 -0.9528005 -0.08358025 0.4765328 -0.8756977 -0.07791006 0.4607331 -0.884225 -0.07662343 0.468028 -0.8804601 -0.07576316 0.8355097 -0.5432698 -0.08235049 0.9347034 -0.3127654 -0.1688423 0.9799308 -0.1049897 -0.1694488 0.9800752 -0.1050491 -0.1685742 0.9739456 -0.2072094 -0.09216392 0.9879044 -0.1050093 -0.1140965 0.9915727 -0.1027378 -0.07892143 0.9929331 -0.1002726 -0.06347709 0.9449456 -0.3082036 -0.1099472 0.9452849 -0.3138034 -0.08924192 0.9708775 -0.2010225 -0.1303336 0.9841904 -0.05229401 -0.1692176 0.9842169 -0.05228024 -0.1690679 0.9840189 -0.05229544 -0.1702117 0.9655467 -0.05228698 -0.2549231 0.9582088 -0.05229258 -0.2812499 0.9355438 -0.05227905 -0.3493204 0.9240635 -0.05229467 -0.3786452 0.8717979 -0.05229359 -0.4870665 0.8717941 -0.052298 -0.4870729 0.9922551 -0.05227833 -0.11268 0.9941514 -0.05230355 -0.09448486 0.9941515 -0.0523023 -0.09448438 0.9920341 -0.05231368 -0.1145935 0.9910331 -0.05240511 -0.1229107 0.98419 -0.05227863 -0.1692249 0.9841855 -0.05225998 -0.1692569 -0.7037569 -0.05249536 0.7084988 -0.8677276 -0.05230593 0.4942803 -0.8677324 -0.05230695 0.4942718 -0.636508 -0.05231672 0.7694937 -0.4883651 -0.05229294 0.8710712 -0.7644212 -0.05231696 0.6425911 -0.4883677 -0.05230194 0.8710693 -0.7648356 -0.05229401 0.6420996 -0.6369396 -0.05231529 0.7691366 -0.9986197 -0.05229628 0.004874289 -0.9979731 -0.05229157 0.036269 -0.9986225 -0.05229717 0.004265666 -0.9979736 -0.05228847 0.03626006 0.002768218 0.9996573 0.02603071 -0.5573951 -0.05190569 0.8286234 -0.5574155 -0.05235671 0.8285812 -0.5573393 -0.05229252 0.8286365 -0.5574018 -0.05233746 0.8285916 -0.5574125 -0.05233049 0.8285849 -0.5550344 -0.05233699 0.8301793 -0.5550345 -0.05233633 0.8301793 -0.5550344 -0.05233693 0.8301793 -0.5573831 -0.0523349 0.8286044 0.601123 0.05230647 0.7974428 0.647638 0.01779043 0.7617406 0.6469342 0.05289208 0.7607094 0.6011232 -0.05230617 0.7974428 0.6476485 -0.01779121 0.7617316 0.6469432 -0.05289262 0.7607017 0.9355569 -0.05214059 -0.3493061 0.8714594 0.05229002 -0.4876722 0.9355492 0.05248463 -0.3492752 0.8714631 -0.05229198 -0.4876655 0.966736 0.01731407 -0.25519 0.9655918 0.05191516 -0.2548281 0.9667345 -0.01814937 -0.2551375 0.9654808 -0.05358338 -0.2549034 0.9667556 -0.01700216 -0.2551367 0.9853913 -0.01653248 -0.169501 0.9842768 -0.05034816 -0.1693055 0.965624 -0.0513001 -0.2548308 0.9667441 0.01699662 -0.2551801 0.9842792 0.05035072 -0.1692906 0.985397 0.01653379 -0.1694687 0.965624 0.0513001 -0.2548308 0.990955 0.05388849 -0.1228998 0.9853685 0.01816332 -0.1694672 0.9841124 0.05363059 -0.1692532 0.99224 0.01829266 -0.1229846 0.9922292 -0.01829063 -0.123072 0.9853644 -0.01816385 -0.1694909 0.9909516 -0.05388575 -0.1229275 0.9841167 -0.05362832 -0.1692292 0.9934383 0.0186851 -0.1128339 0.9922265 0.01863455 -0.1230418 0.9909199 0.05453985 -0.1228952 0.9922264 -0.0186336 -0.123043 0.9921287 0.05468112 -0.1126535 0.9934405 -0.01868629 -0.1128137 0.9909172 -0.05453753 -0.1229184 0.992132 -0.05468142 -0.1126242 0.9934574 -0.01778101 -0.1128113 0.9940156 -0.05486547 -0.0944615 0.9922288 -0.05283486 -0.1126521 0.995338 -0.01877546 -0.09460341 0.9934283 0.01927947 -0.1128206 0.995365 0.01727837 -0.0946052 0.9920612 0.05586183 -0.1126679 0.994175 0.0518608 -0.09448003 -0.6539443 0.1005885 0.7498259 -0.5577504 0.05240494 0.8283528 -0.5576158 0.05231982 0.8284487 -0.7353697 0.1453493 0.6618951 -0.6984808 0.1376056 0.7022745 -0.9435412 0.3267772 0.05428242 -0.9183333 0.2775211 0.2822165 -0.8476511 0.2167057 0.484279 -0.8340696 0.2661789 0.4831944 -0.9010134 0.4303378 0.05462837 -0.9000132 0.3878713 0.1988273 -0.9022191 0.4108163 0.1312664 -0.8866505 0.3493472 0.3029976 -0.9777071 0.2028888 0.05408382 -0.9200515 0.2783534 0.2757256 -0.9439212 0.3257871 0.05362415 -0.5597643 0.05291688 0.8269606 -0.8480371 0.2162229 0.4838189 -0.7317339 0.1427085 0.6664832 -0.649852 0.09832549 0.7536741 -0.5575137 0.05234122 0.828516 -0.9558901 0.1011961 0.2757418 -0.9927548 0.1072884 0.05410397 -0.8709542 0.09008103 0.4830365 -0.7429826 0.07423508 0.6651812 -0.6554087 0.06373715 0.7525804 -0.5578169 0.05228787 0.8283154 -0.9970947 0.05227577 0.05540394 -0.959413 0.05680918 0.2762237 -0.9948964 0.05948811 0.08150053 -0.9925124 0.06492435 0.1034605 -0.9577015 0.05696362 0.2820695 -0.8735717 0.0585184 0.4831647 -0.8677816 0.05839395 0.493503 -0.7441734 0.05711305 0.6655406 -0.7317619 0.05722373 0.679154 -0.6560598 0.05521011 0.7526869 -0.5579643 0.05226206 0.8282177 -0.5572286 0.05232268 0.828709 -0.7319163 -0.05676746 0.6790259 -0.7448681 -0.0567851 0.664791 -0.6563 -0.05519288 0.7524785 -0.5577821 -0.05230605 0.8283377 -0.5572263 -0.05233919 0.8287096 -0.8677854 -0.05838871 0.493497 -0.8743167 -0.05836611 0.4818337 -0.9577012 -0.05696493 0.2820703 -0.9597816 -0.05679494 0.274943 -0.9970886 -0.05229449 0.05549621 -0.9971309 -0.05228871 0.05473512 -0.5602537 -0.05309051 0.826618 -0.7356314 -0.1449229 0.6616977 -0.6539479 -0.1003934 0.7498489 -0.5573014 -0.05242925 0.8286534 -0.9767118 -0.2077888 0.05345916 -0.9439558 -0.3256472 0.05386531 -0.9186674 -0.2765536 0.2820788 -0.8478584 -0.2160195 0.484223 -0.6595654 -0.06438046 0.748885 -0.5573165 -0.05232441 0.8286498 -0.747524 -0.07477062 0.6600131 -0.8715178 -0.09015423 0.4820053 -0.9544634 -0.1010233 0.2807026 -0.9927189 -0.1072998 0.05473738 -0.5575242 -0.05234599 0.8285087 -0.6497325 -0.09925591 0.7536551 -0.7316085 -0.1430534 0.666547 -0.5577608 -0.05230057 0.8283523 -0.747273 -0.1770207 0.6405051 -0.9197178 -0.2791895 0.2759935 -0.9435289 -0.3268881 0.05382859 -0.8478313 -0.2167403 0.483948 -0.8654533 -0.3097742 0.3937394 -0.9010518 -0.4303363 0.05400365 -0.8934988 -0.3663576 0.2596963 -0.9022971 -0.3967605 0.1686453 -0.8214684 0.5702121 0.00691533 -0.5944613 0.6972931 0.4004974 -0.7231206 0.6585233 0.2084317 -0.8120055 0.5836308 0.004740476 -0.8074603 0.5727093 0.1414641 -0.8321869 0.5544264 0.008741259 -0.7663958 0.5798551 0.2764156 -0.7052112 0.5770258 0.411969 -0.6214725 0.563385 0.5443983 0.3034195 0.2861478 0.9088763 0.5196285 0.193951 0.8320873 0.3455955 0.3460538 0.8722444 0.1525735 0.4790739 0.8644129 -0.5012543 0.5360093 0.6792924 -0.4330434 0.6977581 0.5706199 0.05132085 0.3745089 0.9258021 -0.04875952 0.5854777 0.8092209 -0.2476144 0.6598163 0.7094573 -0.3553597 0.4974463 0.7913703 -0.1685777 0.4433897 0.8803336 0.4017567 -0.2468879 0.881838 0.3456306 -0.3461982 0.8721734 0.5196287 -0.1942299 0.8320222 0.2698935 -0.2986258 0.9154126 0.1526541 -0.4791163 0.8643751 0.08525407 -0.3629749 0.9278907 -0.04879355 -0.585649 0.8090949 -0.0607829 -0.4101091 0.9100088 -0.2477545 -0.6599228 0.7093093 -0.211018 -0.4560873 0.8645552 -0.4330427 -0.697771 0.5706048 -0.3461614 -0.494833 0.7970651 -0.4450593 -0.5216752 0.727858 -0.5944244 -0.697285 0.4005662 -0.8214827 -0.5701919 0.006895899 -0.8120789 -0.5835278 0.004832506 -0.7231746 -0.6584611 0.2084408 -0.5389459 -0.5453647 0.6419617 -0.6258655 -0.5643293 0.5383537 -0.702047 -0.5766252 0.4178917 -0.7631826 -0.580088 0.2846935 -0.8065732 -0.5729005 0.1456866 -0.8321135 -0.5545343 0.008880496 -0.3242009 0.7160709 0.6181717 -0.3689057 0.640691 0.6733675 -0.342032 0.7872235 0.513121 -0.2985732 0.8960984 0.3284232 -0.2410602 0.9620228 0.1280714 -0.1719985 0.9819635 -0.07851243 -0.2839613 0.9563788 -0.06859725 -0.3265911 0.6292512 0.7052527 -0.1777374 0.05229198 0.9826877 -0.3243985 0.539677 0.7768619 -0.3430168 0.05241644 0.9378657 -0.3694981 0.2642969 0.8908526 -0.3782384 0.463611 0.8012494 -0.3001583 0.7074215 0.6398906 -0.2872492 0.6987589 0.6551519 -0.01199644 0.05238199 0.9985551 -0.4327622 0.8997607 -0.05610233 -0.2741795 0.6883838 0.6715307 -0.2583486 0.6786822 0.687493 0.1998231 0.05242979 0.9784283 -0.558038 0.8286611 -0.04375535 -0.2424096 0.6716042 0.7001324 -0.218345 0.6645084 0.7146706 0.4296334 0.05242371 0.9014804 -0.6586323 0.7518866 -0.02949696 -0.2000319 0.6604168 0.7237659 -0.1846988 0.6572815 0.7306625 -0.7335512 0.6795006 -0.01347863 -0.1662784 0.64509 0.7457952 0.175649 0.4632332 0.8686556 -0.0492559 0.5851708 0.8094128 0.1522421 0.4785927 0.8647379 -0.2480682 0.6593503 0.7097318 0.2688639 0.4004131 0.8760033 0.3450871 0.345929 0.8724954 0.5193784 0.194092 0.8322106 0.6382799 0.05223572 0.7680302 -0.5693091 0.7164108 0.4032901 -0.8120219 0.5836074 0.004797458 -0.4332832 0.6973482 0.5709389 -0.5946241 0.6970493 0.4006801 -0.7232123 0.6584088 0.2084749 0.2862625 0.3748906 0.8817658 -0.1637031 0.6394386 0.7512121 -0.1771843 -0.05228209 0.9827881 -0.3782515 -0.4636143 0.8012413 -0.3694844 -0.2642993 0.8908576 -0.3429263 -0.05241334 0.9378989 -0.2622451 -0.9624155 -0.07059866 -0.1719394 -0.9819837 -0.07838958 -0.241084 -0.9620182 0.1280612 -0.3028597 -0.7088915 0.6369842 -0.2986683 -0.8960479 0.3284744 -0.3419 -0.7872549 0.5131609 -0.3689229 -0.640738 0.6733133 -0.2892357 -0.7003447 0.6525795 -0.3902971 -0.9187623 -0.0595318 -0.01101857 -0.05229717 0.9985708 -0.2781319 -0.6912984 0.6668953 -0.2669208 -0.6835206 0.6793769 -0.5361454 -0.8428608 -0.04619604 0.147505 -0.05230778 0.9876772 -0.2502029 -0.6748239 0.6942703 -0.2365388 -0.6695959 0.7040532 0.2946477 -0.05238395 0.9541692 -0.2118526 -0.6629971 0.7180204 -0.6745178 -0.7377752 -0.02671658 0.4276492 -0.05242204 0.9024235 -0.197112 -0.6597368 0.7251857 -0.1835029 -0.656913 0.7312948 0.5397644 -0.05252301 0.8401761 0.05384701 -0.5304588 0.8459989 0.6382617 -0.05216002 0.7680504 -0.05030876 -0.5894348 0.8062479 -0.1654868 -0.6439921 0.7469193 0.26884 -0.4004482 0.8759946 0.3450837 -0.3459287 0.8724969 0.1522911 -0.4784932 0.8647842 0.519383 -0.1940956 0.8322069 0.1757003 -0.4629953 0.868772 0.07418859 -0.5232762 0.8489277 -0.04933822 -0.5850391 0.809503 -0.2481288 -0.6593397 0.7097206 -0.5709086 -0.7147854 0.4039124 -0.7233101 -0.658308 0.2084538 -0.8121877 -0.5833774 0.004701673 -0.5944774 -0.6971375 0.4007443 -0.4332376 -0.6973974 0.5709134 0.07469737 -0.522073 0.8496235 0.1148848 0.9731782 -0.1993138 0.08049356 0.984008 -0.1589 -0.1378089 0.990454 0.003090977 -0.41394 0.7290101 0.5451588 -0.07028216 0.9939706 -0.08415961 -0.1719277 0.9819748 -0.07852631 -0.369472 0.2643017 0.8908621 -0.3429742 0.05239093 0.9378827 -0.3782578 0.4636339 0.801227 -0.3689152 0.6407117 0.6733425 -0.3420298 0.7872256 0.5131195 -0.2986777 0.8960524 0.3284535 -0.2409767 0.9620434 0.1280739 -0.5301544 0.05230432 0.8462864 -0.4292457 0.7317618 0.5294081 -0.4672278 0.7376028 0.4874836 -0.00570929 0.9959181 -0.09008079 -0.695032 0.05272823 0.7170428 -0.5111345 0.7423388 0.4332144 -0.5364117 0.7448969 0.3967255 -0.7889344 0.05289852 0.6121963 -0.6910963 0.5885933 0.4194566 -0.8671245 0.05249047 0.4953182 -0.838345 0.2922051 0.4602106 -0.7612398 0.5112612 0.3989064 -0.6413457 0.6993541 0.3155624 -0.638925 0.6699175 0.3781345 -0.5753152 0.7488608 0.3289679 -0.4862932 0.8469673 0.2148612 -0.3039575 0.9472016 0.1020745 -0.1726244 -0.9847058 0.02356624 -0.005694866 -0.9959189 -0.09007352 0.050502 -0.9933975 -0.1030095 0.06773626 -0.992093 -0.1056566 -0.8468731 -0.2517638 0.4684241 -0.7278509 -0.052886 0.6836931 -0.7928857 -0.4386991 0.4229367 -0.8671319 -0.05236715 0.4953182 -0.4139313 -0.7290053 0.5451716 -0.5497202 -0.05238544 0.8337047 -0.4493412 -0.05216962 0.8918358 -0.3764475 -0.721253 0.5814477 -0.2410154 -0.9620341 0.1280707 -0.1718606 -0.982 -0.07835906 -0.2986523 -0.8960696 0.3284301 -0.3419288 -0.7872239 0.5131894 -0.3689955 -0.6406437 0.6733632 -0.07027649 -0.9939808 -0.08404457 -0.3957409 -0.6337377 0.6646546 -0.4084734 -0.5435314 0.7332962 -0.3782072 -0.4636142 0.8012624 -0.3694617 -0.2642866 0.8908708 -0.3430449 -0.05238795 0.937857 -0.4333971 -0.7325209 0.5249572 -0.4764444 -0.7381981 0.4775608 -0.5196421 -0.7432276 0.4214082 -0.368818 -0.9186421 0.1416693 -0.5436046 -0.8008202 0.2513585 -0.6875342 -0.6379542 0.3468591 0.03510218 0.9939548 -0.1040278 0.03439372 0.9947635 -0.09624391 0.03560966 0.9919252 -0.1217229 -0.1382611 0.9903932 0.002295374 -0.1626977 0.9865244 0.01729452 -0.3042151 0.9472689 0.1006723 -0.3510388 0.9273714 0.1294373 -0.486596 0.8468263 0.2147318 -0.5217007 0.8197355 0.2363515 -0.6412804 0.6991035 0.3162497 -0.6640081 0.6703212 0.3313048 -0.7604228 0.5119611 0.3995659 -0.7722538 0.4867252 0.4083169 -0.8399256 0.2914308 0.4578136 -0.8437656 0.2755697 0.4605661 -0.8670065 0.05274802 0.4954972 -0.8675286 0.05272698 0.4945846 -0.8476141 -0.2519083 0.467004 -0.8430075 -0.2760394 0.4616717 -0.867924 -0.05231082 0.4939348 -0.8672348 -0.05244791 0.4951292 -0.7934773 -0.4387856 0.4217357 -0.7733155 -0.4863609 0.4067387 -0.6873745 -0.6379035 0.3472686 -0.6644689 -0.6700876 0.3308529 -0.5444273 -0.8001453 0.2517271 -0.5213387 -0.8198134 0.2368797 -0.3690235 -0.9187071 0.1407088 -0.3511372 -0.9272354 0.1301431 -0.1730815 -0.9846355 0.02314251 -0.1622149 -0.9865984 0.01761102 0.03760164 -0.9935268 -0.107195 0.03453528 -0.9947183 -0.09665876 0.04108679 -0.9906997 -0.1297157 0.08375835 0.9948843 -0.0564779 -0.1197276 0.9353634 0.3328074 -0.005898952 0.9903701 0.1383196 0.1082457 0.9920973 -0.06345033 -0.6367826 0.05223131 0.7692723 -0.4883627 0.05201041 0.8710894 -0.4566648 0.2803535 0.8443099 -0.4002073 0.4936885 0.7720789 -0.1623198 0.9865854 0.0173645 0.05984836 0.9966788 -0.05522263 0.03451061 0.9947552 -0.09628707 -0.3508746 0.9273315 0.130167 -0.8424081 0.276429 0.4625317 -0.7643314 0.05238777 0.6426922 -0.7734174 0.4860977 0.4068595 -0.8677294 0.05232739 0.4942746 -0.4003205 0.7576485 0.515473 -0.3223622 0.6801659 0.6583746 -0.2271654 0.8300879 0.5092641 -0.4548507 0.7554135 0.4716582 -0.5057381 0.7528309 0.4212775 -0.6645856 0.6703258 0.3301355 -0.5212888 0.820003 0.2363326 -0.6367869 -0.05223506 0.7692685 -0.4001981 -0.4936773 0.7720909 -0.4566599 -0.2803517 0.8443132 -0.4883509 -0.05190855 0.8711022 0.08368468 -0.9948832 -0.0566073 0.1082459 -0.9920958 -0.06347322 -0.005898952 -0.9903714 0.1383103 -0.1197277 -0.9353652 0.3328023 -0.8424011 -0.2764344 0.4625412 -0.7643328 -0.0523892 0.6426903 -0.8677256 -0.05232852 0.4942815 -0.7734166 -0.4860996 0.4068588 -0.16231 -0.9865867 0.01738321 0.05984866 -0.9966787 -0.0552259 -0.3508737 -0.9273293 0.1301856 0.03453141 -0.9947564 -0.09626775 -0.4003232 -0.7576511 0.5154671 -0.2271639 -0.830093 0.5092565 -0.3223562 -0.6801583 0.6583855 -0.4548503 -0.7554129 0.4716594 -0.5057392 -0.752833 0.4212725 -0.521291 -0.8199988 0.2363424 -0.6645879 -0.6703264 0.3301298 -0.2516492 0.7607334 0.5982955 -0.4565544 0.2804017 0.8443536 -0.4882656 0.05220013 0.8711325 -0.4002534 0.4936406 0.7720857 -0.3224308 0.6801074 0.6584015 -0.2272301 0.8300623 0.509277 -0.1974528 0.8389743 0.5070843 0.1217513 0.9902742 -0.06733232 -0.1442809 0.8982959 0.4150272 -0.1197291 0.9353663 0.3327984 -0.00590825 0.9903583 0.138404 0.1082158 0.9920972 -0.06350237 -0.1687228 0.7596585 0.6280539 -0.2786467 0.05219137 0.9589745 0.136511 0.9880731 -0.07124847 -0.1185086 0.7580917 0.6412899 -0.05246806 0.7546504 0.654026 -0.06565409 0.05229234 0.9964713 0.1542729 0.9851981 -0.07472974 0.0345596 0.7485917 0.6621301 0.1268956 0.7405718 0.6598871 0.1325332 0.05238884 0.9897932 0.174892 0.9815435 -0.07736438 0.2024546 0.7331972 0.6491795 0.2841174 0.7237821 0.6288219 0.3553677 0.05268585 0.9332406 0.1973677 0.9770883 -0.0796526 0.365729 0.7125946 0.5987079 0.4069987 0.70587 0.5797412 0.4454753 0.05287855 0.8937312 0.2513853 0.9640961 -0.0855804 0.5162453 0.4899811 0.7024312 0.5057941 0.05215835 0.8610759 0.5391223 0.2840994 0.7928649 0.5402726 0.4990313 0.6775495 0.5064496 0.5911517 0.6277328 0.5093402 0.6840569 0.5221481 0.4870135 0.6890406 0.5366944 0.4483694 0.8284882 0.3355182 0.3606635 0.9237754 0.1286897 -0.2505272 -0.7607176 0.5987862 -0.005794346 -0.9903504 0.1384656 0.1083739 -0.9920861 -0.0634064 -0.1197198 -0.935368 0.3327972 -0.2271894 -0.8300904 0.5092495 -0.3223741 -0.6800791 0.6584584 -0.3002707 -0.6693202 0.679594 -0.4199702 -0.05220359 0.9060354 -0.3413999 -0.5745233 0.7438879 -0.4002619 -0.4936078 0.7721022 -0.4565631 -0.2804181 0.8443436 -0.4882463 -0.05224442 0.8711408 -0.1694565 -0.759763 0.6277299 0.1406234 -0.9874312 -0.07214462 -0.3148428 -0.05230545 0.9477015 -0.1183965 -0.7580094 0.6414079 -0.05345344 -0.7547288 0.6538557 0.1611775 -0.9840189 -0.075688 -0.1422113 -0.05232185 0.9884526 0.03575253 -0.7484773 0.6621959 0.1238916 -0.7409099 0.6600784 0.1796649 -0.9806398 -0.07788574 0.08399933 -0.05259358 0.9950769 0.2034437 -0.7330842 0.648998 0.2820051 -0.7239577 0.6295701 0.2135833 -0.9736098 -0.0804122 0.2831287 -0.05252075 0.9576428 0.3738572 -0.7112923 0.5952261 0.440747 -0.7788727 0.4462056 0.251399 -0.9640878 -0.08563536 0.360612 -0.9237905 0.1287255 0.4483207 -0.8285349 0.3354679 0.509343 -0.6840963 0.5220939 0.4672674 -0.6932827 0.5486531 0.5403113 -0.4991241 0.6774503 0.5391724 -0.2840501 0.7928485 0.5058253 -0.05215877 0.8610576 0.3630749 0.9230241 0.127292 0.3957201 0.9148458 -0.0803923 0.6754788 0.7266916 -0.1250915 0.6332735 0.6295798 0.4501045 0.539753 0.2835398 0.792636 0.5058306 0.05248498 0.8610348 0.5416556 0.4982439 0.6770246 0.5112459 0.6833783 0.5211735 0.4506204 0.8278126 0.3341673 0.5995088 0.05406427 0.7985402 0.6504765 0.2585318 0.714172 0.6679487 0.4496065 0.5930417 0.6510924 0.6174925 0.4413408 0.6006247 0.7536913 0.2668328 0.5192772 0.8509758 0.0786851 0.4124115 0.9040957 -0.1119278 0.5056723 -0.05209702 0.8611513 0.6518951 -0.2563689 0.7136581 0.6009333 -0.05239647 0.79758 0.5392886 -0.2841423 0.7927364 0.6693001 -0.4475064 0.5931066 0.5407578 -0.4989447 0.6772262 0.6522185 -0.6157634 0.4420934 0.5101885 -0.6837718 0.5216933 0.4492326 -0.8282545 0.3349395 0.6017681 -0.7522874 0.2682142 0.361558 -0.9234954 0.1281877 0.5203264 -0.8501515 0.08064121 0.4022623 -0.9116586 -0.08404523 0.7028203 -0.6999889 -0.1267248 0.4121798 -0.9043128 -0.1110235 0.6833791 0.2265586 0.6940203 0.6517707 0.2565481 0.7137073 0.6008979 0.05231016 0.7976124 0.6692212 0.4476822 0.5930632 0.6159886 0.05237114 0.7860124 0.7205567 0.3876505 0.5749133 0.6522989 0.6157709 0.4419642 0.7280974 0.5311502 0.4333057 0.6017382 0.7523117 0.2682132 0.7061284 0.6525089 0.2749814 0.5203047 0.8501736 0.0805481 0.6560041 0.7473318 0.1056123 0.610872 0.7898558 -0.05443549 0.4121689 0.9043115 -0.1110742 0.6263049 0.7790028 -0.02994728 0.6264284 -0.7788656 -0.03091841 0.6098657 -0.7904976 -0.05636924 0.4123131 -0.9042639 -0.1109272 0.6559197 -0.7474557 0.1052585 0.520406 -0.8501082 0.08058428 0.7060119 -0.6528633 0.2744392 0.6018708 -0.752182 0.2682794 0.7281177 -0.528977 0.4359222 0.6523719 -0.6156463 0.4420301 0.669218 -0.4475959 0.5931317 0.7198655 -0.383356 0.5786466 0.6517879 -0.2564771 0.7137171 0.682625 -0.224513 0.6954258 0.6008717 -0.05241841 0.797625 0.6159313 -0.05236089 0.786058 0.6376081 0.0523585 0.7685796 0.6406998 0.05246633 0.7659969 0.7902305 0.131877 0.5984516 0.8951073 0.2038967 0.3964961 0.9489176 0.264573 0.1719206 0.9555383 0.2919209 0.04157984 0.9452089 0.313976 -0.08943867 0.6553732 0.7478192 0.1060774 0.5765009 0.8143004 -0.06754022 0.5745654 0.8157669 -0.0663256 0.8723183 0.2903808 0.39337 0.6338572 0.0523312 0.7716777 0.857008 0.5090854 -0.07980734 0.855387 0.3305999 0.3987691 0.8240237 0.3918632 0.4091798 0.6258705 0.05250656 0.7781575 0.7225363 0.6877286 -0.07050323 0.7927913 0.4426659 0.4189618 0.7741019 0.4689593 0.425257 0.6446751 0.761558 -0.06650882 0.7431116 0.5089842 0.4344197 0.6833638 0.2265021 0.6940538 0.6159358 0.05225479 0.7860615 0.7205558 0.3876146 0.5749386 0.7279841 0.5311508 0.4334952 0.7058019 0.6527509 0.2752456 0.5679626 -0.8203902 -0.06617021 0.5731407 -0.8166907 -0.06727665 0.6551928 -0.7480115 0.1058358 0.8931791 -0.2302628 0.3862776 0.9106434 -0.4042212 -0.08563762 0.9452245 -0.3139638 -0.08931636 0.9517263 -0.2705312 0.1450171 0.9039682 -0.2115768 0.371587 0.8048288 -0.1405737 0.5766192 0.729218 -0.09733539 0.6773234 0.6405802 -0.0523495 0.7661049 0.6353773 -0.05236178 0.7704247 0.8749722 -0.2835604 0.3924505 0.8430943 -0.5319469 -0.07889682 0.8586139 -0.3233022 0.3978166 0.831052 -0.3797968 0.4063338 0.7074823 -0.7032189 -0.07036978 0.6286993 -0.05255842 0.7758703 0.7993907 -0.4329438 0.4165742 0.7773843 -0.4648972 0.4237268 0.6225085 -0.05235135 0.7808601 0.7419328 -0.4352271 0.5100129 0.7198542 -0.383112 0.5788222 0.7280341 -0.5289594 0.4360831 0.682623 -0.2242377 0.6955165 0.6159306 -0.05211305 0.7860749 0.745605 -0.5065616 0.4329764 0.7058107 -0.6529666 0.2747105 0.6443155 0.05228608 0.7629705 0.7902189 0.1317945 0.5984849 0.6405096 0.05237519 0.7661622 0.8951175 0.2039095 0.3964667 0.9741138 0.2071053 -0.0906077 0.9489736 0.2643874 0.1718964 0.9556335 0.291597 0.04166191 0.9452831 0.3137382 -0.08948898 0.8033559 0.07222467 0.5911032 0.6463798 0.05230695 0.7612209 0.9169342 0.08810138 0.3891913 0.9810918 0.09922325 0.1661741 0.9940057 0.1030043 0.03664302 0.9900038 0.1051061 -0.09404975 0.9741162 -0.2070884 -0.09061986 0.951737 -0.2704771 0.145048 0.9453091 -0.313704 -0.08933514 0.9039878 -0.2115389 0.3715607 0.6443908 -0.05228388 0.762907 0.8047018 -0.1406642 0.5767745 0.7291256 -0.09732443 0.6774244 0.6406677 -0.05224227 0.766039 0.9851146 -0.1000916 0.1397529 0.9900507 -0.1050914 -0.09356987 0.9267216 -0.08958446 0.3649132 0.8183382 -0.07421195 0.5699257 0.738433 -0.0637443 0.6713073 0.6460858 -0.05221217 0.7614769 0.9952166 0.05287533 -0.08214789 0.9941613 0.05229598 -0.09438478 0.9959844 0.05338621 -0.07186836 0.997783 0.05548304 0.0367552 0.9984021 0.05513572 0.01239073 0.9844099 0.05760145 0.1661902 0.9727327 0.05805248 0.2245467 0.9912708 0.05689144 0.1189351 0.9192802 0.0589866 0.3891587 0.9030507 0.05922901 0.425431 0.8045999 0.05717605 0.5910584 0.7927638 0.0571286 0.606846 0.6465174 0.05227559 0.7611061 0.6469288 0.05234938 0.7607515 0.6459569 -0.0522952 0.7615807 0.7928695 -0.05696588 0.6067231 0.6469305 -0.05231952 0.7607521 0.7390592 -0.05538898 0.6713596 0.8197395 -0.05759489 0.5698335 0.903096 -0.05908036 0.4253552 0.9291637 -0.05903124 0.364925 0.9727193 -0.05831897 0.2245355 0.9885236 -0.05723482 0.139805 0.9983963 -0.05520254 0.01255261 0.991277 -0.05718034 0.118745 0.9952266 -0.05285894 -0.08203673 0.9941778 -0.05230116 -0.09420835 0.9959595 -0.05338495 -0.07221311 0.9984138 -0.0549401 0.01231646 0.9941489 -0.05267888 -0.09430265 0.9953762 -0.01754868 -0.09443622 0.9953671 0.01754873 -0.0945329 0.9984129 0.05494928 0.01234704 0.9941489 0.05267888 -0.09430265 0.991273 0.05686169 0.1189319 0.9912744 -0.0568853 0.1189083 0.9736534 -0.03955668 0.2245758 0.9725747 -0.06156325 0.2242956 0.9743608 -0.01703733 0.2243456 0.974536 -1.55045e-6 0.2242316 0.9743728 0.01705139 0.2242922 0.9736536 0.03957802 0.2245717 0.9725639 0.06166052 0.2243157 -0.5582032 -0.001126706 0.8297036 -0.5581859 6.65479e-4 0.8297157 -0.5581817 -0.01605325 0.8295634 -0.5576764 -0.04784947 0.8286783 -0.5578205 -0.03460818 0.8292397 -0.5572208 -0.05400854 0.8286061 -0.5576898 -0.05238264 0.8283951 -0.9576635 0.0570234 0.2821861 -0.9969765 0.05448102 0.05540567 -0.9982863 0.0183739 0.0555619 -0.9576906 -0.05701684 0.2820956 -0.9982796 -0.01837539 0.05567967 -0.996975 -0.05448079 0.05543249 -0.7319315 -0.05686891 0.679001 -0.7319478 0.05689525 0.6789811 -0.8677394 0.05842113 0.493574 -0.8677271 -0.05842477 0.4935956 -0.5578013 0.03483062 0.8292434 -0.5576056 0.05250394 0.828444 -0.5578921 0.01726841 0.8297339 -0.5580175 -5.26238e-6 0.8298292 -0.5580002 -0.0172286 0.829662 -0.5578265 -0.03482794 0.8292266 -0.5572495 -0.0524913 0.8286844 -0.9347938 9.71369e-7 0.3551912 -0.9979018 0.0535835 0.03634268 -0.998296 0.01753073 0.05565708 -0.9970722 0.05244868 0.05564492 -0.9991777 0.01814556 0.03625869 -0.999174 -0.01814138 0.03636336 -0.9982956 -0.01752942 0.05566716 -0.9979025 -0.05358254 0.03632777 -0.9970725 -0.05244868 0.05563837 -0.9986221 0.05230456 0.004260599 -0.9991604 0.01886963 0.03636556 -0.997826 0.05503851 0.03624886 -0.9991597 -0.018866 0.03638648 -0.9986221 -0.05230528 0.004260361 -0.997826 -0.05503851 0.0362513 -0.3734245 0.5463994 0.7496679 -0.4884067 0.05235475 0.8710442 -0.4714637 0.26601 0.8408095 -0.4323339 0.4673511 0.7711488 -0.3730227 0.6465634 0.6654397 -0.3855992 0.05253303 0.9211696 -0.343737 0.6374672 0.6895509 -0.3068663 0.7257097 0.6157748 1.23754e-5 1 2.41399e-6 -3.61815e-4 0.9999993 0.001152515 -0.296299 0.79556 0.5284801 -0.2055503 0.9073735 0.3666365 -0.1053134 0.9765683 0.1876792 -0.233774 0.7252305 0.6476036 -0.1995929 0.05242031 0.9784758 -0.1692385 0.7249021 0.667739 -7.9324e-5 1 3.88593e-4 -0.1044746 0.7252144 0.6805508 -0.0252366 0.7252153 0.6880595 -4.62681e-6 1 9.83477e-7 0.03128135 0.05238956 0.9981368 0.05515938 0.7252996 0.6862201 0.1357899 0.7253264 0.6748799 6.6936e-5 1 2.08169e-4 0.2640293 0.05240911 0.9630897 0.2147696 0.7253029 0.6540718 0.4173322 0.05238765 0.9072427 0.2670292 0.7252861 0.6345514 -9.23872e-6 1 -3.94285e-5 0.3027992 0.7254149 0.6181309 0.3317436 0.7254154 0.6030911 8.45492e-5 1 3.31849e-5 0.4224421 0.5493833 0.7209167 0.4356272 0.6621366 0.6097575 0.6006121 0.05234414 0.7978254 0.2302696 0.9104577 0.3435734 -2.37748e-5 1 2.12863e-5 -0.1870784 0.9765563 0.1064866 1.3411e-7 1 4.70132e-6 -0.471457 0.2660205 0.84081 -0.4883823 0.05222368 0.8710656 -0.6369469 0.05229955 0.7691316 -0.7382416 0.2661554 0.619807 -0.8677232 0.05234831 0.4942836 -0.8375675 0.2661899 0.4770992 -0.7648438 0.05220949 0.6420968 -0.6771143 0.4673397 0.5684276 -0.7681221 0.4675199 0.4375084 -0.5842249 0.6465595 0.490553 -0.6627936 0.6466698 0.3775219 -0.4639579 0.7956095 0.3895495 -0.5264061 0.7956374 0.2997629 -0.3219014 0.907383 0.2702512 -0.3652624 0.9073567 0.2080559 -0.1648076 0.9765781 0.1383241 -0.6148536 0.2659906 0.7424312 -0.4323125 0.4673962 0.7711334 -0.5639223 0.4672902 0.680905 -0.3730559 0.6466467 0.6653401 -0.4865657 0.6465496 0.5875606 -0.296306 0.7956185 0.5283882 -0.3863355 0.7956611 0.4665493 -0.2055485 0.9073529 0.3666884 -0.2680931 0.907361 0.3237627 -0.1052465 0.9765629 0.1877449 -0.1373046 0.9765613 0.1657578 7.30529e-6 1 -1.39475e-5 -1.92979e-5 1 -4.7707e-6 -0.7401214 0.05246961 0.6704232 -0.8375917 0.2660769 0.4771198 -0.8677393 0.05219864 0.4942709 0.1375722 0.9765706 0.1654806 1.83843e-5 1 4.68939e-5 -1.093e-5 1 -7.6294e-6 0.6384319 0.05253326 0.7678835 0.6162497 0.2657972 0.7413421 0.4569602 0.05260682 0.8879302 -0.159513 0.976557 0.1445409 2.32384e-5 1 3.54648e-6 -6.34417e-6 1 -1.37324e-5 -0.1870696 0.9765531 0.1065325 -0.3116227 0.9073096 0.2822774 -0.365198 0.9073895 0.2080258 -0.4490381 0.7955574 0.4067595 -0.5263432 0.7956756 0.2997722 -0.5653747 0.6466003 0.5121129 -0.6627858 0.6466428 0.3775821 -0.655213 0.4672507 0.59361 -0.768162 0.4673759 0.4375922 -0.7144108 0.2659783 0.6472039 -0.1244099 0.9765627 0.1756343 -1.38283e-5 1 1.79037e-5 -0.2430216 0.9073278 0.3430696 -0.350291 0.7955839 0.4943102 -0.4410317 0.6465881 0.6224267 -0.5110819 0.4672663 0.7214275 -0.5572857 0.2660815 0.7865325 -0.5773055 0.05250942 0.8148381 -0.0834701 0.9765614 0.1983955 -1.31689e-5 1 1.33216e-5 -0.1629291 0.9073821 0.3874428 -0.2348514 0.7955859 0.5584692 -0.2957406 0.6466014 0.7031672 -0.3427164 0.4672827 0.8149801 -0.3736662 0.2659958 0.8886057 -0.3871074 0.05257105 0.9205348 -0.03852057 0.976565 0.2117481 1.29566e-5 1 -2.52947e-5 -0.07516217 0.907356 0.4135889 -0.1083469 0.7956258 0.5960207 -0.1364216 0.6466174 0.7505167 -0.1580364 0.4673267 0.869845 -0.1723674 0.2659338 0.9484559 -0.1784936 0.0524168 0.982544 0.008326649 0.9765565 0.2151004 -6.31856e-6 1 -2.6986e-5 0.01622843 0.9073885 0.4199797 0.02332401 0.7955789 0.6054009 0.02938419 0.6465799 0.7622801 0.03412014 0.4671905 0.8834982 0.03717368 0.2660154 0.9632518 0.03852778 0.0524044 0.9978825 0.05467808 0.9765685 0.208145 -6.143e-6 1 -7.12275e-6 0.1067865 0.9073708 0.4065401 0.153929 0.7956296 0.5859007 0.193805 0.6466026 0.7377972 0.2246081 0.4671522 0.8551726 0.244962 0.2660389 0.9323181 0.2537286 0.0525425 0.9658473 0.0984705 0.9765717 0.1913411 0.1923419 0.9073856 0.3737059 0.2685687 0.9074734 0.3230527 0.277144 0.795633 0.5386646 0.3872357 0.795657 0.4658097 0.3490329 0.6466165 0.6782796 0.4876843 0.6465264 0.5866581 0.404509 0.4673347 0.7861113 0.5652154 0.4670567 0.6799924 0.4410545 0.2660731 0.8571325 3.23355e-6 1 -8.66503e-6 8.20542e-6 1 2.13142e-5 0.1375882 0.9765648 0.1655018 0.1202914 0.9738368 0.1928002 0.2686452 0.9073989 0.3231983 0.2344205 0.896726 0.3754057 0.3872567 0.7955861 0.4659134 0.3361588 0.7726797 0.5384825 0.4876919 0.6464976 0.5866835 0.4202791 0.6081607 0.6734287 0.5651656 0.4673374 0.6798409 0.4825341 0.4117975 0.7730355 0.616295 0.2660737 0.7412053 0.5194916 0.1939659 0.8321693 0.6384678 0.05236625 0.767865 -6.34044e-6 1 2.56002e-5 -1.07503e-5 1 -2.11457e-6 0.1203643 0.9738119 0.1928808 0.2343242 0.8967028 0.3755214 0.302508 0.2846869 0.9096386 0.4824951 0.4117564 0.7730815 0.5193384 0.1941218 0.8322286 0.4203013 0.6081165 0.6734547 -0.135388 0.9830479 0.123641 1.84998e-5 1 -7.02366e-5 -1.87173e-4 1 3.71575e-4 -0.6208203 0.5637175 0.5447979 -0.293385 0.9332711 0.2071968 -0.5003461 0.536983 0.679193 -0.5759736 0.7878574 0.2180254 -0.7060683 0.5764003 0.4113762 -0.7671094 0.5790489 0.2761262 -0.8080002 0.5717384 0.1423068 -0.8323845 0.5541237 0.009115576 0.1785441 0.8033487 0.5681135 0.3361725 0.7726756 0.5384799 1.53482e-5 1 -7.48038e-6 0.1267797 0.8126639 0.5687745 0.05060005 0.3748073 0.9257209 -1.02781e-5 1 1.06871e-4 0.04657733 0.8263824 0.5611799 -0.004969775 0.8349971 0.5502321 -0.1661972 0.4445956 0.880178 2.72417e-5 1 -2.26498e-6 -0.06889158 0.8453097 0.5298165 -2.94112e-4 0.9999995 9.52989e-4 -0.1188563 0.8528553 0.50844 -0.1728201 0.8608557 0.478603 -0.354846 0.4989368 0.7906621 -0.2197496 0.8675661 0.4461379 0.5218319 -0.4711356 0.711142 0.3181537 -0.8279498 0.4618198 0.5461002 -0.0524097 0.8360788 0.6006389 -0.05229961 0.7978082 -0.2292683 -0.8645333 0.4472341 9.53674e-7 -1 6.32554e-6 -0.1051968 -0.9765719 0.1877257 -0.2055644 -0.9073653 0.3666493 -0.2962184 -0.79561 0.5284503 -0.001015722 -0.9999972 0.002151608 -0.2722955 -0.8023331 0.5311466 -0.3143374 -0.724565 0.6133494 -0.4883757 -0.05231922 0.8710637 -0.3563893 -0.05243086 0.9328654 -0.3729762 -0.6465583 0.6654707 -0.4323034 -0.4672901 0.7712029 -0.4714608 -0.2659565 0.8408281 -0.2659749 -0.7248497 0.6354922 -4.10862e-4 -0.9999992 0.00124222 -0.223735 -0.7251158 0.6512678 -0.1489319 -0.7248673 0.672597 -0.1280702 -0.05242925 0.9903784 -1.66297e-5 -1 5.33015e-4 -0.07999253 -0.725189 0.6838876 8.37517e-4 -0.7252264 0.6885101 0.1100613 -0.05233943 0.9925459 2.27639e-5 -1 -1.27256e-5 0.08046972 -0.7253236 0.6836888 0.1536039 -0.7254263 0.6709415 0.3130214 -0.05237019 0.9483011 4.5605e-5 -1 2.26378e-4 0.215693 -0.7252629 0.6538121 0.2705711 -0.7253406 0.6329869 0.4551892 -0.05243492 0.8888494 1.05292e-4 -1 8.82149e-6 0.3416077 -0.7254135 0.5975614 0.3703345 -0.7253738 0.5802459 -0.63696 -0.05215883 0.7691304 -0.4883574 -0.05225312 0.8710779 -0.4714539 -0.2660446 0.8408042 4.78001e-6 -1 -1.34232e-5 -0.1870775 -0.9765577 0.1064752 -9.574e-6 -1 1.23084e-5 -0.614863 -0.2659908 0.7424234 -0.4323189 -0.4674025 0.771126 -0.5639231 -0.4672914 0.6809034 -0.373057 -0.6466459 0.6653402 -0.4865474 -0.6465874 0.5875342 -0.2963034 -0.7956062 0.5284082 -0.3863399 -0.7956634 0.4665418 -0.2055503 -0.9073505 0.3666936 -0.2680671 -0.9073823 0.3237247 -0.1052448 -0.976562 0.1877507 -0.1372981 -0.9765635 0.16575 -1.56276e-5 -1 1.42008e-5 1.54227e-5 -1 -2.59876e-5 -0.7382642 -0.2660131 0.619841 -0.8677251 -0.0523492 0.49428 -0.7648445 -0.05215448 0.6421004 -0.8375697 -0.2661902 0.4770953 -0.6771134 -0.4673367 0.5684312 -0.768123 -0.4675187 0.4375082 -0.5842373 -0.6465902 0.4904977 -0.662795 -0.6466712 0.3775171 -0.4639565 -0.7956032 0.3895637 -0.5264109 -0.795637 0.2997559 -0.3219034 -0.9073793 0.270261 -0.3652662 -0.9073559 0.2080529 -0.1648442 -0.9765667 0.1383618 -0.867738 -0.05234324 0.4942582 -0.8375852 -0.2661048 0.4771155 -0.740116 -0.05258017 0.6704206 0.09847891 -0.9765679 0.1913561 1.17207e-5 -1 1.68872e-5 0.1375681 -0.9765769 0.1654466 8.06898e-6 -1 3.0674e-5 0.1923421 -0.9073821 0.373714 0.2685703 -0.9074681 0.3230661 0.2771292 -0.7956607 0.5386312 0.3872349 -0.7956488 0.4658243 0.3490253 -0.646656 0.6782459 0.4876854 -0.6465258 0.5866579 0.4044993 -0.4673775 0.7860908 0.565217 -0.4670591 0.6799894 0.4410534 -0.2660719 0.8571335 0.6383573 -0.05264902 0.7679375 0.4569633 -0.05260562 0.8879286 0.6162922 -0.2658621 0.7412835 0.05468535 -0.9765657 0.2081562 3.63216e-6 -1 -1.1377e-5 0.1067903 -0.9073671 0.4065476 0.1539598 -0.7956535 0.58586 0.1938105 -0.6465306 0.737859 0.2246032 -0.4671458 0.8551774 0.2449684 -0.2659938 0.9323292 0.2537446 -0.05253952 0.9658434 0.008331656 -0.9765582 0.2150924 -4.98444e-6 -1 1.87233e-5 0.01623511 -0.9073715 0.420016 0.02332788 -0.7955774 0.6054028 0.02937906 -0.6466515 0.7622197 0.03414201 -0.4673848 0.8833945 0.03716713 -0.2660162 0.9632518 0.03851002 -0.05240559 0.9978831 -0.03852021 -0.976566 0.2117433 4.85685e-6 -1 1.23978e-5 -0.07516252 -0.9073539 0.4135934 -0.1083534 -0.7956267 0.5960183 -0.1364306 -0.6465857 0.7505423 -0.1580473 -0.4672075 0.869907 -0.1723592 -0.2660588 0.9484224 -0.1785926 -0.05228281 0.9825331 -0.08346921 -0.9765604 0.1984003 -5.17815e-7 -1 1.51545e-5 -0.1629298 -0.907377 0.3874546 -0.2348533 -0.7955841 0.5584709 -0.2957464 -0.6466044 0.7031621 -0.3427289 -0.4672459 0.8149959 -0.3736597 -0.2660359 0.8885964 -0.3870997 -0.05262053 0.9205352 -0.1244006 -0.9765645 0.1756317 1.65701e-5 -1 -3.40492e-5 -0.2429913 -0.9073452 0.3430453 -0.3502486 -0.7956349 0.4942582 -0.4410275 -0.6465864 0.6224313 -0.511056 -0.4673448 0.721395 -0.5572914 -0.2660802 0.7865288 -0.5773205 -0.0523709 0.8148365 -0.1595129 -0.9765583 0.1445329 -1.48267e-6 -1 -4.38094e-6 0 -1 -4.26173e-6 -0.1870675 -0.9765526 0.106541 -0.3116574 -0.9072881 0.2823085 -0.3652012 -0.9073855 0.2080374 -0.4490398 -0.7955566 0.4067594 -0.5263445 -0.7956701 0.2997842 -0.565354 -0.646636 0.5120906 -0.6627874 -0.6466436 0.3775778 -0.6552235 -0.4673287 0.593537 -0.7681655 -0.4673777 0.4375842 -0.7143916 -0.2660648 0.6471895 0.1375899 -0.9765661 0.1654924 1.09384e-5 -1 1.02585e-6 0.1203134 -0.9738306 0.1928178 -7.52509e-6 -1 6.80983e-6 0.2686729 -0.9073769 0.3232371 0.2343377 -0.8967623 0.3753709 0.3872638 -0.79558 0.4659175 0.3361396 -0.7727028 0.5384615 0.4877033 -0.6464772 0.5866966 0.4204014 -0.6080573 0.6734457 0.5651747 -0.4673164 0.6798477 0.4825525 -0.4117366 0.7730564 0.6163065 -0.2660146 0.741217 0.5195278 -0.1938738 0.8321682 0.6384383 -0.05227947 0.7678956 0.3998207 -0.2454945 0.8831058 0.5193006 -0.1939063 0.8323025 0.4824112 -0.4116559 0.7731875 0.4202693 -0.6081498 0.6734446 -1.42604e-5 -1 1.04308e-5 0.1202967 -0.9738364 0.1927993 9.74908e-6 -1 1.62423e-6 0.2343144 -0.8967106 0.3755089 -0.5509922 -0.8037858 0.2243576 -0.7637639 -0.5795419 0.2842465 -0.7027323 -0.5762963 0.4171928 -0.6253013 -0.5644325 0.538901 -0.3586198 -0.9059734 0.2249532 -0.5381038 -0.545752 0.6423388 -0.7099153 -0.6878957 0.1510623 -0.8067564 -0.5724292 0.146523 -0.8320038 -0.5546948 0.009136199 0.1783939 -0.8034219 0.5680571 0.336221 -0.7725998 0.5385584 0.2693402 -0.2976073 0.9159071 0.1102181 -0.815649 0.5679513 1.00872e-5 -1 -1.51992e-6 0.08479785 -0.3634023 0.9277651 0.05157786 -0.825562 0.5619496 0.007660388 -0.8328236 0.5534856 3.21977e-5 -1 -1.09375e-5 -0.05996507 -0.4113299 0.9095119 -0.04837495 -0.8420503 0.5372257 -0.09180563 -0.8489098 0.5205037 -3.28094e-4 -0.9999996 9.4457e-4 -0.2088879 -0.4574217 0.8643675 -0.1437037 -0.8565008 0.4957376 -0.3456861 -0.4961628 0.7964444 -0.1826577 -0.8622124 0.4724679 -0.2227758 -0.8681029 0.443586 -1.65299e-4 -1 1.96174e-4 -0.444634 -0.5224438 0.7275666 -0.2497377 -0.8718527 0.4213123 8.19564e-6 -1 -5.00493e-6 -0.2076643 -0.9634644 0.1691511 -0.8102092 -0.5860279 -0.01150834 -0.01845377 -0.01263672 0.99975 -0.06337779 -0.2892225 -0.9551616 -0.8472583 -0.5308051 0.01998925 -0.7690086 -0.6377936 -0.04295581 -0.7233756 -0.6864719 -0.07405537 -0.970908 -0.2175452 -0.1000592 -0.9934065 -0.05277973 -0.1017739 -0.9767884 -0.2055475 -0.06028974 -0.935678 -0.3524305 -0.01731026 -0.8708795 -0.4907983 0.02619284 -0.8634907 -0.5038418 0.02296417 -0.8582212 -0.5128421 0.02120304 -0.8981588 -0.4298396 -0.09245961 -0.856326 -0.516037 0.02029061 -0.8549303 -0.5183586 0.01996833 -0.8478724 -0.5229805 -0.08720034 -0.8531329 -0.5213102 0.02000552 -0.8513888 -0.5241587 0.01987159 -0.7870294 -0.6116012 -0.08079981 -0.8502524 -0.5260029 0.01979541 -0.7687347 -0.6381303 -0.04285675 -0.72303 -0.6868401 -0.07401514 -0.8491987 -0.5277022 0.01980054 -0.8103739 -0.5857982 -0.01161175 -0.8478366 -0.5298843 0.0198971 -0.9408903 -0.3384187 -0.01408034 -0.8814666 -0.4712409 0.03080308 -0.8706735 -0.4911624 0.02621263 -0.9355821 -0.3526864 -0.01727724 -0.9768761 -0.2051382 -0.06026113 -0.9784783 -0.197839 -0.05865144 -0.993435 -0.05226457 -0.1017616 -0.9933171 -0.05282175 -0.1026209 -0.9934396 -0.05205339 -0.1018251 -0.9934612 -0.05159997 -0.1018447 -0.9812352 -0.1855061 -0.05258262 -0.9785509 -0.1974814 -0.0586459 -0.9490064 -0.3152486 -0.002275764 -0.9409391 -0.3382804 -0.0141493 -0.8977756 -0.4378179 0.04811072 -0.8815152 -0.4711528 0.03075981 -0.9934462 -0.05183881 -0.1018704 -0.9944708 -0.05278277 -0.0907849 -0.9821935 -0.1828457 -0.04316675 -0.9813521 -0.1848728 -0.05263358 -0.9508586 -0.3095773 0.005475282 -0.9491521 -0.3148102 -0.002256929 -0.8976511 -0.4380703 0.04813492 -0.9010896 -0.4302491 0.05406963 -0.9509449 -0.3093109 0.005557894 -0.901719 -0.3980584 0.1686788 -0.9015033 -0.4294247 0.05372613 -0.8937687 -0.3655136 0.2599565 -0.9948212 -0.05251181 -0.08702474 -0.9821991 -0.1828272 -0.04312044 -0.9944464 -0.05286145 -0.09100645 -0.9951421 -0.05244529 -0.0833171 -0.9953951 -0.05235397 -0.080298 -0.8655223 -0.309844 0.3935326 -0.9956436 -0.05242675 -0.07710653 -0.9959254 -0.05227613 -0.07348275 -0.7473453 -0.1781956 0.6400948 -0.9962649 -0.05239385 -0.0686379 -0.7170484 -0.0574578 0.6946512 -0.5575098 -0.05234414 0.8285185 -0.8454824 -0.06010991 0.5306096 -0.9373119 -0.06006616 0.3432764 -0.9882978 -0.05740064 0.1413246 -0.9963548 -0.05235618 -0.06734949 -0.7163242 -0.0574069 0.6954022 -0.5575127 -0.05230462 0.8285191 -0.5574728 -0.05230957 0.8285456 -0.7170612 -0.05740106 0.6946427 -0.8444092 -0.06001907 0.5323258 -0.845557 -0.05997985 0.5305052 -0.9361573 -0.06000673 0.3464229 -0.9372832 -0.05999451 0.3433672 -0.988312 -0.0574215 0.1412171 -0.9876827 -0.05739212 0.1455652 -0.9963731 -0.05230712 -0.0671162 -0.9967375 -0.05234265 -0.06143873 -0.7128893 -0.05664092 0.6989855 -0.5575323 -0.05214393 0.8285161 -0.5574376 -0.05111092 0.8286441 -0.7163485 -0.05745959 0.6953728 -0.8391535 -0.05834448 0.5407564 -0.8443872 -0.0598554 0.5323793 -0.9361726 -0.06012982 0.34636 -0.9310066 -0.05790764 0.3603799 -0.9876879 -0.05739527 0.1455287 -0.9846667 -0.05500596 0.1655474 -0.9967412 -0.05224156 -0.06146311 -0.9980882 -0.04996597 -0.03638046 -0.5573967 -0.05229192 0.8285979 -0.5574505 -0.05149614 0.8286116 -0.7128623 -0.05647969 0.6990261 -0.7288432 -0.05289155 0.6826347 -0.8391008 -0.05838143 0.5408342 -0.8633675 -0.05080664 0.5020114 -0.9309747 -0.05789905 0.3604635 -0.9540781 -0.04611819 0.2959868 -0.9846857 -0.05500221 0.1654356 -0.9964272 -0.03898996 0.07491809 -0.9980876 -0.04993295 -0.03644073 -0.7279099 -0.05530411 0.6834389 -0.5576515 -0.05208379 0.8284395 -0.5576153 -0.05216413 0.828459 -0.7290046 -0.0534451 0.6824192 -0.8619548 -0.05525898 0.5039647 -0.8633115 -0.05144023 0.5020431 -0.9540953 -0.04583287 0.2959758 -0.9527859 -0.05139964 0.2992611 -0.9964272 -0.03910905 0.07485508 -0.9957635 -0.04657363 0.07928371 -0.7281607 -0.05089598 0.6835141 -0.5572612 -0.04915553 0.8288812 -0.5571938 -0.05563455 0.8285167 -0.7279866 -0.05444234 0.6834263 -0.8620502 -0.05043751 0.504307 -0.8619588 -0.05252271 0.5042504 -0.9529092 -0.04932475 0.2992179 -0.9528706 -0.04880315 0.2994263 -0.9953627 -0.05446553 0.07928812 -0.9952192 -0.0557208 0.08021199 -0.7279402 -0.05114758 0.6837303 -0.5581402 -4.46034e-6 0.8297468 -0.5574736 -0.04637104 0.8288987 -0.7279596 0.05112546 0.6837112 -0.5574887 0.04637277 0.8288884 -0.8619799 -0.05249357 0.5042175 -0.8619931 0.05249357 0.5041947 -0.9527459 -0.05121743 0.2994194 -0.9527338 0.0511924 0.2994625 -0.9956693 -0.04729396 0.08003658 -0.9956642 0.04730808 0.08009219 -0.9526748 0.05268186 0.2993918 -0.9951242 0.05879884 0.07918655 -0.9527197 0.05300474 0.2991919 -0.9949604 0.05992299 0.08039426 -0.8621259 0.04906326 0.5043134 -0.862024 0.05116415 0.5042788 -0.7279353 0.05671036 0.6832967 -0.7281296 0.05316114 0.683375 -0.5568429 0.0586304 0.8285461 -0.5570179 0.05494123 0.8286812 -0.9527484 0.05178129 0.2993144 -0.9964597 0.03819841 0.07489269 -0.9540717 0.04620832 0.2959935 -0.9957904 0.04603105 0.07926362 -0.8619626 0.05512225 0.5039663 -0.8633825 0.05119341 0.5019463 -0.7292445 0.05349045 0.6821593 -0.7279349 0.05507016 0.6834311 -0.5575836 0.05215823 0.8284806 -0.5576546 0.05140239 0.8284801 -0.9964273 0.03899085 0.07491654 -0.9980877 0.04993295 -0.03644025 -0.9846855 0.05500221 0.165437 -0.9540788 0.04611867 0.2959845 -0.9309738 0.05789905 0.3604656 -0.8633682 0.05080664 0.5020102 -0.8391 0.05838137 0.5408353 -0.7288437 0.05289191 0.6826341 -0.7128595 0.05657881 0.6990209 -0.5573968 0.05227571 0.8285989 -0.5574519 0.05232697 0.8285586 -0.9846845 0.05495381 0.1654592 -0.9967571 0.05194818 -0.06145632 -0.9876883 0.05743539 0.1455095 -0.9980935 0.04985445 -0.03638809 -0.9310058 0.05790543 0.3603822 -0.9361819 0.06006824 0.3463456 -0.8391059 0.05838501 0.5408259 -0.844384 0.0598551 0.5323843 -0.7163504 0.05736392 0.6953787 -0.7128207 0.05673944 0.6990476 -0.5573754 0.05238324 0.8286065 -0.5574477 0.05243712 0.8285544 -0.9876829 0.05739188 0.1455636 -0.9963726 0.05231839 -0.06711494 -0.9883118 0.05742162 0.1412186 -0.9967407 0.05228441 -0.06143635 -0.9361516 0.05996966 0.3464446 -0.9372729 0.06003147 0.3433887 -0.8444229 0.05998241 0.5323083 -0.8455678 0.06001675 0.5304838 -0.7170611 0.05740112 0.6946427 -0.7163243 0.05740714 0.6954021 -0.5574734 0.0522859 0.8285467 -0.5575144 0.05235052 0.828515 -0.6951103 0.135812 0.705958 -0.937256 0.06000059 0.3434402 -0.9883217 0.05737829 0.1411673 -0.8456235 0.0601561 0.5303792 -0.7170432 0.05750232 0.6946528 -0.5573139 0.05231964 0.8286519 -0.9961473 0.05241543 -0.0703088 -0.834483 0.2665997 0.4822478 -0.9963579 0.05233454 -0.0673213 -0.9958125 0.05236119 -0.07493859 -0.9954262 0.05226701 -0.07996803 -0.888095 0.350755 0.2970833 -0.950886 0.3094924 0.005515396 -0.9011629 0.4300671 0.05429434 -0.9032424 0.4110977 0.1230928 -0.9009675 0.3893449 0.1914892 -0.9949924 0.05280983 -0.08485931 -0.9823086 0.1822309 -0.04314774 -0.9947177 0.05302643 -0.08789312 -0.9945298 0.05140328 -0.09092986 -0.8974065 0.438574 0.04810965 -0.9010899 0.4302483 0.05407083 -0.95087 0.3095425 0.005458831 -0.9490567 0.3150973 -0.002269923 -0.9813507 0.1848809 -0.05263215 -0.9821938 0.1828442 -0.04316711 -0.9934491 0.05174309 -0.1018897 -0.9944711 0.05278205 -0.09078156 -0.9409425 0.3382751 -0.01404893 -0.8815143 0.4711538 0.03076732 -0.8977794 0.4378206 0.04801642 -0.9490058 0.3152505 -0.002273023 -0.9785507 0.1974819 -0.05864828 -0.9812352 0.1855066 -0.05258041 -0.9934397 0.05205345 -0.1018233 -0.9934611 0.05159997 -0.1018452 -0.9784789 0.1978232 -0.05869537 -0.9934346 0.05226373 -0.1017659 -0.9768757 0.2051395 -0.06026357 -0.9934179 0.05249619 -0.1018091 -0.9408944 0.3384073 -0.0140807 -0.9355809 0.3526896 -0.0172761 -0.8706719 0.4911654 0.02621549 -0.8814669 0.4712398 0.03080582 -0.8657301 0.4999385 0.02393978 -0.976944 0.2047879 -0.06035268 -0.9934314 0.0522356 -0.1018109 -0.9356 0.3526403 -0.0172491 -0.8705777 0.4913343 0.02617394 -0.9709157 0.2174886 -0.1001065 -0.8589859 0.5115511 0.0214197 -0.9180505 0.385293 -0.09344869 -0.8578817 0.5134125 0.02113723 -0.8993818 0.4273084 -0.09230381 -0.8542924 0.5194032 0.0201162 -0.8566622 0.515458 0.02081137 -0.8465891 0.5250952 -0.08695995 -0.8508115 0.5250953 0.0198673 -0.8522093 0.5228344 0.01958626 -0.7847927 0.614506 -0.08051669 -0.8492938 0.5275481 0.01982414 -0.8101668 0.5860868 -0.01149994 -0.8476984 0.5301104 0.0197587 -0.7686886 0.6381818 -0.0429176 -0.7229779 0.6868777 -0.07417571 -0.7421141 -0.05232501 -0.668228 -0.7421037 0.05232471 -0.6682397 -0.7421025 -0.05232477 -0.6682412 -0.7421154 0.05232501 -0.6682266 -0.4917816 -0.05229771 -0.8691466 -0.7021355 0.0584895 -0.7096371 -0.491528 0.05230391 -0.8692896 -0.702201 -0.05852413 -0.7095695 -0.8634735 0.06057363 -0.5007441 -0.8634431 -0.06060606 -0.5007922 -0.9644675 -0.0585106 -0.2576416 -0.9644635 0.05848199 -0.2576627 -0.9986254 -0.05230259 0.003443479 -0.9986265 0.05228161 0.003454387 -0.9954912 0.05478608 0.07743293 -0.9986198 0.05239695 0.003611147 -0.9884033 0.05419629 0.141851 -0.863178 0.06060838 -0.5012488 -0.9645152 0.05846452 -0.2574731 -0.8634557 0.06061911 -0.500769 -0.4915442 0.05229353 -0.8692812 -0.7021356 0.05852556 -0.709634 -0.4919943 0.05228406 -0.869027 -0.4918938 -0.05227768 -0.8690843 -0.7021358 -0.05852538 -0.7096339 -0.4919941 -0.05228579 -0.8690271 -0.8633648 -0.06063807 -0.5009235 -0.8633462 -0.06060403 -0.5009595 -0.9644251 -0.05844724 -0.2578142 -0.9986277 -0.05226308 0.00335884 -0.9953668 -0.05606383 0.07811576 -0.9881592 -0.05418831 0.143545 -0.4915298 0.05234086 -0.8692864 -0.6877722 0.1422841 -0.7118459 -0.4915149 0.05245918 -0.8692878 -0.9778348 0.2093738 -0.001333653 -0.9439694 0.330024 0.002408385 -0.9221771 0.2862305 -0.2601183 -0.9942085 0.107371 0.004566192 -0.8606537 0.09252357 -0.5007143 -0.8507366 0.1515936 -0.5032562 -0.4915831 0.05235511 -0.8692556 -0.8347656 0.2220367 -0.5038516 -0.9778206 -0.2094388 -0.001561045 -0.9221941 -0.286131 -0.2601676 -0.9440813 -0.3297036 0.002483308 -0.491936 -0.05236756 -0.8690551 -0.4915424 -0.05213499 -0.8692918 -0.6877877 -0.1422946 -0.7118289 -0.8607871 -0.09253418 -0.500483 -0.9942085 -0.1073815 0.004335463 -0.8508223 -0.1516392 -0.5030974 -0.4918816 -0.05231606 -0.869089 -0.8346534 -0.2221273 -0.5039973 -0.4436048 0.6599565 -0.6063598 -0.4385005 0.6633997 -0.6063153 -0.4812499 0.4805659 -0.7331131 -0.4993 0.2731064 -0.8222607 -0.4917724 0.05273908 -0.8691251 -0.4118972 0.745007 -0.5246956 -0.247789 0.9661155 -0.07226014 -0.1898851 0.9790912 -0.07296526 -0.2891052 0.9190678 -0.2678295 -0.3732364 0.8120963 -0.448547 -0.5136207 0.6245402 -0.5883395 -0.371226 0.9261853 -0.06612193 -0.491829 0.05204159 -0.8691352 -0.5460657 0.6040512 -0.5804604 -0.5905876 0.571933 -0.569297 -0.5331979 0.8443033 -0.05340409 -0.491633 0.05240333 -0.8692244 -0.6422087 0.5279733 -0.5557088 -0.6618883 0.7486619 -0.03754067 -0.6752783 0.4952985 -0.5465151 -0.7121585 0.4536592 -0.5357458 -0.7666044 0.6418398 -0.018965 -0.491606 0.05258828 -0.8692284 -0.7397066 0.4181698 -0.5272269 -0.7651748 0.3798947 -0.5197958 -0.8594074 0.5112751 -0.004103362 -0.491654 0.05234551 -0.869216 -0.78973 0.336383 -0.5130041 -0.8037399 0.3078619 -0.5091398 -0.4919058 0.05260425 -0.8690578 -0.8247497 0.2532657 -0.505613 -0.9222536 0.2859438 -0.2601627 -0.9441553 0.3294927 0.002352714 -0.8345651 0.2223479 -0.5040463 -0.6877267 0.1425215 -0.7118425 -0.4917858 0.0524246 -0.8691366 -0.4560757 -0.6541299 -0.6034145 -0.4384803 -0.6636314 -0.6060763 -0.3733221 -0.81209 -0.4484871 -0.2890274 -0.9191415 -0.2676603 -0.1898512 -0.9790942 -0.07301384 -0.4023526 -0.9132433 -0.06402468 -0.4790157 -0.5596355 -0.6762781 -0.4916847 -0.05281347 -0.8691703 -0.4917858 -0.05262988 -0.8691243 -0.4992404 -0.2734953 -0.8221675 -0.4811027 -0.4810348 -0.7329024 -0.531597 -0.6135109 -0.5839598 -0.5784221 -0.5813436 -0.5722479 -0.4917632 -0.0523076 -0.8691565 -0.6315868 -0.5375793 -0.5586651 -0.4918856 -0.05217796 -0.869095 -0.6025421 -0.7967824 -0.04561913 -0.6684241 -0.5024137 -0.548443 -0.7058359 -0.4611377 -0.5377246 -0.4916114 -0.05233508 -0.8692407 -0.7467312 -0.6647424 -0.02258759 -0.7358022 -0.4234542 -0.528471 -0.7608121 -0.3870373 -0.5209293 -0.4918032 -0.05232465 -0.8691327 -0.8476107 -0.5305869 -0.005814254 -0.7872484 -0.3410729 -0.5137209 -0.801365 -0.312295 -0.5101823 -0.9014154 -0.4329553 -2.31415e-4 -0.8248332 -0.2531728 -0.5055235 -0.68805 -0.142453 -0.7115436 -0.4919775 -0.05231463 -0.8690348 -0.8347083 -0.2221867 -0.50388 -0.9220741 -0.2864993 -0.2601875 -0.9438492 -0.3303677 0.002414822 -0.1625988 0.984129 -0.07107651 -0.2895371 0.9192178 -0.2668464 -0.1906009 0.978982 -0.0725634 -0.2650786 0.926315 -0.2677202 -0.3739928 0.8121145 -0.4478833 -0.3532931 0.8202032 -0.4499452 -0.4392243 0.6630524 -0.6061713 -0.4232589 0.6715 -0.6082267 -0.4714302 0.4866085 -0.7355037 -0.4815073 0.4807651 -0.7328136 -0.4944873 0.276356 -0.8240811 -0.4993438 0.2738919 -0.8219727 -0.4916545 0.05223935 -0.8692221 -0.4916836 0.05247056 -0.8691917 -0.4917352 -0.05228531 -0.8691736 -0.4992277 -0.2740029 -0.8220063 -0.4916115 -0.0525909 -0.8692251 -0.4945275 -0.2763232 -0.824068 -0.4814791 -0.4807773 -0.7328242 -0.4713697 -0.4866073 -0.7355433 -0.4392356 -0.6630723 -0.6061413 -0.4231916 -0.6715247 -0.6082462 -0.3533114 -0.8202255 -0.4498902 -0.3739396 -0.8121047 -0.4479458 -0.2650884 -0.9263269 -0.2676692 -0.2894807 -0.919211 -0.2669309 -0.1625885 -0.9841286 -0.07110571 -0.1905785 -0.9789873 -0.07255262 -0.6645712 0.7465012 0.03287988 -0.663003 0.7466685 0.05397325 -0.833 0.5470889 0.08249193 -0.9447351 0.3105016 0.1051877 -0.9912276 0.05406975 0.1206 -0.9939827 0.05337166 -0.09565532 -0.5489794 0.8356418 0.01801496 -0.4482761 0.8936282 0.02184385 0.05865418 0.9970216 -0.05007636 -0.4324599 0.9016448 0.003901839 0.0580554 0.9973099 -0.0447511 -0.2019691 0.9793204 -0.01184135 -0.6664654 0.7432133 -0.05880528 0.05307602 0.9970652 -0.05517238 -0.6621603 0.7402293 -0.1166377 -0.6495609 0.7347341 -0.1955417 0.03843784 0.997475 -0.05971908 -0.945782 0.05234211 -0.3205572 -0.6338397 0.7296079 -0.2567479 -0.6176714 0.7251266 -0.3044233 0.0193873 0.9978197 -0.06308823 -0.8424718 0.05270653 -0.5361562 -0.5867464 0.716871 -0.3765962 -0.01167726 0.9977495 -0.06602883 -0.5587865 0.7102738 -0.4280992 -0.521517 0.7022985 -0.4845585 -0.06702816 0.9954088 -0.06832814 -0.696939 0.05267393 -0.7151933 -0.4822238 0.6942916 -0.5342468 -0.4563193 0.6887537 -0.5633747 -0.5811193 0.05236232 -0.8121321 -0.4591807 0.5813249 -0.6717252 -0.471128 0.4870558 -0.7354012 -0.4232434 0.6713874 -0.6083619 -0.4945175 0.2760905 -0.8241519 -0.491683 0.05133938 -0.8692595 -0.4239088 0.6785031 -0.5999457 -0.2648302 0.9264881 -0.2673665 -0.1624244 0.9841707 -0.07089573 -0.3534143 0.8202028 -0.4498509 -0.6648266 -0.7461641 0.03528159 -0.6632532 -0.7464454 0.05398714 -0.4483683 -0.8935819 0.02184689 -0.2020292 -0.979308 -0.01183408 0.0581274 -0.9973049 -0.04476916 0.05480062 -0.9970206 -0.05428475 -0.7660934 -0.6408039 0.04971396 -0.8326077 -0.5476935 0.08244001 -0.9978559 -0.05206924 0.03965425 -0.8449768 -0.5311849 0.062105 -0.9913022 -0.05272948 0.1205802 -0.9446533 -0.31076 0.1051585 -0.6666513 -0.7433202 -0.05523735 -0.9930602 -0.05339258 -0.1047885 -0.6629015 -0.7406846 -0.1093067 -0.653957 -0.7368953 -0.1712474 -0.958234 -0.05178111 -0.2812589 0.03599137 -0.9975276 -0.06035953 -0.6354286 -0.7303185 -0.2507299 -0.6196422 -0.7252416 -0.3001137 -0.9032202 -0.05225878 -0.4259839 0.002287387 -0.9978917 -0.06486028 -0.5889775 -0.7176657 -0.3715662 -0.8073227 -0.05244535 -0.5877752 -0.5606106 -0.7109121 -0.4246407 -0.5239003 -0.7030476 -0.4808874 -0.6517761 -0.05266773 -0.7565806 -0.04698276 -0.9965986 -0.06770497 -0.4836574 -0.6946104 -0.5325336 -0.4578396 -0.6889263 -0.5619285 -0.09563815 -0.9930166 -0.06907552 -0.3815898 -0.7652895 -0.5183834 -0.3535143 -0.8200798 -0.4499966 -0.423294 -0.6713606 -0.6083561 -0.2648564 -0.9264363 -0.2675204 -0.1620705 -0.984239 -0.07075917 -0.4239879 -0.6785389 -0.5998493 -0.4945282 -0.2763397 -0.8240621 -0.4917938 -0.05194914 -0.8691607 -0.4712483 -0.486712 -0.7355519 -0.9912301 0.05382692 0.1206877 -0.9447287 0.3093252 0.1086537 -0.9913408 0.05164688 0.1207317 -0.9444777 0.3112584 0.1052619 -0.8332493 0.5456358 0.08931601 -0.8324956 0.5478644 0.08243674 -0.6645209 0.7445497 0.06370097 -0.6628316 0.7468199 0.05398523 -0.4503747 0.8922071 0.03360486 -0.4479724 0.8937807 0.02183318 -0.2051628 0.9787269 0.001407444 -0.2019233 0.9793294 -0.01187115 0.05419963 0.9980511 -0.03092938 0.05800777 0.9973098 -0.04481476 -0.2019587 -0.9793223 -0.01186507 0.05419898 -0.9980514 -0.03091973 0.0579676 -0.9973125 -0.04480701 -0.2051807 -0.9787231 0.001416921 -0.4479686 -0.8937817 0.02187639 -0.450392 -0.8921945 0.03370594 -0.6628362 -0.7468163 0.05397796 -0.6645093 -0.7445603 0.06369829 -0.8325006 -0.5478643 0.08238738 -0.8332491 -0.5456345 0.08932554 -0.9444749 -0.3112848 0.1052094 -0.94473 -0.3093219 0.1086517 -0.9912317 -0.05381476 0.1206804 -0.9913476 -0.05163949 0.1206786 -0.9449152 0.3087282 0.1087309 -0.9429546 0.3118032 0.1166855 -0.9912525 0.05333441 0.1207228 -0.9913493 0.05153894 0.1207075 -0.8334138 0.5453809 0.08933711 -0.8297005 0.5483154 0.1046295 -0.6642137 0.744825 0.06368595 -0.4428259 0.8945884 0.06013971 -0.659309 0.7470145 0.08532923 -0.4502886 0.8922453 0.03374117 -0.1956364 0.9801946 0.03074228 -0.205256 0.9787073 0.001462757 0.06480985 0.9978973 -7.35787e-4 0.05416661 0.9980533 -0.03091669 -0.2052726 -0.9787038 0.001468122 -0.1956343 -0.9801949 0.0307424 0.06487864 -0.9978929 -7.33123e-4 0.05416691 -0.9980535 -0.03090757 -0.4502903 -0.8922445 0.03374189 -0.4428424 -0.8945803 0.06014001 -0.6642021 -0.7448351 0.06368911 -0.8296962 -0.548322 0.1046294 -0.6592978 -0.7470239 0.08533316 -0.8334137 -0.5453812 0.08933687 -0.9429526 -0.3118072 0.1166899 -0.9449154 -0.3087264 0.1087331 -0.9912515 -0.05332815 0.1207337 -0.9913485 -0.05153191 0.1207177 -0.5518193 0.7644143 -0.333416 -0.4336109 0.8343544 -0.3403447 -0.595992 0.6844951 -0.4198333 -0.725322 0.4974717 -0.4758468 -0.8149185 0.2830016 -0.5057846 -0.859714 0.05231124 -0.50809 -0.954522 0.05272591 -0.2934413 -0.4529091 0.8428132 -0.2907564 0.1236594 0.992303 -0.006565093 -0.3547343 0.9018056 -0.2468003 0.1542747 0.9879471 -0.01264607 -0.04805773 0.990184 -0.1312485 -0.2476257 0.9380093 -0.2425286 -0.6003482 0.7601943 -0.248368 0.09829366 0.9951559 -0.001746296 -0.6225378 0.757867 -0.1951523 -0.6468558 0.7547666 -0.1091102 0.07571297 0.9971284 0.001580595 -0.9965168 0.05256152 -0.06474101 -0.6591429 0.7514899 -0.02817523 -0.661064 0.7500776 0.01944535 -0.9965425 0.05229431 0.06456464 -0.8415043 0.5322963 0.09236383 -0.9432399 0.3109153 0.1167489 -0.8297649 0.548209 0.1046776 -0.9913438 0.05161261 0.1207213 -0.7621498 0.6418078 0.08491492 -0.6594679 0.7468587 0.08546489 -0.6598209 0.7476713 0.07499361 -0.1955788 0.9802061 0.03074038 0.06475198 0.9979012 -7.09242e-4 -0.4429215 0.8945386 0.06017649 -0.3505432 -0.901368 -0.2542741 -0.4342334 -0.8338472 -0.3407938 -0.2478498 -0.9379487 -0.2425343 -0.04786014 -0.990223 -0.131026 0.1545303 -0.9879057 -0.01275813 0.1275897 -0.9917919 -0.008366644 -0.4486927 -0.8420696 -0.2993221 -0.5470177 -0.7636399 -0.3429661 -0.9234666 -0.05200845 -0.3801378 -0.8597924 -0.05173021 -0.5080168 -0.8150007 -0.2824996 -0.5059329 -0.7251578 -0.4977669 -0.4757881 -0.5959569 -0.6845223 -0.4198387 -0.5791353 -0.7611455 -0.291993 -0.6007386 -0.7600416 -0.2478911 -0.9690915 -0.05240201 -0.2410721 0.1058319 -0.9943788 -0.003276824 -0.6227781 -0.7578122 -0.1945973 -0.6471582 -0.7545456 -0.1088456 -0.9984646 -0.05239444 -0.01798051 0.0797773 -0.996812 0.001263916 -0.6592341 -0.7514166 -0.02799338 -0.6613041 -0.7498666 0.01942104 0.07012248 -0.9975376 0.001359939 -0.424933 -0.9037569 0.05153089 -0.1958116 -0.9801599 0.03073352 -0.4429173 -0.8945479 0.06007063 0.06495529 -0.997888 -7.08515e-4 -0.5430209 -0.8373179 0.06346064 -0.6589831 -0.7473075 0.08528083 -0.6597716 -0.7477051 0.07508987 -0.9430848 -0.3113897 0.1167371 -0.9913129 -0.05214947 0.1207444 -0.8294746 -0.5486586 0.1046221 -0.8147299 0.2835971 -0.5057547 -0.7600103 0.2811864 -0.5859341 -0.8067356 0.05129241 -0.5886822 -0.8597754 0.05187374 -0.5080308 -0.7248882 0.4985397 -0.4753896 -0.6712457 0.4961887 -0.5506597 -0.5961232 0.6844717 -0.4196854 -0.3892576 0.833392 -0.3923472 -0.5451576 0.6839515 -0.4847821 -0.4341223 0.8339565 -0.3406676 -0.2121444 0.9366654 -0.2786622 -0.2480325 0.9379169 -0.2424706 -0.02306616 0.9885104 -0.1493827 -0.04797857 0.9902032 -0.1311333 0.5403605 -0.5418133 0.6437771 0.04332762 0.7447288 0.6659593 -0.1994745 -0.8286804 -0.522971 -0.873995 0.08381015 -0.4786528 0 0 -1 0.9402924 -0.2094767 0.2682723 -0.9574458 -0.09179741 -0.2736258 -0.2480497 -0.9379068 -0.2424917 -0.2121618 -0.9366774 -0.2786089 -0.0230692 -0.9885121 -0.149371 -0.04801583 -0.9902013 -0.1311333 -0.4343305 -0.833851 -0.3406603 -0.3890686 -0.8335842 -0.3921263 -0.5966181 -0.6837612 -0.42014 -0.5448843 -0.6843512 -0.4845251 -0.7255687 -0.4970111 -0.4759517 -0.6707436 -0.4972954 -0.5502731 -0.8150092 -0.2825981 -0.5058639 -0.7598435 -0.282139 -0.5856924 -0.8597661 -0.05184197 -0.50805 -0.8067762 -0.05129784 -0.5886262 0.5634841 0.6236146 0.54184 -0.7599167 0.2817062 -0.5858057 -0.6841586 0.2836713 -0.6719059 -0.7419584 0.05302202 -0.668346 -0.8068891 0.05090653 -0.5885053 -0.6709093 0.4967467 -0.5505666 -0.5876921 0.4984239 -0.6373317 -0.54523 0.6837739 -0.484951 -0.4580763 0.6846851 -0.5668973 -0.3893598 0.8331624 -0.392733 -0.1289457 0.9334402 -0.3347574 -0.3022235 0.8326952 -0.4639827 -0.2122519 0.9366367 -0.2786774 0.05124777 0.9809998 -0.1871178 -0.02314108 0.9885045 -0.1494101 0.2286647 0.9730879 -0.02850443 0.1671689 0.9858555 -0.01197826 -0.0231409 -0.988509 -0.1493806 0.05124747 -0.9810151 -0.1870381 0.2286629 -0.9730914 -0.02839791 0.1671707 -0.9858559 -0.0119217 -0.2122958 -0.9366075 -0.2787418 -0.1289421 -0.9334337 -0.3347771 -0.3894283 -0.8331289 -0.3927364 -0.4580951 -0.6846772 -0.5668916 -0.3021997 -0.8326848 -0.4640168 -0.5451893 -0.6838018 -0.4849576 -0.5877292 -0.4984012 -0.6373153 -0.6708707 -0.4967721 -0.5505907 -0.6841988 -0.283684 -0.6718597 -0.7598767 -0.2816988 -0.585861 -0.7420217 -0.05304199 -0.6682741 -0.8068073 -0.05089426 -0.5886186 0.07798469 0.351622 -0.9328882 0.03915137 0.3166987 -0.9477179 -0.2539265 0.2475569 -0.9350064 -0.5228836 0.1561309 -0.8379832 -0.7413894 0.05250316 -0.6690181 -0.7421015 0.05239409 -0.6682367 0.2457237 0.3789599 -0.8921936 0.3235911 0.3565776 -0.8764367 0.8229517 0.3971245 -0.4062546 0.3917275 0.3937574 -0.8315677 0.5671393 0.3659322 -0.7378664 0.518396 0.3986301 -0.7565447 0.8435385 0.3265835 -0.4263637 0.0548709 0.4152244 -0.9080628 0.7811195 0.4987781 -0.3755964 0.03562015 0.4580644 -0.8882052 -0.008620381 0.5334607 -0.8457809 0.662388 0.6894116 -0.2931791 -0.7421328 0.05236673 -0.6682041 -0.05920684 0.6022822 -0.7960846 -0.1073798 0.6512293 -0.7512457 0.518111 0.8327848 -0.1950144 -0.7421199 0.05230182 -0.6682235 -0.16345 0.694594 -0.7005879 -0.2054148 0.7201941 -0.6626653 0.3928068 0.912517 -0.1140863 -0.7420632 0.05251574 -0.6682697 -0.2514796 0.7409508 -0.6226957 -0.2992194 0.7555848 -0.5827171 -0.7421634 0.05219453 -0.6681835 -0.5212408 0.5780609 -0.6278166 -0.5875943 0.4987752 -0.637147 -0.4578053 0.6848896 -0.5668691 -0.6840648 0.284364 -0.6717087 -0.7419289 0.05347573 -0.6683426 -0.4464976 0.6733283 -0.5892953 -0.3572228 0.7642502 -0.5369484 0.05128628 0.9810084 -0.1870625 0.2284091 0.9731522 -0.02836012 -0.1287919 0.9334133 -0.3348913 -0.3020431 0.8327792 -0.4639492 0.08060973 -0.3544664 -0.9315877 0.1366754 -0.3334515 -0.9328076 0.4183099 -0.3635317 -0.8323831 0.6620917 -0.3606032 -0.6569626 0.8440515 -0.3258643 -0.4258987 0.7909118 -0.4774721 -0.3827258 -0.0899676 -0.3158833 -0.944523 -0.1530265 -0.2743591 -0.9493736 -0.7420427 -0.05229187 -0.66831 -0.241702 -0.273109 -0.9311239 -0.4153556 -0.1963576 -0.8882138 -0.3762621 -0.2275096 -0.898146 -0.7420245 -0.05233776 -0.6683267 0.05362027 -0.4186714 -0.9065535 -0.7421669 -0.05241918 -0.6681621 0.0310446 -0.4653117 -0.8846023 -0.0118246 -0.541379 -0.8406956 -0.742111 -0.05254667 -0.6682142 0.679063 -0.6676443 -0.305163 -0.05891633 -0.602272 -0.7961139 -0.1073448 -0.6510622 -0.7513955 -0.7421268 -0.05252724 -0.6681981 0.5590576 -0.7985898 -0.2229554 -0.1633318 -0.6946258 -0.7005838 -0.2055801 -0.7200555 -0.6627647 -0.7420668 -0.05253374 -0.6682644 0.4490372 -0.8808745 -0.1497526 -0.2514729 -0.740928 -0.6227256 -0.2993474 -0.7556475 -0.5825701 0.3177221 -0.9455275 -0.07092684 -0.07824689 -0.9362365 -0.3425474 0.05134147 -0.9810319 -0.1869236 -0.1290023 -0.9332888 -0.3351575 0.2283862 -0.9731593 -0.02829796 -0.1677032 -0.8966009 -0.4098569 -0.3021456 -0.8326445 -0.4641241 -0.2609053 -0.8403678 -0.4750899 -0.3572971 -0.7638086 -0.537527 -0.684137 -0.2840489 -0.6717685 -0.7420418 -0.05315947 -0.6682425 -0.5876601 -0.4984857 -0.6373129 -0.4578635 -0.6849142 -0.5667926 0.868432 0.1051741 -0.4845249 0.5676858 0.3628859 -0.7389498 0.8450022 0.3230208 -0.4261796 0.5915466 0.1327873 -0.7952612 0.345517 0.1385181 -0.928133 0.3224826 0.3537444 -0.877992 0.05570167 0.1328976 -0.9895634 -0.2381711 0.1153671 -0.964347 0.03812712 0.3138142 -0.9487187 -0.5137451 0.08760589 -0.8534584 -0.253988 0.2454987 -0.9355323 -0.7418411 0.05251139 -0.6685165 -0.5229722 0.1551139 -0.8381169 -0.7413716 0.05258816 -0.6690311 -0.7423775 -0.0520972 -0.6679533 -0.4149768 -0.1949636 -0.8886977 -0.7420651 -0.05247527 -0.6682708 -0.1524315 -0.2724473 -0.9500195 -0.4032738 -0.1002459 -0.9095719 0.1371223 -0.330746 -0.9337048 -0.1348953 -0.122641 -0.9832408 0.418683 -0.3603445 -0.8335804 0.1594209 -0.1360488 -0.9777913 0.4427694 -0.1377996 -0.8859835 0.6626286 -0.3574944 -0.6581194 0.6853472 -0.127263 -0.71701 0.8689139 -0.1053749 -0.4836164 0.8448058 -0.3228657 -0.4266859 -0.7424761 0.05232942 -0.6678256 -0.3552863 0.07965826 -0.9313572 -0.5638147 0.0679953 -0.8230977 -0.741645 0.05241841 -0.6687414 -0.5140054 0.0713371 -0.8548155 -0.1261574 0.08714056 -0.9881756 -0.237684 0.08414256 -0.9676913 0.1112639 0.08969992 -0.9897345 0.05715918 0.08945614 -0.9943493 0.3417865 0.08707797 -0.9357348 0.3472543 0.0870105 -0.9337257 0.5518758 0.07966792 -0.8301122 0.5936284 0.07763195 -0.8009861 0.7322645 0.0679661 -0.6776204 0.8599205 0.05531144 -0.5074225 0.8720673 0.05227196 -0.4865864 0.8512151 0.05726885 -0.5216829 0.8599423 -0.05523514 -0.507394 0.7326044 -0.06779265 -0.6772702 0.8720668 -0.05232274 -0.4865819 0.8512151 -0.05726885 -0.5216829 0.6867333 -0.07174146 -0.7233607 0.5519403 -0.07947885 -0.8300875 0.444228 -0.08427184 -0.8919416 0.3415451 -0.08712935 -0.9358181 0.1608414 -0.08961474 -0.9829035 0.1111674 -0.0895785 -0.9897563 -0.1347274 -0.08710461 -0.9870468 -0.1251007 -0.08690172 -0.9883309 -0.4032996 -0.07770454 -0.9117629 -0.3547953 -0.079607 -0.9315487 -0.7425553 -0.0523312 -0.6677374 -0.7416449 -0.05243527 -0.6687402 -0.5638139 -0.06799519 -0.8230981 0.8719193 -0.05230659 -0.4868477 0.7326664 0.06801491 -0.677181 0.8715791 0.05228555 -0.4874589 0.7324236 -0.06790375 -0.6774547 0.5520739 0.07981628 -0.8299663 0.5516211 -0.0798093 -0.8302679 0.3405145 0.08707737 -0.9361985 0.3410997 -0.08708328 -0.9359848 0.1109199 0.08962053 -0.9897803 0.1110771 -0.08956992 -0.9897672 -0.1250561 0.08709603 -0.9883195 -0.1262418 -0.08712238 -0.9881663 -0.3546779 0.0798009 -0.9315769 -0.3554199 -0.07978975 -0.931295 -0.5639083 0.06787079 -0.8230438 -0.5639853 -0.0678696 -0.8229911 -0.7417017 0.05227994 -0.6686894 -0.7418838 -0.0523045 -0.6684853 0.8454486 0.3271677 -0.4221113 0.8657024 0.1909604 -0.4627023 0.8375306 0.3237141 -0.4401723 0.8454478 -0.3271674 -0.4221133 0.8375297 -0.3237138 -0.4401742 0.8657015 -0.1909601 -0.4627043 -0.557435 0.051494 0.8286221 -0.5581204 3.00307e-4 0.8297598 -0.5581912 -8.31822e-4 0.829712 -0.5576403 0.05262285 0.8284131 -0.9998929 2.05978e-4 0.0146346 -0.9743732 0 -0.224938 -0.9743679 -5.76605e-6 -0.2249605 -0.9997957 -5.84182e-6 0.02021574 -0.9743658 -8.04663e-7 -0.2249698 -0.9944536 -1.58256e-5 -0.1051768 -0.9743644 9.308e-7 -0.2249755 -0.9692451 1.87772e-6 0.2460975 -0.9673124 -1.24564e-7 0.253588 -0.9998912 -1.45333e-6 0.01475578 -0.9998254 7.54331e-6 0.01868635 -0.974991 -6.75488e-6 0.2222447 -0.8986682 1.42481e-6 0.4386292 -0.8785008 -2.3657e-5 0.477741 -0.8374581 8.05897e-6 0.5465017 -0.7385805 -1.70543e-6 0.6741653 -0.967314 -9.58797e-7 0.2535819 -0.8993297 1.4148e-5 0.4372711 -0.7650812 -3.78361e-6 0.6439339 -0.5558546 -1.2143e-5 0.8312796 -0.878498 -3.03853e-5 0.4777461 -0.7650436 -2.56504e-6 0.6439785 -0.7386536 5.25708e-6 0.6740852 -0.5558614 5.97769e-6 0.831275 -0.3407624 0 0.9401495 -0.340763 0 0.9401493 -0.1058586 0 0.9943812 -0.1058581 0 0.9943813 0.1351861 0 0.9908203 0.1351861 0 0.9908202 0.3683717 0 0.9296786 0.3683719 0 0.9296786 0.5801612 0 0.8145018 0.5801615 0 0.8145015 0.7582163 0 0.6520031 0.7582163 0 0.6520032 0.8922193 0 0.4516025 0.8922193 0 0.4516026 0.9743676 0 0.2249622 0.9743676 0 0.2249622 -0.06442612 1.36268e-7 0.9979225 -0.06442612 -1.36268e-7 0.9979225 -0.06442672 0 0.9979225 -0.06442618 0 0.9979225 0.002762317 0.999657 0.0260446 0.002768456 0.9996575 0.02602791 0.002768397 0.9996574 0.0260303 0.002768397 0.9996573 0.02602976 0.002768278 0.9996573 0.02603113 0.002768397 0.9996574 0.02603036 0.002768397 0.9996573 0.0260306 0.002768337 0.9996574 0.0260297 0.002768397 0.9996574 0.02602964 0.002768456 0.9996573 0.02603107 0.002768337 0.9996573 0.02603077 0.002768456 0.9996575 0.02602696 0.002768337 0.9996573 0.02603065 0.002768337 0.9996573 0.0260306 0.002760112 -0.9996567 0.02605605 0.002768337 -0.9996573 0.02603173 0.002768337 -0.9996575 0.02602791 0.002768397 -0.9996574 0.02602976 0.002768397 -0.9996574 0.02602928 0.002768397 -0.9996573 0.02603226 0.002768516 -0.9996573 0.02603131 0.002768516 -0.9996574 0.02602696 0.002768397 -0.9996573 0.02603203 0.002768516 -0.9996573 0.02602982 0.002768516 -0.9996575 0.02602612 0.002768158 -0.9996573 0.02603328 0.002768456 -0.9996573 0.02603244 0.002768695 -0.9996573 0.02603018 0.9925773 -2.27485e-5 0.121616 0.9938806 2.58964e-5 0.1104604 0.9743587 -7.66664e-6 0.225 0.9961517 -1.41719e-5 0.08764618 0.999891 -6.8238e-6 -0.01476693 0.9916845 2.85401e-5 0.1286931 0.9913865 -2.64368e-6 0.1309685 0.9991258 -1.2761e-5 0.0418055 0.9996343 -2.63704e-6 -0.02704334 0.9743629 -2.01305e-6 0.2249825 0.9916656 -1.08836e-4 0.1288387 0.9925903 2.48832e-5 0.1215097 0.9943765 -9.15816e-6 0.1059021 0.9962251 2.99341e-5 0.08680862 0.9981611 -1.41542e-5 0.06061792 0.9927693 4.12017e-6 -0.1200379 0.9673121 -4.73112e-7 -0.253589 0.9751869 1.25961e-5 -0.2213832 0.9455026 -1.14865e-5 -0.3256144 0.9455046 3.50907e-7 -0.3256088 0.8785054 5.45057e-6 -0.4777325 0.9998909 1.66143e-5 -0.01477003 0.9997981 -5.5111e-6 0.02009594 0.9993912 -6.43777e-6 -0.0348913 0.995211 -9.83011e-7 -0.09775042 0.9861756 -9.27597e-7 -0.165704 0.8406212 1.46762e-5 -0.5416235 0.9454846 1.53133e-6 -0.3256669 0.9454929 0 -0.3256429 0.9695032 -2.56649e-6 -0.2450789 0.7386466 3.89805e-6 -0.674093 0.9673113 -1.76663e-5 -0.2535921 0.6872346 2.10442e-5 -0.7264356 0.5558434 -3.9814e-7 -0.831287 0.8785055 -5.44544e-6 -0.4777322 0.8406209 -1.47438e-5 -0.541624 0.4942353 -2.08388e-5 -0.8693282 0.3407264 -7.7365e-6 -0.9401625 0.7386468 -3.91295e-6 -0.6740927 0.6872344 -2.11713e-5 -0.7264358 0.2727178 -1.42506e-5 -0.9620941 0.105902 -1.59428e-5 -0.9943766 0.5558435 3.79514e-7 -0.8312871 0.4942359 2.07848e-5 -0.8693279 0.03540384 -8.59378e-6 -0.9993731 -0.1351768 1.98656e-5 -0.9908215 0.3407261 7.72998e-6 -0.9401627 0.2727175 1.42474e-5 -0.9620942 -0.2037994 -1.79186e-6 -0.9790127 -0.3683909 1.24103e-5 -0.929671 0.1059025 1.59442e-5 -0.9943765 0.03540343 8.59005e-6 -0.9993731 -0.4313462 9.7868e-6 -0.9021865 -0.5801642 2.13366e-6 -0.8144996 -0.1351764 -1.98651e-5 -0.9908216 -0.2037994 1.78488e-6 -0.9790127 -0.6339856 -2.69669e-5 -0.7733449 -0.7582435 3.70443e-5 -0.6519717 -0.368391 -1.24122e-5 -0.9296711 -0.4313456 -9.77935e-6 -0.9021868 -0.8001064 -2.02836e-6 -0.5998581 -0.8922268 -1.38786e-5 -0.4515875 -0.5801647 -2.14297e-6 -0.8144993 -0.633986 2.69352e-5 -0.7733445 -0.8752213 1.51002e-4 -0.4837227 -0.8000931 8.27247e-7 -0.599876 -0.9339719 -3.52181e-6 -0.3573465 -0.974371 3.35462e-6 -0.2249476 -0.7582431 -3.70392e-5 -0.651972 -0.8000782 0 -0.5998959 -0.8752211 -1.5094e-4 -0.4837231 -0.8000915 -7.70913e-7 -0.5998779 -0.9743753 3.26888e-6 -0.2249288 -0.8922269 1.38832e-5 -0.4515873 -0.9339718 6.05219e-6 -0.3573468 -0.9743706 1.31605e-5 -0.2249487 -0.9743752 -3.23204e-6 -0.2249289 0.00276786 -0.9996573 0.02603071 -0.3750126 0.05238568 0.9255384 -0.3588342 0.05228877 0.9319357 -0.3668782 0.05209559 0.9288092 -0.3923504 0.05228966 0.9183284 -0.3675662 0.05229574 0.9285259 -0.4103434 0.05229473 0.9104304 -0.5547104 0.05239528 0.8303922 -0.5897071 0.05238771 0.8059164 -0.7169581 0.05241543 0.6951431 -0.7435386 0.05231541 0.6666435 -0.8471485 0.05227863 0.5287781 -0.8653056 0.0524218 0.4984959 -0.9394561 0.05226856 0.3386595 -0.9496972 0.052316 0.308769 -0.9896543 0.05259698 0.1334842 -0.9930188 0.05230444 0.1057258 -0.992716 0.0524441 0.1084648 -0.989624 0.05324584 0.1334515 -0.9971609 0.05240625 0.05407267 -0.9953848 0.0524578 -0.0803591 -0.9934306 0.05234521 -0.1017633 -0.9949882 0.05305629 -0.08475768 -0.9947566 0.0522238 -0.08793127 -0.9944655 0.05238521 -0.09107249 -0.9958128 0.05237507 -0.0749256 -0.9934318 0.05240797 -0.101719 -0.9961505 0.0523802 -0.07028979 -0.9963763 0.05232053 -0.06706011 -0.9985519 0.05230093 0.0126062 -0.9984703 0.05229729 -0.01795363 -0.9978186 0.05228018 -0.04031008 -0.997178 0.05228924 -0.05386841 -0.9967353 0.052293 -0.06151628 0 1 0 0 1 -6.04263e-7 0 1 1.84716e-6 0 1 1.87194e-6 0 1 -1.09994e-6 0 1 2.51947e-6 0 1 -5.2579e-7 0 1 -6.69336e-7 0 1 -1.03538e-6 0 1 6.28752e-7 0 1 -3.43724e-6 0 1 5.50675e-7 0 1 -2.56831e-7 0 1 0 0 1 -1.30582e-7 0 1 -5.12659e-7 0 1 1.28255e-6 3.7763e-7 1 -1.11731e-6 0 1 3.37641e-7 -1.19584e-7 1 0 0 1 3.37387e-7 -5.5781e-7 1 4.47354e-7 0 1 -3.18633e-7 0 1 4.57481e-6 0 1 -1.12815e-5 0 1 6.74218e-6 0 1 -1.45133e-6 0 1 6.77845e-7 0 1 1.5869e-6 0 1 4.56964e-7 0 1 -9.75965e-7 0 1 -7.48037e-7 0 1 6.95214e-7 0 1 -5.79229e-7 0 1 1.67407e-7 0.9962826 0.05233126 0.06842762 0.9962759 0.05244475 0.06844037 0.9962828 0.05233705 0.06842023 0.9962818 0.05234074 0.06843465 0.9962821 0.0523414 0.06842768 0.9962826 0.0523405 0.06842088 0.9962866 0.05225157 0.06843054 0.9962821 0.05234092 0.06842976 0.9962856 0.05234044 0.06837683 0.9962819 0.0523408 0.06843107 -0.9934244 0.05234831 -0.1018214 -0.9934047 0.05280607 -0.1017779 -0.9934047 0.05280607 -0.1017778 -0.9934047 0.05280607 -0.1017779 -0.5574014 -0.05233949 0.8285918 -0.5574032 -0.05234694 0.8285902 -0.9944818 -0.05211371 -0.09105068 -0.9934337 -0.05237066 -0.1017189 -0.9934297 -0.05231732 -0.1017856 -0.9948707 -0.05233603 -0.08656388 -0.9950783 -0.05270934 -0.08391082 -0.9953803 -0.05246102 -0.08041208 -0.9930192 -0.05229783 0.1057246 -0.9956483 -0.05228084 -0.07714509 -0.9959237 -0.05230623 -0.07348597 -0.9962652 -0.05232948 -0.0686838 -0.997784 -0.05230444 -0.04112648 -0.9963805 -0.05228388 -0.06702482 -0.9983577 -0.05230772 -0.0233621 -0.9986301 -0.05229038 -0.001980721 -0.9983836 -0.0524159 0.02197283 -0.99716 -0.05228328 -0.05420815 -0.9974911 -0.05229425 0.04771697 -0.9967368 -0.05227959 -0.06150311 -0.9955953 -0.05228614 0.07782125 -0.9927254 -0.05233252 0.1084321 -0.9896628 -0.05269169 0.1333841 -0.9896215 -0.05355149 0.1333476 -0.9496973 -0.05231559 0.3087687 -0.939459 -0.05231606 0.3386441 -0.8653053 -0.0524221 0.4984964 -0.8471482 -0.05227887 0.5287786 -0.7435243 -0.05238187 0.6666543 -0.7169613 -0.05231082 0.6951476 -0.5897074 -0.05238771 0.8059161 -0.554713 -0.05229055 0.830397 -0.4103472 -0.05229395 0.9104288 -0.3587873 -0.05231136 0.9319524 -0.3855693 -0.05223023 0.9211995 -0.3713477 -0.05264133 0.9270005 -0.3675863 -0.0523014 0.9285177 -0.3978514 -0.05228269 0.915959 0 -1 -2.0897e-7 0 -1 8.50218e-7 0 -1 -1.13247e-6 0 -1 2.65565e-7 0 -1 0 0 -1 0 6.78518e-7 -1 0 1.63532e-7 -1 0 0 -1 0 0 -1 1.39961e-7 0 -1 1.67597e-7 0 -1 3.19384e-7 0 -1 0 0 -1 0 0 -1 0 0 -1 -3.21807e-7 0 -1 0 0 -1 0 0 -1 0 0 -1 0 0 -1 7.50866e-7 0 -1 1.37669e-7 0 -1 0 0 -1 -8.59311e-7 0 -1 4.24303e-7 1.77369e-7 -1 1.73839e-7 1.35449e-7 -1 0 0 -1 3.58969e-7 1.57257e-7 -1 0 2.33704e-7 -1 0 0 -1 0 -1.53048e-7 -1 6.61209e-7 1.85524e-7 -1 0 0 -1 5.17692e-7 0 -1 0 0 -1 0 0 -1 1.68427e-7 0 -1 2.56831e-7 0 -1 3.4386e-7 0 -1 -2.54192e-7 0 -1 0 0 -1 1.68687e-7 0 -1 -4.54589e-7 0 -1 0 0 -1 2.11022e-7 3.77063e-7 -1 -1.27436e-7 0 -1 3.38033e-7 0 -1 0 0 -1 1.28157e-7 0 -1 1.26615e-7 0 -1 0 0 -1 -4.46724e-7 0 -1 1.83953e-6 0 -1 1.32039e-6 0.9962828 -0.05233705 0.06842041 0.9962868 -0.05225157 0.06842952 0.9962827 -0.05233126 0.06842768 0.9962826 -0.0523405 0.06842082 0.9962823 -0.05233198 0.06843113 0.9962835 -0.05233907 0.06840944 0.996281 -0.05233776 0.06844568 0.9962533 -0.05267393 0.06859254 0.99648 -0.04905456 0.06798076 0.99648 -0.04905456 0.06798052 0.9964801 -0.04905462 0.06798022 0.9962837 -0.05233603 0.06840789 -0.9934245 -0.05234825 -0.1018216 -0.9934047 -0.05280607 -0.1017773 -0.9934047 -0.05280607 -0.1017773 -0.9934047 -0.05280607 -0.1017773 -0.5574028 0.05233967 0.8285909 -0.5574023 0.05234682 0.8285907 0.9725049 0.05549389 0.2261745 0.9962821 0.05229681 0.06846296 0.9587852 0.05620467 0.2785174 0.9962802 0.05228209 0.06850183 0.945089 0.0567184 0.3218539 0.9081538 0.0573939 0.4146839 0.8776635 0.05748665 0.4758172 0.8492758 0.05739831 0.5248201 0.7564661 0.05619657 0.6516143 0.7791433 0.05659592 0.6242857 0.6009311 0.05230063 0.797588 0.6948026 0.05490815 0.7171015 0.6006458 0.05228722 0.7978037 0.7457471 0.05601048 0.6638706 0.6009343 0.05229729 0.7975859 0.7565082 0.05617439 0.6515671 0.6010329 0.05230832 0.7975108 0.8610053 0.05751246 0.5053337 0.8776498 0.05752092 0.4758386 0.9540272 0.05639439 0.2943667 0.9587882 0.05618816 0.2785105 0.9962829 0.05228281 0.06846171 0.9962806 0.05228221 0.0684961 0.7208948 -0.05549716 0.6908189 0.6009994 -0.05230164 0.7975365 0.7565095 -0.05617022 0.651566 0.600644 -0.05230104 0.7978041 0.82442 -0.05720257 0.5630806 0.8690459 -0.05750668 0.491378 0.8776129 -0.05757683 0.4758999 0.9081363 -0.05739438 0.4147223 0.9587842 -0.05619943 0.2785223 0.9626869 -0.05601924 0.2647562 0.9843355 -0.05454826 0.1676549 0.996275 -0.05241417 0.06847655 0.9962829 -0.05230271 0.06844532 0.963244 -0.05601584 0.2627229 0.9962807 -0.05233103 0.06845641 0.9587863 -0.05617958 0.278519 0.996278 -0.05235522 0.06847804 0.893244 -0.0575183 0.4458776 0.8776175 -0.05753117 0.4758967 0.7671906 -0.05640488 0.6389344 0.7564895 -0.05620306 0.6515865 0.6009922 -0.0523194 0.7975408 0.6009262 -0.05232936 0.7975898 -0.5574184 -0.05149418 0.8286333 -0.5578889 -3.05841e-4 0.8299157 -0.5574095 -0.05262714 0.8285681 -0.5581739 8.31245e-4 0.8297237 0 1 -1.15988e-5 0 1 6.32562e-7 0 1 -1.46332e-7 0 1 1.46212e-7 0 1 -2.73514e-6 0 1 0 0 1 0 0 1 0 0 1 -6.03783e-6 0 1 1.78561e-5 0 1 1.09474e-6 4.3412e-7 1 -1.95817e-7 0 1 0 0 1 -3.38519e-7 0 1 5.75981e-7 0 1 -6.20808e-7 0 1 -1.32192e-7 0 1 0 0 1 -1.8484e-7 -3.90066e-7 1 -2.02956e-7 -2.39219e-7 1 0 -0.1546255 1.09001e-4 0.9879732 -0.1546255 1.0887e-4 0.9879732 -0.1546255 1.08952e-4 0.9879732 -0.1551995 -2.69006e-5 0.9878832 -0.1551995 -2.69783e-5 0.9878832 -0.1551995 -2.69644e-5 0.9878832 -0.1550657 -8.52728e-5 0.9879043 -0.1553754 9.39998e-5 0.9878556 -0.1549305 2.58578e-4 0.9879254 -0.1552478 -4.14645e-6 0.9878756 -0.1544911 -1.6764e-4 0.9879942 -0.1544911 -1.67631e-4 0.9879943 -0.1547279 -1.57851e-4 0.9879572 -0.1556758 -4.47201e-6 0.9878082 -0.1556758 -4.50145e-6 0.9878082 -0.1556758 -4.45524e-6 0.9878082 -0.1557773 -1.24105e-4 0.9877922 -0.155687 -9.1192e-5 0.9878064 -0.1556869 -9.13377e-5 0.9878064 -0.1552141 9.73358e-6 0.9878809 -0.1552172 0 0.9878804 -0.1552133 8.18052e-6 0.987881 -0.1552122 0 0.9878812 -0.155212 -1.01024e-5 0.9878812 -0.1552119 0 0.9878813 -0.1552146 1.01026e-5 0.9878808 -0.1505626 -5.05951e-5 0.9886006 -0.1506574 -5.04092e-5 0.9885861 -0.1505626 -5.02142e-5 0.9886006 -0.156852 -9.43146e-5 0.9876222 -0.156852 -9.41412e-5 0.9876222 -0.1568045 -9.60814e-5 0.9876297 -0.1538147 -5.45587e-5 0.9880998 -0.1538147 -5.44263e-5 0.9880998 -0.1538147 -5.45319e-5 0.9880998 -0.1551715 2.86176e-5 0.9878876 -0.1551553 3.43644e-5 0.9878902 -0.1555089 1.13622e-4 0.9878346 -0.1555089 1.13726e-4 0.9878345 -0.1555089 1.13754e-4 0.9878346 -0.1555286 -1.51045e-4 0.9878315 -0.1555286 -1.51055e-4 0.9878314 -0.1555286 -1.51043e-4 0.9878315 -0.155157 4.8827e-5 0.98789 -0.1552137 -9.73357e-6 0.987881 -0.1552133 -8.18052e-6 0.987881 -0.155217 0 0.9878804 0 -1 5.23122e-5 0 -1 -3.48157e-5 0 -1 3.16281e-7 2.29424e-7 -1 -3.9022e-7 0 -1 5.8485e-7 0 -1 9.65345e-7 0 -1 1.17199e-6 -2.10152e-7 -1 3.90632e-7 0 -1 0 0 -1 -3.56833e-5 0 -1 -1.20757e-5 0 -1 1.75159e-6 1.33064e-7 -1 0 0 -1 -6.77038e-7 4.29788e-7 -1 2.30392e-6 -1.3961e-7 -1 0 0 -1 -1.43563e-7 -0.1187766 -0.9714143 0.2055394 0.002705872 -0.9996562 0.02608281 0.002701818 -0.9996562 0.02608311 -0.1114974 -0.9744932 0.1947599 -0.1790205 -0.9389031 0.2939604 -0.2508502 -0.8820482 0.3988297 -0.2404391 -0.8916759 0.3835404 -0.3165236 -0.8098303 0.4939513 -0.3246983 -0.7992044 0.5058097 -0.3803442 -0.7156153 0.585861 -0.4025907 -0.6754755 0.6177811 -0.439059 -0.5991696 0.6694947 -0.463247 -0.5389092 0.7035475 -0.4841241 -0.4783364 0.7326788 -0.5018815 -0.4180799 0.7571818 -0.5143522 -0.3687494 0.7742517 -0.5387809 -0.2428147 0.8066946 -0.5573976 -0.05241674 0.8285895 -0.5373234 -0.2519821 0.8048532 -0.5573951 -0.05238288 0.8285933 -0.5488668 0.1657392 0.8193143 -0.5573892 0.05234944 0.8285993 -0.5573967 0.05243849 0.8285887 -0.5431344 0.2127887 0.8122353 -0.5336099 0.2745257 0.7999351 -0.5152215 0.3651829 0.7753634 -0.489144 0.4620884 0.7397381 -0.4630953 0.5392782 0.7033648 -0.4123379 0.6566106 0.6315379 -0.3885979 0.7012653 0.5976777 -0.3081226 0.8202264 0.4819639 -0.2945345 0.8363905 0.4622775 -0.1706266 0.9442291 0.2816346 -0.111478 0.974485 0.1948117 -0.1998876 0.9245544 0.3244135 0.002791225 0.9996551 0.02611494 0.002692639 0.9996557 0.02610146 -0.9756419 0.1710647 0.1373309 -0.9098562 0.3997298 0.111256 -0.9774472 0.1784667 0.1129009 -0.9927094 -0.05243778 0.1085281 -0.9897123 -0.05184501 0.1333479 -0.9132609 0.3844248 0.1348039 -0.7935204 0.5996544 0.1036336 -0.8065577 0.5776011 0.1258642 -0.6347869 0.7673679 0.0905112 -0.6624481 0.7408314 0.1110469 -0.4420955 0.8940329 0.07250475 -0.4883921 0.8678805 0.09086656 -0.2256882 0.9728831 0.05062872 -0.2926208 0.9539299 0.06626433 0.002753734 0.9996561 0.02607983 -0.1465945 0.9880874 0.04683357 0.00274229 0.9996584 0.02599459 -0.9967492 -0.05208653 -0.06146609 -0.9856673 -0.03030228 0.1659575 -0.998097 -0.04992985 -0.03618413 -0.5489341 0.167011 0.8190109 -0.5575671 0.05227649 0.8284844 -0.7137603 0.03291857 0.6996162 -0.8963035 0.04952991 0.4406664 -0.840452 0.01211988 0.5417506 -0.9324535 -0.009503245 0.3611652 -0.8934604 0.1060998 0.4364303 -0.9971664 -0.05242121 -0.05395585 -0.5335054 0.2742736 0.8000913 -0.8911032 0.1370291 0.4326178 -0.8850666 0.1937085 0.4232425 -0.9977914 -0.05229938 -0.04095333 -0.489175 0.4622227 0.7396337 -0.8776394 0.2475913 0.4104239 -0.8688061 0.2980117 0.3954302 -0.9983561 -0.05233162 -0.02337914 -0.4119707 0.6564919 0.6319008 -0.8557319 0.358106 0.3734742 -0.8443207 0.4025605 0.3536494 -0.9986312 -0.05227077 -0.001883745 -0.3080849 0.8203119 0.4818425 -0.827086 0.4602468 0.3226482 -0.9983904 -0.05228894 0.02196723 -0.8140432 0.4981326 0.2986598 -0.7916654 0.5547894 0.2558801 -0.9974916 -0.05228179 0.04771995 -0.1706656 0.944258 0.2815141 -0.7778339 0.5855506 0.2282653 -0.7623115 0.6167698 0.1961542 -0.9955903 -0.05236798 0.07783067 0.002804517 0.9996586 0.02597945 -0.8743447 0.4677295 0.1294236 -0.9927265 -0.05225825 0.1084592 -0.909948 0.3994984 0.1113371 -0.7934761 0.599707 0.10367 -0.9774497 0.1784306 0.1129365 -0.8128664 0.5671434 0.1326524 -0.2255412 0.9729158 0.05065721 -0.4421976 0.8939889 0.07242262 -0.6350015 0.7671902 0.09051114 -0.5571247 0.0523051 0.82878 -0.7137589 0.03269475 0.699628 -0.5574488 0.05230218 0.8285622 -0.7294552 0.03054147 0.6833466 -0.840546 0.01199936 0.5416074 -0.8644633 0.007567286 0.5026391 -0.9323918 -0.009270966 0.3613306 -0.9549691 -0.01621639 0.2962617 -0.9856541 -0.03027504 0.1660403 -0.996425 -0.03903621 0.07492339 -0.9980963 -0.04992312 -0.03621548 -0.7287155 -0.01370668 0.6846794 -0.7296289 0.03050065 0.6831629 -0.5573158 0.05269408 0.8286269 -0.5581074 4.69942e-4 0.8297686 -0.8626997 -0.02689206 0.505001 -0.8644446 0.006914973 0.5026805 -0.9531912 -0.03800565 0.2999704 -0.9549472 -0.01595574 0.2963466 -0.9956045 -0.04968267 0.07939434 -0.9964846 -0.03732258 0.0750041 -0.995244 -0.05564904 0.0799548 -0.9532105 0.03770911 0.2999461 -0.9956927 0.04739671 0.0796858 -0.9956916 -0.04731112 0.07975029 -0.9532018 -0.03770273 0.299975 -0.7285852 0.01349389 0.6848223 -0.8628039 0.02624452 0.5048571 -0.8627964 -0.02624976 0.5048698 -0.7285568 -0.01350545 0.6848523 -0.5579769 1.11205e-5 0.8298565 -0.9289829 7.52509e-6 0.3701229 -0.7287224 0.01370006 0.6846722 -0.5580751 -4.69934e-4 0.8297903 -0.5573344 -0.05269527 0.8286143 -0.7296195 -0.03050625 0.6831725 -0.8626843 0.02688831 0.5050276 -0.8644223 -0.006915569 0.5027189 -0.9532001 0.03795731 0.2999483 -0.9549517 0.01595342 0.2963323 -0.9955958 0.04968184 0.07950299 -0.9952417 0.05565685 0.07997721 -0.9964737 0.03732573 0.07514768 -0.9964243 0.03905016 0.07492578 -0.985657 0.03022599 0.166032 -0.9980962 0.04992312 -0.03621804 -0.9549696 0.01621621 0.2962604 -0.9323914 0.009270906 0.3613317 -0.8644657 -0.007417678 0.5026373 -0.8405451 -0.01199924 0.5416088 -0.7294567 -0.03074043 0.683336 -0.7137588 -0.03269451 0.6996281 -0.5571256 -0.05228966 0.8287804 -0.5574526 -0.05236053 0.828556 -0.9856661 0.03021329 0.1659808 -0.9967644 0.05210727 -0.06120115 -0.9980912 0.05005031 -0.03617805 -0.6499246 -0.7460898 0.1447348 -0.6348088 -0.7673465 0.09053915 -0.7935701 -0.5995904 0.1036242 -0.9097976 -0.3998418 0.1113326 -0.9774866 -0.1782341 0.1129285 -0.9927109 0.0525828 0.1084443 -0.997213 0.05132603 0.05414777 -0.5582308 -0.8170949 0.1439948 -0.1183966 -0.9715062 0.2053246 0.002730906 -0.9996587 0.02598267 -0.2256356 -0.972895 0.05063575 -0.4421926 -0.8939875 0.07247161 -0.7667344 -0.6088154 0.2036232 -0.7865204 -0.5671028 0.2444999 -0.2403236 -0.8917803 0.3833699 -0.9985172 0.05266064 0.01380062 -0.8086228 -0.5130769 0.2878911 -0.3247063 -0.7990818 0.5059983 -0.821862 -0.4755672 0.3136541 -0.8388353 -0.4221504 0.3437213 -0.402483 -0.6757096 0.6175954 -0.9984889 0.05201184 -0.01774173 -0.851125 -0.3769277 0.365393 -0.8613799 -0.3335782 0.3830802 -0.4631804 -0.53874 0.7037209 -0.9978204 0.05227518 -0.0402705 -0.8732008 -0.273973 0.4030623 -0.8793262 -0.2367215 0.4132171 -0.5019633 -0.418839 0.7567079 -0.8864179 -0.1826953 0.4253069 -0.5386035 -0.2425827 0.8068829 -0.9972401 0.0521062 -0.0528894 -0.8915279 -0.1299329 0.4339303 -0.8953142 -0.0710054 0.4397397 -0.7137617 -0.0329231 0.6996144 -0.5574322 -0.05234313 0.8285709 -0.840573 -0.01195204 0.5415666 -0.9324017 0.009325921 0.3613033 -0.9927209 0.05236673 0.1084581 -0.9864556 -0.09070098 0.1366705 -0.9897058 0.05193316 0.1333616 -0.9774322 -0.1785427 0.1129111 -0.9631813 -0.2311429 0.1373128 -0.9098567 -0.3997309 0.1112471 -0.8975747 -0.4201055 0.1336826 -0.7935168 -0.5996528 0.1036715 -0.7968525 -0.5911125 0.1249487 -0.6347905 -0.7673645 0.090514 -0.6499332 -0.7520466 0.1096023 -0.4421992 -0.8939834 0.07248169 -0.4531274 -0.8872298 0.08659601 -0.2256602 -0.972887 0.05068039 -0.2316313 -0.9710568 0.05827307 0.002756953 -0.999659 0.0259695 0.002750337 -0.9996588 0.02597564 -0.9934223 0.05249381 -0.101768 -0.9934961 0.05096161 -0.1018249 -0.9591147 0.2654381 -0.09819287 -0.9713537 0.2157856 -0.09954327 -0.9180823 0.385052 -0.09412753 -0.8793854 0.4674739 -0.09027546 -0.9000575 0.425894 -0.09225457 -0.846114 0.5259038 -0.0866962 -0.7837699 0.6158347 -0.08032643 -0.7588247 0.6466795 -0.07740116 -0.7238363 0.6859775 -0.07413542 -0.6025633 0.7956779 -0.06175929 -0.4179175 0.9074743 -0.04284089 -5.43296e-5 1 -8.79168e-7 -0.2139915 0.9765903 -0.02188593 -8.08164e-5 1 -1.98651e-6 -0.3960655 0.2659986 0.8788498 -0.5896449 0.05262237 0.8059465 -0.4102902 0.05272233 0.9104298 1.63354e-5 1 3.85195e-5 -7.68155e-6 1 -1.08778e-5 -0.08842593 0.9765421 0.1963322 -0.9585965 0.2658352 0.1021006 -0.9590395 0.2656966 -0.09822803 -0.9934353 0.05223232 -0.1017755 -0.8794694 0.4673421 -0.09013843 -0.9930185 0.05231744 0.1057227 -0.8792052 0.4671454 0.09366595 -0.7588139 0.6466579 -0.07768511 -0.758615 0.6465023 0.08085966 -0.6026692 0.7955975 -0.06176269 -0.6025244 0.7955176 0.06415802 -0.4179496 0.9074579 -0.0428757 -0.4181618 0.9072808 0.0445249 -0.2140809 0.9765706 -0.02189165 -0.2139258 0.9765842 0.02278643 -6.89626e-5 1 -2.30903e-6 -4.93093e-5 1 1.34669e-5 -0.9166685 0.2661973 0.2980906 -0.9496876 0.05246567 0.3087732 -0.8407635 0.4672998 0.2734003 -0.7254672 0.6465816 0.2358594 -0.5760241 0.7956846 0.1873024 -0.3998129 0.9073321 0.1299922 -0.2045932 0.976584 0.06652259 -1.83433e-5 1 2.10945e-5 -0.8353138 0.265758 0.4812731 -0.865301 0.05227893 0.4985189 -0.7661172 0.4672618 0.4412832 -0.6610018 0.6466078 0.380756 -0.5248705 0.79566 0.3023838 -0.3641796 0.9073896 0.2098035 -0.186382 0.976592 0.1073775 -1.49086e-5 1 1.79186e-5 1.72853e-6 1 1.37053e-5 -0.7177816 0.2658049 0.6435352 -0.7435293 0.05250746 0.6666388 -0.6584314 0.4670151 0.5902247 -0.5680633 0.6465349 0.5092119 -0.4511691 0.7955178 0.4044723 -0.3129574 0.9073832 0.2805591 -0.1601946 0.9765797 0.1436308 -0.5691748 0.2661384 0.7779527 -0.3632087 0.4672753 0.8060604 -0.5220575 0.4672672 0.7135246 -0.3133403 0.6466733 0.6954362 -0.4504177 0.6466431 0.6156108 -0.3577912 0.7955667 0.4889369 -0.2489694 0.7955949 0.5523069 -0.2482029 0.9073309 0.3393318 -0.1727166 0.9073573 0.3832384 -0.1270471 0.9765796 0.1736415 0.9962912 0.05212354 0.06846225 0.996239 0.05309945 0.06847369 0.961674 0.2661215 0.06605041 0.961673 0.2661251 0.06605035 0.8821136 0.4671242 0.06058663 0.881975 0.4673869 0.06057941 0.7612847 0.646306 0.05229109 0.7611037 0.6465199 0.05228 0.6043795 0.7956143 0.04151713 0.6045261 0.7955024 0.04152339 0.4192087 0.9074331 0.02879756 0.4193983 0.9073453 0.02880287 0.2146449 0.9765809 0.01474356 0.2146782 0.9765736 0.01474273 5.74812e-5 1 6.66408e-6 1.26535e-4 1 3.83547e-5 0.6829786 0.7259268 0.08105856 0.9617035 0.2659891 0.06615316 0.9962707 0.05248558 0.06848347 0.8822118 0.466944 0.0605455 0.761276 0.6463239 0.05219441 0.6044492 0.7955631 0.04148048 0.9725801 0.05535691 0.2258839 0.5914317 0.8033084 0.07003039 -4.72367e-5 1 -1.41822e-5 0.4982396 0.8650386 0.05887013 0.4193183 0.9073838 0.02875572 0.2146318 0.9765853 0.01464039 8.92049e-5 1 -2.03475e-5 0.6738389 0.7263898 0.1352745 4.76837e-7 1 -1.36197e-5 0.6659381 0.7266251 0.1689449 0.6564391 0.7267693 0.202223 0.9448288 0.05645561 0.322663 0.7768434 0.5483924 0.3094837 0.9081539 0.05696618 0.4147425 0.8757823 0.2700955 0.4000674 0.8023883 0.4709732 0.366548 0.6921467 0.6488546 0.3161026 0.7144744 0.6391546 0.2846187 0.637983 0.7269591 0.2539847 0.5494338 0.796967 0.250931 0.3811652 0.9079707 0.1740761 0.1951786 0.9767072 0.08915442 1.54212e-4 1 -1.89021e-5 0.2176925 0.9167555 0.3349168 0.3811998 0.9080401 0.1736374 0.5494419 0.7971104 0.250457 0.1952429 0.9767169 0.08890724 2.08691e-5 1 -7.54744e-6 0.6995568 0.04007071 0.7134526 0.4356943 0.6621274 0.6097195 0.7792221 0.05655831 0.6241907 -0.5800786 -0.423937 -0.6955474 0.6388879 0.5715001 0.5149854 0.8758248 0.2702553 0.3998661 0.908117 0.05773437 0.4147171 0.8028118 0.4702988 0.3664866 0.6921414 0.6490193 0.315776 0.8497053 0.0546931 0.5244136 0.6453468 0.4837905 0.5911635 -1.05768e-4 -1 -5.23776e-6 -5.02355e-5 -1 2.37999e-5 -0.2140589 -0.9765748 -0.02191764 -0.4179665 -0.9074504 -0.04286801 -0.7235388 -0.6862933 -0.07411623 -0.6025578 -0.7956822 -0.06175738 -0.7588205 -0.6466858 -0.07738953 -0.7860937 -0.6128335 -0.08057242 -0.8796089 -0.4670447 -0.09031862 -0.8470912 -0.5243386 -0.08663547 -0.8992203 -0.4276706 -0.09220039 -0.9712429 -0.216291 -0.09952718 -0.9591178 -0.2653719 -0.09834051 -0.9934356 -0.05219846 -0.1017902 -0.9934996 -0.05096316 -0.1017915 -6.26445e-5 -1 1.30155e-5 -3.55765e-5 -1 1.29938e-5 -0.2141896 -0.9765458 -0.02193564 -0.5692282 -0.2657434 0.7780486 -0.4103039 -0.05287075 0.910415 -0.5896466 -0.05226641 0.8059685 -0.3960103 -0.26629 0.8787863 -0.5221452 -0.4669964 0.7136376 -0.3631874 -0.4674535 0.8059667 -0.3133459 -0.6466823 0.6954254 -0.4504616 -0.6465677 0.6156579 -0.357755 -0.7955761 0.488948 -0.2489647 -0.7955875 0.55232 -0.2481459 -0.9073823 0.339236 -0.1727558 -0.907357 0.3832216 -0.127079 -0.9765676 0.1736854 -6.4075e-6 -1 1.10567e-5 3.48855e-5 -1 -1.33659e-5 -0.08840334 -0.9765549 0.1962795 -0.7177419 -0.2662023 0.6434152 -0.7435041 -0.05289763 0.6666359 -0.658309 -0.4672362 0.5901861 -0.5680108 -0.64661 0.5091751 -0.4511197 -0.7955448 0.4044744 -0.3129867 -0.9073822 0.2805299 -0.1602126 -0.9765756 0.1436389 -4.51431e-5 -1 4.33028e-5 -0.8352544 -0.2660042 0.48124 -0.8652979 -0.05241513 0.49851 -0.7660304 -0.4674431 0.441242 -0.6609423 -0.6466842 0.3807293 -0.5249856 -0.7955999 0.3023425 -0.3641914 -0.9073887 0.2097867 -0.1864793 -0.9765681 0.1074254 1.15484e-6 -1 9.02265e-6 -0.9167841 -0.2657561 0.2981287 -0.9497043 -0.0520364 0.3087944 -0.8408091 -0.4672114 0.2734113 -0.7254705 -0.6465806 0.235852 -0.5761048 -0.7956247 0.187309 -0.3998717 -0.9073038 0.1300098 -0.2046703 -0.9765667 0.0665397 -2.97278e-5 -1 1.46292e-5 -0.9585306 -0.2660809 0.102079 -0.9930157 -0.05238938 0.105713 -0.9934352 -0.05223411 -0.1017755 -0.9589886 -0.2658787 -0.09823232 -0.8792357 -0.4670964 0.09362405 -0.8793744 -0.4675232 -0.09012711 -0.7589116 -0.6465326 -0.07777482 -0.7585172 -0.6466179 0.0808531 -0.6022442 -0.7957325 0.06412243 -0.6028934 -0.7954276 -0.06176322 -0.417945 -0.9073824 0.04448848 -0.4180364 -0.9074192 -0.04284924 -0.2139332 -0.9765838 0.02273243 0.2146834 -0.9765725 0.01474505 4.26024e-5 -1 1.70735e-5 6.91628e-5 -1 -9.63127e-6 0.2146501 -0.9765799 0.01474249 0.4194025 -0.9073434 0.02880549 0.4192128 -0.9074312 0.02879571 0.6045235 -0.7955044 0.0415228 0.6043769 -0.7956161 0.04151636 0.7611024 -0.6465213 0.05228149 0.7612835 -0.6463074 0.0522902 0.8819749 -0.4673867 0.0605809 0.8821136 -0.4671241 0.06058591 0.9618046 -0.2656503 0.06604427 0.9616732 -0.2661247 0.06604975 0.9962976 -0.05211818 0.06837284 0.9962394 -0.0530942 0.06847059 0.637938 -0.726979 0.2540408 0.5493429 -0.7970577 0.2508415 0.6922227 -0.6487445 0.3161621 0.8027386 -0.4702079 0.3667635 0.8757949 -0.2700455 0.4000737 0.9081393 -0.0574401 0.4147094 0.9626219 -0.05580943 0.2650365 0.5524221 -0.8039976 0.2200403 4.55976e-6 -1 -1.16229e-6 0.4650787 -0.8656762 0.1852207 -1.01775e-5 -1 -3.66941e-5 0.1951994 -0.9767109 0.08906728 0.3810875 -0.9080167 0.1740061 0.6564371 -0.7267683 0.2022331 -9.59635e-6 -1 1.93194e-5 0.6660367 -0.7265253 0.1689858 0.6739732 -0.7262839 0.1351736 0.9845218 -0.05434221 0.166625 0.8313037 -0.5470618 0.09827303 0.8820422 -0.4672469 0.06067985 0.7610539 -0.6465724 0.05235612 0.9618377 -0.2655013 0.06616288 0.9963008 -0.05192518 0.06847375 0.765069 -0.6375485 0.09056156 0.6832186 -0.7257125 0.08095461 0.2147465 -0.9765598 0.0146569 4.9457e-5 -1 2.71034e-5 0.4191994 -0.9074406 0.02869737 0.6042433 -0.7957189 0.04148989 0.7238848 -0.04649066 0.6883528 0.3074036 -0.8347558 0.4568217 0.5177039 -0.4788926 0.7089744 0.825221 -0.05408465 0.5622148 -0.3670964 0.6197845 -0.6936191 0.6289213 -0.6774972 0.3813865 0.1953858 -0.9766904 0.08888399 1.2362e-4 -1 7.68751e-5 0.381397 -0.9079673 0.1735851 0.5495258 -0.7970353 0.2505121 0.6920716 -0.6491429 0.3156747 0.6939882 -0.5942704 0.4064766 0.869082 -0.05581849 0.4915087 0.7478312 -0.5096792 0.4254124 0.9081199 -0.05743032 0.414753 0.8027696 -0.4704622 0.3663691 0.8758705 -0.2699542 0.3999697 0.6404183 -0.560555 0.5250167 0.133321 0.3983865 -0.9074766 -0.8475376 0.5303584 0.02000135 -0.8104137 0.5857492 -0.01128828 -0.03511244 0.03078365 0.9989092 -0.7690023 0.6378006 -0.04296451 -0.7232733 0.6865788 -0.07406342 0.5049418 1.72661e-4 0.8631534 0.319398 2.52109e-6 0.9476207 0.3296744 -8.15839e-7 0.9440947 0.5077747 -6.09316e-6 0.86149 0.6662613 -6.58848e-6 0.7457185 0.669467 4.20073e-6 0.7428418 0.7991113 -9.13371e-6 0.6011832 0.8061566 3.93437e-5 0.5917023 0.9011543 1.72174e-5 0.4334985 0.9093985 2.42153e-5 0.4159262 0.329674 8.28877e-7 0.9440948 0.3193975 -2.49874e-6 0.9476209 0.5049334 -2.08439e-5 0.8631583 0.5079037 -5.22006e-7 0.8614139 0.6662614 4.82305e-6 0.7457183 0.6694597 -5.32805e-5 0.7428483 0.7991119 1.07873e-5 0.6011824 0.8061567 -3.93433e-5 0.5917022 0.9011543 -1.69589e-5 0.4334984 0.9093985 -2.36854e-5 0.4159261 -0.126819 -0.03619694 0.9912653 -0.3677034 -0.05230581 0.928471 -0.3587899 -0.05228424 0.9319529 0.1058454 -0.01850873 0.9942103 0.3295961 -1.15596e-5 0.9441221 0.3196024 6.13742e-7 0.9475519 0.09080344 -0.01880335 0.9956914 -0.1415669 -0.03651809 0.9892549 0.2681279 -0.4327281 0.8607287 -0.07041573 -0.381435 0.9217098 0.08273077 -0.5219594 0.8489488 0.2315927 -0.637185 0.735092 -0.1193775 -0.04737597 0.9917181 -0.3586227 -0.05266737 0.9319958 -0.2198235 -0.2223125 0.949871 0.1230589 -0.03767448 0.9916841 0.2933437 -0.2073379 0.9332526 0.2224608 -0.6678413 -0.7102811 0 0 -1 0.08266592 -0.5217862 0.8490616 0.1942582 -0.7522663 0.6295707 0.2316145 -0.6372695 0.7350117 -0.07041466 -0.3812236 0.9217974 -0.2198392 -0.2223941 0.9498482 -0.3711289 -0.05327749 0.9270518 -0.3586192 -0.05275809 0.931992 -0.318778 -0.525085 0.7890921 -0.3978075 -0.05228787 0.9159778 -0.4103037 -0.05244904 0.9104395 -0.3958559 -0.266075 0.8789212 -0.3630096 -0.4673563 0.8061031 -0.3133732 -0.6465898 0.6954991 -0.2123733 -0.654014 0.7260601 -0.18605 -0.6199169 0.7622917 -0.3856352 -0.05236965 0.921164 0.07468879 -0.961831 0.2632544 -0.1513203 -0.5643908 0.8115204 0.1526731 -0.8446824 0.5130327 -0.1239555 -0.5140627 0.8487488 -0.1751651 -0.874887 0.4515417 -0.2486955 -0.7955733 0.5524617 -0.1726621 -0.9073756 0.3832197 -0.08849257 -0.9765449 0.1962888 -2.24188e-5 -1 -3.36468e-5 -5.54323e-6 -1 2.13832e-6 1.38283e-5 -1 1.11496e-5 0.3431831 -0.9309142 0.1249964 0.53845 -0.8093576 0.2345463 0.5440974 -0.8094012 0.2209705 0.6996154 -0.6463095 0.3046675 0.7755531 -0.5264757 0.3483397 0.3347952 -0.9309334 0.1458602 0.7967427 -0.4390254 0.4152806 0.8446981 -0.3673185 0.3893103 0.8856875 -0.2061305 0.4160145 0.8983401 -0.1033291 0.4269756 0.9011673 1.98185e-6 0.4334714 0.7991283 8.12188e-5 0.6011607 0.6834279 -0.6372328 0.356175 0.8115856 -0.4525501 0.3694958 0.5208497 -0.8093228 0.2714999 0.3238583 -0.930928 0.1687865 0.7819433 -0.2060854 0.5882971 0.7179522 -0.4390851 0.5401379 1.83582e-5 -1 1.35899e-5 0.6158507 -0.63713 0.463458 0.4693567 -0.8093075 0.3531653 0.2917845 -0.9309367 0.2195875 0.6520032 -0.2060166 0.729691 0.6662623 2.864e-5 0.7457174 0.5986476 -0.4391242 0.6699187 0.5135114 -0.6372517 0.5746445 0.3913743 -0.809312 0.4379957 0.6103459 -0.2060338 0.7648713 0.5077377 -6.70031e-5 0.8615118 0.2434012 -0.9309054 0.2723438 -1.09524e-5 -1 -1.43647e-5 0.5603781 -0.4390792 0.7022719 0.4807263 -0.6372264 0.602366 0.366298 -0.8093821 0.4590494 0.2277196 -0.930948 0.2854466 0.4969154 -0.2060646 0.8429784 0.4561796 -0.4390575 0.774034 0.3912927 -0.6371763 0.6640003 0.2982426 -0.809372 0.5059332 0.185403 -0.9309477 0.3145826 1.52588e-5 -1 1.30236e-5 0.4388899 -0.2059749 0.8746142 0.3296851 -1.42381e-5 0.944091 0.4029832 -0.4390811 0.8030022 0.3457167 -0.6371895 0.6888176 0.2633813 -0.8093617 0.524942 0.16378 -0.9309278 0.3264193 0.3225606 -0.2060113 0.9238582 0.3114129 -0.223602 0.9235932 0.2961792 -0.4390664 0.8482326 0.2782509 -0.439096 0.8542664 0.2540297 -0.6371948 0.7276344 0.2316036 -0.6372084 0.7350682 0.19364 -0.8093441 0.5544961 0.1935625 -0.7528471 0.6290905 0.1204099 -0.930921 0.3448008 0.07392305 -0.9620846 0.2625427 4.95464e-6 -1 -7.07805e-6 0.1536947 -0.8443804 0.5132249 0.9962754 -0.05233114 0.06853479 0.5442582 -0.8090611 0.2218183 0.9962727 -0.05249512 0.06844735 0.6995872 -0.6460127 0.305361 0.9962745 -0.0524252 0.06847554 0.7764057 -0.5262537 0.3467728 0.9962773 -0.05252861 0.06835359 0.9699019 -0.1628515 0.1810243 0.9962509 -0.05308222 0.06831169 0.8122363 -0.4508312 0.3701668 0.9188639 -0.2684682 0.2891607 0.844927 -0.3670458 0.3890706 0.7421446 -0.6658596 0.07650065 8.50279e-5 -1 1.38134e-5 0.2146347 -0.9765828 0.01476997 0.4191327 -0.9074663 0.02885878 0.604797 -0.795295 0.04155349 0.7613178 -0.64627 0.05225282 0.8816716 -0.4679659 0.06052547 0.9615934 -0.2664135 0.06604528 0.9962766 -0.05234777 0.06850361 0.3430402 -0.9307907 0.1263023 0.8022105 -0.5853691 0.1174807 0.9704658 -0.0328468 0.2389919 0.9699841 -0.1622139 0.1811558 0.9963454 -0.05141925 0.06820571 0.918955 -0.2683869 0.2889465 0.8872997 -0.2043812 0.4134341 0.8449336 -0.3670735 0.38903 0.9396992 -0.01941621 0.3414506 0.9001895 -0.1004618 0.4237527 -0.1147746 0.004022002 -0.9933835 0.02734029 0.03335195 -0.9990696 0.9962843 -0.05225455 0.0684635 0.9711959 -0.02945011 0.2364557 0.9962868 -0.05228292 0.06840574 0.941327 -0.0147652 0.3371728 0.9011797 -1.01287e-4 0.4334457 0.9734575 -0.02947294 0.2269621 0.9463428 -0.01490348 0.3228209 0.9092965 8.05827e-6 0.4161489 -0.3675875 0.05242192 0.9285103 0.3295553 1.06171e-5 0.9441363 0.1061453 0.01850652 0.9941784 -0.1257928 0.03609621 0.9913997 -0.358975 0.05228495 0.9318816 -0.1415653 0.03653579 0.9892545 0.09080469 0.01887762 0.9956899 0.3196024 -6.51926e-7 0.9475518 0.04986095 0.981957 0.1824128 3.45483e-5 1 2.02078e-5 -0.08842128 0.9765704 0.1961935 -0.1726226 0.9073694 0.3832523 -0.2488998 0.7955862 0.5523511 -0.2197917 0.2222736 0.9498873 -0.366461 0.05295228 0.9289254 -0.358815 0.05279886 0.9319143 -0.07026672 0.3812978 0.921778 -0.2128096 0.6543409 0.7256377 -0.31333 0.646671 0.695443 -0.363086 0.4674115 0.8060367 -0.3959668 0.2660285 0.8788852 -0.410347 0.05251961 0.910416 -0.3923707 0.05246984 0.9183095 -0.1859757 0.6198046 0.7624011 0.1043657 0.9271813 0.3597815 -0.1513375 0.5649205 0.8111485 0.1681938 0.8128898 0.557603 -0.374661 0.05271291 0.9256622 -0.1244098 0.5143371 0.8485161 -0.1079741 0.4800122 0.8705918 0.08264881 0.5219296 0.8489751 0.2315843 0.637179 0.7350997 -0.1180858 0.04760265 0.9918618 -0.2199619 0.2222868 0.9498448 -0.3587519 0.05256956 0.9319515 -0.07060104 0.3814331 0.9216964 0.2681525 0.431609 0.8612828 0.08248138 0.5219749 0.8489636 0.2315165 0.6371887 0.7351127 0.1232808 0.03763467 0.991658 0.2933692 0.2069854 0.9333229 -0.03167575 -0.007630348 -0.999469 0.4221241 0.5890733 -0.6890602 0.996298 0.05221253 0.06829589 0.5443226 0.8089833 0.2219437 0.6998597 0.6456989 0.3054004 0.9962685 0.05253684 0.06847661 0.9962217 0.05298668 0.06880962 0.7765701 0.525915 0.3469182 0.8121955 0.4508358 0.3702508 0.9190099 0.2679553 0.2891725 0.845246 0.366235 0.3891419 0.9700189 0.1621567 0.1810208 0.9963368 0.05152428 0.06825155 0.737267 0.6715875 0.07353705 7.06166e-5 1 -2.57691e-5 0.3430215 0.9307977 0.1263013 0.7611647 0.6464536 0.05221158 0.6044481 0.7955623 0.04150962 0.4194093 0.9073401 0.02880853 0.2146949 0.9765698 0.01475226 0.8052266 0.5881975 0.07505923 0.9962728 0.05249178 0.06844973 0.8608806 0.5031481 0.07567518 0.9962868 0.05217874 0.06848442 0.9616945 0.2660562 0.06601381 0.8820944 0.4671621 0.0605722 0.7958456 0.5948193 0.1132255 0.8266921 0.5464138 0.1342098 0.2385773 0.6372511 0.7327973 0.2785419 0.4380797 0.8546933 0.3114877 0.2234431 0.9236063 0.2315922 0.6371956 0.7350829 0.1819915 0.8092479 0.5585669 0.1687374 0.8128897 0.5574389 0.1158487 0.9274042 0.3556692 0.103703 0.9273781 0.3594659 0.05858039 0.9819808 0.1796724 -7.45058e-6 1 -6.34044e-6 1.24611e-6 1 1.53668e-5 0.05017942 0.9819683 0.1822647 0.3456231 0.6372061 0.6888491 0.3296555 3.08454e-5 0.9441014 0.5077297 1.15693e-4 0.8615164 0.2634404 0.8092134 0.5251409 0.1677685 0.9273709 0.3344203 0.4948752 0.2234517 0.8397427 0.0847482 0.9819671 0.1689928 0.4564213 0.438053 0.7744607 0.3912746 0.6372076 0.6639809 0.2982901 0.8092508 0.506099 0.1899658 0.9273841 0.3222914 0.09602499 0.9819613 0.1628847 4.37349e-6 1 4.84288e-7 0.6079735 0.2233867 0.7618836 0.6662608 1.11856e-4 0.7457188 0.5606962 0.4380831 0.7026401 0.4807263 0.6372271 0.6023653 0.3663864 0.8092444 0.4592216 0.6494767 0.2234106 0.7268204 0.2333694 0.9273533 0.2924972 0.5989614 0.4381244 0.6702927 0.1178674 0.9819631 0.147837 0.5134531 0.6372238 0.5747276 0.3914139 0.8092392 0.438095 0.2492256 0.927385 0.279005 0.1259178 0.9819817 0.1409136 -5.61029e-6 1 -4.40329e-6 0.7524258 0.223284 0.6196771 0.7991346 1.23382e-5 0.6011522 0.6939485 0.4380474 0.5714455 0.5949336 0.6372446 0.4898709 0.4535888 0.8092263 0.3733765 0.2888329 0.9273886 0.2377523 0.145967 0.9819604 0.1201984 0.7971705 0.4380814 0.4154565 0.9011987 -5.29736e-6 0.4334062 0.8918864 0.1653721 0.4209405 0.8733183 0.2673997 0.4072011 0.8447015 0.3674428 0.3891854 0.6834267 0.6371716 0.356287 0.5210136 0.8091997 0.2715525 0.3316828 0.9273996 0.1729646 0.167647 0.9819706 0.08733987 -6.21378e-6 1 -3.73274e-6 0.7014082 0.637188 0.3194025 0.7757346 0.5261672 0.3484021 0.6997202 0.6461097 0.3048507 0.8115324 0.4525366 0.3696295 0.5346651 0.8092119 0.2435353 0.5442302 0.8093065 0.2209903 0.3404331 0.9274019 0.1550197 0.1720572 0.9819685 0.07832211 0.1775733 0.9819775 0.06471472 -3.01003e-6 1 1.18501e-5 0.3431292 0.9309362 0.1249805 0.8745138 0.2666317 0.4051334 0.9190213 0.2682465 0.2888662 0.8449254 0.3671592 0.3889672 0.9837674 0.04025387 0.1748751 0.9699183 0.1626834 0.1810876 0.9962676 0.05283439 0.06826019 0.959648 0.0266388 0.2799396 0.8942711 0.1615386 0.4173541 -0.120524 0.008361101 -0.9926753 0.9839558 0.03812444 0.1742918 0.9962786 0.05227136 0.06853312 0.9962832 0.05220252 0.06851744 0.9605895 0.02369791 0.2769591 0.901221 7.48932e-5 0.43336 0.909344 -2.2972e-5 0.4160454 0.9637791 0.02369302 0.2656477 0.9849973 0.0380941 0.1683133 -0.9396817 0.3350105 -0.06903928 -0.9006235 0.4345285 -0.007896602 -0.8466266 0.5320299 -0.01295536 -0.9438467 0.3303261 -0.006182134 -0.6578481 0.7512943 -0.0528469 -0.6015691 0.7973306 -0.04877078 -0.4016864 0.9134798 -0.06482952 -0.7455279 0.6658717 -0.02833861 -0.531293 0.8444839 -0.06763845 -0.6841174 0.7272233 -0.05594563 -0.7611806 0.6466801 -0.04908287 -0.6789752 0.7309018 -0.06910324 -0.5861063 0.8071034 -0.07115882 -0.4522415 0.8888685 -0.07341921 -0.1906988 0.9790319 -0.07162946 -0.2250345 0.9732447 -0.04641473 -0.7601915 0.6459943 -0.06928545 -0.578344 0.8109024 -0.08919495 -0.7012562 0.7060323 -0.09878349 -0.5784875 0.8116078 -0.08151721 -0.4378348 0.896875 -0.06257885 -0.1959592 0.9804624 -0.01713246 -0.4752281 0.8774841 -0.06465315 -0.4182486 0.9078911 -0.02831685 -0.5709709 0.8167233 -0.08339989 -0.7824226 0.5944268 -0.1856656 -0.7441822 0.611685 -0.2683922 -0.8118939 0.4867916 -0.3222767 -0.8765926 0.3302983 -0.3499836 -0.9225308 0.3407059 -0.1812638 -0.3394036 0.9380831 -0.06931996 -0.7282683 0.6807537 -0.07873922 -0.3866778 0.9195955 -0.06945884 -0.8053062 0.5862892 -0.08801674 -0.9303608 0.348165 -0.1149349 -0.7552616 0.649891 -0.08498227 -0.6980888 0.7110805 -0.08388471 -0.3949735 0.9161936 -0.06771618 -0.5934794 0.7984843 -0.1010199 -0.7579837 0.6451587 -0.09607869 -0.739406 0.666219 -0.09711343 -0.7462325 0.6556215 -0.1153151 -0.7087621 0.6955311 -0.1178676 -0.7689859 0.6266823 -0.1262146 -0.7750049 0.6162042 -0.1402138 -0.6209301 0.7743302 -0.1218956 -0.6683077 0.7228051 -0.1758343 0.763435 0.5019161 -0.4065063 0.844901 0.3288192 -0.4219244 0.8375439 0.3237136 -0.4401475 0.7906932 0.4826044 -0.3766928 0.6430127 0.6782126 -0.3557562 0.6807944 0.667283 -0.30208 0.1500551 0.9886282 -0.009888947 0.1524558 0.9882513 -0.01079452 0.2324081 0.972181 -0.02916812 0.5134384 0.8074318 -0.2905768 0.5617855 0.7968819 -0.222208 0.3459491 0.9272851 -0.1430441 0.3910668 0.8940721 -0.2184077 0.2547551 0.9587152 -0.1263533 0.4527267 0.8788167 -0.1507306 0.3220747 0.9439334 -0.07251012 0.2355734 0.9691761 -0.07213169 0.16982 0.9831376 -0.06783652 0.1604932 0.9866333 -0.02822613 0.1253347 0.9912644 -0.0410645 0.1205773 0.9926924 -0.00480014 0.1527425 0.9882078 -0.01072984 0.1500591 0.9886275 -0.009904503 -0.06825667 0.9966979 0.04398125 0.09670794 0.9953126 -5.63356e-4 -0.1552162 0.9874138 0.03036361 0.06378161 0.9979639 2.53478e-4 0.07403165 0.9972527 0.002520918 -0.01894354 0.9998204 -5.79447e-4 0.05427384 0.9980829 -0.02974611 -0.02390807 0.9994761 -0.02181655 -0.1958706 0.9804807 -0.01710236 -0.2247467 0.9733144 -0.04634869 0.05660587 0.9970254 -0.05230981 0.05940777 0.9973015 -0.04313409 0.0385254 0.9975542 -0.05832207 0.005447089 0.9979931 -0.06308788 -0.04314094 0.9968872 -0.0659908 -0.09110522 0.9935416 -0.06763875 -0.1581613 0.9849461 -0.06975889 -0.1908968 0.9789973 -0.07157349 -0.02359807 0.9992503 -0.0306937 0.05425459 0.9980837 -0.0297535 -0.02397638 0.9994737 -0.0218541 -0.1958581 0.9804833 -0.01709318 -0.7088298 -0.7037876 -0.04736417 -0.662529 -0.7479038 -0.04117381 -0.7663676 -0.6419225 -0.02482634 -0.5358809 -0.8424832 -0.05526244 -0.5584834 -0.8268438 -0.06652712 -0.3786473 -0.9231792 -0.06607908 -0.2520514 -0.965067 -0.07152587 -0.6294571 -0.7744839 -0.06291639 -0.7323575 -0.6789557 -0.05168944 -0.7932481 -0.6071339 -0.04632478 -0.8589501 -0.51193 -0.01150465 -0.9438517 -0.3303112 -0.006199777 -0.939684 -0.3350026 -0.06904661 -0.6309924 -0.7726101 -0.07015931 -0.6714981 -0.7377665 -0.06921732 -0.7272623 -0.6829362 -0.06846731 -0.486926 -0.8703001 -0.07403224 -0.1906971 -0.979032 -0.07163244 -0.2250255 -0.9732469 -0.04641389 -0.7972705 -0.5996633 -0.06901943 -0.5783442 -0.8109022 -0.08919495 -0.5784896 -0.8116067 -0.08151316 -0.7012586 -0.7060297 -0.09878468 -0.4378353 -0.8968747 -0.06257945 -0.1959597 -0.9804624 -0.01713192 -0.4752293 -0.8774833 -0.06465506 -0.4182505 -0.9078903 -0.028315 -0.5709698 -0.8167241 -0.08339846 -0.7824231 -0.5944266 -0.1856642 -0.811894 -0.4867916 -0.3222767 -0.7441826 -0.6116847 -0.2683917 -0.8765926 -0.3302983 -0.3499835 -0.9225307 -0.3407064 -0.1812633 -0.3866856 -0.9195914 -0.06946891 -0.7780155 -0.6222862 -0.08632403 -0.8008743 -0.5923748 -0.0877074 -0.9303603 -0.3481644 -0.1149407 -0.7124565 -0.6965807 -0.08474123 -0.3949762 -0.9161924 -0.06771594 -0.5934776 -0.7984856 -0.1010206 -0.7579801 -0.6451634 -0.09607511 -0.7394074 -0.6662175 -0.09711319 -0.7462329 -0.6556211 -0.1153144 -0.708765 -0.6955285 -0.1178666 -0.7689926 -0.6266718 -0.1262258 -0.7750225 -0.6161735 -0.1402513 -0.6209301 -0.77433 -0.1218974 -0.6683079 -0.7228051 -0.175834 0.8375172 -0.3237291 -0.4401869 0.8448579 -0.3289421 -0.4219149 0.827497 -0.3903212 -0.4036063 0.763422 -0.501932 -0.4065111 0.7909194 -0.4821116 -0.3768486 0.6430244 -0.6781951 -0.3557683 0.6792636 -0.6693179 -0.3010226 0.1500939 -0.9886223 -0.00990051 0.2324079 -0.972181 -0.02916556 0.1524466 -0.9882528 -0.01079475 0.5134444 -0.8074303 -0.2905708 0.5205745 -0.8312986 -0.1947945 0.3910554 -0.8940738 -0.2184212 0.265639 -0.9594841 -0.09394907 0.3976656 -0.9101117 -0.1164424 0.2548364 -0.9586982 -0.1263183 0.169815 -0.9831376 -0.06784886 0.1604634 -0.9866407 -0.02813786 0.1253355 -0.9912643 -0.04106473 0.1262585 -0.9919796 -0.005949974 0.1500883 -0.9886231 -0.009893536 0.1526079 -0.9882285 -0.01073652 -0.06824231 -0.9966991 0.04397672 0.1042921 -0.9945452 -0.001785397 0.07801753 -0.9969496 0.002202451 -0.1552166 -0.9874135 0.03037011 0.06864142 -0.9976386 0.002399086 0.06377595 -0.9979643 2.53835e-4 -0.01894319 -0.9998205 -5.79753e-4 0.05426675 -0.9980862 -0.02965384 -0.02390766 -0.9994761 -0.02181768 -0.1958701 -0.9804807 -0.01710349 -0.2247341 -0.9733175 -0.04634308 -0.1581674 -0.9849444 -0.06976842 -0.1908932 -0.978998 -0.07157385 -0.06226831 -0.9958266 -0.06672447 -0.007899045 -0.9979104 -0.0641278 0.02261024 -0.9978769 -0.06107807 0.04115879 -0.997484 -0.05772107 0.05512702 -0.9970688 -0.05305552 0.0605396 -0.9969951 -0.04832947 0.05941075 -0.9973013 -0.04313439 -0.02359741 -0.9992503 -0.03069293 0.05425518 -0.9980838 -0.02975314 -0.02397578 -0.9994737 -0.02185326 -0.1958577 -0.9804834 -0.01709252 0.9001769 -0.306997 -0.3089247 0.9384974 -0.3007985 -0.169537 0.9798644 -0.09391236 -0.1761999 0.8660555 -0.1909892 -0.4620295 0.8375155 -0.3237087 -0.440205 0.8872033 -0.001201748 -0.4613772 0.979862 0.09391558 -0.1762117 0.8871266 0.001203775 -0.4615247 0.9001768 0.3069969 -0.3089249 0.9384979 0.3007977 -0.1695362 0.8660555 0.1909893 -0.4620291 0.8375145 0.3236988 -0.4402143 -0.9397311 0.3348675 -0.06905955 -0.981428 0.1917707 -0.004809617 -0.9438946 0.3301908 -0.006086647 -0.9961299 0.08779442 -0.004179954 -0.9957538 1.03936e-4 -0.09205591 -0.9304271 0.3480172 -0.114846 -0.9999896 -3.79661e-5 -0.004566133 -0.9999887 0.001295626 -0.004566967 -0.9261333 0.09080249 -0.3661039 -0.9715309 -1.50278e-5 -0.2369132 -0.9112735 0.1965913 -0.3618462 -0.9302824 9.76026e-7 -0.3668441 -0.9791262 0.1478921 -0.139427 -0.9227064 0.3402051 -0.1813105 -0.9869641 -6.89179e-6 -0.1609411 -0.9659117 0.1410882 -0.2170456 -0.8765733 0.3302623 -0.3500658 -0.939719 -0.3348993 -0.06907004 -0.9928132 -0.1195963 -0.004326522 -0.9999883 -0.001288712 -0.004661977 -0.9772383 -0.2120871 -0.004953861 -0.9438934 -0.3301925 -0.006194651 -0.9957539 -1.01686e-4 -0.09205561 -0.930427 -0.3480172 -0.1148464 -0.9999897 3.79705e-5 -0.004559874 -0.9261367 -0.09078544 -0.3660995 -0.9112569 -0.1965973 -0.3618847 -0.9715291 -2.95118e-5 -0.2369207 -0.9302756 -1.08306e-5 -0.3668617 -0.9791262 -0.147892 -0.1394274 -0.9227063 -0.3402051 -0.181311 -0.9869624 8.06898e-6 -0.160951 -0.9659124 -0.141089 -0.2170424 -0.8765711 -0.3302769 -0.350058 -0.03676861 0.9987763 0.03307372 -0.06825256 0.9966986 0.04397451 0.1500686 0.9886261 -0.009896516 0.02722233 0.9995958 -0.008197367 0.07502216 0.996926 -0.02258646 -0.02703189 0.9995973 0.008639693 0.7429438 0.5486279 0.3834606 -0.7902839 -0.5759172 0.2092144 -0.02242666 0.9153333 -0.4020722 -0.07316547 0.9642181 -0.2548139 -0.02205061 0.9693693 -0.2446163 -0.7805404 0.138 -0.6096826 -0.8309875 0.1179695 -0.5436386 -0.8029647 0.3039962 -0.5126736 -0.4581467 0.2405948 -0.8556961 -0.2839233 0.393906 -0.8742001 -0.295098 0.3120887 -0.9030603 -0.2813959 0.2459857 -0.9275277 -0.7363356 0.1338583 -0.6632435 -0.7351104 0.1376337 -0.6638296 -0.6363949 0.1807899 -0.7498778 -0.1753938 0.8846357 -0.4320379 -0.0590806 0.7928681 -0.6065228 -0.3248209 0.8960108 -0.3027474 -0.1703689 0.9469418 -0.2725359 -0.2707082 0.8506123 -0.4507503 -0.4952375 0.798214 -0.3429206 -0.2571897 0.7976732 -0.5455006 -0.1290142 0.6604938 -0.7396644 -0.3461055 0.7540147 -0.5582768 -0.65046 0.6486758 -0.3951223 -0.6294811 0.4353315 -0.6436148 -0.7344921 0.5148966 -0.442044 -0.4149993 0.4383085 -0.7972837 -0.208853 0.5368097 -0.8174447 -0.5686477 0.361788 -0.7387486 -0.7562726 0.1464122 -0.6376641 -0.5532929 0.3241754 -0.7673184 -0.5083565 0.2737844 -0.8164654 -0.6298193 0.1666141 -0.7586616 -0.7434293 0.1474382 -0.652361 -0.7375239 0.1460381 -0.6593416 -0.7352017 0.1428048 -0.6626352 0.2072849 -9.79751e-6 -0.9782807 0.06663912 0.2011082 -0.9772998 0.1915178 0.1969032 -0.9615352 0.00435853 -2.27913e-5 -0.9999905 -0.06880164 0.2146024 -0.9742752 -0.2471279 0.1155102 -0.9620735 -0.2813251 0.245997 -0.9275461 -0.2355757 3.27779e-6 -0.971856 0.9271517 0.3044139 -0.2184535 0.9411438 0.2560853 -0.2206102 0.9410216 0.2553996 -0.2219219 0.9385852 0.1914144 -0.2870862 0.9520456 0.2072238 -0.2250947 0.9540699 0.1971766 -0.2255483 0.9499207 0.2174074 -0.224466 0.8981149 0.3709387 -0.236208 0.9413368 0.2542702 -0.2218825 0.9418196 0.2524223 -0.2219436 0.7902277 0.5792949 -0.1998943 0.897619 0.3851634 -0.214311 0.8988921 0.3627663 -0.2457517 0.9432623 0.2464582 -0.2225189 0.9452551 0.2379943 -0.2232748 0.734557 0.5864855 -0.3412636 0.6293985 0.7547828 -0.1848254 0.8337717 0.4278097 -0.3490039 0.9476283 0.2277921 -0.2238557 0.7842448 0.4846158 -0.3874372 0.5901209 0.7131699 -0.3783463 0.4371803 0.8809338 -0.1811885 0.7200769 0.546106 -0.4280859 0.8238503 0.3890128 -0.4122376 0.894168 0.1825503 -0.4088264 0.811362 0.1761993 -0.5573558 0.6720828 0.5851848 -0.4537218 0.7203976 0.4670927 -0.5126907 0.7173485 0.1756879 -0.6741995 0.5748973 0.6496676 -0.4974186 0.3555681 0.8664368 -0.350512 0.2570897 0.7394093 -0.6222369 0.263653 0.8492774 -0.4574003 0.2368852 0.9272681 -0.2899299 0.2096026 0.9584478 -0.1935061 0.4631283 0.7025045 -0.5403699 0.4493867 0.4899034 -0.747025 0.5862852 0.1801207 -0.7898268 0.3659884 0.500623 -0.784493 0.1863598 0.3810988 -0.9055572 0.2170306 0.5927889 -0.7755637 0.3685217 0.3826847 -0.8471979 0.3934617 0.1889937 -0.8997051 0.1916104 0.1969081 -0.9615159 0.1915891 0.1968918 -0.9615234 0.3350299 -6.90669e-6 -0.9422075 0.2072688 1.67369e-5 -0.9782841 0.3934603 0.1888745 -0.8997308 0.468093 -1.19805e-5 -0.8836793 0.5862002 0.1801928 -0.7898733 0.6223384 2.65539e-5 -0.7827484 0.7173172 0.1758975 -0.674178 0.7938541 1.4104e-5 -0.6081085 0.8113868 0.1760067 -0.5573806 0.9164217 1.04979e-5 -0.4002143 0.894285 0.1820117 -0.4088106 0.9386589 0.1909875 -0.2871295 0.9731985 -1.43871e-5 -0.2299671 0.9542726 0.1961086 -0.2256223 -0.247216 0.115502 -0.9620518 -0.3497202 -3.68506e-5 -0.9368542 -0.4753274 4.44055e-6 -0.879809 -0.2356181 -4.7721e-6 -0.9718458 -0.4582399 0.2403966 -0.855702 -0.2813906 0.2460551 -0.9275108 -0.6574398 2.77907e-5 -0.7535071 -0.6362618 0.1812307 -0.7498843 -0.7608191 -7.5642e-6 -0.6489642 -0.7364932 0.1323821 -0.6633647 -0.4681815 0.8746269 -0.125833 -0.4381946 0.8929213 -0.1033294 -0.2203168 0.9695528 -0.1069013 -0.6408759 0.7612605 -0.09879618 -0.7679532 0.6332675 -0.09602212 -0.2659751 0.9534685 -0.1419692 -0.01177906 0.9940795 -0.1080157 -0.011074 0.9853917 -0.1699435 -0.3670555 0.919406 -0.1412901 -0.799676 0.5870139 -0.1262263 -0.8663631 0.4903066 -0.09494489 -0.9161318 0.3862128 -0.1074352 -0.9173511 0.3864015 -0.09571307 -0.9256851 0.3619892 -0.1098689 -0.8054655 0.5718026 -0.1557799 -0.9321233 0.343792 -0.1138124 -0.9411004 0.2897592 -0.1742691 -0.938668 0.3305239 -0.09826809 -0.2038319 0.9522843 -0.2271723 -0.02205717 0.9693918 -0.2445263 -0.07304251 0.9641026 -0.2552863 -0.3701965 0.8901143 -0.265803 -0.3247038 0.8960307 -0.3028146 -0.4952127 0.7982006 -0.3429871 -0.17025 0.9468226 -0.2730239 -0.3083755 0.9210453 -0.2378662 -0.4080992 0.8787941 -0.2473383 -0.8950342 0.4047805 -0.1872609 -0.9306225 0.1502906 -0.3336983 -0.7840732 0.5830672 -0.2127485 -0.5022795 0.8168169 -0.2837703 -0.6502124 0.6486473 -0.3955764 -0.7344148 0.5148549 -0.4422211 -0.7726433 0.5730892 -0.2731136 -0.875599 0.2818123 -0.3923114 -0.8033476 0.3038958 -0.512133 -0.8307079 0.1182095 -0.5440139 -0.3982232 0.9021937 -0.1657255 -0.4111217 0.8936963 -0.179683 -0.3999198 0.8949002 -0.1980349 -0.5716154 0.7985513 -0.1886045 -0.4026683 0.8901854 -0.213139 -0.02181571 0.9153782 -0.4020035 0.2095747 0.9584527 -0.1935122 0.2367159 0.9272959 -0.2899793 -0.02193498 0.969379 -0.2445881 -0.05806392 0.7929661 -0.6064926 0.264725 0.8490766 -0.4571539 -0.1277661 0.660702 -0.739695 0.257349 0.7393922 -0.6221502 0.0666837 0.2004892 -0.9774239 0.1865787 0.3810955 -0.9055135 0.1914761 0.1969138 -0.9615415 -0.2813395 0.2460009 -0.9275407 -0.2949943 0.3120853 -0.9030954 -0.06878232 0.2143825 -0.974325 -0.009282052 0.4995861 -0.8662145 0.2158849 0.5928219 -0.7758581 -0.2085455 0.536916 -0.8174534 -0.2839455 0.3939754 -0.8741616 0.8080467 0.5660014 -0.1634104 0.9384612 0.3009139 -0.1695334 0.9394038 0.2798175 -0.1980468 0.5726082 0.8134294 -0.1022376 0.7407928 0.6579185 -0.1355333 0.8668271 0.47266 -0.1587556 0.9148619 0.3678954 -0.1663755 0.5944612 0.7931903 -0.1321552 0.3670882 0.9261121 -0.0869646 0.1475063 0.9853305 -0.08582383 0.1261341 0.9914054 -0.03471994 0.3643673 0.9290703 -0.06375688 0.6021615 0.7850859 -0.1450578 0.4641304 0.8750913 -0.1371067 0.1754213 0.9739616 -0.1436181 0.5277478 0.8314882 -0.1735216 0.6294023 0.7547753 -0.1848434 0.4371687 0.8809145 -0.1813104 0.7902222 0.5793091 -0.1998748 0.4808773 0.8605785 -0.1678143 0.6636161 0.7276061 -0.1737902 0.4042907 0.8993651 -0.1664073 0.2096066 0.95845 -0.1934911 0.8173897 0.547873 -0.1780714 0.7493365 0.6397545 -0.1709062 0.6078826 0.7780195 -0.1586327 0.819898 0.5423086 -0.1834906 0.4558675 0.8819439 -0.1198327 0.3798567 0.918919 -0.1062865 0.3854854 0.9154911 -0.1152277 0.4123477 0.902673 -0.1230888 0.4864324 0.860141 -0.1534305 0.8561088 0.4746783 -0.2043484 0.9409899 0.2559833 -0.2213835 0.8976128 0.385149 -0.2143636 0.9270302 0.3043957 -0.2189939 0.3988996 0.9054925 -0.1447842 0.4262228 0.8915228 -0.1533668 0.951528 -0.2095824 -0.2250993 0.9468816 -0.2310107 -0.223717 0.9494546 -0.2194052 -0.2244936 0.9407981 -0.2563922 -0.2217254 0.9429155 -0.2478408 -0.2224531 0.9446757 -0.2405537 -0.222984 0.9420542 -0.2514691 -0.2220302 0.9420644 -0.2521061 -0.2212626 0.9409977 -0.2559196 -0.221424 0.954279 -0.1961067 -0.2255965 0.9731969 1.09646e-6 -0.2299737 0.947602 0.2278589 -0.2238993 0.9519725 0.2075459 -0.2251068 0.9499105 0.2174971 -0.2244215 0.94209 0.2518072 -0.2214942 0.9432162 0.2467446 -0.2223971 0.9411106 0.2548788 -0.2221436 0.94124 0.2548872 -0.2215852 0.9452404 0.2380587 -0.2232683 0.9410436 0.2557706 -0.2214011 0.9542705 0.1961064 -0.2256328 0.9764018 0 -0.2159622 0.9394163 -0.2797064 -0.1981453 0.9394229 0.2796871 -0.1981411 0.9786756 2.84251e-6 -0.2054124 0.9775905 -0.09092825 -0.1898659 0.9385026 -0.3007845 -0.1695332 0.9798654 0.09389936 -0.1762008 0.9798663 -0.09390139 -0.1761949 0.9802567 0.02970606 -0.1954849 0.9385004 0.3007942 -0.1695282 -0.2733885 0.9587028 -0.07840836 -0.01179784 0.9940791 -0.1080166 -0.2204096 0.9695326 -0.1068938 -0.01712989 0.9981735 -0.05793422 -0.4687864 0.8786326 -0.09079676 -0.4382534 0.8928903 -0.103349 -0.6408579 0.7612652 -0.09887617 -0.3730341 0.924497 -0.07842719 -0.6124857 0.7850677 -0.09235823 -0.7679311 0.633264 -0.09622257 -0.8663552 0.4903039 -0.09503084 -0.5093958 0.8569058 -0.07892084 -0.8372212 0.543085 -0.06418174 -0.2737706 0.9616335 -0.01763093 -0.2566718 0.9664986 -3.62651e-4 -0.01750284 0.9993994 -0.02991044 -0.9302751 0.3585072 -0.07785135 -0.917289 0.3863988 -0.09631603 -0.9548385 0.2967787 -0.01435625 -0.8214955 0.5695113 -0.02831894 -0.4635241 0.8860614 0.0063892 -0.4313805 0.9019277 0.02091187 -0.6327186 0.7730304 0.04573088 -0.7697341 0.6351791 0.06369596 -0.3721812 0.9280973 -0.0108028 -0.9385977 0.3363993 -0.0766161 -0.9386716 0.3305132 -0.09826856 -0.8063449 0.5914334 0.003805637 -0.8743199 0.4789873 0.07833278 -0.9292321 0.3678014 0.03535479 -0.927283 0.3646789 0.08459138 -0.9401548 0.3388918 0.03551524 -0.9480941 0.3160899 0.03470796 -0.9496267 0.3029095 0.08034431 -0.4593043 0.8867695 -0.05176466 -0.4339489 0.9000923 -0.03901576 -0.4130827 0.9102361 -0.02886301 -0.7351854 0.1376932 -0.6637341 -0.7372272 0.1465152 -0.6595675 -0.7357947 0.1424055 -0.6620625 -0.7365532 0.132407 -0.6632931 -0.7431435 0.1480695 -0.6525437 -0.7563232 0.1462862 -0.637633 -0.7805098 0.1382266 -0.6096702 -0.8307273 0.1180948 -0.544009 -0.7608118 4.69387e-6 -0.6489726 -0.8894271 -2.19271e-5 -0.4570772 -0.9306341 0.1499904 -0.3338011 -0.9562931 2.81334e-5 -0.2924098 -0.9411764 0.2894971 -0.1742943 -0.9755104 0.1965854 -0.09865927 -0.9386695 0.3305209 -0.09826231 -0.9909209 0.0908035 -0.09914886 -0.9950786 4.65754e-6 -0.09908938 0.9148524 0.3679596 -0.1662856 0.9000572 0.3073196 -0.3089526 0.9384739 0.3008844 -0.1695148 0.8668174 0.4726752 -0.1587635 0.7566032 0.5615978 -0.3349025 0.8374873 0.3238009 -0.4401912 0.7638323 0.5020014 -0.4056535 0.642952 0.6782004 -0.3558889 0.5132871 0.8072716 -0.2912884 0.6347103 0.7369161 -0.2325888 0.7407842 0.6579052 -0.1356455 0.5725974 0.8134385 -0.1022256 0.5433358 0.8152152 -0.2005255 0.3911787 0.8940991 -0.2180964 0.4854742 0.8561204 -0.1771237 0.2397398 0.9656702 -0.1000293 0.1263733 0.9915336 -0.02984714 0.1253283 0.9912661 -0.04104149 0.2548173 0.9587172 -0.1262121 0.1697864 0.9831207 -0.06816381 0.3273777 0.9419061 -0.07507896 0.3642691 0.9291134 -0.06368958 0.2269683 0.9728527 -0.0452007 0.1262536 0.991391 -0.03470075 0.1255924 0.9917489 -0.02570378 -0.0170291 0.9981767 -0.05790913 0.1261577 0.9914028 -0.03471213 0.1473968 0.9853445 -0.0858519 -0.01744711 0.9994011 -0.02988392 -0.01172238 0.9940817 -0.1080012 0.1752917 0.973981 -0.1436451 -0.01104748 0.9853932 -0.1699362 0.2094885 0.9584892 -0.1934244 -0.02204048 0.9693673 -0.244625 -0.339722 0.9391041 0.05169492 -0.01750737 0.9993991 -0.02991884 -0.2565473 0.9665312 -0.001036047 -0.4312472 0.9020028 0.02041476 -0.1919541 0.9807716 0.03522491 -0.009637713 0.9998469 0.01460444 -0.4793681 0.8733551 0.08635514 -0.6326794 0.7730867 0.04531806 -0.7697196 0.6352199 0.06346273 -0.2996721 0.9517721 0.06577646 -0.4026109 0.9102712 0.09649354 -0.7891717 0.5791119 0.2045423 -0.9161583 0.3722885 0.1485105 -0.8742929 0.4790167 0.07845473 -0.9272527 0.3647274 0.08471286 -0.9264879 0.348081 0.1430379 -0.9337797 0.3305192 0.1371594 -0.9496223 0.302917 0.08036744 -0.9251064 0.3309295 0.1861822 -0.4101041 0.8931855 0.1844835 -0.02701795 0.9995976 0.008640885 -0.847044 0.4632942 0.2605286 -0.7514365 0.5957855 0.2835189 -0.7803756 0.5749984 0.2457454 -0.8861756 0.3435296 0.3109344 -0.4628934 0.8612919 0.2095378 -0.6497142 0.6857972 0.3279537 -0.550398 0.7926939 0.2621039 -0.4222795 0.8873566 0.185144 -0.2645177 0.9584918 0.106415 -0.1183933 0.9920009 0.04378539 -0.7084566 0.6365131 0.3048612 -0.8004117 0.4810085 0.357732 -0.7692949 0.4950119 0.4039165 -0.8330314 0.4132064 0.3678576 -0.8330771 0.3329994 0.4416946 -0.4606215 0.873616 0.1569174 -0.4828144 0.8566113 0.1819543 -0.4855651 0.851067 0.1997785 -0.6100811 0.7569089 0.2342863 -0.45831 0.8662485 0.1989107 -0.899695 0.3762797 0.2212746 -0.9220821 1.45435e-5 0.3869944 -0.886138 6.8295e-6 0.4634213 -0.8762987 0.1426032 0.4601793 -0.8861794 0.3435169 0.3109377 -0.8330932 0.3329681 0.4416878 -0.953318 9.89735e-5 0.3019683 -0.9252109 0.3306034 0.1862427 -0.9887284 -5.7295e-6 0.14972 -0.949651 0.3028312 0.08035105 -0.9996457 -1.19954e-6 0.02662014 -0.9548282 0.2968112 -0.01435989 -0.9889652 0.1331049 -0.06504726 -0.9386823 0.3304857 -0.09825831 -0.9754945 0.1966101 -0.09876781 -0.9909337 0.09079104 -0.09903353 -0.9950785 -1.57841e-5 -0.09909081 -0.01742428 0.9994016 -0.02988147 0.1257008 0.9917356 -0.02568405 0.1261474 0.9914038 -0.03471845 -0.009533405 0.9998489 0.01454615 0.126313 0.9915446 -0.02974122 0.07439917 0.9969402 -0.0239827 0.1253523 0.9912623 -0.04105979 0.02694141 0.9995979 -0.008849382 -0.02705687 0.9995965 0.008642792 -0.03698503 0.9987672 0.03311187 -0.2413511 0.9671216 0.08016031 -0.06827545 0.9966968 0.04397863 -0.5010178 0.8553314 0.1318694 -0.7394747 0.6588913 0.1379837 -0.5540584 0.8207867 0.1390268 -0.3669189 0.9235808 0.1112164 -0.2293539 0.9694728 0.08671534 -0.02703654 0.9995971 0.008642137 -0.1183283 0.9920033 0.04390698 -0.2641496 0.9585244 0.1070331 -0.3620262 0.9233033 0.128251 -0.4215384 0.8874587 0.1863403 -0.5495589 0.792802 0.2635335 -0.8146929 0.4946222 0.3026956 -0.6495568 0.6857825 0.3282963 -0.7699735 0.495102 0.4025108 -0.8672813 0.3447781 0.359098 -0.9194192 0.3540871 0.1711455 -0.8661288 0.4771977 0.1486716 -0.8160473 0.4043191 0.4130287 -0.8330904 0.3330724 0.4416143 -0.7445253 0.6370415 0.1996505 -0.695653 0.6781235 0.2370979 -0.8762494 0.1425974 0.4602748 -0.8861356 3.64333e-6 0.4634263 -0.9077891 -4.47035e-7 0.4194272 -0.8672744 0.3448079 0.359086 -0.8330857 0.3329755 0.4416965 -0.9563031 -2.5779e-6 0.2923771 -0.9194344 0.3540982 0.1710402 -0.9978657 -1.37687e-5 0.06529992 -0.9370913 0.3480867 -0.02637469 -0.984591 3.27826e-7 -0.1748738 -0.9188817 0.3364911 -0.2059863 -0.925825 0.09081602 -0.3668797 -0.9298341 5.63823e-5 -0.3679791 -0.911113 0.1966098 -0.36224 -0.8765799 0.3302528 -0.3500584 -0.9194343 0.3540927 0.1710531 -0.9370585 0.3481748 -0.0263763 -0.8661757 0.4772166 0.1483376 -0.3249444 0.9456775 0.01026558 -0.1959584 0.9804625 -0.01713544 -0.1552011 0.9874159 0.03037351 -0.4182353 0.9078938 -0.02842831 -0.4494427 0.8933078 -0.001656174 -0.5539945 0.8322485 -0.02127778 -0.5709922 0.8167102 -0.08338022 -0.7681965 0.6333042 -0.09380912 -0.6683121 0.7228232 -0.1757426 -0.3975313 0.9157824 0.05754482 -0.06824445 0.9966987 0.04398173 -0.2416266 0.967167 0.07877022 -0.3673473 0.9235591 0.1099759 -0.8238632 0.5057961 -0.2557733 -0.9188646 0.3366039 -0.205878 -0.8765497 0.330326 -0.3500648 -0.7443755 0.6116093 -0.2680284 -0.8121303 0.4866849 -0.3218423 -0.8097127 0.5847776 -0.04899507 -0.5205102 0.8518348 0.05870753 -0.5542193 0.8207907 0.1383612 -0.6549853 0.7537213 0.05383884 -0.7392877 0.6589386 0.1387577 -0.8541631 0.5199091 -0.01000213 -0.4076811 0.9129034 0.02009254 -0.5872218 0.8092484 0.0169605 -0.03676861 -0.9987764 0.03307342 0.1500684 -0.9886262 -0.009896755 -0.06825268 -0.9966986 0.04397386 0.027224 -0.9995958 -0.008197009 0.07499641 -0.9969297 -0.02250909 -0.02703231 -0.9995972 0.008643031 0.04687398 -0.4647732 0.8841883 -0.7902844 0.5759166 0.2092145 -0.02243191 -0.915333 -0.4020726 -0.02205061 -0.9693701 -0.2446126 -0.07316452 -0.9642184 -0.2548132 -0.4116409 -0.2489955 -0.8766717 -0.2814043 -0.2460038 -0.9275202 -0.2951322 -0.3120962 -0.9030466 -0.7813521 -0.1378171 -0.6086835 -0.8029556 -0.3039997 -0.5126857 -0.8309937 -0.1180387 -0.5436141 -0.7352443 -0.136911 -0.6638308 -0.5873112 -0.2014796 -0.7838823 -0.7351209 -0.1425331 -0.6627833 -0.736341 -0.1340239 -0.663204 -0.1753984 -0.8846347 -0.432038 -0.1703673 -0.9469416 -0.2725376 -0.3248181 -0.8960111 -0.3027499 -0.05907672 -0.7928688 -0.606522 -0.2707109 -0.8506098 -0.4507533 -0.4952338 -0.7982153 -0.3429225 -0.2571774 -0.7976475 -0.5455442 -0.1290103 -0.6604862 -0.7396718 -0.3461042 -0.7540017 -0.558295 -0.6504895 -0.6486901 -0.3950502 -0.6294152 -0.4353048 -0.6436973 -0.73449 -0.5148922 -0.4420527 -0.5685834 -0.3616913 -0.7388453 -0.7562633 -0.1464636 -0.6376632 -0.4090194 -0.327998 -0.8515401 -0.2089626 -0.5367942 -0.8174269 -0.2838964 -0.393993 -0.8741695 -0.42132 -0.301423 -0.8553559 -0.555054 -0.259415 -0.7903284 -0.7430566 -0.1478137 -0.6527006 -0.7374413 -0.1461079 -0.6594186 0.2072849 9.85735e-6 -0.9782807 0.1915178 -0.1969032 -0.9615353 0.0666635 -0.2010607 -0.9773079 0.004356741 2.1331e-5 -0.9999906 -0.06880295 -0.2146049 -0.9742746 -0.2472214 -0.1155051 -0.96205 -0.2813136 -0.2459983 -0.9275492 -0.2355757 -3.1963e-6 -0.971856 0.9271355 -0.30441 -0.2185279 0.9410623 -0.2553626 -0.2217919 0.9411034 -0.2560197 -0.2208585 0.9413497 -0.2543553 -0.2217299 0.9386125 -0.1912688 -0.2870937 0.95407 -0.1971538 -0.2255683 0.9516098 -0.209438 -0.2248878 0.9493173 -0.2202188 -0.2242772 0.898056 -0.3720693 -0.2346485 0.8976083 -0.3852038 -0.2142835 0.7902224 -0.5793066 -0.1998816 0.8986123 -0.3652953 -0.243013 0.9445828 -0.2408495 -0.2230581 0.9429649 -0.247686 -0.2224161 0.9418348 -0.252403 -0.221901 0.7345641 -0.5864582 -0.3412953 0.6293987 -0.7547829 -0.1848249 0.8337836 -0.4277908 -0.3489986 0.9469157 -0.2308815 -0.223706 0.7842438 -0.4846168 -0.3874381 0.5901225 -0.7131692 -0.3783453 0.4371803 -0.8809337 -0.1811883 0.7200749 -0.5461078 -0.4280871 0.8238537 -0.3889997 -0.412243 0.8113615 -0.1761997 -0.5573566 0.8941681 -0.1825503 -0.4088264 0.6720812 -0.585186 -0.4537228 0.720397 -0.4670938 -0.5126906 0.7173466 -0.1756886 -0.6742013 0.5748975 -0.6496675 -0.4974186 0.3555688 -0.8664369 -0.3505109 0.2636992 -0.8492445 -0.4574347 0.2570874 -0.7394098 -0.6222373 0.2368851 -0.9272678 -0.289931 0.2096027 -0.9584478 -0.1935063 0.4631269 -0.7025039 -0.540372 0.4493954 -0.4898899 -0.7470286 0.5862821 -0.1801216 -0.7898288 0.3659965 -0.5006235 -0.7844888 0.2170308 -0.5927895 -0.7755632 0.1863597 -0.3810986 -0.9055573 0.3685262 -0.3826833 -0.8471966 0.1916106 -0.1969084 -0.9615158 0.3934584 -0.1889949 -0.8997063 0.1915892 -0.1968919 -0.9615234 0.2072688 -1.67638e-5 -0.9782841 0.33503 6.90669e-6 -0.9422075 0.3934606 -0.1888746 -0.8997307 0.4680929 1.19358e-5 -0.8836792 0.5862003 -0.1801928 -0.7898733 0.6223386 -2.65911e-5 -0.7827483 0.7173174 -0.1758975 -0.6741778 0.7938541 -1.41412e-5 -0.6081084 0.811387 -0.1760068 -0.5573804 0.9164218 -1.06096e-5 -0.4002138 0.8942853 -0.1820117 -0.4088102 0.9386594 -0.1909871 -0.2871282 0.9731985 1.45454e-5 -0.229967 0.9542736 -0.1961076 -0.2256187 -0.2472327 -0.1155009 -0.9620476 -0.475392 -9.13441e-6 -0.8797741 -0.3497279 3.86387e-5 -0.9368515 -0.2356184 4.76604e-6 -0.9718457 -0.4116353 -0.2486033 -0.8767855 -0.2814164 -0.2460303 -0.9275096 -0.5868698 -0.2017263 -0.7841494 -0.6574557 2.15396e-5 -0.7534932 -0.6026185 -0.1744274 -0.7787337 -0.7138223 -0.2163528 -0.6660701 -0.7608073 2.88337e-6 -0.6489778 -0.4681754 -0.8746292 -0.1258395 -0.220413 -0.9695292 -0.1069178 -0.4381989 -0.8929194 -0.1033289 -0.6408774 -0.7612593 -0.09879606 -0.7679554 -0.6332647 -0.09602433 -0.2659736 -0.9534705 -0.1419585 -0.01178073 -0.9940794 -0.1080164 -0.01107507 -0.9853916 -0.1699435 -0.3671306 -0.9194766 -0.140634 -0.7996744 -0.5870162 -0.1262257 -0.8663638 -0.4903056 -0.09494322 -0.9161321 -0.3862146 -0.1074254 -0.9173903 -0.3863079 -0.09571474 -0.9256827 -0.3619949 -0.1098698 -0.8054654 -0.5718028 -0.1557791 -0.9321137 -0.3438276 -0.113784 -0.938669 -0.3305204 -0.0982688 -0.941087 -0.2898034 -0.1742682 -0.2038356 -0.9522827 -0.2271755 -0.0730437 -0.9641023 -0.2552869 -0.02205896 -0.9693912 -0.2445285 -0.3701997 -0.8901126 -0.2658041 -0.4952098 -0.7982039 -0.3429837 -0.3247054 -0.89603 -0.302815 -0.1702431 -0.9468248 -0.2730205 -0.3083875 -0.921045 -0.2378515 -0.4081937 -0.8787422 -0.2473666 -0.895028 -0.4048118 -0.1872229 -0.9305877 -0.1503109 -0.3337864 -0.7841216 -0.5827829 -0.2133486 -0.5022822 -0.8168186 -0.2837603 -0.734416 -0.5148541 -0.4422199 -0.6502143 -0.648647 -0.3955737 -0.7726417 -0.5730913 -0.2731142 -0.8756005 -0.2818103 -0.3923098 -0.8307113 -0.1181977 -0.5440112 -0.8033466 -0.3039022 -0.5121307 -0.398219 -0.9021955 -0.1657258 -0.4110668 -0.8937227 -0.1796773 -0.3999124 -0.8949046 -0.1980301 -0.5716105 -0.7985549 -0.1886041 -0.4026701 -0.8901844 -0.21314 -0.02181446 -0.915378 -0.4020042 0.2095754 -0.9584524 -0.1935129 -0.02193552 -0.969379 -0.2445879 0.2367166 -0.9272956 -0.2899798 -0.05806422 -0.7929677 -0.6064906 0.264724 -0.8490761 -0.4571555 -0.1277683 -0.6607016 -0.739695 0.257349 -0.7393924 -0.6221498 0.06668335 -0.2004871 -0.9774243 0.1914763 -0.1969142 -0.9615414 0.1865788 -0.3810951 -0.9055137 -0.2813588 -0.2459678 -0.9275436 -0.06878548 -0.2143762 -0.9743261 -0.2951324 -0.3120847 -0.9030504 -0.009293079 -0.4996291 -0.8661897 -0.2085493 -0.5369159 -0.8174524 -0.2839403 -0.3939759 -0.874163 0.2158882 -0.592822 -0.7758572 0.8080467 -0.5660016 -0.1634101 0.7407932 -0.6579181 -0.1355332 0.5726082 -0.8134295 -0.1022377 0.8668273 -0.47266 -0.1587553 0.9148619 -0.3678954 -0.1663754 0.9384612 -0.3009137 -0.1695336 0.939404 -0.279818 -0.1980459 0.5944604 -0.7931911 -0.1321543 0.3670885 -0.9261119 -0.08696454 0.1261351 -0.9914054 -0.03472036 0.1475065 -0.9853305 -0.08582371 0.3643665 -0.9290706 -0.06375771 0.6021606 -0.7850866 -0.1450579 0.4641307 -0.8750909 -0.1371082 0.1753739 -0.9739698 -0.143621 0.5277484 -0.8314884 -0.1735192 0.4371685 -0.8809145 -0.1813105 0.6294029 -0.7547745 -0.1848444 0.7902228 -0.5793081 -0.1998754 0.6636156 -0.7276065 -0.1737905 0.4808768 -0.8605788 -0.1678143 0.4042904 -0.8993645 -0.1664116 0.2096075 -0.9584498 -0.193491 0.8173884 -0.5478754 -0.1780703 0.7493366 -0.6397558 -0.1709014 0.6078819 -0.7780204 -0.158632 0.8198994 -0.5423073 -0.1834879 0.4558672 -0.8819443 -0.119831 0.3798577 -0.9189188 -0.106285 0.385484 -0.9154924 -0.1152213 0.4123464 -0.9026736 -0.1230886 0.4864307 -0.860142 -0.1534305 0.8561074 -0.4746778 -0.2043559 0.8976126 -0.385149 -0.214364 0.9270302 -0.3043958 -0.2189938 0.9409899 -0.2559834 -0.2213832 0.3988989 -0.9054927 -0.1447852 0.426221 -0.8915239 -0.1533654 -0.2733904 -0.9587023 -0.07840776 -0.01179766 -0.9940792 -0.1080161 -0.01713013 -0.9981735 -0.05793374 -0.2204114 -0.9695323 -0.1068925 -0.468786 -0.878633 -0.09079605 -0.4382511 -0.8928915 -0.1033473 -0.6408588 -0.7612648 -0.0988748 -0.3730369 -0.9244961 -0.07842624 -0.6124857 -0.7850679 -0.0923568 -0.7679299 -0.6332655 -0.09622162 -0.8663549 -0.4903045 -0.0950303 -0.5093789 -0.8569067 -0.07901984 -0.8372215 -0.5430846 -0.0641824 -0.2737696 -0.9616338 -0.01762795 -0.01750332 -0.9993994 -0.02990895 -0.2566717 -0.9664986 -3.63141e-4 -0.9302744 -0.3585088 -0.07785284 -0.9172887 -0.3863998 -0.09631597 -0.8214955 -0.5695111 -0.02832186 -0.9548381 -0.2967796 -0.01435583 -0.4635247 -0.886061 0.006389617 -0.4313791 -0.9019284 0.02091002 -0.6327183 -0.7730307 0.04573035 -0.7697339 -0.6351792 0.06369519 -0.3721804 -0.9280977 -0.01079601 -0.9385977 -0.3363992 -0.07661646 -0.9386716 -0.3305132 -0.09826844 -0.8063451 -0.5914332 0.003806531 -0.87432 -0.478987 0.07833248 -0.9292322 -0.3678013 0.03535515 -0.9272828 -0.3646793 0.08459162 -0.9401547 -0.3388922 0.03551465 -0.948094 -0.3160911 0.03470438 -0.9496262 -0.3029108 0.08034455 -0.4593046 -0.8867692 -0.05176627 -0.433948 -0.9000928 -0.03901332 -0.4130821 -0.9102362 -0.02886611 -0.7350727 -0.1376315 -0.6638718 -0.735886 -0.1423832 -0.6619659 -0.7375691 -0.145955 -0.6593095 -0.7365358 -0.1324271 -0.6633085 -0.7429988 -0.1481307 -0.6526945 -0.7562208 -0.146352 -0.6377392 -0.7814322 -0.1378679 -0.608569 -0.8307142 -0.1181226 -0.5440229 -0.7608118 -4.6771e-6 -0.6489726 -0.889425 2.34991e-5 -0.4570813 -0.9306332 -0.1499887 -0.3338044 -0.9563238 -1.03414e-5 -0.2923098 -0.9411764 -0.2894968 -0.1742944 -0.9755115 -0.1965796 -0.0986604 -0.938716 -0.3303809 -0.09828889 -0.9909209 -0.09080404 -0.0991488 -0.9950786 -4.63799e-6 -0.09908938 0.9148324 -0.3680144 -0.1662744 0.9384742 -0.3008842 -0.1695137 0.9000588 -0.3073175 -0.30895 0.8667915 -0.4727187 -0.1587757 0.7566045 -0.5615966 -0.3349015 0.8375158 -0.3237102 -0.4402034 0.7638293 -0.5020086 -0.4056504 0.6429455 -0.6782053 -0.3558916 0.5132875 -0.8072709 -0.2912898 0.6347054 -0.7369176 -0.2325971 0.5725989 -0.8134369 -0.1022292 0.7407839 -0.6579046 -0.1356498 0.5433281 -0.8152218 -0.2005197 0.3911857 -0.8940953 -0.2181 0.4854748 -0.856121 -0.1771196 0.2397398 -0.9656702 -0.100029 0.1253268 -0.9912662 -0.04104286 0.1263741 -0.9915335 -0.02984714 0.2548198 -0.9587166 -0.1262116 0.1697839 -0.9831209 -0.06816738 0.3273773 -0.9419063 -0.07507866 0.3642718 -0.9291125 -0.06368768 0.2269703 -0.9728524 -0.04519742 0.1262555 -0.9913907 -0.0347017 0.1255941 -0.9917488 -0.0257039 -0.01702916 -0.9981767 -0.05790883 0.1261575 -0.9914028 -0.03471207 -0.01744747 -0.9994011 -0.02988398 0.1473968 -0.9853445 -0.0858516 -0.0117222 -0.9940817 -0.1080006 0.175292 -0.973981 -0.1436448 -0.01104354 -0.9853763 -0.1700345 0.2094891 -0.9584891 -0.1934245 -0.02193886 -0.9693998 -0.2445054 -0.3397237 -0.9391039 0.05168962 -0.2565476 -0.9665312 -0.001036643 -0.01750773 -0.999399 -0.02991962 -0.4312472 -0.9020029 0.02041423 -0.1919538 -0.9807717 0.03522354 -0.00961858 -0.9998485 0.01451098 -0.4793688 -0.873355 0.08635169 -0.6326804 -0.773086 0.0453177 -0.7697197 -0.6352197 0.06346291 -0.2996727 -0.9517722 0.06577366 -0.4026116 -0.9102705 0.0964964 -0.789174 -0.5791103 0.204538 -0.9161587 -0.3722901 0.1485038 -0.8742927 -0.4790167 0.07845503 -0.9272528 -0.3647274 0.08471298 -0.9264879 -0.3480812 0.1430377 -0.9337801 -0.3305191 0.1371561 -0.9251065 -0.3309296 0.1861821 -0.9496223 -0.302917 0.08036756 -0.4101031 -0.893186 0.1844834 -0.02701747 -0.9995977 0.008644342 -0.8470441 -0.4632937 0.2605289 -0.7803764 -0.5749979 0.2457442 -0.7514366 -0.5957851 0.2835196 -0.8861755 -0.3435298 0.3109346 -0.4628929 -0.861292 0.2095384 -0.5503996 -0.7926927 0.2621042 -0.6497147 -0.6857967 0.3279539 -0.4222763 -0.887358 0.1851452 -0.2645151 -0.9584931 0.106409 -0.1183934 -0.9920011 0.04378378 -0.7084562 -0.6365129 0.3048626 -0.8004097 -0.4810093 0.3577352 -0.7692946 -0.4950126 0.4039164 -0.8330318 -0.4132071 0.367856 -0.833077 -0.3329994 0.4416946 -0.4605801 -0.8736553 0.1568197 -0.4828148 -0.856611 0.1819545 -0.485564 -0.8510681 0.1997764 -0.6100804 -0.7569089 0.234288 -0.4583114 -0.8662481 0.1989092 -0.8996948 -0.3762803 0.2212746 -0.9220815 -1.4618e-5 0.3869957 -0.8762988 -0.1426031 0.4601792 -0.886138 -6.83218e-6 0.4634216 -0.8861792 -0.343517 0.3109386 -0.9533179 -9.91076e-5 0.3019688 -0.8330933 -0.3329681 0.4416876 -0.9252106 -0.3306035 0.1862439 -0.9887285 5.73695e-6 0.1497197 -0.949651 -0.3028312 0.08035153 -0.9996457 1.16974e-6 0.02661991 -0.9548283 -0.2968113 -0.01435905 -0.988965 -0.1331052 -0.06504726 -0.9950784 1.57946e-5 -0.09909087 -0.9754944 -0.1966109 -0.09876757 -0.9387014 -0.3304235 -0.09828561 -0.9909337 -0.09079098 -0.09903365 -0.01742446 -0.9994016 -0.02988135 0.1261488 -0.9914039 -0.03471106 0.1257009 -0.9917357 -0.02568393 -0.009606838 -0.9998487 0.01450699 0.1263138 -0.9915444 -0.02974092 0.07439929 -0.9969402 -0.02398222 0.1253516 -0.9912624 -0.04105985 0.02690494 -0.9995991 -0.008817076 -0.02700936 -0.9995979 0.00863713 -0.03698396 -0.9987672 0.03311157 -0.06827235 -0.996697 0.04397898 -0.2413503 -0.9671217 0.08016037 -0.5010187 -0.855331 0.1318691 -0.5540584 -0.8207868 0.1390271 -0.739475 -0.658891 0.1379836 -0.3669211 -0.9235796 0.1112191 -0.2293522 -0.969473 0.08671694 -0.2641469 -0.9585248 0.1070367 -0.1183279 -0.9920034 0.04390728 -0.02703708 -0.9995972 0.008639991 -0.3621162 -0.9232712 0.1282265 -0.549558 -0.7928025 0.2635343 -0.4215387 -0.8874581 0.1863418 -0.8146914 -0.4946234 0.3026971 -0.7699733 -0.4951021 0.402511 -0.6495573 -0.6857823 0.3282957 -0.9194191 -0.3540872 0.1711457 -0.8672819 -0.3447771 0.3590973 -0.866131 -0.4771931 0.148674 -0.8160483 -0.4043183 0.4130277 -0.8330905 -0.3330724 0.4416141 -0.7445249 -0.6370415 0.199652 -0.6956534 -0.6781222 0.2371006 -0.8762496 -0.1425973 0.4602747 -0.9077889 4.91738e-7 0.4194275 -0.8861357 -3.66088e-6 0.4634259 -0.8672742 -0.3448079 0.3590862 -0.8330856 -0.3329755 0.4416963 -0.9563397 1.5527e-5 0.2922576 -0.9194344 -0.3540982 0.1710405 -0.9978657 1.38581e-5 0.06529963 -0.9370912 -0.3480869 -0.02637517 -0.9845928 -1.63913e-7 -0.1748628 -0.9188799 -0.336494 -0.2059892 -0.9258246 -0.09080559 -0.3668833 -0.9298343 -3.53307e-5 -0.3679786 -0.9111102 -0.1965972 -0.3622537 -0.8765934 -0.3302283 -0.3500477 -0.9194347 -0.3540918 0.1710529 -0.8661757 -0.4772166 0.1483377 -0.9370586 -0.3481746 -0.0263763 -0.3249446 -0.9456773 0.01026588 -0.1959581 -0.9804625 -0.01713633 -0.4182348 -0.907894 -0.02842831 -0.1552013 -0.9874159 0.03037339 -0.4494415 -0.8933083 -0.001655519 -0.5539957 -0.8322477 -0.02127534 -0.5709934 -0.8167095 -0.08338075 -0.7681965 -0.6333041 -0.09380924 -0.6683126 -0.722823 -0.1757424 -0.3975299 -0.9157831 0.0575459 -0.3673501 -0.9235578 0.1099767 -0.241625 -0.9671673 0.07877141 -0.0682401 -0.996699 0.04398179 -0.8238632 -0.5057961 -0.2557731 -0.8765503 -0.3303252 -0.3500642 -0.9188401 -0.3366156 -0.2059684 -0.744376 -0.611609 -0.2680277 -0.8121303 -0.4866847 -0.3218422 -0.8097125 -0.584778 -0.04899477 -0.5204853 -0.8518497 0.05871313 -0.5542211 -0.8207896 0.13836 -0.6549859 -0.753721 0.05383628 -0.7392871 -0.6589394 0.1387572 -0.8541634 -0.5199085 -0.01000142 -0.4076805 -0.9129037 0.02009248 -0.5872205 -0.8092504 0.01691067</float_array>
          <technique_common>
            <accessor source="#index_intermediate-mesh-normals-array" count="5148" stride="3">
              <param name="X" type="float"/>
              <param name="Y" type="float"/>
              <param name="Z" type="float"/>
            </accessor>
          </technique_common>
        </source>
        <vertices id="index_intermediate-mesh-vertices">
          <input semantic="POSITION" source="#index_intermediate-mesh-positions"/>
        </vertices>
        <triangles material="white_plastic-material" count="2894">
          <input semantic="VERTEX" source="#index_intermediate-mesh-vertices" offset="0"/>
          <input semantic="NORMAL" source="#index_intermediate-mesh-normals" offset="1"/>
          <p>5 0 0 1 1 2 5 0 1 2 2 3 5 0 6 4 0 1 4 5 2 3 3 6 4 5 5 0 2 3 8 7 7 8 11 9 8 7 11 9 12 10 8 7 12 10 13 11 19 12 15 13 14 14 19 12 16 15 15 13 19 12 13 11 16 15 19 12 8 7 13 11 21 16 10 17 9 18 21 16 9 18 18 19 20 20 21 16 18 19 17 21 20 20 18 19 22 22 9 18 8 7 22 22 19 12 18 19 22 22 8 7 19 12 22 22 18 19 9 18 63 23 49 23 47 23 66 24 51 24 50 24 65 25 49 25 63 25 61 26 47 26 45 26 62 27 64 27 48 27 69 28 52 28 67 28 36 29 52 29 69 29 23 30 35 30 68 30 37 31 35 31 23 31 27 32 39 32 24 32 59 33 46 33 43 33 57 34 60 34 44 34 34 35 38 35 26 35 28 36 32 36 25 36 31 37 33 37 29 37 30 38 31 38 29 38 56 39 42 39 40 39 56 40 58 40 42 40 55 41 41 41 53 41 54 42 56 42 40 42 75 43 76 44 77 45 83 46 75 43 77 45 74 47 75 43 83 46 82 48 74 47 83 46 81 49 73 50 74 47 81 49 74 47 82 48 80 51 72 52 73 50 80 51 73 50 81 49 79 53 71 54 72 52 79 53 72 52 80 51 78 55 70 56 71 54 78 55 71 54 79 53 94 57 86 58 90 59 87 60 86 58 94 57 93 61 87 60 94 57 88 62 87 60 93 61 92 63 88 62 93 61 89 64 88 62 92 63 91 65 85 66 89 64 91 65 89 64 92 63 95 67 85 66 91 65 84 68 85 66 95 67 96 69 84 68 95 67 141 70 146 70 97 70 98 71 141 71 97 71 145 72 142 72 100 72 101 73 144 73 99 73 104 74 128 74 143 74 105 75 145 75 102 75 106 76 127 76 103 76 131 77 129 77 108 77 110 78 130 78 107 78 133 79 130 79 110 79 111 80 132 80 109 80 137 81 134 81 113 81 114 82 135 82 112 82 138 83 136 83 115 83 117 84 139 84 116 84 140 85 139 85 117 85 118 86 140 86 117 86 126 87 118 87 120 87 126 88 140 88 118 88 121 89 124 89 119 89 123 90 125 90 122 90 157 91 148 92 147 93 149 94 148 92 157 91 158 95 149 94 157 91 150 96 149 94 158 95 159 97 150 96 158 95 151 98 150 96 159 97 160 99 151 98 159 97 152 100 151 98 160 99 161 101 152 100 160 99 153 102 152 100 161 101 162 103 153 102 161 101 154 104 153 102 162 103 156 105 154 104 162 103 155 106 154 104 156 105 167 107 169 108 168 109 170 110 169 108 167 107 166 111 170 110 167 107 171 112 170 110 166 111 165 113 171 112 166 111 172 114 165 113 164 115 172 114 171 112 165 113 173 116 164 115 163 117 173 116 172 114 164 115 174 118 173 116 163 117 176 119 174 118 163 117 175 120 174 118 176 119 178 121 177 122 179 123 178 121 179 123 180 124 181 125 178 121 180 124 199 126 182 127 200 128 198 129 182 127 199 126 192 130 188 131 187 132 191 133 189 134 188 131 191 133 188 131 192 130 190 135 189 134 191 133 201 136 183 137 182 127 201 136 184 138 183 137 201 136 185 139 184 138 201 136 196 140 195 141 201 136 197 142 196 140 201 136 198 129 197 142 201 136 182 127 198 129 202 143 186 144 185 139 202 143 187 132 186 144 202 143 193 145 192 130 202 143 194 146 193 145 202 143 195 141 194 146 202 143 185 139 201 136 202 143 201 136 195 141 202 143 192 130 187 132 235 147 224 148 223 149 235 147 223 149 229 150 234 151 225 152 224 148 234 151 224 148 235 147 233 153 226 154 225 152 233 153 225 152 234 151 216 155 208 156 207 157 216 155 209 158 208 156 216 155 210 159 209 158 216 155 211 160 210 159 216 155 212 161 211 160 216 155 213 162 212 161 216 155 214 163 213 162 204 164 205 165 206 166 204 164 206 166 215 167 232 168 227 169 226 154 232 168 226 154 233 153 231 170 228 171 227 169 231 170 221 172 228 171 231 170 227 169 232 168 230 173 218 174 217 175 230 173 222 176 221 172 230 173 217 175 222 176 230 173 221 172 231 170 203 177 215 167 214 163 203 177 219 178 218 174 203 177 220 179 219 178 203 177 216 155 220 179 203 177 204 164 215 167 203 177 214 163 216 155 203 177 218 174 230 173 236 180 238 180 249 180 247 181 250 182 248 183 247 181 237 184 250 182 246 185 239 186 237 184 246 185 237 184 247 181 245 187 239 186 246 185 244 188 239 186 245 187 241 189 240 190 239 186 243 191 239 186 244 188 242 192 241 189 239 186 242 192 239 186 243 191 254 193 252 194 251 195 254 193 257 196 252 194 255 197 256 197 253 197 294 198 295 198 296 198 262 199 294 199 296 199 292 200 274 200 276 200 291 201 275 201 277 201 278 202 260 202 258 202 264 203 280 203 259 203 289 204 271 204 273 204 289 205 273 205 291 205 282 206 263 206 266 206 283 207 281 207 265 207 288 208 270 208 272 208 288 209 272 209 290 209 285 210 267 210 269 210 285 211 269 211 287 211 286 212 284 212 268 212 279 213 293 213 261 213 297 214 299 214 300 214 303 215 298 215 301 215 306 216 298 216 303 216 304 217 305 217 302 217 312 218 308 219 307 220 309 221 312 218 307 220 310 222 312 218 309 221 311 223 312 218 310 222 315 224 316 225 317 226 319 227 317 226 318 228 319 227 315 224 317 226 314 229 315 224 319 227 313 230 314 229 319 227 322 231 323 232 324 233 320 234 324 233 321 235 320 234 322 231 324 233 331 236 328 237 327 238 331 236 329 239 328 237 331 236 330 240 329 239 332 241 331 236 327 238 333 242 332 241 327 238 325 243 327 238 326 244 334 245 333 242 327 238 335 246 334 245 327 238 336 247 335 246 327 238 338 248 327 238 325 243 337 249 336 247 327 238 337 249 327 238 338 248 349 250 352 251 353 252 350 253 353 252 354 254 350 253 349 250 353 252 347 255 348 256 339 257 346 258 345 259 357 260 360 261 354 254 355 262 360 261 355 262 358 263 361 264 350 253 354 254 361 264 360 261 358 263 361 264 354 254 360 261 362 265 351 266 350 253 362 265 350 253 361 264 362 265 361 264 358 263 363 267 340 268 339 257 363 267 348 256 351 266 363 267 351 266 362 265 363 267 339 257 348 256 364 269 341 270 340 268 364 269 362 265 358 263 364 269 340 268 363 267 364 269 363 267 362 265 365 271 342 272 341 270 365 271 341 270 364 269 365 271 364 269 358 263 366 273 365 271 358 263 366 273 342 272 365 271 367 274 343 275 342 272 367 274 358 263 357 260 367 274 366 273 358 263 367 274 342 272 366 273 368 276 344 277 343 275 368 276 345 259 344 277 368 276 367 274 357 260 368 276 343 275 367 274 368 276 357 260 345 259 369 278 357 260 356 279 369 278 356 279 359 280 369 278 359 280 346 258 369 278 346 258 357 260 378 281 377 282 376 283 379 284 376 283 375 285 379 284 378 281 376 283 380 286 375 285 374 287 380 286 379 284 375 285 381 288 380 286 374 287 382 289 374 287 373 290 382 289 381 288 374 287 383 291 373 290 372 292 383 291 382 289 373 290 384 293 383 291 372 292 386 294 372 292 371 295 386 294 384 293 372 292 385 296 370 296 387 296 388 297 390 298 389 299 388 297 393 300 390 298 395 301 391 302 392 303 395 301 392 303 393 300 395 301 393 300 388 297 394 304 391 302 395 301 402 305 399 306 398 307 402 305 400 308 399 306 397 309 402 305 398 307 396 310 402 305 397 309 401 311 402 305 396 310 403 312 401 311 396 310 412 313 410 314 411 315 418 316 412 313 413 317 417 318 412 313 418 316 416 319 412 313 417 318 414 320 406 321 407 322 405 323 406 321 414 320 404 324 406 321 405 323 419 325 407 322 408 326 419 325 408 326 409 327 419 325 409 327 410 314 419 325 415 328 414 320 419 325 416 319 415 328 419 325 410 314 412 313 419 325 414 320 407 322 419 325 412 313 416 319 423 329 421 330 420 331 422 332 424 333 421 330 422 332 421 330 423 329 427 334 436 335 435 336 441 337 438 338 437 339 442 340 441 337 437 339 443 341 437 339 436 335 443 341 442 340 437 339 443 341 436 335 427 334 444 342 441 337 442 340 444 342 442 340 443 341 445 343 444 342 443 341 446 344 427 334 426 345 446 344 445 343 443 341 446 344 443 341 427 334 447 346 432 347 431 348 448 349 432 347 447 346 448 349 447 346 449 350 448 349 449 350 450 351 451 352 433 353 432 347 451 352 432 347 448 349 451 352 450 351 452 354 451 352 448 349 450 351 451 352 452 354 453 355 454 356 426 345 425 357 454 356 425 357 433 353 454 356 451 352 453 355 454 356 433 353 451 352 455 358 439 359 438 338 455 358 440 360 439 359 455 358 434 361 440 360 455 358 438 338 441 337 456 362 428 363 434 361 456 362 434 361 455 358 457 364 441 337 444 342 457 364 444 342 458 365 457 364 455 358 441 337 457 364 458 365 456 362 457 364 456 362 455 358 459 366 458 365 449 350 459 366 449 350 447 346 459 366 428 363 456 362 459 366 456 362 458 365 460 367 458 365 444 342 460 367 444 342 445 343 460 367 445 343 446 344 460 367 446 344 426 345 460 367 426 345 454 356 460 367 449 350 458 365 460 367 450 351 449 350 460 367 452 354 450 351 460 367 453 355 452 354 460 367 454 356 453 355 461 368 431 348 430 369 461 368 459 366 447 346 461 368 447 346 431 348 461 368 428 363 459 366 462 370 429 371 428 363 462 370 430 369 429 371 462 370 461 368 430 369 462 370 428 363 461 368 475 372 477 373 480 374 476 375 477 373 475 372 481 376 464 377 465 378 481 376 465 378 466 379 481 376 466 379 467 380 482 381 467 380 468 382 482 381 481 376 467 380 483 383 468 382 469 384 483 383 469 384 470 385 483 383 482 381 468 382 484 386 481 376 482 381 485 387 484 386 482 381 485 387 482 381 483 383 486 388 470 385 471 389 486 388 483 383 470 385 486 388 485 387 483 383 487 390 463 391 464 377 487 390 464 377 481 376 487 390 481 376 484 386 488 392 489 393 490 394 491 395 478 396 463 391 491 395 479 397 478 396 492 398 490 394 472 399 492 398 488 392 490 394 493 400 479 397 491 395 493 400 491 395 488 392 493 400 488 392 492 398 494 401 492 398 472 399 494 401 493 400 492 398 495 402 472 399 473 403 495 402 494 401 472 399 496 404 473 403 474 405 496 404 474 405 475 372 496 404 480 374 479 397 496 404 479 397 493 400 496 404 475 372 480 374 496 404 495 402 473 403 496 404 493 400 494 401 496 404 494 401 495 402 497 406 486 388 471 389 497 406 484 386 485 387 497 406 485 387 486 388 497 406 487 390 484 386 498 407 497 406 471 389 498 407 487 390 497 406 499 408 471 389 472 399 499 408 498 407 471 389 499 408 489 393 487 390 499 408 472 399 490 394 499 408 490 394 489 393 499 408 487 390 498 407 500 409 487 390 489 393 500 409 463 391 487 390 500 409 491 395 463 391 500 409 489 393 488 392 500 409 488 392 491 395 505 410 507 411 506 412 502 413 508 414 509 415 502 413 501 416 508 414 502 413 509 415 504 417 503 418 502 413 504 417 510 419 505 410 504 417 510 419 509 415 507 411 510 419 507 411 505 410 510 419 504 417 509 415 516 420 511 421 515 422 517 423 512 424 511 421 517 423 511 421 516 420 519 425 513 426 512 424 519 425 512 424 517 423 518 427 514 428 513 426 518 427 513 426 519 425 520 429 526 430 525 431 520 429 525 431 521 432 522 433 526 430 520 429 524 434 526 430 522 433 523 435 524 434 522 433 535 436 527 437 528 438 535 436 530 439 529 440 535 436 531 441 530 439 535 436 528 438 531 441 535 436 529 440 532 442 535 436 533 443 527 437 535 436 534 444 533 443 535 436 532 442 534 444 539 445 537 446 536 447 539 445 536 447 538 448 542 449 555 449 553 449 550 450 544 450 541 450 550 451 541 451 552 451 547 452 545 452 551 452 548 453 546 453 549 453 540 454 556 455 543 456 556 455 554 457 543 456 557 458 570 458 559 458 567 459 569 460 571 461 567 459 571 461 558 462 568 463 558 462 560 464 568 463 567 459 558 462 563 465 568 463 560 464 562 466 560 464 561 467 564 468 563 465 560 464 566 469 560 464 562 466 565 470 564 468 560 464 565 470 560 464 566 469 577 471 574 472 573 473 577 471 575 474 574 472 578 475 576 475 572 475 618 476 579 476 620 476 581 477 579 477 618 477 601 478 585 478 588 478 602 479 600 479 586 479 615 480 584 480 580 480 614 481 597 481 583 481 612 482 595 482 598 482 613 483 599 483 617 483 604 484 587 484 591 485 606 486 603 486 589 486 611 487 594 487 596 487 609 488 595 488 612 488 607 489 590 489 592 489 607 490 605 490 590 490 608 491 593 491 610 491 616 492 582 493 619 494 623 495 626 495 625 495 629 496 627 496 624 496 622 497 629 497 624 497 630 498 628 498 621 498 632 499 634 500 633 501 635 502 634 500 632 499 631 503 635 502 632 499 640 504 642 505 641 506 637 507 636 508 642 505 637 507 642 505 640 504 639 509 637 507 640 504 638 510 637 507 639 509 663 511 644 512 643 513 662 514 645 515 644 512 662 514 644 512 663 511 661 516 646 517 645 515 661 516 645 515 662 514 660 518 646 517 661 516 652 519 651 520 653 521 664 522 647 523 646 517 664 522 648 524 647 523 664 522 658 525 657 526 664 522 659 527 658 525 664 522 660 518 659 527 664 522 646 517 660 518 665 528 649 529 648 524 665 528 650 530 649 529 665 528 651 520 650 530 665 528 654 531 653 521 665 528 655 532 654 531 665 528 656 533 655 532 665 528 657 526 656 533 665 528 648 524 664 522 665 528 664 522 657 526 665 528 653 521 651 520 669 534 666 535 670 536 668 537 667 538 666 535 668 537 666 535 669 534 671 539 702 540 701 541 672 542 700 543 699 544 672 542 701 541 700 543 672 542 671 539 701 541 673 545 699 544 698 546 673 545 672 542 699 544 690 547 683 548 682 549 690 547 684 550 683 548 690 547 685 551 684 550 690 547 686 552 685 551 690 547 687 553 686 552 690 547 688 554 687 553 690 547 689 555 688 554 678 556 680 557 679 558 678 556 681 559 680 557 674 560 698 546 697 561 674 560 673 545 698 546 675 562 696 563 695 564 675 562 697 561 696 563 675 562 674 560 697 561 676 565 692 566 691 567 676 565 693 568 692 566 676 565 694 569 693 568 676 565 695 564 694 569 676 565 675 562 695 564 677 570 682 549 681 559 677 570 691 567 690 547 677 570 681 559 678 556 677 570 690 547 682 549 677 570 676 565 691 567 712 571 706 572 707 573 713 574 703 575 704 576 714 577 713 574 704 576 715 578 714 577 704 576 715 578 704 576 708 579 716 580 704 576 705 581 716 580 705 581 706 572 716 580 709 582 708 579 716 580 710 583 709 582 716 580 711 584 710 583 716 580 712 571 711 584 716 580 706 572 712 571 716 580 708 579 704 576 729 585 731 586 730 587 728 588 732 589 731 586 728 588 731 586 729 585 724 590 727 591 726 592 725 593 724 590 726 592 737 594 733 595 732 589 737 594 736 596 733 595 738 597 732 589 728 588 738 597 736 596 737 594 738 597 737 594 732 589 739 598 723 599 722 600 739 598 724 590 723 599 739 598 728 588 727 591 739 598 736 596 738 597 739 598 738 597 728 588 739 598 727 591 724 590 740 601 722 600 721 602 740 601 739 598 722 600 740 601 736 596 739 598 741 603 736 596 740 601 741 603 740 601 721 602 742 604 721 602 720 605 742 604 735 606 736 596 742 604 736 596 741 603 742 604 741 603 721 602 743 607 719 608 718 609 743 607 720 605 719 608 743 607 735 606 742 604 743 607 742 604 720 605 743 607 718 609 735 606 744 610 718 609 717 611 744 610 734 612 735 606 744 610 717 611 734 612 744 610 735 606 718 609 752 613 745 614 746 615 752 613 758 616 745 614 751 617 758 616 752 613 750 618 759 619 758 616 750 618 758 616 751 617 749 620 760 621 759 619 749 620 759 619 750 618 748 622 761 623 760 621 748 622 760 621 749 620 747 624 762 625 761 623 747 624 763 626 762 625 747 624 761 623 748 622 754 627 757 628 763 626 754 627 763 626 747 624 753 629 755 629 756 629 771 630 765 631 764 632 771 630 764 632 768 633 770 634 767 635 766 636 770 634 768 633 767 635 770 634 771 630 768 633 769 637 770 634 766 636 773 638 777 639 774 640 773 638 778 641 777 639 779 642 778 641 773 638 780 643 779 642 773 638 776 644 780 643 773 638 772 645 776 644 773 638 775 646 776 644 772 645 795 647 794 648 793 649 782 650 781 651 795 647 783 652 782 650 795 647 786 653 790 654 789 655 786 653 785 656 790 654 787 657 786 653 789 655 788 658 787 657 789 655 796 659 784 660 783 652 796 659 785 656 784 660 796 659 791 661 790 654 796 659 792 662 791 661 796 659 793 649 792 662 796 659 795 647 793 649 796 659 790 654 785 656 796 659 783 652 795 647 801 663 799 664 798 665 800 666 798 665 797 667 800 666 801 663 798 665 803 668 802 669 813 670 818 671 814 672 815 673 819 674 814 672 818 671 820 675 813 670 814 672 820 675 814 672 819 674 820 675 803 668 813 670 821 676 819 674 818 671 821 676 820 675 819 674 822 677 820 675 821 676 823 678 805 679 803 668 823 678 803 668 820 675 823 678 820 675 822 677 824 680 809 681 810 682 825 683 824 680 810 682 825 683 826 684 824 680 825 683 827 685 826 684 828 686 810 682 811 687 828 686 825 683 810 682 828 686 829 688 827 685 828 686 827 685 825 683 828 686 830 689 829 688 831 690 804 691 805 679 831 690 811 687 804 691 831 690 830 689 828 686 831 690 828 686 811 687 832 692 815 673 816 693 832 692 816 693 817 694 832 692 817 694 812 695 832 692 818 671 815 673 833 696 812 695 806 697 833 696 832 692 812 695 834 698 821 676 818 671 834 698 835 699 821 676 834 698 818 671 832 692 834 698 833 696 835 699 834 698 832 692 833 696 836 700 826 684 835 699 836 700 824 680 826 684 836 700 833 696 806 697 836 700 835 699 833 696 837 701 822 677 821 676 837 701 805 679 823 678 837 701 821 676 835 699 837 701 823 678 822 677 837 701 831 690 805 679 837 701 835 699 826 684 837 701 826 684 827 685 837 701 827 685 829 688 837 701 829 688 830 689 837 701 830 689 831 690 838 702 808 703 809 681 838 702 824 680 836 700 838 702 809 681 824 680 838 702 836 700 806 697 839 704 806 697 807 705 839 704 807 705 808 703 839 704 808 703 838 702 839 704 838 702 806 697 857 706 842 707 841 708 840 709 857 706 841 708 858 710 847 711 846 712 858 710 848 713 847 711 858 710 849 714 848 713 859 715 850 716 849 714 859 715 849 714 858 710 860 717 851 718 850 716 860 717 852 719 851 718 860 717 850 716 859 715 861 720 859 715 858 710 862 721 859 715 861 720 862 721 860 717 859 715 863 722 853 723 852 719 863 722 852 719 860 717 863 722 860 717 862 721 864 724 846 712 845 725 864 724 858 710 846 712 864 724 861 720 858 710 865 726 844 727 843 728 865 726 845 725 844 727 866 729 868 730 867 731 869 732 868 730 866 729 870 733 843 728 842 707 870 733 865 726 843 728 870 733 866 729 865 726 870 733 869 732 866 729 871 734 854 735 868 730 871 734 868 730 869 732 872 736 857 706 856 737 872 736 842 707 857 706 872 736 870 733 842 707 872 736 869 732 870 733 872 736 871 734 869 732 873 738 855 739 854 735 873 738 856 737 855 739 873 738 872 736 856 737 873 738 854 735 871 734 873 738 871 734 872 736 874 740 853 723 863 722 874 740 862 721 861 720 874 740 861 720 864 724 874 740 863 722 862 721 875 741 853 723 874 740 875 741 874 740 864 724 876 742 854 735 853 723 876 742 853 723 875 741 876 742 864 724 867 731 876 742 868 730 854 735 876 742 867 731 868 730 876 742 875 741 864 724 877 743 867 731 864 724 877 743 845 725 865 726 877 743 864 724 845 725 877 743 865 726 866 729 877 743 866 729 867 731 880 744 881 745 882 746 886 747 884 748 883 749 886 747 883 749 885 750 886 747 879 751 884 748 878 752 879 751 886 747 887 753 879 751 880 744 887 753 882 746 884 748 887 753 880 744 882 746 887 753 884 748 879 751 894 754 893 755 890 756 895 757 890 756 891 758 895 757 894 754 890 756 896 759 891 758 892 760 896 759 895 757 891 758 888 761 892 760 889 762 888 761 896 759 892 760 899 763 898 764 897 765 899 763 897 765 903 766 900 767 899 763 903 766 902 768 900 767 903 766 901 769 900 767 902 768 912 770 905 771 904 772 912 770 907 773 906 774 912 770 908 775 907 773 912 770 904 772 908 775 912 770 906 774 909 776 912 770 910 777 905 771 912 770 911 778 910 777 912 770 909 776 911 778 913 779 915 780 914 781 913 779 916 782 915 780 918 783 917 783 919 783 921 784 920 784 937 784 924 785 922 785 940 785 928 786 923 786 939 786 935 787 925 787 938 787 933 788 926 788 936 788 929 789 932 790 930 791 927 792 934 792 931 792 942 793 945 794 941 795 943 796 946 797 945 794 943 796 944 798 946 797 943 796 945 794 942 793 953 799 947 800 948 801 953 799 954 802 947 800 950 803 948 801 949 804 951 805 953 799 948 801 951 805 948 801 950 803 952 806 953 799 951 805 957 807 961 808 962 809 957 807 962 809 958 810 956 811 959 812 960 813 956 811 960 813 961 808 956 811 961 808 957 807 955 814 959 812 956 811 967 815 964 816 963 817 968 818 964 816 967 815 969 819 965 820 964 816 969 819 964 816 968 818 970 821 966 822 965 820 970 821 965 820 969 819 976 823 972 824 971 825 976 823 973 826 972 824 976 823 971 825 975 827 977 828 974 829 973 826 977 828 973 826 976 823 978 830 974 829 977 828 983 831 979 832 980 833 983 831 985 834 979 832 982 835 986 836 985 834 982 835 985 834 983 831 981 837 984 838 986 836 981 837 986 836 982 835 992 839 993 840 994 841 991 842 992 839 994 841 999 843 988 844 989 845 999 843 989 845 990 846 999 843 990 846 991 842 999 843 991 842 994 841 998 847 988 844 999 843 987 848 996 849 995 850 987 848 997 851 996 849 987 848 998 847 997 851 987 848 988 844 998 847 1006 852 1001 853 1000 854 1013 855 1002 856 1001 853 1013 855 1003 857 1002 856 1013 855 1004 858 1003 857 1013 855 1005 859 1004 858 1013 855 1001 853 1006 852 1008 860 1006 852 1007 861 1009 862 1006 852 1008 860 1010 863 1006 852 1009 862 1011 864 1013 855 1006 852 1011 864 1006 852 1010 863 1012 865 1013 855 1011 864 1022 866 1017 867 1016 868 1022 866 1016 868 1021 869 1025 870 1018 871 1017 867 1025 870 1017 867 1022 866 1024 872 1019 873 1018 871 1024 872 1018 871 1025 870 1023 874 1020 875 1019 873 1023 874 1015 876 1020 875 1023 874 1019 873 1024 872 1014 877 1015 876 1023 874 1036 878 1030 879 1031 880 1036 878 1031 880 1032 881 1036 878 1032 881 1033 882 1035 883 1029 884 1030 879 1035 883 1030 879 1036 878 1034 885 1028 886 1029 884 1034 885 1029 884 1035 883 1026 887 1027 888 1028 886 1026 887 1028 886 1034 885 1050 889 1047 890 1048 891 1050 889 1048 891 1049 892 1043 893 1044 894 1045 895 1043 893 1045 895 1046 896 1043 893 1046 896 1047 890 1043 893 1047 890 1050 889 1041 897 1050 889 1042 898 1040 899 1050 889 1041 897 1039 900 1050 889 1040 899 1038 901 1043 893 1050 889 1038 901 1050 889 1039 900 1037 902 1043 893 1038 901 1051 903 1057 904 1056 905 1051 903 1052 906 1057 904 1059 907 1054 908 1053 909 1059 907 1055 910 1054 908 1059 907 1056 905 1055 910 1059 907 1051 903 1056 905 1060 911 1059 907 1053 909 1058 912 1060 911 1053 909 1061 913 1058 912 1062 914 1061 913 1060 911 1058 912 1072 915 1069 916 1070 917 1072 915 1070 917 1071 918 1082 919 1072 915 1073 920 1081 921 1072 915 1082 919 1080 922 1072 915 1081 921 1079 923 1072 915 1080 922 1074 924 1063 925 1064 926 1074 924 1064 926 1065 927 1078 928 1068 929 1069 916 1078 928 1069 916 1072 915 1078 928 1072 915 1079 923 1075 930 1065 927 1066 931 1075 930 1066 931 1067 932 1075 930 1074 924 1065 927 1077 933 1068 929 1078 928 1076 934 1067 932 1068 929 1076 934 1075 930 1067 932 1076 934 1068 929 1077 933 1105 935 1092 936 1093 937 1104 938 1091 939 1092 936 1104 938 1092 936 1105 935 1103 940 1090 941 1091 939 1103 940 1091 939 1104 938 1102 942 1089 943 1090 941 1102 942 1090 941 1103 940 1101 944 1088 945 1089 943 1101 944 1089 943 1102 942 1100 946 1088 945 1101 944 1099 947 1087 948 1088 945 1099 947 1088 945 1100 946 1084 949 1085 950 1086 951 1084 949 1086 951 1087 948 1084 949 1098 952 1097 953 1084 949 1099 947 1098 952 1084 949 1087 948 1099 947 1096 954 1084 949 1097 953 1095 955 1084 949 1096 954 1094 956 1084 949 1095 955 1083 957 1084 949 1094 956 1133 958 1114 959 1115 960 1133 958 1115 960 1116 961 1133 958 1116 961 1117 962 1133 958 1117 962 1118 963 1133 958 1118 963 1119 964 1134 965 1114 959 1133 958 1134 965 1133 958 1110 966 1135 967 1110 966 1111 968 1135 967 1111 968 1112 969 1135 967 1112 969 1113 970 1135 967 1113 970 1114 959 1135 967 1134 965 1110 966 1135 967 1114 959 1134 965 1136 971 1133 958 1119 964 1136 971 1110 966 1133 958 1137 972 1109 973 1110 966 1137 972 1119 964 1120 974 1137 972 1136 971 1119 964 1137 972 1110 966 1136 971 1138 975 1109 973 1137 972 1138 975 1137 972 1120 974 1139 976 1108 977 1109 973 1139 976 1120 974 1121 978 1139 976 1138 975 1120 974 1139 976 1109 973 1138 975 1140 979 1139 976 1121 978 1140 979 1108 977 1139 976 1141 980 1107 981 1108 977 1141 980 1121 978 1122 982 1141 980 1140 979 1121 978 1141 980 1108 977 1140 979 1142 983 1107 981 1141 980 1142 983 1141 980 1122 982 1143 984 1122 982 1123 985 1143 984 1142 983 1122 982 1143 984 1107 981 1142 983 1144 986 1143 984 1123 985 1145 987 1128 988 1127 989 1145 987 1129 990 1128 988 1146 991 1126 992 1125 993 1146 991 1127 989 1126 992 1146 991 1125 993 1106 994 1146 991 1145 987 1127 989 1147 995 1123 985 1124 996 1147 995 1130 997 1129 990 1147 995 1131 998 1130 997 1147 995 1132 999 1131 998 1147 995 1124 996 1132 999 1147 995 1144 986 1123 985 1147 995 1129 990 1145 987 1148 1000 1106 994 1107 981 1148 1000 1107 981 1143 984 1148 1000 1143 984 1144 986 1148 1000 1146 991 1106 994 1148 1000 1145 987 1146 991 1149 1001 1148 1000 1144 986 1149 1001 1144 986 1147 995 1149 1001 1147 995 1145 987 1149 1001 1145 987 1148 1000 1171 1002 1168 1003 1169 1004 1171 1002 1169 1004 1170 1005 1162 1006 1163 1007 1164 1008 1178 1009 1164 1008 1165 1010 1178 1009 1165 1010 1166 1011 1178 1009 1166 1011 1167 1012 1178 1009 1167 1012 1168 1003 1178 1009 1168 1003 1171 1002 1178 1009 1162 1006 1164 1008 1179 1013 1161 1014 1162 1006 1179 1013 1171 1002 1172 1015 1179 1013 1162 1006 1178 1009 1179 1013 1178 1009 1171 1002 1180 1016 1179 1013 1172 1015 1180 1016 1161 1014 1179 1013 1181 1017 1160 1018 1161 1014 1181 1017 1172 1015 1173 1019 1181 1017 1161 1014 1180 1016 1181 1017 1180 1016 1172 1015 1182 1020 1160 1018 1181 1017 1182 1020 1181 1017 1173 1019 1183 1021 1173 1019 1174 1022 1183 1021 1182 1020 1173 1019 1183 1021 1160 1018 1182 1020 1184 1023 1159 1024 1160 1018 1184 1023 1174 1022 1175 1025 1184 1023 1160 1018 1183 1021 1184 1023 1183 1021 1174 1022 1185 1026 1184 1023 1175 1025 1185 1026 1159 1024 1184 1023 1186 1027 1175 1025 1176 1028 1186 1027 1185 1026 1175 1025 1186 1027 1159 1024 1185 1026 1187 1029 1176 1028 1177 1030 1188 1031 1176 1028 1187 1029 1189 1032 1176 1028 1188 1031 1189 1032 1186 1027 1176 1028 1189 1032 1159 1024 1186 1027 1190 1033 1157 1034 1156 1035 1190 1033 1158 1036 1157 1034 1190 1033 1177 1030 1158 1036 1191 1037 1190 1033 1156 1035 1192 1038 1155 1039 1154 1040 1192 1038 1156 1035 1155 1039 1192 1038 1191 1037 1156 1035 1193 1041 1151 1042 1150 1043 1193 1041 1152 1044 1151 1042 1193 1041 1153 1045 1152 1044 1193 1041 1150 1043 1159 1024 1193 1041 1159 1024 1189 1032 1193 1041 1189 1032 1188 1031 1194 1046 1154 1040 1153 1045 1194 1046 1188 1031 1187 1029 1194 1046 1190 1033 1191 1037 1194 1046 1177 1030 1190 1033 1194 1046 1153 1045 1193 1041 1194 1046 1187 1029 1177 1030 1194 1046 1192 1038 1154 1040 1194 1046 1193 1041 1188 1031 1194 1046 1191 1037 1192 1038 1216 1047 1195 1048 1215 1049 1217 1050 1197 1051 1198 1052 1217 1050 1200 1053 1199 1054 1217 1050 1201 1055 1200 1053 1217 1050 1202 1056 1201 1055 1217 1050 1203 1057 1202 1056 1217 1050 1204 1058 1203 1057 1217 1050 1205 1059 1204 1058 1217 1050 1198 1052 1205 1059 1217 1050 1199 1054 1206 1060 1218 1061 1217 1050 1206 1060 1218 1061 1197 1051 1217 1050 1219 1062 1196 1063 1197 1051 1219 1062 1206 1060 1207 1064 1219 1062 1218 1061 1206 1060 1219 1062 1197 1051 1218 1061 1220 1065 1196 1063 1219 1062 1220 1065 1219 1062 1207 1064 1221 1066 1207 1064 1208 1067 1221 1066 1196 1063 1220 1065 1221 1066 1220 1065 1207 1064 1222 1068 1208 1067 1209 1069 1222 1068 1209 1069 1210 1070 1222 1068 1210 1070 1211 1071 1222 1068 1211 1071 1212 1072 1223 1073 1222 1068 1212 1072 1223 1073 1208 1067 1222 1068 1224 1074 1195 1048 1196 1063 1224 1074 1212 1072 1213 1075 1224 1074 1213 1075 1214 1076 1224 1074 1214 1076 1215 1049 1224 1074 1221 1066 1208 1067 1224 1074 1196 1063 1221 1066 1224 1074 1223 1073 1212 1072 1224 1074 1208 1067 1223 1073 1224 1074 1215 1049 1195 1048 1237 1077 1234 1078 1235 1079 1237 1077 1235 1079 1236 1080 1242 1081 1244 1082 1241 1083 1243 1084 1244 1082 1242 1081 1247 1085 1245 1086 1246 1087 1248 1088 1226 1089 1225 1090 1248 1088 1227 1091 1226 1089 1248 1088 1228 1092 1227 1091 1248 1088 1229 1093 1228 1092 1248 1088 1225 1090 1233 1094 1248 1088 1233 1094 1247 1085 1248 1088 1247 1085 1246 1087 1249 1095 1248 1088 1246 1087 1249 1095 1229 1093 1248 1088 1250 1096 1230 1097 1229 1093 1250 1096 1231 1098 1230 1097 1250 1096 1232 1099 1231 1098 1250 1096 1246 1087 1232 1099 1250 1096 1229 1093 1249 1095 1250 1096 1249 1095 1246 1087 1251 1100 1245 1086 1247 1085 1251 1100 1247 1085 1233 1094 1252 1101 1233 1094 1234 1078 1252 1101 1244 1082 1245 1086 1252 1101 1251 1100 1233 1094 1252 1101 1245 1086 1251 1100 1253 1102 1237 1077 1238 1103 1253 1102 1238 1103 1239 1104 1253 1102 1239 1104 1240 1105 1253 1102 1240 1105 1241 1083 1253 1102 1244 1082 1252 1101 1253 1102 1252 1101 1234 1078 1253 1102 1234 1078 1237 1077 1253 1102 1241 1083 1244 1082 1255 1106 1270 1107 1254 1108 1262 1109 1269 1110 1270 1107 1262 1109 1270 1107 1255 1106 1261 1111 1269 1110 1262 1109 1268 1112 1269 1110 1261 1111 1260 1113 1268 1112 1261 1111 1267 1114 1268 1112 1260 1113 1259 1115 1267 1114 1260 1113 1266 1116 1267 1114 1259 1115 1258 1117 1265 1118 1266 1116 1258 1117 1266 1116 1259 1115 1257 1119 1264 1120 1265 1118 1257 1119 1265 1118 1258 1117 1256 1121 1263 1122 1264 1120 1256 1121 1264 1120 1257 1119 1277 1123 1286 1124 1287 1125 1277 1123 1287 1125 1278 1126 1276 1127 1286 1124 1277 1123 1285 1128 1286 1124 1276 1127 1275 1129 1285 1128 1276 1127 1284 1130 1285 1128 1275 1129 1274 1131 1284 1130 1275 1129 1283 1132 1284 1130 1274 1131 1273 1133 1282 1134 1283 1132 1273 1133 1283 1132 1274 1131 1272 1135 1281 1136 1282 1134 1272 1135 1282 1134 1273 1133 1271 1137 1280 1138 1281 1136 1271 1137 1281 1136 1272 1135 1279 1139 1280 1138 1271 1137 1306 1140 1303 1141 1304 1142 1306 1140 1304 1142 1305 1143 1297 1144 1298 1145 1299 1146 1297 1144 1299 1146 1300 1147 1294 1148 1307 1149 1295 1150 1293 1151 1307 1149 1294 1148 1289 1152 1296 1153 1290 1154 1288 1155 1296 1153 1289 1152 1308 1156 1300 1147 1301 1157 1308 1156 1301 1157 1302 1158 1308 1156 1302 1158 1303 1141 1308 1156 1297 1144 1300 1147 1308 1156 1303 1141 1306 1140 1309 1159 1296 1153 1297 1144 1309 1159 1306 1140 1307 1149 1309 1159 1308 1156 1306 1140 1309 1159 1297 1144 1308 1156 1310 1160 1291 1161 1290 1154 1310 1160 1292 1162 1291 1161 1310 1160 1293 1151 1292 1162 1310 1160 1309 1159 1307 1149 1310 1160 1296 1153 1309 1159 1310 1160 1307 1149 1293 1151 1310 1160 1290 1154 1296 1153 1329 1163 1326 1164 1327 1165 1329 1163 1327 1165 1328 1166 1320 1167 1321 1168 1322 1169 1320 1167 1322 1169 1323 1170 1317 1171 1330 1172 1318 1173 1316 1174 1330 1172 1317 1171 1312 1175 1319 1176 1313 1177 1311 1178 1319 1176 1312 1175 1331 1179 1323 1170 1324 1180 1331 1179 1324 1180 1325 1181 1331 1179 1325 1181 1326 1164 1331 1179 1320 1167 1323 1170 1331 1179 1326 1164 1329 1163 1332 1182 1319 1176 1320 1167 1332 1182 1329 1163 1330 1172 1332 1182 1331 1179 1329 1163 1332 1182 1320 1167 1331 1179 1333 1183 1314 1184 1313 1177 1333 1183 1315 1185 1314 1184 1333 1183 1316 1174 1315 1185 1333 1183 1332 1182 1330 1172 1333 1183 1319 1176 1332 1182 1333 1183 1330 1172 1316 1174 1333 1183 1313 1177 1319 1176 1359 1186 1335 1187 1334 1188 1359 1186 1336 1189 1335 1187 1359 1186 1337 1190 1336 1189 1359 1186 1338 1191 1337 1190 1360 1192 1338 1191 1359 1186 1360 1192 1359 1186 1358 1193 1361 1194 1339 1195 1338 1191 1361 1194 1340 1196 1339 1195 1361 1194 1341 1197 1340 1196 1361 1194 1358 1193 1341 1197 1361 1194 1338 1191 1360 1192 1361 1194 1360 1192 1358 1193 1362 1198 1334 1188 1342 1199 1362 1198 1357 1200 1358 1193 1362 1198 1359 1186 1334 1188 1362 1198 1358 1193 1359 1186 1363 1201 1362 1198 1342 1199 1363 1201 1357 1200 1362 1198 1364 1202 1342 1199 1343 1203 1364 1202 1356 1204 1357 1200 1364 1202 1357 1200 1363 1201 1364 1202 1363 1201 1342 1199 1365 1205 1356 1204 1364 1202 1365 1205 1364 1202 1343 1203 1366 1206 1343 1203 1344 1207 1366 1206 1355 1208 1356 1204 1366 1206 1365 1205 1343 1203 1366 1206 1356 1204 1365 1205 1367 1209 1355 1208 1366 1206 1367 1209 1366 1206 1344 1207 1368 1210 1344 1207 1345 1211 1368 1210 1354 1212 1355 1208 1368 1210 1367 1209 1344 1207 1368 1210 1355 1208 1367 1209 1369 1213 1354 1212 1368 1210 1369 1213 1368 1210 1345 1211 1370 1214 1345 1211 1346 1215 1370 1214 1353 1216 1354 1212 1370 1214 1369 1213 1345 1211 1370 1214 1354 1212 1369 1213 1371 1217 1346 1215 1347 1218 1371 1217 1347 1218 1348 1219 1371 1217 1348 1219 1349 1220 1372 1221 1349 1220 1350 1222 1372 1221 1371 1217 1349 1220 1372 1221 1346 1215 1371 1217 1373 1223 1350 1222 1351 1224 1373 1223 1351 1224 1352 1225 1373 1223 1352 1225 1353 1216 1373 1223 1370 1214 1346 1215 1373 1223 1353 1216 1370 1214 1373 1223 1372 1221 1350 1222 1373 1223 1346 1215 1372 1221 1398 1226 1375 1227 1374 1228 1398 1226 1376 1229 1375 1227 1398 1226 1377 1230 1376 1229 1398 1226 1378 1231 1377 1230 1399 1232 1378 1231 1398 1226 1399 1232 1398 1226 1397 1233 1400 1234 1379 1235 1378 1231 1400 1234 1380 1236 1379 1235 1400 1234 1381 1237 1380 1236 1400 1234 1397 1233 1381 1237 1400 1234 1378 1231 1399 1232 1400 1234 1399 1232 1397 1233 1401 1238 1374 1228 1382 1239 1401 1238 1396 1240 1397 1233 1401 1238 1398 1226 1374 1228 1401 1238 1397 1233 1398 1226 1402 1241 1401 1238 1382 1239 1402 1241 1396 1240 1401 1238 1403 1242 1382 1239 1383 1243 1403 1242 1395 1244 1396 1240 1403 1242 1402 1241 1382 1239 1403 1242 1396 1240 1402 1241 1404 1245 1395 1244 1403 1242 1404 1245 1403 1242 1383 1243 1405 1246 1383 1243 1384 1247 1405 1246 1394 1248 1395 1244 1405 1246 1404 1245 1383 1243 1405 1246 1395 1244 1404 1245 1406 1249 1394 1248 1405 1246 1406 1249 1405 1246 1384 1247 1407 1250 1384 1247 1385 1251 1407 1250 1393 1252 1394 1248 1407 1250 1394 1248 1406 1249 1407 1250 1406 1249 1384 1247 1408 1253 1407 1250 1385 1251 1408 1253 1393 1252 1407 1250 1409 1254 1385 1251 1386 1255 1409 1254 1386 1255 1387 1256 1409 1254 1387 1256 1388 1257 1409 1254 1388 1257 1389 1258 1410 1259 1389 1258 1390 1260 1410 1259 1390 1260 1391 1261 1410 1259 1391 1261 1392 1262 1410 1259 1392 1262 1393 1252 1410 1259 1385 1251 1409 1254 1410 1259 1409 1254 1389 1258 1410 1259 1393 1252 1408 1253 1410 1259 1408 1253 1385 1251 1418 1263 1411 1264 1412 1265 1426 1266 1414 1267 1413 1268 1426 1266 1415 1269 1414 1267 1426 1266 1416 1270 1415 1269 1426 1266 1417 1271 1416 1270 1426 1266 1418 1263 1417 1271 1426 1266 1413 1268 1419 1272 1426 1266 1419 1272 1420 1273 1426 1266 1420 1273 1421 1274 1426 1266 1421 1274 1422 1275 1426 1266 1422 1275 1423 1276 1426 1266 1423 1276 1424 1277 1426 1266 1424 1277 1425 1278 1426 1266 1425 1278 1411 1264 1426 1266 1411 1264 1418 1263 1433 1279 1440 1280 1441 1281 1432 1282 1439 1283 1440 1280 1432 1282 1440 1280 1433 1279 1431 1284 1438 1285 1439 1283 1431 1284 1439 1283 1432 1282 1430 1286 1438 1285 1431 1284 1429 1287 1437 1288 1438 1285 1429 1287 1438 1285 1430 1286 1428 1289 1436 1290 1437 1288 1428 1289 1437 1288 1429 1287 1434 1291 1428 1289 1427 1292 1434 1291 1435 1293 1436 1290 1434 1291 1436 1290 1428 1289 1451 1294 1445 1295 1444 1296 1451 1294 1446 1297 1445 1295 1451 1294 1444 1296 1450 1298 1452 1299 1447 1300 1446 1297 1452 1299 1446 1297 1451 1294 1453 1301 1448 1302 1447 1300 1453 1301 1447 1300 1452 1299 1454 1303 1449 1304 1448 1302 1454 1303 1448 1302 1453 1301 1455 1305 1449 1304 1454 1303 1456 1306 1443 1307 1449 1304 1456 1306 1449 1304 1455 1305 1442 1308 1443 1307 1456 1306 1464 1309 1465 1310 1457 1311 1466 1312 1458 1313 1457 1311 1466 1312 1457 1311 1465 1310 1467 1314 1459 1315 1458 1313 1467 1314 1458 1313 1466 1312 1468 1316 1460 1317 1459 1315 1468 1316 1461 1318 1460 1317 1468 1316 1459 1315 1467 1314 1469 1319 1462 1320 1461 1318 1469 1319 1461 1318 1468 1316 1470 1321 1463 1322 1462 1320 1470 1321 1462 1320 1469 1319 1471 1323 1463 1322 1470 1321 1482 1324 1483 1325 1484 1326 1482 1324 1484 1326 1485 1327 1482 1324 1485 1327 1486 1328 1482 1324 1486 1328 1487 1329 1482 1324 1487 1329 1488 1330 1479 1331 1472 1332 1473 1333 1492 1334 1481 1335 1482 1324 1492 1334 1488 1330 1489 1336 1492 1334 1482 1324 1488 1330 1493 1337 1492 1334 1489 1336 1493 1337 1481 1335 1492 1334 1494 1338 1480 1339 1481 1335 1494 1338 1489 1336 1490 1340 1494 1338 1481 1335 1493 1337 1494 1338 1493 1337 1489 1336 1495 1341 1494 1338 1490 1340 1495 1341 1480 1339 1494 1338 1496 1342 1490 1340 1491 1343 1496 1342 1495 1341 1490 1340 1496 1342 1480 1339 1495 1341 1497 1344 1475 1345 1474 1346 1497 1344 1476 1347 1475 1345 1497 1344 1477 1348 1476 1347 1497 1344 1478 1349 1477 1348 1497 1344 1479 1331 1478 1349 1497 1344 1474 1346 1480 1339 1497 1344 1491 1343 1472 1332 1497 1344 1480 1339 1496 1342 1497 1344 1496 1342 1491 1343 1497 1344 1472 1332 1479 1331 1498 1350 1505 1351 1499 1352 1518 1353 1508 1354 1509 1355 1518 1353 1509 1355 1510 1356 1518 1353 1510 1356 1511 1357 1518 1353 1511 1357 1512 1358 1518 1353 1512 1358 1513 1359 1518 1353 1513 1359 1514 1360 1518 1353 1514 1360 1515 1361 1519 1362 1507 1363 1508 1354 1519 1362 1518 1353 1515 1361 1519 1362 1508 1354 1518 1353 1520 1364 1519 1362 1515 1361 1520 1364 1507 1363 1519 1362 1521 1365 1506 1366 1507 1363 1521 1365 1515 1361 1516 1367 1521 1365 1520 1364 1515 1361 1521 1365 1507 1363 1520 1364 1522 1368 1521 1365 1516 1367 1522 1368 1506 1366 1521 1365 1523 1369 1516 1367 1517 1370 1523 1369 1522 1368 1516 1367 1523 1369 1506 1366 1522 1368 1524 1371 1502 1372 1501 1373 1524 1371 1503 1374 1502 1372 1524 1371 1504 1375 1503 1374 1524 1371 1517 1370 1504 1375 1525 1376 1500 1377 1499 1352 1525 1376 1501 1373 1500 1377 1525 1376 1505 1351 1506 1366 1525 1376 1506 1366 1523 1369 1525 1376 1523 1369 1517 1370 1525 1376 1524 1371 1501 1373 1525 1376 1517 1370 1524 1371 1525 1376 1499 1352 1505 1351 1532 1378 1527 1379 1526 1380 1532 1378 1528 1381 1527 1379 1539 1382 1529 1383 1528 1381 1539 1382 1530 1384 1529 1383 1539 1382 1531 1385 1530 1384 1539 1382 1528 1381 1532 1378 1534 1386 1532 1378 1533 1387 1535 1388 1539 1382 1532 1378 1535 1388 1532 1378 1534 1386 1536 1389 1539 1382 1535 1388 1537 1390 1539 1382 1536 1389 1538 1391 1539 1382 1537 1390 1546 1392 1541 1393 1540 1394 1546 1392 1542 1395 1541 1393 1553 1396 1543 1397 1542 1395 1553 1396 1544 1398 1543 1397 1553 1396 1545 1399 1544 1398 1553 1396 1542 1395 1546 1392 1548 1400 1546 1392 1547 1401 1549 1402 1553 1396 1546 1392 1549 1402 1546 1392 1548 1400 1550 1403 1553 1396 1549 1402 1551 1404 1553 1396 1550 1403 1552 1405 1553 1396 1551 1404 1554 1406 1567 1407 1555 1408 1560 1409 1566 1410 1567 1407 1560 1409 1567 1407 1554 1406 1559 1411 1564 1412 1565 1413 1559 1411 1565 1413 1566 1410 1559 1411 1566 1410 1560 1409 1558 1414 1563 1415 1564 1412 1558 1414 1564 1412 1559 1411 1557 1416 1562 1417 1563 1415 1557 1416 1563 1415 1558 1414 1556 1418 1561 1419 1562 1417 1556 1418 1562 1417 1557 1416 1573 1420 1580 1421 1581 1422 1572 1423 1580 1421 1573 1420 1571 1424 1579 1425 1580 1421 1571 1424 1580 1421 1572 1423 1570 1426 1578 1427 1579 1425 1570 1426 1579 1425 1571 1424 1569 1428 1576 1429 1577 1430 1569 1428 1577 1430 1578 1427 1569 1428 1578 1427 1570 1426 1568 1431 1575 1432 1576 1429 1568 1431 1576 1429 1569 1428 1574 1433 1575 1432 1568 1431 1587 1434 1586 1435 1589 1436 1587 1434 1589 1436 1590 1437 1594 1438 1590 1437 1591 1439 1594 1438 1587 1434 1590 1437 1593 1440 1588 1441 1587 1434 1593 1440 1587 1434 1594 1438 1583 1442 1582 1443 1588 1441 1584 1444 1583 1442 1588 1441 1585 1445 1588 1441 1593 1440 1585 1445 1584 1444 1588 1441 1596 1446 1585 1445 1593 1440 1595 1447 1596 1446 1593 1440 1592 1448 1595 1447 1593 1440 1598 1449 1597 1450 1599 1451 1603 1452 1599 1451 1600 1453 1603 1452 1600 1453 1601 1454 1603 1452 1598 1449 1599 1451 1602 1455 1603 1452 1601 1454 1610 1456 1611 1457 1612 1458 1615 1459 1612 1458 1613 1460 1615 1459 1613 1460 1614 1461 1615 1459 1610 1456 1612 1458 1617 1462 1608 1463 1609 1464 1617 1462 1609 1464 1616 1465 1605 1466 1604 1467 1608 1463 1606 1468 1605 1466 1608 1463 1607 1469 1608 1463 1617 1462 1607 1469 1606 1468 1608 1463 1619 1470 1607 1469 1617 1462 1620 1471 1619 1470 1617 1462 1618 1472 1620 1471 1617 1462 1621 1473 1609 1464 1610 1456 1621 1473 1615 1459 1616 1465 1621 1473 1610 1456 1615 1459 1621 1473 1616 1465 1609 1464 1626 1474 1623 1475 1622 1476 1627 1477 1623 1475 1626 1474 1628 1478 1624 1479 1623 1475 1628 1478 1623 1475 1627 1477 1629 1480 1625 1481 1624 1479 1629 1480 1624 1479 1628 1478 1635 1482 1633 1483 1632 1484 1635 1482 1634 1485 1633 1483 1630 1486 1631 1487 1634 1485 1630 1486 1634 1485 1635 1482 1658 1488 1646 1489 1647 1490 1658 1488 1647 1490 1648 1491 1658 1488 1648 1491 1649 1492 1658 1488 1657 1493 1646 1489 1659 1494 1657 1493 1658 1488 1659 1494 1658 1488 1649 1492 1660 1495 1640 1496 1641 1497 1660 1495 1649 1492 1650 1498 1660 1495 1650 1498 1651 1499 1660 1495 1651 1499 1652 1500 1660 1495 1652 1500 1640 1496 1660 1495 1657 1493 1659 1494 1660 1495 1659 1494 1649 1492 1661 1501 1656 1502 1657 1493 1661 1501 1660 1495 1641 1497 1661 1501 1657 1493 1660 1495 1662 1503 1641 1497 1642 1504 1662 1503 1661 1501 1641 1497 1662 1503 1656 1502 1661 1501 1663 1505 1656 1502 1662 1503 1663 1505 1662 1503 1642 1504 1664 1506 1642 1504 1643 1507 1664 1506 1655 1508 1656 1502 1664 1506 1663 1505 1642 1504 1664 1506 1656 1502 1663 1505 1665 1509 1655 1508 1664 1506 1665 1509 1664 1506 1643 1507 1666 1510 1643 1507 1644 1511 1666 1510 1654 1512 1655 1508 1666 1510 1665 1509 1643 1507 1666 1510 1655 1508 1665 1509 1667 1513 1653 1514 1654 1512 1667 1513 1666 1510 1644 1511 1667 1513 1654 1512 1666 1510 1668 1515 1644 1511 1645 1516 1668 1515 1653 1514 1667 1513 1668 1515 1667 1513 1644 1511 1669 1517 1668 1515 1645 1516 1669 1517 1653 1514 1668 1515 1670 1518 1645 1516 1639 1519 1670 1518 1669 1517 1645 1516 1670 1518 1653 1514 1669 1517 1671 1520 1637 1521 1636 1522 1671 1520 1638 1523 1637 1521 1671 1520 1639 1519 1638 1523 1671 1520 1636 1522 1653 1514 1671 1520 1670 1518 1639 1519 1671 1520 1653 1514 1670 1518 1673 1524 1682 1525 1672 1526 1686 1527 1683 1528 1684 1529 1692 1530 1676 1531 1677 1532 1692 1530 1685 1533 1676 1531 1693 1534 1677 1532 1678 1535 1693 1534 1692 1530 1677 1532 1694 1536 1678 1535 1679 1537 1694 1536 1693 1534 1678 1535 1695 1538 1679 1537 1680 1539 1695 1538 1694 1536 1679 1537 1696 1540 1680 1539 1681 1541 1696 1540 1695 1538 1680 1539 1697 1542 1681 1541 1682 1525 1697 1542 1696 1540 1681 1541 1697 1542 1682 1525 1673 1524 1698 1543 1684 1529 1685 1533 1698 1543 1687 1544 1686 1527 1698 1543 1685 1533 1692 1530 1698 1543 1686 1527 1684 1529 1699 1545 1688 1546 1687 1544 1699 1545 1698 1543 1692 1530 1699 1545 1687 1544 1698 1543 1699 1545 1692 1530 1693 1534 1700 1547 1689 1548 1688 1546 1700 1547 1699 1545 1693 1534 1700 1547 1688 1546 1699 1545 1700 1547 1693 1534 1694 1536 1701 1549 1690 1550 1689 1548 1701 1549 1694 1536 1695 1538 1701 1549 1700 1547 1694 1536 1701 1549 1689 1548 1700 1547 1702 1551 1691 1552 1690 1550 1702 1551 1690 1550 1701 1549 1702 1551 1695 1538 1696 1540 1702 1551 1701 1549 1695 1538 1703 1553 1673 1524 1674 1554 1703 1553 1674 1554 1675 1555 1703 1553 1675 1555 1691 1552 1703 1553 1696 1540 1697 1542 1703 1553 1697 1542 1673 1524 1703 1553 1691 1552 1702 1551 1703 1553 1702 1551 1696 1540 1721 1556 1728 1557 1720 1558 1719 1559 1704 1560 1705 1561 1713 1562 1714 1563 1727 1564 1734 1565 1711 1566 1712 1567 1734 1565 1712 1567 1733 1568 1735 1569 1733 1568 1732 1570 1735 1569 1734 1565 1733 1568 1736 1571 1732 1570 1731 1572 1736 1571 1735 1569 1732 1570 1737 1573 1731 1572 1730 1574 1737 1573 1736 1571 1731 1572 1738 1575 1730 1574 1729 1576 1738 1575 1737 1573 1730 1574 1739 1577 1729 1576 1728 1557 1739 1577 1728 1557 1721 1556 1739 1577 1738 1575 1729 1576 1740 1578 1710 1579 1711 1566 1740 1578 1711 1566 1734 1565 1741 1580 1734 1565 1735 1569 1741 1580 1740 1578 1734 1565 1742 1581 1741 1580 1735 1569 1742 1581 1735 1569 1736 1571 1743 1582 1736 1571 1737 1573 1743 1582 1742 1581 1736 1571 1744 1583 1737 1573 1738 1575 1744 1583 1743 1582 1737 1573 1745 1584 1721 1556 1722 1585 1745 1584 1739 1577 1721 1556 1745 1584 1738 1575 1739 1577 1745 1584 1744 1583 1738 1575 1746 1586 1709 1587 1710 1579 1746 1586 1710 1579 1740 1578 1747 1588 1740 1578 1741 1580 1747 1588 1746 1586 1740 1578 1748 1589 1741 1580 1742 1581 1748 1589 1747 1588 1741 1580 1749 1590 1742 1581 1743 1582 1749 1590 1748 1589 1742 1581 1750 1591 1749 1590 1743 1582 1750 1591 1743 1582 1744 1583 1751 1592 1750 1591 1744 1583 1751 1592 1722 1585 1723 1593 1751 1592 1745 1584 1722 1585 1751 1592 1744 1583 1745 1584 1752 1594 1708 1595 1709 1587 1752 1594 1709 1587 1746 1586 1753 1596 1752 1594 1746 1586 1753 1596 1746 1586 1747 1588 1754 1597 1753 1596 1747 1588 1754 1597 1747 1588 1748 1589 1755 1598 1754 1597 1748 1589 1755 1598 1748 1589 1749 1590 1756 1599 1755 1598 1749 1590 1756 1599 1749 1590 1750 1591 1757 1600 1750 1591 1751 1592 1757 1600 1723 1593 1724 1601 1757 1600 1751 1592 1723 1593 1757 1600 1756 1599 1750 1591 1758 1602 1707 1603 1708 1595 1758 1602 1708 1595 1752 1594 1759 1604 1758 1602 1752 1594 1759 1604 1752 1594 1753 1596 1760 1605 1753 1596 1754 1597 1760 1605 1759 1604 1753 1596 1761 1606 1754 1597 1755 1598 1761 1606 1760 1605 1754 1597 1762 1607 1755 1598 1756 1599 1762 1607 1756 1599 1757 1600 1762 1607 1761 1606 1755 1598 1763 1608 1757 1600 1724 1601 1763 1608 1724 1601 1725 1609 1763 1608 1762 1607 1757 1600 1764 1610 1706 1611 1707 1603 1764 1610 1707 1603 1758 1602 1765 1612 1764 1610 1758 1602 1765 1612 1758 1602 1759 1604 1766 1613 1759 1604 1760 1605 1766 1613 1765 1612 1759 1604 1767 1614 1760 1605 1761 1606 1767 1614 1766 1613 1760 1605 1768 1615 1761 1606 1762 1607 1768 1615 1767 1614 1761 1606 1769 1616 1725 1609 1726 1617 1769 1616 1768 1615 1762 1607 1769 1616 1763 1608 1725 1609 1769 1616 1762 1607 1763 1608 1770 1618 1705 1561 1706 1611 1770 1618 1706 1611 1764 1610 1770 1618 1719 1559 1705 1561 1771 1619 1718 1620 1719 1559 1771 1619 1764 1610 1765 1612 1771 1619 1770 1618 1764 1610 1771 1619 1719 1559 1770 1618 1772 1621 1717 1622 1718 1620 1772 1621 1771 1619 1765 1612 1772 1621 1765 1612 1766 1613 1772 1621 1718 1620 1771 1619 1773 1623 1716 1624 1717 1622 1773 1623 1766 1613 1767 1614 1773 1623 1767 1614 1768 1615 1773 1623 1717 1622 1772 1621 1773 1623 1772 1621 1766 1613 1774 1625 1715 1626 1716 1624 1774 1625 1716 1624 1773 1623 1774 1625 1773 1623 1768 1615 1775 1627 1714 1563 1715 1626 1775 1627 1726 1617 1727 1564 1775 1627 1769 1616 1726 1617 1775 1627 1768 1615 1769 1616 1775 1627 1715 1626 1774 1625 1775 1627 1774 1625 1768 1615 1775 1627 1727 1564 1714 1563 1776 1628 1777 1629 1790 1630 1783 1631 1790 1630 1789 1632 1783 1631 1776 1628 1790 1630 1782 1633 1789 1632 1788 1634 1782 1633 1783 1631 1789 1632 1781 1635 1788 1634 1787 1636 1781 1635 1782 1633 1788 1634 1780 1637 1787 1636 1786 1638 1780 1637 1781 1635 1787 1636 1779 1639 1786 1638 1785 1640 1779 1639 1780 1637 1786 1638 1778 1641 1785 1640 1784 1642 1778 1641 1779 1639 1785 1640 1817 1643 1811 1644 1810 1645 1809 1646 1817 1643 1810 1645 1797 1647 1806 1648 1796 1649 1797 1647 1807 1650 1806 1648 1794 1651 1795 1652 1812 1653 1802 1654 1793 1655 1801 1656 1792 1657 1793 1655 1802 1654 1803 1658 1792 1657 1802 1654 1804 1659 1792 1657 1803 1658 1805 1660 1792 1657 1804 1659 1791 1661 1792 1657 1805 1660 1818 1662 1808 1663 1807 1650 1818 1662 1809 1646 1808 1663 1818 1662 1816 1664 1817 1643 1818 1662 1817 1643 1809 1646 1818 1662 1807 1650 1797 1647 1819 1665 1797 1647 1798 1666 1819 1665 1815 1667 1816 1664 1819 1665 1818 1662 1797 1647 1819 1665 1816 1664 1818 1662 1820 1668 1815 1667 1819 1665 1820 1668 1819 1665 1798 1666 1821 1669 1798 1666 1799 1670 1821 1669 1814 1671 1815 1667 1821 1669 1815 1667 1820 1668 1821 1669 1820 1668 1798 1666 1822 1672 1813 1673 1814 1671 1822 1672 1814 1671 1821 1669 1822 1672 1821 1669 1799 1670 1823 1674 1822 1672 1799 1670 1823 1674 1813 1673 1822 1672 1824 1675 1799 1670 1800 1676 1824 1675 1812 1653 1813 1673 1824 1675 1813 1673 1823 1674 1824 1675 1823 1674 1799 1670 1825 1677 1793 1655 1794 1651 1825 1677 1800 1676 1801 1656 1825 1677 1812 1653 1824 1675 1825 1677 1794 1651 1812 1653 1825 1677 1801 1656 1793 1655 1825 1677 1824 1675 1800 1676 1828 1678 1827 1679 1836 1680 1829 1681 1828 1678 1836 1680 1849 1682 1837 1683 1838 1684 1849 1682 1838 1684 1839 1685 1849 1682 1839 1685 1840 1686 1849 1682 1848 1687 1837 1683 1850 1688 1848 1687 1849 1682 1850 1688 1849 1682 1840 1686 1851 1689 1830 1690 1831 1691 1851 1689 1840 1686 1841 1692 1851 1689 1841 1692 1842 1693 1851 1689 1842 1693 1843 1694 1851 1689 1843 1694 1830 1690 1851 1689 1848 1687 1850 1688 1851 1689 1850 1688 1840 1686 1852 1695 1847 1696 1848 1687 1852 1695 1851 1689 1831 1691 1852 1695 1848 1687 1851 1689 1853 1697 1847 1696 1852 1695 1853 1697 1852 1695 1831 1691 1854 1698 1831 1691 1832 1699 1854 1698 1846 1700 1847 1696 1854 1698 1847 1696 1853 1697 1854 1698 1853 1697 1831 1691 1855 1701 1854 1698 1832 1699 1855 1701 1846 1700 1854 1698 1856 1702 1832 1699 1833 1703 1856 1702 1845 1704 1846 1700 1856 1702 1855 1701 1832 1699 1856 1702 1846 1700 1855 1701 1857 1705 1856 1702 1833 1703 1857 1705 1845 1704 1856 1702 1858 1706 1833 1703 1834 1707 1858 1706 1844 1708 1845 1704 1858 1706 1857 1705 1833 1703 1858 1706 1845 1704 1857 1705 1859 1709 1844 1708 1858 1706 1859 1709 1858 1706 1834 1707 1860 1710 1834 1707 1835 1711 1860 1710 1826 1712 1844 1708 1860 1710 1859 1709 1834 1707 1860 1710 1844 1708 1859 1709 1861 1713 1835 1711 1836 1680 1861 1713 1860 1710 1835 1711 1861 1713 1826 1712 1860 1710 1862 1714 1827 1679 1826 1712 1862 1714 1861 1713 1836 1680 1862 1714 1836 1680 1827 1679 1862 1714 1826 1712 1861 1713 1865 1715 1866 1716 1882 1717 1867 1718 1868 1719 1876 1720 1883 1721 1882 1717 1881 1722 1883 1721 1865 1715 1882 1717 1884 1723 1881 1722 1880 1724 1884 1723 1883 1721 1881 1722 1885 1725 1880 1724 1879 1726 1885 1725 1884 1723 1880 1724 1886 1727 1879 1726 1878 1728 1886 1727 1885 1725 1879 1726 1887 1729 1878 1728 1877 1730 1887 1729 1886 1727 1878 1728 1888 1731 1874 1732 1875 1733 1888 1731 1877 1730 1874 1732 1888 1731 1887 1729 1877 1730 1889 1734 1863 1735 1864 1736 1889 1734 1864 1736 1865 1715 1889 1734 1873 1737 1863 1735 1889 1734 1865 1715 1883 1721 1890 1738 1872 1739 1873 1737 1890 1738 1883 1721 1884 1723 1890 1738 1889 1734 1883 1721 1890 1738 1873 1737 1889 1734 1891 1740 1871 1741 1872 1739 1891 1740 1884 1723 1885 1725 1891 1740 1872 1739 1890 1738 1891 1740 1890 1738 1884 1723 1892 1742 1870 1743 1871 1741 1892 1742 1885 1725 1886 1727 1892 1742 1891 1740 1885 1725 1892 1742 1871 1741 1891 1740 1893 1744 1869 1745 1870 1743 1893 1744 1892 1742 1886 1727 1893 1744 1870 1743 1892 1742 1893 1744 1886 1727 1887 1729 1894 1746 1868 1719 1869 1745 1894 1746 1875 1733 1876 1720 1894 1746 1888 1731 1875 1733 1894 1746 1869 1745 1893 1744 1894 1746 1887 1729 1888 1731 1894 1746 1876 1720 1868 1719 1894 1746 1893 1744 1887 1729 1903 1747 1924 1748 1902 1749 1925 1750 1904 1751 1905 1752 1925 1750 1918 1753 1904 1751 1926 1754 1905 1752 1906 1755 1926 1754 1925 1750 1905 1752 1927 1756 1906 1755 1907 1757 1927 1756 1926 1754 1906 1755 1928 1758 1907 1757 1908 1759 1928 1758 1927 1756 1907 1757 1929 1760 1908 1759 1909 1761 1929 1760 1928 1758 1908 1759 1930 1762 1895 1763 1896 1764 1930 1762 1909 1761 1910 1765 1930 1762 1910 1765 1895 1763 1930 1762 1929 1760 1909 1761 1931 1766 1917 1767 1918 1753 1931 1766 1918 1753 1925 1750 1932 1768 1931 1766 1925 1750 1932 1768 1925 1750 1926 1754 1933 1769 1932 1768 1926 1754 1933 1769 1926 1754 1927 1756 1934 1770 1927 1756 1928 1758 1934 1770 1933 1769 1927 1756 1935 1771 1928 1758 1929 1760 1935 1771 1934 1770 1928 1758 1936 1772 1896 1764 1897 1773 1936 1772 1930 1762 1896 1764 1936 1772 1929 1760 1930 1762 1936 1772 1935 1771 1929 1760 1937 1774 1916 1775 1917 1767 1937 1774 1917 1767 1931 1766 1938 1776 1931 1766 1932 1768 1938 1776 1937 1774 1931 1766 1939 1777 1932 1768 1933 1769 1939 1777 1938 1776 1932 1768 1940 1778 1933 1769 1934 1770 1940 1778 1939 1777 1933 1769 1941 1779 1940 1778 1934 1770 1941 1779 1934 1770 1935 1771 1942 1780 1897 1773 1898 1781 1942 1780 1941 1779 1935 1771 1942 1780 1936 1772 1897 1773 1942 1780 1935 1771 1936 1772 1943 1782 1915 1783 1916 1775 1943 1782 1916 1775 1937 1774 1944 1784 1943 1782 1937 1774 1944 1784 1937 1774 1938 1776 1945 1785 1938 1776 1939 1777 1945 1785 1944 1784 1938 1776 1946 1786 1939 1777 1940 1778 1946 1786 1945 1785 1939 1777 1947 1787 1940 1778 1941 1779 1947 1787 1946 1786 1940 1778 1948 1788 1898 1781 1899 1789 1948 1788 1942 1780 1898 1781 1948 1788 1941 1779 1942 1780 1948 1788 1947 1787 1941 1779 1949 1790 1914 1791 1915 1783 1949 1790 1915 1783 1943 1782 1950 1792 1943 1782 1944 1784 1950 1792 1949 1790 1943 1782 1951 1793 1950 1792 1944 1784 1951 1793 1944 1784 1945 1785 1952 1794 1945 1785 1946 1786 1952 1794 1951 1793 1945 1785 1953 1795 1946 1786 1947 1787 1953 1795 1952 1794 1946 1786 1953 1795 1947 1787 1948 1788 1954 1796 1899 1789 1900 1797 1954 1796 1948 1788 1899 1789 1954 1796 1953 1795 1948 1788 1955 1798 1913 1799 1914 1791 1955 1798 1914 1791 1949 1790 1956 1800 1949 1790 1950 1792 1956 1800 1955 1798 1949 1790 1957 1801 1956 1800 1950 1792 1957 1801 1950 1792 1951 1793 1958 1802 1951 1793 1952 1794 1958 1802 1957 1801 1951 1793 1959 1803 1952 1794 1953 1795 1959 1803 1958 1802 1952 1794 1960 1804 1900 1797 1901 1805 1960 1804 1954 1796 1900 1797 1960 1804 1953 1795 1954 1796 1960 1804 1959 1803 1953 1795 1961 1806 1911 1807 1912 1808 1961 1806 1912 1808 1913 1799 1961 1806 1919 1809 1911 1807 1961 1806 1913 1799 1955 1798 1962 1810 1920 1811 1919 1809 1962 1810 1919 1809 1961 1806 1962 1810 1955 1798 1956 1800 1962 1810 1961 1806 1955 1798 1963 1812 1921 1813 1920 1811 1963 1812 1956 1800 1957 1801 1963 1812 1920 1811 1962 1810 1963 1812 1962 1810 1956 1800 1964 1814 1922 1815 1921 1813 1964 1814 1957 1801 1958 1802 1964 1814 1921 1813 1963 1812 1964 1814 1963 1812 1957 1801 1965 1816 1923 1817 1922 1815 1965 1816 1964 1814 1958 1802 1965 1816 1958 1802 1959 1803 1965 1816 1959 1803 1960 1804 1965 1816 1922 1815 1964 1814 1966 1818 1901 1805 1902 1749 1966 1818 1924 1748 1923 1817 1966 1818 1960 1804 1901 1805 1966 1818 1923 1817 1965 1816 1966 1818 1965 1816 1960 1804 1966 1818 1902 1749 1924 1748 1976 1819 1969 1820 1970 1821 1976 1819 1975 1822 1969 1820 1977 1823 1970 1821 1971 1824 1977 1823 1976 1819 1970 1821 1978 1825 1971 1824 1972 1826 1978 1825 1977 1823 1971 1824 1979 1827 1972 1826 1973 1828 1979 1827 1978 1825 1972 1826 1980 1829 1973 1828 1974 1830 1980 1829 1979 1827 1973 1828 1981 1831 1974 1830 1967 1832 1981 1831 1980 1829 1974 1830 1968 1833 1981 1831 1967 1832 2007 1834 1994 1835 1993 1836 1992 1837 2007 1834 1993 1836 1983 1838 1989 1839 1982 1840 1983 1838 1990 1841 1989 1839 2010 1842 1997 1843 1998 1844 2010 1842 1998 1844 1999 1845 2009 1846 1999 1845 2000 1847 2009 1846 2010 1842 1999 1845 2011 1848 1996 1849 1997 1843 2011 1848 1997 1843 2010 1842 1995 1850 1996 1849 2011 1848 2012 1851 1991 1852 1990 1841 2012 1851 1992 1837 1991 1852 2012 1851 2006 1853 2007 1834 2012 1851 2007 1834 1992 1837 2012 1851 1990 1841 1983 1838 2013 1854 1983 1838 1984 1855 2013 1854 2005 1856 2006 1853 2013 1854 2006 1853 2012 1851 2013 1854 2012 1851 1983 1838 2014 1857 2005 1856 2013 1854 2014 1857 2013 1854 1984 1855 2015 1858 1984 1855 1985 1859 2015 1858 2004 1860 2005 1856 2015 1858 2014 1857 1984 1855 2015 1858 2005 1856 2014 1857 2016 1861 2004 1860 2015 1858 2016 1861 2015 1858 1985 1859 2017 1862 1985 1859 1986 1863 2017 1862 2003 1864 2004 1860 2017 1862 2004 1860 2016 1861 2017 1862 2016 1861 1985 1859 2018 1865 2002 1866 2003 1864 2018 1865 2003 1864 2017 1862 2018 1865 2017 1862 1986 1863 2019 1867 2002 1866 2018 1865 2019 1867 2018 1865 1986 1863 2020 1868 1986 1863 1987 1869 2020 1868 2001 1870 2002 1866 2020 1868 2019 1867 1986 1863 2020 1868 2002 1866 2019 1867 2021 1871 1987 1869 1988 1872 2021 1871 2000 1847 2001 1870 2021 1871 1988 1872 2008 1873 2021 1871 2008 1873 2009 1846 2021 1871 2001 1870 2020 1868 2021 1871 2009 1846 2000 1847 2021 1871 2020 1868 1987 1869 2027 1874 2023 1875 2022 1876 2027 1874 2024 1877 2023 1875 2026 1878 2027 1874 2022 1876 2025 1879 2026 1878 2022 1876 2045 1880 2038 1881 2039 1882 2045 1880 2039 1882 2040 1883 2045 1880 2040 1883 2028 1884 2029 1885 2045 1880 2028 1884 2030 1886 2044 1887 2045 1880 2030 1886 2045 1880 2029 1885 2031 1888 2044 1887 2030 1886 2032 1889 2043 1890 2044 1887 2032 1889 2044 1887 2031 1888 2033 1891 2043 1890 2032 1889 2034 1892 2042 1893 2043 1890 2034 1892 2043 1890 2033 1891 2035 1894 2042 1893 2034 1892 2046 1895 2041 1896 2042 1893 2036 1897 2042 1893 2035 1894 2036 1897 2046 1895 2042 1893 2047 1898 2046 1895 2036 1897 2037 1899 2047 1898 2036 1897 2052 1900 2048 1901 2049 1902 2052 1900 2055 1903 2054 1904 2052 1900 2049 1902 2055 1903 2051 1905 2054 1904 2053 1906 2051 1905 2052 1900 2054 1904 2050 1907 2051 1905 2053 1906 2061 1908 2058 1909 2059 1910 2062 1911 2059 1910 2060 1912 2062 1911 2061 1908 2059 1910 2063 1913 2060 1912 2056 1914 2063 1913 2062 1911 2060 1912 2057 1915 2063 1913 2056 1914 2069 1916 2066 1917 2067 1918 2070 1919 2067 1918 2068 1920 2070 1919 2069 1916 2067 1918 2071 1921 2070 1919 2068 1920 2065 1922 2068 1920 2064 1923 2065 1922 2071 1921 2068 1920 2091 1924 2076 1925 2077 1926 2075 1927 2076 1925 2091 1924 2084 1928 2090 1929 2083 1930 2085 1931 2091 1924 2090 1929 2085 1931 2075 1927 2091 1924 2085 1931 2090 1929 2084 1928 2086 1932 2074 1933 2075 1927 2086 1932 2075 1927 2085 1931 2087 1934 2074 1933 2086 1932 2088 1935 2073 1936 2074 1933 2088 1935 2074 1933 2087 1934 2089 1937 2073 1936 2088 1935 2082 1938 2072 1939 2073 1936 2082 1938 2073 1936 2089 1937 2081 1940 2082 1938 2089 1937 2080 1941 2081 1940 2089 1937 2079 1942 2080 1941 2089 1937 2078 1943 2079 1942 2089 1937 2098 1944 2092 1945 2093 1946 2098 1944 2093 1946 2103 1947 2097 1948 2103 1947 2102 1949 2097 1948 2098 1944 2103 1947 2096 1950 2101 1951 2100 1952 2096 1950 2102 1949 2101 1951 2096 1950 2097 1948 2102 1949 2095 1953 2100 1952 2099 1954 2095 1953 2096 1950 2100 1952 2094 1955 2095 1953 2099 1954 2110 1956 2104 1957 2105 1958 2110 1956 2105 1958 2115 1959 2109 1960 2114 1961 2113 1962 2109 1960 2115 1959 2114 1961 2109 1960 2110 1956 2115 1959 2108 1963 2113 1962 2112 1964 2108 1963 2109 1960 2113 1962 2107 1965 2112 1964 2111 1966 2107 1965 2108 1963 2112 1964 2106 1967 2107 1965 2111 1966 2116 1968 2117 1969 2126 1970 2121 1971 2126 1970 2125 1972 2121 1971 2116 1968 2126 1970 2120 1973 2125 1972 2124 1974 2120 1973 2121 1971 2125 1972 2119 1975 2124 1974 2123 1976 2119 1975 2120 1973 2124 1974 2118 1977 2123 1976 2122 1978 2118 1977 2119 1975 2123 1976 2132 1979 2127 1980 2128 1981 2132 1979 2128 1981 2136 1982 2131 1983 2136 1982 2135 1984 2131 1983 2132 1979 2136 1982 2134 1985 2131 1983 2135 1984 2130 1986 2131 1983 2134 1985 2133 1987 2130 1986 2134 1985 2129 1988 2130 1986 2133 1987 2142 1989 2137 1990 2138 1991 2142 1989 2138 1991 2146 1992 2141 1993 2146 1992 2145 1994 2141 1993 2142 1989 2146 1992 2144 1995 2141 1993 2145 1994 2140 1996 2141 1993 2144 1995 2143 1997 2140 1996 2144 1995 2139 1998 2140 1996 2143 1997 2157 1999 2147 2000 2148 2001 2153 2002 2149 2003 2147 2000 2153 2002 2147 2000 2157 1999 2156 2004 2153 2002 2157 1999 2152 2005 2153 2002 2156 2004 2155 2006 2152 2005 2156 2004 2151 2007 2152 2005 2155 2006 2154 2008 2151 2007 2155 2006 2150 2009 2151 2007 2154 2008 2165 2010 2160 2011 2161 2012 2165 2010 2164 2013 2160 2011 2166 2014 2161 2012 2162 2015 2166 2014 2165 2010 2161 2012 2163 2016 2166 2014 2162 2015 2167 2017 2166 2014 2163 2016 2158 2018 2167 2017 2163 2016 2159 2019 2167 2017 2158 2018 2175 2020 2170 2021 2171 2022 2175 2020 2174 2023 2170 2021 2176 2024 2171 2022 2172 2025 2176 2024 2175 2020 2171 2022 2173 2026 2176 2024 2172 2025 2177 2027 2176 2024 2173 2026 2168 2028 2177 2027 2173 2026 2169 2029 2177 2027 2168 2028 2185 2030 2180 2031 2181 2032 2186 2033 2181 2032 2182 2034 2186 2033 2185 2030 2181 2032 2187 2035 2182 2034 2183 2036 2187 2035 2186 2033 2182 2034 2188 2037 2183 2036 2184 2038 2188 2037 2187 2035 2183 2036 2179 2039 2184 2038 2178 2040 2179 2039 2188 2037 2184 2038 2197 2041 2191 2042 2192 2043 2197 2041 2196 2044 2191 2042 2198 2045 2192 2043 2193 2046 2198 2045 2197 2041 2192 2043 2199 2047 2193 2046 2194 2048 2199 2047 2194 2048 2195 2049 2199 2047 2198 2045 2193 2046 2200 2050 2195 2049 2189 2051 2200 2050 2199 2047 2195 2049 2190 2052 2200 2050 2189 2051 2209 2053 2203 2054 2204 2055 2209 2053 2208 2056 2203 2054 2210 2057 2204 2055 2205 2058 2210 2057 2209 2053 2204 2055 2211 2059 2205 2058 2206 2060 2211 2059 2206 2060 2207 2061 2211 2059 2210 2057 2205 2058 2212 2062 2207 2061 2201 2063 2212 2062 2211 2059 2207 2061 2202 2064 2212 2062 2201 2063 2218 2065 2230 2066 2229 2067 2218 2065 2231 2068 2230 2066 2218 2065 2232 2069 2231 2068 2218 2065 2219 2070 2232 2069 2224 2071 2217 2072 2218 2065 2224 2071 2229 2067 2223 2073 2224 2071 2218 2065 2229 2067 2225 2074 2217 2072 2224 2071 2226 2075 2216 2076 2217 2072 2226 2075 2217 2072 2225 2074 2222 2077 2213 2078 2214 2079 2222 2077 2214 2079 2215 2080 2227 2081 2215 2080 2216 2076 2227 2081 2216 2076 2226 2075 2227 2081 2222 2077 2215 2080 2221 2082 2222 2077 2227 2081 2228 2083 2221 2082 2227 2081 2220 2084 2221 2082 2228 2083 2233 2085 2234 2086 2240 2087 2237 2088 2233 2085 2240 2087 2236 2089 2240 2087 2239 2090 2236 2089 2237 2088 2240 2087 2235 2091 2239 2090 2238 2092 2235 2091 2236 2089 2239 2090 2245 2093 2241 2094 2242 2095 2245 2093 2242 2095 2248 2096 2244 2097 2248 2096 2247 2098 2244 2097 2245 2093 2248 2096 2243 2099 2247 2098 2246 2100 2243 2099 2244 2097 2247 2098 2255 2101 2251 2102 2252 2103 2255 2101 2254 2104 2251 2102 2256 2105 2252 2103 2253 2106 2256 2105 2253 2106 2249 2107 2256 2105 2255 2101 2252 2103 2250 2108 2256 2105 2249 2107 2265 2109 2276 2110 2270 2111 2265 2109 2277 2112 2276 2110 2265 2109 2266 2113 2277 2112 2271 2114 2265 2109 2270 2111 2264 2115 2265 2109 2271 2114 2272 2116 2263 2117 2264 2115 2272 2116 2264 2115 2271 2114 2273 2118 2261 2119 2262 2120 2273 2118 2262 2120 2263 2117 2273 2118 2263 2117 2272 2116 2274 2121 2259 2122 2260 2123 2274 2121 2260 2123 2261 2119 2274 2121 2261 2119 2273 2118 2275 2124 2258 2125 2259 2122 2275 2124 2259 2122 2274 2121 2269 2126 2257 2127 2258 2125 2268 2128 2269 2126 2258 2125 2268 2128 2258 2125 2275 2124 2267 2129 2268 2128 2275 2124 2278 2130 2280 2131 2281 2132 2279 2133 2280 2131 2278 2130 2282 2134 2290 2135 2291 2136 2283 2137 2289 2138 2290 2135 2283 2137 2290 2135 2282 2134 2284 2139 2289 2138 2283 2137 2285 2140 2288 2141 2289 2138 2285 2140 2289 2138 2284 2139 2286 2142 2287 2143 2288 2141 2286 2142 2288 2141 2285 2140 2298 2144 2292 2145 2297 2146 2299 2147 2293 2148 2292 2145 2299 2147 2294 2149 2293 2148 2299 2147 2292 2145 2298 2144 2300 2150 2295 2151 2294 2149 2300 2150 2296 2152 2295 2151 2300 2150 2294 2149 2299 2147 2307 2153 2304 2154 2303 2155 2307 2153 2305 2156 2304 2154 2308 2157 2306 2158 2305 2156 2308 2157 2302 2159 2306 2158 2308 2157 2305 2156 2307 2153 2309 2160 2302 2159 2308 2157 2301 2161 2302 2159 2309 2160 2319 2162 2317 2163 2318 2164 2313 2165 2314 2166 2315 2167 2310 2168 2313 2165 2311 2169 2320 2170 2312 2171 2311 2169 2320 2170 2315 2167 2316 2172 2320 2170 2316 2172 2317 2163 2320 2170 2319 2162 2312 2171 2320 2170 2317 2163 2319 2162 2320 2170 2313 2165 2315 2167 2320 2170 2311 2169 2313 2165 2330 2173 2328 2174 2329 2175 2324 2176 2325 2177 2326 2178 2322 2179 2330 2173 2323 2180 2331 2181 2322 2179 2321 2182 2331 2181 2321 2182 2324 2176 2331 2181 2326 2178 2327 2183 2331 2181 2327 2183 2328 2174 2331 2181 2328 2174 2330 2173 2331 2181 2324 2176 2326 2178 2331 2181 2330 2173 2322 2179 2355 2184 2346 2185 2347 2186 2355 2184 2347 2186 2348 2187 2355 2184 2348 2187 2349 2188 2356 2189 2342 2190 2343 2191 2356 2189 2343 2191 2344 2192 2356 2189 2344 2192 2345 2193 2356 2189 2345 2193 2346 2185 2356 2189 2346 2185 2355 2184 2356 2189 2355 2184 2342 2190 2357 2194 2341 2195 2342 2190 2357 2194 2349 2188 2350 2196 2357 2194 2355 2184 2349 2188 2357 2194 2342 2190 2355 2184 2358 2197 2341 2195 2357 2194 2358 2197 2357 2194 2350 2196 2359 2198 2340 2199 2341 2195 2359 2198 2350 2196 2351 2200 2359 2198 2341 2195 2358 2197 2359 2198 2358 2197 2350 2196 2360 2201 2339 2202 2340 2199 2360 2201 2340 2199 2359 2198 2360 2201 2359 2198 2351 2200 2361 2203 2339 2202 2360 2201 2361 2203 2360 2201 2351 2200 2362 2204 2338 2205 2339 2202 2362 2204 2351 2200 2352 2206 2362 2204 2361 2203 2351 2200 2362 2204 2339 2202 2361 2203 2363 2207 2362 2204 2352 2206 2363 2207 2338 2205 2362 2204 2364 2208 2337 2209 2338 2205 2364 2208 2352 2206 2353 2210 2364 2208 2363 2207 2352 2206 2364 2208 2338 2205 2363 2207 2365 2211 2337 2209 2364 2208 2365 2211 2364 2208 2353 2210 2366 2212 2353 2210 2354 2213 2366 2212 2365 2211 2353 2210 2366 2212 2337 2209 2365 2211 2367 2214 2333 2215 2332 2216 2367 2214 2334 2217 2333 2215 2367 2214 2335 2218 2334 2217 2367 2214 2336 2219 2335 2218 2367 2214 2332 2216 2337 2209 2367 2214 2354 2213 2336 2219 2367 2214 2337 2209 2366 2212 2367 2214 2366 2212 2354 2213 2390 2220 2381 2221 2382 2222 2390 2220 2382 2222 2383 2223 2390 2220 2383 2223 2384 2224 2390 2220 2384 2224 2385 2225 2391 2226 2377 2227 2378 2228 2391 2226 2378 2228 2379 2229 2391 2226 2379 2229 2380 2230 2391 2226 2380 2230 2381 2221 2391 2226 2381 2221 2390 2220 2391 2226 2390 2220 2377 2227 2392 2231 2390 2220 2385 2225 2392 2231 2377 2227 2390 2220 2393 2232 2376 2233 2377 2227 2393 2232 2377 2227 2392 2231 2393 2232 2392 2231 2385 2225 2394 2234 2375 2235 2376 2233 2394 2234 2385 2225 2386 2236 2394 2234 2376 2233 2393 2232 2394 2234 2393 2232 2385 2225 2395 2237 2375 2235 2394 2234 2395 2237 2394 2234 2386 2236 2396 2238 2374 2239 2375 2235 2396 2238 2386 2236 2387 2240 2396 2238 2395 2237 2386 2236 2396 2238 2375 2235 2395 2237 2397 2241 2374 2239 2396 2238 2397 2241 2396 2238 2387 2240 2398 2242 2373 2243 2374 2239 2398 2242 2387 2240 2388 2244 2398 2242 2374 2239 2397 2241 2398 2242 2397 2241 2387 2240 2399 2245 2373 2243 2398 2242 2399 2245 2398 2242 2388 2244 2400 2246 2388 2244 2389 2247 2400 2246 2399 2245 2388 2244 2400 2246 2373 2243 2399 2245 2401 2248 2369 2249 2368 2250 2401 2248 2370 2251 2369 2249 2401 2248 2371 2252 2370 2251 2401 2248 2372 2253 2371 2252 2401 2248 2368 2250 2373 2243 2401 2248 2389 2247 2372 2253 2401 2248 2373 2243 2400 2246 2401 2248 2400 2246 2389 2247 2409 2254 2403 2255 2402 2256 2410 2257 2404 2258 2403 2255 2410 2257 2403 2255 2409 2254 2411 2259 2405 2260 2404 2258 2411 2259 2404 2258 2410 2257 2412 2261 2405 2260 2411 2259 2413 2262 2406 2263 2405 2260 2413 2262 2405 2260 2412 2261 2414 2264 2407 2265 2406 2263 2414 2264 2406 2263 2413 2262 2415 2266 2408 2267 2407 2265 2415 2266 2407 2265 2414 2264 2417 2268 2425 2269 2416 2270 2418 2271 2426 2272 2425 2269 2418 2271 2425 2269 2417 2268 2419 2273 2427 2274 2426 2272 2419 2273 2426 2272 2418 2271 2420 2275 2427 2274 2419 2273 2421 2276 2428 2277 2427 2274 2421 2276 2427 2274 2420 2275 2422 2278 2429 2279 2428 2277 2422 2278 2428 2277 2421 2276 2423 2280 2424 2281 2429 2279 2423 2280 2429 2279 2422 2278 2455 2282 2446 2283 2447 2284 2455 2282 2447 2284 2448 2285 2455 2282 2448 2285 2449 2286 2455 2282 2449 2286 2450 2287 2456 2288 2445 2289 2446 2283 2456 2288 2446 2283 2455 2282 2456 2288 2455 2282 2442 2290 2457 2291 2442 2290 2443 2292 2457 2291 2443 2292 2444 2293 2457 2291 2444 2293 2445 2289 2457 2291 2445 2289 2456 2288 2457 2291 2456 2288 2442 2290 2458 2294 2441 2295 2442 2290 2458 2294 2455 2282 2450 2287 2458 2294 2442 2290 2455 2282 2459 2296 2458 2294 2450 2287 2459 2296 2441 2295 2458 2294 2460 2297 2440 2298 2441 2295 2460 2297 2450 2287 2451 2299 2460 2297 2459 2296 2450 2287 2460 2297 2441 2295 2459 2296 2461 2300 2460 2297 2451 2299 2461 2300 2440 2298 2460 2297 2462 2301 2439 2302 2440 2298 2462 2301 2451 2299 2452 2303 2462 2301 2440 2298 2461 2300 2462 2301 2461 2300 2451 2299 2463 2304 2438 2305 2439 2302 2463 2304 2462 2301 2452 2303 2463 2304 2439 2302 2462 2301 2464 2306 2463 2304 2452 2303 2464 2306 2438 2305 2463 2304 2465 2307 2437 2308 2438 2305 2465 2307 2452 2303 2453 2309 2465 2307 2464 2306 2452 2303 2465 2307 2438 2305 2464 2306 2466 2310 2437 2308 2465 2307 2466 2310 2465 2307 2453 2309 2467 2311 2453 2309 2454 2312 2467 2311 2466 2310 2453 2309 2467 2311 2437 2308 2466 2310 2468 2313 2434 2314 2433 2315 2468 2313 2435 2316 2434 2314 2468 2313 2436 2317 2435 2316 2468 2313 2454 2312 2436 2317 2469 2318 2431 2319 2430 2320 2469 2318 2432 2321 2431 2319 2469 2318 2433 2315 2432 2321 2469 2318 2430 2320 2437 2308 2469 2318 2468 2313 2433 2315 2469 2318 2437 2308 2467 2311 2469 2318 2467 2311 2454 2312 2469 2318 2454 2312 2468 2313 2495 2322 2486 2323 2487 2324 2495 2322 2487 2324 2488 2325 2495 2322 2488 2325 2489 2326 2495 2322 2489 2326 2490 2327 2496 2328 2485 2329 2486 2323 2496 2328 2486 2323 2495 2322 2496 2328 2495 2322 2482 2330 2497 2331 2482 2330 2483 2332 2497 2331 2483 2332 2484 2333 2497 2331 2484 2333 2485 2329 2497 2331 2485 2329 2496 2328 2497 2331 2496 2328 2482 2330 2498 2334 2481 2335 2482 2330 2498 2334 2495 2322 2490 2327 2498 2334 2482 2330 2495 2322 2499 2336 2498 2334 2490 2327 2499 2336 2481 2335 2498 2334 2500 2337 2480 2338 2481 2335 2500 2337 2490 2327 2491 2339 2500 2337 2481 2335 2499 2336 2500 2337 2499 2336 2490 2327 2501 2340 2500 2337 2491 2339 2501 2340 2480 2338 2500 2337 2502 2341 2479 2342 2480 2338 2502 2341 2491 2339 2492 2343 2502 2341 2480 2338 2501 2340 2502 2341 2501 2340 2491 2339 2503 2344 2478 2345 2479 2342 2503 2344 2502 2341 2492 2343 2503 2344 2479 2342 2502 2341 2504 2346 2503 2344 2492 2343 2504 2346 2478 2345 2503 2344 2505 2347 2477 2348 2478 2345 2505 2347 2492 2343 2493 2349 2505 2347 2504 2346 2492 2343 2505 2347 2478 2345 2504 2346 2506 2350 2477 2348 2505 2347 2506 2350 2505 2347 2493 2349 2507 2351 2493 2349 2494 2352 2507 2351 2506 2350 2493 2349 2507 2351 2477 2348 2506 2350 2508 2353 2474 2354 2473 2355 2508 2353 2475 2356 2474 2354 2508 2353 2476 2357 2475 2356 2508 2353 2494 2352 2476 2357 2509 2358 2471 2359 2470 2360 2509 2358 2472 2361 2471 2359 2509 2358 2473 2355 2472 2361 2509 2358 2470 2360 2477 2348 2509 2358 2508 2353 2473 2355 2509 2358 2477 2348 2507 2351 2509 2358 2507 2351 2494 2352 2509 2358 2494 2352 2508 2353 2517 2362 2515 2363 2516 2364 2523 2365 2514 2366 2515 2363 2523 2365 2515 2363 2517 2362 2522 2367 2513 2368 2514 2366 2522 2367 2514 2366 2523 2365 2521 2369 2512 2370 2513 2368 2521 2369 2513 2368 2522 2367 2520 2371 2511 2372 2512 2370 2520 2371 2512 2370 2521 2369 2519 2373 2510 2374 2511 2372 2519 2373 2511 2372 2520 2371 2518 2375 2510 2374 2519 2373 2531 2376 2524 2377 2525 2378 2531 2376 2537 2379 2524 2377 2530 2380 2536 2381 2537 2379 2530 2380 2537 2379 2531 2376 2529 2382 2535 2383 2536 2381 2529 2382 2536 2381 2530 2380 2528 2384 2534 2385 2535 2383 2528 2384 2535 2383 2529 2382 2527 2386 2533 2387 2534 2385 2527 2386 2534 2385 2528 2384 2526 2388 2532 2389 2533 2387 2526 2388 2533 2387 2527 2386 2543 2390 2550 2391 2551 2392 2543 2390 2551 2392 2544 2393 2542 2394 2549 2395 2550 2391 2542 2394 2550 2391 2543 2390 2541 2396 2547 2397 2548 2398 2541 2396 2548 2398 2549 2395 2541 2396 2549 2395 2542 2394 2540 2399 2546 2400 2547 2397 2540 2399 2547 2397 2541 2396 2539 2401 2545 2402 2546 2400 2539 2401 2546 2400 2540 2399 2538 2403 2545 2402 2539 2401 2557 2404 2564 2405 2565 2406 2557 2404 2565 2406 2558 2407 2556 2408 2563 2409 2564 2405 2556 2408 2564 2405 2557 2404 2555 2410 2561 2411 2562 2412 2555 2410 2562 2412 2563 2409 2555 2410 2563 2409 2556 2408 2554 2413 2560 2414 2561 2411 2554 2413 2561 2411 2555 2410 2553 2415 2559 2416 2560 2414 2553 2415 2560 2414 2554 2413 2552 2417 2559 2416 2553 2415 2587 2418 2579 2419 2580 2420 2587 2418 2580 2420 2581 2421 2587 2418 2581 2421 2582 2422 2587 2418 2582 2422 2583 2423 2587 2418 2583 2423 2584 2424 2588 2425 2579 2419 2587 2418 2588 2425 2587 2418 2575 2426 2589 2427 2575 2426 2576 2428 2589 2427 2576 2428 2577 2429 2589 2427 2577 2429 2578 2430 2589 2427 2578 2430 2579 2419 2589 2427 2588 2425 2575 2426 2589 2427 2579 2419 2588 2425 2590 2431 2574 2432 2575 2426 2590 2431 2587 2418 2584 2424 2590 2431 2575 2426 2587 2418 2591 2433 2574 2432 2590 2431 2591 2433 2590 2431 2584 2424 2592 2434 2573 2435 2574 2432 2592 2434 2584 2424 2585 2436 2592 2434 2574 2432 2591 2433 2592 2434 2591 2433 2584 2424 2593 2437 2573 2435 2592 2434 2593 2437 2592 2434 2585 2436 2594 2438 2585 2436 2586 2439 2594 2438 2573 2435 2593 2437 2594 2438 2593 2437 2585 2436 2595 2440 2571 2441 2570 2442 2595 2440 2572 2443 2571 2441 2595 2440 2586 2439 2572 2443 2596 2444 2570 2442 2569 2445 2596 2444 2586 2439 2595 2440 2596 2444 2595 2440 2570 2442 2597 2446 2567 2447 2566 2448 2597 2446 2568 2449 2567 2447 2597 2446 2569 2445 2568 2449 2597 2446 2566 2448 2573 2435 2597 2446 2573 2435 2594 2438 2597 2446 2594 2438 2586 2439 2597 2446 2596 2444 2569 2445 2597 2446 2586 2439 2596 2444 2620 2450 2612 2451 2613 2452 2620 2450 2613 2452 2614 2453 2620 2450 2614 2453 2615 2454 2620 2450 2615 2454 2616 2455 2621 2456 2620 2450 2616 2455 2621 2456 2612 2451 2620 2450 2622 2457 2607 2458 2608 2459 2622 2457 2608 2459 2609 2460 2622 2457 2609 2460 2610 2461 2622 2457 2610 2461 2611 2462 2622 2457 2611 2462 2612 2451 2622 2457 2612 2451 2621 2456 2622 2457 2621 2456 2616 2455 2623 2463 2622 2457 2616 2455 2623 2463 2607 2458 2622 2457 2624 2464 2606 2465 2607 2458 2624 2464 2616 2455 2617 2466 2624 2464 2607 2458 2623 2463 2624 2464 2623 2463 2616 2455 2625 2467 2624 2464 2617 2466 2625 2467 2606 2465 2624 2464 2626 2468 2605 2469 2606 2465 2626 2468 2617 2466 2618 2470 2626 2468 2625 2467 2617 2466 2626 2468 2606 2465 2625 2467 2627 2471 2626 2468 2618 2470 2627 2471 2605 2469 2626 2468 2628 2472 2618 2470 2619 2473 2628 2472 2627 2471 2618 2470 2628 2472 2605 2469 2627 2471 2629 2474 2603 2475 2602 2476 2629 2474 2604 2477 2603 2475 2629 2474 2619 2473 2604 2477 2630 2478 2602 2476 2601 2479 2630 2478 2619 2473 2629 2474 2630 2478 2629 2474 2602 2476 2631 2480 2599 2481 2598 2482 2631 2480 2600 2483 2599 2481 2631 2480 2601 2479 2600 2483 2631 2480 2598 2482 2605 2469 2631 2480 2605 2469 2628 2472 2631 2480 2628 2472 2619 2473 2631 2480 2630 2478 2601 2479 2631 2480 2619 2473 2630 2478 2638 2484 2647 2485 2648 2486 2638 2484 2648 2486 2639 2487 2637 2488 2646 2489 2647 2485 2637 2488 2647 2485 2638 2484 2636 2490 2644 2491 2645 2492 2636 2490 2645 2492 2646 2489 2636 2490 2646 2489 2637 2488 2635 2493 2643 2494 2644 2491 2635 2493 2644 2491 2636 2490 2634 2495 2642 2496 2643 2494 2634 2495 2643 2494 2635 2493 2633 2497 2642 2496 2634 2495 2649 2498 2633 2497 2632 2499 2649 2498 2632 2499 2640 2500 2649 2498 2640 2500 2641 2501 2649 2498 2641 2501 2642 2496 2649 2498 2642 2496 2633 2497 2650 2502 2651 2503 2666 2504 2657 2505 2664 2506 2665 2507 2657 2505 2665 2507 2658 2508 2656 2509 2663 2510 2664 2506 2656 2509 2664 2506 2657 2505 2655 2511 2662 2512 2663 2510 2655 2511 2663 2510 2656 2509 2654 2513 2661 2514 2662 2512 2654 2513 2662 2512 2655 2511 2653 2515 2660 2516 2661 2514 2653 2515 2661 2514 2654 2513 2652 2517 2659 2518 2660 2516 2652 2517 2660 2516 2653 2515 2667 2519 2651 2503 2658 2508 2667 2519 2665 2507 2666 2504 2667 2519 2666 2504 2651 2503 2667 2519 2658 2508 2665 2507 2683 2520 2675 2521 2676 2522 2683 2520 2676 2522 2677 2523 2682 2524 2674 2525 2675 2521 2682 2524 2675 2521 2683 2520 2681 2526 2673 2527 2674 2525 2681 2526 2674 2525 2682 2524 2680 2528 2671 2529 2672 2530 2680 2528 2672 2530 2673 2527 2680 2528 2673 2527 2681 2526 2679 2531 2670 2532 2671 2529 2679 2531 2671 2529 2680 2528 2678 2533 2669 2534 2670 2532 2678 2533 2670 2532 2679 2531 2668 2535 2669 2534 2678 2533 2690 2536 2698 2537 2699 2538 2690 2536 2699 2538 2691 2539 2689 2540 2697 2541 2698 2537 2689 2540 2698 2537 2690 2536 2688 2542 2695 2543 2696 2544 2688 2542 2696 2544 2697 2541 2688 2542 2697 2541 2689 2540 2687 2545 2694 2546 2695 2543 2687 2545 2695 2543 2688 2542 2686 2547 2693 2548 2694 2546 2686 2547 2694 2546 2687 2545 2685 2549 2692 2550 2693 2548 2685 2549 2693 2548 2686 2547 2684 2551 2692 2550 2685 2549 2725 2552 2716 2553 2717 2554 2725 2552 2717 2554 2718 2555 2725 2552 2718 2555 2719 2556 2725 2552 2719 2556 2720 2557 2726 2558 2715 2559 2716 2553 2726 2558 2716 2553 2725 2552 2726 2558 2725 2552 2712 2560 2727 2561 2714 2562 2715 2559 2727 2561 2715 2559 2726 2558 2727 2561 2726 2558 2712 2560 2728 2563 2712 2560 2713 2564 2728 2563 2713 2564 2714 2562 2728 2563 2727 2561 2712 2560 2728 2563 2714 2562 2727 2561 2729 2565 2711 2566 2712 2560 2729 2565 2725 2552 2720 2557 2729 2565 2712 2560 2725 2552 2730 2567 2711 2566 2729 2565 2730 2567 2729 2565 2720 2557 2731 2568 2710 2569 2711 2566 2731 2568 2720 2557 2721 2570 2731 2568 2730 2567 2720 2557 2731 2568 2711 2566 2730 2567 2732 2571 2710 2569 2731 2568 2732 2571 2731 2568 2721 2570 2733 2572 2709 2573 2710 2569 2733 2572 2721 2570 2722 2574 2733 2572 2732 2571 2721 2570 2733 2572 2710 2569 2732 2571 2734 2575 2709 2573 2733 2572 2734 2575 2733 2572 2722 2574 2735 2576 2708 2577 2709 2573 2735 2576 2722 2574 2723 2578 2735 2576 2734 2575 2722 2574 2735 2576 2709 2573 2734 2575 2736 2579 2735 2576 2723 2578 2736 2579 2708 2577 2735 2576 2737 2580 2723 2578 2724 2581 2737 2580 2736 2579 2723 2578 2737 2580 2708 2577 2736 2579 2738 2582 2705 2583 2704 2584 2738 2582 2706 2585 2705 2583 2738 2582 2707 2586 2706 2585 2738 2582 2724 2581 2707 2586 2739 2587 2738 2582 2704 2584 2739 2587 2724 2581 2738 2582 2740 2588 2701 2589 2700 2590 2740 2588 2702 2591 2701 2589 2740 2588 2703 2592 2702 2591 2740 2588 2704 2584 2703 2592 2740 2588 2700 2590 2708 2577 2740 2588 2708 2577 2737 2580 2740 2588 2739 2587 2704 2584 2740 2588 2737 2580 2724 2581 2740 2588 2724 2581 2739 2587 2766 2593 2757 2594 2758 2595 2766 2593 2758 2595 2759 2596 2766 2593 2759 2596 2760 2597 2766 2593 2760 2597 2761 2598 2767 2599 2756 2600 2757 2594 2767 2599 2757 2594 2766 2593 2767 2599 2766 2593 2753 2601 2768 2602 2755 2603 2756 2600 2768 2602 2756 2600 2767 2599 2768 2602 2767 2599 2753 2601 2769 2604 2753 2601 2754 2605 2769 2604 2754 2605 2755 2603 2769 2604 2768 2602 2753 2601 2769 2604 2755 2603 2768 2602 2770 2606 2752 2607 2753 2601 2770 2606 2766 2593 2761 2598 2770 2606 2753 2601 2766 2593 2771 2608 2752 2607 2770 2606 2771 2608 2770 2606 2761 2598 2772 2609 2751 2610 2752 2607 2772 2609 2761 2598 2762 2611 2772 2609 2771 2608 2761 2598 2772 2609 2752 2607 2771 2608 2773 2612 2751 2610 2772 2609 2773 2612 2772 2609 2762 2611 2774 2613 2750 2614 2751 2610 2774 2613 2762 2611 2763 2615 2774 2613 2773 2612 2762 2611 2774 2613 2751 2610 2773 2612 2775 2616 2750 2614 2774 2613 2775 2616 2774 2613 2763 2615 2776 2617 2749 2618 2750 2614 2776 2617 2763 2615 2764 2619 2776 2617 2775 2616 2763 2615 2776 2617 2750 2614 2775 2616 2777 2620 2749 2618 2776 2617 2777 2620 2776 2617 2764 2619 2778 2621 2764 2619 2765 2622 2778 2621 2777 2620 2764 2619 2778 2621 2749 2618 2777 2620 2779 2623 2747 2624 2746 2625 2779 2623 2748 2626 2747 2624 2779 2623 2765 2622 2748 2626 2780 2627 2746 2625 2745 2628 2780 2627 2779 2623 2746 2625 2780 2627 2765 2622 2779 2623 2781 2629 2780 2627 2745 2628 2781 2629 2765 2622 2780 2627 2782 2630 2742 2631 2741 2632 2782 2630 2743 2633 2742 2631 2782 2630 2744 2634 2743 2633 2782 2630 2745 2628 2744 2634 2782 2630 2741 2632 2749 2618 2782 2630 2749 2618 2778 2621 2782 2630 2781 2629 2745 2628 2782 2630 2778 2621 2765 2622 2782 2630 2765 2622 2781 2629 2790 2635 2784 2636 2783 2637 2791 2638 2784 2636 2790 2635 2792 2639 2785 2640 2784 2636 2792 2639 2784 2636 2791 2638 2793 2641 2785 2640 2792 2639 2794 2642 2786 2643 2785 2640 2794 2642 2785 2640 2793 2641 2795 2644 2787 2645 2786 2643 2795 2644 2786 2643 2794 2642 2796 2646 2788 2647 2787 2645 2796 2646 2789 2648 2788 2647 2796 2646 2787 2645 2795 2644 2804 2649 2798 2650 2797 2651 2804 2649 2799 2652 2798 2650 2805 2653 2800 2654 2799 2652 2805 2653 2799 2652 2804 2649 2806 2655 2801 2656 2800 2654 2806 2655 2800 2654 2805 2653 2807 2657 2801 2656 2806 2655 2808 2658 2802 2659 2801 2656 2808 2658 2801 2656 2807 2657 2809 2660 2802 2659 2808 2658 2810 2661 2803 2662 2802 2659 2810 2661 2802 2659 2809 2660 2817 2663 2825 2664 2826 2665 2817 2663 2826 2665 2827 2666 2816 2667 2824 2668 2825 2664 2816 2667 2825 2664 2817 2663 2815 2669 2823 2670 2824 2668 2815 2669 2824 2668 2816 2667 2814 2671 2822 2672 2823 2670 2814 2671 2823 2670 2815 2669 2813 2673 2821 2674 2822 2672 2813 2673 2822 2672 2814 2671 2812 2675 2820 2676 2821 2674 2812 2675 2821 2674 2813 2673 2811 2677 2819 2678 2820 2676 2811 2677 2820 2676 2812 2675 2818 2679 2819 2678 2811 2677 2829 2680 2843 2681 2844 2682 2829 2680 2844 2682 2828 2683 2835 2684 2842 2685 2843 2681 2835 2684 2843 2681 2829 2680 2834 2686 2841 2687 2842 2685 2834 2686 2842 2685 2835 2684 2833 2688 2840 2689 2841 2687 2833 2688 2841 2687 2834 2686 2832 2690 2839 2691 2840 2689 2832 2690 2840 2689 2833 2688 2831 2692 2838 2693 2839 2691 2831 2692 2839 2691 2832 2690 2830 2694 2836 2695 2837 2696 2830 2694 2837 2696 2838 2693 2830 2694 2838 2693 2831 2692 2854 2697 2846 2698 2845 2699 2862 2700 2847 2701 2846 2698 2862 2700 2846 2698 2854 2697 2861 2702 2848 2703 2847 2701 2861 2702 2847 2701 2862 2700 2860 2704 2849 2705 2848 2703 2860 2704 2848 2703 2861 2702 2859 2706 2850 2707 2849 2705 2859 2706 2849 2705 2860 2704 2858 2708 2851 2709 2850 2707 2858 2708 2850 2707 2859 2706 2857 2710 2852 2711 2851 2709 2857 2710 2851 2709 2858 2708 2856 2712 2853 2713 2852 2711 2856 2712 2852 2711 2857 2710 2855 2714 2853 2713 2856 2712 2863 2715 2865 2716 2864 2717 2867 2718 2868 2719 2866 2720</p>
        </triangles>
        <triangles material="metal-material" count="1432">
          <input semantic="VERTEX" source="#index_intermediate-mesh-vertices" offset="0"/>
          <input semantic="NORMAL" source="#index_intermediate-mesh-normals" offset="1"/>
          <p>2869 2721 2872 2722 2871 2723 2869 2721 2870 2724 2872 2722 2901 2725 2900 2726 2895 2727 2896 2728 2901 2725 2895 2727 2887 2729 2893 2730 2888 2731 2897 2732 2902 2733 2901 2725 2897 2732 2901 2725 2896 2728 2886 2734 2892 2735 2893 2730 2886 2734 2893 2730 2887 2729 2891 2736 2892 2735 2886 2734 2898 2737 2903 2738 2902 2733 2898 2737 2902 2733 2897 2732 2899 2739 2903 2738 2898 2737 2904 2740 2903 2738 2899 2739 2885 2741 2891 2736 2886 2734 2890 2742 2891 2736 2885 2741 2894 2743 2904 2740 2899 2739 2905 2744 2904 2740 2894 2743 2884 2745 2890 2742 2885 2741 2889 2746 2890 2742 2884 2745 2883 2747 2889 2746 2884 2745 2882 2748 2894 2743 2889 2746 2882 2748 2906 2749 2905 2744 2882 2748 2905 2744 2894 2743 2882 2748 2889 2746 2883 2747 2881 2750 2906 2749 2882 2748 2880 2751 2907 2752 2906 2749 2880 2751 2908 2753 2907 2752 2880 2751 2906 2749 2881 2750 2879 2754 2908 2753 2880 2751 2878 2755 2908 2753 2879 2754 2878 2755 2909 2756 2908 2753 2877 2757 2909 2756 2878 2755 2877 2757 2910 2758 2909 2756 2877 2757 2911 2759 2910 2758 2876 2760 2911 2759 2877 2757 2875 2761 2911 2759 2876 2760 2875 2761 2912 2762 2911 2759 2874 2763 2912 2762 2875 2761 2874 2763 2873 2764 2912 2762 2919 2765 2916 2765 2918 2765 2920 2766 2913 2766 2914 2766 2921 2767 2915 2767 2917 2767 2920 2768 2916 2768 2919 2768 2929 2769 2928 2769 2930 2769 2936 2770 2935 2770 2934 2770 2937 2771 2936 2771 2934 2771 2922 2772 2934 2772 2933 2772 2922 2773 2937 2773 2934 2773 2923 2774 2933 2774 2932 2774 2923 2775 2922 2775 2933 2775 2924 2776 2932 2776 2931 2776 2924 2777 2923 2777 2932 2777 2925 2778 2931 2778 2930 2778 2925 2779 2924 2779 2931 2779 2926 2780 2925 2780 2930 2780 2927 2781 2930 2781 2928 2781 2927 2782 2926 2782 2930 2782 2953 2783 2938 2783 2955 2783 2941 2784 2954 2784 2952 2784 2940 2785 2939 2785 2954 2785 2940 2786 2954 2786 2941 2786 2942 2787 2952 2787 2951 2787 2942 2788 2941 2788 2952 2788 2943 2789 2951 2789 2950 2789 2943 2790 2942 2790 2951 2790 2944 2791 2943 2791 2950 2791 2945 2792 2950 2792 2949 2792 2945 2793 2944 2793 2950 2793 2946 2794 2945 2794 2949 2794 2947 2795 2946 2795 2949 2795 2948 2796 2947 2796 2949 2796 2977 2797 2976 2798 3019 2799 2975 2800 3020 2801 3019 2799 2975 2800 3019 2799 2976 2798 2978 2802 2977 2797 3019 2799 2979 2803 2978 2802 3019 2799 2974 2804 3020 2801 2975 2800 2973 2805 3020 2801 2974 2804 3018 2806 2980 2807 2979 2803 3018 2806 2981 2808 2980 2807 3018 2806 2982 2809 2981 2808 3018 2806 2983 2810 2982 2809 3018 2806 2984 2811 2983 2810 3018 2806 2979 2803 3019 2799 2972 2812 3020 2801 2973 2805 2972 2812 3021 2813 3020 2801 2971 2814 3021 2813 2972 2812 2961 2815 3021 2813 2971 2814 2970 2816 2961 2815 2971 2814 3022 2817 3021 2813 2961 2815 3017 2818 2984 2811 3018 2806 3017 2818 2985 2819 2984 2811 3017 2818 2986 2820 2985 2819 3017 2818 2987 2821 2986 2820 2988 2822 2987 2821 3017 2818 2962 2823 3022 2817 2961 2815 2991 2824 2990 2825 2989 2826 3023 2827 3022 2817 2962 2823 3016 2828 2988 2822 3017 2818 3016 2828 2989 2826 2988 2822 3016 2828 2991 2824 2989 2826 2963 2829 3023 2827 2962 2823 3024 2830 3023 2827 2963 2829 3015 2831 2992 2832 2991 2824 3015 2831 2991 2824 3016 2828 2964 2833 3024 2830 2963 2829 3025 2834 3024 2830 2964 2833 3014 2835 2993 2836 2992 2832 3014 2835 2992 2832 3015 2831 2965 2837 3025 2834 2964 2833 3026 2838 3025 2834 2965 2837 3013 2839 2994 2840 2993 2836 3013 2839 2993 2836 3014 2835 2966 2841 3026 2838 2965 2837 3027 2842 3026 2838 2966 2841 3012 2843 2995 2844 2994 2840 3012 2843 2994 2840 3013 2839 2967 2845 3027 2842 2966 2841 3028 2846 3027 2842 2967 2845 3011 2847 2996 2848 2995 2844 3011 2847 2995 2844 3012 2843 2968 2849 3028 2846 2967 2845 3029 2850 3028 2846 2968 2849 3010 2851 2997 2852 2996 2848 3010 2851 2996 2848 3011 2847 2969 2853 3029 2850 2968 2849 3030 2854 3029 2850 2969 2853 3009 2855 2998 2856 2997 2852 3009 2855 2997 2852 3010 2851 2960 2857 3030 2854 2969 2853 3031 2858 3030 2854 2960 2857 3008 2859 2999 2860 2998 2856 3008 2859 2998 2856 3009 2855 2957 2861 2960 2857 2956 2862 2957 2861 3031 2858 2960 2857 2958 2863 3031 2858 2957 2861 2958 2863 3032 2864 3031 2858 3007 2865 2999 2860 3008 2859 3007 2865 3000 2866 2999 2860 3004 2867 3001 2868 3000 2866 2959 2869 3032 2864 2958 2863 3006 2870 3004 2867 3000 2866 3006 2870 3000 2866 3007 2865 3006 2870 3003 2871 3004 2867 3005 2872 3003 2871 3006 2870 3005 2872 3002 2873 3003 2871 3034 2874 3033 2874 3035 2874 3067 2875 3065 2876 3068 2877 3066 2878 3065 2876 3067 2875 3060 2879 3066 2878 3042 2880 3060 2879 3065 2876 3066 2878 3061 2881 3042 2880 3041 2882 3061 2881 3060 2879 3042 2880 3062 2883 3041 2882 3040 2884 3062 2883 3061 2881 3041 2882 3063 2885 3040 2884 3039 2886 3063 2885 3062 2883 3040 2884 3064 2887 3039 2886 3038 2888 3064 2887 3063 2885 3039 2886 3059 2889 3038 2888 3037 2890 3059 2889 3064 2887 3038 2888 3052 2891 3058 2892 3059 2889 3052 2891 3059 2889 3037 2890 3053 2893 3052 2891 3037 2890 3048 2894 3037 2890 3036 2895 3048 2894 3036 2895 3049 2896 3050 2897 3049 2896 3036 2895 3044 2898 3050 2897 3036 2895 3047 2899 3037 2890 3048 2894 3043 2900 3044 2898 3036 2895 3046 2901 3053 2893 3037 2890 3046 2901 3037 2890 3047 2899 3045 2902 3053 2893 3046 2901 3054 2903 3053 2893 3045 2902 3055 2904 3054 2903 3045 2902 3056 2905 3055 2904 3045 2902 3057 2906 3056 2905 3045 2902 3051 2907 3057 2906 3045 2902 3079 2908 3072 2908 3071 2908 3073 2908 3072 2908 3079 2908 3078 2909 3069 2909 3073 2909 3078 2910 3073 2910 3079 2910 3077 2911 3069 2911 3078 2911 3070 2912 3077 2912 3076 2912 3070 2908 3069 2908 3077 2908 3075 2913 3070 2913 3076 2913 3108 2914 3070 2914 3075 2914 3121 2908 3090 2908 3089 2908 3121 2915 3080 2915 3090 2915 3121 2908 3122 2908 3080 2908 3123 2908 3081 2908 3080 2908 3123 2908 3080 2908 3122 2908 3120 2916 3121 2916 3089 2916 3120 2908 3089 2908 3088 2908 3124 2908 3081 2908 3123 2908 3124 2917 3082 2917 3081 2917 3119 2908 3120 2908 3088 2908 3119 2908 3088 2908 3087 2908 3125 2918 3082 2918 3124 2918 3125 2919 3074 2919 3082 2919 3118 2908 3087 2908 3086 2908 3118 2920 3119 2920 3087 2920 3126 2908 3075 2908 3074 2908 3126 2908 3074 2908 3125 2908 3126 2921 3109 2921 3108 2921 3126 2922 3108 2922 3075 2922 3117 2923 3118 2923 3086 2923 3117 2908 3086 2908 3085 2908 3127 2924 3109 2924 3126 2924 3127 2925 3110 2925 3109 2925 3116 2908 3117 2908 3085 2908 3084 2926 3116 2926 3085 2926 3128 2927 3110 2927 3127 2927 3115 2908 3116 2908 3084 2908 3083 2928 3115 2928 3084 2928 3091 2908 3115 2908 3083 2908 3114 2908 3115 2908 3091 2908 3111 2929 3110 2929 3128 2929 3111 2930 3128 2930 3129 2930 3098 2908 3114 2908 3091 2908 3099 2908 3093 2908 3092 2908 3099 2931 3094 2931 3093 2931 3099 2908 3095 2908 3094 2908 3099 2932 3096 2932 3095 2932 3100 2908 3097 2908 3096 2908 3100 2933 3098 2933 3097 2933 3100 2908 3096 2908 3099 2908 3100 2934 3114 2934 3098 2934 3101 2908 3114 2908 3100 2908 3101 2935 3112 2935 3113 2935 3101 2908 3113 2908 3114 2908 3107 2908 3112 2908 3101 2908 3107 2936 3135 2936 3136 2936 3107 2937 3136 2937 3137 2937 3107 2938 3137 2938 3112 2938 3103 2908 3102 2908 3111 2908 3103 2908 3111 2908 3129 2908 3103 2908 3129 2908 3130 2908 3106 2939 3133 2939 3134 2939 3106 2940 3134 2940 3135 2940 3106 2908 3135 2908 3107 2908 3104 2941 3130 2941 3131 2941 3104 2942 3103 2942 3130 2942 3105 2908 3133 2908 3106 2908 3105 2908 3104 2908 3131 2908 3105 2908 3131 2908 3132 2908 3105 2908 3132 2908 3133 2908 3145 2943 3143 2943 3144 2943 3146 2944 3149 2944 3148 2944 3138 2945 3142 2945 3143 2945 3138 2946 3153 2946 3152 2946 3138 2947 3145 2947 3153 2947 3138 2948 3143 2948 3145 2948 3141 2949 3142 2949 3138 2949 3140 2950 3152 2950 3151 2950 3139 2951 3150 2951 3147 2951 3140 2952 3138 2952 3152 2952 3155 2953 3154 2953 3157 2953 3159 2954 3156 2955 3158 2956 3163 2957 3161 2957 3160 2957 3163 2958 3162 2958 3161 2958 3182 2959 3189 2960 3190 2961 3183 2962 3182 2959 3190 2961 3184 2963 3183 2962 3190 2961 3185 2964 3184 2963 3190 2961 3196 2965 3186 2966 3185 2964 3196 2965 3187 2967 3186 2966 3196 2965 3188 2968 3187 2967 3196 2965 3185 2964 3190 2961 3175 2969 3181 2970 3176 2971 3177 2972 3176 2971 3181 2970 3178 2973 3177 2972 3181 2970 3174 2974 3181 2970 3175 2969 3179 2975 3181 2970 3188 2968 3179 2975 3188 2968 3196 2965 3179 2975 3178 2973 3181 2970 3173 2976 3181 2970 3174 2974 3180 2977 3179 2975 3196 2965 3172 2978 3180 2977 3196 2965 3170 2979 3172 2978 3196 2965 3171 2980 3172 2978 3170 2979 3195 2981 3170 2979 3196 2965 3169 2982 3170 2979 3195 2981 3194 2983 3169 2982 3195 2981 3168 2984 3169 2982 3194 2983 3193 2985 3168 2984 3194 2983 3167 2986 3168 2984 3193 2985 3192 2987 3167 2986 3193 2985 3166 2988 3167 2986 3192 2987 3191 2989 3166 2988 3192 2987 3165 2990 3198 2991 3197 2992 3164 2993 3166 2988 3191 2989 3164 2993 3198 2991 3165 2990 3164 2993 3199 2994 3198 2991 3164 2993 3191 2989 3199 2994 3205 2995 3238 2995 3206 2995 3229 2996 3235 2996 3234 2996 3229 2997 3236 2997 3235 2997 3229 2998 3228 2998 3236 2998 3230 2999 3234 2999 3237 2999 3230 3000 3229 3000 3234 3000 3231 3000 3230 3000 3237 3000 3232 3000 3237 3000 3241 3000 3232 3000 3231 3000 3237 3000 3233 3001 3232 3001 3241 3001 3252 3002 3239 3002 3238 3002 3251 3003 3252 3003 3238 3003 3251 3004 3238 3004 3205 3004 3253 3005 3240 3005 3239 3005 3253 3006 3239 3006 3252 3006 3250 3007 3205 3007 3204 3007 3250 3008 3251 3008 3205 3008 3254 3009 3240 3009 3253 3009 3254 3010 3225 3010 3233 3010 3254 3011 3241 3011 3240 3011 3254 3012 3233 3012 3241 3012 3249 3013 3204 3013 3203 3013 3249 3014 3250 3014 3204 3014 3255 3015 3225 3015 3254 3015 3255 3016 3226 3016 3225 3016 3248 3017 3249 3017 3203 3017 3256 3018 3226 3018 3255 3018 3247 3019 3248 3019 3203 3019 3227 3000 3226 3000 3256 3000 3257 3000 3227 3000 3256 3000 3202 3020 3247 3020 3203 3020 3202 3021 3246 3021 3247 3021 3217 3022 3227 3022 3257 3022 3258 3000 3217 3000 3257 3000 3245 3023 3246 3023 3202 3023 3259 3000 3217 3000 3258 3000 3218 3000 3217 3000 3259 3000 3201 3024 3245 3024 3202 3024 3201 3025 3243 3025 3244 3025 3201 3026 3244 3026 3245 3026 3219 3027 3218 3027 3259 3027 3219 3028 3259 3028 3260 3028 3242 3000 3243 3000 3201 3000 3220 3029 3260 3029 3261 3029 3220 3030 3219 3030 3260 3030 3221 3031 3220 3031 3261 3031 3221 3032 3261 3032 3262 3032 3200 3000 3242 3000 3201 3000 3200 3033 3266 3033 3267 3033 3200 3034 3267 3034 3242 3034 3222 3035 3262 3035 3263 3035 3222 3036 3221 3036 3262 3036 3207 3037 3266 3037 3200 3037 3223 3038 3263 3038 3264 3038 3223 3039 3222 3039 3263 3039 3210 3040 3265 3040 3266 3040 3210 3041 3266 3041 3207 3041 3216 3042 3265 3042 3210 3042 3211 3000 3210 3000 3207 3000 3224 3043 3264 3043 3265 3043 3224 3044 3223 3044 3264 3044 3224 3045 3265 3045 3216 3045 3212 3046 3207 3046 3208 3046 3212 3047 3211 3047 3207 3047 3213 3000 3212 3000 3208 3000 3214 3000 3213 3000 3208 3000 3215 3048 3214 3048 3208 3048 3209 3000 3215 3000 3208 3000 3283 3049 3280 3049 3281 3049 3283 3050 3281 3050 3282 3050 3268 3051 3279 3051 3280 3051 3268 3052 3280 3052 3283 3052 3269 3053 3283 3053 3285 3053 3269 3054 3268 3054 3283 3054 3272 3055 3269 3055 3285 3055 3276 3056 3273 3056 3270 3056 3278 3057 3275 3058 3274 3059 3277 3060 3271 3060 3284 3060 3290 3061 3286 3061 3289 3061 3288 3062 3287 3063 3291 3064 3294 3065 3293 3065 3292 3065 3295 3066 3294 3066 3292 3066 3307 3067 3302 3068 3303 3069 3307 3067 3306 3070 3302 3068 3308 3071 3307 3067 3303 3069 3296 3072 3303 3069 3304 3073 3296 3072 3308 3071 3303 3069 3297 3074 3304 3073 3305 3075 3297 3074 3296 3072 3304 3073 3298 3076 3305 3075 3301 3077 3298 3076 3297 3074 3305 3075 3299 3078 3298 3076 3301 3077 3300 3079 3299 3078 3301 3077 3318 3080 3314 3081 3313 3082 3318 3080 3315 3083 3314 3081 3317 3084 3313 3082 3312 3085 3317 3084 3318 3080 3313 3082 3316 3086 3312 3085 3311 3087 3316 3086 3317 3084 3312 3085 3310 3088 3311 3087 3309 3089 3310 3088 3316 3086 3311 3087 3320 3090 3328 3091 3329 3092 3320 3090 3319 3093 3328 3091 3321 3094 3320 3090 3329 3092 3322 3095 3329 3092 3330 3096 3322 3095 3321 3094 3329 3092 3323 3097 3330 3096 3331 3098 3323 3097 3322 3095 3330 3096 3324 3099 3323 3097 3331 3098 3325 3100 3331 3098 3327 3101 3325 3100 3324 3099 3331 3098 3326 3102 3325 3100 3327 3101 3341 3103 3337 3104 3336 3105 3341 3103 3338 3106 3337 3104 3340 3107 3336 3105 3335 3108 3340 3107 3341 3103 3336 3105 3339 3109 3335 3108 3334 3110 3339 3109 3340 3107 3335 3108 3333 3111 3334 3110 3332 3112 3333 3111 3339 3109 3334 3110 3343 3113 3345 3114 3344 3115 3342 3116 3345 3114 3343 3113 3372 2908 3371 2908 3347 2908 3370 3117 3372 3117 3347 3117 3348 3118 3347 3118 3346 3118 3348 3119 3368 3119 3369 3119 3348 3120 3369 3120 3370 3120 3348 3121 3370 3121 3347 3121 3357 3122 3368 3122 3348 3122 3367 3123 3368 3123 3357 3123 3356 3124 3367 3124 3357 3124 3359 3125 3365 3125 3364 3125 3359 3126 3366 3126 3365 3126 3359 2908 3364 2908 3367 2908 3358 3127 3350 3127 3349 3127 3360 3128 3356 3128 3355 3128 3360 3129 3367 3129 3356 3129 3360 3130 3359 3130 3367 3130 3363 3131 3351 3131 3350 3131 3363 3132 3352 3132 3351 3132 3363 2908 3350 2908 3358 2908 3361 3133 3355 3133 3354 3133 3361 3134 3360 3134 3355 3134 3362 3135 3353 3135 3352 3135 3362 3136 3354 3136 3353 3136 3362 2908 3352 2908 3363 2908 3362 3137 3361 3137 3354 3137 3378 3138 3381 3139 3380 3140 3373 3141 3377 3142 3376 3143 3375 3144 3385 3144 3383 3144 3373 3145 3386 3145 3384 3146 3374 3147 3382 3147 3379 3147 3392 3148 3387 3149 3386 3150 3392 3151 3388 3152 3387 3153 3392 3154 3386 3155 3373 3156 3389 3157 3388 3157 3392 3157 3391 3158 3390 3158 3389 3158 3391 3159 3389 3159 3392 3159 3396 3160 3393 3160 3394 3160 3396 3161 3395 3161 3393 3161 3399 3162 3397 3162 3398 3162 3400 3163 3399 3163 3398 3163 3414 3164 3416 3165 3415 3166 3412 3167 3416 3168 3414 3169 3408 3170 3412 3171 3411 3172 3410 3173 3418 3173 3413 3173 3406 3174 3417 3174 3409 3174 3403 3175 3421 3176 3417 3177 3405 3178 3419 3179 3407 3180 3402 3181 3422 3181 3404 3181 3425 3182 3420 3182 3401 3182 3423 3183 3420 3183 3425 3183 3424 3184 3423 3184 3425 3184 3426 3185 3428 3185 3427 3185 3426 3186 3429 3186 3428 3186 3431 3187 3430 3187 3429 3187 3431 3188 3452 3188 3451 3188 3431 3189 3426 3189 3452 3189 3431 3190 3429 3190 3426 3190 3440 3191 3431 3191 3451 3191 3450 3192 3440 3192 3451 3192 3439 3193 3440 3193 3450 3193 3442 3194 3448 3194 3447 3194 3442 3195 3449 3195 3448 3195 3442 3000 3450 3000 3449 3000 3441 3196 3432 3196 3433 3196 3443 3000 3438 3000 3439 3000 3443 3197 3439 3197 3450 3197 3443 3198 3450 3198 3442 3198 3446 3199 3433 3199 3434 3199 3446 3000 3434 3000 3435 3000 3446 3200 3441 3200 3433 3200 3444 3000 3437 3000 3438 3000 3444 3201 3438 3201 3443 3201 3445 3000 3435 3000 3436 3000 3445 3000 3436 3000 3437 3000 3445 3000 3446 3000 3435 3000 3445 3000 3437 3000 3444 3000 3460 3202 3462 3203 3461 3204 3460 3202 3463 3205 3462 3203 3460 3202 3472 3206 3463 3205 3471 3207 3472 3206 3460 3202 3459 3208 3470 3209 3471 3207 3459 3208 3471 3207 3460 3202 3458 3210 3469 3211 3470 3209 3458 3210 3470 3209 3459 3208 3457 3212 3468 3213 3469 3211 3457 3212 3469 3211 3458 3210 3456 3214 3467 3215 3468 3213 3456 3214 3468 3213 3457 3212 3455 3216 3466 3217 3467 3215 3455 3216 3467 3215 3456 3214 3454 3218 3464 3219 3465 3220 3454 3218 3465 3220 3466 3217 3454 3218 3466 3217 3455 3216 3453 3221 3464 3219 3454 3218 3479 3222 3481 3223 3480 3224 3479 3222 3488 3225 3481 3223 3478 3226 3487 3227 3488 3225 3478 3226 3488 3225 3479 3222 3477 3228 3486 3229 3487 3227 3477 3228 3487 3227 3478 3226 3476 3230 3485 3231 3486 3229 3476 3230 3486 3229 3477 3228 3475 3232 3484 3233 3485 3231 3475 3232 3485 3231 3476 3230 3474 3234 3482 3235 3483 3236 3474 3234 3483 3236 3484 3233 3474 3234 3484 3233 3475 3232 3473 3237 3489 3238 3482 3235 3473 3237 3482 3235 3474 3234 3491 3239 3504 3240 3505 3241 3491 3239 3505 3241 3506 3242 3491 3239 3506 3242 3490 3243 3492 3244 3503 3245 3504 3240 3492 3244 3504 3240 3491 3239 3493 3246 3502 3247 3503 3245 3493 3246 3503 3245 3492 3244 3494 3248 3501 3249 3502 3247 3494 3248 3502 3247 3493 3246 3495 3250 3500 3251 3501 3249 3495 3250 3501 3249 3494 3248 3496 3252 3499 3253 3500 3251 3496 3252 3500 3251 3495 3250 3497 3254 3499 3253 3496 3252 3498 3255 3499 3253 3497 3254 3507 3256 3533 3257 3534 3258 3528 3259 3529 3260 3530 3261 3535 3262 3530 3261 3531 3263 3535 3262 3531 3263 3532 3264 3535 3262 3532 3264 3533 3257 3535 3262 3533 3257 3507 3256 3535 3262 3528 3259 3530 3261 3536 3265 3507 3256 3508 3266 3536 3265 3527 3267 3528 3259 3536 3265 3535 3262 3507 3256 3536 3265 3528 3259 3535 3262 3537 3268 3527 3267 3536 3265 3537 3268 3536 3265 3508 3266 3538 3269 3508 3266 3509 3270 3538 3269 3526 3271 3527 3267 3538 3269 3527 3267 3537 3268 3538 3269 3537 3268 3508 3266 3539 3272 3526 3271 3538 3269 3539 3272 3538 3269 3509 3270 3540 3273 3509 3270 3510 3274 3540 3273 3525 3275 3526 3271 3540 3273 3526 3271 3539 3272 3540 3273 3539 3272 3509 3270 3541 3276 3540 3273 3510 3274 3541 3276 3525 3275 3540 3273 3542 3277 3510 3274 3511 3278 3542 3277 3524 3279 3525 3275 3542 3277 3525 3275 3541 3276 3542 3277 3541 3276 3510 3274 3543 3280 3511 3278 3512 3281 3543 3280 3524 3279 3542 3277 3543 3280 3542 3277 3511 3278 3544 3282 3543 3280 3512 3281 3544 3282 3524 3279 3543 3280 3545 3283 3512 3281 3513 3284 3545 3283 3523 3285 3524 3279 3545 3283 3544 3282 3512 3281 3545 3283 3524 3279 3544 3282 3546 3286 3523 3285 3545 3283 3546 3286 3545 3283 3513 3284 3547 3287 3513 3284 3514 3288 3547 3287 3516 3289 3523 3285 3547 3287 3546 3286 3513 3284 3547 3287 3523 3285 3546 3286 3548 3290 3514 3288 3515 3291 3548 3290 3521 3292 3520 3293 3548 3290 3522 3294 3521 3292 3548 3290 3515 3291 3522 3294 3549 3295 3517 3296 3516 3289 3549 3295 3518 3297 3517 3296 3549 3295 3519 3298 3518 3297 3549 3295 3520 3293 3519 3298 3549 3295 3547 3287 3514 3288 3549 3295 3548 3290 3520 3293 3549 3295 3516 3289 3547 3287 3549 3295 3514 3288 3548 3290 3556 3299 3551 3300 3550 3301 3557 3302 3552 3303 3551 3300 3557 3302 3551 3300 3556 3299 3558 3304 3553 3305 3552 3303 3558 3304 3552 3303 3557 3302 3559 3306 3554 3307 3553 3305 3559 3306 3553 3305 3558 3304 3560 3308 3555 3309 3554 3307 3560 3308 3554 3307 3559 3306 3567 3310 3562 3311 3561 3312 3567 3310 3561 3312 3566 3313 3568 3314 3563 3315 3562 3311 3568 3314 3562 3311 3567 3310 3569 3316 3564 3317 3563 3315 3569 3316 3563 3315 3568 3314 3571 3318 3565 3319 3564 3317 3571 3318 3564 3317 3569 3316 3570 3320 3571 3318 3569 3316 3579 3321 3580 3322 3576 3323 3575 3324 3579 3321 3576 3323 3577 3325 3578 3326 3574 3327 3573 3328 3577 3325 3574 3327 3572 3329 3577 3325 3573 3328 3581 3330 3575 3324 3574 3327 3581 3330 3578 3326 3579 3321 3581 3330 3579 3321 3575 3324 3581 3330 3574 3327 3578 3326 3583 3331 3582 3332 3587 3333 3588 3334 3583 3331 3587 3333 3584 3335 3583 3331 3588 3334 3589 3336 3584 3335 3588 3334 3585 3337 3584 3335 3589 3336 3590 3338 3585 3337 3589 3336 3592 3339 3586 3340 3585 3337 3592 3339 3585 3337 3590 3338 3591 3341 3592 3339 3590 3338 3597 3342 3602 3343 3603 3344 3596 3345 3601 3346 3602 3343 3596 3345 3602 3343 3597 3342 3595 3347 3600 3348 3601 3346 3595 3347 3601 3346 3596 3345 3594 3349 3599 3350 3600 3348 3594 3349 3600 3348 3595 3347 3593 3351 3598 3352 3599 3350 3593 3351 3599 3350 3594 3349 3608 3353 3630 3354 3609 3355 3631 3356 3620 3357 3621 3358 3631 3356 3621 3358 3622 3359 3631 3356 3622 3359 3623 3360 3631 3356 3623 3360 3624 3361 3631 3356 3624 3361 3625 3362 3632 3363 3616 3364 3617 3365 3632 3363 3617 3365 3618 3366 3632 3363 3618 3366 3619 3367 3632 3363 3619 3367 3620 3357 3632 3363 3620 3357 3631 3356 3632 3363 3631 3356 3616 3364 3633 3368 3631 3356 3625 3362 3633 3368 3616 3364 3631 3356 3634 3369 3615 3370 3616 3364 3634 3369 3625 3362 3626 3371 3634 3369 3616 3364 3633 3368 3634 3369 3633 3368 3625 3362 3635 3372 3614 3373 3615 3370 3635 3372 3615 3370 3634 3369 3635 3372 3634 3369 3626 3371 3636 3374 3614 3373 3635 3372 3636 3374 3635 3372 3626 3371 3637 3375 3613 3376 3614 3373 3637 3375 3626 3371 3627 3377 3637 3375 3614 3373 3636 3374 3637 3375 3636 3374 3626 3371 3638 3378 3637 3375 3627 3377 3638 3378 3613 3376 3637 3375 3639 3379 3612 3380 3613 3376 3639 3379 3627 3377 3628 3381 3639 3379 3613 3376 3638 3378 3639 3379 3638 3378 3627 3377 3640 3382 3612 3380 3639 3379 3640 3382 3639 3379 3628 3381 3641 3383 3611 3384 3612 3380 3641 3383 3612 3380 3640 3382 3641 3383 3640 3382 3628 3381 3642 3385 3610 3386 3611 3384 3642 3385 3628 3381 3629 3387 3642 3385 3611 3384 3641 3383 3642 3385 3641 3383 3628 3381 3643 3388 3610 3386 3642 3385 3643 3388 3642 3385 3629 3387 3644 3389 3605 3390 3604 3391 3644 3389 3606 3392 3605 3390 3644 3389 3607 3393 3606 3392 3644 3389 3608 3353 3607 3393 3644 3389 3604 3391 3610 3386 3644 3389 3629 3387 3630 3354 3644 3389 3630 3354 3608 3353 3644 3389 3643 3388 3629 3387 3644 3389 3610 3386 3643 3388 3654 3394 3652 3395 3653 3396 3661 3397 3651 3398 3652 3395 3661 3397 3652 3395 3654 3394 3660 3399 3650 3400 3651 3398 3660 3399 3651 3398 3661 3397 3659 3401 3649 3402 3650 3400 3659 3401 3650 3400 3660 3399 3658 3403 3648 3404 3649 3402 3658 3403 3649 3402 3659 3401 3657 3405 3647 3406 3648 3404 3657 3405 3648 3404 3658 3403 3656 3407 3646 3408 3647 3406 3656 3407 3647 3406 3657 3405 3655 3409 3645 3410 3646 3408 3655 3409 3646 3408 3656 3407 3662 3411 3663 3412 3664 3413 3673 3414 3662 3411 3664 3413 3674 3415 3664 3413 3665 3416 3674 3415 3673 3414 3664 3413 3675 3417 3674 3415 3665 3416 3676 3418 3675 3417 3665 3416 3677 3419 3665 3416 3666 3420 3677 3419 3676 3418 3665 3416 3672 3421 3666 3420 3667 3422 3672 3421 3667 3422 3668 3423 3672 3421 3677 3419 3666 3420 3671 3424 3668 3423 3669 3425 3671 3424 3669 3425 3670 3426 3671 3424 3672 3421 3668 3423 3703 3427 3696 3428 3697 3429 3678 3430 3679 3431 3698 3432 3704 3433 3686 3434 3685 3435 3704 3433 3687 3436 3686 3434 3704 3433 3685 3435 3692 3437 3705 3438 3688 3439 3687 3436 3705 3438 3687 3436 3704 3433 3706 3440 3689 3441 3688 3439 3706 3440 3688 3439 3705 3438 3707 3442 3690 3443 3689 3441 3707 3442 3689 3441 3706 3440 3708 3444 3691 3445 3690 3443 3708 3444 3690 3443 3707 3442 3709 3446 3683 3447 3684 3448 3709 3446 3684 3448 3691 3445 3709 3446 3691 3445 3708 3444 3710 3449 3692 3437 3693 3450 3710 3449 3704 3433 3692 3437 3711 3451 3705 3438 3704 3433 3711 3451 3704 3433 3710 3449 3712 3452 3706 3440 3705 3438 3712 3452 3705 3438 3711 3451 3713 3453 3707 3442 3706 3440 3713 3453 3706 3440 3712 3452 3714 3454 3708 3444 3707 3442 3714 3454 3707 3442 3713 3453 3715 3455 3682 3456 3683 3447 3715 3455 3683 3447 3709 3446 3715 3455 3708 3444 3714 3454 3715 3455 3709 3446 3708 3444 3716 3457 3693 3450 3694 3458 3716 3457 3710 3449 3693 3450 3716 3457 3711 3451 3710 3449 3717 3459 3711 3451 3716 3457 3718 3460 3712 3452 3711 3451 3718 3460 3711 3451 3717 3459 3719 3461 3713 3453 3712 3452 3719 3461 3712 3452 3718 3460 3720 3462 3714 3454 3713 3453 3720 3462 3713 3453 3719 3461 3721 3463 3680 3464 3681 3465 3721 3463 3681 3465 3682 3456 3721 3463 3714 3454 3720 3462 3721 3463 3682 3456 3715 3455 3721 3463 3715 3455 3714 3454 3722 3466 3694 3458 3695 3467 3722 3466 3716 3457 3694 3458 3723 3468 3716 3457 3722 3466 3723 3468 3717 3459 3716 3457 3724 3469 3717 3459 3723 3468 3724 3469 3718 3460 3717 3459 3724 3469 3719 3461 3718 3460 3725 3470 3719 3461 3724 3469 3725 3470 3720 3462 3719 3461 3726 3471 3720 3462 3725 3470 3727 3472 3721 3463 3720 3462 3727 3472 3720 3462 3726 3471 3727 3472 3680 3464 3721 3463 3728 3473 3695 3467 3696 3428 3728 3473 3703 3427 3702 3474 3728 3473 3722 3466 3695 3467 3728 3473 3696 3428 3703 3427 3729 3475 3728 3473 3702 3474 3729 3475 3722 3466 3728 3473 3729 3475 3702 3474 3701 3476 3729 3475 3723 3468 3722 3466 3730 3477 3724 3469 3723 3468 3730 3477 3729 3475 3701 3476 3730 3477 3723 3468 3729 3475 3731 3478 3725 3470 3724 3469 3731 3478 3701 3476 3700 3479 3731 3478 3724 3469 3730 3477 3731 3478 3730 3477 3701 3476 3732 3480 3726 3471 3725 3470 3732 3480 3699 3481 3698 3432 3732 3480 3700 3479 3699 3481 3732 3480 3725 3470 3731 3478 3732 3480 3731 3478 3700 3479 3733 3482 3679 3431 3680 3464 3733 3482 3680 3464 3727 3472 3733 3482 3727 3472 3726 3471 3733 3482 3732 3480 3698 3432 3733 3482 3726 3471 3732 3480 3733 3482 3698 3432 3679 3431 3734 3483 3735 3484 3736 3485 3744 3486 3736 3485 3737 3487 3744 3486 3734 3483 3736 3485 3745 3488 3737 3487 3738 3489 3745 3488 3744 3486 3737 3487 3746 3490 3738 3489 3739 3491 3746 3490 3745 3488 3738 3489 3747 3492 3739 3491 3740 3493 3747 3492 3746 3490 3739 3491 3748 3494 3740 3493 3741 3495 3748 3494 3747 3492 3740 3493 3749 3496 3741 3495 3742 3497 3749 3496 3748 3494 3741 3495 3743 3498 3749 3496 3742 3497 3770 3499 3751 3500 3750 3501 3770 3499 3752 3502 3751 3500 3770 3499 3753 3503 3752 3502 3770 3499 3754 3504 3753 3503 3770 3499 3750 3501 3758 3505 3771 3506 3754 3504 3770 3499 3771 3506 3770 3499 3769 3507 3772 3508 3755 3509 3754 3504 3772 3508 3756 3510 3755 3509 3772 3508 3757 3511 3756 3510 3772 3508 3769 3507 3757 3511 3772 3508 3754 3504 3771 3506 3772 3508 3771 3506 3769 3507 3773 3512 3768 3513 3769 3507 3773 3512 3770 3499 3758 3505 3773 3512 3769 3507 3770 3499 3774 3514 3768 3513 3773 3512 3774 3514 3773 3512 3758 3505 3775 3515 3758 3505 3759 3516 3775 3515 3768 3513 3774 3514 3775 3515 3774 3514 3758 3505 3776 3517 3759 3516 3760 3518 3776 3517 3760 3518 3761 3519 3776 3517 3761 3519 3762 3520 3776 3517 3762 3520 3763 3521 3777 3522 3776 3517 3763 3521 3777 3522 3759 3516 3776 3517 3778 3523 3763 3521 3764 3524 3778 3523 3764 3524 3765 3525 3778 3523 3765 3525 3766 3526 3778 3523 3766 3526 3767 3527 3778 3523 3767 3527 3768 3513 3778 3523 3768 3513 3775 3515 3778 3523 3777 3522 3763 3521 3778 3523 3775 3515 3759 3516 3778 3523 3759 3516 3777 3522 3793 3528 3784 3529 3783 3530 3793 3528 3785 3531 3784 3529 3793 3528 3786 3532 3785 3531 3789 3533 3792 3534 3788 3535 3791 3536 3789 3533 3790 2502 3791 3536 3792 3534 3789 3533 3794 3537 3780 3538 3779 3539 3794 3537 3781 3540 3780 3538 3794 3537 3782 3541 3781 3540 3794 3537 3783 3530 3782 3541 3794 3537 3779 3539 3787 3542 3794 3537 3793 3528 3783 3530 3795 3543 3787 3542 3788 3535 3795 3543 3792 3534 3793 3528 3795 3543 3794 3537 3787 3542 3795 3543 3793 3528 3794 3537 3795 3543 3788 3535 3792 3534 3796 3544 3797 3545 3798 3546 3799 3547 3796 3544 3798 3546 3806 3548 3799 3547 3800 3549 3806 3548 3800 3549 3801 3550 3806 3548 3796 3544 3799 3547 3807 3551 3801 3550 3802 3552 3807 3551 3806 3548 3801 3550 3808 3553 3807 3551 3802 3552 3809 3554 3808 3553 3802 3552 3810 3555 3802 3552 3803 3556 3810 3555 3809 3554 3802 3552 3805 3557 3803 3556 3804 3558 3805 3557 3810 3555 3803 3556 3818 3559 3825 3560 3819 3561 3837 3562 3811 3563 3812 3564 3837 3562 3831 3565 3811 3563 3838 3566 3832 3567 3831 3565 3838 3566 3833 3568 3832 3567 3838 3566 3831 3565 3837 3562 3839 3569 3833 3568 3838 3566 3840 3570 3834 3571 3833 3568 3840 3570 3833 3568 3839 3569 3841 3572 3835 3573 3834 3571 3841 3572 3834 3571 3840 3570 3842 3574 3829 3575 3830 3576 3842 3574 3836 3577 3835 3573 3842 3574 3830 3576 3836 3577 3842 3574 3835 3573 3841 3572 3843 3578 3812 3564 3813 3579 3843 3578 3837 3562 3812 3564 3844 3580 3838 3566 3837 3562 3844 3580 3837 3562 3843 3578 3845 3581 3839 3569 3838 3566 3845 3581 3838 3566 3844 3580 3846 3582 3839 3569 3845 3581 3846 3582 3840 3570 3839 3569 3847 3583 3840 3570 3846 3582 3847 3583 3841 3572 3840 3570 3848 3584 3828 3585 3829 3575 3848 3584 3841 3572 3847 3583 3848 3584 3842 3574 3841 3572 3848 3584 3829 3575 3842 3574 3849 3586 3813 3579 3814 3587 3849 3586 3844 3580 3843 3578 3849 3586 3843 3578 3813 3579 3850 3588 3844 3580 3849 3586 3851 3589 3845 3581 3844 3580 3851 3589 3844 3580 3850 3588 3852 3590 3846 3582 3845 3581 3852 3590 3847 3583 3846 3582 3852 3590 3845 3581 3851 3589 3853 3591 3847 3583 3852 3590 3854 3592 3827 3593 3828 3585 3854 3592 3828 3585 3848 3584 3854 3592 3848 3584 3847 3583 3854 3592 3847 3583 3853 3591 3855 3594 3814 3587 3815 3595 3855 3594 3849 3586 3814 3587 3856 3596 3850 3588 3849 3586 3856 3596 3849 3586 3855 3594 3857 3597 3850 3588 3856 3596 3857 3597 3851 3589 3850 3588 3858 3598 3851 3589 3857 3597 3858 3598 3852 3590 3851 3589 3859 3599 3854 3592 3853 3591 3859 3599 3852 3590 3858 3598 3859 3599 3853 3591 3852 3590 3860 3600 3854 3592 3859 3599 3860 3600 3826 3601 3827 3593 3860 3600 3827 3593 3854 3592 3861 3602 3815 3595 3816 3603 3861 3602 3816 3603 3817 3604 3861 3602 3817 3604 3824 3605 3861 3602 3855 3594 3815 3595 3862 3606 3823 3607 3822 3608 3862 3606 3824 3605 3823 3607 3862 3606 3861 3602 3824 3605 3862 3606 3855 3594 3861 3602 3862 3606 3856 3596 3855 3594 3863 3609 3857 3597 3856 3596 3863 3609 3862 3606 3822 3608 3863 3609 3856 3596 3862 3606 3864 3610 3858 3598 3857 3597 3864 3610 3822 3608 3821 3611 3864 3610 3857 3597 3863 3609 3864 3610 3863 3609 3822 3608 3865 3612 3821 3611 3820 3613 3865 3612 3859 3599 3858 3598 3865 3612 3864 3610 3821 3611 3865 3612 3858 3598 3864 3610 3866 3614 3820 3613 3819 3561 3866 3614 3825 3560 3826 3601 3866 3614 3826 3601 3860 3600 3866 3614 3859 3599 3865 3612 3866 3614 3865 3612 3820 3613 3866 3614 3819 3561 3825 3560 3866 3614 3860 3600 3859 3599 3877 3615 3867 3616 3868 3617 3877 3615 3868 3617 3869 3618 3878 3619 3869 3618 3870 3620 3878 3619 3877 3615 3869 3618 3879 3621 3870 3620 3871 3622 3879 3621 3878 3619 3870 3620 3880 3623 3871 3622 3872 3624 3880 3623 3879 3621 3871 3622 3881 3625 3872 3624 3873 3626 3881 3625 3880 3623 3872 3624 3882 3627 3873 3626 3874 3628 3882 3627 3881 3625 3873 3626 3876 3629 3874 3628 3875 3630 3876 3629 3882 3627 3874 3628 3903 3631 3896 3632 3897 3633 3903 3631 3897 3633 3898 3634 3903 3631 3898 3634 3899 3635 3903 3631 3899 3635 3900 3636 3903 3631 3900 3636 3901 3637 3904 3638 3896 3632 3903 3631 3904 3638 3903 3631 3892 3639 3905 3640 3892 3639 3893 3641 3905 3640 3893 3641 3894 3642 3905 3640 3894 3642 3895 3643 3905 3640 3895 3643 3896 3632 3905 3640 3896 3632 3904 3638 3905 3640 3904 3638 3892 3639 3906 3644 3891 3645 3892 3639 3906 3644 3903 3631 3901 3637 3906 3644 3892 3639 3903 3631 3907 3646 3891 3645 3906 3644 3907 3646 3906 3644 3901 3637 3908 3647 3901 3637 3902 3648 3908 3647 3907 3646 3901 3637 3908 3647 3891 3645 3907 3646 3909 3649 3888 3650 3887 3651 3909 3649 3889 3652 3888 3650 3909 3649 3890 3653 3889 3652 3909 3649 3902 3648 3890 3653 3910 3654 3909 3649 3887 3651 3910 3654 3902 3648 3909 3649 3911 3655 3884 3656 3883 3657 3911 3655 3885 3658 3884 3656 3911 3655 3886 3659 3885 3658 3911 3655 3887 3651 3886 3659 3911 3655 3883 3657 3891 3645 3911 3655 3902 3648 3910 3654 3911 3655 3891 3645 3908 3647 3911 3655 3910 3654 3887 3651 3911 3655 3908 3647 3902 3648 3914 3660 3925 3661 3926 3662 3914 3660 3915 3663 3925 3661 3913 3664 3926 3662 3912 2502 3913 3664 3914 3660 3926 3662 3927 3665 3919 3666 3918 3667 3927 3665 3920 3668 3919 3666 3927 3665 3921 3669 3920 3668 3927 3665 3922 3670 3921 3669 3928 3671 3922 3670 3927 3665 3928 3671 3927 3665 3916 3672 3929 3673 3916 3672 3917 3674 3929 3673 3923 3675 3922 3670 3929 3673 3924 3676 3923 3675 3929 3673 3917 3674 3924 3676 3929 3673 3922 3670 3928 3671 3929 3673 3928 3671 3916 3672 3930 3677 3915 3663 3916 3672 3930 3677 3918 3667 3925 3661 3930 3677 3927 3665 3918 3667 3930 3677 3925 3661 3915 3663 3930 3677 3916 3672 3927 3665 3931 3678 3936 3679 3935 3680 3932 3681 3934 3682 3933 3683 3932 3681 3935 3680 3934 3682 3932 3681 3931 3678 3935 3680 3938 3684 3937 3685 3942 3686 3938 3684 3946 3687 3945 3688 3938 3684 3942 3686 3946 3687 3939 3689 3945 3688 3944 3690 3939 3689 3938 3684 3945 3688 3940 3691 3944 3690 3943 3692 3940 3691 3939 3689 3944 3690 3941 3693 3940 3691 3943 3692 3947 3694 3952 3695 3953 3696 3948 3697 3947 3694 3953 3696 3949 3698 3953 3696 3954 3699 3949 3698 3948 3697 3953 3696 3950 3700 3954 3699 3955 3701 3950 3700 3949 3698 3954 3699 3951 3702 3955 3701 3956 3703 3951 3702 3950 3700 3955 3701 3962 3704 3960 3705 3961 3706 3963 3707 3960 3705 3962 3704 3964 3708 3957 3709 3958 3710 3964 3708 3958 3710 3959 3711 3964 3708 3959 3711 3960 3705 3964 3708 3960 3705 3963 3707 3970 3712 3967 3713 3968 3714 3970 3712 3968 3714 3969 3715 3974 3716 3965 3717 3966 3718 3974 3716 3966 3718 3967 3713 3974 3716 3967 3713 3970 3712 3975 3719 3970 3712 3971 3720 3975 3719 3974 3716 3970 3712 3973 3721 3971 3720 3972 3722 3973 3721 3975 3719 3971 3720 3994 3723 3990 3724 3991 3725 3993 3726 3990 3724 3994 3723 3992 3727 3977 3728 3990 3724 3992 3727 3990 3724 3993 3726 3976 3729 3977 3728 3992 3727 3995 3730 3979 3731 3980 3732 3995 3730 3980 3732 3981 3733 3995 3730 3981 3733 3982 3734 3995 3730 3982 3734 3983 3735 3996 3736 3979 3731 3995 3730 3997 3737 3978 3738 3979 3731 3997 3737 3979 3731 3996 3736 3997 3737 3996 3736 3988 3739 3998 3740 3977 3728 3978 3738 3998 3740 3988 3739 3989 3741 3998 3740 3997 3737 3988 3739 3998 3740 3978 3738 3997 3737 3999 3742 3989 3741 3990 3724 3999 3742 3977 3728 3998 3740 3999 3742 3998 3740 3989 3741 3999 3742 3990 3724 3977 3728 4000 3743 3983 3735 3984 3744 4000 3743 3984 3744 3985 3745 4000 3743 3985 3745 3986 3746 4000 3743 3986 3746 3987 3747 4000 3743 3987 3747 3988 3739 4000 3743 3995 3730 3983 3735 4000 3743 3988 3739 3996 3736 4000 3743 3996 3736 3995 3730 4025 3748 4001 3749 4002 3750 4026 3751 4003 3752 4004 3753 4026 3751 4004 3753 4005 3754 4027 3755 4002 3750 4003 3752 4027 3755 4025 3748 4002 3750 4027 3755 4003 3752 4026 3751 4028 3756 4007 3757 4008 3758 4028 3756 4008 3758 4009 3759 4028 3756 4009 3759 4010 3760 4028 3756 4010 3760 4011 3761 4029 3762 4006 3763 4007 3757 4029 3762 4007 3757 4028 3756 4030 3764 4005 3754 4006 3763 4030 3764 4006 3763 4029 3762 4030 3764 4026 3751 4005 3754 4031 3765 4027 3755 4026 3751 4031 3765 4025 3748 4027 3755 4031 3765 4026 3751 4030 3764 4032 3766 4028 3756 4011 3761 4033 3767 4028 3756 4032 3766 4033 3767 4032 3766 4024 3768 4034 3769 4033 3767 4024 3768 4034 3769 4029 3762 4028 3756 4034 3769 4028 3756 4033 3767 4035 3770 4030 3764 4029 3762 4035 3770 4029 3762 4034 3769 4035 3770 4034 3769 4024 3768 4036 3771 4024 3768 4025 3748 4036 3771 4025 3748 4031 3765 4036 3771 4031 3765 4030 3764 4036 3771 4035 3770 4024 3768 4036 3771 4030 3764 4035 3770 4037 3772 4011 3761 4012 3773 4037 3772 4032 3766 4011 3761 4037 3772 4024 3768 4032 3766 4038 3774 4024 3768 4037 3772 4039 3775 4024 3768 4038 3774 4040 3776 4024 3768 4039 3775 4041 3777 4012 3773 4013 3778 4041 3777 4037 3772 4012 3773 4041 3777 4038 3774 4037 3772 4042 3779 4023 3780 4024 3768 4042 3779 4024 3768 4040 3776 4043 3781 4038 3774 4041 3777 4044 3782 4039 3775 4038 3774 4044 3782 4038 3774 4043 3781 4045 3783 4040 3776 4039 3775 4045 3783 4039 3775 4044 3782 4046 3784 4040 3776 4045 3783 4046 3784 4023 3780 4042 3779 4046 3784 4042 3779 4040 3776 4047 3785 4041 3777 4013 3778 4048 3786 4044 3782 4043 3781 4048 3786 4041 3777 4047 3785 4048 3786 4043 3781 4041 3777 4049 3787 4044 3782 4048 3786 4050 3788 4045 3783 4044 3782 4050 3788 4044 3782 4049 3787 4051 3789 4046 3784 4045 3783 4051 3789 4023 3780 4046 3784 4051 3789 4045 3783 4050 3788 4051 3789 4022 3790 4023 3780 4052 3791 4013 3778 4014 3792 4052 3791 4048 3786 4047 3785 4052 3791 4047 3785 4013 3778 4053 3793 4048 3786 4052 3791 4054 3794 4049 3787 4048 3786 4054 3794 4048 3786 4053 3793 4055 3795 4050 3788 4049 3787 4055 3795 4049 3787 4054 3794 4056 3796 4051 3789 4050 3788 4056 3796 4022 3790 4051 3789 4056 3796 4050 3788 4055 3795 4057 3797 4052 3791 4014 3792 4057 3797 4014 3792 4017 3798 4058 3799 4017 3798 4016 3800 4058 3799 4053 3793 4052 3791 4058 3799 4052 3791 4057 3797 4058 3799 4057 3797 4017 3798 4059 3801 4016 3800 4015 3802 4059 3801 4053 3793 4058 3799 4059 3801 4054 3794 4053 3793 4059 3801 4058 3799 4016 3800 4060 3803 4015 3802 4021 3804 4060 3803 4055 3795 4054 3794 4060 3803 4059 3801 4015 3802 4060 3803 4054 3794 4059 3801 4061 3805 4019 3806 4018 3807 4061 3805 4020 3808 4019 3806 4061 3805 4021 3804 4020 3808 4061 3805 4018 3807 4022 3790 4061 3805 4022 3790 4056 3796 4061 3805 4056 3796 4055 3795 4061 3805 4060 3803 4021 3804 4061 3805 4055 3795 4060 3803 4071 3809 4079 3810 4070 3811 4080 3812 4071 3809 4072 3813 4080 3812 4079 3810 4071 3809 4081 3814 4072 3813 4073 3815 4081 3814 4080 3812 4072 3813 4075 3816 4073 3815 4074 3817 4082 3818 4081 3814 4073 3815 4082 3818 4073 3815 4075 3816 4076 3819 4082 3818 4075 3816 4077 3820 4082 3818 4076 3819 4083 3821 4062 3822 4063 3823 4083 3821 4063 3823 4064 3824 4083 3821 4064 3824 4065 3825 4083 3821 4065 3825 4066 3826 4083 3821 4066 3826 4067 3827 4083 3821 4067 3827 4068 3828 4083 3821 4068 3828 4069 3829 4083 3821 4069 3829 4070 3811 4083 3821 4078 3830 4062 3822 4084 3831 4079 3810 4078 3830 4084 3831 4070 3811 4079 3810 4084 3831 4083 3821 4070 3811 4084 3831 4078 3830 4083 3821 4089 3832 4086 3833 4085 3834 4089 3832 4087 3835 4086 3833 4093 3836 4088 3837 4087 3835 4093 3836 4087 3835 4089 3832 4090 3838 4093 3836 4089 3832 4094 3839 4093 3836 4090 3838 4091 3840 4094 3839 4090 3838 4092 3841 4094 3839 4091 3840 4099 3842 4096 3843 4095 3844 4099 3842 4097 3845 4096 3843 4099 3842 4098 3846 4097 3845 4100 3847 4098 3846 4099 3842 4101 3848 4098 3846 4100 3847 4102 3849 4098 3846 4101 3848 4103 3850 4107 3851 4108 3852 4103 3850 4108 3852 4109 3853 4103 3850 4109 3853 4110 3854 4104 3855 4107 3851 4103 3850 4105 3856 4107 3851 4104 3855 4106 3857 4107 3851 4105 3856 4118 3858 4119 3859 4120 3860 4118 3858 4120 3860 4121 3861 4118 3858 4121 3861 4122 3862 4112 3863 4129 3864 4111 3865 4113 3866 4129 3864 4112 3863 4130 3867 4122 3862 4123 3868 4130 3867 4123 3868 4124 3869 4130 3867 4124 3869 4125 3870 4130 3867 4125 3870 4126 3871 4130 3867 4126 3871 4127 3872 4130 3867 4118 3858 4122 3862 4131 3873 4117 3874 4118 3858 4131 3873 4130 3867 4127 3872 4131 3873 4118 3858 4130 3867 4132 3875 4116 3876 4117 3874 4132 3875 4127 3872 4128 3877 4132 3875 4131 3873 4127 3872 4132 3875 4117 3874 4131 3873 4133 3878 4132 3875 4128 3877 4133 3878 4116 3876 4132 3875 4134 3879 4113 3866 4114 3880 4134 3879 4114 3880 4115 3881 4134 3879 4115 3881 4116 3876 4134 3879 4128 3877 4129 3864 4134 3879 4133 3878 4128 3877 4134 3879 4116 3876 4133 3878 4134 3879 4129 3864 4113 3866 4137 3882 4143 3883 4138 3884 4137 3882 4144 3885 4143 3883 4141 3886 4145 3887 4144 3885 4141 3886 4142 3888 4145 3887 4141 3886 4144 3885 4137 3882 4136 3889 4141 3886 4137 3882 4140 3890 4141 3886 4136 3889 4135 3891 4140 3890 4136 3889 4139 3892 4140 3890 4135 3891 4157 3893 4148 3894 4149 3895 4157 3893 4158 3896 4148 3894 4156 3897 4149 3895 4150 3898 4156 3897 4150 3898 4151 3899 4156 3897 4157 3893 4149 3895 4153 3900 4151 3899 4152 3901 4154 3902 4156 3897 4151 3899 4154 3902 4151 3899 4153 3900 4155 3903 4156 3897 4154 3902 4167 3904 4146 3905 4147 3906 4167 3904 4163 3907 4164 3908 4167 3904 4164 3908 4165 3909 4167 3904 4165 3909 4166 3910 4167 3904 4166 3910 4146 3905 4168 3911 4167 3904 4159 3912 4168 3911 4163 3907 4167 3904 4169 3913 4159 3912 4160 3914 4169 3913 4160 3914 4161 3915 4169 3913 4161 3915 4162 3916 4169 3913 4162 3916 4163 3907 4169 3913 4163 3907 4168 3911 4169 3913 4168 3911 4159 3912 4170 3917 4167 3904 4147 3906 4170 3917 4159 3912 4167 3904 4171 3918 4147 3906 4148 3894 4171 3918 4158 3896 4159 3912 4171 3918 4159 3912 4170 3917 4171 3918 4170 3917 4147 3906 4171 3918 4148 3894 4158 3896 4197 3919 4184 3920 4183 3921 4197 3919 4178 3922 4184 3920 4198 3923 4179 3924 4178 3922 4198 3923 4197 3919 4183 3921 4198 3923 4178 3922 4197 3919 4199 3925 4180 3926 4179 3924 4199 3925 4179 3924 4198 3923 4200 3927 4176 3928 4177 3929 4200 3927 4181 3930 4180 3926 4200 3927 4177 3929 4181 3930 4200 3927 4180 3926 4199 3925 4201 3931 4183 3921 4182 3932 4201 3931 4182 3932 4185 3933 4202 3934 4183 3921 4201 3931 4202 3934 4198 3923 4183 3921 4203 3935 4198 3923 4202 3934 4203 3935 4199 3925 4198 3923 4204 3936 4201 3931 4185 3933 4205 3937 4176 3928 4200 3927 4205 3937 4199 3925 4203 3935 4205 3937 4200 3927 4199 3925 4206 3938 4201 3931 4204 3936 4207 3939 4201 3931 4206 3938 4208 3940 4202 3934 4201 3931 4208 3940 4201 3931 4207 3939 4209 3941 4203 3935 4202 3934 4209 3941 4202 3934 4208 3940 4210 3942 4175 3943 4176 3928 4210 3942 4205 3937 4203 3935 4210 3942 4176 3928 4205 3937 4210 3942 4203 3935 4209 3941 4211 3944 4185 3933 4186 3945 4211 3944 4204 3936 4185 3933 4212 3946 4206 3938 4204 3936 4212 3946 4204 3936 4211 3944 4213 3947 4207 3939 4206 3938 4213 3947 4206 3938 4212 3946 4214 3948 4207 3939 4213 3947 4214 3948 4208 3940 4207 3939 4215 3949 4211 3944 4186 3945 4216 3950 4208 3940 4214 3948 4216 3950 4209 3941 4208 3940 4216 3950 4210 3942 4209 3941 4217 3951 4211 3944 4215 3949 4217 3951 4212 3946 4211 3944 4217 3951 4213 3947 4212 3946 4218 3952 4210 3942 4216 3950 4218 3952 4175 3943 4210 3942 4219 3953 4213 3947 4217 3951 4220 3954 4213 3947 4219 3953 4220 3954 4214 3948 4213 3947 4221 3955 4214 3948 4220 3954 4221 3955 4216 3950 4214 3948 4222 3956 4174 3957 4175 3943 4222 3956 4218 3952 4216 3950 4222 3956 4175 3943 4218 3952 4222 3956 4216 3950 4221 3955 4223 3958 4186 3945 4187 3959 4223 3958 4215 3949 4186 3945 4224 3960 4217 3951 4215 3949 4224 3960 4219 3953 4217 3951 4224 3960 4223 3958 4187 3959 4224 3960 4215 3949 4223 3958 4225 3961 4219 3953 4224 3960 4225 3961 4224 3960 4187 3959 4226 3962 4220 3954 4219 3953 4226 3962 4219 3953 4225 3961 4226 3962 4225 3961 4187 3959 4227 3963 4220 3954 4226 3962 4227 3963 4221 3955 4220 3954 4227 3963 4226 3962 4187 3959 4228 3964 4174 3957 4222 3956 4228 3964 4222 3956 4221 3955 4228 3964 4221 3955 4227 3963 4228 3964 4227 3963 4187 3959 4229 3965 4187 3959 4188 3966 4229 3965 4188 3966 4189 3967 4229 3965 4189 3967 4190 3968 4229 3965 4190 3968 4191 3969 4230 3970 4229 3965 4191 3969 4230 3970 4187 3959 4229 3965 4231 3971 4187 3959 4230 3970 4232 3972 4187 3959 4231 3971 4233 3973 4173 3974 4174 3957 4233 3973 4228 3964 4187 3959 4233 3973 4174 3957 4228 3964 4233 3973 4187 3959 4232 3972 4234 3975 4195 3976 4194 3977 4234 3975 4196 3978 4195 3976 4234 3975 4191 3969 4196 3978 4234 3975 4230 3970 4191 3969 4235 3979 4194 3977 4193 3980 4235 3979 4230 3970 4234 3975 4235 3979 4231 3971 4230 3970 4235 3979 4234 3975 4194 3977 4236 3981 4232 3972 4231 3971 4236 3981 4231 3971 4235 3979 4236 3981 4235 3979 4193 3980 4237 3982 4173 3974 4233 3973 4237 3982 4233 3973 4232 3972 4237 3982 4236 3981 4193 3980 4237 3982 4232 3972 4236 3981 4238 3983 4172 3984 4173 3974 4238 3983 4192 3985 4172 3984 4238 3983 4193 3980 4192 3985 4238 3983 4173 3974 4237 3982 4238 3983 4237 3982 4193 3980 4241 3986 4247 3987 4242 3988 4245 3989 4248 3990 4247 3987 4245 3989 4246 3991 4248 3990 4245 3989 4247 3987 4241 3986 4244 3992 4241 3986 4240 3993 4244 3992 4245 3989 4241 3986 4243 3994 4240 3993 4239 3722 4243 3994 4244 3992 4240 3993 4256 3995 4252 3996 4253 3997 4255 3998 4252 3996 4256 3995 4254 3999 4249 4000 4250 4001 4254 3999 4250 4001 4251 4002 4254 3999 4251 4002 4252 3996 4254 3999 4252 3996 4255 3998</p>
        </triangles>
        <triangles material="black_plastic-material" count="1400">
          <input semantic="VERTEX" source="#index_intermediate-mesh-vertices" offset="0"/>
          <input semantic="NORMAL" source="#index_intermediate-mesh-normals" offset="1"/>
          <p>4268 4003 4274 4004 4273 4005 4268 4003 4269 4006 4274 4004 4275 4007 4271 4008 4270 4009 4275 4007 4272 4010 4271 4008 4276 4011 4275 4007 4270 4009 4277 4012 4275 4007 4276 4011 4278 4013 4273 4005 4272 4010 4278 4013 4268 4003 4273 4005 4278 4013 4275 4007 4277 4012 4278 4013 4272 4010 4275 4007 4279 4014 4277 4012 4276 4011 4279 4014 4276 4011 4280 4015 4281 4016 4259 4017 4258 4018 4281 4016 4280 4015 4276 4011 4282 4019 4268 4003 4278 4013 4282 4019 4277 4012 4279 4014 4282 4019 4278 4013 4277 4012 4283 4020 4284 4021 4285 4022 4286 4023 4258 4018 4257 4024 4287 4025 4257 4024 4260 4026 4287 4025 4260 4026 4261 4027 4287 4025 4286 4023 4257 4024 4288 4028 4263 4029 4264 4030 4288 4028 4264 4030 4265 4031 4288 4028 4265 4031 4266 4032 4289 4033 4270 4009 4259 4017 4289 4033 4276 4011 4270 4009 4289 4033 4259 4017 4281 4016 4289 4033 4281 4016 4276 4011 4290 4034 4279 4014 4280 4015 4290 4034 4282 4019 4279 4014 4291 4035 4281 4016 4258 4018 4291 4035 4285 4022 4281 4016 4291 4035 4283 4020 4285 4022 4292 4036 4267 4037 4268 4003 4292 4036 4268 4003 4282 4019 4292 4036 4290 4034 4293 4038 4292 4036 4282 4019 4290 4034 4292 4036 4293 4038 4267 4037 4294 4039 4280 4015 4281 4016 4294 4039 4290 4034 4280 4015 4294 4039 4281 4016 4285 4022 4294 4039 4293 4038 4290 4034 4295 4040 4291 4035 4258 4018 4295 4040 4258 4018 4286 4023 4295 4040 4296 4041 4283 4020 4295 4040 4286 4023 4296 4041 4295 4040 4283 4020 4291 4035 4297 4042 4267 4037 4293 4038 4297 4042 4293 4038 4294 4039 4298 4043 4266 4032 4267 4037 4298 4043 4294 4039 4285 4022 4298 4043 4297 4042 4294 4039 4298 4043 4285 4022 4284 4021 4298 4043 4267 4037 4297 4042 4299 4044 4266 4032 4298 4043 4299 4044 4298 4043 4284 4021 4299 4044 4284 4021 4283 4020 4300 4045 4299 4044 4283 4020 4300 4045 4283 4020 4296 4041 4301 4046 4299 4044 4300 4045 4301 4046 4266 4032 4299 4044 4302 4047 4300 4045 4296 4041 4302 4047 4301 4046 4300 4045 4302 4047 4266 4032 4301 4046 4302 4047 4288 4028 4266 4032 4302 4047 4296 4041 4288 4028 4303 4048 4261 4027 4262 4049 4303 4048 4262 4049 4263 4029 4303 4048 4263 4029 4288 4028 4303 4048 4287 4025 4261 4027 4303 4048 4296 4041 4286 4023 4303 4048 4286 4023 4287 4025 4303 4048 4288 4028 4296 4041 4306 4050 4304 4051 4305 4052 4306 4050 4316 4053 4304 4051 4307 4054 4317 4055 4316 4053 4307 4054 4316 4053 4306 4050 4313 4056 4314 4057 4315 4058 4308 4059 4318 4060 4317 4055 4308 4059 4317 4055 4307 4054 4321 4061 4308 4059 4309 4062 4321 4061 4309 4062 4310 4063 4321 4061 4319 4064 4318 4060 4321 4061 4320 4065 4319 4064 4321 4061 4318 4060 4308 4059 4322 4066 4310 4063 4311 4067 4322 4066 4320 4065 4321 4061 4322 4066 4321 4061 4310 4063 4323 4068 4311 4067 4312 4069 4323 4068 4312 4069 4313 4056 4323 4068 4315 4058 4320 4065 4323 4068 4322 4066 4311 4067 4323 4068 4320 4065 4322 4066 4323 4068 4313 4056 4315 4058 4334 4070 4331 4071 4330 4072 4329 4073 4333 4074 4334 4070 4329 4073 4334 4070 4330 4072 4328 4075 4325 4076 4332 4077 4328 4075 4332 4077 4333 4074 4328 4075 4333 4074 4329 4073 4335 4078 4324 4079 4325 4076 4335 4078 4326 4080 4324 4079 4335 4078 4327 4081 4326 4080 4335 4078 4328 4075 4327 4081 4335 4078 4325 4076 4328 4075 4346 4082 4337 4083 4336 4084 4346 4082 4338 4085 4337 4083 4346 4082 4339 4086 4338 4085 4346 4082 4340 4087 4339 4086 4346 4082 4341 4088 4340 4087 4346 4082 4342 4089 4341 4088 4346 4082 4347 4090 4342 4089 4348 4091 4336 4084 4343 4092 4348 4091 4343 4092 4344 4093 4348 4091 4344 4093 4345 4094 4348 4091 4345 4094 4346 4082 4348 4091 4346 4082 4336 4084 4368 4095 4352 4096 4351 4097 4368 4095 4353 4098 4352 4096 4369 4099 4354 4100 4353 4098 4369 4099 4355 4101 4354 4100 4370 4102 4368 4095 4371 4103 4370 4102 4353 4098 4368 4095 4370 4102 4369 4099 4353 4098 4372 4104 4350 4105 4349 4106 4372 4104 4351 4097 4350 4105 4372 4104 4349 4106 4367 4107 4372 4104 4371 4103 4368 4095 4372 4104 4368 4095 4351 4097 4373 4108 4369 4099 4370 4102 4374 4109 4373 4108 4370 4102 4375 4110 4370 4102 4371 4103 4375 4110 4374 4109 4370 4102 4376 4111 4356 4112 4355 4101 4376 4111 4358 4113 4356 4112 4376 4111 4369 4099 4373 4108 4376 4111 4355 4101 4369 4099 4377 4114 4371 4103 4372 4104 4377 4114 4372 4104 4367 4107 4377 4114 4375 4110 4371 4103 4378 4115 4380 4116 4379 4117 4381 4118 4357 4119 4358 4113 4382 4120 4359 4121 4357 4119 4382 4120 4360 4122 4359 4121 4382 4120 4357 4119 4381 4118 4383 4123 4363 4124 4362 4125 4383 4123 4364 4126 4363 4124 4383 4123 4365 4127 4364 4126 4384 4128 4358 4113 4376 4111 4384 4128 4376 4111 4380 4116 4384 4128 4380 4116 4378 4115 4385 4129 4374 4109 4375 4110 4385 4129 4373 4108 4374 4109 4386 4130 4367 4107 4366 4131 4386 4130 4377 4114 4367 4107 4386 4130 4385 4129 4375 4110 4386 4130 4366 4131 4385 4129 4386 4130 4375 4110 4377 4114 4387 4132 4373 4108 4385 4129 4387 4132 4376 4111 4373 4108 4387 4132 4380 4116 4376 4111 4388 4133 4358 4113 4384 4128 4388 4133 4381 4118 4358 4113 4388 4133 4378 4115 4389 4134 4388 4133 4389 4134 4381 4118 4388 4133 4384 4128 4378 4115 4390 4135 4385 4129 4366 4131 4390 4135 4387 4132 4385 4129 4391 4136 4387 4132 4390 4135 4391 4136 4366 4131 4365 4127 4391 4136 4379 4117 4380 4116 4391 4136 4390 4135 4366 4131 4391 4136 4380 4116 4387 4132 4392 4137 4379 4117 4391 4136 4392 4137 4378 4115 4379 4117 4392 4137 4391 4136 4365 4127 4393 4138 4378 4115 4392 4137 4393 4138 4389 4134 4378 4115 4394 4139 4393 4138 4392 4137 4394 4139 4392 4137 4365 4127 4395 4140 4389 4134 4393 4138 4395 4140 4393 4138 4394 4139 4395 4140 4394 4139 4365 4127 4395 4140 4365 4127 4383 4123 4395 4140 4383 4123 4389 4134 4396 4141 4361 4142 4360 4122 4396 4141 4362 4125 4361 4142 4396 4141 4383 4123 4362 4125 4396 4141 4360 4122 4382 4120 4396 4141 4381 4118 4389 4134 4396 4141 4382 4120 4381 4118 4396 4141 4389 4134 4383 4123 4404 4143 4403 4144 4402 4145 4405 4146 4402 4145 4401 4147 4405 4146 4404 4143 4402 4145 4406 4148 4401 4147 4400 4149 4406 4148 4405 4146 4401 4147 4412 4150 4397 4151 4413 4152 4407 4153 4400 4149 4399 4154 4407 4153 4406 4148 4400 4149 4408 4155 4407 4153 4399 4154 4414 4156 4398 4157 4397 4151 4414 4156 4399 4154 4398 4157 4414 4156 4409 4158 4408 4155 4414 4156 4410 4159 4409 4158 4414 4156 4408 4155 4399 4154 4415 4160 4411 4161 4410 4159 4415 4160 4412 4150 4411 4161 4415 4160 4410 4159 4414 4156 4415 4160 4414 4156 4397 4151 4415 4160 4397 4151 4412 4150 4417 4162 4427 4163 4416 4164 4426 4165 4417 4162 4418 4166 4426 4165 4427 4163 4417 4162 4419 4167 4426 4165 4418 4166 4425 4168 4419 4167 4420 4169 4425 4168 4420 4169 4421 4170 4425 4168 4426 4165 4419 4167 4428 4171 4421 4170 4422 4172 4428 4171 4422 4172 4423 4173 4428 4171 4423 4173 4424 4174 4428 4171 4424 4174 4425 4168 4428 4171 4425 4168 4421 4170 4441 4175 4430 4176 4429 4177 4441 4175 4431 4178 4430 4176 4441 4175 4432 4179 4431 4178 4441 4175 4433 4180 4432 4179 4441 4175 4434 4181 4433 4180 4441 4175 4435 4182 4434 4181 4441 4175 4436 4183 4435 4182 4441 4175 4437 4184 4436 4183 4442 4185 4438 4186 4437 4184 4442 4185 4439 4187 4438 4186 4442 4185 4440 4188 4439 4187 4442 4185 4441 4175 4440 4188 4442 4185 4437 4184 4441 4175 4451 4189 4449 4190 4448 4191 4452 4192 4450 4193 4451 4189 4453 4194 4448 4191 4447 4195 4453 4194 4451 4189 4448 4191 4453 4194 4452 4192 4451 4189 4454 4196 4453 4194 4447 4195 4445 4197 4447 4195 4446 4198 4445 4197 4454 4196 4447 4195 4444 4199 4454 4196 4445 4197 4443 4200 4444 4199 4445 4197 4458 4201 4468 4202 4459 4203 4458 4201 4469 4204 4468 4202 4464 4205 4458 4201 4457 4206 4464 4205 4463 4207 4467 4208 4464 4205 4467 4208 4469 4204 4464 4205 4469 4204 4458 4201 4461 4209 4466 4210 4460 4211 4462 4212 4466 4210 4461 4209 4470 4213 4457 4206 4456 4214 4470 4213 4465 4215 4464 4205 4470 4213 4464 4205 4457 4206 4470 4213 4456 4214 4465 4215 4471 4216 4456 4214 4455 4217 4471 4216 4455 4217 4460 4211 4471 4216 4466 4210 4465 4215 4471 4216 4465 4215 4456 4214 4471 4216 4460 4211 4466 4210 4479 4218 4473 4219 4472 4220 4479 4218 4474 4221 4473 4219 4479 4218 4475 4222 4474 4221 4484 4223 4478 4224 4479 4218 4484 4223 4472 4220 4483 4225 4484 4223 4479 4218 4472 4220 4481 4226 4480 4227 4486 4228 4482 4229 4481 4226 4486 4228 4487 4230 4477 4231 4478 4224 4487 4230 4484 4223 4485 4232 4487 4230 4478 4224 4484 4223 4487 4230 4485 4232 4477 4231 4488 4233 4476 4234 4477 4231 4488 4233 4480 4227 4476 4234 4488 4233 4485 4232 4486 4228 4488 4233 4477 4231 4485 4232 4488 4233 4486 4228 4480 4227 4494 4235 4495 4236 4489 4237 4492 4238 4494 4235 4491 4239 4493 4240 4494 4235 4492 4238 4496 4241 4489 4237 4490 4242 4496 4241 4490 4242 4491 4239 4496 4241 4494 4235 4489 4237 4496 4241 4491 4239 4494 4235 4498 4243 4521 4244 4497 4245 4509 4246 4508 4247 4515 4248 4505 4249 4502 4250 4503 4251 4505 4249 4503 4251 4504 4252 4507 4253 4514 4254 4506 4255 4522 4256 4498 4243 4499 4257 4522 4256 4519 4258 4520 4259 4522 4256 4520 4259 4521 4244 4522 4256 4521 4244 4498 4243 4523 4260 4518 4261 4519 4258 4523 4260 4519 4258 4522 4256 4524 4262 4499 4257 4500 4263 4524 4262 4523 4260 4522 4256 4524 4262 4522 4256 4499 4257 4525 4264 4517 4265 4518 4261 4525 4264 4518 4261 4523 4260 4525 4264 4523 4260 4524 4262 4526 4266 4515 4248 4516 4267 4526 4266 4516 4267 4517 4265 4526 4266 4509 4246 4515 4248 4526 4266 4517 4265 4525 4264 4527 4268 4500 4263 4501 4269 4527 4268 4501 4269 4502 4250 4527 4268 4524 4262 4500 4263 4527 4268 4525 4264 4524 4262 4527 4268 4526 4266 4525 4264 4528 4270 4510 4271 4509 4246 4528 4270 4526 4266 4527 4268 4528 4270 4509 4246 4526 4266 4529 4272 4510 4271 4528 4270 4529 4272 4528 4270 4527 4268 4530 4273 4505 4249 4506 4255 4530 4273 4529 4272 4527 4268 4530 4273 4502 4250 4505 4249 4530 4273 4527 4268 4502 4250 4531 4274 4511 4275 4510 4271 4531 4274 4512 4276 4511 4275 4531 4274 4513 4277 4512 4276 4531 4274 4514 4254 4513 4277 4531 4274 4510 4271 4529 4272 4531 4274 4530 4273 4506 4255 4531 4274 4529 4272 4530 4273 4531 4274 4506 4255 4514 4254 4538 4278 4536 4279 4537 4280 4539 4281 4535 4282 4536 4279 4539 4281 4536 4279 4538 4278 4533 4283 4534 4284 4535 4282 4533 4283 4535 4282 4539 4281 4532 4285 4533 4283 4539 4281 4567 4286 4543 4287 4542 4288 4556 4289 4545 4290 4544 4291 4556 4289 4546 4292 4545 4290 4568 4293 4541 4294 4540 4295 4568 4293 4542 4288 4541 4294 4568 4293 4565 4296 4566 4297 4568 4293 4566 4297 4567 4286 4568 4293 4567 4286 4542 4288 4569 4298 4549 4299 4548 4300 4569 4298 4540 4295 4549 4299 4569 4298 4568 4293 4540 4295 4570 4301 4564 4302 4565 4296 4570 4301 4568 4293 4569 4298 4570 4301 4565 4296 4568 4293 4571 4303 4548 4300 4547 4304 4571 4303 4569 4298 4548 4300 4571 4303 4570 4301 4569 4298 4572 4305 4570 4301 4571 4303 4573 4306 4563 4307 4564 4302 4573 4306 4564 4302 4570 4301 4574 4308 4570 4301 4572 4305 4575 4309 4547 4304 4546 4292 4575 4309 4555 4310 4554 4311 4575 4309 4556 4289 4555 4310 4575 4309 4572 4305 4571 4303 4575 4309 4546 4292 4556 4289 4575 4309 4574 4308 4572 4305 4575 4309 4571 4303 4547 4304 4576 4312 4570 4301 4574 4308 4576 4312 4573 4306 4570 4301 4577 4313 4554 4311 4553 4314 4577 4313 4576 4312 4574 4308 4577 4313 4574 4308 4575 4309 4577 4313 4575 4309 4554 4311 4578 4315 4576 4312 4577 4313 4578 4315 4573 4306 4576 4312 4579 4316 4559 4317 4560 4318 4579 4316 4560 4318 4561 4319 4579 4316 4561 4319 4562 4320 4579 4316 4562 4320 4563 4307 4579 4316 4563 4307 4573 4306 4580 4321 4573 4306 4578 4315 4580 4321 4559 4317 4579 4316 4580 4321 4579 4316 4573 4306 4581 4322 4553 4314 4552 4323 4581 4322 4577 4313 4553 4314 4581 4322 4578 4315 4577 4313 4581 4322 4580 4321 4578 4315 4582 4324 4557 4325 4558 4326 4582 4324 4558 4326 4559 4317 4582 4324 4559 4317 4580 4321 4582 4324 4580 4321 4581 4322 4583 4327 4551 4328 4550 4329 4583 4327 4552 4323 4551 4328 4583 4327 4550 4329 4557 4325 4583 4327 4581 4322 4552 4323 4583 4327 4557 4325 4582 4324 4583 4327 4582 4324 4581 4322 4586 4330 4598 4331 4593 4332 4587 4333 4597 4334 4598 4331 4587 4333 4598 4331 4586 4330 4588 4335 4596 4336 4597 4334 4588 4335 4597 4334 4587 4333 4589 4337 4595 4338 4596 4336 4589 4337 4596 4336 4588 4335 4590 4339 4594 4340 4595 4338 4590 4339 4595 4338 4589 4337 4591 4341 4594 4340 4590 4339 4592 4342 4585 4343 4594 4340 4592 4342 4594 4340 4591 4341 4584 4344 4585 4343 4592 4342 4605 4345 4608 4346 4607 4347 4605 4345 4604 4348 4608 4346 4602 4349 4601 4350 4605 4345 4602 4349 4607 4347 4606 4351 4602 4349 4605 4345 4607 4347 4603 4352 4606 4351 4599 4353 4603 4352 4602 4349 4606 4351 4600 4354 4603 4352 4599 4353 4629 4355 4624 4356 4623 4357 4629 4355 4625 4358 4624 4356 4629 4355 4626 4359 4625 4358 4630 4360 4609 4361 4610 4362 4630 4360 4623 4357 4609 4361 4630 4360 4629 4355 4623 4357 4631 4363 4629 4355 4630 4360 4632 4364 4627 4365 4626 4359 4632 4364 4629 4355 4631 4363 4632 4364 4626 4359 4629 4355 4633 4366 4628 4367 4627 4365 4633 4366 4627 4365 4632 4364 4634 4368 4628 4367 4633 4366 4635 4369 4633 4366 4632 4364 4636 4370 4621 4371 4622 4372 4636 4370 4622 4372 4628 4367 4636 4370 4634 4368 4621 4371 4636 4370 4628 4367 4634 4368 4637 4373 4610 4362 4611 4374 4637 4373 4611 4374 4619 4375 4638 4376 4617 4377 4616 4378 4638 4376 4618 4379 4617 4377 4638 4376 4619 4375 4618 4379 4638 4376 4637 4373 4619 4375 4638 4376 4639 4380 4637 4373 4638 4376 4640 4381 4639 4380 4641 4382 4620 4383 4621 4371 4641 4382 4621 4371 4634 4368 4641 4382 4633 4366 4635 4369 4641 4382 4634 4368 4633 4366 4641 4382 4635 4369 4642 4384 4643 4385 4615 4386 4614 4387 4643 4385 4616 4378 4615 4386 4643 4385 4638 4376 4616 4378 4643 4385 4640 4381 4638 4376 4644 4388 4643 4385 4614 4387 4644 4388 4641 4382 4642 4384 4644 4388 4640 4381 4643 4385 4645 4389 4613 4390 4612 4391 4645 4389 4614 4387 4613 4390 4645 4389 4612 4391 4620 4383 4645 4389 4620 4383 4641 4382 4645 4389 4644 4388 4614 4387 4645 4389 4641 4382 4644 4388 4646 4392 4635 4369 4632 4364 4646 4392 4630 4360 4610 4362 4646 4392 4632 4364 4631 4363 4646 4392 4631 4363 4630 4360 4647 4393 4646 4392 4610 4362 4648 4394 4647 4393 4610 4362 4649 4395 4635 4369 4646 4392 4649 4395 4642 4384 4635 4369 4649 4395 4646 4392 4647 4393 4649 4395 4647 4393 4648 4394 4650 4396 4610 4362 4637 4373 4650 4396 4637 4373 4639 4380 4650 4396 4639 4380 4640 4381 4650 4396 4644 4388 4642 4384 4650 4396 4640 4381 4644 4388 4650 4396 4648 4394 4610 4362 4650 4396 4642 4384 4649 4395 4650 4396 4649 4395 4648 4394 4662 4397 4657 4398 4656 4399 4662 4397 4661 4400 4657 4398 4663 4401 4656 4399 4655 4402 4663 4401 4662 4397 4656 4399 4664 4403 4655 4402 4654 4404 4664 4403 4663 4401 4655 4402 4660 4405 4652 4406 4651 4407 4658 4408 4667 4409 4659 4410 4668 4411 4653 4412 4652 4406 4668 4411 4654 4404 4653 4412 4668 4411 4660 4405 4659 4410 4668 4411 4665 4413 4664 4403 4668 4411 4666 4414 4665 4413 4668 4411 4667 4409 4666 4414 4668 4411 4664 4403 4654 4404 4668 4411 4652 4406 4660 4405 4668 4411 4659 4410 4667 4409 4686 4415 4669 4416 4670 4417 4686 4415 4682 4418 4683 4419 4686 4415 4683 4419 4684 4420 4686 4415 4684 4420 4685 4421 4686 4415 4685 4421 4669 4416 4687 4422 4682 4418 4686 4415 4688 4423 4679 4424 4680 4425 4688 4423 4680 4425 4681 4426 4688 4423 4681 4426 4682 4418 4688 4423 4682 4418 4687 4422 4689 4427 4687 4422 4686 4415 4690 4428 4678 4429 4679 4424 4691 4430 4674 4431 4673 4432 4691 4430 4675 4433 4674 4431 4691 4430 4692 4434 4693 4435 4694 4436 4673 4432 4672 4437 4694 4436 4672 4437 4678 4429 4694 4436 4691 4430 4673 4432 4694 4436 4692 4434 4691 4430 4695 4438 4686 4415 4670 4417 4695 4438 4689 4427 4686 4415 4696 4439 4697 4440 4690 4428 4696 4439 4690 4428 4689 4427 4696 4439 4689 4427 4695 4438 4698 4441 4693 4435 4697 4440 4698 4441 4697 4440 4696 4439 4698 4441 4695 4438 4670 4417 4698 4441 4696 4439 4695 4438 4699 4442 4687 4422 4689 4427 4700 4443 4679 4424 4688 4423 4700 4443 4688 4423 4687 4422 4700 4443 4687 4422 4699 4442 4701 4444 4679 4424 4700 4443 4701 4444 4700 4443 4699 4442 4702 4445 4690 4428 4679 4424 4702 4445 4689 4427 4690 4428 4702 4445 4679 4424 4701 4444 4702 4445 4699 4442 4689 4427 4702 4445 4701 4444 4699 4442 4703 4446 4697 4440 4693 4435 4704 4447 4670 4417 4671 4448 4704 4447 4676 4449 4675 4433 4704 4447 4677 4450 4676 4449 4704 4447 4671 4448 4677 4450 4704 4447 4675 4433 4691 4430 4704 4447 4691 4430 4693 4435 4704 4447 4693 4435 4698 4441 4704 4447 4698 4441 4670 4417 4705 4451 4678 4429 4690 4428 4705 4451 4690 4428 4697 4440 4705 4451 4697 4440 4703 4446 4706 4452 4694 4436 4678 4429 4706 4452 4693 4435 4692 4434 4706 4452 4703 4446 4693 4435 4706 4452 4692 4434 4694 4436 4706 4452 4678 4429 4705 4451 4706 4452 4705 4451 4703 4446 4709 4453 4711 4454 4710 4455 4716 4456 4713 4457 4712 4458 4716 4456 4714 4459 4713 4457 4716 4456 4715 4460 4714 4459 4717 4461 4712 4458 4711 4454 4717 4461 4716 4456 4712 4458 4707 4462 4711 4454 4709 4453 4707 4462 4717 4461 4711 4454 4708 4463 4717 4461 4707 4462 4731 4464 4729 4465 4730 4466 4726 4467 4733 4468 4725 4469 4727 4470 4732 4471 4733 4468 4727 4470 4733 4468 4726 4467 4724 4472 4728 4473 4729 4465 4724 4472 4731 4464 4732 4471 4724 4472 4708 4463 4728 4473 4724 4472 4732 4471 4727 4470 4724 4472 4729 4465 4731 4464 4734 4474 4719 4475 4717 4461 4734 4474 4724 4472 4723 4476 4734 4474 4717 4461 4708 4463 4734 4474 4708 4463 4724 4472 4735 4477 4734 4474 4723 4476 4735 4477 4719 4475 4734 4474 4736 4478 4718 4479 4719 4475 4736 4478 4721 4480 4722 4481 4736 4478 4722 4481 4718 4479 4736 4478 4719 4475 4735 4477 4737 4482 4720 4483 4721 4480 4737 4482 4723 4476 4720 4483 4737 4482 4735 4477 4723 4476 4737 4482 4736 4478 4735 4477 4737 4482 4721 4480 4736 4478 4756 4484 4748 4485 4749 4486 4756 4484 4755 4487 4748 4485 4757 4488 4749 4486 4750 4489 4757 4488 4750 4489 4751 4490 4757 4488 4756 4484 4749 4486 4758 4491 4756 4484 4757 4488 4759 4492 4751 4490 4752 4493 4759 4492 4752 4493 4753 4494 4759 4492 4757 4488 4751 4490 4760 4495 4757 4488 4759 4492 4760 4495 4758 4491 4757 4488 4761 4496 4760 4495 4759 4492 4761 4496 4759 4492 4753 4494 4762 4497 4739 4498 4738 4499 4762 4497 4738 4499 4755 4487 4763 4500 4753 4494 4754 4501 4763 4500 4761 4496 4753 4494 4763 4500 4746 4502 4764 4503 4763 4500 4764 4503 4761 4496 4765 4504 4740 4505 4739 4498 4765 4504 4741 4506 4740 4505 4765 4504 4742 4507 4741 4506 4765 4504 4739 4498 4762 4497 4765 4504 4762 4497 4766 4508 4767 4509 4747 4510 4746 4502 4767 4509 4754 4501 4747 4510 4767 4509 4746 4502 4763 4500 4767 4509 4763 4500 4754 4501 4768 4511 4743 4512 4742 4507 4768 4511 4742 4507 4765 4504 4768 4511 4765 4504 4766 4508 4769 4513 4744 4514 4743 4512 4769 4513 4764 4503 4746 4502 4769 4513 4743 4512 4768 4511 4769 4513 4768 4511 4764 4503 4770 4515 4744 4514 4769 4513 4770 4515 4769 4513 4746 4502 4771 4516 4745 4517 4744 4514 4771 4516 4746 4502 4745 4517 4771 4516 4744 4514 4770 4515 4771 4516 4770 4515 4746 4502 4772 4518 4760 4495 4761 4496 4772 4518 4755 4487 4756 4484 4772 4518 4756 4484 4758 4491 4772 4518 4758 4491 4760 4495 4772 4518 4761 4496 4764 4503 4773 4519 4755 4487 4772 4518 4773 4519 4772 4518 4764 4503 4774 4520 4762 4497 4755 4487 4774 4520 4766 4508 4762 4497 4774 4520 4764 4503 4768 4511 4774 4520 4768 4511 4766 4508 4774 4520 4755 4487 4773 4519 4774 4520 4773 4519 4764 4503 4783 4521 4781 4522 4782 4523 4776 4524 4780 4525 4781 4522 4776 4524 4781 4522 4783 4521 4779 4526 4780 4525 4776 4524 4778 4527 4779 4526 4776 4524 4777 4528 4778 4527 4776 4524 4775 4529 4777 4528 4776 4524 4790 4530 4784 4531 4777 4528 4790 4530 4777 4528 4775 4529 4791 4532 4785 4533 4784 4531 4791 4532 4784 4531 4790 4530 4787 4534 4786 4535 4785 4533 4788 4536 4785 4533 4791 4532 4788 4536 4787 4534 4785 4533 4789 4537 4788 4536 4791 4532 4800 4538 4793 4539 4794 4540 4799 4541 4793 4539 4800 4538 4810 4542 4792 4543 4793 4539 4810 4542 4804 4544 4792 4543 4810 4542 4805 4545 4804 4544 4810 4542 4806 4546 4805 4545 4811 4547 4798 4548 4797 4549 4811 4547 4799 4541 4798 4548 4811 4547 4793 4539 4799 4541 4811 4547 4810 4542 4793 4539 4811 4547 4806 4546 4810 4542 4812 4550 4807 4551 4806 4546 4812 4550 4806 4546 4811 4547 4812 4550 4811 4547 4797 4549 4813 4552 4812 4550 4797 4549 4813 4552 4807 4551 4812 4550 4814 4553 4802 4554 4801 4555 4814 4553 4808 4556 4807 4551 4814 4553 4809 4557 4808 4556 4814 4553 4801 4555 4809 4557 4814 4553 4807 4551 4813 4552 4815 4558 4797 4549 4796 4559 4815 4558 4814 4553 4813 4552 4815 4558 4813 4552 4797 4549 4815 4558 4802 4554 4814 4553 4816 4560 4796 4559 4795 4561 4816 4560 4803 4562 4802 4554 4816 4560 4795 4561 4803 4562 4816 4560 4815 4558 4796 4559 4816 4560 4802 4554 4815 4558 4825 4563 4820 4564 4819 4565 4825 4563 4824 4566 4820 4564 4822 4567 4819 4565 4818 4568 4822 4567 4825 4563 4819 4565 4823 4569 4822 4567 4818 4568 4817 4570 4823 4569 4818 4568 4821 4571 4823 4569 4817 4570 4845 4572 4837 4573 4838 4574 4845 4572 4838 4574 4839 4575 4846 4576 4844 4577 4837 4573 4846 4576 4837 4573 4845 4572 4847 4578 4839 4575 4840 4579 4847 4578 4840 4579 4841 4580 4847 4578 4845 4572 4839 4575 4848 4581 4846 4576 4845 4572 4849 4582 4845 4572 4847 4578 4849 4582 4848 4581 4845 4572 4850 4583 4847 4578 4841 4580 4850 4583 4849 4582 4847 4578 4851 4584 4841 4580 4842 4585 4851 4584 4842 4585 4843 4586 4851 4584 4850 4583 4841 4580 4852 4587 4851 4584 4843 4586 4853 4588 4836 4589 4835 4590 4853 4588 4843 4586 4836 4589 4853 4588 4835 4590 4852 4587 4853 4588 4852 4587 4843 4586 4854 4591 4833 4592 4844 4577 4855 4593 4857 4594 4856 4595 4855 4593 4834 4596 4857 4594 4858 4597 4828 4598 4829 4599 4858 4597 4829 4599 4830 4600 4858 4597 4830 4600 4831 4601 4858 4597 4831 4601 4832 4602 4858 4597 4832 4602 4833 4592 4858 4597 4833 4592 4854 4591 4859 4603 4828 4598 4858 4597 4859 4603 4858 4597 4854 4591 4860 4604 4827 4605 4828 4598 4860 4604 4857 4594 4834 4596 4860 4604 4828 4598 4859 4603 4860 4604 4859 4603 4857 4594 4861 4606 4826 4607 4827 4605 4861 4606 4834 4596 4826 4607 4861 4606 4827 4605 4860 4604 4861 4606 4860 4604 4834 4596 4862 4608 4844 4577 4846 4576 4862 4608 4849 4582 4850 4583 4862 4608 4848 4581 4849 4582 4862 4608 4846 4576 4848 4581 4862 4608 4850 4583 4856 4595 4863 4609 4862 4608 4856 4595 4863 4609 4844 4577 4862 4608 4864 4610 4844 4577 4863 4609 4865 4611 4856 4595 4857 4594 4865 4611 4863 4609 4856 4595 4865 4611 4857 4594 4864 4610 4865 4611 4864 4610 4863 4609 4866 4612 4854 4591 4844 4577 4866 4612 4844 4577 4864 4610 4866 4612 4857 4594 4859 4603 4866 4612 4859 4603 4854 4591 4866 4612 4864 4610 4857 4594 4867 4613 4835 4590 4834 4596 4867 4613 4851 4584 4852 4587 4867 4613 4850 4583 4851 4584 4867 4613 4852 4587 4835 4590 4867 4613 4856 4595 4850 4583 4867 4613 4834 4596 4855 4593 4867 4613 4855 4593 4856 4595 4882 4614 4877 4615 4878 4616 4875 4617 4878 4616 4874 4618 4875 4617 4881 4619 4882 4614 4875 4617 4882 4614 4878 4616 4876 4620 4880 4621 4881 4619 4876 4620 4881 4619 4875 4617 4872 4622 4879 4623 4880 4621 4872 4622 4880 4621 4876 4620 4873 4624 4879 4623 4872 4622 4883 4625 4868 4626 4869 4627 4883 4625 4869 4627 4870 4628 4883 4625 4870 4628 4871 4629 4883 4625 4873 4624 4868 4626 4883 4625 4871 4629 4879 4623 4883 4625 4879 4623 4873 4624 4888 4630 4892 4631 4890 4632 4889 4633 4891 4634 4892 4631 4889 4633 4892 4631 4888 4630 4885 4635 4884 4636 4891 4634 4886 4637 4891 4634 4889 4633 4886 4637 4885 4635 4891 4634 4887 4638 4886 4637 4889 4633 4894 4639 4909 4640 4895 4641 4910 4642 4906 4643 4907 4644 4910 4642 4907 4644 4908 4645 4910 4642 4908 4645 4909 4640 4910 4642 4909 4640 4894 4639 4911 4646 4894 4639 4893 4647 4911 4646 4902 4648 4901 4649 4911 4646 4893 4647 4902 4648 4912 4650 4900 4651 4899 4652 4912 4650 4901 4649 4900 4651 4912 4650 4911 4646 4901 4649 4912 4650 4894 4639 4911 4646 4912 4650 4910 4642 4894 4639 4913 4653 4898 4654 4897 4655 4913 4653 4903 4656 4904 4657 4913 4653 4904 4657 4905 4658 4914 4659 4897 4655 4896 4660 4914 4659 4896 4660 4903 4656 4914 4659 4903 4656 4913 4653 4914 4659 4913 4653 4897 4655 4915 4661 4905 4658 4906 4643 4915 4661 4913 4653 4905 4658 4915 4661 4906 4643 4910 4642 4916 4662 4899 4652 4898 4654 4916 4662 4912 4650 4899 4652 4916 4662 4898 4654 4913 4653 4916 4662 4915 4661 4910 4642 4916 4662 4913 4653 4915 4661 4916 4662 4910 4642 4912 4650 4927 4663 4926 4664 4931 4665 4925 4666 4924 4667 4927 4663 4925 4666 4931 4665 4930 4668 4925 4666 4927 4663 4931 4665 4923 4669 4930 4668 4929 4670 4923 4669 4925 4666 4930 4668 4922 4671 4929 4670 4928 4672 4922 4671 4923 4669 4929 4670 4921 4673 4922 4671 4928 4672 4919 4674 4928 4672 4920 4675 4919 4674 4921 4673 4928 4672 4918 4676 4921 4673 4919 4674 4917 4677 4921 4673 4918 4676 4935 4678 4943 4679 4936 4680 4949 4681 4932 4682 4933 4683 4949 4681 4944 4684 4932 4682 4950 4685 4944 4684 4949 4681 4951 4686 4945 4687 4944 4684 4951 4686 4944 4684 4950 4685 4952 4688 4946 4689 4945 4687 4952 4688 4945 4687 4951 4686 4953 4690 4933 4683 4934 4691 4953 4690 4940 4692 4939 4693 4953 4690 4934 4691 4940 4692 4954 4694 4942 4695 4941 4696 4954 4694 4947 4697 4946 4689 4954 4694 4948 4698 4947 4697 4954 4694 4941 4696 4948 4698 4954 4694 4946 4689 4952 4688 4955 4699 4942 4695 4954 4694 4955 4699 4954 4694 4952 4688 4956 4700 4939 4693 4938 4701 4956 4700 4953 4690 4939 4693 4957 4702 4937 4703 4936 4680 4957 4702 4938 4701 4937 4703 4957 4702 4956 4700 4938 4701 4958 4704 4943 4679 4942 4695 4958 4704 4957 4702 4936 4680 4958 4704 4942 4695 4955 4699 4958 4704 4936 4680 4943 4679 4959 4705 4951 4686 4950 4685 4959 4705 4950 4685 4949 4681 4959 4705 4949 4681 4933 4683 4960 4706 4952 4688 4951 4686 4960 4706 4951 4686 4959 4705 4960 4706 4933 4683 4953 4690 4960 4706 4955 4699 4952 4688 4960 4706 4953 4690 4956 4700 4960 4706 4956 4700 4957 4702 4960 4706 4957 4702 4958 4704 4960 4706 4958 4704 4955 4699 4960 4706 4959 4705 4933 4683 4966 4707 4961 4708 4967 4709 4964 4710 4963 4711 4966 4707 4965 4712 4964 4710 4966 4707 4968 4713 4962 4714 4961 4708 4968 4713 4963 4711 4962 4714 4968 4713 4961 4708 4966 4707 4968 4713 4966 4707 4963 4711 4988 4715 4987 4716 4986 4717 4970 4718 4969 4719 4993 4720 4974 4721 4980 4722 4973 4723 4979 4724 4971 4725 4978 4726 4972 4727 4971 4725 4979 4724 4994 4728 4985 4729 4984 4730 4994 4728 4986 4717 4985 4729 4994 4728 4989 4731 4988 4715 4994 4728 4988 4715 4986 4717 4995 4732 4984 4730 4983 4733 4995 4732 4994 4728 4984 4730 4996 4734 4990 4735 4989 4731 4996 4734 4994 4728 4995 4732 4996 4734 4989 4731 4994 4728 4997 4736 4983 4733 4982 4737 4997 4736 4995 4732 4983 4733 4997 4736 4990 4735 4996 4734 4997 4736 4996 4734 4995 4732 4998 4738 4981 4739 4980 4722 4998 4738 4982 4737 4981 4739 4998 4738 4980 4722 4974 4721 4998 4738 4997 4736 4982 4737 4999 4740 4974 4721 4975 4741 4999 4740 4997 4736 4998 4738 4999 4740 4990 4735 4997 4736 4999 4740 4998 4738 4974 4721 5000 4742 4991 4743 4990 4735 5000 4742 4992 4744 4991 4743 5000 4742 4990 4735 4999 4740 5001 4745 4971 4725 4970 4718 5001 4745 4993 4720 4992 4744 5001 4745 4970 4718 4993 4720 5001 4745 4992 4744 5000 4742 5002 4746 4975 4741 4976 4747 5002 4746 4976 4747 4977 4748 5002 4746 4977 4748 4978 4726 5002 4746 4999 4740 4975 4741 5002 4746 5000 4742 4999 4740 5002 4746 4971 4725 5001 4745 5002 4746 5001 4745 5000 4742 5002 4746 4978 4726 4971 4725 5007 4749 5006 4750 5005 4751 5009 4752 5005 4751 5004 4753 5009 4752 5007 4749 5005 4751 5010 4754 5004 4753 5003 4755 5010 4754 5009 4752 5004 4753 5008 4756 5009 4752 5010 4754 5035 4757 5038 4758 5036 4759 5037 4760 5038 4758 5035 4757 5024 4761 5011 4762 5012 4763 5024 4761 5012 4763 5013 4764 5039 4765 5034 4766 5033 4767 5039 4765 5035 4757 5034 4766 5039 4765 5037 4760 5035 4757 5040 4768 5015 4769 5016 4770 5040 4768 5016 4770 5017 4771 5040 4768 5017 4771 5037 4760 5040 4768 5039 4765 5033 4767 5040 4768 5037 4760 5039 4765 5041 4772 5033 4767 5032 4773 5041 4772 5040 4768 5033 4767 5042 4774 5013 4764 5014 4775 5042 4774 5014 4775 5015 4769 5042 4774 5040 4768 5041 4772 5042 4774 5015 4769 5040 4768 5043 4776 5042 4774 5041 4772 5044 4777 5032 4773 5031 4778 5044 4777 5041 4772 5032 4773 5045 4779 5043 4776 5041 4772 5046 4780 5022 4781 5023 4782 5046 4780 5023 4782 5024 4761 5046 4780 5042 4774 5043 4776 5046 4780 5024 4761 5013 4764 5046 4780 5043 4776 5045 4779 5046 4780 5013 4764 5042 4774 5047 4783 5045 4779 5041 4772 5047 4783 5041 4772 5044 4777 5048 4784 5021 4785 5022 4781 5048 4784 5045 4779 5047 4783 5048 4784 5046 4780 5045 4779 5048 4784 5022 4781 5046 4780 5049 4786 5048 4784 5047 4783 5049 4786 5047 4783 5044 4777 5050 4787 5028 4788 5027 4789 5050 4787 5029 4790 5028 4788 5050 4787 5030 4791 5029 4790 5050 4787 5031 4778 5030 4791 5050 4787 5044 4777 5031 4778 5051 4792 5049 4786 5044 4777 5051 4792 5050 4787 5027 4789 5051 4792 5044 4777 5050 4787 5052 4793 5020 4794 5021 4785 5052 4793 5021 4785 5048 4784 5052 4793 5048 4784 5049 4786 5052 4793 5049 4786 5051 4792 5053 4795 5026 4796 5025 4797 5053 4795 5027 4789 5026 4796 5053 4795 5051 4792 5027 4789 5053 4795 5052 4793 5051 4792 5054 4798 5018 4799 5019 4800 5054 4798 5019 4800 5020 4794 5054 4798 5025 4797 5018 4799 5054 4798 5053 4795 5025 4797 5054 4798 5020 4794 5052 4793 5054 4798 5052 4793 5053 4795 5063 4801 5061 4802 5060 4803 5064 4804 5060 4803 5059 4805 5064 4804 5063 4801 5060 4803 5065 4806 5059 4805 5058 4807 5065 4806 5064 4804 5059 4805 5066 4808 5058 4807 5057 4809 5066 4808 5065 4806 5058 4807 5067 4810 5057 4809 5056 4811 5067 4810 5066 4808 5057 4809 5068 4812 5067 4810 5056 4811 5069 4813 5056 4811 5055 4814 5069 4813 5068 4812 5056 4811 5062 4815 5069 4813 5055 4814 5075 4816 5078 4817 5079 4818 5075 4816 5079 4818 5074 4819 5071 4820 5075 4816 5070 4821 5071 4820 5078 4817 5075 4816 5072 4822 5077 4823 5078 4817 5072 4822 5078 4817 5071 4820 5080 4824 5072 4822 5073 4825 5080 4824 5076 4826 5077 4823 5080 4824 5073 4825 5076 4826 5080 4824 5077 4823 5072 4822 5101 4827 5094 4828 5095 4829 5101 4827 5095 4829 5096 4830 5101 4827 5096 4830 5097 4831 5102 4832 5093 4833 5094 4828 5102 4832 5100 4834 5093 4833 5102 4832 5094 4828 5101 4827 5103 4835 5102 4832 5101 4827 5104 4836 5097 4831 5098 4837 5104 4836 5103 4835 5101 4827 5104 4836 5101 4827 5097 4831 5105 4838 5098 4837 5099 4839 5105 4838 5104 4836 5098 4837 5106 4840 5105 4838 5099 4839 5107 4841 5104 4836 5105 4838 5108 4842 5092 4843 5091 4844 5108 4842 5099 4839 5092 4843 5108 4842 5106 4840 5099 4839 5108 4842 5091 4844 5106 4840 5109 4845 5088 4846 5089 4847 5109 4845 5089 4847 5100 4834 5110 4848 5085 4849 5086 4850 5110 4848 5086 4850 5087 4851 5110 4848 5087 4851 5088 4846 5110 4848 5088 4846 5109 4845 5110 4848 5109 4845 5111 4852 5110 4848 5111 4852 5112 4853 5113 4854 5091 4844 5090 4855 5113 4854 5106 4840 5091 4844 5113 4854 5107 4841 5105 4838 5113 4854 5105 4838 5106 4840 5113 4854 5114 4856 5107 4841 5115 4857 5083 4858 5084 4859 5115 4857 5084 4859 5085 4849 5115 4857 5085 4849 5110 4848 5115 4857 5110 4848 5112 4853 5116 4860 5083 4858 5115 4857 5116 4860 5114 4856 5113 4854 5116 4860 5115 4857 5112 4853 5117 4861 5081 4862 5082 4863 5117 4861 5082 4863 5083 4858 5117 4861 5090 4855 5081 4862 5117 4861 5113 4854 5090 4855 5117 4861 5083 4858 5116 4860 5117 4861 5116 4860 5113 4854 5118 4864 5104 4836 5107 4841 5118 4864 5100 4834 5102 4832 5118 4864 5103 4835 5104 4836 5118 4864 5102 4832 5103 4835 5119 4865 5100 4834 5118 4864 5120 4866 5100 4834 5119 4865 5121 4867 5118 4864 5107 4841 5121 4867 5107 4841 5114 4856 5121 4867 5119 4865 5118 4864 5121 4867 5120 4866 5119 4865 5122 4868 5109 4845 5100 4834 5122 4868 5111 4852 5109 4845 5122 4868 5112 4853 5111 4852 5122 4868 5114 4856 5116 4860 5122 4868 5116 4860 5112 4853 5122 4868 5100 4834 5120 4866 5122 4868 5121 4867 5114 4856 5122 4868 5120 4866 5121 4867 5128 4869 5134 4870 5127 4871 5128 4869 5139 4872 5134 4870 5129 4873 5138 4874 5139 4872 5129 4873 5139 4872 5128 4869 5130 4875 5137 4876 5138 4874 5130 4875 5138 4874 5129 4873 5125 4877 5126 4878 5135 4879 5123 4880 5124 4881 5133 4882 5140 4883 5124 4881 5125 4877 5140 4883 5130 4875 5131 4884 5140 4883 5131 4884 5132 4885 5140 4883 5132 4885 5133 4882 5140 4883 5135 4879 5136 4886 5140 4883 5136 4886 5137 4876 5140 4883 5137 4876 5130 4875 5140 4883 5125 4877 5135 4879 5140 4883 5133 4882 5124 4881 5158 4887 5153 4888 5152 4889 5158 4887 5154 4890 5153 4888 5158 4887 5155 4891 5154 4890 5158 4887 5156 4892 5155 4891 5158 4887 5157 4893 5156 4892 5159 4894 5158 4887 5152 4889 5160 4895 5150 4896 5149 4897 5160 4895 5151 4898 5150 4896 5160 4895 5152 4889 5151 4898 5160 4895 5159 4894 5152 4889 5161 4899 5158 4887 5159 4894 5162 4900 5149 4897 5148 4901 5163 4902 5142 4903 5143 4904 5163 4902 5143 4904 5144 4905 5163 4902 5165 4906 5164 4907 5166 4908 5141 4909 5142 4903 5166 4908 5148 4901 5141 4909 5166 4908 5142 4903 5163 4902 5166 4908 5163 4902 5164 4907 5167 4910 5157 4893 5158 4887 5167 4910 5158 4887 5161 4899 5168 4911 5161 4899 5162 4900 5168 4911 5162 4900 5169 4912 5168 4911 5167 4910 5161 4899 5170 4913 5169 4912 5165 4906 5170 4913 5168 4911 5169 4912 5170 4913 5157 4893 5167 4910 5170 4913 5167 4910 5168 4911 5171 4914 5161 4899 5159 4894 5172 4915 5160 4895 5149 4897 5172 4915 5159 4894 5160 4895 5172 4915 5171 4914 5159 4894 5173 4916 5172 4915 5149 4897 5173 4916 5171 4914 5172 4915 5174 4917 5149 4897 5162 4900 5174 4917 5162 4900 5161 4899 5174 4917 5173 4916 5149 4897 5174 4917 5161 4899 5171 4914 5174 4917 5171 4914 5173 4916 5175 4918 5165 4906 5169 4912 5176 4919 5144 4905 5145 4920 5176 4919 5145 4920 5146 4921 5176 4919 5146 4921 5147 4922 5176 4919 5147 4922 5157 4893 5176 4919 5170 4913 5165 4906 5176 4919 5163 4902 5144 4905 5176 4919 5165 4906 5163 4902 5176 4919 5157 4893 5170 4913 5177 4923 5162 4900 5148 4901 5177 4923 5169 4912 5162 4900 5177 4923 5175 4918 5169 4912 5178 4924 5148 4901 5166 4908 5178 4924 5164 4907 5165 4906 5178 4924 5165 4906 5175 4918 5178 4924 5166 4908 5164 4907 5178 4924 5177 4923 5148 4901 5178 4924 5175 4918 5177 4923 5197 4925 5181 4926 5180 4927 5197 4925 5191 4928 5181 4926 5198 4929 5192 4930 5191 4928 5198 4929 5193 4931 5192 4930 5198 4929 5191 4928 5197 4925 5199 4932 5198 4929 5197 4925 5200 4933 5194 4934 5193 4931 5200 4933 5195 4935 5194 4934 5200 4933 5193 4931 5198 4929 5201 4936 5200 4933 5198 4929 5201 4936 5198 4929 5199 4932 5202 4937 5200 4933 5201 4936 5202 4937 5195 4935 5200 4933 5203 4938 5180 4927 5179 4939 5203 4938 5179 4939 5182 4940 5204 4941 5196 4942 5195 4935 5204 4941 5195 4935 5202 4937 5204 4941 5205 4943 5189 4944 5204 4941 5202 4937 5205 4943 5206 4945 5182 4940 5183 4946 5206 4945 5183 4946 5184 4947 5206 4945 5184 4947 5185 4948 5206 4945 5207 4949 5203 4938 5206 4945 5203 4938 5182 4940 5208 4950 5189 4944 5190 4951 5208 4950 5190 4951 5196 4942 5208 4950 5204 4941 5189 4944 5208 4950 5196 4942 5204 4941 5209 4952 5185 4948 5186 4953 5209 4952 5206 4945 5185 4948 5209 4952 5207 4949 5206 4945 5210 4954 5186 4953 5187 4955 5210 4954 5189 4944 5205 4943 5210 4954 5209 4952 5186 4953 5210 4954 5205 4943 5209 4952 5211 4956 5210 4954 5187 4955 5211 4956 5189 4944 5210 4954 5212 4957 5187 4955 5188 4958 5212 4957 5188 4958 5189 4944 5212 4957 5211 4956 5187 4955 5212 4957 5189 4944 5211 4956 5213 4959 5202 4937 5201 4936 5213 4959 5199 4932 5197 4925 5213 4959 5201 4936 5199 4932 5213 4959 5197 4925 5180 4927 5213 4959 5205 4943 5202 4937 5214 4960 5213 4959 5180 4927 5214 4960 5205 4943 5213 4959 5215 4961 5180 4927 5203 4938 5215 4961 5203 4938 5207 4949 5215 4961 5209 4952 5205 4943 5215 4961 5207 4949 5209 4952 5215 4961 5214 4960 5180 4927 5215 4961 5205 4943 5214 4960 5227 4962 5226 4963 5225 4964 5220 4965 5225 4964 5224 4966 5220 4965 5227 4962 5225 4964 5223 4967 5220 4965 5224 4966 5222 4968 5220 4965 5223 4967 5221 4969 5220 4965 5222 4968 5216 4970 5220 4965 5221 4969 5217 4971 5221 4969 5228 4972 5217 4971 5216 4970 5221 4969 5218 4973 5228 4972 5229 4974 5218 4973 5217 4971 5228 4972 5231 4975 5229 4974 5230 4976 5232 4977 5218 4973 5229 4974 5232 4977 5229 4974 5231 4975 5219 4978 5218 4973 5232 4977 5238 4979 5239 4980 5250 4981 5237 4982 5238 4979 5250 4981 5251 4983 5243 4984 5244 4985 5251 4983 5244 4985 5245 4986 5251 4983 5245 4986 5246 4987 5251 4983 5250 4981 5243 4984 5252 4988 5235 4989 5236 4990 5252 4988 5236 4990 5237 4982 5252 4988 5250 4981 5251 4983 5252 4988 5237 4982 5250 4981 5252 4988 5251 4983 5246 4987 5253 4991 5246 4987 5247 4992 5253 4991 5252 4988 5246 4987 5253 4991 5235 4989 5252 4988 5254 4993 5235 4989 5253 4991 5254 4993 5253 4991 5247 4992 5255 4994 5240 4995 5241 4996 5255 4994 5247 4992 5248 4997 5255 4994 5248 4997 5249 4998 5255 4994 5249 4998 5240 4995 5255 4994 5254 4993 5247 4992 5256 4999 5234 5000 5235 4989 5256 4999 5254 4993 5255 4994 5256 4999 5235 4989 5254 4993 5256 4999 5255 4994 5241 4996 5257 5001 5233 5002 5234 5000 5257 5001 5241 4996 5242 5003 5257 5001 5242 5003 5233 5002 5257 5001 5234 5000 5256 4999 5257 5001 5256 4999 5241 4996 5263 5004 5264 5005 5262 5006 5263 5004 5266 5007 5264 5005 5260 5008 5265 5009 5266 5007 5260 5008 5266 5007 5263 5004 5261 5010 5265 5009 5260 5008 5259 5011 5265 5009 5261 5010 5258 5012 5259 5011 5261 5010 5286 5013 5280 5014 5267 5015 5286 5013 5281 5016 5280 5014 5287 5017 5267 5015 5268 5018 5287 5017 5286 5013 5267 5015 5288 5019 5282 5020 5281 5016 5288 5019 5283 5021 5282 5020 5288 5019 5281 5016 5286 5013 5289 5022 5286 5013 5287 5017 5290 5023 5288 5019 5286 5013 5290 5023 5286 5013 5289 5022 5291 5024 5283 5021 5288 5019 5291 5024 5288 5019 5290 5023 5292 5025 5284 5026 5283 5021 5292 5025 5285 5027 5284 5026 5292 5025 5283 5021 5291 5024 5293 5028 5285 5027 5292 5025 5294 5029 5278 5030 5279 5031 5294 5029 5279 5031 5285 5027 5294 5029 5293 5028 5278 5030 5294 5029 5285 5027 5293 5028 5295 5032 5268 5018 5269 5033 5296 5034 5297 5035 5298 5036 5296 5034 5298 5036 5277 5037 5299 5038 5273 5039 5272 5040 5299 5038 5274 5041 5273 5039 5299 5038 5275 5042 5274 5041 5299 5038 5276 5043 5275 5042 5299 5038 5269 5033 5276 5043 5299 5038 5295 5032 5269 5033 5300 5044 5299 5038 5272 5040 5300 5044 5295 5032 5299 5038 5301 5045 5272 5040 5271 5046 5301 5045 5277 5037 5298 5036 5301 5045 5300 5044 5272 5040 5301 5045 5298 5036 5300 5044 5302 5047 5271 5046 5270 5048 5302 5047 5270 5048 5277 5037 5302 5047 5301 5045 5271 5046 5302 5047 5277 5037 5301 5045 5303 5049 5291 5024 5290 5023 5303 5049 5287 5017 5268 5018 5303 5049 5290 5023 5289 5022 5303 5049 5289 5022 5287 5017 5303 5049 5297 5035 5291 5024 5304 5050 5303 5049 5268 5018 5304 5050 5297 5035 5303 5049 5305 5051 5304 5050 5268 5018 5306 5052 5298 5036 5297 5035 5306 5052 5297 5035 5304 5050 5306 5052 5305 5051 5298 5036 5306 5052 5304 5050 5305 5051 5307 5053 5268 5018 5295 5032 5307 5053 5305 5051 5268 5018 5307 5053 5300 5044 5298 5036 5307 5053 5295 5032 5300 5044 5307 5053 5298 5036 5305 5051 5308 5054 5277 5037 5278 5030 5308 5054 5293 5028 5292 5025 5308 5054 5292 5025 5291 5024 5308 5054 5278 5030 5293 5028 5308 5054 5291 5024 5297 5035 5308 5054 5296 5034 5277 5037 5308 5054 5297 5035 5296 5034 5313 5055 5323 5056 5314 5057 5321 5058 5313 5055 5312 5059 5321 5058 5320 5060 5323 5056 5321 5058 5323 5056 5313 5055 5322 5061 5312 5059 5311 5062 5322 5061 5321 5058 5312 5059 5318 5063 5311 5062 5310 5064 5318 5063 5322 5061 5311 5062 5319 5065 5318 5063 5310 5064 5324 5066 5310 5064 5309 5067 5324 5066 5316 5068 5315 5069 5324 5066 5317 5070 5316 5068 5324 5066 5309 5067 5317 5070 5324 5066 5315 5069 5319 5065 5324 5066 5319 5065 5310 5064 5332 5071 5328 5072 5327 5073 5333 5074 5327 5073 5326 5075 5333 5074 5332 5071 5327 5073 5329 5076 5326 5075 5325 5077 5330 5078 5333 5074 5326 5075 5330 5078 5326 5075 5329 5076 5331 5079 5333 5074 5330 5078 5350 5080 5349 5081 5348 5082 5351 5083 5346 5084 5345 5085 5351 5083 5347 5086 5346 5084 5351 5083 5348 5082 5347 5086 5351 5083 5350 5080 5348 5082 5352 5087 5339 5088 5340 5089 5352 5087 5340 5089 5341 5090 5352 5087 5341 5090 5350 5080 5353 5091 5337 5092 5338 5093 5353 5091 5338 5093 5339 5088 5353 5091 5352 5087 5350 5080 5353 5091 5339 5088 5352 5087 5353 5091 5350 5080 5351 5083 5354 5094 5335 5095 5336 5096 5354 5094 5343 5097 5342 5098 5354 5094 5344 5099 5343 5097 5355 5100 5334 5101 5335 5095 5355 5100 5342 5098 5334 5101 5355 5100 5354 5094 5342 5098 5355 5100 5335 5095 5354 5094 5356 5102 5345 5085 5344 5099 5356 5102 5344 5099 5354 5094 5356 5102 5351 5083 5345 5085 5357 5103 5336 5096 5337 5092 5357 5103 5337 5092 5353 5091 5357 5103 5354 5094 5336 5096 5357 5103 5351 5083 5356 5102 5357 5103 5356 5102 5354 5094 5357 5103 5353 5091 5351 5083 5365 5104 5370 5105 5364 5106 5363 5107 5365 5104 5362 5108 5363 5107 5369 5109 5370 5105 5363 5107 5370 5105 5365 5104 5361 5110 5368 5111 5369 5109 5361 5110 5369 5109 5363 5107 5360 5112 5367 5113 5368 5111 5360 5112 5368 5111 5361 5110 5359 5114 5367 5113 5360 5112 5372 5115 5366 5116 5367 5113 5372 5115 5367 5113 5359 5114 5371 5117 5372 5115 5359 5114 5358 5118 5371 5117 5359 5114 5373 5119 5374 5120 5382 5121 5390 5122 5383 5123 5384 5124 5390 5122 5389 5125 5383 5123 5391 5126 5390 5122 5384 5124 5392 5127 5384 5124 5385 5128 5392 5127 5391 5126 5384 5124 5393 5129 5385 5128 5386 5130 5393 5129 5392 5127 5385 5128 5394 5131 5377 5132 5378 5133 5394 5131 5378 5133 5379 5134 5394 5131 5379 5134 5389 5125 5395 5135 5380 5136 5381 5137 5395 5135 5386 5130 5387 5138 5395 5135 5387 5138 5388 5139 5395 5135 5388 5139 5380 5136 5395 5135 5393 5129 5386 5130 5396 5140 5395 5135 5381 5137 5396 5140 5393 5129 5395 5135 5397 5141 5376 5142 5377 5132 5397 5141 5377 5132 5394 5131 5398 5143 5374 5120 5375 5144 5398 5143 5375 5144 5376 5142 5398 5143 5376 5142 5397 5141 5399 5145 5381 5137 5382 5121 5399 5145 5374 5120 5398 5143 5399 5145 5396 5140 5381 5137 5399 5145 5382 5121 5374 5120 5400 5146 5391 5126 5392 5127 5400 5146 5390 5122 5391 5126 5400 5146 5389 5125 5390 5122 5401 5147 5400 5146 5392 5127 5401 5147 5392 5127 5393 5129 5401 5147 5394 5131 5389 5125 5401 5147 5393 5129 5396 5140 5401 5147 5397 5141 5394 5131 5401 5147 5398 5143 5397 5141 5401 5147 5399 5145 5398 5143 5401 5147 5396 5140 5399 5145 5401 5147 5389 5125 5400 5146</p>
        </triangles>
      </mesh>
    </geometry>
  </library_geometries>
  <library_visual_scenes>
    <visual_scene id="Scene" name="Scene">
      <node id="index_intermediate" name="index_intermediate" type="NODE">
        <matrix sid="transform">1 0 0 0 0 1 0 0 0 0 1 0 0 0 0 1</matrix>
        <instance_geometry url="#index_intermediate-mesh" name="index_intermediate">
          <bind_material>
            <technique_common>
              <instance_material symbol="white_plastic-material" target="#white_plastic-material"/>
              <instance_material symbol="metal-material" target="#metal-material"/>
              <instance_material symbol="black_plastic-material" target="#black_plastic-material"/>
            </technique_common>
          </bind_material>
        </instance_geometry>
      </node>
    </visual_scene>
  </library_visual_scenes>
  <scene>
    <instance_visual_scene url="#Scene"/>
  </scene>
</COLLADA>