<?xml version="1.0" encoding="utf-8"?>
<COLLADA xmlns="http://www.collada.org/2005/11/COLLADASchema" version="1.4.1" xmlns:xsi="http://www.w3.org/2001/XMLSchema-instance">
  <asset>
    <contributor>
      <author>Blender User</author>
      <authoring_tool>Blender 3.0.1</authoring_tool>
    </contributor>
    <created>2025-08-11T13:02:23</created>
    <modified>2025-08-11T13:02:23</modified>
    <unit name="meter" meter="1"/>
    <up_axis>Z_UP</up_axis>
  </asset>
  <library_effects>
    <effect id="white_plastic-effect">
      <profile_COMMON>
        <technique sid="common">
          <lambert>
            <emission>
              <color sid="emission">0 0 0 1</color>
            </emission>
            <diffuse>
              <color sid="diffuse">1 1 1 1</color>
            </diffuse>
            <reflectivity>
              <float sid="specular">0.2</float>
            </reflectivity>
            <index_of_refraction>
              <float sid="ior">1.45</float>
            </index_of_refraction>
          </lambert>
        </technique>
      </profile_COMMON>
    </effect>
    <effect id="black_plastic-effect">
      <profile_COMMON>
        <technique sid="common">
          <lambert>
            <emission>
              <color sid="emission">0 0 0 1</color>
            </emission>
            <diffuse>
              <color sid="diffuse">0.01434867 0.01434867 0.01434867 1</color>
            </diffuse>
            <reflectivity>
              <float sid="specular">0.2</float>
            </reflectivity>
            <index_of_refraction>
              <float sid="ior">1.45</float>
            </index_of_refraction>
          </lambert>
        </technique>
      </profile_COMMON>
    </effect>
  </library_effects>
  <library_images/>
  <library_materials>
    <material id="white_plastic-material" name="white_plastic">
      <instance_effect url="#white_plastic-effect"/>
    </material>
    <material id="black_plastic-material" name="black_plastic">
      <instance_effect url="#black_plastic-effect"/>
    </material>
  </library_materials>
  <library_geometries>
    <geometry id="¾µв3_3_1-mesh" name="¾µв3(3)1">
      <mesh>
        <source id="¾µв3_3_1-mesh-positions">
          <float_array id="¾µв3_3_1-mesh-positions-array" count="8595">0.009129226 0.002420604 0.01540356 0.009140074 0.002282977 0.0153858 0.00914067 0.002147972 0.01535171 0.009131133 0.002018272 0.01530206 0.009151577 0.002113759 0.01533198 0.009166419 0.002212405 0.01535373 0.009175539 0.002313256 0.01536709 0.009145557 0.002384722 0.01539283 0.009160995 0.002348959 0.01538062 0.002922534 0.00270462 0.01665723 0.002928197 0.00270462 0.01665341 0.002933859 0.00270462 0.01664978 0.002939701 0.00270462 0.01664614 0.002922534 0.01190459 0.01665723 0.002939701 0.01190459 0.01664614 0.002933859 0.01190459 0.01664978 0.002928197 0.01190459 0.01665341 0.002939701 0.01190459 0.01664614 0.002933859 0.01190459 0.01664978 0.002928197 0.01190459 0.01665341 0.002922534 0.01190459 0.01665723 0.002913534 0.01234966 0.01660335 0.002836525 0.01277238 0.01647704 0.002712488 0.01315158 0.01627361 0.002547621 0.01346826 0.01600325 0.002350151 0.01370656 0.01567947 0.002130091 0.0138545 0.01531857 0.001898407 0.01390463 0.01493859 0.00179547 0.01390463 0.01500505 0.001829385 0.01390463 0.01498234 0.001863718 0.01390463 0.01496016 0.002046227 0.0138545 0.01537269 0.002284467 0.01370656 0.01572191 0.002498149 0.01346826 0.01603513 0.002676606 0.01315158 0.0162968 0.002810895 0.01277238 0.01649361 0.002894282 0.01234966 0.0166158 0.002101838 0.0138545 0.01533615 0.002073884 0.0138545 0.01535415 0.002328038 0.01370656 0.01569324 0.002306163 0.01370656 0.01570737 0.002530932 0.01346826 0.01601362 0.002514481 0.01346826 0.01602423 0.002700388 0.01315158 0.01628112 0.002688467 0.01315158 0.01628887 0.002827882 0.01277238 0.01648241 0.002819359 0.01277238 0.01648795 0.002907037 0.01234966 0.0166074 0.0029006 0.01234966 0.01661157 0.001898407 7.04651e-4 0.01493859 0.001863718 7.04651e-4 0.01496016 0.001829385 7.04651e-4 0.01498228 0.00179547 7.04651e-4 0.01500505 0.002130091 7.54795e-4 0.01531857 0.002350151 9.02713e-4 0.01567947 0.002547621 0.001140952 0.01600325 0.002712488 0.001457631 0.01627361 0.002836525 0.001836836 0.01647704 0.002913534 0.002259552 0.01660335 0.002939701 0.00270462 0.01664614 0.002922534 0.00270462 0.01665723 0.002928197 0.00270462 0.01665341 0.002933859 0.00270462 0.01664978 0.002894282 0.002259552 0.0166158 0.002810895 0.001836836 0.01649361 0.002676606 0.001457631 0.01629674 0.002498149 0.001140952 0.01603513 0.002284467 9.02713e-4 0.01572191 0.002046227 7.54795e-4 0.01537269 0.002907037 0.002259552 0.0166074 0.0029006 0.002259552 0.01661151 0.002827882 0.001836836 0.01648241 0.002819359 0.001836836 0.01648795 0.002700388 0.001457631 0.01628112 0.002688467 0.001457631 0.01628887 0.002530932 0.001140952 0.01601362 0.002514481 0.001140952 0.01602423 0.002328038 9.02713e-4 0.01569324 0.002306163 9.02713e-4 0.01570737 0.002101838 7.54795e-4 0.01533615 0.002073884 7.54795e-4 0.01535415 0.01042354 -6.95985e-4 0.004588127 0.01038914 -7.15732e-4 0.004558205 0.01042354 -7.05151e-4 0.004588127 0.01037877 -7.18981e-4 0.004558682 0.01038914 -7.15732e-4 0.004558205 0.01042354 -6.95985e-4 0.004588127 0.01038914 0.015325 0.004558205 0.01042354 0.01531445 0.004588127 0.01042354 0.01530528 0.004588127 0.01037877 0.01532828 0.004558682 0.01042354 0.01530528 0.004588127 0.01038914 0.015325 0.004558205 0.001898407 7.04651e-4 0.01493859 0.002130091 7.54795e-4 0.01531857 0.002350151 9.02713e-4 0.01567947 0.002547621 0.001140952 0.01600325 0.002712488 0.001457631 0.01627361 0.002836525 0.001836836 0.01647704 0.002913534 0.002259552 0.01660335 0.002939701 0.00270462 0.01664614 0.00259763 7.04652e-4 0.01434886 0.00238502 7.04651e-4 0.01456892 0.002151131 7.04651e-4 0.01476621 0.004105031 0.00270462 0.01566326 0.004067242 0.002259552 0.0156303 0.003955781 0.001836836 0.01553308 0.003776192 0.001457631 0.0153765 0.003537476 0.001140952 0.01516836 0.003251671 9.02714e-4 0.01491916 0.002933025 7.54796e-4 0.01464134 0.003360927 0.00270462 0.01635879 0.003750741 0.00270462 0.01603001 0.002420365 7.54795e-4 0.01512056 0.002688944 7.54795e-4 0.01489406 0.002676069 9.02713e-4 0.01545721 0.002977609 9.02713e-4 0.01520287 0.002905428 0.001140952 0.01575917 0.003236532 0.001140952 0.01547992 0.003096997 0.001457631 0.01601135 0.003452777 0.001457631 0.01571124 0.003241121 0.001836836 0.01620107 0.003615498 0.001836836 0.01588535 0.003330588 0.002259552 0.01631885 0.003716528 0.002259552 0.01599341 0.009129226 0.002420604 0.01540356 0.006208837 0.001895844 0.01679462 0.00304836 0.001143515 0.01761209 -1.80248e-4 2.04651e-4 0.01781135 0.001242816 -1.64728e-4 0.0174331 8.87282e-4 -7.17351e-5 0.01762944 5.02639e-4 2.77199e-5 0.01774913 1.63831e-4 1.15267e-4 0.01780176 0.001704216 -2.12931e-4 0.01705014 0.001475095 -2.07576e-4 0.01725256 0.004211664 5.03368e-4 0.01669013 0.006645739 0.001082599 0.01593291 0.008914887 0.00150305 0.01480704 0.009131133 0.002018272 0.01530206 0.009101867 0.001853406 0.01521021 0.00905478 0.001709222 0.01509416 0.008991718 0.001591026 0.01495814 0.009140074 0.002282977 0.0153858 0.00914067 0.002147972 0.01535171 0.004707753 9.76264e-4 0.01707285 0.007952928 0.001675665 0.01585322 0.007941961 0.001615762 0.01580876 0.006506681 0.001390635 0.01649212 0.003704726 7.18865e-4 0.01730203 0.002404987 3.59016e-4 0.01750439 0.002274096 4.1369e-4 0.01757907 0.01459151 0.01074713 0.01016759 0.01447075 0.007304668 0.01034855 0.01459151 0.003862142 0.01016759 0.009129226 0.01218861 0.01540356 0.01123529 0.01062816 0.01391345 0.01206254 0.009678184 0.01318168 0.01239866 0.009365975 0.01285547 0.01269775 0.009197473 0.0125494 0.01295644 0.009141802 0.01227182 0.01316809 0.009163081 0.01203519 0.01343709 0.009284079 0.01172107 0.01375436 0.009574294 0.01132971 0.01417434 0.01018464 0.01077258 -1.80248e-4 0.01440465 0.01781135 0.00304836 0.0134657 0.01761209 0.006208837 0.01271343 0.01679462 -0.01170939 0.01440465 0.01276111 -0.009242057 0.01440465 0.0148279 -0.006429433 0.01440465 0.01639258 -0.003372251 0.01440465 0.01739907 -0.01170939 0.01390463 0.01276111 8.94528e-4 0.01390463 0.0178135 -0.002582132 0.01390463 0.01755887 -0.005933761 0.01390463 0.01660037 -0.009019434 0.01390463 0.0149784 0.002723634 0.01309823 0.01766026 0.00218743 0.01351308 0.01772582 0.001635313 0.01378011 0.01777541 0.001271784 0.01387262 0.01779818 0.003327608 0.01190459 0.01756548 0.003293275 0.01220458 0.0175715 0.003194451 0.01248991 0.01758831 0.003042161 0.01275014 0.01761305 0.002893507 0.01293307 0.01763582 0.003327608 0.00270462 0.01756548 0.002723634 0.001511037 0.01766026 0.003033876 0.001847922 0.01761436 0.003217577 0.002171397 0.01758444 0.003299415 0.002432703 0.01757043 8.94528e-4 7.0465e-4 0.0178135 0.001445531 7.73101e-4 0.01778829 0.001963078 9.68068e-4 0.01774817 0.00236082 0.001214563 0.01770651 -0.002582132 7.04651e-4 0.01755887 -0.005933761 7.04651e-4 0.01660037 -0.009019434 7.04651e-4 0.0149784 -0.01170939 7.04652e-4 0.01276111 -0.01170939 2.04652e-4 0.01276111 -1.80248e-4 2.04651e-4 0.01781135 -0.003372251 2.04651e-4 0.01739907 -0.006429433 2.04651e-4 0.01639252 -0.009242057 2.04651e-4 0.01482784 0.009129226 0.002420604 0.01540356 0.006208837 0.001895844 0.01679462 0.00304836 0.001143515 0.01761209 0.01376706 0.005019783 0.01131355 0.01357263 0.005221724 0.0115568 0.01337349 0.005363583 0.01179671 0.01317322 0.005444884 0.01202934 0.01291602 0.005464553 0.01231604 0.01267689 0.005403399 0.01257127 0.01236522 0.00521785 0.01288872 0.01190048 0.004739105 0.01333272 0.01063442 0.003448307 0.01438868 0.002934515 0.00270462 0.01732599 0.002910375 0.002281486 0.01736426 0.002839028 0.001877546 0.01747739 0.002723634 0.001511037 0.01766026 8.94528e-4 7.0465e-4 0.0178135 0.001445531 7.73101e-4 0.01778829 0.001963078 9.68068e-4 0.01774817 0.00236082 0.001214563 0.01770651 0.00179547 7.04651e-4 0.01500505 0.00139445 7.04651e-4 0.01534897 0.001078426 7.04651e-4 0.01577234 8.62669e-4 7.04651e-4 0.01625454 7.57638e-4 7.04651e-4 0.01677232 7.6843e-4 7.04651e-4 0.01730048 0.002922534 0.00270462 0.01665723 0.002894282 0.002259552 0.0166158 0.002810895 0.001836836 0.01649361 0.002676606 0.001457631 0.01629674 0.002498149 0.001140952 0.01603513 0.002284467 9.02713e-4 0.01572191 0.002046227 7.54795e-4 0.01537269 0.002858161 0.00270462 0.01726341 0.002799391 0.00270462 0.01718395 0.00276196 0.00270462 0.01709258 0.002748012 0.00270462 0.01699483 0.002758443 0.00270462 0.01689666 0.002792596 0.00270462 0.01680397 0.002848446 0.00270462 0.0167225 0.002822637 0.002281486 0.01668363 0.002763986 0.002281486 0.01676219 0.002724885 0.001877546 0.01659232 0.002723932 0.002281486 0.01685166 0.002648651 0.001877546 0.01669442 0.002704441 0.002281486 0.01694768 0.002566933 0.001511037 0.01644468 0.002702713 0.002281486 0.01699566 0.002596557 0.001877546 0.01681077 0.002706468 0.002281486 0.01704573 0.002462208 0.001511037 0.01658499 0.002369105 0.001214563 0.01625984 0.002571225 0.001877546 0.0169357 0.002718269 0.002281486 0.0171045 0.002569019 0.001877546 0.01699805 0.002390742 0.001511037 0.01674473 0.002744972 0.002281486 0.01717716 0.002228736 0.001214563 0.01644784 0.002573847 0.001877546 0.01706314 0.002773225 0.002281486 0.01722818 0.002119302 9.68063e-4 0.01602637 0.002355933 0.001511037 0.01691633 0.002589166 0.001877546 0.01713955 0.002132892 0.001214563 0.01666206 0.002352833 0.001511037 0.01700192 0.00281912 0.002281486 0.01728796 0.002623975 0.001877546 0.01723408 0.001933872 9.68063e-4 0.01627469 0.002359509 0.001511037 0.01709133 0.002086281 0.001214563 0.01689201 0.002660632 0.001877546 0.01730042 0.002380549 0.001511037 0.01719629 0.001773476 7.731e-4 0.0157032 0.002082109 0.001214563 0.01700681 0.001807332 9.68063e-4 0.01655757 0.002720355 0.001877546 0.01737815 0.002428293 0.001511037 0.01732605 0.00209105 0.001214563 0.01712661 0.001525759 7.731e-4 0.01603502 0.0017457 9.68062e-4 0.01686131 0.002478718 0.001511037 0.01741719 0.002119302 0.001214563 0.01726734 0.001740276 9.68062e-4 0.01701295 0.002560734 0.001511037 0.01752394 0.001356601 7.731e-4 0.01641303 0.002183318 0.001214563 0.01744133 0.001752018 9.68062e-4 0.0171712 0.00225085 0.001214563 0.01756346 0.001789331 9.68062e-4 0.01735705 0.001274287 7.731e-4 0.01681888 0.001267015 7.731e-4 0.01702141 0.00187391 9.68062e-4 0.01758682 0.001282751 7.73099e-4 0.01723289 0.001332581 7.73099e-4 0.0174812 0.002723634 0.01309823 0.01766026 0.00218743 0.01351308 0.01772582 0.001635313 0.01378011 0.01777541 0.001271784 0.01387262 0.01779818 8.94528e-4 0.01390463 0.0178135 0.002934515 0.01190459 0.01732599 0.002910375 0.01232773 0.01736426 0.002839028 0.01273167 0.01747739 0.002922534 0.01190459 0.01665723 0.002848446 0.01190459 0.01672255 0.002792596 0.01190459 0.01680397 0.002758443 0.01190459 0.01689666 0.002748012 0.01190459 0.01699483 0.00276196 0.01190459 0.01709264 0.002799391 0.01190459 0.01718395 0.002858161 0.01190459 0.01726341 0.00179547 0.01390463 0.01500505 0.002046227 0.0138545 0.01537269 0.002284467 0.01370656 0.01572191 0.002498149 0.01346826 0.01603513 0.002676606 0.01315158 0.0162968 0.002810895 0.01277238 0.01649361 0.002894282 0.01234966 0.0166158 7.6843e-4 0.01390463 0.01730048 7.57638e-4 0.01390463 0.01677232 8.62669e-4 0.01390463 0.01625454 0.001078426 0.01390463 0.01577234 0.00139445 0.01390463 0.01534897 0.001654744 0.01387262 0.01559221 0.001385629 0.01387262 0.0159527 0.001901924 0.01378011 0.01582324 0.001201868 0.01387262 0.01636338 0.001677334 0.01378011 0.01612406 0.001112401 0.01387262 0.01680427 0.001524031 0.01378011 0.01646673 0.00226289 0.01351308 0.01616054 0.001104533 0.01387262 0.01702433 0.00112164 0.01387262 0.01725405 0.001449406 0.01378011 0.01683461 0.002103388 0.01351308 0.01637423 0.001175761 0.01387262 0.01752388 0.00144279 0.01378011 0.01701825 0.002536892 0.01315158 0.0164166 0.001457035 0.01378011 0.01720994 0.001994431 0.01351308 0.01661765 0.001502275 0.01378011 0.01743507 0.002426743 0.01315158 0.01656413 0.001941442 0.01351308 0.01687896 0.001582324 0.01378011 0.01766401 0.001936733 0.01351308 0.01700937 0.002710998 0.01277238 0.01657932 0.002351582 0.01315158 0.01673221 0.001946866 0.01351308 0.01714557 0.0026322 0.01277238 0.01668483 0.001978993 0.01351308 0.01730549 0.002314984 0.01315158 0.01691263 0.002819061 0.01234966 0.0166803 0.002035856 0.01351308 0.01746809 0.002311706 0.01315158 0.0170027 0.002578437 0.01277238 0.01680499 0.00209248 0.01351308 0.01758217 0.002318739 0.01315158 0.01709669 0.002759754 0.01234966 0.01675969 0.002340912 0.01315158 0.01720708 0.00255227 0.01277238 0.01693397 0.002549946 0.01277238 0.01699841 0.002719283 0.01234966 0.01685017 0.002380192 0.01315158 0.01731932 0.002554953 0.01277238 0.01706564 0.002419233 0.01315158 0.01739811 0.002570807 0.01277238 0.01714456 0.002699613 0.01234966 0.01694726 0.002484798 0.01315158 0.0174973 0.002697885 0.01234966 0.01699572 0.002542018 0.01315158 0.01756417 0.002598881 0.01277238 0.01722484 0.00270164 0.01234966 0.01704633 0.002626836 0.01277238 0.01728117 0.002713561 0.01234966 0.01710575 0.002673745 0.01277238 0.0173521 0.002714633 0.01277238 0.0173999 0.00273472 0.01234966 0.01716619 0.002755701 0.01234966 0.01720857 0.002790987 0.01234966 0.01726198 0.002821803 0.01234966 0.01729792 -1.80248e-4 2.04651e-4 0.01781135 -0.003372251 2.04651e-4 0.01739907 -0.006429433 2.04651e-4 0.01639252 -0.009242057 2.04651e-4 0.01482784 -0.01170939 2.04652e-4 0.01276111 -0.01170861 1.29451e-4 0.01275372 -0.01170629 5.74049e-5 0.01273256 -0.01170265 -9.74117e-6 0.01269906 -0.01169782 -7.04247e-5 0.01265519 -0.01169192 -1.2407e-4 0.01260286 -0.01168274 -1.84199e-4 0.01252281 -0.01167094 -2.35953e-4 0.01242363 -0.01165789 -2.71306e-4 0.01231777 -0.01164549 -2.89401e-4 0.0122199 -0.01163244 -2.95348e-4 0.01212024 -0.009205639 -2.95349e-4 0.0142427 -0.006412506 -2.95349e-4 0.01585274 -0.003359556 -2.95349e-4 0.01688891 -1.63432e-4 -2.95349e-4 0.01731163 -1.79827e-4 9.33902e-5 0.01779884 -1.78587e-4 -1.22911e-5 0.01776188 -1.76582e-4 -1.07094e-4 0.01770234 -1.73919e-4 -1.86265e-4 0.01762318 -1.7073e-4 -2.45834e-4 0.01752847 -1.67176e-4 -2.82813e-4 0.01742285 -0.01144516 -2.82812e-4 0.01247543 -0.01152044 -2.45832e-4 0.01254957 -0.01158803 -1.86264e-4 0.01261609 -0.01163434 -1.24073e-4 0.01266169 -0.01168686 -1.22897e-5 0.01271343 -0.00927037 -2.82813e-4 0.01433318 -0.009331822 -2.45833e-4 0.01441919 -0.009387016 -1.86265e-4 0.01449632 -0.009424805 -1.24074e-4 0.01454919 -0.009467661 -1.22907e-5 0.01460915 -0.009489178 9.33907e-5 0.01463925 -0.006458401 -2.82813e-4 0.01595413 -0.006501972 -2.45833e-4 0.01605039 -0.006541073 -1.86265e-4 0.01613676 -0.006567835 -1.24074e-4 0.01619601 -0.006598234 -1.22907e-5 0.01626318 -0.006613492 9.33907e-5 0.01629686 -0.003384828 -2.82813e-4 0.01699727 -0.003408849 -2.45834e-4 0.01710021 -0.003430426 -1.86265e-4 0.01719248 -0.003445208 -1.24074e-4 0.01725578 -0.003461956 -1.22911e-5 0.0173276 -0.003470361 9.33902e-5 0.0173636 0.001458823 -2.95349e-4 0.01672667 -8.78159e-4 -2.95348e-4 0.01437467 -0.002647936 -2.95348e-4 0.01159536 -0.004245042 -2.95346e-4 0.007694184 -0.005065202 -2.95345e-4 0.003940999 -0.00518608 -2.95344e-4 1.35992e-4 -0.007778465 -2.95344e-4 0.001752495 -0.009575068 -2.95346e-4 0.005003452 -0.01086932 -2.95347e-4 0.008485078 -0.01163244 -2.95348e-4 0.01212024 -0.009205639 -2.95349e-4 0.0142427 -0.006412506 -2.95349e-4 0.01585274 -0.003359556 -2.95349e-4 0.01688891 -1.63432e-4 -2.95349e-4 0.01731163 4.12509e-4 -2.95349e-4 0.01728898 7.68423e-4 -2.95349e-4 0.01722937 0.001114547 -2.95349e-4 0.01712149 -0.01163244 0.01490461 0.01212024 -0.01086932 0.01490461 0.008485078 -0.009575068 0.01490461 0.005003452 -0.007778465 0.01490461 0.001752495 -0.007778465 0.01390463 0.001752495 -0.01170939 0.01390463 0.01276111 -0.01098525 0.01390463 0.008899509 -0.009663999 0.01390463 0.005199372 -0.01170939 0.01440465 0.01276111 -0.01165175 0.0148912 0.01226907 -0.01166951 0.01485013 0.01241177 -0.01168507 0.0147801 0.01254308 -0.01169669 0.01469153 0.01264488 -0.01170176 0.0146321 0.01269084 -0.01170569 0.01456594 0.01272672 -0.01170808 0.01450109 0.01274895 -0.01170903 0.01445335 0.01275801 -0.007778465 0.01490461 0.001752495 -0.007778465 0.01390463 0.001752495 -0.004828512 0.01390463 -8.69725e-5 -0.004828512 0.01496475 -8.69725e-5 -0.00500518 0.01491975 2.38046e-5 -0.00518608 0.01490461 1.35995e-4 0.002934515 0.00270462 0.01732599 0.002934515 0.01190459 0.01732599 0.003327608 0.00270462 0.01756548 0.003327608 0.01190459 0.01756548 -0.004225075 0.01518571 -0.001315176 -0.004225075 0.01518571 -0.001315176 -0.004656076 0.0150296 -4.37798e-4 -0.004656076 0.0150296 -4.37798e-4 -0.004828512 0.01496475 -8.69725e-5 -0.004828512 0.01390463 -8.69725e-5 -0.004828512 0.01390463 -8.69725e-5 -0.004828512 0.01390463 -8.69725e-5 -0.003221929 0.01390463 -0.003356754 -0.003340065 0.01408165 -0.003116369 -0.00238806 0.01540464 -0.001509368 4.66626e-4 0.01540464 -0.002281308 0.002294361 0.01540464 -0.002475619 0.003253102 0.01540464 -0.002419412 0.004121661 0.01540452 -0.002230584 0.003117859 0.01473975 -0.003984093 0.002462983 0.0138272 -0.005304932 0.002087354 0.01289367 -0.006156086 0.001950502 0.0123828 -0.00648719 0.001857519 0.01192283 -0.00672096 0.001676321 0.01110082 -0.006986975 0.001593649 0.01025444 -0.007146418 0.001571953 0.009400129 -0.007230818 7.27978e-4 0.009400129 -0.006889522 0.001955747 0.01390463 -0.005089581 0.001395702 0.01292836 -0.005910634 0.00102669 0.01185631 -0.006451547 8.14665e-4 0.01065647 -0.006762444 -0.003221929 0.01390463 -0.003356754 -0.003340065 0.01408165 -0.003116369 -0.002898871 0.0147919 -0.002363741 -0.003093957 0.01540464 -0.00127846 -0.00238806 0.01540464 -0.001509368 -0.002898871 0.0147919 -0.002363741 -0.003340065 0.01408165 -0.003116369 -0.004225075 0.01518571 -0.001315176 -0.003439307 0.01538622 -0.00120455 -0.003788888 0.01532703 -0.001204252 -0.004012584 0.0152648 -0.001245319 0.001857519 0.00268644 -0.00672096 0.002056062 0.001819491 -0.006229639 0.002342522 0.001031637 -0.005569636 0.002680778 4.10306e-4 -0.004845619 0.003117859 -1.30448e-4 -0.003984093 0.003596484 -5.22062e-4 -0.003113389 0.004121661 -7.95319e-4 -0.002230584 0.001652538 0.005209147 -0.0072636 0.001709103 0.00391829 -0.007109701 0.001652538 0.009400129 -0.0072636 0.001857519 0.01192283 -0.00672096 0.001746535 0.01111799 -0.007009208 0.001683175 0.01027238 -0.007179796 0.004121661 0.01540452 -0.002230584 0.003117859 0.01473975 -0.003984093 0.002462983 0.0138272 -0.005304932 0.002087354 0.01289367 -0.006156086 0.001950502 0.0123828 -0.00648719 0.00337398 0.01540464 -0.003509402 0.002849578 0.01493173 -0.004504203 0.002398371 0.01429575 -0.005445539 0.001960635 0.01328134 -0.006462037 0.001690387 0.01215165 -0.007160246 0.001551926 0.01100981 -0.007546067 0.001508176 0.01026815 -0.007672667 0.00148499 0.009517729 -0.007740855 0.00148499 0.005091547 -0.007740855 0.001582086 0.003264844 -0.007460176 0.001749098 0.002144515 -0.007003009 0.00202459 0.001138865 -0.006305694 0.00219959 7.03956e-4 -0.005892336 0.002398371 3.13509e-4 -0.005445539 0.002849698 -3.23235e-4 -0.004504144 0.00337398 -7.95342e-4 -0.003509402 0.001858294 -7.95348e-4 0.01451253 0.008743584 -7.95345e-4 0.006615936 0.008959829 -7.95344e-4 0.004476964 0.008885383 -7.95336e-4 0.003450155 0.01013046 -7.95345e-4 0.004391312 0.01009488 -7.95344e-4 0.003815889 0.01008957 -7.95344e-4 0.003755331 0.005684435 -7.95342e-4 -0.002871096 0.007040619 -7.95342e-4 -0.00204724 0.008179128 -7.95342e-4 -9.31974e-4 0.009068667 -7.95342e-4 3.8597e-4 0.009704113 -7.95343e-4 0.001850128 0.009949743 -7.95343e-4 0.002788662 0.004234671 -7.95342e-4 -0.003363013 0.00337398 -7.95342e-4 -0.003509402 0.004121661 -7.95319e-4 -0.002230584 -0.00238806 -7.95342e-4 -0.001509368 4.66626e-4 -7.95342e-4 -0.002281308 0.002294361 -7.95342e-4 -0.002475678 0.003253161 -7.95342e-4 -0.002419412 -0.003093957 -7.95342e-4 -0.00127846 -0.003269195 -7.95344e-4 0.002247273 -0.002771437 -7.95345e-4 0.005747497 -0.00146383 -7.95346e-4 0.009593784 -5.11929e-5 -7.95347e-4 0.01220971 0.001236796 -7.95344e-4 0.002060115 0.001508772 -7.95344e-4 0.001821815 0.001715838 -7.95343e-4 0.001525342 0.001845896 -7.95343e-4 0.00118798 0.001891493 -7.95343e-4 8.29251e-4 0.001849889 -7.95343e-4 4.70044e-4 0.001723527 -7.95343e-4 1.31233e-4 0.001519739 -7.95343e-4 -1.67493e-4 0.001250386 -7.95343e-4 -4.0877e-4 9.31155e-4 -7.95343e-4 -5.7858e-4 5.80534e-4 -7.95343e-4 -6.67049e-4 2.18932e-4 -7.95343e-4 -6.69042e-4 -1.32643e-4 -7.95343e-4 -5.84435e-4 -4.53751e-4 -7.95343e-4 -4.18151e-4 -7.25739e-4 -7.95343e-4 -1.79853e-4 -9.32787e-4 -7.95343e-4 1.16609e-4 -0.00106287 -7.95343e-4 4.54012e-4 -0.001108407 -7.95343e-4 8.12739e-4 -0.001066803 -7.95343e-4 0.001171946 -9.40464e-4 -7.95343e-4 0.001510739 -7.36687e-4 -7.95343e-4 0.001809477 -4.67341e-4 -7.95343e-4 0.002050757 -1.4808e-4 -7.95343e-4 0.002220571 2.02537e-4 -7.95343e-4 0.002309024 5.64143e-4 -7.95343e-4 0.002310991 9.15717e-4 -7.95344e-4 0.002226412 -4.53751e-4 -7.95343e-4 -4.18151e-4 -4.53751e-4 7.04657e-4 -4.18151e-4 0.001236796 7.04656e-4 0.002060115 0.001508772 7.04656e-4 0.001821815 0.001715838 7.04656e-4 0.001525342 0.001845896 7.04656e-4 0.00118798 0.001891493 7.04656e-4 8.29251e-4 0.001849889 7.04656e-4 4.70044e-4 0.001723527 7.04657e-4 1.31233e-4 0.001519739 7.04657e-4 -1.67493e-4 0.001250386 7.04657e-4 -4.0877e-4 9.31155e-4 7.04657e-4 -5.7858e-4 5.80534e-4 7.04657e-4 -6.67049e-4 2.18932e-4 7.04657e-4 -6.69042e-4 -1.32643e-4 7.04657e-4 -5.84435e-4 0.001236796 -7.95344e-4 0.002060115 0.001508772 -7.95344e-4 0.001821815 0.001715838 -7.95343e-4 0.001525342 0.001845896 -7.95343e-4 0.00118798 0.001891493 -7.95343e-4 8.29251e-4 0.001849889 -7.95343e-4 4.70044e-4 0.001723527 -7.95343e-4 1.31233e-4 0.001519739 -7.95343e-4 -1.67493e-4 0.001250386 -7.95343e-4 -4.0877e-4 9.31155e-4 -7.95343e-4 -5.7858e-4 5.80534e-4 -7.95343e-4 -6.67049e-4 2.18932e-4 -7.95343e-4 -6.69042e-4 -1.32643e-4 -7.95343e-4 -5.84435e-4 -0.003340065 5.27618e-4 -0.003116369 -0.004225075 -5.76416e-4 -0.001315236 -0.002899825 -1.81341e-4 -0.002365291 -0.00238806 -7.95342e-4 -0.001509368 -0.003093957 -7.95342e-4 -0.00127846 -0.00386542 -6.98756e-4 -0.001214563 -0.003553092 -7.62416e-4 -0.001196086 -0.003322124 -7.87371e-4 -0.001221776 -0.004656076 -4.20326e-4 -4.37764e-4 -0.004656076 -4.20326e-4 -4.37764e-4 -0.004225075 -5.76416e-4 -0.001315236 -0.004225075 -5.76416e-4 -0.001315236 -0.003340065 5.27618e-4 -0.003116369 -0.003221929 7.04658e-4 -0.003356814 -0.004828512 7.04656e-4 -8.69762e-5 -0.004828512 7.04656e-4 -8.69762e-5 -0.004828512 7.04656e-4 -8.69762e-5 -0.004828512 -3.55467e-4 -8.69762e-5 0.00337398 0.01540464 -0.003509402 0.004234671 0.01540464 -0.003363013 0.002398371 0.01429575 -0.005445539 0.00297302 0.01477938 -0.004785239 0.003595948 0.01514816 -0.004079639 0.002849578 0.01493173 -0.004504203 0.01038914 0.015325 0.004558205 0.01042354 0.01531445 0.004588127 0.01079976 0.01519751 0.004828572 0.01009488 0.01540464 0.003815889 0.01013046 0.01540464 0.004391312 0.01037877 0.01532828 0.004558682 0.01037877 0.01532828 0.004558682 0.01013046 0.01540464 0.004391312 0.008885383 0.01540464 0.003450155 0.009572565 0.01521557 0.003991603 0.01156878 0.0145772 0.005280613 0.01720327 0.01023656 0.007456839 0.0171113 0.01079523 0.007432639 0.01697796 0.01125013 0.007397234 0.01667648 0.01183813 0.007314145 0.01615488 0.01243311 0.007163643 0.01522254 0.0130952 0.00686866 0.01394456 0.01371312 0.0064013 0.01724064 0.009884297 0.007466614 0.01736319 0.007303833 0.007498443 0.01724064 0.004724979 0.007466614 0.01156878 3.20468e-5 0.005280613 0.01400393 9.21091e-4 0.006424784 0.01572012 0.001830041 0.007030487 0.01612728 0.002151429 0.007155358 0.01646292 0.002491533 0.007253646 0.01683253 0.003033101 0.007357537 0.01708948 0.003721058 0.007426798 0.01718282 0.004215419 0.007451415 0.009572565 -6.06301e-4 0.003991603 0.008885383 -7.95336e-4 0.003450155 0.01013046 -7.95345e-4 0.004391312 0.01037877 -7.18981e-4 0.004558682 0.01042354 -6.95985e-4 0.004588127 0.01042354 -7.05151e-4 0.004588127 0.01079976 -5.8821e-4 0.004828572 0.01360183 3.36471e-4 0.006261467 0.01590573 0.001385271 0.007088184 0.01676964 0.002036392 0.007340013 0.01724684 0.002605915 0.007468223 0.01755362 0.003230392 0.00754708 0.01771897 0.003895163 0.007588446 0.01780325 0.004580199 0.007609188 0.01793408 0.007304608 0.007641375 0.01780325 0.01002901 0.007609188 0.01756536 0.01134496 0.007550001 0.01728081 0.01194989 0.007477104 0.01682984 0.01251381 0.007356584 0.01626461 0.01298767 0.007196068 0.01507687 0.01366674 0.006819307 0.01352137 0.01430207 0.006227672 0.01079976 0.01519751 0.004828572 0.01042354 0.01531445 0.004588127 0.01042354 0.01530528 0.004588127 0.01288998 0.0139721 0.007175743 0.01156878 0.0145772 0.005280613 0.009572565 0.01521557 0.003991603 0.008959829 0.01540464 0.004476964 0.008743584 0.01540464 0.006615936 0.008749961 0.01538336 0.006920576 0.008732974 0.01539111 0.006877899 0.008724749 0.01539647 0.006832063 0.008726358 0.01540297 0.006723403 0.01155304 0.01449674 0.00682938 0.01016092 0.0149694 0.006756663 0.008885383 0.01540464 0.003450155 0.008959829 0.01540464 0.004476964 0.009572565 0.01521557 0.003991603 -4.53751e-4 7.04657e-4 -4.18151e-4 -7.25739e-4 7.04657e-4 -1.79853e-4 -9.32787e-4 7.04657e-4 1.16609e-4 -0.00106287 7.04656e-4 4.54012e-4 -0.001108407 7.04656e-4 8.12739e-4 -0.001066803 7.04656e-4 0.001171946 -9.40464e-4 7.04656e-4 0.001510739 -7.36687e-4 7.04656e-4 0.001809477 -4.67341e-4 7.04656e-4 0.002050757 -1.4808e-4 7.04656e-4 0.002220571 2.02537e-4 7.04656e-4 0.002309024 5.64143e-4 7.04656e-4 0.002310991 9.15717e-4 7.04656e-4 0.002226412 0.001236796 7.04656e-4 0.002060115 -4.53751e-4 -7.95343e-4 -4.18151e-4 -7.25739e-4 -7.95343e-4 -1.79853e-4 -9.32787e-4 -7.95343e-4 1.16609e-4 -0.00106287 -7.95343e-4 4.54012e-4 -0.001108407 -7.95343e-4 8.12739e-4 -0.001066803 -7.95343e-4 0.001171946 -9.40464e-4 -7.95343e-4 0.001510739 -7.36687e-4 -7.95343e-4 0.001809477 -4.67341e-4 -7.95343e-4 0.002050757 -1.4808e-4 -7.95343e-4 0.002220571 2.02537e-4 -7.95343e-4 0.002309024 5.64143e-4 -7.95343e-4 0.002310991 9.15717e-4 -7.95344e-4 0.002226412 0.001236796 -7.95344e-4 0.002060115 0.01156878 3.20468e-5 0.005280613 0.01288998 6.37173e-4 0.007175743 0.01400393 9.21091e-4 0.006424784 0.01572012 0.001830041 0.007030487 0.01612728 0.002151429 0.007155358 0.01646292 0.002491533 0.007253646 0.01683253 0.003033101 0.007357537 0.01708948 0.003721058 0.007426798 0.01718282 0.004215419 0.007451415 0.01724064 0.004724979 0.007466614 0.01521241 0.004724979 0.009689569 0.01448053 0.003646194 0.01027256 0.01454967 0.003558635 0.01016587 0.01459133 0.003527879 0.01010853 0.01463836 0.003509104 0.0100494 0.014696 0.003505527 0.009984076 0.01474946 0.003519535 0.009930133 0.01479661 0.003545463 0.009887516 0.01484197 0.003581881 0.009850502 0.01488453 0.003626704 0.00981909 0.01493537 0.003695487 0.009785652 0.01499974 0.00381118 0.009749472 0.01507455 0.004000306 0.009716033 0.01516085 0.004358828 0.00969243 0.01386195 0.004724979 0.0111792 0.01202011 0.004724979 0.01321125 0.01231342 0.005052447 0.012932 0.01260465 0.005270361 0.0126397 0.01260465 0.005270361 0.0126397 0.012856 0.00536555 0.01237505 0.012856 0.00536555 0.01237505 0.012856 0.00536555 0.01237505 0.01308399 0.005371153 0.01212418 0.01330256 0.00529921 0.0118733 0.01330256 0.00529921 0.0118733 0.01350271 0.005161583 0.01163399 0.01350271 0.005161583 0.01163399 0.01350271 0.005161583 0.01163399 0.01369303 0.004962623 0.01139771 0.009271264 0.001922547 0.01511287 0.01078325 0.003214597 0.01421004 0.01322007 7.87322e-4 0.007332324 0.01337409 8.68863e-4 0.007444977 0.01350539 9.5082e-4 0.007583737 0.01361 0.001035273 0.007759749 0.01367229 0.001112937 0.007957041 0.013695 0.00118184 0.008165955 0.01367604 0.001260697 0.008451282 0.01349574 0.00139904 0.009099125 0.01312083 0.001525521 0.009896874 0.01178038 0.001744329 0.01195359 0.01476454 0.003347933 0.009842813 0.01422524 0.001867949 0.009078085 0.01205068 0.003118515 0.01275902 0.01390862 0.002517938 0.01027256 0.01393407 0.002481102 0.01020973 0.0139513 0.002468585 0.01017808 0.01521241 0.009884297 0.009689569 0.01724064 0.009884297 0.007466614 0.01720327 0.01023656 0.007456839 0.0171113 0.01079523 0.007432639 0.01697796 0.01125013 0.007397234 0.01667648 0.01183813 0.007314145 0.01615488 0.01243311 0.007163643 0.01522254 0.0130952 0.00686866 0.01394456 0.01371312 0.0064013 0.01156878 0.0145772 0.005280613 0.01288998 0.0139721 0.007175743 0.009271264 0.01268672 0.01511287 0.01196092 0.01288586 0.01170414 0.01344513 0.01318758 0.009225845 0.01364356 0.01330715 0.008623898 0.01369541 0.01341664 0.008201897 0.01368063 0.01348 0.008003473 0.01363193 0.01355117 0.007813811 0.01354712 0.013628 0.007642924 0.013399 0.01372605 0.007467329 0.01316058 0.01385086 0.007297813 0.01202011 0.009884297 0.01321125 0.01093971 0.0112344 0.01409834 0.01014631 0.01198619 0.01462703 0.01386195 0.009884297 0.0111792 0.01361382 0.009555459 0.01149713 0.01335161 0.009337186 0.01181554 0.01335161 0.009337186 0.01181554 0.01335161 0.009337186 0.01181554 0.01311188 0.009242892 0.0120927 0.01288455 0.009238779 0.01234424 0.01288455 0.009238779 0.01234424 0.01265597 0.009312212 0.01258665 0.01265597 0.009312212 0.01258665 0.01243728 0.009450495 0.01280939 0.01222085 0.009648621 0.01302188 0.01448053 0.01096308 0.01027262 0.01510888 0.01049113 0.009704411 0.01500815 0.01078021 0.009745299 0.01491904 0.01093769 0.009795904 0.01484405 0.01102542 0.009848952 0.01479303 0.01106625 0.009890675 0.01473963 0.01109355 0.009939551 0.01468896 0.01110428 0.009991705 0.01463031 0.01109802 0.01005905 0.01458424 0.0110771 0.01011794 0.01454591 0.011047 0.01017141 0.01451134 0.01100832 0.01022326 0.01476454 0.01126134 0.009842813 0.01422524 0.01274132 0.009078085 0.01215308 0.01151299 0.01263445 0.01413041 0.01220756 0.009903728 0.008743584 -7.95345e-4 0.006615936 0.008723974 -7.92535e-4 0.00675249 0.008726298 -7.85899e-4 0.006844878 0.008734762 -7.80893e-4 0.006884038 0.008749961 -7.74097e-4 0.006920576 0.008959829 -7.95344e-4 0.004476964 0.009572565 -6.06301e-4 0.003991603 0.01156878 3.20468e-5 0.005280613 0.01288998 6.37173e-4 0.007175743 0.01016104 -3.60089e-4 0.006756663 0.01155316 1.12552e-4 0.00682944 0.001857519 0.01192283 -0.00672096 0.001676321 0.01110082 -0.006986975 0.001593649 0.01025444 -0.007146418 0.001571953 0.009400129 -0.007230818 0.001746535 0.01111799 -0.007009208 0.001683175 0.01027238 -0.007179796 0.001652538 0.009400129 -0.0072636 0.001652538 0.005209147 -0.0072636 0.001709103 0.00391829 -0.007109701 0.001857519 0.00268644 -0.00672096 0.001571953 0.005209147 -0.007230818 0.001624524 0.003929853 -0.007078468 0.001714646 0.003282189 -0.006926298 0.001652538 0.009400129 -0.0072636 0.001571953 0.009400129 -0.007230818 0.001652538 0.005209147 -0.0072636 0.001571953 0.005209147 -0.007230818 -0.003340065 5.27618e-4 -0.003116369 -0.002899825 -1.81341e-4 -0.002365291 -0.00238806 -7.95342e-4 -0.001509368 -0.003221929 7.04658e-4 -0.003356814 0.001955747 7.04658e-4 -0.005089581 7.27978e-4 0.005209147 -0.006889522 8.72724e-4 0.003515183 -0.006677329 0.001141369 0.002350568 -0.006283462 0.001500129 0.001459956 -0.00575757 0.001571953 0.005209147 -0.007230818 0.001624524 0.003929853 -0.007078468 0.001714646 0.003282189 -0.006926298 0.001857519 0.00268644 -0.00672096 0.002056062 0.001819491 -0.006229639 0.002342522 0.001031637 -0.005569636 0.002680778 4.10306e-4 -0.004845619 0.003117859 -1.30448e-4 -0.003984093 0.003596484 -5.22062e-4 -0.003113389 0.004121661 -7.95319e-4 -0.002230584 4.66626e-4 -7.95342e-4 -0.002281308 0.002294361 -7.95342e-4 -0.002475678 0.003253161 -7.95342e-4 -0.002419412 0.01521241 0.004724979 0.009689569 0.01535522 0.00730437 0.00970155 0.01521241 0.009884297 0.009689569 0.01724064 0.009884297 0.007466614 0.01736319 0.007303833 0.007498443 0.01724064 0.004724979 0.007466614 7.27978e-4 0.009400129 -0.006889522 0.001571953 0.009400129 -0.007230818 0.001571953 0.005209147 -0.007230818 7.27978e-4 0.005209147 -0.006889522 0.008885383 -7.95336e-4 0.003450155 0.009572565 -6.06301e-4 0.003991603 0.008959829 -7.95344e-4 0.004476964 0.002398371 3.13509e-4 -0.005445539 0.002849698 -3.23235e-4 -0.004504144 0.00337398 -7.95342e-4 -0.003509402 0.00297302 -1.70094e-4 -0.004785239 0.003595948 -5.38893e-4 -0.004079639 0.004234671 -7.95342e-4 -0.003363013 0.01013046 -7.95345e-4 0.004391312 0.01037877 -7.18981e-4 0.004558682 0.01009488 -7.95344e-4 0.003815889 0.01079976 -5.8821e-4 0.004828572 0.01042354 -7.05151e-4 0.004588127 0.01038914 -7.15732e-4 0.004558205 0.014216 0.005209147 -0.01275682 0.01365453 0.005209147 -0.01248806 0.01365453 0.009400129 -0.01248806 0.014216 0.009400129 -0.01275682 0.01906037 0.00939995 -0.0155344 0.01691389 0.009400069 -0.0141645 0.014216 0.009400129 -0.01275682 0.01890498 0.007305264 -0.01551795 0.01906037 0.005209326 -0.0155344 0.014216 0.005209147 -0.01275682 0.01691389 0.005209147 -0.0141645 0.01906037 0.00939995 -0.0155344 0.01890498 0.007305264 -0.01551795 0.01906037 0.005209326 -0.0155344 0.01930928 0.003741085 -0.01555567 0.01955527 0.002935528 -0.01557034 0.01997137 0.002201497 -0.01558041 0.02067315 0.001446843 -0.01555222 0.02162981 7.74114e-4 -0.01540905 0.02255201 3.43792e-4 -0.01512593 0.02312183 1.63812e-4 -0.01485157 0.02365678 5.13536e-5 -0.01448738 0.02365678 0.01455795 -0.01448738 0.02299231 0.01441007 -0.01492244 0.02228379 0.01415878 -0.015226 0.02158373 0.01380872 -0.01541906 0.02091658 0.01336157 -0.01552802 0.02031844 0.01282334 -0.01557385 0.01982003 0.01218426 -0.01557898 0.01947188 0.01145631 -0.01556611 0.01922631 0.01043629 -0.01554924 0.02209937 0.01313477 -0.01528578 0.02162176 0.01249712 -0.01541078 0.02120518 0.01242315 -0.01548892 0.02154552 0.01197898 -0.01542711 0.02147418 0.01093161 -0.01544153 0.02079313 0.01146471 -0.01554125 0.02069097 0.01042103 -0.01555067 0.02226847 0.007304847 -0.01523125 0.02147418 0.003678262 -0.01544153 0.02069097 0.004188597 -0.01555067 0.02209907 0.001808106 -0.0152859 0.02154552 0.002630293 -0.01542711 0.02120476 0.00268656 -0.01548898 0.02058559 0.003038048 -0.01555901 0.02132123 0.001952469 -0.01546978 0.02348303 0.004724979 8.77865e-4 0.02351903 0.007305383 9.96253e-4 0.02348303 0.009884297 8.77865e-4 0.02671837 0.009884297 -0.002515316 0.02671837 0.004724979 -0.002515316 0.02677178 0.007304608 -0.002408504 0.02568924 7.41161e-4 -0.007603108 0.02568924 0.01386815 -0.007603108 0.02559536 9.19732e-4 -0.006708025 0.02565717 0.001171767 -0.005825936 0.02587795 0.001624345 -0.004718959 0.02619755 0.002272725 -0.003712058 0.0264393 0.002905905 -0.003112256 0.0265876 0.003481268 -0.002784609 0.02667754 0.004087209 -0.00259763 0.02671837 0.004724979 -0.002515316 0.02677178 0.007304608 -0.002408504 0.02671837 0.009884297 -0.002515316 0.02668815 0.01040607 -0.002576112 0.02663892 0.01083564 -0.002677023 0.02650737 0.01147061 -0.002958595 0.0263248 0.01202976 -0.00338447 0.02612692 0.01249057 -0.003907918 0.02588146 0.01297783 -0.004706263 0.02567696 0.01339 -0.005686402 0.02559584 0.01367098 -0.006632566 0.02561509 0.01378709 -0.007147312 0.02577054 0.01231509 -0.005171656 0.02583348 0.01177763 -0.004895329 0.02565592 0.01244747 -0.005835354 0.02573317 0.01183569 -0.005357265 0.02560049 0.01251316 -0.006464123 0.02563434 0.01187622 -0.006015539 0.02581042 0.01035237 -0.004992187 0.02563816 0.01058638 -0.005981087 0.02559572 0.007304608 -0.006769001 0.02581042 0.004256904 -0.004992187 0.02598994 0.002948343 -0.004325509 0.02563816 0.004022896 -0.005981087 0.02581894 0.002822339 -0.004955947 0.02575176 0.002272129 -0.005262196 0.02563434 0.002733051 -0.006015539 0.02561175 0.002128601 -0.006266832 0.02560847 0.01222723 -0.007069766 0.02581709 0.007304608 -0.004963755 0.02560847 0.00238198 -0.007069766 0.02014487 0.01413714 -0.005283355 0.02067393 0.01409882 -0.004970073 0.02105045 0.01404052 -0.004604279 0.02124089 0.01399272 -0.004342138 0.02145081 0.01391929 -0.003981351 0.02233338 0.01336485 -0.00219196 0.02166146 0.01429015 -0.006828844 0.02198922 0.01389884 -0.004216253 0.014216 0.009400129 -0.01275682 0.01436197 0.01124346 -0.01253432 0.01460599 0.01204353 -0.0123499 0.01499599 0.01271766 -0.01212441 0.01555424 0.01328438 -0.01185846 0.01617968 0.0136857 -0.01160246 0.01744014 0.01415503 -0.01116782 0.01881742 0.01441806 -0.01077562 0.01365453 0.009400129 -0.01248806 0.01382213 0.01078212 -0.01238369 0.01401513 0.01154613 -0.01226061 0.0142709 0.01219415 -0.01209253 0.0147252 0.01295787 -0.01175266 0.01506084 0.01340794 -0.01138132 0.01525843 0.01366788 -0.01102596 0.01538586 0.01385837 -0.01062029 0.01546943 0.0140044 -0.01013761 0.01563072 0.01413935 -0.009413778 0.01586955 0.01420283 -0.00872904 0.01875227 0.01441812 -0.01059406 0.02369916 0.01456451 -0.01445239 0.02029627 0.0145359 -0.01167577 0.02365678 0.01455795 -0.01448738 0.02299231 0.01441007 -0.01492244 0.02228379 0.01415878 -0.015226 0.02158373 0.01380872 -0.01541906 0.02091658 0.01336157 -0.01552802 0.02031844 0.01282334 -0.01557385 0.01982003 0.01218426 -0.01557898 0.01947188 0.01145631 -0.01556611 0.01922631 0.01043629 -0.01554924 0.01906037 0.00939995 -0.0155344 0.01691389 0.009400069 -0.0141645 0.014216 0.009400129 -0.01275682 0.01436197 0.01124346 -0.01253432 0.01460599 0.01204353 -0.0123499 0.01499599 0.01271766 -0.01212441 0.01555424 0.01328438 -0.01185846 0.01617968 0.0136857 -0.01160246 0.01744014 0.01415503 -0.01116782 0.01881742 0.01441806 -0.01077562 0.0193485 0.01443368 -0.01141846 0.01913237 0.01442259 -0.01123929 0.01895284 0.01441842 -0.01102197 0.01996505 0.0144934 -0.01166182 0.0196433 0.014458 -0.01157468 0.01962029 0.01419228 -0.01284128 0.02032423 0.0141732 -0.01348531 0.02016365 0.01413547 -0.01346218 0.01957392 0.01394069 -0.01347941 0.01974517 0.01396858 -0.01355081 0.02010345 0.01379626 -0.01419198 0.01951831 0.01320219 -0.01458591 0.01923877 0.01292252 -0.01464956 0.01941305 0.01269 -0.01496487 0.01795095 0.01136797 -0.01452422 0.02029627 7.33631e-5 -0.01167583 0.02064901 2.62656e-5 -0.01160854 0.020976 -1.16071e-5 -0.01145911 0.02125895 -3.37954e-5 -0.01123541 0.02148127 -3.95277e-5 -0.01094895 0.02162826 -3.13893e-5 -0.01061785 0.02169078 -1.32015e-5 -0.01026248 0.02166759 1.17421e-5 -0.009901762 0.02158343 3.53479e-5 -0.009614706 0.0214594 5.80745e-5 -0.009374201 0.02130985 7.97515e-5 -0.009177029 0.0211296 1.02425e-4 -0.009007036 0.0193485 1.75611e-4 -0.01141846 0.01964354 1.51278e-4 -0.01157468 0.01996463 1.15938e-4 -0.01166164 0.0193485 0.01443368 -0.01141846 0.02029627 0.0145359 -0.01167577 0.01996505 0.0144934 -0.01166182 0.0196433 0.014458 -0.01157468 0.0211296 0.01450687 -0.009007036 0.02138304 0.01453965 -0.009265184 0.02156764 0.01457059 -0.009577214 0.02167165 0.01459926 -0.009924352 0.02168923 0.01462399 -0.01028734 0.02163851 0.01463925 -0.01058256 0.02154147 0.01464736 -0.01083755 0.02139997 0.01464837 -0.01107102 0.02121806 0.01464074 -0.01127505 0.02100306 0.01462358 -0.01144218 0.02076166 0.01459711 -0.01156765 0.02053368 0.01456791 -0.01164031 0.02103906 0.01449662 -0.00894016 0.02103906 1.1268e-4 -0.00894016 0.02166146 0.01429015 -0.006828844 0.02198922 0.01389884 -0.004216253 0.02233338 0.01336485 -0.00219196 0.02291661 0.01260173 -7.77423e-4 0.0231412 0.01209837 -1.62525e-4 0.02327495 0.01166015 2.29701e-4 0.02340012 0.01101708 6.12037e-4 0.0234571 0.01046371 7.93824e-4 0.02348303 0.009884297 8.77865e-4 0.02671837 0.009884297 -0.002515316 0.02668815 0.01040607 -0.002576112 0.02663892 0.01083564 -0.002677023 0.02650737 0.01147061 -0.002958595 0.0263248 0.01202976 -0.00338447 0.02612692 0.01249057 -0.003907918 0.02588146 0.01297783 -0.004706263 0.02567696 0.01339 -0.005686402 0.02559584 0.01367098 -0.006632566 0.02561509 0.01378709 -0.007147312 0.02568924 0.01386815 -0.007603108 0.02585548 0.01405495 -0.008763432 0.02584248 0.01424199 -0.009933412 0.0256415 0.01440984 -0.01110017 0.02336126 0.01410317 -0.006505906 0.02455115 0.01364845 -0.005419731 0.014216 0.005209147 -0.01275682 0.01436197 0.003365814 -0.01253432 0.01460599 0.002565741 -0.0123499 0.01499599 0.001891613 -0.01212441 0.01555424 0.001324832 -0.01185846 0.01617968 9.23603e-4 -0.01160246 0.01744014 4.54258e-4 -0.01116782 0.01881742 1.91216e-4 -0.01077562 0.01691389 0.005209147 -0.0141645 0.01906037 0.005209326 -0.0155344 0.01930928 0.003741085 -0.01555567 0.01955527 0.002935528 -0.01557034 0.01997137 0.002201497 -0.01558041 0.02067315 0.001446843 -0.01555222 0.02162981 7.74114e-4 -0.01540905 0.02255201 3.43792e-4 -0.01512593 0.02312183 1.63812e-4 -0.01485157 0.02365678 5.13536e-5 -0.01448738 0.02369916 4.47882e-5 -0.01445239 0.02029627 7.33631e-5 -0.01167583 0.0193485 1.75611e-4 -0.01141846 0.01964354 1.51278e-4 -0.01157468 0.01996463 1.15938e-4 -0.01166164 0.0189529 1.90888e-4 -0.01102215 0.01913219 1.86706e-4 -0.01123905 0.02002602 3.23655e-4 -0.01285463 0.01942324 4.83183e-4 -0.01288634 0.01830554 8.32754e-4 -0.01287251 0.01999771 5.36304e-4 -0.01349705 0.02016085 4.96676e-4 -0.01352399 0.01930105 7.96236e-4 -0.0135346 0.01947629 7.66473e-4 -0.01361012 0.0206483 5.74668e-4 -0.01413017 0.01984065 9.62435e-4 -0.01424318 0.01884031 0.001367628 -0.0140413 0.01867079 0.001713991 -0.01426249 0.01939964 0.001431405 -0.01452249 0.01920551 0.001699864 -0.01463633 0.01954847 0.0018242 -0.01499587 0.01762861 0.003265321 -0.01432484 0.02568924 0.01386815 -0.007603108 0.02585548 0.01405495 -0.008763432 0.02584248 0.01424199 -0.009933412 0.0256415 0.01440984 -0.01110017 0.02521109 0.01454085 -0.01233291 0.02456879 0.01461201 -0.01347804 0.0241658 0.01461088 -0.01399427 0.02369916 0.01456451 -0.01445239 0.02365678 0.01455795 -0.01448738 0.02365678 5.13536e-5 -0.01448738 0.02369916 4.47882e-5 -0.01445239 0.02436023 -6.55791e-6 -0.01376026 0.0248903 2.14307e-5 -0.01296675 0.02532768 9.26615e-5 -0.01205921 0.0256415 1.99469e-4 -0.01110017 0.02584201 3.65914e-4 -0.009942233 0.02585601 5.53022e-4 -0.008771479 0.02568924 7.41161e-4 -0.007603108 0.0256415 1.99469e-4 -0.01110017 0.02584201 3.65914e-4 -0.009942233 0.02585601 5.53022e-4 -0.008771479 0.02568924 7.41161e-4 -0.007603108 0.02559536 9.19732e-4 -0.006708025 0.02565717 0.001171767 -0.005825936 0.02587795 0.001624345 -0.004718959 0.02619755 0.002272725 -0.003712058 0.0264393 0.002905905 -0.003112256 0.0265876 0.003481268 -0.002784609 0.02667754 0.004087209 -0.00259763 0.02671837 0.004724979 -0.002515316 0.02348303 0.004724979 8.77865e-4 0.02343958 0.003931939 7.37805e-4 0.02334988 0.00328499 4.54471e-4 0.02322322 0.002759993 7.47666e-5 0.0230754 0.002341568 -3.47637e-4 0.02284181 0.001876294 -9.72889e-4 0.02259987 0.001530587 -0.001574158 0.02233338 0.001244425 -0.00219196 0.02166146 3.19144e-4 -0.006828844 0.02198922 7.10463e-4 -0.004216253 0.02336424 4.99735e-4 -0.006547033 0.02455049 9.53619e-4 -0.005448043 0.01586955 4.06435e-4 -0.00872904 0.01875227 1.91168e-4 -0.01059406 0.01562613 4.72129e-4 -0.00943017 0.01546943 6.04839e-4 -0.01013767 0.01538074 7.5948e-4 -0.01064288 0.01524126 9.64731e-4 -0.01106494 0.01503568 0.001233875 -0.01141619 0.01478052 0.001573503 -0.01170194 0.01452416 0.001954674 -0.01191532 0.0142709 0.00241506 -0.01209253 0.01396656 0.003219902 -0.01229131 0.01377248 0.004110872 -0.01241469 0.01365453 0.005209147 -0.01248806 0.014216 0.005209147 -0.01275682 0.01436197 0.003365814 -0.01253432 0.01460599 0.002565741 -0.0123499 0.01499599 0.001891613 -0.01212441 0.01555424 0.001324832 -0.01185846 0.01617968 9.23603e-4 -0.01160246 0.01744014 4.54258e-4 -0.01116782 0.01881742 1.91216e-4 -0.01077562 0.02145081 6.90024e-4 -0.003981351 0.02109086 5.77576e-4 -0.004554033 0.02072083 5.1582e-4 -0.00493282 0.02040284 4.86424e-4 -0.005152344 0.02014487 4.72157e-4 -0.005283355 0.02166146 3.19144e-4 -0.006828844 0.02198922 7.10463e-4 -0.004216253 0.02233338 0.001244425 -0.00219196 0.01875227 0.01441812 -0.01059406 0.01586955 0.01420283 -0.00872904 0.01651573 0.01421338 -0.007599949 0.01738655 0.01418751 -0.006679892 0.01832515 0.01416915 -0.006032705 0.01881861 0.01416313 -0.005784094 0.01935148 0.01415681 -0.00557059 0.02014487 0.01413714 -0.005283355 0.02166146 0.01429015 -0.006828844 0.0211296 0.01450687 -0.009007036 0.02140951 0.01444673 -0.008258938 0.02157276 0.01437145 -0.00752145 0.02103906 0.01449662 -0.00894016 0.01869505 0.01441675 -0.01024001 0.01872342 0.0144124 -0.009883046 0.01883548 0.01440662 -0.009543001 0.01902514 0.01440227 -0.009238958 0.0192815 0.01440191 -0.008988618 0.01959127 0.01440709 -0.008805692 0.01993376 0.0144186 -0.008702158 0.02029073 0.01443648 -0.008682548 0.02064174 0.01446026 -0.008748412 0.02084749 0.01447761 -0.008829593 0.0211296 0.01450687 -0.009007036 0.02140951 0.01444673 -0.008258938 0.02157276 0.01437145 -0.00752145 0.02166146 0.01429015 -0.006828844 0.0256415 0.01440984 -0.01110017 0.02521109 0.01454085 -0.01233291 0.02456879 0.01461201 -0.01347804 0.0241658 0.01461088 -0.01399427 0.02369916 0.01456451 -0.01445239 0.02029627 0.0145359 -0.01167577 0.02138304 0.01453965 -0.009265184 0.02156764 0.01457059 -0.009577214 0.02167165 0.01459926 -0.009924352 0.02168923 0.01462399 -0.01028734 0.02163851 0.01463925 -0.01058256 0.02154147 0.01464736 -0.01083755 0.02139997 0.01464837 -0.01107102 0.02121806 0.01464074 -0.01127505 0.02100306 0.01462358 -0.01144218 0.02076166 0.01459711 -0.01156765 0.02053368 0.01456791 -0.01164031 0.02029627 7.33631e-5 -0.01167583 0.02369916 4.47882e-5 -0.01445239 0.02436023 -6.55791e-6 -0.01376026 0.0248903 2.14307e-5 -0.01296675 0.02532768 9.26615e-5 -0.01205921 0.0256415 1.99469e-4 -0.01110017 0.02166146 3.19144e-4 -0.006828844 0.0211296 1.02425e-4 -0.009007036 0.02140951 1.6258e-4 -0.008258938 0.02157276 2.37849e-4 -0.00752145 0.02064901 2.62656e-5 -0.01160854 0.020976 -1.16071e-5 -0.01145911 0.02125895 -3.37954e-5 -0.01123541 0.02148127 -3.95277e-5 -0.01094895 0.02162826 -3.13893e-5 -0.01061785 0.02169078 -1.32015e-5 -0.01026248 0.02166759 1.17421e-5 -0.009901762 0.02158343 3.53479e-5 -0.009614706 0.0214594 5.80745e-5 -0.009374201 0.02130985 7.97515e-5 -0.009177029 0.0211296 1.02425e-4 -0.009007036 0.02140951 1.6258e-4 -0.008258938 0.02157276 2.37849e-4 -0.00752145 0.02166146 3.19144e-4 -0.006828844 0.02014487 4.72157e-4 -0.005283355 0.01935148 4.52502e-4 -0.00557059 0.01802849 4.35512e-4 -0.006209969 0.01695322 4.09329e-4 -0.007084846 0.0162909 3.91021e-4 -0.007925629 0.01586955 4.06435e-4 -0.00872904 0.01875227 1.91168e-4 -0.01059406 0.02103906 1.1268e-4 -0.00894016 0.02071833 1.42948e-4 -0.008774042 0.0203669 1.6823e-4 -0.008689284 0.02000421 1.87647e-4 -0.008691251 0.01965308 2.00542e-4 -0.008780121 0.01933348 2.06913e-4 -0.008950531 0.01906371 2.07324e-4 -0.009193718 0.01885992 2.03471e-4 -0.009493827 0.01874852 1.98607e-4 -0.009777903 0.0186997 1.94527e-4 -0.0100463 0.0187003 1.92e-4 -0.01031839 0.01871979 1.91405e-4 -0.01045721 0.01875227 0.01441812 -0.01059406 0.01869505 0.01441675 -0.01024001 0.01872342 0.0144124 -0.009883046 0.01883548 0.01440662 -0.009543001 0.01902514 0.01440227 -0.009238958 0.0192815 0.01440191 -0.008988618 0.01959127 0.01440709 -0.008805692 0.01993376 0.0144186 -0.008702158 0.02029073 0.01443648 -0.008682548 0.02064174 0.01446026 -0.008748412 0.02084749 0.01447761 -0.008829593 0.02103906 0.01449662 -0.00894016 0.01881742 0.01441806 -0.01077562 0.0193485 0.01443368 -0.01141846 0.01913237 0.01442259 -0.01123929 0.01895284 0.01441842 -0.01102197 0.0193485 1.75611e-4 -0.01141846 0.01881742 1.91216e-4 -0.01077562 0.0189529 1.90888e-4 -0.01102215 0.01913219 1.86706e-4 -0.01123905 0.01875227 1.91168e-4 -0.01059406 0.02103906 1.1268e-4 -0.00894016 0.02071833 1.42948e-4 -0.008774042 0.0203669 1.6823e-4 -0.008689284 0.02000421 1.87647e-4 -0.008691251 0.01965308 2.00542e-4 -0.008780121 0.01933348 2.06913e-4 -0.008950531 0.01906371 2.07324e-4 -0.009193718 0.01885992 2.03471e-4 -0.009493827 0.01874852 1.98607e-4 -0.009777903 0.0186997 1.94527e-4 -0.0100463 0.0187003 1.92e-4 -0.01031839 0.01871979 1.91405e-4 -0.01045721 0.004989206 7.04657e-4 -6.42758e-4 0.004989206 0.01390463 -6.42754e-4 0.001955747 7.04658e-4 -0.005089581 7.27978e-4 0.005209147 -0.006889522 8.72724e-4 0.003515183 -0.006677329 0.001141369 0.002350568 -0.006283462 0.001500129 0.001459956 -0.00575757 7.27978e-4 0.009400129 -0.006889522 0.001955747 0.01390463 -0.005089581 0.001395702 0.01292836 -0.005910634 0.00102669 0.01185631 -0.006451547 8.14665e-4 0.01065647 -0.006762444 -0.003469645 7.04654e-4 0.009058535 0.00259763 7.04652e-4 0.01434886 0.004989206 7.04657e-4 -6.42758e-4 0.001955747 7.04658e-4 -0.005089581 -0.003221929 7.04658e-4 -0.003356814 -0.004828512 7.04656e-4 -8.69762e-5 -0.007778465 7.04656e-4 0.001752495 -0.01170939 7.04652e-4 0.01276111 -0.01098525 7.04654e-4 0.008899509 -0.009663999 7.04654e-4 0.005199372 8.94528e-4 7.0465e-4 0.0178135 -0.002582132 7.04651e-4 0.01755887 -0.005933761 7.04651e-4 0.01660037 -0.009019434 7.04651e-4 0.0149784 0.00179547 7.04651e-4 0.01500505 0.00139445 7.04651e-4 0.01534897 0.001078426 7.04651e-4 0.01577234 8.62669e-4 7.04651e-4 0.01625454 7.57638e-4 7.04651e-4 0.01677232 7.6843e-4 7.04651e-4 0.01730048 0.001898407 7.04651e-4 0.01493859 0.001863718 7.04651e-4 0.01496016 0.001829385 7.04651e-4 0.01498228 0.00238502 7.04651e-4 0.01456892 0.002151131 7.04651e-4 0.01476621 -4.53751e-4 7.04657e-4 -4.18151e-4 -7.25739e-4 7.04657e-4 -1.79853e-4 -9.32787e-4 7.04657e-4 1.16609e-4 -0.00106287 7.04656e-4 4.54012e-4 -0.001108407 7.04656e-4 8.12739e-4 -0.001066803 7.04656e-4 0.001171946 -9.40464e-4 7.04656e-4 0.001510739 -7.36687e-4 7.04656e-4 0.001809477 -4.67341e-4 7.04656e-4 0.002050757 -1.4808e-4 7.04656e-4 0.002220571 2.02537e-4 7.04656e-4 0.002309024 5.64143e-4 7.04656e-4 0.002310991 9.15717e-4 7.04656e-4 0.002226412 0.001236796 7.04656e-4 0.002060115 0.001508772 7.04656e-4 0.001821815 0.001715838 7.04656e-4 0.001525342 0.001845896 7.04656e-4 0.00118798 0.001891493 7.04656e-4 8.29251e-4 0.001849889 7.04656e-4 4.70044e-4 0.001723527 7.04657e-4 1.31233e-4 0.001519739 7.04657e-4 -1.67493e-4 0.001250386 7.04657e-4 -4.0877e-4 9.31155e-4 7.04657e-4 -5.7858e-4 5.80534e-4 7.04657e-4 -6.67049e-4 2.18932e-4 7.04657e-4 -6.69042e-4 -1.32643e-4 7.04657e-4 -5.84435e-4 0.00179547 0.01390463 0.01500505 0.001829385 0.01390463 0.01498234 0.001863718 0.01390463 0.01496016 0.001898407 0.01390463 0.01493859 0.002151131 0.01390463 0.01476621 0.00238502 0.01390463 0.01456892 0.00259763 0.01390463 0.01434886 -0.003469645 0.01390463 0.009058594 0.004989206 0.01390463 -6.42754e-4 0.001955747 0.01390463 -0.005089581 -0.003221929 0.01390463 -0.003356754 -0.004828512 0.01390463 -8.69725e-5 -0.007778465 0.01390463 0.001752495 -0.01170939 0.01390463 0.01276111 -0.01098525 0.01390463 0.008899509 -0.009663999 0.01390463 0.005199372 8.94528e-4 0.01390463 0.0178135 -0.002582132 0.01390463 0.01755887 -0.005933761 0.01390463 0.01660037 -0.009019434 0.01390463 0.0149784 7.6843e-4 0.01390463 0.01730048 7.57638e-4 0.01390463 0.01677232 8.62669e-4 0.01390463 0.01625454 0.001078426 0.01390463 0.01577234 0.00139445 0.01390463 0.01534897 0.001236796 0.01390463 0.002060115 0.001508772 0.01390463 0.001821815 0.001715838 0.01390463 0.001525342 0.001845896 0.01390463 0.00118798 0.001891493 0.01390463 8.29255e-4 0.001849889 0.01390463 4.70048e-4 0.001723527 0.01390463 1.31236e-4 0.001519739 0.01390463 -1.67489e-4 0.001250386 0.01390463 -4.08767e-4 9.31155e-4 0.01390463 -5.78577e-4 5.80534e-4 0.01390463 -6.67045e-4 2.18932e-4 0.01390463 -6.69038e-4 -1.32643e-4 0.01390463 -5.84431e-4 -4.53751e-4 0.01390463 -4.18147e-4 -7.25739e-4 0.01390463 -1.7985e-4 -9.32787e-4 0.01390463 1.16613e-4 -0.00106287 0.01390463 4.54016e-4 -0.001108407 0.01390463 8.12743e-4 -0.001066803 0.01390463 0.001171946 -9.40464e-4 0.01390463 0.001510739 -7.36687e-4 0.01390463 0.001809477 -4.67341e-4 0.01390463 0.002050757 -1.4808e-4 0.01390463 0.002220571 2.02537e-4 0.01390463 0.002309024 5.64143e-4 0.01390463 0.002310991 9.15717e-4 0.01390463 0.002226412 -4.53751e-4 0.01390463 -4.18147e-4 -4.53751e-4 0.01540464 -4.18147e-4 0.001236796 0.01540464 0.002060115 0.001508772 0.01540464 0.001821815 0.001715838 0.01540464 0.001525342 0.001845896 0.01540464 0.00118798 0.001891493 0.01540464 8.29255e-4 0.001849889 0.01540464 4.70048e-4 0.001723527 0.01540464 1.31236e-4 0.001519739 0.01540464 -1.67489e-4 0.001250386 0.01540464 -4.08767e-4 9.31155e-4 0.01540464 -5.78577e-4 5.80534e-4 0.01540464 -6.67045e-4 2.18932e-4 0.01540464 -6.69038e-4 -1.32643e-4 0.01540464 -5.84431e-4 0.001236796 0.01390463 0.002060115 0.001508772 0.01390463 0.001821815 0.001715838 0.01390463 0.001525342 0.001845896 0.01390463 0.00118798 0.001891493 0.01390463 8.29255e-4 0.001849889 0.01390463 4.70048e-4 0.001723527 0.01390463 1.31236e-4 0.001519739 0.01390463 -1.67489e-4 0.001250386 0.01390463 -4.08767e-4 9.31155e-4 0.01390463 -5.78577e-4 5.80534e-4 0.01390463 -6.67045e-4 2.18932e-4 0.01390463 -6.69038e-4 -1.32643e-4 0.01390463 -5.84431e-4 -4.53751e-4 0.01540464 -4.18147e-4 -7.25739e-4 0.01540464 -1.7985e-4 -9.32787e-4 0.01540464 1.16613e-4 -0.00106287 0.01540464 4.54016e-4 -0.001108407 0.01540464 8.12743e-4 -0.001066803 0.01540464 0.001171946 -9.40464e-4 0.01540464 0.001510739 -7.36687e-4 0.01540464 0.001809477 -4.67341e-4 0.01540464 0.002050757 -1.4808e-4 0.01540464 0.002220571 2.02537e-4 0.01540464 0.002309024 5.64143e-4 0.01540464 0.002310991 9.15717e-4 0.01540464 0.002226412 0.001236796 0.01540464 0.002060115 -4.53751e-4 0.01390463 -4.18147e-4 -7.25739e-4 0.01390463 -1.7985e-4 -9.32787e-4 0.01390463 1.16613e-4 -0.00106287 0.01390463 4.54016e-4 -0.001108407 0.01390463 8.12743e-4 -0.001066803 0.01390463 0.001171946 -9.40464e-4 0.01390463 0.001510739 -7.36687e-4 0.01390463 0.001809477 -4.67341e-4 0.01390463 0.002050757 -1.4808e-4 0.01390463 0.002220571 2.02537e-4 0.01390463 0.002309024 5.64143e-4 0.01390463 0.002310991 9.15717e-4 0.01390463 0.002226412 0.001236796 0.01390463 0.002060115 -0.003469645 0.01390463 0.009058594 -0.002738475 0.01377928 0.008219957 -0.002043902 0.01340949 0.0074234 -0.001420915 0.0128138 0.00670886 -9.00611e-4 0.01202207 0.006112158 -5.09132e-4 0.01107406 0.005663156 -2.66101e-4 0.01001721 0.005384445 -1.83716e-4 0.008904635 0.005289971 -1.83716e-4 0.005704641 0.005289971 -2.66101e-4 0.004592001 0.005384445 -5.09132e-4 0.003535211 0.005663156 -9.00611e-4 0.002587199 0.006112158 -0.001420915 0.00179547 0.00670886 -0.002043902 0.001199781 0.0074234 -0.002738475 8.30014e-4 0.008219957 -0.003469645 7.04654e-4 0.009058535 0.004989206 7.04657e-4 -6.42758e-4 0.004989206 0.01390463 -6.42754e-4 0.003622412 0.005704641 0.008608698 -1.83716e-4 0.005704641 0.005289971 -1.83716e-4 0.008904635 0.005289971 0.003622412 0.008904635 0.008608698 0.002922534 0.00270462 0.01665723 0.002922534 0.01190459 0.01665723 0.002934515 0.00270462 0.01732599 0.002858161 0.00270462 0.01726341 0.002799391 0.00270462 0.01718395 0.00276196 0.00270462 0.01709258 0.002748012 0.00270462 0.01699483 0.002758443 0.00270462 0.01689666 0.002792596 0.00270462 0.01680397 0.002848446 0.00270462 0.0167225 0.002934515 0.01190459 0.01732599 0.002848446 0.01190459 0.01672255 0.002792596 0.01190459 0.01680397 0.002758443 0.01190459 0.01689666 0.002748012 0.01190459 0.01699483 0.00276196 0.01190459 0.01709264 0.002799391 0.01190459 0.01718395 0.002858161 0.01190459 0.01726341 0.008959829 0.01540464 0.004476964 0.008743584 0.01540464 0.006615936 0.008885383 0.01540464 0.003450155 0.01013046 0.01540464 0.004391312 0.01009488 0.01540464 0.003815889 0.01008957 0.01540464 0.003755331 0.005684435 0.01540464 -0.002871096 0.005684435 0.01540464 -0.002871096 0.007040619 0.01540464 -0.00204724 0.008179128 0.01540464 -9.31973e-4 0.008179128 0.01540464 -9.31973e-4 0.008179128 0.01540464 -9.31973e-4 0.009068667 0.01540464 3.85972e-4 0.009704113 0.01540464 0.001850128 0.009949743 0.01540464 0.002788662 0.004234671 0.01540464 -0.003363013 0.00337398 0.01540464 -0.003509402 0.004121661 0.01540452 -0.002230584 0.004121661 0.01540452 -0.002230584 0.004121661 0.01540452 -0.002230584 0.004121661 0.01540452 -0.002230584 0.004121661 0.01540452 -0.002230584 -0.00238806 0.01540464 -0.001509368 4.66626e-4 0.01540464 -0.002281308 0.002294361 0.01540464 -0.002475619 0.003253102 0.01540464 -0.002419412 0.003253102 0.01540464 -0.002419412 -0.003093957 0.01540464 -0.00127846 0.001858294 0.01540464 0.01451253 -1.25069e-4 0.01540464 0.01209616 -0.001572847 0.01540464 0.009345233 -0.002606093 0.01540464 0.006396532 -0.003186285 0.01540464 0.003334164 -0.00328499 0.01540464 0.001024365 -4.53751e-4 0.01540464 -4.18147e-4 -7.25739e-4 0.01540464 -1.7985e-4 -9.32787e-4 0.01540464 1.16613e-4 -0.00106287 0.01540464 4.54016e-4 -0.001108407 0.01540464 8.12743e-4 -0.001066803 0.01540464 0.001171946 -9.40464e-4 0.01540464 0.001510739 -7.36687e-4 0.01540464 0.001809477 -4.67341e-4 0.01540464 0.002050757 -1.4808e-4 0.01540464 0.002220571 2.02537e-4 0.01540464 0.002309024 5.64143e-4 0.01540464 0.002310991 9.15717e-4 0.01540464 0.002226412 0.001236796 0.01540464 0.002060115 0.001508772 0.01540464 0.001821815 0.001715838 0.01540464 0.001525342 0.001845896 0.01540464 0.00118798 0.001891493 0.01540464 8.29255e-4 0.001891493 0.01540464 8.29255e-4 0.001849889 0.01540464 4.70048e-4 0.001723527 0.01540464 1.31236e-4 0.001723527 0.01540464 1.31236e-4 0.001519739 0.01540464 -1.67489e-4 0.001250386 0.01540464 -4.08767e-4 9.31155e-4 0.01540464 -5.78577e-4 5.80534e-4 0.01540464 -6.67045e-4 2.18932e-4 0.01540464 -6.69038e-4 -1.32643e-4 0.01540464 -5.84431e-4 -0.01170939 2.04652e-4 0.01276111 -0.01170939 7.04652e-4 0.01276111 -0.01098525 7.04654e-4 0.008899509 -0.009663999 7.04654e-4 0.005199372 -0.007778465 7.04656e-4 0.001752495 -0.007778465 -2.95344e-4 0.001752495 -0.009575068 -2.95346e-4 0.005003452 -0.01086932 -2.95347e-4 0.008485078 -0.01163244 -2.95348e-4 0.01212024 -0.01170861 1.29451e-4 0.01275372 -0.01170629 5.74049e-5 0.01273256 -0.01170265 -9.74117e-6 0.01269906 -0.01169782 -7.04247e-5 0.01265519 -0.01169192 -1.2407e-4 0.01260286 -0.01168274 -1.84199e-4 0.01252281 -0.01167094 -2.35953e-4 0.01242363 -0.01165789 -2.71306e-4 0.01231777 -0.01164549 -2.89401e-4 0.0122199 -0.00518608 -2.95344e-4 1.35992e-4 -0.007778465 -2.95344e-4 0.001752495 -0.007778465 7.04656e-4 0.001752495 -0.004828512 7.04656e-4 -8.69762e-5 -0.004828512 7.04656e-4 -8.69762e-5 -0.004828512 -3.55467e-4 -8.69762e-5 -0.00500518 -3.10497e-4 2.37804e-5 -0.00518608 0.01490461 1.35995e-4 -0.0050354 0.01490461 0.004167556 -0.004107475 0.01490461 0.008123159 -0.002555668 0.01490461 0.01177108 -8.12773e-4 0.01490461 0.01445722 0.001458823 0.01490461 0.01672667 -0.007778465 0.01490461 0.001752495 -0.01163244 0.01490461 0.01212024 -0.01086932 0.01490461 0.008485078 -0.009575068 0.01490461 0.005003452 -1.63432e-4 0.01490461 0.01731163 -0.003359556 0.01490461 0.01688891 -0.006412506 0.01490461 0.01585274 -0.009205639 0.01490461 0.0142427 0.001114547 0.01490461 0.01712155 6.97587e-4 0.01490461 0.01724451 2.69335e-4 0.01490461 0.01730269 -1.63432e-4 0.01490461 0.01731163 -0.003359556 0.01490461 0.01688891 -0.006412506 0.01490461 0.01585274 -0.009205639 0.01490461 0.0142427 -0.01163244 0.01490461 0.01212024 -0.01165175 0.0148912 0.01226907 -0.01166951 0.01485013 0.01241177 -0.01168507 0.0147801 0.01254308 -0.01169669 0.01469153 0.01264488 -0.01170176 0.0146321 0.01269084 -0.01170569 0.01456594 0.01272672 -0.01170808 0.01450109 0.01274895 -0.01170903 0.01445335 0.01275801 -0.01170939 0.01440465 0.01276111 -0.009242057 0.01440465 0.0148279 -0.006429433 0.01440465 0.01639258 -0.003372251 0.01440465 0.01739907 -1.80248e-4 0.01440465 0.01781135 -1.67176e-4 0.0148921 0.01742285 -1.7073e-4 0.01485508 0.01752847 -1.73919e-4 0.01479554 0.01762318 -1.76582e-4 0.01471638 0.01770234 -1.78587e-4 0.01462155 0.01776188 -1.79827e-4 0.01451587 0.01779884 -0.009467661 0.01462155 0.01460915 -0.009433031 0.01471638 0.01456069 -0.009397685 0.0147801 0.01451128 -0.009338021 0.01484984 0.01442784 -0.009273231 0.0148909 0.01433724 -0.006598234 0.01462155 0.01626318 -0.006573677 0.01471638 0.01620888 -0.006548643 0.0147801 0.01615351 -0.006506323 0.01484984 0.01606005 -0.006460428 0.0148909 0.0159586 -0.003471076 0.01450109 0.0173667 -0.003461956 0.01462155 0.0173276 -0.003448426 0.01471638 0.01726961 -0.003434598 0.0147801 0.01721042 -0.003411293 0.01484984 0.01711052 -0.003385961 0.0148909 0.0170021 0.001458823 -2.95349e-4 0.01672667 0.00148791 -2.96586e-4 0.01668804 0.001507878 -3.00002e-4 0.01664429 0.00151962 -3.05158e-4 0.01659744 0.001524031 -3.1161e-4 0.01654928 0.001509845 -3.32676e-4 0.01642078 0.001460373 -3.63356e-4 0.01626139 0.00133419 -4.20349e-4 0.01599597 -8.7402e-4 -4.20348e-4 0.01357531 -0.002530097 -4.20347e-4 0.01074767 -0.004021406 -4.20346e-4 0.006726741 -0.004661381 -4.20345e-4 0.003172397 -0.004656076 -4.20326e-4 -4.37764e-4 -0.004828512 -3.55467e-4 -8.69762e-5 -0.00518608 -2.95344e-4 1.35992e-4 -0.00500518 -3.10497e-4 2.37804e-5 -8.78159e-4 -2.95348e-4 0.01437467 -0.002647936 -2.95348e-4 0.01159536 -0.004245042 -2.95346e-4 0.007694184 -0.005065202 -2.95345e-4 0.003940999 0.00133419 -4.20349e-4 0.01599597 -8.7402e-4 -4.20348e-4 0.01357531 -0.002530097 -4.20347e-4 0.01074767 -0.004021406 -4.20346e-4 0.006726741 -0.004661381 -4.20345e-4 0.003172397 -0.004656076 -4.20326e-4 -4.37764e-4 -0.004225075 -5.76416e-4 -0.001315236 -0.00386542 -6.98756e-4 -0.001214563 -0.003553092 -7.62416e-4 -0.001196086 -0.003322124 -7.87371e-4 -0.001221776 -0.003093957 -7.95342e-4 -0.00127846 -0.003269195 -7.95344e-4 0.002247273 -0.002771437 -7.95345e-4 0.005747497 -0.00146383 -7.95346e-4 0.009593784 -5.11929e-5 -7.95347e-4 0.01220971 0.001858294 -7.95348e-4 0.01451253 0.001381397 -6.11354e-4 0.01548123 0.001528203 -7.35319e-4 0.01502168 0.001672029 -7.79747e-4 0.01475661 0.00133419 0.0150296 0.01599597 0.001477718 0.01496315 0.01630896 0.001519918 0.01493209 0.01647764 0.001521527 0.01491606 0.01658463 0.0015046 0.01490843 0.01665353 0.001485407 0.01490563 0.01669222 0.001458823 0.01490461 0.01672667 -0.00518608 0.01490461 1.35995e-4 -0.0050354 0.01490461 0.004167556 -0.004107475 0.01490461 0.008123159 -0.002555668 0.01490461 0.01177108 -8.12773e-4 0.01490461 0.01445722 -0.004828512 0.01496475 -8.69725e-5 -0.00500518 0.01491975 2.38046e-5 -0.004656076 0.0150296 -4.37798e-4 -0.004659652 0.0150296 0.003192126 -0.004012048 0.0150296 0.006761252 -0.002524077 0.0150296 0.01076024 -8.69334e-4 0.0150296 0.01358175 0.001858294 0.01540464 0.01451253 -1.25069e-4 0.01540464 0.01209616 -0.001572847 0.01540464 0.009345233 -0.002606093 0.01540464 0.006396532 -0.003186285 0.01540464 0.003334164 -0.00328499 0.01540464 0.001024365 -0.003093957 0.01540464 -0.00127846 -0.003439307 0.01538622 -0.00120455 -0.003788888 0.01532703 -0.001204252 -0.004012584 0.0152648 -0.001245319 -0.004225075 0.01518571 -0.001315176 -0.004656076 0.0150296 -4.37798e-4 -0.004659652 0.0150296 0.003192126 -0.004012048 0.0150296 0.006761252 -0.002524077 0.0150296 0.01076024 -8.69334e-4 0.0150296 0.01358175 0.00133419 0.0150296 0.01599597 0.00162214 0.01537799 0.01483809 0.001457989 0.01530277 0.0151993 0.001364648 0.01518911 0.01557582 0.001340448 0.01511305 0.01578634 0.002934515 0.01190459 0.01732599 0.002910375 0.01232773 0.01736426 0.002839028 0.01273167 0.01747739 0.002723634 0.01309823 0.01766026 0.003327608 0.01190459 0.01756548 0.003293275 0.01220458 0.0175715 0.003194451 0.01248991 0.01758831 0.003042161 0.01275014 0.01761305 0.002893507 0.01293307 0.01763582 0.002723634 0.001511037 0.01766026 0.003033876 0.001847922 0.01761436 0.003217577 0.002171397 0.01758444 0.003299415 0.002432703 0.01757043 0.003327608 0.00270462 0.01756548 0.002934515 0.00270462 0.01732599 0.002910375 0.002281486 0.01736426 0.002839028 0.001877546 0.01747739 0.008914887 0.00150305 0.01480704 0.01161277 0.001460611 0.01156401 0.01320874 0.001322686 0.00924915 0.01346337 0.001245617 0.008686482 0.01353418 0.001202344 0.00845319 0.01357203 0.001153826 0.008239448 0.01357579 0.001099824 0.008045434 0.0135411 0.001035392 0.007859051 0.01347178 9.69773e-4 0.007707893 0.01335859 8.93292e-4 0.007569134 0.01316291 7.88923e-4 0.007426977 0.01300889 7.17716e-4 0.007353544 0.01284778 6.48699e-4 0.007295966 0.01155024 1.45841e-4 0.00701797 0.01020836 -3.10687e-4 0.006953597 0.008846342 -7.12926e-4 0.007102966 0.002157926 -7.12929e-4 0.01477378 0.002157926 -7.12929e-4 0.01477378 0.002043902 -7.02827e-4 0.01494002 0.001967608 -6.75154e-4 0.01512473 0.001925349 -6.33864e-4 0.01531821 0.001912534 -5.64849e-4 0.01557523 0.001924812 -5.15759e-4 0.01573359 0.001924812 -5.15759e-4 0.01573359 0.001949787 -4.6293e-4 0.01589047 0.001949787 -4.6293e-4 0.01589047 0.001991629 -3.42839e-4 0.01626425 0.001962304 -2.64683e-4 0.01657241 0.001895427 -2.28911e-4 0.01677477 0.001834988 -2.17017e-4 0.01688581 0.001758575 -2.12931e-4 0.0169878 0.001704216 -2.12931e-4 0.01705014 0.004211664 5.03368e-4 0.01669013 0.006645739 0.001082599 0.01593291 0.01492142 0.004758954 0.009913206 0.01488626 0.004164397 0.009894609 0.01483535 0.003900706 0.009911835 0.01480317 0.003815293 0.009931623 0.01477521 0.00376898 0.009952902 0.01475185 0.003744304 0.009973049 0.0147351 0.003733515 0.009988784 0.014719 0.00372821 0.01000499 0.01469296 0.003729879 0.01003319 0.01466852 0.003742635 0.01006197 0.01463812 0.003773927 0.01010084 0.01461273 0.003815233 0.01013606 0.01459151 0.003862142 0.01016759 0.01459151 0.01074713 0.01016759 0.01447075 0.007304668 0.01034855 0.01463538 0.01083147 0.01010453 0.01466423 0.01086318 0.01006728 0.01468729 0.01087737 0.01003968 0.0147131 0.01088178 0.01001107 0.01473045 0.01087772 0.009993374 0.01474726 0.01086831 0.00997734 0.01476973 0.01084715 0.009957432 0.01479601 0.01080769 0.00993669 0.01481878 0.01075768 0.009921312 0.01486659 0.01057565 0.009898543 0.01489996 0.01030856 0.009895443 0.01492142 0.009850323 0.009913206 0.008749961 0.01538336 0.006920576 0.008732974 0.01539111 0.006877899 0.008724749 0.01539647 0.006832063 0.008726358 0.01540297 0.006723403 0.008743584 0.01540464 0.006615936 0.001858294 0.01540464 0.01451253 0.001960694 0.01539534 0.01460182 0.002061188 0.01536768 0.01468944 0.002157926 0.0153222 0.01477378 0.008846342 0.0153222 0.007102966 0.008846342 0.0153222 0.007102966 0.01020836 0.01491999 0.006953597 0.01155024 0.01446342 0.00701797 0.01284778 0.01396059 0.007295966 0.0131902 0.01380693 0.007442772 0.01333975 0.01372706 0.007551729 0.01333975 0.01372706 0.007551729 0.01345992 0.01364868 0.007689356 0.01353579 0.01358014 0.007843077 0.01357126 0.01352411 0.007999002 0.01357126 0.01352411 0.007999002 0.01357752 0.01347553 0.008162498 0.01357752 0.01347553 0.008162498 0.01355004 0.01342195 0.008382201 0.01335096 0.01332181 0.008962154 0.0129463 0.0132426 0.00970447 0.01146614 0.01314342 0.01175034 0.008914887 0.01310622 0.01480704 0.006645739 0.01352661 0.01593291 0.004211664 0.01410591 0.01669013 0.001704216 0.01482218 0.01705014 0.001758575 0.01482218 0.01698786 0.001870393 0.01483196 0.01682543 0.001944065 0.01485961 0.01664376 0.001981854 0.01490086 0.01645553 0.001987457 0.01498031 0.01617008 0.001949787 0.01507222 0.01589047 0.001912117 0.01519304 0.0155093 0.001948297 0.0152707 0.01519513 0.00202912 0.01530879 0.01496857 0.00202912 0.01530879 0.01496857 0.002086818 0.01531875 0.01486754 0.002157926 0.0153222 0.01477378 0.002157926 0.0153222 0.01477378 0.001858294 0.01540464 0.01451253 0.001960694 0.01539534 0.01460182 0.002061188 0.01536768 0.01468944 0.002157926 0.0153222 0.01477378 0.00162214 0.01537799 0.01483809 0.001457989 0.01530277 0.0151993 0.001364648 0.01518911 0.01557582 0.001340448 0.01511305 0.01578634 0.00133419 0.0150296 0.01599597 0.001537442 0.01508581 0.01597583 0.00174576 0.01510024 0.01594012 0.001949787 0.01507222 0.01589047 0.001912117 0.01519304 0.0155093 0.001948297 0.0152707 0.01519513 0.00202912 0.01530879 0.01496857 0.002086818 0.01531875 0.01486754 0.00133419 0.0150296 0.01599597 0.001537442 0.01508581 0.01597583 0.00174576 0.01510024 0.01594012 0.001949787 0.01507222 0.01589047 0.001477718 0.01496315 0.01630896 0.001519918 0.01493209 0.01647764 0.001521527 0.01491606 0.01658463 0.0015046 0.01490843 0.01665353 0.001485407 0.01490563 0.01669222 0.001458823 0.01490461 0.01672667 0.001595139 0.0148881 0.01684528 0.001678287 0.01486128 0.01691776 0.001758575 0.01482218 0.01698786 0.001870393 0.01483196 0.01682543 0.001944065 0.01485961 0.01664376 0.001981854 0.01490086 0.01645553 0.001987457 0.01498031 0.01617008 0.001458823 0.01490461 0.01672667 0.001114547 0.01490461 0.01712155 0.001408457 0.01488387 0.01709359 0.001704216 0.01482218 0.01705014 0.001758575 0.01482218 0.01698786 0.001595139 0.0148881 0.01684528 0.001678287 0.01486128 0.01691776 0.001114547 0.01490461 0.01712155 0.001160979 0.01488947 0.01723432 0.001204669 0.01484507 0.01734036 0.001242816 0.01477402 0.0174331 0.001475095 0.01481682 0.01725256 0.001704216 0.01482218 0.01705014 0.001704216 0.01482218 0.01705014 0.001408457 0.01488387 0.01709359 0.001114547 0.01490461 0.01712155 6.97587e-4 0.01490461 0.01724451 2.69335e-4 0.01490461 0.01730269 -1.63432e-4 0.01490461 0.01731163 -1.67176e-4 0.0148921 0.01742285 -1.7073e-4 0.01485508 0.01752847 -1.73919e-4 0.01479554 0.01762318 -1.76582e-4 0.01471638 0.01770234 -1.78587e-4 0.01462155 0.01776188 -1.79827e-4 0.01451587 0.01779884 -1.80248e-4 0.01440465 0.01781135 3.16713e-4 0.01453351 0.01778358 7.97737e-4 0.01465779 0.01766407 0.001027643 0.01471751 0.01756471 0.001242816 0.01477402 0.0174331 0.001160979 0.01488947 0.01723432 0.001204669 0.01484507 0.01734036 2.97599e-4 0.01480072 0.01760661 5.26618e-4 0.01481968 0.01755559 7.53943e-4 0.01483792 0.01748722 0.008914887 0.01310622 0.01480704 0.006645739 0.01352661 0.01593291 0.004211664 0.01410591 0.01669013 0.001704216 0.01482218 0.01705014 0.001242816 0.01477402 0.0174331 0.001475095 0.01481682 0.01725256 -1.80248e-4 0.01440465 0.01781135 3.16713e-4 0.01453351 0.01778358 7.97737e-4 0.01465779 0.01766407 0.001027643 0.01471751 0.01756471 0.00304836 0.0134657 0.01761209 0.006208837 0.01271343 0.01679462 0.009129226 0.01218861 0.01540356 0.009131133 0.012591 0.01530206 0.00914067 0.0124613 0.01535171 0.009140074 0.0123263 0.0153858 0.008991718 0.01301825 0.01495814 0.00905478 0.01289999 0.01509416 0.009101867 0.01275587 0.01521021 0.004707753 0.01363301 0.01707285 0.002274096 0.01419556 0.01757907 0.002404987 0.01425027 0.01750439 0.003704726 0.01389038 0.01730203 0.006506681 0.01321864 0.01649212 0.007952928 0.01293361 0.01585322 0.007941961 0.01299351 0.01580876 0.008914887 0.01310622 0.01480704 0.008991718 0.01301825 0.01495814 0.00905478 0.01289999 0.01509416 0.009101867 0.01275587 0.01521021 0.009131133 0.012591 0.01530206 0.009151577 0.01249551 0.01533198 0.009166419 0.01239681 0.01535373 0.009175539 0.01229596 0.01536709 0.009223282 0.01243358 0.01530092 0.009255468 0.01256495 0.01521545 0.009271264 0.01268672 0.01511287 0.009055495 0.01300114 0.01492792 0.009176135 0.01285916 0.01503139 0.008846342 -7.12926e-4 0.007102966 0.002157926 -7.12929e-4 0.01477378 0.002061188 -7.58432e-4 0.01468944 0.001960694 -7.86076e-4 0.01460182 0.001858294 -7.95348e-4 0.01451253 0.008743584 -7.95345e-4 0.006615936 0.008723974 -7.92535e-4 0.00675249 0.008726298 -7.85899e-4 0.006844878 0.008734762 -7.80893e-4 0.006884038 0.008749961 -7.74097e-4 0.006920576 0.002157926 -7.12929e-4 0.01477378 0.002061188 -7.58432e-4 0.01468944 0.001960694 -7.86076e-4 0.01460182 0.001858294 -7.95348e-4 0.01451253 0.002043902 -7.02827e-4 0.01494002 0.001967608 -6.75154e-4 0.01512473 0.001925349 -6.33864e-4 0.01531821 0.001912534 -5.64849e-4 0.01557523 0.001924812 -5.15759e-4 0.01573359 0.001949787 -4.6293e-4 0.01589047 0.00174576 -4.90962e-4 0.01594012 0.001537442 -4.76552e-4 0.01597583 0.00133419 -4.20349e-4 0.01599597 0.001381397 -6.11354e-4 0.01548123 0.001528203 -7.35319e-4 0.01502168 0.001672029 -7.79747e-4 0.01475661 0.001949787 -4.6293e-4 0.01589047 0.00174576 -4.90962e-4 0.01594012 0.001537442 -4.76552e-4 0.01597583 0.00133419 -4.20349e-4 0.01599597 0.001991629 -3.42839e-4 0.01626425 0.001962304 -2.64683e-4 0.01657241 0.001895427 -2.28911e-4 0.01677477 0.001834988 -2.17017e-4 0.01688581 0.001758575 -2.12931e-4 0.0169878 0.001628637 -2.69595e-4 0.01687449 0.001544296 -2.8886e-4 0.01680105 0.001458823 -2.95349e-4 0.01672667 0.00148791 -2.96586e-4 0.01668804 0.001507878 -3.00002e-4 0.01664429 0.00151962 -3.05158e-4 0.01659744 0.001524031 -3.1161e-4 0.01654928 0.001509845 -3.32676e-4 0.01642078 0.001460373 -3.63356e-4 0.01626139 0.001758575 -2.12931e-4 0.0169878 0.001628637 -2.69595e-4 0.01687449 0.001544296 -2.8886e-4 0.01680105 0.001458823 -2.95349e-4 0.01672667 0.001704216 -2.12931e-4 0.01705014 0.001408457 -2.7462e-4 0.01709359 0.001114547 -2.95349e-4 0.01712149 0.001114547 -2.95349e-4 0.01712149 0.001160979 -2.80233e-4 0.01723432 0.001204669 -2.35796e-4 0.01734036 0.001242816 -1.64728e-4 0.0174331 8.87282e-4 -7.17351e-5 0.01762944 5.02639e-4 2.77199e-5 0.01774913 1.63831e-4 1.15267e-4 0.01780176 -1.80248e-4 2.04651e-4 0.01781135 -1.79827e-4 9.33902e-5 0.01779884 -1.78587e-4 -1.22911e-5 0.01776188 -1.76582e-4 -1.07094e-4 0.01770234 -1.73919e-4 -1.86265e-4 0.01762318 -1.7073e-4 -2.45834e-4 0.01752847 -1.67176e-4 -2.82813e-4 0.01742285 -1.63432e-4 -2.95349e-4 0.01731163 4.12509e-4 -2.95349e-4 0.01728898 7.68423e-4 -2.95349e-4 0.01722937 3.01547e-4 -1.91784e-4 0.01760584 4.62748e-4 -2.05304e-4 0.01757127 6.51941e-4 -2.20468e-4 0.01752042 0.001704216 -2.12931e-4 0.01705014 0.001408457 -2.7462e-4 0.01709359 0.001114547 -2.95349e-4 0.01712149 0.001704216 -2.12931e-4 0.01705014 0.001475095 -2.07576e-4 0.01725256 0.001242816 -1.64728e-4 0.0174331 0.001160979 -2.80233e-4 0.01723432 0.001204669 -2.35796e-4 0.01734036 0.008749961 0.01538336 0.006920576 0.008846342 0.0153222 0.007102966 0.01020836 0.01491999 0.006953597 0.01155024 0.01446342 0.00701797 0.01284778 0.01396059 0.007295966 0.01288998 0.0139721 0.007175743 0.01155304 0.01449674 0.00682938 0.01016092 0.0149694 0.006756663 0.008914887 0.01310622 0.01480704 0.009055495 0.01300114 0.01492792 0.009176135 0.01285916 0.01503139 0.009271264 0.01268672 0.01511287 0.01196092 0.01288586 0.01170414 0.01344513 0.01318758 0.009225845 0.01364356 0.01330715 0.008623898 0.01369541 0.01341664 0.008201897 0.01368063 0.01348 0.008003473 0.01363193 0.01355117 0.007813811 0.01354712 0.013628 0.007642924 0.013399 0.01372605 0.007467329 0.01316058 0.01385086 0.007297813 0.01288998 0.0139721 0.007175743 0.01284778 0.01396059 0.007295966 0.0131902 0.01380693 0.007442772 0.01333975 0.01372706 0.007551729 0.01345992 0.01364868 0.007689356 0.01353579 0.01358014 0.007843077 0.01357126 0.01352411 0.007999002 0.01357752 0.01347553 0.008162498 0.01355004 0.01342195 0.008382201 0.01335096 0.01332181 0.008962154 0.0129463 0.0132426 0.00970447 0.01146614 0.01314342 0.01175034 0.009131133 0.012591 0.01530206 0.009151577 0.01249551 0.01533198 0.009166419 0.01239681 0.01535373 0.009175539 0.01229596 0.01536709 0.00914067 0.0124613 0.01535171 0.009140074 0.0123263 0.0153858 0.009129226 0.01218861 0.01540356 0.009145557 0.01222449 0.01539283 0.009160995 0.01226031 0.01538068 0.01386195 0.009884297 0.0111792 0.01361382 0.009555459 0.01149713 0.01335161 0.009337186 0.01181554 0.01311188 0.009242892 0.0120927 0.01288455 0.009238779 0.01234424 0.01265597 0.009312212 0.01258665 0.01243728 0.009450495 0.01280939 0.01222085 0.009648621 0.01302188 0.01202011 0.009884297 0.01321125 0.01093971 0.0112344 0.01409834 0.01014631 0.01198619 0.01462703 0.009271264 0.01268672 0.01511287 0.009175539 0.01229596 0.01536709 0.009223282 0.01243358 0.01530092 0.009255468 0.01256495 0.01521545 0.009129226 0.01218861 0.01540356 0.009145557 0.01222449 0.01539283 0.009160995 0.01226031 0.01538068 0.01123529 0.01062816 0.01391345 0.01206254 0.009678184 0.01318168 0.01239866 0.009365975 0.01285547 0.01269775 0.009197473 0.0125494 0.01295644 0.009141802 0.01227182 0.01316809 0.009163081 0.01203519 0.01343709 0.009284079 0.01172107 0.01375436 0.009574294 0.01132971 0.01417434 0.01018464 0.01077258 0.01459151 0.01074713 0.01016759 0.01456069 0.01081985 0.01020729 0.01452362 0.01089203 0.0102424 0.01448053 0.01096308 0.01027262 0.01459151 0.01074713 0.01016759 0.01456069 0.01081985 0.01020729 0.01452362 0.01089203 0.0102424 0.01448053 0.01096308 0.01027262 0.01463538 0.01083147 0.01010453 0.01466423 0.01086318 0.01006728 0.01468729 0.01087737 0.01003968 0.0147131 0.01088178 0.01001107 0.01473045 0.01087772 0.009993374 0.01474726 0.01086831 0.00997734 0.01476973 0.01084715 0.009957432 0.01479601 0.01080769 0.00993669 0.01481878 0.01075768 0.009921312 0.01486659 0.01057565 0.009898543 0.01489996 0.01030856 0.009895443 0.01492142 0.009850323 0.009913206 0.01506084 0.009866654 0.009827256 0.01514017 0.009875893 0.009762346 0.01521241 0.009884297 0.009689569 0.01510888 0.01049113 0.009704411 0.01500815 0.01078021 0.009745299 0.01491904 0.01093769 0.009795904 0.01484405 0.01102542 0.009848952 0.01479303 0.01106625 0.009890675 0.01473963 0.01109355 0.009939551 0.01468896 0.01110428 0.009991705 0.01463031 0.01109802 0.01005905 0.01458424 0.0110771 0.01011794 0.01454591 0.011047 0.01017141 0.01451134 0.01100832 0.01022326 0.01492142 0.009850323 0.009913206 0.01506084 0.009866654 0.009827256 0.01514017 0.009875893 0.009762346 0.01521241 0.009884297 0.009689569 0.01492142 0.004758954 0.009913206 0.01506084 0.004742622 0.009827256 0.01514017 0.004733383 0.009762346 0.01521241 0.004724979 0.009689569 0.01535522 0.00730437 0.00970155 0.01492142 0.004758954 0.009913206 0.01506084 0.004742622 0.009827256 0.01514017 0.004733383 0.009762346 0.01521241 0.004724979 0.009689569 0.01488626 0.004164397 0.009894609 0.01483535 0.003900706 0.009911835 0.01480317 0.003815293 0.009931623 0.01477521 0.00376898 0.009952902 0.01475185 0.003744304 0.009973049 0.0147351 0.003733515 0.009988784 0.014719 0.00372821 0.01000499 0.01469296 0.003729879 0.01003319 0.01466852 0.003742635 0.01006197 0.01463812 0.003773927 0.01010084 0.01461273 0.003815233 0.01013606 0.01459151 0.003862142 0.01016759 0.01456069 0.003789365 0.01020729 0.01452362 0.003717243 0.0102424 0.01448053 0.003646194 0.01027256 0.01454967 0.003558635 0.01016587 0.01459133 0.003527879 0.01010853 0.01463836 0.003509104 0.0100494 0.014696 0.003505527 0.009984076 0.01474946 0.003519535 0.009930133 0.01479661 0.003545463 0.009887516 0.01484197 0.003581881 0.009850502 0.01488453 0.003626704 0.00981909 0.01493537 0.003695487 0.009785652 0.01499974 0.00381118 0.009749472 0.01507455 0.004000306 0.009716033 0.01516085 0.004358828 0.00969243 0.009129226 0.002420604 0.01540356 0.009145557 0.002384722 0.01539283 0.009160995 0.002348959 0.01538062 0.009175539 0.002313256 0.01536709 0.009223282 0.002175629 0.01530092 0.009255468 0.00204426 0.01521545 0.009271264 0.001922547 0.01511287 0.01078325 0.003214597 0.01421004 0.01202011 0.004724979 0.01321125 0.01231342 0.005052447 0.012932 0.01260465 0.005270361 0.0126397 0.012856 0.00536555 0.01237505 0.01308399 0.005371153 0.01212418 0.01330256 0.00529921 0.0118733 0.01350271 0.005161583 0.01163399 0.01369303 0.004962623 0.01139771 0.01386195 0.004724979 0.0111792 0.01448053 0.003646194 0.01027256 0.01459151 0.003862142 0.01016759 0.01456069 0.003789365 0.01020729 0.01452362 0.003717243 0.0102424 0.01376706 0.005019783 0.01131355 0.01357263 0.005221724 0.0115568 0.01337349 0.005363583 0.01179671 0.01317322 0.005444884 0.01202934 0.01291602 0.005464553 0.01231604 0.01267689 0.005403399 0.01257127 0.01236522 0.00521785 0.01288872 0.01190048 0.004739105 0.01333272 0.01063442 0.003448307 0.01438868 0.009131133 0.002018272 0.01530206 0.009151577 0.002113759 0.01533198 0.009166419 0.002212405 0.01535373 0.009175539 0.002313256 0.01536709 0.009101867 0.001853406 0.01521021 0.00905478 0.001709222 0.01509416 0.008991718 0.001591026 0.01495814 0.008914887 0.00150305 0.01480704 0.009055495 0.001608133 0.01492792 0.009176135 0.001750111 0.01503139 0.009271264 0.001922547 0.01511287 0.009223282 0.002175629 0.01530092 0.009255468 0.00204426 0.01521545 0.008914887 0.00150305 0.01480704 0.009055495 0.001608133 0.01492792 0.009176135 0.001750111 0.01503139 0.009271264 0.001922547 0.01511287 0.01161277 0.001460611 0.01156401 0.01320874 0.001322686 0.00924915 0.01346337 0.001245617 0.008686482 0.01353418 0.001202344 0.00845319 0.01357203 0.001153826 0.008239448 0.01357579 0.001099824 0.008045434 0.0135411 0.001035392 0.007859051 0.01347178 9.69773e-4 0.007707893 0.01335859 8.93292e-4 0.007569134 0.01316291 7.88923e-4 0.007426977 0.01300889 7.17716e-4 0.007353544 0.01284778 6.48699e-4 0.007295966 0.01288998 6.37173e-4 0.007175743 0.01322007 7.87322e-4 0.007332324 0.01337409 8.68863e-4 0.007444977 0.01350539 9.5082e-4 0.007583737 0.01361 0.001035273 0.007759749 0.01367229 0.001112937 0.007957041 0.013695 0.00118184 0.008165955 0.01367604 0.001260697 0.008451282 0.01349574 0.00139904 0.009099125 0.01312083 0.001525521 0.009896874 0.01178038 0.001744329 0.01195359 0.008846342 -7.12926e-4 0.007102966 0.008749961 -7.74097e-4 0.006920576 0.01016104 -3.60089e-4 0.006756663 0.01155316 1.12552e-4 0.00682944 0.01288998 6.37173e-4 0.007175743 0.01284778 6.48699e-4 0.007295966 0.01155024 1.45841e-4 0.00701797 0.01020836 -3.10687e-4 0.006953597 0.00259763 0.01390463 0.01434886 -0.003469645 0.01390463 0.009058594 0.003622412 0.008904635 0.008608698 0.004021227 0.00994575 0.009101808 0.004268169 0.0110042 0.009784936 0.004317224 0.01199454 0.01063281 0.004147648 0.01282823 0.01158845 0.003773152 0.01343756 0.01257425 0.003297328 0.01376861 0.01342225 0.002958238 0.0138719 0.01390534 -1.83716e-4 0.008904635 0.005289971 -0.002738475 0.01377928 0.008219957 -0.002043902 0.01340949 0.0074234 -0.001420915 0.0128138 0.00670886 -9.00611e-4 0.01202207 0.006112158 -5.09132e-4 0.01107406 0.005663156 -2.66101e-4 0.01001721 0.005384445 0.001898407 0.01390463 0.01493859 0.002151131 0.01390463 0.01476621 0.00238502 0.01390463 0.01456892 0.00259763 0.01390463 0.01434886 0.002939701 0.01190459 0.01664614 0.002913534 0.01234966 0.01660335 0.002836525 0.01277238 0.01647704 0.002712488 0.01315158 0.01627361 0.002547621 0.01346826 0.01600325 0.002350151 0.01370656 0.01567947 0.002130091 0.0138545 0.01531857 0.004105031 0.01190459 0.01566326 0.003750741 0.01190459 0.01603001 0.003360927 0.01190459 0.01635879 0.002933025 0.0138545 0.01464134 0.003251671 0.01370656 0.01491916 0.003537476 0.01346826 0.01516836 0.003776192 0.01315158 0.0153765 0.003955781 0.01277238 0.01553308 0.004067242 0.01234966 0.0156303 0.003330588 0.01234966 0.01631885 0.003716528 0.01234966 0.01599341 0.003241121 0.01277238 0.01620107 0.003615498 0.01277238 0.01588535 0.003096997 0.01315158 0.01601135 0.003452777 0.01315158 0.01571124 0.002905428 0.01346826 0.01575917 0.003236532 0.01346826 0.01547992 0.002676069 0.01370656 0.01545721 0.002977609 0.01370656 0.01520287 0.002420365 0.0138545 0.01512056 0.002688944 0.0138545 0.01489406 0.00259763 0.01390463 0.01434886 0.002933025 0.0138545 0.01464134 0.003251671 0.01370656 0.01491916 0.003537476 0.01346826 0.01516836 0.003776192 0.01315158 0.0153765 0.003955781 0.01277238 0.01553308 0.004067242 0.01234966 0.0156303 0.004105031 0.01190459 0.01566326 0.003622412 0.008904635 0.008608698 0.004335105 0.009529292 0.009375512 0.00490117 0.01016438 0.01033687 0.005248785 0.01075857 0.0114451 0.005330562 0.01125878 0.01261991 0.005139768 0.01162439 0.01376587 0.004763722 0.01182299 0.01470088 0.004455804 0.01188498 0.01521116 0.003622412 0.008904635 0.008608698 0.004021227 0.00994575 0.009101808 0.004268169 0.0110042 0.009784936 0.004317224 0.01199454 0.01063281 0.004147648 0.01282823 0.01158845 0.003773152 0.01343756 0.01257425 0.003297328 0.01376861 0.01342225 0.002958238 0.0138719 0.01390534 0.004584252 0.01045018 0.009857296 0.005018055 0.01184242 0.0114783 0.004989385 0.01242691 0.01240056 0.00476408 0.01289653 0.01337349 0.0043208 0.01320832 0.01435631 0.002939701 0.00270462 0.01664614 0.003360927 0.00270462 0.01635879 0.003750741 0.00270462 0.01603001 0.004105031 0.00270462 0.01566326 0.003622412 0.005704641 0.008608698 0.004335105 0.005079925 0.009375512 0.00490117 0.004444897 0.01033687 0.005248785 0.003850698 0.0114451 0.005330562 0.003350436 0.01261991 0.005139768 0.002984881 0.01376587 0.004763722 0.002786219 0.01470088 0.004455804 0.002724289 0.01521116 0.003622412 0.008904635 0.008608698 0.004335105 0.009529292 0.009375512 0.00490117 0.01016438 0.01033687 0.005248785 0.01075857 0.0114451 0.005330562 0.01125878 0.01261991 0.005139768 0.01162439 0.01376587 0.004763722 0.01182299 0.01470088 0.004455804 0.01188498 0.01521116 0.004105031 0.01190459 0.01566326 0.003750741 0.01190459 0.01603001 0.003360927 0.01190459 0.01635879 0.002939701 0.01190459 0.01664614 0.004105031 0.00270462 0.01566326 0.004067242 0.002259552 0.0156303 0.003955781 0.001836836 0.01553308 0.003776192 0.001457631 0.0153765 0.003537476 0.001140952 0.01516836 0.003251671 9.02714e-4 0.01491916 0.002933025 7.54796e-4 0.01464134 0.00259763 7.04652e-4 0.01434886 0.003622412 0.005704641 0.008608698 0.004021227 0.004663467 0.009101808 0.004268169 0.003605008 0.009784936 0.004317224 0.002614736 0.01063281 0.004147648 0.001781046 0.01158845 0.003773152 0.001171708 0.01257425 0.003297328 8.40662e-4 0.01342225 0.002958238 7.37398e-4 0.01390534 0.003622412 0.005704641 0.008608698 0.004335105 0.005079925 0.009375512 0.00490117 0.004444897 0.01033687 0.005248785 0.003850698 0.0114451 0.005330562 0.003350436 0.01261991 0.005139768 0.002984881 0.01376587 0.004763722 0.002786219 0.01470088 0.004455804 0.002724289 0.01521116 0.004584252 0.004159033 0.009857296 0.005018055 0.002766788 0.0114783 0.004989385 0.002182304 0.01240056 0.00476408 0.001712739 0.01337349 0.0043208 0.001400887 0.01435631 0.003622412 0.005704641 0.008608698 -1.83716e-4 0.005704641 0.005289971 0.004021227 0.004663467 0.009101808 0.004268169 0.003605008 0.009784936 0.004317224 0.002614736 0.01063281 0.004147648 0.001781046 0.01158845 0.003773152 0.001171708 0.01257425 0.003297328 8.40662e-4 0.01342225 0.002958238 7.37398e-4 0.01390534 0.00259763 7.04652e-4 0.01434886 -0.003469645 7.04654e-4 0.009058535 -2.66101e-4 0.004592001 0.005384445 -5.09132e-4 0.003535211 0.005663156 -9.00611e-4 0.002587199 0.006112158 -0.001420915 0.00179547 0.00670886 -0.002043902 0.001199781 0.0074234 -0.002738475 8.30014e-4 0.008219957 0.004234671 0.01540464 -0.003363013 0.005684435 0.01540464 -0.002871096 0.00893265 0.01477295 -0.004749059 0.01241475 0.0145328 -0.006853044 0.01578027 0.01458096 -0.008953392 0.01546943 0.01444721 -0.01013767 0.01532685 0.01426649 -0.01084148 0.01514327 0.01407831 -0.01125413 0.01484918 0.01379662 -0.01163452 0.01455944 0.01350539 -0.01188898 0.0142709 0.01317495 -0.01209253 0.01378583 0.01240348 -0.01240658 0.01344615 0.01152217 -0.01261442 0.01323246 0.01053225 -0.01274043 0.01312279 0.009517729 -0.01280337 0.00148499 0.009517729 -0.007740855 0.002398371 0.01429575 -0.005445539 0.001960635 0.01328134 -0.006462037 0.001690387 0.01215165 -0.007160246 0.001551926 0.01100981 -0.007546067 0.001508176 0.01026815 -0.007672667 0.00297302 0.01477938 -0.004785239 0.003595948 0.01514816 -0.004079639 0.005551815 0.01478695 -0.004943609 0.004243671 0.01447755 -0.005495727 0.005204617 0.01453083 -0.005543529 0.003827869 0.01398003 -0.006219744 0.00484699 0.01422917 -0.006079256 0.007248878 0.01444029 -0.00615555 0.006443679 0.01405298 -0.00686562 0.004481494 0.01332104 -0.007270574 0.00608015 0.01374596 -0.007285118 0.01388096 0.01416474 -0.01015323 0.01267886 0.01376068 -0.01039379 0.01310539 0.01398068 -0.0101732 0.01304131 0.01338917 -0.01117581 0.01466023 0.01394742 -0.01123118 0.01436054 0.01374781 -0.0114175 0.01434171 0.0135461 -0.01170897 0.002846181 0.0122773 -0.007528007 0.002743124 0.01194196 -0.007672846 0.009322404 0.01421409 -0.007499396 0.00869286 0.01300179 -0.009405851 0.004631578 0.01231235 -0.008215069 0.01036739 0.01414525 -0.008176624 0.004805624 0.01176536 -0.0085994 0.004719436 0.01143229 -0.008707642 0.01132118 0.01407635 -0.00887382 0.007760643 0.01080304 -0.0102123 0.01164054 0.01244634 -0.01131075 0.01105487 0.0118879 -0.0113365 0.01089006 0.01146197 -0.01142936 0.01172685 0.0111683 -0.01190572 0.01290649 0.0121631 -0.01209425 0.013085 0.01195853 -0.01227676 0.005684435 0.01540464 -0.002871096 0.007040619 0.01540464 -0.00204724 0.008179128 0.01540464 -9.31973e-4 0.009068667 0.01540464 3.85972e-4 0.009704113 0.01540464 0.001850128 0.009949743 0.01540464 0.002788662 0.01008957 0.01540464 0.003755331 0.02027112 0.01450103 -0.005223155 0.01584923 0.01434636 -0.001058936 0.01289063 0.01466757 0.001495063 0.01935148 0.01452422 -0.00557059 0.01798671 0.01454365 -0.006236493 0.01692968 0.01457267 -0.007109224 0.01626533 0.01459461 -0.007966101 0.01578027 0.01458096 -0.008953392 0.00893265 0.01477295 -0.004749059 0.01241475 0.0145328 -0.006853044 0.01116335 0.01481217 -0.001894116 0.01284468 0.01459336 -0.003121256 0.0145272 0.01449871 -0.004382729 0.01356351 0.01455074 -0.005824923 0.01008957 0.01540464 0.003755331 0.01009488 0.01540464 0.003815889 0.01079976 0.01519751 0.004828572 0.01780325 0.01002901 0.007609188 0.01756536 0.01134496 0.007550001 0.01728081 0.01194989 0.007477104 0.01682984 0.01251381 0.007356584 0.01626461 0.01298767 0.007196068 0.01507687 0.01366674 0.006819307 0.01352137 0.01430207 0.006227672 0.02364712 0.01002901 0.001434028 0.02361923 0.0106728 0.001336336 0.02355635 0.01128476 0.001121044 0.02345526 0.01183795 7.87623e-4 0.02332043 0.01231998 3.65306e-4 0.0230987 0.012856 -2.8274e-4 0.0226897 0.0134772 -0.001356005 0.02211833 0.01398336 -0.00266087 0.02145081 0.01431316 -0.003981351 0.02115207 0.01440036 -0.004472732 0.02076154 0.0144636 -0.004899203 0.02027112 0.01450103 -0.005223155 0.01584923 0.01434636 -0.001058936 0.01289063 0.01466757 0.001495063 0.01633048 0.01364624 0.00486958 0.01383566 0.01439499 0.004110157 0.01588135 0.01400887 0.003283202 0.01627308 0.0138843 0.003558754 0.01518684 0.01419109 0.002892136 0.01987653 0.01317292 0.002286911 0.02038103 0.0128597 0.002558827 0.01946181 0.01422929 -0.002402245 0.0196709 0.0112459 0.005304634 0.02276992 0.01112067 0.002039253 0.02097225 0.01229459 0.002945542 0.0226925 0.01149284 0.001898467 0.01586204 0.01421689 0.001176595 0.01781284 0.01400852 5.98166e-4 0.017807 0.01256096 0.006119847 0.01827514 0.01258993 0.005517125 0.01884794 0.0127837 0.004459679 0.01990956 0.01230257 0.004111647 0.02008038 0.01249396 0.003619551 0.02061945 0.01263678 0.002764225 0.02275019 0.01255005 6.21565e-4 0.01546943 0.01444721 -0.01013767 0.01532685 0.01426649 -0.01084148 0.01514327 0.01407831 -0.01125413 0.01484918 0.01379662 -0.01163452 0.01455944 0.01350539 -0.01188898 0.0142709 0.01317495 -0.01209253 0.01546943 0.0140044 -0.01013761 0.0142709 0.01219415 -0.01209253 0.0147252 0.01295787 -0.01175266 0.01506084 0.01340794 -0.01138132 0.01525843 0.01366788 -0.01102596 0.01538586 0.01385837 -0.01062029 0.0142709 0.01317495 -0.01209253 0.01378583 0.01240348 -0.01240658 0.01344615 0.01152217 -0.01261442 0.01323246 0.01053225 -0.01274043 0.01312279 0.009517729 -0.01280337 0.01312279 0.005091547 -0.01280337 0.01337474 0.003351688 -0.01265692 0.01375102 0.002277731 -0.01242834 0.01398849 0.001838505 -0.0122779 0.0142709 0.001434326 -0.01209253 0.0142709 0.00241506 -0.01209253 0.01396656 0.003219902 -0.01229131 0.01377248 0.004110872 -0.01241469 0.01365453 0.005209147 -0.01248806 0.01365453 0.009400129 -0.01248806 0.01382213 0.01078212 -0.01238369 0.01401513 0.01154613 -0.01226061 0.0142709 0.01219415 -0.01209253 0.0142709 0.001434326 -0.01209253 0.0142709 0.00241506 -0.01209253 0.01546943 6.04839e-4 -0.01013767 0.01538074 7.5948e-4 -0.01064288 0.01524126 9.64731e-4 -0.01106494 0.01503568 0.001233875 -0.01141619 0.01478052 0.001573503 -0.01170194 0.01452416 0.001954674 -0.01191532 0.01546943 1.6209e-4 -0.01013767 0.01481837 8.42614e-4 -0.01166576 0.01507121 6.00292e-4 -0.01136654 0.01526618 4.08234e-4 -0.01100784 0.01539295 2.62329e-4 -0.01058489 0.01546943 0.0140044 -0.01013761 0.01563072 0.01413935 -0.009413778 0.01586955 0.01420283 -0.00872904 0.01651573 0.01421338 -0.007599949 0.01738655 0.01418751 -0.006679892 0.01832515 0.01416915 -0.006032705 0.01881861 0.01416313 -0.005784094 0.01935148 0.01415681 -0.00557059 0.01935148 0.01452422 -0.00557059 0.01798671 0.01454365 -0.006236493 0.01692968 0.01457267 -0.007109224 0.01626533 0.01459461 -0.007966101 0.01578027 0.01458096 -0.008953392 0.01546943 0.01444721 -0.01013767 0.01935148 8.50884e-5 -0.00557059 0.01935148 4.52502e-4 -0.00557059 0.01802849 4.35512e-4 -0.006209969 0.01695322 4.09329e-4 -0.007084846 0.0162909 3.91021e-4 -0.007925629 0.01586955 4.06435e-4 -0.00872904 0.01562613 4.72129e-4 -0.00943017 0.01546943 6.04839e-4 -0.01013767 0.01546943 1.6209e-4 -0.01013767 0.01578027 2.83052e-5 -0.008953392 0.01633661 1.65063e-5 -0.007854938 0.01712924 4.33414e-5 -0.006909728 0.01810812 6.79684e-5 -0.00616002 0.01871329 7.72453e-5 -0.005832254 0.02145081 0.01391929 -0.003981351 0.02233338 0.01336485 -0.00219196 0.02291661 0.01260173 -7.77423e-4 0.0231412 0.01209837 -1.62525e-4 0.02327495 0.01166015 2.29701e-4 0.02340012 0.01101708 6.12037e-4 0.0234571 0.01046371 7.93824e-4 0.02348303 0.009884297 8.77865e-4 0.02348303 0.004724979 8.77865e-4 0.02351903 0.007305383 9.96253e-4 0.02343958 0.003931939 7.37805e-4 0.02334988 0.00328499 4.54471e-4 0.02322322 0.002759993 7.47666e-5 0.0230754 0.002341568 -3.47637e-4 0.02284181 0.001876294 -9.72889e-4 0.02259987 0.001530587 -0.001574158 0.02233338 0.001244425 -0.00219196 0.02145081 6.90024e-4 -0.003981351 0.02145081 2.96135e-4 -0.003981351 0.02253305 9.62608e-4 -0.001733243 0.02314043 0.001838684 -1.6482e-4 0.02337878 0.002476215 5.45219e-4 0.02351337 0.003055691 9.77393e-4 0.02360123 0.003712475 0.001274108 0.02363127 0.004139304 0.001378357 0.02364712 0.004580199 0.001434028 0.02364712 0.01002901 0.001434028 0.02368307 0.007304608 0.001560807 0.02361923 0.0106728 0.001336336 0.02355635 0.01128476 0.001121044 0.02345526 0.01183795 7.87623e-4 0.02332043 0.01231998 3.65306e-4 0.0230987 0.012856 -2.8274e-4 0.0226897 0.0134772 -0.001356005 0.02211833 0.01398336 -0.00266087 0.02145081 0.01431316 -0.003981351 0.02014487 0.01413714 -0.005283355 0.02067393 0.01409882 -0.004970073 0.02105045 0.01404052 -0.004604279 0.02124089 0.01399272 -0.004342138 0.02145081 0.01391929 -0.003981351 0.01935148 0.01415681 -0.00557059 0.01935148 0.01452422 -0.00557059 0.02027112 0.01450103 -0.005223155 0.02145081 0.01431316 -0.003981351 0.02115207 0.01440036 -0.004472732 0.02076154 0.0144636 -0.004899203 0.01935148 8.50884e-5 -0.00557059 0.01935148 4.52502e-4 -0.00557059 0.02014487 4.72157e-4 -0.005283355 0.02145081 6.90024e-4 -0.003981351 0.02109086 5.77576e-4 -0.004554033 0.02072083 5.1582e-4 -0.00493282 0.02040284 4.86424e-4 -0.005152344 0.02145081 2.96135e-4 -0.003981351 0.02027112 1.08279e-4 -0.005223155 0.02075737 1.45318e-4 -0.004902303 0.02115058 2.08588e-4 -0.004474878 0.002398371 3.13509e-4 -0.005445539 0.00297302 -1.70094e-4 -0.004785239 0.003595948 -5.38893e-4 -0.004079639 0.004234671 -7.95342e-4 -0.003363013 0.00148499 0.005091547 -0.007740855 0.001582086 0.003264844 -0.007460176 0.001749098 0.002144515 -0.007003009 0.00202459 0.001138865 -0.006305694 0.00219959 7.03956e-4 -0.005892336 0.01312279 0.005091547 -0.01280337 0.01337474 0.003351688 -0.01265692 0.01375102 0.002277731 -0.01242834 0.01398849 0.001838505 -0.0122779 0.0142709 0.001434326 -0.01209253 0.01481837 8.42614e-4 -0.01166576 0.01507121 6.00292e-4 -0.01136654 0.01526618 4.08234e-4 -0.01100784 0.01539295 2.62329e-4 -0.01058489 0.01546943 1.6209e-4 -0.01013767 0.01578027 2.83052e-5 -0.008953392 0.005684435 -7.95342e-4 -0.002871096 0.00893265 -1.63688e-4 -0.004749059 0.01241475 7.65058e-5 -0.006853044 0.005411803 -8.01133e-5 -0.005192101 0.00526601 2.99639e-5 -0.005442082 0.003919661 5.11851e-4 -0.006070077 0.004945397 2.94229e-4 -0.00594145 0.007322728 1.33896e-4 -0.006064534 0.006543159 4.77856e-4 -0.006736099 0.004586875 0.001131594 -0.00712496 0.006186783 7.6967e-4 -0.007169842 0.01385176 5.07017e-4 -0.01032376 0.01306825 6.46323e-4 -0.0101937 0.01256197 9.16199e-4 -0.0104503 0.01295429 0.001293182 -0.01121789 0.01452529 8.59344e-4 -0.01151412 0.01431888 0.001006722 -0.01161718 0.00292468 0.002084136 -0.007398009 0.002297699 0.003024578 -0.007656872 0.002664744 0.002907872 -0.007754266 0.009348571 3.8133e-4 -0.007466077 0.00869131 0.00159496 -0.009391665 0.004560947 0.002437591 -0.008275806 0.01036924 4.60918e-4 -0.008167684 0.004715442 0.003168344 -0.008702635 0.0113101 5.35931e-4 -0.008876502 0.007757484 0.003800392 -0.01020956 0.01147001 0.002448081 -0.01139771 0.01088708 0.003139019 -0.01142513 0.01270252 0.002919912 -0.0121994 0.01293212 0.003059804 -0.01235812 0.01312279 0.005091547 -0.01280337 0.00148499 0.005091547 -0.007740855 0.00148499 0.009517729 -0.007740855 0.01312279 0.009517729 -0.01280337 0.005684435 -7.95342e-4 -0.002871096 0.00893265 -1.63688e-4 -0.004749059 0.01241475 7.65058e-5 -0.006853044 0.01578027 2.83052e-5 -0.008953392 0.01633661 1.65063e-5 -0.007854938 0.01712924 4.33414e-5 -0.006909728 0.01810812 6.79684e-5 -0.00616002 0.01871329 7.72453e-5 -0.005832254 0.01935148 8.50884e-5 -0.00557059 0.02027112 1.08279e-4 -0.005223155 0.01008957 -7.95344e-4 0.003755331 0.01347148 4.0411e-5 0.001007914 0.0170384 2.81431e-4 -0.002136766 0.007040619 -7.95342e-4 -0.00204724 0.008179128 -7.95342e-4 -9.31974e-4 0.009068667 -7.95342e-4 3.8597e-4 0.009704113 -7.95343e-4 0.001850128 0.009949743 -7.95343e-4 0.002788662 0.01149547 -1.4845e-4 -0.002133667 0.01315832 4.21405e-5 -0.003354012 0.015208 1.19552e-4 -0.004901587 0.01391464 6.43535e-5 -0.006072223 0.01008957 -7.95344e-4 0.003755331 0.01347148 4.0411e-5 0.001007914 0.0170384 2.81431e-4 -0.002136766 0.02027112 1.08279e-4 -0.005223155 0.02075737 1.45318e-4 -0.004902303 0.02115058 2.08588e-4 -0.004474878 0.02145081 2.96135e-4 -0.003981351 0.02253305 9.62608e-4 -0.001733243 0.02314043 0.001838684 -1.6482e-4 0.02337878 0.002476215 5.45219e-4 0.02351337 0.003055691 9.77393e-4 0.02360123 0.003712475 0.001274108 0.02363127 0.004139304 0.001378357 0.02364712 0.004580199 0.001434028 0.01780325 0.004580199 0.007609188 0.01079976 -5.8821e-4 0.004828572 0.01360183 3.36471e-4 0.006261467 0.01590573 0.001385271 0.007088184 0.01676964 0.002036392 0.007340013 0.01724684 0.002605915 0.007468223 0.01755362 0.003230392 0.00754708 0.01771897 0.003895163 0.007588446 0.01009488 -7.95344e-4 0.003815889 0.01458454 3.9512e-4 0.004133224 0.01650673 9.32543e-4 0.004442036 0.01334148 6.85244e-5 0.003507792 0.01619714 5.89778e-4 0.002646684 0.01675665 7.56409e-4 0.00302428 0.02027887 4.30965e-4 -0.002483665 0.01967936 0.003375709 0.005301058 0.02277469 0.003500223 0.002039849 0.02099186 0.002335846 0.002954065 0.022722 0.003236711 0.001948595 0.01668787 4.32941e-4 3.90377e-4 0.01853924 6.53316e-4 2.43353e-4 0.02020883 0.001629531 0.002457618 0.01785987 0.002010703 0.00599271 0.01838129 0.001989722 0.005338609 0.02005696 0.002434432 0.004121065 0.02046692 0.001848459 0.002682328 0.01902741 0.001879453 0.004366636 0.02209556 0.001958072 0.00114578 0.02269577 0.002001941 5.84306e-4 0.02125549 0.001019418 -4.2142e-4 0.01780325 0.004580199 0.007609188 0.01793408 0.007304608 0.007641375 0.01780325 0.01002901 0.007609188 0.02364712 0.01002901 0.001434028 0.02368307 0.007304608 0.001560807 0.02364712 0.004580199 0.001434028 0.02177512 0.005942404 0.003477513 0.02299821 0.007985711 0.002239465 0.02097946 0.009007394 0.004294812</float_array>
          <technique_common>
            <accessor source="#¾µв3_3_1-mesh-positions-array" count="2865" stride="3">
              <param name="X" type="float"/>
              <param name="Y" type="float"/>
              <param name="Z" type="float"/>
            </accessor>
          </technique_common>
        </source>
        <source id="¾µв3_3_1-mesh-normals">
          <float_array id="¾µв3_3_1-mesh-normals-array" count="8385">0.5255024 -0.2725198 0.8059656 0.5159214 -0.4023799 0.756251 0.5363572 -0.3068952 0.7862164 0.5511984 -0.2082163 0.8079768 0.5248054 -0.1376838 0.8400135 0.5602537 -0.1073057 0.8213412 0.5456233 -0.07171148 0.8349568 0.5302705 -0.03590708 0.847068 0.5139957 -1.37268e-5 0.8577928 -0.5351694 3.36626e-7 -0.8447448 -0.5204705 7.47271e-7 -0.8538797 -0.5350027 3.40437e-7 -0.8448504 -0.5208078 0 -0.8536739 -0.5492447 3.33391e-7 -0.8356617 -0.5494053 3.40439e-7 -0.835556 -0.5631732 0 -0.826339 -0.5634927 7.45559e-7 -0.826121 -0.1253533 -0.974929 -0.183848 3.01376e-6 -1 1.84029e-5 9.09716e-6 -1 4.78327e-6 -0.5349799 -1.17838e-4 -0.8448649 -0.5076112 -0.2226686 -0.8323159 -0.5205146 -1.05843e-4 -0.8538528 -0.1191306 -0.9748851 -0.1881677 -8.45984e-4 -0.9999996 4.41901e-4 -0.1158155 -0.9749357 -0.1899663 8.62777e-6 -1 1.19656e-5 -0.1223394 -0.9748865 -0.1860899 -0.232164 -0.9009537 -0.3665821 -0.225966 -0.9009651 -0.370407 -0.2382894 -0.9010435 -0.3624072 -0.2445284 -0.9009402 -0.3584867 -0.3336619 -0.7818013 -0.5267414 -0.3246515 -0.7817779 -0.5323764 -0.3425097 -0.7818851 -0.5209058 -0.3513298 -0.7818009 -0.515126 -0.4185119 -0.623381 -0.6604877 -0.4071684 -0.6235033 -0.6674261 -0.4292622 -0.6237916 -0.65316 -0.4401335 -0.6236283 -0.6460421 -0.4819781 -0.4338068 -0.7612547 -0.4694361 -0.4337052 -0.7691097 -0.4947615 -0.4341407 -0.7528166 -0.5077626 -0.4338453 -0.7442818 -0.5217103 -0.2226532 -0.8235557 -0.5355923 -0.2226338 -0.8146012 -0.5492865 -1.2435e-5 -0.8356341 -0.563408 9.26674e-5 -0.8261789 -0.5492753 -0.2224982 -0.8054758 -0.5491598 0.2225205 -0.8055484 -0.5634099 -9.69917e-5 -0.8261776 -0.5493843 1.84774e-6 -0.8355699 -0.5218172 0.2221946 -0.8236118 -0.5201525 2.34478e-5 -0.8540735 -0.5075767 0.2223896 -0.8324115 -0.5349003 6.6258e-5 -0.8449153 -0.5355018 0.2226581 -0.8146541 -0.4820122 0.434116 -0.7610569 -0.4692009 0.4341577 -0.768998 -0.4948574 0.433681 -0.7530187 -0.5077732 0.4339482 -0.7442147 -0.4183534 0.6237569 -0.6602331 -0.4074038 0.6233355 -0.6674391 -0.4292882 0.6237803 -0.6531538 -0.4403966 0.6234432 -0.6460415 -0.3333845 0.7821404 -0.5264135 -0.3246188 0.7817639 -0.5324171 -0.3423208 0.7821259 -0.5206685 -0.3513352 0.7818033 -0.5151187 -0.2321599 0.9009488 -0.3665968 -0.2259502 0.9009794 -0.3703819 -0.2383881 0.9009458 -0.362585 -0.2445214 0.9009529 -0.3584593 -0.1190543 0.9749269 -0.1879996 -2.41883e-5 1 -1.76504e-5 8.89227e-6 1 6.88434e-6 -0.1159307 0.9749403 -0.1898726 -0.1222776 0.9749079 -0.1860184 1.5378e-5 1 1.61752e-5 7.65942e-4 0.9999996 -5.49182e-4 -0.1253597 0.9749342 -0.1838165 -0.657134 0 0.7537739 0.2996731 -0.9175866 0.2612107 -0.657155 0 0.7537555 0.2996323 0.9176211 0.2611358 -0.6049213 2.19122e-5 -0.7962853 -0.5076151 0.2224916 -0.8323608 -0.5206729 1.16676e-5 -0.8537564 -0.1346337 0.9749029 -0.1773083 9.69088e-6 1 2.01333e-5 -0.1157961 0.9749331 -0.1899918 -5.71609e-5 1 -8.41096e-5 -0.151925 0.9749329 -0.1625568 1.77026e-5 1 1.40816e-5 -1.08331e-5 1 -2.25753e-6 -0.1677592 0.9749279 -0.1461937 -0.2624638 0.9009538 -0.3455358 -0.2259325 0.9009807 -0.3703896 -0.2962827 0.9009524 -0.3170198 -0.3270202 0.9009885 -0.2850923 -0.3771745 0.7818208 -0.4964832 -0.3246526 0.7818079 -0.532332 -0.4257164 0.781848 -0.4554991 -0.4699226 0.7818277 -0.4097784 -0.4729831 0.6234623 -0.6225606 -0.4070464 0.6235054 -0.6674985 -0.5339347 0.6234283 -0.5711839 -0.5893024 0.6235096 -0.513769 -0.5449864 0.433854 -0.7174683 -0.4690459 0.4338935 -0.7692415 -0.6152454 0.4337709 -0.6582674 -0.6790718 0.4339026 -0.5921064 -0.5897484 0.2224855 -0.7763357 -0.6657269 0.2226117 -0.7122161 -0.7537102 1.2636e-5 -0.657207 -0.7347743 0.2225016 -0.6407806 -0.6828432 2.38419e-7 -0.730565 -0.03360921 8.9258e-6 0.9994351 0.04275065 -0.1786882 0.9829766 0.1561692 -2.00182e-4 0.9877303 0.3365359 -0.5631108 0.7547515 0.3424059 -1.79768e-4 0.9395521 0.299672 -0.9175478 0.2613482 0.2997103 -0.9174755 0.2615579 0.4498365 -0.554758 0.699922 0.5139876 1.5296e-5 0.8577977 0.4865674 -0.5672108 0.6644728 0.5158743 -0.4023883 0.7562786 0.5247503 -0.1376037 0.8400609 0.5253701 -0.2726122 0.8060204 0.4389541 -0.6146654 0.655367 0.2996419 -0.9175811 0.2612656 0.4395406 -0.7114056 0.5483667 0.3764383 -0.829604 0.4123731 0.3996927 -0.5580998 0.7271661 0.30094 -0.5662931 0.7672988 0.2547426 -0.5705952 0.7807224 0.2996826 -0.9175049 0.2614864 0.2313748 -0.484115 0.8438592 0.1928856 -0.5523067 0.8110194 0.2566278 -0.7385877 0.6234022 0.115419 -0.3537968 0.9281737 0.2864835 -0.8449118 0.4517205 -0.5667049 -2.9169e-6 0.8239209 -0.7118063 5.15671e-6 0.7023758 -0.7117983 4.54808e-6 0.702384 -0.5536006 4.65801e-6 0.8327824 -0.4011911 -1.42567e-5 0.9159945 -0.5667049 2.71481e-6 0.8239209 -0.711798 -4.54213e-6 0.7023842 -0.7118061 -5.13392e-6 0.7023761 -0.5536 -6.77398e-6 0.8327828 -0.2214715 9.52929e-6 0.9751669 -0.3720794 1.90958e-5 0.928201 -0.4011865 1.15186e-5 0.9159964 -0.03362649 5.32716e-6 0.9994345 -0.1748797 -2.05189e-5 0.9845899 0.06199556 -1.63913e-5 0.9980765 0.02959418 1.03563e-6 0.9995621 -0.2214713 -9.22382e-6 0.9751669 -0.3720787 -1.94479e-5 0.9282011 0.1562691 7.54371e-6 0.9877146 0.09249919 1.90437e-5 0.9957128 0.1158711 -2.36556e-5 0.9932643 0.1371651 -1.6829e-6 0.9905483 0.1554826 -6.91041e-7 0.9878386 0.1663101 1.31172e-5 0.9860736 0.1710708 -2.99141e-6 0.9852588 -0.03362464 -1.28001e-5 0.9994345 -0.1748798 2.07461e-5 0.9845899 0.05177515 -1.03414e-5 0.9986588 0.02960848 3.88622e-5 0.9995616 0.3422254 1.60187e-6 0.9396179 0.172713 -1.36998e-6 0.9849722 0.1562696 -3.02494e-6 0.9877145 0.1056435 1.03116e-5 0.9944041 0.1371524 -2.02185e-5 0.99055 0.07311093 -7.12275e-6 0.9973239 0.1649378 7.22054e-6 0.986304 0.1707398 -1.60187e-7 0.9853162 0.1559686 -5.94091e-6 0.9877621 0.1472403 2.61384e-5 0.9891008 0.3422177 8.63976e-7 0.9396207 0.1727117 2.48832e-6 0.9849725 0.5139795 -9.16421e-7 0.8578026 0.5139589 8.41916e-7 0.8578148 0.6025274 -1.2815e-6 0.7980983 0.637834 -1.82632e-6 0.7701739 0.676968 -7.48783e-7 0.7360125 0.6865224 4.02331e-7 0.7271087 0.7043141 -5.61122e-7 0.7098885 0.7062645 4.11528e-7 0.7079481 0.7226719 -3.90457e-7 0.6911913 0.7238466 1.04262e-6 0.689961 0.736795 -1.07167e-4 0.6761164 0.7391219 -8.23064e-7 0.6735718 0.7519705 1.14711e-4 0.6591969 0.7515449 1.25541e-6 0.6596819 0.7636355 -2.56172e-7 0.6456477 0.7674083 2.58524e-6 0.6411588 0.7754034 -1.07207e-6 0.6314663 0.7860587 -2.41678e-6 0.6181519 0.7868028 7.42264e-7 0.6172044 0.8281634 6.06058e-7 0.5604867 0.8353027 -2.12085e-6 0.5497903 0.8107631 -2.5034e-6 0.5853745 0.8352832 8.99658e-7 0.5498199 -0.5214786 0.2116045 0.8266097 -0.5335733 -5.7593e-6 0.8457538 -0.7244493 1.03042e-5 0.6893282 -1.16751e-5 1 -1.50502e-5 -0.1253855 0.9749317 -0.1838114 1.29342e-5 1 8.15839e-6 -0.7140687 0.2114952 -0.6673647 -0.5635522 -4.85173e-6 -0.8260806 -0.5494321 0.2225001 -0.8053684 -0.7487412 8.41916e-7 -0.6628625 -0.8425956 0.2117711 -0.4951624 -0.8883491 2.00495e-5 -0.4591686 -0.6652265 0.4135107 -0.6216773 -0.5077364 0.4339003 -0.7442677 -0.9306728 0.2111921 -0.2987407 -0.9737775 -2.31415e-5 -0.227503 -0.785071 0.4135813 -0.4611011 -0.9734113 0.2116016 -0.08772289 -0.9998387 -2.28435e-5 0.01796627 -0.5862882 0.5967586 -0.5478553 -0.4405885 0.62351 -0.6458461 -0.9772023 0.2115876 0.01750183 -0.8669812 0.4135285 -0.2780972 -0.9690124 0.2116025 0.1274346 -0.9649847 -2.40058e-5 0.2623064 -0.6918962 0.5968362 -0.4062836 -0.4872521 0.7451201 -0.4553918 -0.351352 0.781812 -0.5150939 -0.9068368 0.4135001 -0.08163821 -0.9431074 0.2116076 0.2564578 -0.9102985 0.4136286 0.01636934 -0.7639521 0.5969176 -0.2450855 -0.8844636 0.2116037 0.4158703 -0.8713064 3.77744e-6 0.4907395 -0.575212 0.7449913 -0.3378154 -0.9027307 0.4135177 0.1186605 -0.822542 0.2115978 0.5278742 -0.3623765 0.868315 -0.3386923 -0.2445107 0.9009709 -0.3584216 -0.7991477 0.5968037 -0.07203066 -0.8785988 0.4135148 0.2388925 -0.6351599 0.7450345 -0.2037045 -0.8023316 0.5967027 0.01448839 -0.7216681 0.2115974 0.6591067 -0.823933 0.413509 0.3874851 -0.4277372 0.868292 -0.2512167 -0.7955358 0.5968173 0.1045567 -0.6643622 0.7450125 -0.05982774 -0.766246 0.4135213 0.4918001 -0.7742816 0.5967881 0.210552 -0.1894487 0.9657828 -0.1771239 -0.6668624 0.7450841 0.01201421 -0.4723377 0.8682883 -0.151567 -0.6722622 0.4135037 0.614067 -0.4858255 0.4134964 0.7700613 -0.4281817 0.5968062 0.6785888 -0.7261225 0.5967737 0.3414781 -0.661292 0.7450647 0.08701419 -0.2235996 0.9657915 -0.1313398 -1.72108e-5 1 -1.63242e-5 -0.4940016 0.8683184 -0.04456084 -0.6752673 0.5967816 0.4334349 -0.6436799 0.7450293 0.17495 -0.4959256 0.8683193 0.008919179 -0.5925258 0.5967895 0.5410689 -0.4925991 0.7450065 0.4497904 -0.2469795 0.9657794 -0.07919234 -2.07126e-5 1 -1.2124e-5 -0.6036534 0.7450122 0.28383 -0.4917658 0.8683221 0.06467807 -0.5612811 0.7451053 0.3602523 -0.4174876 0.8682753 0.2679592 -0.4786534 0.8682987 0.1301867 -0.2583382 0.9657744 -0.02326577 5.87106e-6 1 2.37627e-6 -0.2592819 0.9657907 0.004618406 -4.94719e-6 1 3.0417e-6 -0.4489179 0.8682823 0.2110889 -0.2347112 0.9657796 0.1103646 -0.25716 0.9657775 0.03380334 -0.2502752 0.9657793 0.06806451 8.92358e-6 1 9.85339e-7 -0.5335601 4.85894e-6 0.8457621 -0.5215564 -0.2116147 0.826558 -0.724461 8.76933e-6 0.6893159 -0.1301513 -0.9840105 -0.1215897 -1.59126e-5 -1 -1.68653e-5 -0.125406 -0.9749323 -0.1837943 9.49576e-6 -1 2.68221e-6 -0.1535777 -0.984012 -0.0901907 6.21378e-6 -1 8.16584e-6 -0.2537569 -0.9377493 -0.2371367 -0.2444915 -0.900968 -0.358442 -0.1695455 -0.9840204 -0.05439007 9.73791e-6 -1 -9.83477e-7 -0.2994354 -0.9377785 -0.1758123 -0.1773735 -0.984013 -0.01603436 6.56396e-6 -1 2.31154e-6 -0.3306745 -0.937763 -0.1060895 -0.4342045 -0.8042289 -0.4058105 -0.3513836 -0.7818129 -0.5150712 -0.1780702 -0.9840126 0.003200531 -1.95429e-5 -1 -6.76606e-7 -0.1765988 -0.9840078 0.02327042 -0.3459571 -0.9377318 -0.03118878 -0.512501 -0.8042338 -0.3009166 -0.1719059 -0.9840066 0.0466839 -0.1635404 -0.9840047 0.07063448 8.9556e-6 -1 -3.03052e-6 -0.3472312 -0.9377586 0.006271123 -0.5712646 -0.6234707 -0.5337986 -0.4405963 -0.6235065 -0.6458441 -0.3444044 -0.9377308 0.04523944 -0.5659424 -0.8042062 -0.1815536 -0.3351336 -0.937756 0.09110093 -0.6741629 -0.6235061 -0.3959099 -0.5919134 -0.8042356 -0.05332601 -0.318839 -0.9377489 0.1377271 -0.3080715 -0.9377427 0.1604079 -0.5941989 -0.8042468 0.01072323 -0.6582437 -0.4339337 -0.6151559 -0.5077168 -0.4338896 -0.7442873 -0.7444592 -0.6234906 -0.2388305 -0.5892664 -0.80422 0.07742983 -0.7769007 -0.4338899 -0.4562512 -0.5734951 -0.8042415 0.1558816 -0.778665 -0.6234987 -0.0702148 -0.712232 -0.2227222 -0.665673 -0.5635467 -1.04457e-5 -0.8260843 -0.7487367 -7.83801e-6 -0.6628675 -0.5494379 -0.2225163 -0.8053599 -0.5455676 -0.8042372 0.235709 -0.7816822 -0.6235182 0.01407325 -0.8578754 -0.433947 -0.2752089 -0.5177996 -0.8042342 0.2917037 -0.4712736 -0.8042028 0.3621588 -0.7751401 -0.6235126 0.1019324 -0.8404542 -0.2229564 -0.4938901 -0.888354 -2.07499e-5 -0.4591591 -0.7544367 -0.6235076 0.2050939 -0.89733 -0.4338897 -0.08086258 -0.9008041 -0.433924 0.01618683 -0.928305 -0.222402 -0.2979719 -0.9737797 5.48363e-6 -0.2274935 -0.7176949 -0.6235151 0.3100692 -0.8932836 -0.4338943 0.1173895 -0.6811937 -0.6234931 0.3837076 -0.8694211 -0.4338857 0.2363269 -0.9709904 -0.2224955 -0.08759838 -0.9998388 1.82837e-5 0.01795667 -0.6199172 -0.6234912 0.4764047 -0.9747852 -0.2224681 0.01737481 -0.566419 -0.6234937 0.5389112 -0.428075 -0.5967935 0.6786673 -0.8270668 -0.4338987 0.3573408 -0.966606 -0.2225162 0.1271197 -0.9649958 1.98409e-5 0.2622654 -0.7850027 -0.4338821 0.4421732 -0.9408071 -0.2224817 0.2557032 -0.7143791 -0.433901 0.5489922 -0.652736 -0.4338887 0.6210284 -0.4857958 -0.4134888 0.7700843 -0.8949987 -0.2225055 0.3866121 -0.8713282 -9.70587e-5 0.4907007 -0.8494042 -0.2224897 0.4785509 -0.7729657 -0.2225009 0.5941528 -0.7063063 -0.2225022 0.6720299 -7.26432e-6 -1 1.4782e-5 -0.5666604 -1.03414e-5 0.8239515 2.17557e-6 -1 7.53999e-6 -6.06105e-6 -1 -8.64267e-7 -0.4011776 -1.59442e-5 0.9160004 -0.02104061 -0.7818431 0.6231202 -0.2213915 -1.16825e-5 0.975185 -0.01454991 -0.9009886 0.4335987 -0.02635127 -0.6234779 0.7813968 -0.03033274 -0.4338762 0.9004617 -0.03282523 -0.2224997 0.9743801 -0.03363209 -4.4696e-5 0.9994344 -0.1585146 -0.9749429 0.1560756 -0.3413479 -0.8807157 0.3283621 -0.2231534 -0.9512575 0.2128661 -0.1131336 -0.9877941 0.1070687 -1.10641e-6 -1 1.36457e-5 -0.3092328 -0.90096 0.3043785 -0.4514691 -0.7776777 0.4374849 -0.4442983 -0.7818281 0.4374288 -0.539524 -0.6574347 0.5260166 -0.5370006 -0.6574103 0.5286229 -0.5967154 -0.5502026 0.5841301 -0.6420081 -0.4338889 0.6321123 -0.7039212 -0.1503919 0.6941738 -0.6810995 -0.2944814 0.6703613 -0.6445639 -0.428788 0.6329915 -0.1294247 -0.9749317 0.1809899 -0.2523279 -0.9009624 0.3529838 -0.3626486 -0.781853 0.5071411 -0.4382108 -0.6574412 0.6129783 -0.5240491 -0.4339144 0.7328649 -0.5670515 -0.2225084 0.7930591 -0.711811 -1.23167e-6 0.7023712 -0.09169214 -0.974927 0.2027561 -0.1788206 -0.9009727 0.3953117 -0.2569906 -0.7818606 0.568023 -0.3107039 -0.6573984 0.686506 -0.3715031 -0.4339151 0.8207943 -0.4019888 -0.222506 0.8881982 -0.05056482 -0.9749261 0.2167081 1.14068e-5 -1 -1.58109e-5 -0.007476449 -0.9749291 0.2223902 -0.09862285 -0.9009679 0.4225287 -0.1413434 -0.7840391 0.6044045 -0.1712516 -0.6573486 0.7338704 -0.204803 -0.4339101 0.8773698 -0.2215992 -0.2225046 0.9494133 -5.04461e-7 -1 -1.71309e-6 -2.01452e-7 -1 -1.23788e-6 0 -1 -2.99573e-7 2.20776e-7 -1 -4.36678e-7 0 -1 -3.25359e-7 0 -1 -3.50688e-7 0 -1 -3.49841e-7 0 -1 -3.87082e-7 1.25285e-7 -1 -2.15307e-7 0 -1 -3.65184e-7 0 -1 -2.65087e-7 0 -1 -4.18998e-7 0 -1 -4.09153e-7 0 -1 -2.47597e-7 0 -1 -4.02862e-7 -0.9927307 -2.16067e-5 -0.120357 -0.9920201 3.61353e-7 -0.1260805 -0.9912374 -9.24915e-5 -0.1320927 -0.9933475 -5.1083e-5 -0.1151558 -0.9938126 -2.6226e-6 -0.111071 -0.9606621 1.22176e-5 -0.2777202 -0.9940179 2.27466e-5 -0.109218 -0.9941751 -6.81728e-7 -0.1077774 -0.9942688 1.75983e-5 -0.106909 -0.9943121 2.83122e-6 -0.1065064 -0.9943304 -8.85176e-6 -0.1063355 -0.965305 -1.95764e-6 -0.261125 -0.994323 3.76714e-6 -0.1064036 -0.9123736 -5.72763e-6 -0.4093589 -0.9087758 -8.55396e-6 -0.4172848 -0.8368307 -8.02102e-7 -0.5474619 -0.8368316 -3.54344e-6 -0.5474604 -0.5291061 3.64622e-5 -0.8485557 -0.5290944 -1.46231e-4 -0.8485629 -0.5291969 0 -0.8484991 -0.5290795 9.18878e-6 -0.8485723 -0.5291336 0 -0.8485386 -0.5291335 -5.23231e-7 -0.8485386 -0.533591 -1.09571e-6 0.8457427 -0.5335911 4.05057e-7 0.8457427 -0.5070657 3.88688e-7 0.8619076 -0.5070655 -1.09366e-6 0.8619075 -0.8975458 6.8293e-5 -0.4409214 -0.8974602 0 -0.4410954 -0.8975175 -2.00537e-6 -0.4409792 -0.8975172 4.5828e-6 -0.4409795 -0.07720565 0.9073277 -0.4132747 -0.2049998 0.8118942 -0.5466288 -0.1533914 0.8778217 -0.4537622 -0.2604598 0.7022443 -0.6625811 -0.252209 0.7251932 -0.6406914 -0.02684688 0.8888338 -0.4574426 -0.003490328 0.9315642 -0.3635602 0.04414623 0.9434788 -0.3284799 0.08975094 0.9520196 -0.2925807 -0.1519654 0.7694003 -0.6204271 -0.1403407 0.7713154 -0.6207875 -0.242976 0.6056141 -0.7577561 -0.2331577 0.6186046 -0.7503105 -0.2772962 0.5240953 -0.8052521 -0.314704 0.4001042 -0.8607429 -0.3114294 0.4350955 -0.84481 -0.3513463 0.2766035 -0.8944531 -0.3604913 0.1891877 -0.9133751 -0.3709628 0.1432026 -0.91754 -0.3719363 0.07118153 -0.9255251 -0.3757241 0.07118809 -0.9239934 -0.2057002 0.8119554 -0.5462746 -0.1476268 0.8721351 -0.466462 -0.1538026 0.8778799 -0.4535104 -0.146329 0.8686929 -0.4732448 -0.1475396 0.861701 -0.4854932 -0.1495699 0.8548833 -0.496793 -0.1523723 0.8462803 -0.5104826 -0.2525021 0.7251864 -0.6405837 -0.8842486 -1.50763e-5 0.4670168 -0.8505613 4.56534e-6 0.5258759 -0.8755124 5.43147e-6 0.4831959 -0.8935208 -1.31386e-5 0.4490219 -0.9074302 -1.38528e-5 0.4202032 -0.9098216 -4.29188e-6 0.4149996 -0.9268592 6.60331e-6 0.3754091 -0.9218347 1.7303e-5 0.3875833 -0.9272818 -2.40561e-6 0.3743641 -0.9381729 -7.99308e-6 0.3461672 -0.9311074 -1.27349e-5 0.3647454 -0.9357535 -6.84755e-7 0.3526548 -0.9442024 0 0.3293661 -0.9384876 0 0.3453131 -0.9461697 8.63802e-7 0.3236711 -0.9472046 -2.1298e-6 0.32063 -0.9398044 -1.78174e-6 0.3417131 -0.947193 1.61934e-7 0.3206641 -0.9398063 -6.64906e-7 0.3417077 -0.9373732 -6.28992e-7 0.3483268 -0.87555 -1.36945e-5 0.4831275 -0.8680813 -1.90362e-6 0.4964222 -0.8842648 -3.55169e-5 0.466986 -0.85051 1.92486e-5 0.5259591 -0.9428691 -2.0219e-6 0.3331637 -0.9311213 1.56788e-6 0.3647097 -0.8935207 -4.25731e-6 0.449022 -0.899529 -1.68565e-5 0.4368612 -0.9356586 5.21075e-6 0.3529065 -0.9230599 8.51229e-7 0.3846563 -0.9098204 2.94298e-7 0.4150023 -0.9119594 -7.72392e-6 0.4102806 -0.9173995 -1.35284e-5 0.3979678 -0.9243145 3.05008e-7 0.3816317 -7.12012e-6 -1 2.57729e-6 -6.02098e-6 -1 1.61517e-6 -6.97224e-6 -1 0 -5.59635e-6 -1 1.79593e-6 -2.89573e-6 -1 1.96366e-6 -8.81684e-6 -1 1.32867e-5 -8.52277e-6 -1 8.65645e-6 -6.12585e-6 -1 1.99595e-5 0 -1 -3.52815e-7 6.12015e-7 -1 1.38754e-6 1.53583e-7 -1 0 -2.59918e-6 -1 -9.80093e-6 9.41714e-7 -1 3.40712e-7 9.36854e-6 -1 -1.22451e-6 1.49759e-7 -1 -4.30323e-7 2.98602e-6 -1 -8.3332e-6 1.58533e-6 -1 -1.80165e-6 2.37864e-5 -1 1.38471e-5 7.38464e-6 -1 -2.66061e-6 0 -1 -3.00365e-7 2.84842e-7 -1 0 0 -1 -4.53406e-7 0 -1 0 2.77899e-7 -1 -2.81197e-7 1.8891e-7 -1 -4.07401e-7 -2.93821e-6 -1 -1.23734e-6 0 -1 -3.82531e-7 0 -1 -2.40337e-7 1.4821e-7 -1 -5.11258e-7 0 -1 -5.84512e-7 0 -1 -4.96995e-7 -1.44348e-7 -1 -6.24794e-7 2.28818e-7 -1 -3.15009e-7 2.01271e-7 -1 -2.1703e-7 0 -1 -6.57955e-7 0 -1 -3.64006e-7 -1.64072e-7 -1 -6.35697e-7 -2.3043e-7 -1 -4.22902e-7 -2.9288e-7 -1 -3.00061e-7 -3.59458e-7 -1 -4.44027e-7 -4.47266e-7 -1 -2.02272e-7 3.10629e-7 -1 -3.44332e-7 4.00228e-7 -1 -1.2751e-7 3.57726e-7 -1 0 3.2895e-7 -1 -2.01632e-7 3.08253e-7 -1 -2.33935e-7 -4.13706e-7 -1 0 -1.27093e-7 -1 -2.68761e-7 0 -1 -5.24673e-7 -6.56321e-6 -1 -1.24335e-6 -3.4392e-6 -1 2.01137e-5 -0.7448523 0 -0.6672295 -0.5635026 0 -0.8261144 -0.563503 0 -0.826114 -0.744852 0 -0.6672298 -0.8828856 0 -0.4695881 -0.8828856 0 -0.4695883 -0.9696083 0 -0.244663 -0.9696082 0 -0.2446631 -0.9999849 0 -0.00549966 -0.9999849 0 -0.00549966 -0.972243 0 0.2339739 -0.972243 0 0.2339739 -0.8880004 0 0.4598428 -0.8880003 0 0.4598428 -0.7521507 0 0.6589912 -0.7521508 0 0.6589912 -0.5725889 0 0.8198427 -0.5725889 0 0.8198428 -0.3597446 0 0.9330509 -0.3597446 0 0.9330509 -0.1259999 0 0.9920303 -0.1259999 0 0.9920303 0.1150693 0 0.9933575 0.1150692 0 0.9933575 0.3494559 0 0.9369528 0.349456 0 0.9369528 0.5635463 0 0.8260845 0.5635462 0 0.8260846 -0.2058289 -0.8118125 -0.5464385 -0.1537997 -0.8778898 -0.4534923 -0.1476286 -0.8721405 -0.4664513 -0.1481549 -0.8595846 -0.4890446 -0.1523818 -0.8462506 -0.5105291 -0.1464114 -0.8668599 -0.4765685 -0.146436 -0.8702349 -0.4703698 -0.2524624 -0.7252453 -0.6405327 -0.8975174 2.00537e-6 -0.4409792 -0.8975174 -4.5828e-6 -0.4409791 -0.8975552 -9.01783e-5 -0.4409024 -0.8974413 0 -0.4411342 0.01999902 0.9106256 -0.4127482 0.04065763 0.9224973 -0.3838567 0.07839483 0.9370689 -0.3402296 -0.03181678 0.8762118 -0.4808749 -0.04647248 0.8666914 -0.4966753 -0.116663 0.8010061 -0.587179 0.2999314 0.9538837 -0.01213341 0.2990423 0.9542188 -0.006353795 0.2987562 0.9543109 -0.00596565 0.2938662 0.9555178 -0.02506941 0.298711 0.9543307 -0.00497514 0.2939386 0.9558039 0.006248354 -0.2855298 2.15484e-5 0.9583699 -0.2646953 1.79722e-6 0.9643322 -0.282064 7.38143e-6 0.9593956 -0.2691625 5.0962e-6 0.9630948 -0.2519415 -2.00653e-6 0.9677425 -0.3182216 3.17628e-6 0.9480164 -0.3237379 0 0.9461468 -0.2603426 3.72482e-6 0.9655163 -0.2444757 -1.6836e-6 0.9696555 -0.2565348 3.73088e-6 0.9665351 -0.2385541 -1.74542e-6 0.9711293 -0.3698613 -1.60141e-5 0.9290871 -0.388692 -3.62098e-6 0.9213678 -0.254045 -1.29908e-6 0.9671924 -0.2530315 -5.25103e-6 0.9674581 -0.4856196 -3.29316e-6 0.8741703 -0.5278503 -9.9428e-6 0.8493374 -0.5491489 5.21541e-6 0.8357247 -0.549102 -4.41474e-7 0.8357554 -0.2354818 -1.60042e-7 0.9718788 -0.2497292 0 0.9683158 -0.5986099 1.2368e-6 0.8010407 -0.5517072 -7.78064e-5 0.834038 -0.5660104 2.6986e-5 0.8243982 -0.6389554 -1.58027e-5 0.7692438 -0.2530059 -2.31067e-6 0.9674649 -0.238574 4.41069e-7 0.9711243 -0.2546008 -2.34752e-6 0.9670463 -0.2406903 1.61194e-6 0.970602 -0.2571665 3.01911e-6 0.9663671 -0.2448044 1.0801e-6 0.9695725 -0.2645401 -4.18071e-6 0.9643747 -0.2528662 1.91107e-6 0.9675014 -0.2756698 -4.08618e-6 0.9612524 -0.2664131 1.30595e-6 0.963859 -0.2865134 -2.49129e-6 0.9580762 -0.2940437 1.14681e-4 0.9557921 -0.3002582 8.11753e-6 0.9538581 -0.3672851 -1.19954e-5 0.9301085 -0.3850942 4.92483e-6 0.9228774 -0.4856241 4.91738e-6 0.8741678 -0.5278506 1.77063e-5 0.8493373 -0.5491591 -5.53578e-6 0.8357179 -0.5491271 4.56115e-7 0.8357389 -0.5986108 -3.7998e-7 0.80104 -0.5660085 -2.75187e-5 0.8243995 -0.5517159 7.67745e-5 0.8340322 -0.6389566 1.66968e-5 0.769243 0.2722991 0.9601433 0.06307202 0.272556 0.9599924 0.06424927 0.2729045 0.9598081 0.06551021 0.2724141 0.9603145 0.0598908 0.2727031 0.9604127 0.05692487 0.302846 0.9509816 0.06259804 0.2976131 0.9539961 0.03630262 0.3311312 0.9404893 0.07636791 0.34274 0.9287912 0.1409836 0.2814959 0.9595606 -0.00185579 0.294228 0.9556038 -0.01585423 0.2736802 0.9610638 -0.03815174 0.2814396 0.959577 -0.001953065 0.29411 0.9556371 -0.01603519 0.7448503 0 0.6672317 0.563503 0 0.8261142 0.563503 0 0.8261141 0.7448502 0 0.6672318 0.8828833 0 0.4695926 0.8828833 0 0.4695926 0.9696088 0 0.2446607 0.9696088 0 0.2446607 0.999985 0 0.00549519 0.999985 0 0.00549519 0.9722442 0 -0.2339683 0.9722443 0 -0.2339683 0.888003 0 -0.4598377 0.8880031 0 -0.4598376 0.7521473 0 -0.6589952 0.7521472 0 -0.6589953 0.5725847 0 -0.8198457 0.5725842 0 -0.8198461 0.3597506 0 -0.9330485 0.3597504 0 -0.9330486 0.1259983 0 -0.9920305 0.1259987 0 -0.9920304 -0.1150724 0 -0.9933571 -0.1150718 0 -0.9933573 -0.3494513 0 -0.9369546 -0.3494514 0 -0.9369545 -0.5635461 0 -0.8260846 -0.5635466 0 -0.8260843 0.7381047 -0.08951336 0.6687219 0.7380513 -0.08968549 0.6687577 0.7381272 -0.08928817 0.6687271 0.7380906 -0.08962172 0.6687229 0.7380887 -0.08986115 0.6686928 0.7380284 -0.08944118 0.6688157 0.738011 -0.08969032 0.6688016 0.7380023 -0.09001153 0.6687679 0.738034 -0.0895006 0.6688016 0.7379788 -0.08931213 0.6688876 0.5954788 -0.6383919 0.4877098 0.7168444 -0.2633811 0.645573 0.6559627 -0.4981045 0.5671023 0.7340846 -0.08688229 0.6734771 0.7375327 -0.08847671 0.6694905 0.7357139 -0.1123101 0.6679158 0.7306689 -0.1279944 0.6706269 0.7314773 -0.1564974 0.6636637 0.7192046 -0.2218904 0.6584144 0.7278181 -0.1878848 0.6595302 0.6701797 -0.4377779 0.5993412 0.7249965 -0.2097176 0.6560478 0.4652568 -0.8140292 0.3476966 0.4178062 -0.8720463 0.2548986 0.4028311 -0.8844794 0.2354216 0.3311188 -0.9305612 0.1562572 0.3547189 -0.920279 0.1651095 0.3421473 -0.9289299 0.141508 0.3638414 -0.9139055 0.1799898 0.3747553 -0.9060357 0.1966163 0.3882281 -0.8959492 0.215764 0.296519 -0.9543028 0.03718549 0.7125792 -0.2862802 0.6405268 0.5910136 -0.6307989 0.502788 0.7196057 -0.2463321 0.6492212 0.7203541 -0.2416256 0.6501593 0.7193556 -0.2478174 0.6489331 0.7197752 -0.2451964 0.6494632 0.7206811 -0.240018 0.6503922 0.7217499 -0.2324931 0.6519387 0.7230811 -0.2233857 0.6536456 0.5438556 -0.7256979 0.4214068 0.5273492 -0.7356815 0.4250595 0.4369477 -0.8548084 0.2799633 0.4756149 -0.8147948 0.3315115 0.5172338 -0.7638861 0.385937 0.7105993 -0.2966749 0.6379911 0.7242496 -0.2160096 0.65483 0.7379244 -0.09019726 0.6688289 0.6544075 -0.5021244 0.5653513 0.7214767 -0.2345805 0.6514932 0.6496102 -0.5147381 0.5595099 0.6479552 -0.5194631 0.5570568 0.7381072 0.08943724 0.6687293 0.7380922 0.09000915 0.6686691 0.7380922 0.09000915 0.6686691 0.7380629 0.08976519 0.6687343 0.7380409 0.08948528 0.6687961 0.7380098 0.08995693 0.6687672 0.7381151 0.09001064 0.6686435 0.7381038 0.0893771 0.6687411 0.7379794 0.08930057 0.6688885 0.7379947 0.09009695 0.6687648 0.7380138 0.089836 0.668779 0.7379809 0.0892201 0.6688976 0.7379826 0.08969503 0.6688322 0.5880033 0.6525297 0.4779719 0.6950148 0.3672089 0.6181522 0.7211838 0.237332 0.6508206 0.6560696 0.4979695 0.567097 0.7322828 0.1098029 0.6720903 0.7375302 0.08849114 0.6694913 0.7340859 0.08689767 0.6734736 0.7332119 0.1396986 0.6654957 0.7223901 0.1998072 0.6619892 0.7282446 0.1847117 0.6599557 0.6999651 0.3258386 0.635514 0.7243297 0.2144053 0.6552686 0.4088627 0.8704022 0.2742836 0.4062433 0.8817108 0.2399012 0.4202793 0.8698912 0.2581757 0.3922609 0.8928247 0.2213494 0.3288099 0.9320943 0.1519356 0.3793209 0.9026592 0.2032784 0.3655499 0.9126699 0.1827756 0.3519753 0.9221945 0.1602208 0.3421621 0.9289231 0.1415165 0.2965117 0.9543051 0.03718459 0.712576 0.2862744 0.6405329 0.6362972 0.5327033 0.5579903 0.7218638 0.2321491 0.6519352 0.7205076 0.2404829 0.6504129 0.7196617 0.2459801 0.6492925 0.7193635 0.24779 0.6489348 0.7197383 0.2455861 0.6493569 0.7204644 0.240674 0.65039 0.5437949 0.7257841 0.4213367 0.5321022 0.7287797 0.4309844 0.4476726 0.8443269 0.2944512 0.4827326 0.8067156 0.340851 0.709353 0.3028112 0.6364934 0.7379242 0.09020954 0.6688274 0.7242602 0.2159888 0.6548253 0.6363512 0.5491342 0.5417646 0.7215797 0.2338179 0.6516532 0.7228894 0.2253692 0.6531767 0.2723461 -0.9601161 0.06328445 0.2729147 -0.9598051 0.0655108 0.2729373 -0.9598732 0.06441164 0.2723169 -0.9602928 0.06067532 0.2727182 -0.9604089 0.05691713 0.3028472 -0.9509811 0.06259894 0.2976125 -0.9539964 0.03630083 0.3311288 -0.9404903 0.07636648 0.3427398 -0.9287917 0.1409808 0.2814981 -0.95956 -0.001858353 0.2942275 -0.955604 -0.01585412 -0.3509445 0.2808825 -0.8932766 -0.3513844 0.2765018 -0.8944696 -0.3116365 0.4351028 -0.8447296 -0.3711045 0.1460024 -0.9170414 -0.3710668 0.1430867 -0.9175161 -0.3758926 0.07118105 -0.9239253 -0.3756902 0.07119488 -0.9240066 -0.3635666 -0.2072867 -0.9082135 -0.3426229 -0.3185182 -0.8838302 -0.3635996 -0.2043741 -0.9088601 -0.3759262 -0.07116258 -0.9239131 -0.375728 -0.07117092 -0.9239931 -0.3114945 -0.435108 -0.8447794 -0.3758864 0.07108038 -0.9239357 -0.3759133 -0.07117617 -0.9239173 -0.3757066 -0.07122379 -0.9239977 -0.3756908 0.0710805 -0.9240152 -0.07720607 -0.907328 -0.4132737 -0.1533856 -0.8778138 -0.4537797 -0.2051235 -0.8117369 -0.5468159 -0.2604584 -0.7022785 -0.6625455 -0.2521979 -0.7251975 -0.6406909 0.03641635 -0.9286714 -0.3691117 0.04415315 -0.9434707 -0.328502 -0.003482043 -0.9315696 -0.3635463 0.08981329 -0.9520496 -0.292464 -0.02685487 -0.8888342 -0.4574416 -0.151966 -0.7693877 -0.6204426 -0.09792625 -0.8232733 -0.5591348 -0.166736 -0.7334446 -0.6589827 -0.2247802 -0.6453713 -0.7300478 -0.242519 -0.599897 -0.7624356 -0.290993 -0.4784095 -0.8285212 -0.3115301 -0.4350981 -0.8447714 -0.3482617 -0.2590029 -0.9009059 -0.3425476 -0.3186049 -0.8838281 -0.3635118 -0.2043758 -0.9088948 -0.3719404 -0.07117402 -0.9255241 -0.375724 -0.07121807 -0.9239912 0.7407582 0 0.6717717 0.7373118 0 0.6755526 0.7340818 0.08692085 0.6734753 0.7340888 -0.08689159 0.6734713 0.7375344 -0.08840024 0.6694987 0.7375349 0.08839148 0.6694993 -0.3719434 0.07119137 -0.9255214 -0.3757192 0.0711981 -0.9239946 -0.3757185 -0.0711981 -0.9239948 -0.3719427 -0.07119137 -0.9255217 0.2736803 -0.9610638 -0.03815156 0.2941101 -0.9556371 -0.01603507 0.2814397 -0.959577 -0.001952886 0.01999527 -0.9106244 -0.4127512 0.07839518 -0.9370678 -0.3402325 0.04071468 -0.922523 -0.3837886 -0.0318309 -0.8762002 -0.4808949 -0.04648035 -0.8666868 -0.4966827 -0.1166751 -0.8009966 -0.5871895 0.2999343 -0.9538826 -0.01213783 0.2987819 -0.9543027 -0.005983829 0.2990307 -0.9542229 -0.006278753 0.2938694 -0.9555167 -0.0250746 0.2939376 -0.9558043 0.006247639 0.2987164 -0.954329 -0.004982411 -0.4341563 0.07121354 -0.8980184 -0.4341589 -0.07121348 -0.8980172 -0.4274978 -0.07118594 -0.9012093 -0.4274954 0.07118588 -0.9012106 -0.4960918 -0.07161384 -0.8653119 -0.5779651 5.70668e-7 -0.8160616 -0.5809407 -0.07308483 -0.8106582 -0.4960991 0.0716058 -0.8653082 -0.5809453 0.07309651 -0.8106539 -0.4341714 0.07108056 -0.8980216 -0.4341714 -0.07108056 -0.8980217 0.2922898 1.00955e-6 -0.9563298 0.465716 -1.31428e-5 -0.8849343 0.630677 1.2892e-5 -0.7760455 0.3246731 -9.39705e-6 -0.9458264 0.2092235 2.08542e-5 -0.9778679 0.1147353 2.24262e-6 -0.9933961 0.2151198 3.28152e-6 -0.9765878 0.1541011 2.31434e-7 -0.9880551 0.03935301 -1.20141e-5 -0.9992254 -0.01805406 4.06057e-7 -0.9998371 0.2035571 5.04695e-6 -0.9790631 0.1928769 -5.27408e-6 -0.9812231 0.09851551 -3.60655e-7 -0.9951355 -0.05564695 4.26546e-7 -0.9984505 0.08535706 5.63636e-6 -0.9963505 -0.08084279 -1.86823e-6 -0.9967269 -0.09740334 1.24611e-6 -0.9952451 0.3219512 -6.49468e-6 -0.9467563 -0.112525 9.15769e-6 -0.9936489 -0.09739291 8.88389e-6 -0.9952461 0.630654 -4.97699e-6 -0.7760642 0.192892 1.93529e-6 -0.98122 0.08534556 2.2864e-5 -0.9963514 -0.07243096 1.03563e-6 -0.9973735 0.2923288 -1.17719e-6 -0.956318 0.3746598 -6.9011e-6 -0.9271624 0.2163528 6.27991e-6 -0.9763153 0.4950406 -5.70714e-6 -0.8688699 0.203547 1.74099e-7 -0.9790652 0.1540184 -1.61119e-6 -0.9880681 0.07203942 3.80352e-6 -0.9974018 -0.04686284 -2.0396e-6 -0.9989014 -0.001119911 -1.31689e-6 -0.9999994 0.1706529 2.80235e-6 -0.9853312 0.08315283 -2.19978e-6 -0.9965369 0.7063622 -0.08469784 0.7027651 0.7341697 -0.08639538 0.6734469 0.7362849 5.48869e-7 0.6766717 0.7082074 2.74333e-7 0.7060045 0.7063698 0.08460426 0.7027688 0.7341697 0.08639538 0.6734469 0.9782488 -8.58051e-6 -0.2074351 0.9668242 -8.74884e-6 -0.2554429 0.9437918 -9.33558e-6 -0.3305408 0.9716432 3.81563e-6 -0.2364523 0.9265905 -3.81097e-6 -0.3760719 0.911346 4.29898e-6 -0.4116413 0.9914652 1.09223e-5 -0.1303727 0.9888618 -9.69274e-7 -0.1488367 0.9823378 2.32179e-6 -0.1871164 0.9991392 -1.5318e-5 -0.04148352 0.9999118 2.32973e-5 -0.01328116 0.9942634 3.56324e-6 -0.1069599 0.9740148 -3.60422e-7 -0.2264845 0.8967201 1.9148e-6 -0.4425983 0.8943418 2.64263e-6 -0.4473844 0.9006669 3.74205e-6 -0.4345105 0.9937517 -8.71772e-6 -0.111614 0.9999327 1.11386e-6 0.01161402 0.9756039 -5.12488e-6 0.2195385 0.9756068 4.00329e-6 0.2195253 0.9740118 -1.00713e-5 -0.2264973 0.8975601 1.82539e-7 -0.4408923 0.9048056 -4.70132e-6 -0.4258252 0.8943422 -6.26594e-6 -0.4473837 0.956344 1.051e-6 -0.2922433 0.9169482 6.42985e-6 -0.3990064 0.9375528 8.10251e-6 -0.3478432 0.9937552 -1.31272e-5 -0.1115826 0.97314 3.5055e-6 -0.2302145 0.9802657 8.58679e-7 -0.1976846 0.9671483 -4.18164e-6 -0.2542129 0.9913005 4.00655e-6 -0.1316185 0.994265 -1.36593e-5 -0.1069456 0.9974221 1.27594e-5 -0.07175844 1 1.43517e-6 2.0597e-4 0.9971559 2.74234e-6 0.07536625 0.9955316 3.4268e-6 0.09442967 0.9733263 0 -0.2294253 0.8900519 -5.34672e-6 -0.4558596 0.9971559 -1.5595e-6 0.07536703 0.1345602 0.975569 0.1736626 0.06776589 0.9871386 0.144794 0.09347385 0.9822293 0.1627526 0.2573948 0.9272141 0.2720701 0.02687966 0.9927542 0.1171177 0.001497745 0.995374 0.09606468 0.02255505 0.9934281 0.1122133 0.04925715 0.9900735 0.1316375 -0.1133036 0.9930413 -0.03211575 -0.1724953 0.9628019 -0.2079856 -0.1119399 0.9886093 -0.100605 -0.06652498 0.9974415 -0.02617073 -0.1854331 0.9596646 -0.2113257 -0.2659523 0.8774115 -0.3992725 -0.219622 0.9283909 -0.2997608 -0.1211406 0.9911908 -0.05353271 -0.282593 0.8586733 -0.4275763 -0.3129724 0.80126 -0.5099321 -0.3429729 0.7478333 -0.5684322 -0.3675814 0.6638011 -0.6513463 -0.3975043 0.5835055 -0.708175 -0.412568 0.4525877 -0.7905391 -0.4282903 0.4089146 -0.8058264 -0.4249966 0.3118014 -0.8497987 -0.4368292 0.2505924 -0.8639351 -0.4272527 0.1896719 -0.8840135 -0.4341483 0.07121747 -0.8980219 -0.4274977 0.07130885 -0.9011996 -0.1854425 0.959622 -0.2115106 -0.1309141 0.9879897 -0.08208417 -0.1380315 0.985153 -0.102084 -0.1212153 0.9911752 -0.05365288 -0.1419104 0.983357 -0.113449 -0.06409084 0.991287 -0.1150756 -0.1671942 0.9641893 -0.2058768 -0.1258013 0.9875137 -0.09481906 -0.05770885 0.9922973 -0.1096174 -0.4960955 0.07160794 -0.8653102 -0.4341498 0.07119125 -0.8980233 -0.4365302 0.2506148 -0.8640797 -0.2346588 0.9296094 -0.2841861 -0.2817913 0.8582085 -0.429036 -0.1360802 0.9846469 -0.1093289 -0.1416459 0.9830475 -0.1164222 -0.2555683 0.9173299 -0.3052719 -0.2783873 0.9079229 -0.3133314 -0.3819308 0.8177003 -0.4306914 -0.2636336 0.9103359 -0.3190392 -0.3040922 0.869448 -0.3893431 -0.3426224 0.7475852 -0.5689696 -0.3010174 0.8744624 -0.3804001 -0.353556 0.8247815 -0.4412863 -0.470136 0.6907689 -0.5493727 -0.4562788 0.6564127 -0.6007764 -0.5365293 0.5322912 -0.6548302 -0.4875774 0.5739113 -0.657947 -0.3979354 0.5837246 -0.7077522 -0.5205813 0.5011743 -0.6912449 -0.5781536 0.3530829 -0.7355753 -0.5928301 0.1919913 -0.7821073 -0.5319358 0.1989163 -0.8230898 -0.5874184 0.0910018 -0.8041507 -0.5810465 0.07298666 -0.8105911 -0.4285304 0.4089764 -0.8056674 -0.6239188 -1.90688e-7 -0.7814893 -0.7440056 4.56319e-7 -0.6681734 -0.623906 -3.2594e-6 -0.7814995 -0.5635207 1.03441e-6 -0.826102 -0.5635275 -3.09199e-7 -0.8260973 -0.7928935 -9.67879e-5 -0.6093603 -0.8437123 2.54309e-7 -0.5367957 -0.9158983 6.24054e-5 -0.4014105 -0.9264503 0 -0.3764172 -0.9854426 -1.19716e-6 -0.1700084 -0.9984593 1.48065e-6 0.05548983 -0.982713 -2.99187e-7 -0.1851358 -0.9973975 0 0.07209998 -0.9632043 -1.4843e-7 0.2687705 -0.9563095 -6.98568e-6 0.2923562 -0.8985366 -5.94964e-6 0.4388987 -0.8583397 -3.66516e-6 0.5130817 -0.8041158 -7.05707e-6 0.5944727 -0.7102124 3.38408e-6 0.7039875 -0.6828578 -5.43878e-7 0.7305514 -0.5215974 -1.29557e-6 0.8531917 -0.5395517 0 0.8419526 -0.3785224 0 0.9255921 -0.3034944 5.54806e-7 0.9528333 -0.2265992 2.4226e-7 0.9739881 -0.0683456 -1.47056e-6 0.9976617 -0.06833434 -3.93542e-7 0.9976626 0.1524608 -8.78994e-7 0.9883096 0.1527965 -1.67405e-7 0.9882577 0.3669676 -3.01428e-7 0.9302338 0.563552 2.41771e-6 0.8260806 0.3668577 -6.32426e-7 0.9302771 0.5635335 -7.07782e-7 0.8260933 0.7341716 0.08630526 0.6734565 0.6941202 0.203611 0.6904634 0.7063653 0.08470058 0.7027617 0.7251728 0.1736122 0.6663206 0.7002922 0.3031225 0.6463029 0.6555754 0.3798823 0.6526181 0.6281337 0.5158106 0.5825698 0.5750803 0.5836024 0.5733157 0.5386293 0.6791948 0.498571 0.5033835 0.7027164 0.5027871 0.4574341 0.7833169 0.420914 0.4109686 0.8125957 0.4132713 0.1352803 0.9775504 0.1615379 0.026865 0.9927545 0.1171194 0.1345811 0.975565 0.1736689 0.2566844 0.9273417 0.2723059 0.240976 0.9467754 0.213417 0.230606 0.9520859 0.2008814 0.2079334 0.9631984 0.1703307 0.1824241 0.9739977 0.1343502 0.1532425 0.9842799 0.08780694 0.2437083 0.9408181 0.2355158 0.371988 0.8641592 0.338901 0.3027116 0.9130812 0.2732186 0.2580038 0.9381862 0.2307399 -0.185431 -0.9596234 -0.2115146 -0.1309266 -0.9879872 -0.08209514 -0.121209 -0.9911765 -0.05364376 -0.138096 -0.9851521 -0.1020045 -0.1419289 -0.9833509 -0.1134787 -0.06412565 -0.9912835 -0.1150872 -0.1258015 -0.9875146 -0.09481018 -0.1467576 -0.971218 -0.1876113 -0.05772417 -0.9922927 -0.1096511 -0.496096 -0.07158136 -0.865312 -0.4365289 -0.2506195 -0.8640789 -0.4341492 -0.07119125 -0.8980237 -0.2141667 -0.9447126 -0.248296 -0.236712 -0.9329395 -0.2712776 -0.1360862 -0.9846452 -0.1093368 -0.2497314 -0.9171141 -0.3107026 -0.1416475 -0.9830476 -0.1164192 -0.3119376 -0.8438857 -0.4365227 -0.3425247 -0.7475944 -0.5690163 -0.3979403 -0.5837043 -0.7077661 -0.2818049 -0.8581768 -0.4290906 -0.278185 -0.8973969 -0.3424792 -0.2702498 -0.9050532 -0.328396 -0.3289619 -0.8390849 -0.4332674 -0.3262435 -0.844882 -0.4239574 -0.3027957 -0.8818161 -0.3615458 -0.4988372 -0.6322019 -0.5928593 -0.3754447 -0.8248847 -0.4226186 -0.3813023 -0.7856965 -0.487124 -0.4292624 -0.6772869 -0.5975084 -0.4725666 -0.5728942 -0.6696814 -0.4564359 -0.6503832 -0.6071805 -0.4881381 -0.570204 -0.6607487 -0.5911057 -0.2333064 -0.7721154 -0.5147264 -0.528292 -0.6752514 -0.5673435 -0.4133046 -0.7122504 -0.5204157 -0.2007857 -0.8299716 -0.4286027 -0.4090139 -0.80561 -0.5809655 -0.07298499 -0.8106493 -0.5910307 -0.1159044 -0.7982788 0.6306527 -2.17557e-6 -0.7760652 0.7498609 7.98404e-5 -0.6615956 0.8211132 9.20147e-6 -0.5707653 0.6422348 -7.4625e-5 -0.7665081 0.9756036 4.42471e-6 0.2195396 0.997775 -3.18745e-7 0.06667131 0.9755874 -4.46807e-6 0.2196117 0.9978398 -3.31353e-6 0.0656957 0.9959309 2.89176e-7 -0.09012013 0.9958251 4.61238e-7 -0.09128314 0.9688056 -1.72015e-6 -0.2478222 0.9687951 2.51464e-7 -0.2478632 0.9278524 -1.16801e-6 -0.3729478 0.9126737 2.09385e-6 -0.4086891 0.8691561 -8.47597e-6 -0.4945381 0.786173 -3.25521e-6 -0.6180066 0.6306527 -8.02795e-7 -0.7760653 0.6421909 -4.85778e-6 -0.7665448 0.720383 -0.2054136 0.6624604 0.7341702 -0.08638954 0.6734471 0.7063604 -0.08469593 0.7027671 0.6827297 -0.2691878 0.6792777 0.6721096 -0.4016932 0.622022 0.6215698 -0.4799836 0.6190854 0.5928743 -0.588306 0.5499057 0.5454679 -0.6375001 0.5441126 0.4847955 -0.7516759 0.447165 0.4731479 -0.7429915 0.4733866 0.3856192 -0.8365123 0.389288 0.1341517 -0.977839 0.1607304 0.1532196 -0.9842813 0.08782953 0.1822797 -0.974059 0.1341015 0.2077671 -0.9632785 0.1700801 0.2306076 -0.9520854 0.2008817 0.2551545 -0.939638 0.2279837 0.1345736 -0.9755669 0.1736643 0.02686685 -0.9927551 0.1171135 0.2567868 -0.9273288 0.2722533 0.2424767 -0.9414041 0.2344429 0.2948617 -0.9177747 0.2659815 0.370742 -0.8651071 0.3378462 0.3169788 -0.8907979 0.3255819 -0.1132999 -0.9930418 -0.03211241 -0.06647253 -0.997447 -0.02609717 -0.1133028 -0.9882358 -0.1027257 -0.1724889 -0.9628109 -0.2079491 -0.1854466 -0.9596578 -0.2113443 -0.2220101 -0.9262179 -0.3046835 -0.2707612 -0.8708618 -0.4102295 -0.1211755 -0.9911819 -0.05361825 -0.2826098 -0.8586593 -0.4275931 -0.3180313 -0.7913839 -0.5220802 -0.3429449 -0.7478803 -0.568387 -0.3600145 -0.6874849 -0.6306775 -0.3975075 -0.5835036 -0.7081747 -0.3909137 -0.5747547 -0.7189183 -0.412564 -0.4525015 -0.7905905 -0.4282565 -0.4089342 -0.8058344 -0.4261054 -0.2832052 -0.8592026 -0.4367266 -0.2505874 -0.8639885 -0.42709 -0.1547022 -0.8908768 -0.4341561 -0.07120442 -0.8980193 -0.4274923 -0.07119154 -0.9012115 0.1344341 -0.9755904 0.1736399 0.09346681 -0.9822313 0.1627442 0.05287539 -0.9895334 0.1342679 0.2573949 -0.9272138 0.272071 0.02687877 -0.9927544 0.1171163 0.02530539 -0.993124 0.1143 0.009461879 -0.9947119 0.1022685 0.001500606 -0.9953725 0.09608036 0.003212273 0.9939118 0.1101322 0.00147444 0.9953753 0.09605222 0.02684676 0.9927559 0.1171119 -0.05463653 0.995729 0.07442116 -0.02051359 0.9973061 0.0704261 -0.01490956 0.9967129 0.0796318 -0.05579131 0.9959941 0.06987935 -0.02197909 0.9976987 0.0641424 -0.05320292 0.995463 0.07888501 -0.05740129 0.9962368 0.06494152 -0.0246399 0.998937 0.03895771 -0.02013093 0.9982963 0.05476683 -0.05112797 0.9952234 0.0831651 -0.02431356 0.9948235 0.09866595 -0.04945445 0.9950857 0.08578336 -0.06054913 0.9964565 0.05838179 -0.06651604 0.9974416 -0.02618914 -0.04760944 0.9949699 0.08813899 -0.04665505 0.9949201 0.08920311 -0.06669336 0.9966049 0.04827803 -0.07783722 0.9964706 0.03142732 -0.0946775 0.9954997 0.004061102 -0.1131563 0.9930653 -0.03189098 -0.03154313 0.995814 0.08578854 -0.04764646 0.9948323 0.08965826 -0.02417105 0.9948366 0.09857004 -0.02123624 0.9965434 0.08031493 0.004129886 0.9939206 0.1100229 -0.01694232 0.9972295 0.07243216 0.0268982 0.9927543 0.1171135 0.152947 0.9843481 0.08755546 -0.01831555 0.9979601 0.06115818 -0.0235008 0.9985243 0.04895925 0.1142628 0.9928963 0.03318154 -0.03159749 0.9988838 0.03511291 0.05587208 0.9983839 -0.01039463 -0.04331201 0.9989008 0.01792508 0.00932765 0.998721 -0.04969567 -0.05861562 0.9982754 -0.003228664 -0.07724255 0.9966075 -0.02841252 -0.05719542 0.99239 -0.1090455 -0.09758752 0.9936548 -0.05591917 -0.1138852 0.9904083 -0.07824176 -0.125803 0.9875177 -0.09477615 -0.03602474 -0.9955401 0.08719068 -0.02413457 -0.9948381 0.09856283 -0.04765403 -0.9948318 0.08965981 -0.0270251 -0.9960947 0.08405351 -0.02048242 -0.9966106 0.07967364 0.004122614 -0.9939212 0.110017 -0.01703518 -0.9971874 0.07298737 0.02686214 -0.9927547 0.1171174 0.1529473 -0.9843489 0.08754616 -0.01796728 -0.9979136 0.06201386 -0.02439522 -0.9985843 0.0472685 0.1236729 -0.9913812 0.04322588 0.08714163 -0.9961211 0.01221746 -0.0366162 -0.9989473 0.02763688 0.03305351 -0.9990341 -0.02895754 -0.05513042 -0.9984781 0.001538515 -0.057195 -0.9923901 -0.1090444 -0.1061073 -0.9920567 -0.06756222 -0.1258061 -0.9875168 -0.09478074 -0.07952666 -0.9963326 -0.03157383 0.003097236 -0.993914 0.1101162 0.02684605 -0.992756 0.1171104 0.001482963 -0.9953747 0.09605747 -0.05553501 -0.9959425 0.07081186 -0.01498812 -0.9967143 0.07959979 -0.02169275 -0.9978989 0.0610522 -0.0543918 -0.9956691 0.07539671 -0.0528028 -0.9954094 0.07982516 -0.05698901 -0.9961996 0.06586921 -0.0202502 -0.9985797 0.04928177 -0.02433574 -0.9948224 0.09867221 -0.05052059 -0.9951646 0.08423292 -0.05993276 -0.9964187 0.05964779 -0.03115004 -0.9991182 0.02815204 -0.04759919 -0.9949684 0.08816075 -0.0466597 -0.9949208 0.0891934 -0.06553715 -0.9965893 0.05014818 -0.06651771 -0.997442 -0.02617341 -0.07392406 -0.9965595 0.03747832 -0.08483308 -0.9961898 0.02023196 -0.09890371 -0.9950914 -0.003359436 -0.1064059 -0.9941711 -0.01736795 -0.1131265 -0.9930692 -0.03187388 0.7074482 -2.43226e-7 0.7067652 0.5635147 -4.51227e-6 0.8261061 0.5635091 -7.46036e-6 0.8261098 0.7076809 -2.13291e-7 0.7065322 0.8271915 2.26833e-7 0.5619202 0.9175669 -1.84741e-5 0.3975815 0.8272074 -1.76963e-7 0.5618968 0.9175955 2.26812e-6 0.3975157 0.9610208 -1.31113e-7 0.2764765 0.9610114 2.07053e-6 0.276509 0.982717 -2.04326e-4 0.1851143 0.99918 -9.38693e-5 0.04048991 0.9960645 -5.42976e-6 -0.08863145 0.9956916 -9.82298e-7 0.09272766 0.9803088 1.78063e-6 -0.1974706 0.9635245 -1.02902e-6 -0.2676201 0.905604 -3.55986e-5 -0.4241244 0.8894261 -8.38831e-7 -0.4570792 0.7791138 -3.69925e-5 -0.6268826 0.7538189 2.05434e-4 -0.6570823 0.608034 -1.13715e-4 -0.7939111 0.5737031 4.55573e-4 -0.8190633 0.4016501 -1.28851e-6 -0.9157932 0.3604024 1.895e-5 -0.932797 0.1733492 -1.30251e-6 -0.9848604 0.1262513 3.38408e-6 -0.9919984 -0.06469154 -9.28849e-7 -0.9979054 -0.1154327 1.45978e-6 -0.9933153 -0.2987366 -5.13741e-7 -0.9543356 -0.349661 6.53061e-7 -0.9368764 -0.4359909 -9.63752e-7 -0.8999512 -0.5635181 6.95419e-6 -0.8261038 -0.5635472 -8.83492e-7 -0.826084 -0.8260979 1.298e-7 0.5635266 -0.8260979 -6.054e-7 0.5635267 -0.8260985 -1.06775e-6 0.5635258 -0.8260986 1.06169e-6 0.5635258 -0.8260982 -4.78068e-7 0.5635262 -0.8260982 5.55174e-7 0.5635264 -0.8260985 -1.51321e-6 0.5635259 -0.8260983 -3.91469e-7 0.5635262 -0.8260982 0 0.5635262 -0.8260983 -1.45788e-7 0.5635262 6.03902e-6 1 8.97355e-6 0 1 -2.98054e-6 1.86575e-6 1 0 -1.5998e-7 1 0 8.4559e-7 1 1.65891e-6 -1.4248e-7 1 0 -5.29407e-7 1 0 2.99285e-7 1 1.51046e-6 0 1 0 0 1 3.1478e-7 -1.4696e-7 1 2.11288e-7 4.40195e-7 1 1.31832e-6 0 1 -1.89871e-7 0 1 0 0 1 9.08692e-7 0 1 2.71927e-7 0 1 4.25805e-7 0 1 3.19836e-7 1.90871e-7 1 2.03231e-7 2.43539e-7 1 2.52806e-7 1.60789e-7 1 1.35194e-6 1.64627e-7 1 -5.19552e-7 -2.15076e-7 1 2.61157e-7 -1.4392e-7 1 3.41413e-7 0 1 1.68963e-7 0 1 3.71529e-7 0 1 4.75796e-7 -1.7452e-7 1 4.94192e-7 0 1 3.29059e-7 0 1 3.08821e-7 1.52118e-7 1 0 1.97523e-7 1 1.82995e-7 0 1 1.37961e-7 0 1 4.04884e-7 -1.38305e-7 1 3.65451e-7 -1.87867e-7 1 1.10217e-6 0 1 1.808e-7 0 1 0 -5.25558e-7 1 1.35045e-6 1.66415e-7 1 -2.38012e-7 0 1 3.66889e-7 0 1 2.42598e-7 0 1 3.1973e-7 0 1 3.65348e-7 0 1 3.80845e-7 0 1 3.60214e-7 0 1 2.59683e-7 0 1 2.11233e-7 7.09556e-7 1 1.16313e-6 2.64337e-7 1 4.46319e-7 -1.9269e-5 -1 4.76957e-5 -5.63276e-6 -1 -3.19043e-5 -3.7315e-6 -1 3.38123e-4 0 -1 6.96813e-6 0 -1 0 0 -1 -4.19706e-7 1.95946e-7 -1 -1.12687e-6 0 -1 2.9857e-6 0 -1 -2.18068e-6 0 -1 1.65706e-6 0 -1 -1.97748e-6 0 -1 1.08771e-6 0 -1 -2.27096e-6 -1.97552e-7 -1 1.71563e-5 -1.92952e-7 -1 -1.02836e-5 -1.52639e-7 -1 -4.44989e-7 -2.92247e-7 -1 6.74149e-7 -2.29045e-7 -1 -2.81814e-6 2.58093e-7 -1 -1.21873e-6 1.72702e-7 -1 -6.62135e-7 0 -1 1.01378e-6 0 -1 -2.6007e-6 0 -1 4.47808e-7 4.99026e-7 -1 7.18825e-7 0 -1 -3.94871e-7 -1.62362e-7 -1 -1.83005e-7 -1.27494e-7 -1 -7.35791e-7 -2.20613e-7 -1 -2.59126e-6 -3.04237e-7 -1 2.18188e-6 -3.95045e-7 -1 9.75974e-7 0 -1 -5.56878e-7 0 -1 -4.06953e-6 0 -1 1.23977e-6 0 -1 1.13787e-6 0 -1 -2.64994e-6 0 -1 5.44026e-7 1.66192e-7 -1 -5.33657e-7 0 -1 -4.26307e-7 1.38958e-7 -1 0 -4.27562e-7 -1 -6.06677e-7 0 -1 -3.20711e-7 0 -1 -5.19365e-7 -5.33101e-7 -1 -5.63289e-7 -8.51471e-7 -1 -1.3376e-5 -3.17203e-7 -1 2.48386e-6 -0.7448524 0 -0.6672294 -0.5635028 0 -0.8261142 -0.5635031 0 -0.8261139 -0.7448521 0 -0.6672296 -0.8828858 0 -0.469588 -0.8828856 0 -0.4695882 -0.9696082 0 -0.244663 -0.9696082 0 -0.2446631 -0.9999849 0 -0.005499601 -0.9999849 0 -0.00549966 -0.9722429 0 0.2339741 -0.972243 0 0.2339739 -0.8880003 0 0.459843 -0.8880005 0 0.4598426 -0.7521507 0 0.6589911 -0.5725888 0 0.8198428 -0.5725886 0 0.819843 -0.3597445 0 0.9330509 -0.3597443 0 0.9330509 -0.126 0 0.9920303 -0.126 0 0.9920303 0.115069 0 0.9933575 0.1150693 0 0.9933575 0.349456 0 0.9369528 0.349456 0 0.9369528 0.5635463 0 0.8260845 0.5635464 0 0.8260846 0.7448505 0 0.6672315 0.5635029 0 0.8261141 0.5635033 0 0.8261138 0.7448501 0 0.6672319 0.8828833 0 0.4695925 0.8828832 0 0.4695929 0.9696088 0 0.2446607 0.9696088 0 0.2446607 0.999985 0 0.00549519 0.999985 0 0.005495071 0.9722442 0 -0.2339682 0.9722442 0 -0.2339684 0.8880031 0 -0.4598378 0.8880031 0 -0.4598376 0.7521471 0 -0.6589953 0.7521474 0 -0.658995 0.5725845 0 -0.8198459 0.3597503 0 -0.9330487 0.3597502 0 -0.9330487 0.1259987 0 -0.9920305 0.125998 0 -0.9920305 -0.1150717 0 -0.9933573 -0.1150723 0 -0.9933571 -0.3494511 0 -0.9369546 -0.3494515 0 -0.9369546 -0.5635463 0 -0.8260845 -0.5635464 0 -0.8260846 -0.7537212 -8.47439e-7 -0.6571944 -0.7537214 -2.39188e-6 -0.6571942 -0.7537218 1.3239e-6 -0.6571936 -0.7537215 -6.08931e-6 -0.6571941 -0.7537212 -1.1037e-6 -0.6571944 -0.7537225 1.74448e-6 -0.6571929 -0.7537214 1.82701e-7 -0.6571941 -0.7537212 0 -0.6571943 -0.7537222 -1.74448e-6 -0.6571933 -0.7537207 3.12715e-6 -0.657195 -0.7537215 -1.3239e-6 -0.6571941 -0.7537214 8.4744e-7 -0.6571941 -0.7537214 -3.15652e-5 -0.6571941 -0.7537211 6.08929e-6 -0.6571944 -0.7537211 2.39188e-6 -0.6571944 -0.7537221 3.15649e-5 -0.6571934 -0.657195 0 0.7537206 -0.5635326 -5.61317e-6 -0.8260938 -0.5635325 4.17663e-5 -0.8260939 -0.7487437 2.83607e-7 -0.6628597 -0.7487496 2.52296e-7 -0.6628531 -0.8883227 2.20559e-7 -0.4592199 -0.8883268 1.42285e-7 -0.459212 -0.9737671 1.25664e-7 -0.2275473 -0.9737671 0 -0.2275474 -0.9998392 0 0.01793932 -0.9998391 0 0.01794147 -0.9649764 -1.26099e-7 0.2623371 -0.964979 0 0.2623275 -0.8712738 -2.04686e-7 0.4907974 -0.8712798 -1.89026e-7 0.4907867 -0.7244758 -2.68028e-7 0.6893002 -0.7244758 -2.79752e-7 0.6893002 -0.5336033 -6.25487e-6 0.8457349 -0.5335221 5.58372e-6 0.8457862 -7.91117e-6 1 -9.96046e-7 -7.52622e-6 1 1.17467e-6 -8.02855e-6 1 0 -4.80957e-6 1 4.10499e-6 -4.96411e-6 1 3.37176e-6 -5.05296e-5 1 8.43604e-5 -4.84094e-5 1 5.01479e-5 -3.83245e-5 1 1.11453e-4 -1.39349e-7 1 4.50533e-7 5.3093e-7 1 2.23872e-6 -1.53699e-5 1 -5.41721e-5 -3.07166e-7 1 0 1.17714e-6 1 0 5.0446e-5 1 0 -2.99519e-7 1 6.33436e-7 3.31779e-6 1 -7.8403e-6 1.09389e-6 1 0 1.34565e-4 1 8.20822e-5 3.97635e-5 1 -1.30984e-5 1.46588e-7 1 0 -5.6969e-7 1 0 0 1 8.06084e-7 0 1 0 -5.55798e-7 1 0 -3.77819e-7 1 0 0 1 2.18337e-7 1.57237e-7 1 9.00177e-7 0 1 1.13599e-6 -2.9642e-7 1 0 0 1 1.5587e-6 2.88696e-7 1 0 -3.73796e-7 1 0 0 1 -5.40838e-7 0 1 1.22602e-6 1.34902e-7 1 -7.78575e-7 2.08467e-7 1 7.31231e-7 0 1 -2.61733e-6 0 1 1.81588e-6 3.28144e-7 1 8.30298e-7 5.85759e-7 1 2.40049e-6 7.18915e-7 1 0 8.94531e-7 1 6.47271e-7 4.60861e-7 1 5.41314e-6 0 1 -4.71756e-6 0 1 4.16987e-6 0 1 -4.96376e-6 0 1 1.35555e-6 2.54186e-7 1 0 2.1212e-7 1 1.45275e-6 -8.84424e-6 1 5.32715e-6 -1.95348e-5 1 1.15837e-4 -0.8368308 8.81273e-7 -0.5474618 -0.8368316 3.58117e-6 -0.5474604 -0.9087757 4.91017e-6 -0.417285 -0.9123734 7.00075e-6 -0.4093593 -0.960664 -2.02451e-5 -0.2777136 -0.9922667 1.47695e-4 -0.1241241 -0.9912363 3.71039e-6 -0.1321015 -0.9917712 -2.72043e-4 -0.1280237 -0.9927867 -3.38778e-5 -0.1198945 -0.9932583 3.33916e-5 -0.1159224 -0.9936308 -2.17557e-6 -0.1126849 -0.9938609 -1.7114e-5 -0.1106369 -0.9940557 -1.17645e-5 -0.1088734 -0.9942018 -1.71904e-5 -0.1075316 -0.965305 2.05077e-6 -0.2611253 -0.9942914 -1.62534e-5 -0.1066987 -0.9943297 -5.90959e-6 -0.106342 -0.9943232 -3.78667e-6 -0.1064026 -0.5291336 0 -0.8485386 -0.5291334 5.23231e-7 -0.8485387 -0.5291013 -1.71399e-4 -0.8485588 -0.5290715 -1.2189e-5 -0.8485772 -0.5292153 -4.80647e-4 -0.8484875 -0.5292488 0 -0.8484666 0 1 -1.46563e-6 0 1 2.05565e-7 4.08818e-7 1 0 0 1 0 0 1 9.06451e-7 -1.70293e-7 1 0 2.8154e-7 1 1.7008e-7 0 1 3.88405e-7 0 1 5.48858e-7 0 1 7.36165e-7 -1.25919e-7 1 -6.30667e-7 4.59166e-7 1 3.48421e-7 -9.28342e-6 1 2.21431e-5 6.72788e-6 1 1.1391e-5 -0.168434 0.9726107 0.1601831 -0.3281515 0.8904249 0.3153733 -0.4738293 0.7509868 0.4598965 -0.5854489 0.5738004 0.5727152 -0.6354762 0.4550184 0.6238015 -6.25849e-7 1 -1.74046e-5 -0.5667228 -1.0851e-4 0.8239086 1.40816e-5 1 -1.37091e-6 -0.4011756 1.03712e-5 0.9160012 -0.03282594 0.2225139 0.9743768 -0.2213975 1.50204e-5 0.9751837 -0.033629 4.29888e-5 0.9994345 -0.03033137 0.4338725 0.9004636 -0.02630048 0.6234751 0.7814007 -0.02104383 0.7818476 0.6231145 -0.01458144 0.900985 0.4336053 1.19507e-5 1 -1.11982e-5 -0.007468879 0.9749282 0.2223946 -0.5240595 0.4339112 0.7328593 -0.6987456 0.1930038 0.6888427 -0.7084544 0.09751302 0.6989876 -0.711825 -1.94646e-5 0.702357 -0.4547223 0.6235171 0.6359671 -0.384017 0.7510298 0.5371083 -0.6745823 0.3227087 0.6639261 -0.2647081 0.8904252 0.3702334 -0.1360961 0.972202 0.1905294 -0.3715304 0.4338893 0.8207955 -0.3224331 0.6235269 0.7122157 -0.272308 0.7509803 0.6015622 -0.1876715 0.8904051 0.4146787 -0.09584075 0.9726101 0.2117645 -0.2229805 0.1930106 0.9555243 -0.204771 0.4339063 0.8773792 -0.1779013 0.6221272 0.7624361 -0.1501857 0.7509703 0.6430304 -0.1034795 0.8903811 0.4432983 -0.05285006 0.9726139 0.2263386 -0.4821988 -0.8749868 0.04338955 -0.3405503 -0.9398823 -0.02543032 -0.4819847 -0.8750407 -0.04466378 1.75647e-5 -1 4.64171e-6 -0.1728144 -0.984884 -0.01177924 -1.05694e-4 -1 5.59445e-5 -0.467431 -0.8750163 0.1259163 -8.89599e-5 -1 6.14189e-5 -0.4364353 -0.8750426 0.2093435 -6.61015e-5 -1 5.77643e-5 -0.392735 -0.8749734 0.2831621 5.37932e-6 -1 -3.44962e-6 -0.3159595 -0.875185 0.366362 -1.14337e-4 -1 1.76117e-4 -0.2313873 -0.9319664 0.2791033 -0.05922693 -0.9954575 0.07454228 -0.03007829 -0.9988254 0.03798896 -0.08675885 -0.9902648 0.1088513 -0.1122058 -0.9837415 0.1402239 -0.1705307 -0.9626546 0.2102748 -0.4820787 -0.874992 -0.04460132 -0.3714528 -0.92702 -0.05154389 -0.2494071 -0.9678028 -0.03396916 -0.1464 -0.9890214 -0.02009326 1.47074e-5 -1 -9.87947e-6 -0.07191205 -0.9973596 -0.01012027 1.86637e-5 -1 3.98746e-6 -0.4821109 -0.8750336 0.04342216 -9.38028e-5 -1 5.00232e-5 -0.4674248 -0.8750199 0.1259147 1.40071e-6 -1 -5.81145e-7 -0.4365023 -0.8750842 0.2090302 1.56462e-5 -1 -6.4075e-7 -0.3927239 -0.8750251 0.2830179 -6.17951e-5 -1 5.72912e-5 -0.06993114 -0.994798 0.07407104 -0.1357504 -0.9799836 0.1456155 -0.2312222 -0.9386089 0.2560269 -0.3159924 -0.875017 0.3667342 -0.05355042 0.9962927 0.06732994 -1.09352e-4 1 1.90124e-4 -0.02722656 0.9990448 0.03417932 -0.09375226 0.9886306 0.117559 -0.1461179 0.9724969 0.1813818 -0.2140368 0.9415091 0.2602862 -0.316003 0.8750545 0.3666356 -8.4728e-5 1 5.57303e-5 -0.3925976 0.8749838 0.2833204 -8.64565e-5 1 4.85033e-5 -0.4363533 0.8750083 0.2096572 -6.45816e-5 1 4.85703e-5 -0.4672265 0.8750266 0.1266019 5.97537e-6 1 9.38773e-6 -0.4821023 0.8750146 0.04389792 -2.83122e-6 1 2.23378e-6 -0.1728022 0.9848862 -0.01177591 -0.3405515 0.9398822 -0.02541905 -0.4820118 0.8750256 -0.04466342 -0.4820648 0.875 -0.04459363 -0.223886 0.97414 -0.03043818 -0.2989093 0.9534067 -0.04085391 -0.371438 0.9270264 -0.05153661 1.42455e-5 1 -7.56979e-6 -9.39379e-6 1 2.22307e-6 -0.1094675 0.993875 -0.015145 -0.4821197 0.8750048 0.04390043 -9.94653e-5 1 5.60535e-5 -0.467165 0.8750477 0.1266828 -8.55029e-5 1 6.67498e-5 8.32975e-6 1 -6.48946e-6 -0.4363485 0.8750971 0.2092971 2.40952e-5 1 -5.7891e-6 -0.3924716 0.8750312 0.2833489 -0.2840462 0.9027994 0.3229103 -0.3160631 0.8749698 0.3667861 -0.2483078 0.9281578 0.2772477 -0.1752254 0.9660245 0.189981 -0.09114915 0.991111 0.09690636 -7.18906e-5 1 5.43743e-5 -0.5335788 1.9744e-5 0.8457505 -0.507251 -5.11191e-6 0.8617984 -0.5030031 -0.15 0.8511686 -0.5214726 -0.2116044 0.8266136 -0.4905238 -0.292577 0.8208441 -0.4857899 -0.4134864 0.770089 -0.4709131 -0.4226783 0.7743281 -0.4512016 -0.5141775 0.7294098 -0.4281001 -0.5967745 0.6786682 -0.4858129 0.4134942 0.7700704 -0.4281087 0.5967866 0.6786522 -0.4697986 0.4283928 0.7718607 -0.4934406 0.2665954 0.8279151 -0.5214845 0.2116044 0.8266061 -0.5037269 0.1359806 0.8530935 -0.5334793 1.61056e-5 0.8458131 -0.5072332 -1.46925e-5 0.8618088 0.2996242 -0.9175812 0.2612857 0.2996407 -0.9175847 0.2612546 0.2996503 -0.9175797 0.2612607 0.2996425 -0.91758 0.2612686 0.299627 -0.9175854 0.2612679 0.2996436 -0.9175831 0.2612566 0.2996404 -0.917581 0.2612677 0.2996387 -0.9175815 0.261268 0.2996447 -0.9175806 0.261264 0.2996407 -0.9175814 0.2612658 0.2996389 -0.9175817 0.261267 0.2996408 -0.9175814 0.2612661 0.2996403 -0.9175817 0.2612658 0.2996393 -0.9175817 0.2612665 0.2996402 -0.9175816 0.2612659 0.2996438 -0.91758 0.2612672 0.2996368 -0.9175834 0.2612636 0.2996411 -0.9175813 0.2612659 0.2996441 -0.9175812 0.2612628 0.2996375 -0.9175819 0.2612677 0.2996441 -0.91758 0.261267 0.2996408 -0.9175816 0.2612653 0.2996402 -0.9175816 0.2612658 0.2996414 -0.9175815 0.2612649 0.2996441 -0.9175807 0.2612646 0.2996408 -0.9175821 0.2612633 0.2996326 -0.9175853 0.2612616 0.2996288 -0.9175865 0.2612619 0.2996562 -0.917575 0.2612705 0.6873925 -0.03465849 0.7254587 0.7210774 -0.02815216 0.6922824 0.7047513 -0.03252899 0.7087084 0.6624373 -0.03961396 0.7480692 0.7464789 -0.02245312 0.6650301 0.6310325 -0.04494994 0.7744531 0.7693412 -0.01701712 0.6386114 0.7965704 -0.01023888 0.604459 0.592413 -0.05019551 0.8040693 0.8181187 -0.004607796 0.5750311 0.8352317 -7.40588e-6 0.5498983 0.521914 -0.05612027 0.85115 0.4466488 -0.05420303 0.8930661 0.8281564 9.83477e-6 0.5604972 0.8352419 -5.97071e-6 0.549883 0.4466499 0.05409246 0.8930723 0.4984852 0.05681592 0.8650345 0.5511335 0.05428028 0.8326497 0.692276 0.0340768 0.7208279 0.7097929 0.03070145 0.7037411 0.7268791 0.02683699 0.686241 0.612693 0.04759097 0.7888869 0.7989158 0.00962162 0.6013659 0.7733493 0.0160703 0.6337766 0.6684051 0.03860014 0.7427952 0.7519055 0.0212152 0.6589295 0.6392252 0.04363954 0.7677806 0.2028845 0.9630635 0.1770499 0.2996282 0.917586 0.2612645 0.2996435 0.9175797 0.261269 0.1545131 0.9787565 0.1347645 0.1022527 0.9907284 0.08945196 0.1237094 0.9864366 0.1078842 0.09636831 0.9917976 0.08396852 0.04336369 0.9983431 0.03782719 1.63222e-5 1 8.01476e-6 -1.42865e-5 1 -2.94484e-5 0.2996498 0.9175721 0.2612885 0.2996707 0.9175863 0.2612145 0.2996265 0.9175857 0.2612671 0.2996323 0.9175856 0.2612606 0.2996452 0.9175809 0.2612628 0.2996417 0.9175831 0.2612591 0.2996397 0.9175812 0.2612677 0.2996402 0.917581 0.2612681 0.2996399 0.9175817 0.2612662 0.2996411 0.9175811 0.2612667 0.2996402 0.9175816 0.2612661 0.2996398 0.9175815 0.2612665 0.2996407 0.9175812 0.2612667 0.2997153 0.9175043 0.261451 0.2996599 0.9175808 0.2612463 0.2996401 0.9175816 0.2612659 0.2996404 0.9175813 0.2612667 0.2996499 0.9175776 0.2612687 0.2996356 0.9175833 0.2612652 0.2996382 0.9175829 0.2612636 0.2996404 0.9175817 0.2612656 0.2996416 0.9175808 0.2612671 0.2996413 0.9175827 0.2612608 0.2996343 0.9175811 0.2612743 0.2996418 0.917581 0.2612659 0.2996459 0.9175831 0.2612541 0.2996423 0.9175804 0.2612679 -0.09108692 0.9911074 0.09700149 0.1024496 0.990722 0.08929848 2.44752e-6 1 1.31093e-5 0.2996252 0.9175919 0.2612469 0.2996727 0.9175659 0.2612835 0.2029085 0.9630798 0.176934 0.2996467 0.917576 0.261278 0.2996436 0.917579 0.261271 -0.175062 0.9660054 0.1902292 0.2996611 0.9175722 0.2612749 -0.24805 0.9282514 0.2771654 -0.2836706 0.9027341 0.3234225 -0.1127018 0.9312188 0.3465979 -0.3159825 0.8750067 0.3667676 0.09562629 0.9456226 0.3108919 0.2996223 0.9175825 0.2612829 -0.2139781 0.941601 0.260002 -0.112714 0.9312257 0.3465752 -0.3159826 0.8750196 0.3667365 0.2994332 0.9176316 0.2613276 0.0956068 0.9456243 0.3108926 0.2996602 0.9175672 0.2612935 0.2996045 0.9176113 0.2612026 -0.1456751 0.9728164 0.1800199 0.2995772 0.9176232 0.2611919 -0.09410274 0.9886105 0.1174474 0.1359918 0.9835429 0.1189527 -0.05474704 0.996151 0.06845545 -0.02835536 0.9989697 0.03543466 -2.51178e-4 0.9999999 3.04492e-4 0.2996436 0.9175779 0.2612751 0.2192553 0.9567185 0.1913556 0.2996544 0.9175645 0.2613098 0.2193198 0.9567184 0.1912822 0.2996477 0.9175776 0.2612712 0.2996231 0.91759 0.2612559 0.153035 0.9791644 0.1334821 0.1362252 0.9835289 0.118801 -3.71784e-6 1 3.77372e-6 1.0551e-5 1 4.20213e-6 0.2844439 0.8469063 0.4492678 0.09293931 0.9697604 0.2256705 0.1801912 0.880895 0.4376703 0.2565916 0.7388004 0.6231651 0.1534673 0.9785946 0.1371152 5.8122e-5 1 8.73096e-5 0.0786336 0.3087428 0.9478897 -0.2740544 -0.8193923 -0.5034783 0.07666462 0.258117 0.963067 -0.03032493 0.4338868 0.9004569 -0.03284376 0.2225022 0.9743789 -0.0336163 -3.91826e-5 0.9994349 5.46062e-5 1 1.01238e-4 -4.15556e-6 1 -9.41928e-6 -0.007490038 0.9749289 0.2223905 -0.0145865 0.9009836 0.433608 0.180185 0.8809014 0.4376599 0.2185579 0.6257839 0.7487503 0.2565926 0.7388048 0.6231595 -3.2708e-6 1 1.10567e-5 1.6832e-4 0.9999997 9.60529e-4 0.09294223 0.9697631 0.2256575 0.04749351 0.7922564 0.6083374 -0.02104157 0.7818429 0.6231203 -0.02629953 0.6234704 0.7814045 0.07567566 0.8301179 0.5524288 0.1756922 0.5063991 0.8442111 0.1006396 0.8665878 0.4887713 0.1562658 2.95579e-4 0.987715 0.07589679 0.257694 0.9632412 -0.03363752 -3.11062e-6 0.9994341 0.3365399 0.5631099 0.7547504 0.2997113 0.9174749 0.2615588 0.299673 0.9175474 0.2613484 0.342406 1.79619e-4 0.9395521 0.2312867 0.4840943 0.8438953 0.2864688 0.8449273 0.4517009 0.2566273 0.7385998 0.6233882 0.2996911 0.9174949 0.261512 0.1754944 0.5060034 0.8444894 0.2192521 0.6253345 0.7489229 0.2546594 0.5705735 0.7807654 0.3009452 0.5662507 0.767328 0.3996927 0.558099 0.7271667 0.449958 0.554713 0.6998795 0.5139843 -1.46776e-5 0.8577997 0.5253712 0.2726102 0.8060203 0.5158732 0.4023877 0.7562797 0.5247428 0.1377029 0.8400494 0.4865685 0.5672119 0.664471 0.4389529 0.6146618 0.6553712 0.2996407 0.9175819 0.2612643 0.3764384 0.8296043 0.412372 0.4395418 0.7114052 0.5483664 0.5511852 0.2082467 0.807978 0.5602706 0.1073699 0.8213212 0.6079657 0.2450476 0.7552016 0.536319 0.3068761 0.78625 0.6402274 0.3763113 0.6697006 0.5158861 0.4023656 0.7562826 0.4866245 0.5672171 0.6644257 0.6559505 0.4980943 0.5671253 0.560832 0.6704915 0.4857044 0.4395761 0.7113956 0.5483513 0.4402219 0.8124847 0.3821955 0.3764488 0.8295922 0.4123875 0.2996831 0.9175587 0.2612971 0.2995867 -0.9176186 0.2611976 0.2996305 -0.9175885 0.2612528 0.2028827 -0.9630646 0.1770456 0.154531 -0.9787531 0.1347686 0.1022531 -0.9907282 0.08945459 0.1278191 -0.9855172 0.1114368 0.1036084 -0.9905098 0.09030908 0.0564717 -0.9971892 0.04924035 1.3601e-5 -1 1.48192e-5 -1.07121e-5 -1 -1.07135e-5 -0.2306523 -0.9390481 0.2549279 -0.1126968 -0.9312157 0.3466078 -0.3159681 -0.8750161 0.3667573 0.2996263 -0.9175857 0.2612671 0.2996392 -0.9175779 0.2612801 0.09562456 -0.9456239 0.310888 0.2995903 -0.9176152 0.261205 0.2996551 -0.9175773 0.2612639 -0.1354607 -0.9801202 0.1449649 0.2996075 -0.9176113 0.2611993 -0.07013356 -0.9947548 0.07445961 0.1024402 -0.9907226 0.08930253 5.20796e-6 -1 1.43051e-5 0.2996446 -0.9175779 0.2612739 0.2029076 -0.9630814 0.1769261 0.2996419 -0.9175766 0.2612818 0.08520406 -0.9935618 0.07466953 -1.88164e-4 -1 2.68914e-4 -0.03116798 -0.9987562 0.03891813 -0.06035387 -0.9953311 0.07532238 -0.08731836 -0.990205 0.1089473 0.169606 -0.9743048 0.1482025 0.2996596 -0.9175695 0.2612863 0.2996454 -0.9175732 0.2612894 0.299627 -0.9175891 0.2612547 -0.1120602 -0.9838591 0.1395124 0.2996578 -0.9175724 0.261278 -0.1703218 -0.9627239 0.2101271 -0.1126493 -0.9312033 0.3466563 -0.2308667 -0.9321479 0.2789281 -0.3159946 -0.8750129 0.3667424 0.2995469 -0.9175933 0.2613319 0.09567248 -0.9455946 0.3109626 0.2996525 -0.9175744 0.261277 0.1697016 -0.9743205 0.1479898 0.2995975 -0.9176071 0.2612256 0.299618 -0.9175947 0.261245 0.15307 -0.97915 0.1335472 0.08544439 -0.9935539 0.07449877 8.37259e-7 -1 -3.88548e-6 5.36442e-7 -1 1.0848e-5 0.04238295 -0.1790853 0.9829202 -0.03360313 1.73518e-5 0.9994353 -0.03283244 -0.2225034 0.974379 -0.03034359 -0.4338772 0.900461 -0.02634316 -0.6234865 0.7813903 0.09292483 -0.9697644 0.2256591 3.22185e-4 -0.9999991 0.001339077 5.31599e-6 -1 1.25961e-5 0.2565916 -0.7388043 0.6231605 0.1930303 -0.5527015 0.8107161 0.1801752 -0.8808975 0.4376716 0.04807895 -0.7929052 0.6074454 0.1159358 -0.3539041 0.9280683 -0.02100419 -0.7818375 0.6231285 -0.01458251 -0.9009826 0.4336102 -0.007451176 -0.9749305 0.222385 6.31567e-5 -1 9.78261e-5 7.36117e-6 -1 -1.96695e-6 0.06841993 -0.8198952 0.5684107 0.08967113 -0.8502406 0.5187005 0.1535319 -0.9785794 0.1371514 0.09293347 -0.969763 0.2256616 -4.89876e-6 -1 -2.77981e-5 0.2845102 -0.846925 0.4491904 0.1801866 -0.8808993 0.4376634 0.2565914 -0.7388076 0.6231566 0.3386318 0.8573183 0.3877294 0 0 -1 0.2996302 0.9175806 0.2612812 0.2996513 0.9175789 0.2612623 0.3429608 0.9286381 0.141454 0.3311209 0.9404943 0.07635128 0.2995936 0.9176081 0.2612263 0.3028489 0.9509795 0.06261593 0.2996417 0.9175755 0.2612857 0.2727911 0.9598377 0.06554877 0.299637 0.9175778 0.2612829 0.299655 0.9175712 0.2612854 0.4402459 0.8124853 0.3821664 0.5609068 0.6705157 0.4855845 0.655965 0.4981081 0.5670965 0.5881025 0.6526986 0.4776191 0.2996472 0.9175776 0.2612718 0.48263 0.8067592 0.3408929 0.2996494 0.9175772 0.2612712 0.4476157 0.8443381 0.2945054 0.2996507 0.917575 0.261277 0.4199845 0.8700953 0.2579677 0.299649 0.9175769 0.2612724 0.4062399 0.8817144 0.2398937 0.2996543 0.9175764 0.2612683 0.3922587 0.8928189 0.2213764 0.2996211 0.9175789 0.2612975 0.3792683 0.9026973 0.2032073 0.299632 0.9175832 0.2612695 0.3655734 0.9126592 0.1827822 0.2996471 0.9175868 0.26124 0.299627 0.9175813 0.2612818 0.3515607 0.9222165 0.1610025 0.299629 0.9175862 0.2612625 0.3421689 0.9289104 0.1415842 0.5247952 0.1376907 0.8400186 0.5141382 3.00407e-5 0.8577073 0.5303879 0.0359025 0.8469945 0.5456544 0.07171612 0.834936 0.5602111 0.1073494 0.8213645 0.5511638 0.2082327 0.8079961 0.5254759 0.2725527 0.8059716 0.5363174 0.3069046 0.7862399 0.5159061 0.402345 0.75628 0.8107085 -1.01775e-5 0.5854501 0.8352897 3.43043e-5 0.5498102 0.8045007 0.07270282 0.5894855 0.767424 0.1448979 0.6245519 0.7242695 0.2158952 0.6548457 0.7382557 0.08943706 0.6685653 0.7860488 1.46143e-5 0.6181644 0.7381003 0.0893439 0.6687493 0.7673997 -3.2194e-5 0.641169 0.7381163 0.08946526 0.6687155 0.751539 2.66358e-6 0.6596888 0.7380908 0.08960098 0.6687254 0.7391259 -1.64695e-5 0.6735674 0.7380887 0.08966934 0.6687185 0.7238662 1.99787e-5 0.6899404 0.7380732 0.08983737 0.6687131 0.706328 -3.45297e-5 0.7078848 0.7380075 0.08987593 0.6687806 0.7378886 0.08978712 0.6689235 0.6865358 0 0.727096 0.737635 0.09038954 0.6691221 0.6379292 1.24827e-4 0.7700951 0.7212625 0.2371836 0.6507875 0.695049 0.3671283 0.6181616 0.6402175 0.3763126 0.6697093 0.6559585 0.4980713 0.5671362 0.6080162 0.2449786 0.7551832 0.5602666 0.1072623 0.8213381 0.5457598 0.07169038 0.8348693 0.5303655 0.03580725 0.8470127 0.5140056 6.86571e-6 0.8577869 0.7331563 0.1396968 0.6655575 0.6652914 0.08010381 0.742274 0.7375314 0.08850318 0.6694884 0.4985348 0.05689197 0.8650007 0.446536 0.05450326 0.8931042 0.5859109 0.07083511 0.8072738 0.5512363 0.05430346 0.8325801 0.7282477 0.1845865 0.6599872 0.6131736 0.0478118 0.7885 0.7245063 0.2142137 0.6551359 0.6394425 0.04379862 0.7675905 0.7219246 0.2320036 0.6519197 0.6686348 0.03839743 0.742599 0.7205057 0.240522 0.6504004 0.6918419 0.03412032 0.7212424 0.7195794 0.2459767 0.6493852 0.7092376 0.03071892 0.7042999 0.7272678 0.02682417 0.6858296 0.719645 0.2474916 0.6487364 0.7519142 0.02101534 0.658926 0.719594 0.2454673 0.6495617 0.7730414 0.01592254 0.6341559 0.7204756 0.2405999 0.6504051 0.767418 0.1449148 0.6245555 0.7216091 0.2336783 0.6516708 0.7229548 0.2254204 0.6530865 0.724274 0.2160299 0.6547964 0.7987868 0.00990504 0.6015328 0.8045059 0.07268351 0.5894806 0.8352961 4.15631e-5 0.5498004 0.7407056 1.53929e-5 0.6718298 0.4465236 -0.05450659 0.8931102 0.5859133 -0.07079511 0.8072755 0.6653043 -0.07998722 0.7422751 0.7375491 -0.08850687 0.6694684 0.6653074 0.07997983 0.7422731 0.7375479 0.08850347 0.6694701 0.5859162 0.07078975 0.8072738 0.4465284 0.05450588 0.8931078 0.7214574 -0.2344699 0.6515544 0.7674292 -0.1448904 0.6245471 0.7243129 -0.2159054 0.6547945 0.8045223 -0.0726934 0.5894571 0.8179308 -0.004957497 0.5752954 0.8353 7.86968e-6 0.5497944 0.7963159 -0.01059728 0.6047883 0.7203693 -0.2415877 0.6501564 0.7691196 -0.01681393 0.6388838 0.7195768 -0.2459936 0.6493816 0.7466041 -0.02229201 0.6648951 0.7196237 -0.247466 0.6487699 0.7213044 -0.02810543 0.6920477 0.7196198 -0.245285 0.6496019 0.7043342 -0.03169947 0.7091604 0.6871613 -0.0350874 0.7256571 0.7205818 -0.2400117 0.6505047 0.6628425 -0.03941333 0.7477208 0.7218364 -0.2323946 0.651878 0.7231532 -0.2232809 0.6536016 0.6315099 -0.04520249 0.7740492 0.725088 -0.2095838 0.6559894 0.592524 -0.05030298 0.8039808 0.7278226 -0.1878752 0.6595281 0.7315801 -0.1563038 0.6635961 0.5222211 -0.05660802 0.8509294 0.7356454 -0.1122931 0.6679941 0.6652947 -0.08009451 0.7422722 0.7375253 -0.08850407 0.6694951 0.5859043 -0.07089298 0.8072735 0.4465143 -0.0545032 0.8931151 0.6024495 -1.01164e-4 0.798157 0.5139622 3.25032e-6 0.857813 0.5302624 -0.03590738 0.847073 0.5457666 -0.07172155 0.8348622 0.5603007 -0.1073022 0.8213096 0.6080036 -0.244991 0.7551894 0.6402213 -0.3763133 0.6697052 0.6560479 -0.4980001 0.5670952 0.7167999 -0.2632895 0.6456598 0.6769898 -1.22264e-5 0.7359924 0.7376488 -0.09027886 0.6691219 0.7379509 -0.08992153 0.6688368 0.7043291 5.56931e-6 0.7098736 0.738018 -0.08971697 0.6687902 0.7225962 -7.6741e-7 0.6912705 0.73809 -0.08964252 0.6687207 0.7367526 5.49294e-5 0.6761624 0.738081 -0.08964908 0.6687298 0.7518727 -6.12438e-5 0.6593084 0.7381119 -0.08939605 0.6687296 0.763637 -1.23046e-5 0.645646 0.7381036 -0.08938437 0.6687403 0.7753438 4.63948e-5 0.6315394 0.7381067 -0.08919966 0.6687615 0.7868021 -1.2083e-4 0.6172056 0.7382506 -0.08949756 0.668563 0.7674034 -0.1448918 0.6245786 0.7242536 -0.215896 0.6548631 0.8045041 -0.07267349 0.5894842 0.8352875 2.57082e-5 0.5498134 0.3764704 -0.8295766 0.4123988 0.2996926 -0.9175491 0.2613199 0.4402375 -0.8124761 0.382196 0.4395765 -0.7113953 0.5483514 0.5608286 -0.6704919 0.4857076 0.4865405 -0.5672224 0.6644826 0.6559494 -0.4981327 0.5670928 0.6402276 -0.3763144 0.6696986 0.5158737 -0.402376 0.7562857 0.5363118 -0.3069105 0.7862415 0.6079642 -0.2450509 0.7552018 0.5511651 -0.2082494 0.807991 0.5602347 -0.1073716 0.8213455 0.5954489 -0.6386289 0.4874359 0.4402896 -0.8124799 0.3821278 0.2996259 -0.9175863 0.2612655 0.5608421 -0.670529 0.4856409 0.655964 -0.4980921 0.5671116 0.2996382 -0.9175827 0.2612642 0.5165585 -0.764376 0.3858715 0.2996234 -0.9175887 0.2612602 0.475402 -0.814844 0.331696 0.2996248 -0.9175868 0.2612656 0.4366779 -0.8549188 0.2800471 0.2996563 -0.9175729 0.2612778 0.2996535 -0.9175758 0.2612709 0.4176766 -0.8721633 0.2547107 0.2996187 -0.9175851 0.2612782 0.4027974 -0.8844905 0.2354381 0.29966 -0.9175776 0.2612572 0.3882597 -0.895917 0.2158404 0.2996537 -0.9175778 0.261264 0.3747777 -0.9060284 0.1966074 0.2996301 -0.9175823 0.2612748 0.3638207 -0.913874 0.1801913 0.2996157 -0.917593 0.2612539 0.3546189 -0.9202218 0.1656425 0.2996413 -0.9175779 0.2612777 0.3422003 -0.9289031 0.1415565 0.2996336 -0.9175876 0.261252 0.2996437 -0.9175743 0.2612873 0.3429976 -0.928622 0.1414708 0.2996254 -0.9175891 0.2612563 0.3310557 -0.9405099 0.07644248 0.2995916 -0.9176129 0.2612116 0.3028427 -0.9509825 0.06259852 0.2996439 -0.917575 0.2612847 0.2728806 -0.959814 0.06552475 -3.37488e-6 -1 -3.97279e-6 -0.07499134 -0.9934697 0.08599072 -1.07326e-5 -1 1.09263e-5 -0.1462535 -0.9749343 0.1676692 -0.2773592 -0.9065713 0.3181201 -0.1523154 -0.972787 0.1746017 -0.2851034 -0.9009962 0.3269893 -0.4073643 -0.7847076 0.4672135 -0.4099901 -0.7816469 0.4700387 -0.5166144 -0.6180291 0.5925788 -0.5138375 -0.6234908 0.5892626 -0.5964393 -0.4198919 0.6840695 -0.5921652 -0.4339056 0.6790186 -0.6427612 -0.2082218 0.7372257 -0.6407549 -0.2225529 0.7347813 -0.657188 9.21823e-6 0.7537268 -0.6571869 2.37897e-5 0.7537277 -0.5076156 -0.2224918 -0.8323605 -0.6049214 -2.20016e-5 -0.7962852 -0.5206701 -1.21448e-5 -0.853758 -0.5897812 -0.2222185 -0.7763873 -0.4691407 -0.4338951 -0.7691828 -0.665774 -0.2223051 -0.7122679 -0.7537212 -1.99676e-5 -0.6571944 -0.6828438 -5.43892e-7 -0.7305645 -0.734832 -0.2224926 -0.6407176 -0.5450133 -0.4338184 -0.7174693 -0.6151996 -0.433937 -0.6582008 -0.6790519 -0.4339046 -0.5921279 -0.4729667 -0.6234968 -0.6225386 -0.4070421 -0.6235023 -0.6675041 -0.5339169 -0.6234587 -0.5711673 -0.4699261 -0.7818285 -0.4097729 -0.589303 -0.6235073 -0.5137711 -0.3771736 -0.78182 -0.4964852 -0.3246495 -0.7818042 -0.5323392 -0.4257602 -0.7818261 -0.4554957 -0.2624394 -0.9009736 -0.3455027 -0.2259215 -0.9009811 -0.3703953 -0.2962537 -0.9009712 -0.316993 -0.1677563 -0.974928 -0.1461964 -0.3270316 -0.9009885 -0.2850793 -0.1345557 -0.9749336 -0.1771984 9.68575e-6 -1 2.06083e-5 -5.71385e-5 -1 -8.33049e-5 -0.1159028 -0.9749333 -0.1899254 -0.1519266 -0.9749318 -0.162562 -9.13441e-6 -1 -6.06477e-6 2.11908e-5 -1 9.27178e-6 0.5225244 -0.4911096 0.6969789 -0.6428094 -0.208088 0.7372215 0 0 -1 -0.7996689 6.54161e-6 0.6004413 -0.1677533 -0.9749274 -0.1462033 -4.98444e-6 -1 1.71363e-7 -0.0751993 -0.9934503 0.08603304 -0.3270058 -0.9009929 -0.2850947 -0.7348331 -0.2224941 -0.6407159 -0.679129 -0.4338868 -0.5920525 -0.823872 -9.3013e-5 -0.566776 -0.7537279 4.84489e-6 -0.6571866 -0.7805005 -0.198788 0.5927076 -0.9130521 -1.8169e-4 0.4078429 -0.9824207 3.91364e-4 0.1866805 -0.5964784 -0.4201927 0.6838507 -0.5164463 -0.6177936 0.5929709 -0.8443074 -0.4082009 0.3471556 -0.9988245 9.62615e-6 -0.04847478 -0.40737 -0.7847093 0.4672056 -0.8387432 -0.5139694 0.1798478 -0.9607 1.74642e-5 -0.2775892 -0.2773378 -0.9065748 0.3181291 -0.7920602 -0.6101137 -0.02004939 -0.8855241 2.41399e-6 -0.4645937 -0.1523165 -0.9727888 0.1745902 -0.6910104 -0.6807052 -0.2431979 -0.4700231 -0.7818148 -0.4096878 -0.5893147 -0.6235029 -0.5137631 -0.6048988 3.42438e-7 -0.7963024 -0.6049035 3.033e-7 -0.7962989 -0.5206582 3.13009e-7 -0.8537653 -0.6828642 2.92023e-7 -0.7305454 -0.520654 3.47134e-7 -0.8537678 -0.6828601 3.15433e-7 -0.7305492 -0.7537692 1.17152e-6 -0.6571394 -0.7537673 3.22965e-7 -0.6571415 -0.8238626 3.45932e-7 -0.5667898 -0.8238884 1.25598e-7 -0.5667522 -0.8854604 0 -0.4647149 -0.8854654 3.1176e-7 -0.4647055 -0.9606599 0 -0.2777277 -0.9606565 2.75672e-7 -0.2777395 -0.9988213 -8.71718e-7 -0.04853862 -0.9988215 9.35979e-7 -0.04853677 -0.9824568 2.59839e-7 0.1864907 -0.9824545 -4.8615e-7 0.1865026 -0.9129733 -4.73112e-7 0.4080194 -0.912968 0 0.4080314 -0.7997332 -1.22003e-6 0.6003558 -0.7997122 7.69273e-7 0.6003837 -0.6572219 3.19822e-6 0.7536971 -0.657185 -3.24473e-6 0.7537294 -0.6428067 0.2080827 0.7372254 -0.1763849 0.01641869 0.9841844 0.8927167 0.3936238 0.2193566 -0.7996677 -8.81404e-6 0.6004429 -0.7348337 0.222495 -0.6407149 -0.7537281 -4.83543e-6 -0.6571863 -0.8238722 9.32515e-5 -0.5667757 -0.6791229 0.4339073 -0.5920444 -0.1677549 0.9749273 -0.146202 -0.3270223 0.9009838 -0.2851048 -0.07519942 0.9934504 0.08603292 -6.35907e-6 1 3.94881e-6 -0.7804998 0.1987866 0.592709 -0.5964779 0.4202204 0.683834 -0.5164496 0.6178078 0.5929532 -0.9130514 1.816e-4 0.4078446 -0.9824137 -4.1917e-4 0.1867172 -0.8443069 0.4082016 0.3471562 -0.4073702 0.7847095 0.4672054 -0.9988244 -9.59635e-6 -0.04847568 -0.8387166 0.5139772 0.1799497 -0.2773384 0.9065743 0.3181296 -0.9607 -1.75834e-5 -0.2775887 -0.7920612 0.6101125 -0.02004957 -0.1523165 0.9727887 0.1745902 -0.8855169 9.45628e-5 -0.4646074 -0.6910111 0.6807042 -0.2431985 -0.5893146 0.6235024 -0.5137637 -0.4700234 0.7818146 -0.4096877 -0.07499134 0.9934695 0.08599269 -2.88337e-6 1 -4.30644e-6 -1.0867e-5 1 1.42177e-5 -0.1462531 0.9749343 0.1676697 -0.1523152 0.972787 0.1746019 -0.2773592 0.9065712 0.3181202 -0.285104 0.9009957 0.32699 -0.4073642 0.7847072 0.4672141 -0.4099899 0.7816469 0.4700388 -0.5166141 0.6180288 0.5925794 -0.5139088 0.6234982 0.5891925 -0.5964393 0.4198908 0.6840701 -0.5921655 0.4339047 0.679019 -0.6427611 0.2082202 0.7372262 -0.6407315 0.2225248 0.7348102 -0.6571875 -9.26852e-6 0.7537272 -0.6571951 -2.37897e-5 0.7537206 -0.01217257 0.9397963 -0.3415182 0.0783717 0.9371125 -0.3401148 0.1172903 0.9602708 -0.2532251 0.04182171 0.9895541 -0.1379631 0.02006387 0.9106041 -0.4127925 -0.07905459 0.8798323 -0.4686636 -0.116352 0.8008969 -0.5873895 -0.04612809 0.8665786 -0.4969041 -0.06387138 0.9110915 -0.4072256 -0.1520279 0.8104829 -0.5656899 -0.2287189 0.6490735 -0.7255282 -0.1154892 0.8703041 -0.4787831 -0.06993746 0.9455188 -0.3179669 -0.1442412 0.8841292 -0.4444211 -0.2344659 0.725257 -0.6473237 -0.1903138 0.8306033 -0.5233345 -0.1954842 0.9366982 -0.2904868 -0.06385779 0.9975868 -0.02725392 -0.142392 0.977326 -0.1567109 -0.2040824 0.9404024 -0.2720177 -0.2609657 0.8538626 -0.4503507 -0.2246139 0.9031794 -0.3658084 -0.3241709 0.7431025 -0.5854161 -0.2665519 0.8702073 -0.4143542 -0.2493906 0.8960212 -0.367356 -0.2996348 0.8220886 -0.4841379 -0.2974413 0.8194051 -0.4900041 -0.3278139 0.7587373 -0.5628994 -0.3374561 0.7403116 -0.581431 -0.3681355 0.6463686 -0.6683442 -0.3129416 0.491101 -0.8129499 -0.314968 0.4423786 -0.8397002 -0.3317704 0.4226623 -0.8433772 -0.362064 0.2337908 -0.902359 -0.3743141 0.1283053 -0.9183828 -0.1212866 0.9456109 -0.3018438 -0.01735556 0.9978812 -0.06270539 -0.3064928 0.6950666 -0.650342 -0.323225 0.5238721 -0.7880886 -0.1447824 0.9422384 -0.3020344 -0.3534715 0.4064098 -0.8425493 -0.3651095 0.3362045 -0.8681368 -0.3774328 0.07120937 -0.923295 -0.1720285 0.9324105 -0.3178316 -0.3929095 0.2079176 -0.8957636 -0.4231829 0.07128489 -0.9032357 -0.3798707 0.5061964 -0.7742503 -0.3935388 0.3828023 -0.8358168 -0.4002814 0.2978769 -0.8666281 -0.4081723 0.237102 -0.881577 -0.4221016 0.1426048 -0.8952621 -0.4023661 0.4095281 -0.8187725 -0.4061699 0.4469976 -0.7970065 -0.4089477 0.3617089 -0.8378118 -0.419354 0.2744964 -0.8653289 0.1802767 0.9836097 -0.00350672 0.2584551 0.9623378 -0.08430349 0.2768878 0.9592916 -0.0556122 0.2929989 0.9557387 -0.02674561 0.2256717 0.9663055 -0.123798 0.04189294 0.9895649 -0.1378639 0.1172898 0.9602751 -0.2532094 0.1529941 0.9685688 -0.1961314 -0.01425778 0.9970189 0.07583004 0.07327961 0.9965583 0.03875488 0.001832067 0.9956154 0.09352356 -0.0181396 0.9981091 0.05873155 -0.06392848 0.9975799 -0.02734261 -0.01736414 0.9978801 -0.06272113 -0.02559643 0.9992133 0.03029644 0.1298009 0.9898759 -0.05742442 0.1904612 0.9690922 -0.1567957 0.08105796 0.9966334 -0.01231825 0.03995257 0.9989952 0.02030903 -0.01629287 0.9987069 0.04815697 0.0233041 0.9997251 0.002593159 0.2929796 0.9557452 -0.02672487 0.2939097 0.9555051 -0.02504295 0.2932143 0.956023 0.006742358 0.1803374 0.983599 -0.003409504 0.2913097 0.9380096 0.1878214 0.357429 0.9091857 0.2136022 0.4688094 0.8065974 0.3600257 0.2332386 0.9704694 0.06155413 0.2985467 0.9484089 0.1067264 0.2097794 0.9708191 0.1162021 0.2268346 0.9639223 0.139284 0.1915389 0.9779598 0.08311188 0.3241407 0.8965748 0.3018054 0.3999435 0.8395687 0.3676545 0.1682558 0.96087 0.2200428 0.06569904 0.9903694 0.1218695 0.07454317 0.985779 0.1506091 0.04542058 0.9906933 0.1283117 0.01966035 0.9939433 0.1081218 0.001837909 0.9956136 0.09354311 0.0732854 0.9965578 0.03875488 0.7014412 0.2945074 0.6490344 0.705734 0.294605 0.6443194 0.7333325 0.08659231 0.6743332 0.6489702 0.4965829 0.5764053 0.6904034 0.3176847 0.6499382 0.7027596 0.08461636 0.7063775 0.6906656 0.2127718 0.6911652 0.6508179 0.3983052 0.6463661 0.5318099 0.6951983 0.483609 0.6594141 0.440164 0.6094496 0.5869363 0.564294 0.5805842 0.1379307 0.9875212 0.07600581 0.1393295 0.9813345 0.1325519 0.5180459 0.7351059 0.437319 0.5584632 0.6847631 0.4682076 0.498265 0.7563965 0.4237883 0.4356308 0.8191453 0.373131 0.5375291 0.6926263 0.4809692 0.4908086 0.7521989 0.4396632 0.4537368 0.7891966 0.4138744 0.4864797 0.7446016 0.4570624 0.5137962 0.6911406 0.5082697 0.4200935 0.8051092 0.4187131 0.2930247 0.9039709 0.3114051 0.9529504 1.10846e-5 -0.3031263 0.9868409 1.888e-6 -0.161695 0.98684 -2.91504e-6 -0.1616999 0.9762147 -3.72715e-6 -0.2168067 0.9201703 -1.9283e-6 -0.3915185 0.8602055 -1.53696e-5 -0.5099474 0.8173254 1.6056e-6 -0.5761765 0.7154473 -2.76044e-6 -0.6986668 0.6075324 4.31016e-6 -0.794295 0.6638498 1.35973e-6 -0.7478659 0.5560991 6.99237e-6 -0.831116 0.5560908 1.06718e-5 -0.8311216 0.5308104 4.33251e-6 -0.8474907 0.5561197 4.65008e-6 -0.8311023 0.5560995 4.26499e-6 -0.8311158 0.542725 3.44845e-6 -0.8399105 0.5129374 1.02492e-6 -0.8584262 0.5326536 2.05659e-6 -0.8463334 0.5017382 1.75321e-6 -0.8650196 0.5238452 -4.9868e-7 -0.8518136 0.4960221 -2.302e-6 -0.86831 0.5238174 -2.24519e-6 -0.8518307 0.4960073 0 -0.8683184 0.5300449 -1.60281e-6 -0.8479696 0.5091871 -9.44361e-7 -0.860656 0.5402629 9.34582e-7 -0.8414964 0.5289694 5.74486e-6 -0.8486409 0.556127 2.09376e-6 -0.8310974 0.5413752 5.65872e-6 -0.8407812 0.5560989 3.68897e-6 -0.8311161 0.9786028 4.8317e-6 -0.2057587 0.9745304 4.99561e-6 -0.2242557 0.9868345 9.65316e-6 -0.1617336 0.9868411 -4.1083e-7 -0.1616932 0.9240043 1.21957e-6 -0.3823823 0.9114687 2.07685e-6 -0.4113696 0.8226444 6.40471e-6 -0.5685563 0.8045051 3.08268e-7 -0.5939459 0.7018835 9.98378e-7 -0.7122918 0.6859853 -2.08989e-6 -0.7276154 0.5561345 1.419e-6 -0.8310923 0.5977644 7.1181e-6 -0.8016719 0.5560979 2.31061e-6 -0.8311168 0.4118313 -1.27107e-5 -0.9112602 0.3302651 1.35154e-5 -0.9438883 0.3302669 4.91491e-4 -0.9438875 0.5429178 -3.39723e-6 -0.8397859 0.4886202 9.70438e-6 -0.8724966 0.6437324 2.5779e-6 -0.7652506 0.7248679 1.91182e-5 -0.6888878 0.8012861 4.39165e-6 -0.5982815 0.8481941 1.03638e-5 -0.5296857 0.9210515 -5.07804e-7 -0.3894407 0.9367644 -1.17719e-5 -0.3499608 0.9621957 -2.54065e-5 -0.2723591 0.986854 -1.73477e-5 -0.1616146 0.9868453 -9.04605e-6 -0.1616675 0.4280356 7.91252e-6 -0.903762 0.3301936 3.29323e-6 -0.9439132 0.3302757 -6.13347e-4 -0.9438843 0.5361464 2.55182e-7 -0.8441251 0.5232911 4.26214e-6 -0.852154 0.6889783 5.39795e-6 -0.7247821 0.7206112 1.47931e-5 -0.6933395 0.8348462 -1.46255e-5 -0.5504834 0.8434263 -4.95045e-6 -0.5372449 0.9210482 -1.43982e-6 -0.3894485 0.9367667 1.72518e-5 -0.3499548 0.9629582 2.16961e-5 -0.2696511 0.9868357 6.43733e-6 -0.1617267 0.986831 6.0536e-7 -0.161755 0.9435254 1.73296e-6 -0.3313005 0.9418944 7.21507e-6 -0.3359091 0.9501585 -1.79582e-6 -0.3117674 0.9484847 -4.27011e-6 -0.316823 0.9551103 -1.71177e-6 -0.2962503 0.9351005 1.75863e-5 -0.3543827 0.9265224 2.54624e-6 -0.3762399 0.953114 -3.3183e-6 -0.3026116 0.9587876 -6.38026e-6 -0.2841237 0.961028 -1.77277e-6 -0.2764514 0.9551792 4.22564e-6 -0.2960283 0.9620368 1.32649e-6 -0.27292 0.9130105 3.2275e-6 -0.407936 0.9048437 -8.35769e-6 -0.4257439 0.9561226 9.52394e-7 -0.2929671 0.8793675 -3.95859e-6 -0.4761438 0.8793227 1.35927e-6 -0.4762265 0.9633098 2.80328e-7 -0.2683922 0.9574337 0 -0.2886536 0.956125 0 -0.292959 0.9620475 1.32713e-7 -0.2728825 0.9614747 -3.9069e-7 -0.2748939 0.9545557 8.18516e-7 -0.2980325 0.9604211 -1.09104e-6 -0.2785522 0.9572272 -4.53088e-7 -0.2893376 0.9512593 -1.09966e-6 -0.3083923 0.952309 -4.6643e-6 -0.3051356 0.9465669 -4.40655e-6 -0.3225078 0.941054 7.03894e-6 -0.3382564 0.9434769 -1.11982e-5 -0.3314382 0.9322693 4.47035e-7 -0.3617652 0.9206088 2.26675e-5 -0.3904862 0.9231328 3.30945e-6 -0.3844815 0.9130113 1.92169e-5 -0.4079343 0.8793717 -1.05658e-6 -0.476136 0.8793718 5.04777e-7 -0.4761358 0.8397162 -2.00095e-6 -0.5430255 0.8101711 -1.06953e-5 -0.5861936 0.8793245 -8.33627e-6 -0.476223 0.8793166 -5.56931e-7 -0.4762378 0.7716971 0 -0.6359905 0.6496748 6.31344e-6 -0.7602123 0.6118802 3.11527e-6 -0.7909505 0.4515579 -3.55719e-6 -0.8922419 0.4102134 -1.53595e-5 -0.9119896 0.330259 -6.82753e-6 -0.9438904 0.3301877 -6.47513e-7 -0.9439153 0.8095793 -6.66338e-6 -0.5870106 0.7874807 -1.86032e-6 -0.6163395 0.8793148 6.09367e-6 -0.4762412 0.8793117 3.22238e-6 -0.4762467 0.647944 -1.72108e-5 -0.7616881 0.6320294 4.88979e-6 -0.7749444 0.5000366 1.41878e-5 -0.8660044 0.4515519 7.90134e-6 -0.8922449 0.4102339 1.69035e-5 -0.9119803 0.3302016 -9.58146e-6 -0.9439104 0.3302339 2.84793e-6 -0.9438992 -0.03296363 -0.9295627 -0.3671876 0.0200566 -0.9106056 -0.4127896 -0.04613137 -0.8665784 -0.4969043 0.07838201 -0.9371084 -0.3401237 0.04181444 -0.9895533 -0.1379701 0.1172891 -0.960271 -0.2532253 -0.05482381 -0.9169795 -0.3951494 -0.1361253 -0.8281992 -0.5436506 -0.1163365 -0.8008983 -0.5873908 -0.1636485 -0.7473208 -0.6439959 -0.2103874 -0.6803858 -0.7020061 -0.1016278 -0.882623 -0.4589645 -0.06181436 -0.9501791 -0.3055138 -0.1310185 -0.8966566 -0.4228961 -0.217218 -0.7549967 -0.6187055 -0.177154 -0.8476297 -0.5001405 -0.2115108 -0.9230225 -0.3213917 -0.2212851 -0.9255644 -0.3071867 -0.1797541 -0.9577112 -0.2246725 -0.1423842 -0.9773249 -0.1567259 -0.06393259 -0.9975796 -0.02734303 -0.2278664 -0.8993869 -0.3730686 -0.2707393 -0.8378221 -0.4740827 -0.3314861 -0.7233552 -0.6057015 -0.3926458 -0.5369021 -0.746703 -0.3681092 -0.6464412 -0.6682885 -0.3005938 -0.8161215 -0.4935474 -0.3041307 -0.8138309 -0.4951605 -0.2633464 -0.8785662 -0.3984597 -0.3193889 -0.776672 -0.5429285 -0.296475 -0.5412726 -0.786846 -0.2950872 -0.5018635 -0.813054 -0.3460732 -0.3461756 -0.8720068 -0.3521447 -0.2913864 -0.8894314 -0.3774262 -0.07121926 -0.923297 -0.342926 -0.3739957 -0.8617012 -0.1180928 -0.9477749 -0.2962718 -0.01736074 -0.9978786 -0.06274569 -0.3052213 -0.698182 -0.647597 -0.3312368 -0.4928022 -0.8046292 -0.1440888 -0.9427261 -0.300842 -0.3647633 -0.3378983 -0.8676246 -0.1726541 -0.9318697 -0.3190761 -0.3928034 -0.2088976 -0.8955822 -0.4231775 -0.07128626 -0.9032381 -0.3892792 -0.4381741 -0.8102254 -0.4000636 -0.2994917 -0.8661719 -0.4096667 -0.3150821 -0.8560937 -0.4080613 -0.4307041 -0.8049721 -0.4134446 -0.2864192 -0.8643077 -0.4206027 -0.2333879 -0.8767117 -0.3774359 -0.07119137 -0.9232951 -0.4231861 0.07121628 -0.9032397 -0.4231861 -0.07121628 -0.9032397 -0.3774368 0.07109057 -0.9233026 0.1560233 -0.9877411 0.004945993 0.2584624 -0.962336 -0.08430176 0.2257716 -0.9662731 -0.1238698 0.2769073 -0.9592857 -0.05561763 0.2930274 -0.9557318 -0.02667582 0.041821 -0.9895539 -0.1379646 0.152975 -0.9685779 -0.1961009 0.1172896 -0.9602748 -0.2532105 -0.01424783 -0.9970208 0.07580661 0.001825988 -0.9956122 0.09355807 0.04342639 -0.9975827 0.0542497 -0.01842409 -0.9976292 0.06630706 -0.01834481 -0.9980393 0.05984312 -0.06391537 -0.997581 -0.02733463 -0.02335888 -0.999158 0.03372919 -0.01735645 -0.9978806 -0.06271535 0.1195121 -0.9916949 -0.04752135 0.1903749 -0.969118 -0.156741 0.0727517 -0.9973359 -0.005324959 0.02516084 -0.9992205 0.0304203 -0.01604807 -0.9985876 0.05065166 0.01722288 -0.9998208 0.007856786 0.2316194 -0.9689379 0.08667171 0.4258458 -0.8513829 0.3062722 0.3001465 -0.947417 0.1109648 0.2743857 -0.9446774 0.179714 0.2222233 -0.9742982 0.03687787 0.2929681 -0.9557479 -0.02675157 0.156067 -0.9877338 0.005009353 0.2932017 -0.9560268 0.006750166 0.2938846 -0.9555119 -0.02507823 0.1897643 -0.9751184 0.1146016 0.2143043 -0.9657506 0.1462854 0.08567661 -0.9850913 0.14918 0.04337149 -0.997589 0.05417758 0.001837313 -0.9956131 0.09354811 0.01945126 -0.9939587 0.1080181 0.0452314 -0.9907137 0.1282205 0.07452875 -0.9857825 0.1505936 0.7022963 -0.290395 0.649962 0.7036775 -0.3047026 0.6418679 0.6418743 -0.5153856 0.5677808 0.7277871 -0.1490896 0.6694015 0.7334003 -0.08659297 0.6742594 0.6911343 -0.314014 0.6509444 0.6798193 -0.2786078 0.6783977 0.6971378 -0.1586088 0.6991725 0.7027722 -0.08458507 0.7063687 0.5364402 -0.6887299 0.4877327 0.6713762 -0.4001992 0.6237745 0.6229557 -0.4807994 0.6170561 0.1166489 -0.9892066 0.08867627 0.1423493 -0.9779816 0.152606 0.3707512 -0.8632935 0.3424443 0.5074143 -0.7483906 0.4271328 0.5475056 -0.7021975 0.4551444 0.4882064 -0.767511 0.4154293 0.5641549 -0.6511893 0.5076237 0.4240015 -0.8184135 0.3878429 0.4460305 -0.8077296 0.3855256 0.4589833 -0.776936 0.430935 0.4746035 -0.7579827 0.4474526 0.2536019 -0.9253546 0.2817888 0.4358229 -0.7889033 0.4332323 0.5436171 -0.6445035 0.5376762 0.2340742 -0.9353444 0.2652171 0.7236583 -0.04169553 0.6888977 0.7365614 -4.16912e-7 0.6763708 0.733399 -0.08658933 0.6742613 0.7027743 -0.0844888 0.706378 0.7140217 0.02080661 0.6998144 0.704689 6.88311e-6 0.7095164 0.7027766 0.08448863 0.7063758 0.7269513 0.05241119 0.6846861 0.7333351 0.08659327 0.6743303</float_array>
          <technique_common>
            <accessor source="#¾µв3_3_1-mesh-normals-array" count="2795" stride="3">
              <param name="X" type="float"/>
              <param name="Y" type="float"/>
              <param name="Z" type="float"/>
            </accessor>
          </technique_common>
        </source>
        <vertices id="¾µв3_3_1-mesh-vertices">
          <input semantic="POSITION" source="#¾µв3_3_1-mesh-positions"/>
        </vertices>
        <triangles material="white_plastic-material" count="2523">
          <input semantic="VERTEX" source="#¾µв3_3_1-mesh-vertices" offset="0"/>
          <input semantic="NORMAL" source="#¾µв3_3_1-mesh-normals" offset="1"/>
          <p>2 0 3 1 4 2 5 3 2 0 4 2 1 4 5 3 6 5 1 4 2 0 5 3 8 6 1 4 6 5 7 7 1 4 8 6 0 8 1 4 7 7 15 9 12 10 11 11 15 9 14 12 12 10 16 13 11 11 10 14 16 13 15 9 11 11 13 15 10 14 9 16 13 15 16 13 10 14 31 17 28 18 29 19 18 20 21 21 17 22 37 23 27 24 26 25 37 23 30 26 27 24 38 27 29 19 30 26 38 27 31 17 29 19 38 27 30 26 37 23 39 28 26 25 25 29 39 28 37 23 26 25 40 30 32 31 31 17 40 30 37 23 39 28 40 30 31 17 38 27 40 30 38 27 37 23 41 32 25 29 24 33 41 32 39 28 25 29 42 34 33 35 32 31 42 34 39 28 41 32 42 34 32 31 40 30 42 34 40 30 39 28 43 36 24 33 23 37 43 36 41 32 24 33 44 38 34 39 33 35 44 38 42 34 41 32 44 38 33 35 42 34 44 38 41 32 43 36 45 40 23 37 22 41 45 40 43 36 23 37 46 42 35 43 34 39 46 42 34 39 44 38 46 42 44 38 43 36 46 42 43 36 45 40 47 44 22 41 21 21 47 44 45 40 22 41 47 44 21 21 18 20 48 45 18 20 19 46 48 45 19 46 20 47 48 45 36 48 35 43 48 45 20 47 36 48 48 45 35 43 46 42 48 45 47 44 18 20 48 45 46 42 45 40 48 45 45 40 47 44 63 49 60 50 61 51 69 52 59 53 58 54 69 52 62 55 59 53 70 56 61 51 62 55 70 56 63 49 61 51 70 56 62 55 69 52 71 57 58 54 57 58 71 57 69 52 58 54 72 59 64 60 63 49 72 59 69 52 71 57 72 59 63 49 70 56 72 59 70 56 69 52 73 61 57 58 56 62 73 61 71 57 57 58 74 63 65 64 64 60 74 63 71 57 73 61 74 63 64 60 72 59 74 63 72 59 71 57 75 65 56 62 55 66 75 65 73 61 56 62 76 67 66 68 65 64 76 67 74 63 73 61 76 67 65 64 74 63 76 67 73 61 75 65 77 69 55 66 54 70 77 69 75 65 55 66 78 71 67 72 66 68 78 71 66 68 76 67 78 71 76 67 75 65 78 71 75 65 77 69 79 73 49 74 50 75 79 73 53 76 49 74 79 73 54 70 53 76 79 73 77 69 54 70 80 77 50 75 51 78 80 77 51 78 52 79 80 77 68 80 67 72 80 77 52 79 68 80 80 77 67 72 78 71 80 77 79 73 50 75 80 77 78 71 77 69 80 77 77 69 79 73 83 81 81 81 82 81 84 82 85 82 86 82 87 83 89 83 88 83 91 84 92 84 90 84 111 85 99 86 100 87 113 88 93 89 94 90 113 88 103 91 93 89 114 92 101 93 102 94 114 92 102 94 103 91 114 92 110 95 101 93 114 92 103 91 113 88 115 96 94 90 95 97 115 96 113 88 94 90 116 98 109 99 110 95 116 98 113 88 115 96 116 98 114 92 113 88 116 98 110 95 114 92 117 100 95 97 96 101 117 100 115 96 95 97 118 102 108 103 109 99 118 102 109 99 116 98 118 102 115 96 117 100 118 102 116 98 115 96 119 104 96 101 97 105 119 104 117 100 96 101 120 106 107 107 108 103 120 106 118 102 117 100 120 106 117 100 119 104 120 106 108 103 118 102 121 108 97 105 98 109 121 108 119 104 97 105 122 110 106 111 107 107 122 110 107 107 120 106 122 110 120 106 119 104 122 110 119 104 121 108 123 112 98 109 99 86 123 112 121 108 98 109 123 112 99 86 111 85 124 113 104 114 105 115 124 113 105 115 106 111 124 113 111 85 112 116 124 113 112 116 104 114 124 113 123 112 111 85 124 113 106 111 122 110 124 113 122 110 121 108 124 113 121 108 123 112 128 117 132 118 127 119 144 120 126 121 127 119 144 120 135 122 136 123 145 124 125 125 126 121 145 124 139 126 138 127 145 124 142 128 125 125 145 124 143 129 142 128 145 124 138 127 143 129 146 130 136 123 137 131 146 130 140 132 139 126 146 130 141 133 140 132 146 130 137 131 141 133 146 130 145 124 136 123 146 130 139 126 145 124 147 134 136 123 145 124 147 134 126 121 144 120 147 134 145 124 126 121 147 134 144 120 136 123 148 135 135 122 144 120 148 135 144 120 127 119 149 136 133 137 135 122 149 136 148 135 127 119 149 136 135 122 148 135 150 138 130 139 129 140 150 138 131 141 130 139 150 138 132 118 131 141 150 138 134 142 133 137 150 138 129 140 134 142 150 138 149 136 127 119 150 138 133 137 149 136 150 138 127 119 132 118 202 143 197 144 198 145 196 146 197 144 202 143 201 147 196 146 202 143 168 148 167 149 171 150 175 151 168 148 171 150 200 152 195 153 201 147 169 154 168 148 175 151 199 155 194 156 200 152 191 157 190 158 199 155 170 159 169 154 174 160 205 161 191 157 199 155 205 161 192 162 191 157 205 161 193 163 192 162 205 161 186 164 193 163 187 165 186 164 205 161 188 166 187 165 205 161 189 167 188 166 205 161 164 168 170 159 173 169 179 170 164 168 172 171 204 172 189 167 205 161 204 172 185 173 189 167 165 174 177 175 176 176 165 174 178 177 177 175 165 174 182 178 181 179 165 174 183 180 182 178 165 174 184 181 183 180 165 174 176 176 184 181 166 182 181 179 180 183 166 182 180 183 185 173 166 182 185 173 204 172 166 182 165 174 181 179 154 184 166 182 204 172 154 184 204 172 203 185 154 184 203 185 214 186 155 187 154 184 214 186 155 187 214 186 213 188 156 189 213 188 212 190 156 189 155 187 213 188 157 191 212 190 211 192 157 191 156 189 212 190 158 193 211 192 210 194 158 193 157 191 211 192 159 195 210 194 209 196 159 195 158 193 210 194 160 197 209 196 208 198 160 197 159 195 209 196 161 199 208 198 207 200 161 199 160 197 208 198 162 201 207 200 206 202 162 201 161 199 207 200 152 203 206 202 153 204 152 203 162 201 206 202 163 205 162 201 152 203 151 206 163 205 152 203 165 174 164 168 178 177 178 177 164 168 179 170 173 169 172 171 164 168 174 160 173 169 170 159 175 151 174 160 169 154 190 158 194 156 199 155 194 156 195 153 200 152 195 153 196 146 201 147 216 207 215 208 236 209 224 210 235 211 223 212 243 213 229 214 230 215 243 213 242 216 229 214 244 217 241 218 242 216 244 217 242 216 243 213 245 219 230 215 231 220 245 219 243 213 230 215 246 221 240 222 241 218 246 221 241 218 244 217 247 223 244 217 243 213 247 223 243 213 245 219 248 224 239 225 240 222 248 224 240 222 246 221 249 226 231 220 232 227 249 226 245 219 231 220 250 228 239 225 248 224 251 229 244 217 247 223 251 229 246 221 244 217 252 230 238 231 239 225 252 230 239 225 250 228 253 232 245 219 249 226 253 232 247 223 245 219 254 233 232 227 233 234 254 233 249 226 232 227 255 235 248 224 246 221 255 235 246 221 251 229 256 236 238 231 252 230 257 237 248 224 255 235 257 237 250 228 248 224 258 238 251 229 247 223 258 238 247 223 253 232 258 238 255 235 251 229 259 239 237 240 238 231 259 239 238 231 256 236 260 241 253 232 249 226 260 241 249 226 254 233 261 242 252 230 250 228 261 242 250 228 257 237 262 243 236 209 237 240 262 243 237 240 259 239 263 244 233 234 234 245 263 244 254 233 233 234 264 246 255 235 258 238 265 247 259 239 256 236 265 247 252 230 261 242 265 247 256 236 252 230 266 248 258 238 253 232 266 248 253 232 260 241 267 249 255 235 264 246 267 249 257 237 255 235 268 250 236 209 262 243 268 250 216 207 236 209 269 251 259 239 265 247 270 252 254 233 263 244 270 252 260 241 254 233 270 252 266 248 260 241 271 253 265 247 261 242 271 253 261 242 257 237 271 253 257 237 267 249 272 254 264 246 258 238 272 254 258 238 266 248 273 255 262 243 259 239 273 255 259 239 269 251 274 256 265 247 271 253 275 257 234 245 235 211 275 257 235 211 224 210 275 257 263 244 234 245 276 258 267 249 264 246 276 258 264 246 272 254 277 259 266 248 270 252 278 260 217 261 216 207 278 260 218 262 217 261 278 260 268 250 262 243 278 260 262 243 273 255 278 260 216 207 268 250 279 263 269 251 265 247 279 263 265 247 274 256 280 264 267 249 276 258 280 264 271 253 267 249 281 265 224 210 225 266 281 265 270 252 263 244 281 265 263 244 275 257 281 265 275 257 224 210 282 267 272 254 266 248 282 267 266 248 277 259 283 268 273 255 269 251 283 268 269 251 279 263 283 268 278 260 273 255 284 269 271 253 280 264 284 269 274 256 271 253 285 270 276 258 272 254 285 270 280 264 276 258 285 270 272 254 282 267 286 271 222 272 218 262 286 271 218 262 278 260 286 271 278 260 283 268 287 273 225 266 226 274 287 273 281 265 225 266 287 273 270 252 281 265 287 273 277 259 270 252 288 275 279 263 274 256 288 275 274 256 284 269 289 276 280 264 285 270 290 277 221 278 222 272 290 277 283 268 279 263 290 277 222 272 286 271 290 277 286 271 283 268 290 277 279 263 288 275 291 279 284 269 280 264 291 279 280 264 289 276 292 280 226 274 227 281 292 280 287 273 226 274 292 280 282 267 277 259 292 280 277 259 287 273 293 282 227 281 228 283 293 282 282 267 292 280 293 282 285 270 282 267 293 282 292 280 227 281 294 284 220 285 221 278 294 284 290 277 288 275 294 284 221 278 290 277 294 284 288 275 284 269 294 284 284 269 291 279 295 286 293 282 228 283 295 286 285 270 293 282 295 286 289 276 285 270 296 287 295 286 228 283 296 287 219 288 220 285 296 287 294 284 291 279 296 287 289 276 295 286 296 287 228 283 219 288 296 287 220 285 294 284 296 287 291 279 289 276 302 289 303 290 312 291 325 292 313 293 314 294 325 292 324 295 313 293 326 296 323 297 324 295 326 296 324 295 325 292 327 298 314 294 315 299 327 298 325 292 314 294 328 300 322 301 323 297 328 300 323 297 326 296 329 302 325 292 327 298 329 302 326 296 325 292 330 303 321 304 322 301 330 303 322 301 328 300 331 305 328 300 326 296 331 305 326 296 329 302 332 306 315 299 316 307 332 306 327 298 315 299 333 308 320 309 321 304 333 308 321 304 330 303 334 310 320 309 333 308 335 311 330 303 328 300 335 311 328 300 331 305 336 312 327 298 332 306 336 312 329 302 327 298 337 313 300 314 301 315 337 313 301 315 320 309 337 313 320 309 334 310 338 316 333 308 330 303 338 316 330 303 335 311 339 317 316 307 317 318 339 317 332 306 316 307 340 319 334 310 333 308 340 319 337 313 334 310 340 319 333 308 338 316 341 320 331 305 329 302 341 320 329 302 336 312 342 321 337 313 340 319 343 322 336 312 332 306 343 322 332 306 339 317 344 323 335 311 331 305 344 323 331 305 341 320 345 324 299 325 300 314 345 324 337 313 342 321 345 324 300 314 337 313 346 326 335 311 344 323 346 326 338 316 335 311 347 327 317 318 318 328 347 327 339 317 317 318 348 329 341 320 336 312 348 329 336 312 343 322 349 330 340 319 338 316 349 330 342 321 340 319 349 330 338 316 346 326 350 331 343 322 339 317 350 331 339 317 347 327 351 332 345 324 342 321 351 332 342 321 349 330 352 333 341 320 348 329 352 333 346 326 344 323 352 333 344 323 341 320 353 334 305 335 306 336 353 334 347 327 318 328 353 334 318 328 319 337 353 334 319 337 305 335 354 338 299 325 345 324 354 338 345 324 351 332 355 339 346 326 352 333 356 340 348 329 343 322 356 340 343 322 350 331 356 340 352 333 348 329 357 341 298 342 299 325 357 341 299 325 354 338 358 343 346 326 355 339 358 343 349 330 346 326 359 344 306 336 307 345 359 344 353 334 306 336 359 344 350 331 347 327 359 344 347 327 353 334 360 346 349 330 358 343 360 346 351 332 349 330 361 347 352 333 356 340 362 348 352 333 361 347 362 348 355 339 352 333 363 349 307 345 308 350 363 349 356 340 350 331 363 349 350 331 359 344 363 349 359 344 307 345 364 351 354 338 351 332 364 351 351 332 360 346 365 352 358 343 355 339 365 352 355 339 362 348 366 353 298 342 357 341 366 353 357 341 354 338 366 353 354 338 364 351 367 354 360 346 358 343 367 354 358 343 365 352 367 354 364 351 360 346 368 355 308 350 309 356 368 355 363 349 308 350 368 355 361 347 356 340 368 355 356 340 363 349 369 357 298 342 366 353 370 358 362 348 361 347 370 358 361 347 368 355 370 358 365 352 362 348 370 358 368 355 309 356 371 359 297 360 298 342 371 359 298 342 369 357 372 361 364 351 367 354 373 362 309 356 310 363 373 362 370 358 309 356 373 362 365 352 370 358 374 364 364 351 372 361 374 364 366 353 364 351 375 365 367 354 365 352 375 365 373 362 310 363 375 365 365 352 373 362 376 366 369 357 366 353 376 366 366 353 374 364 377 367 369 357 376 366 377 367 304 368 297 360 377 367 297 360 371 359 377 367 371 359 369 357 378 369 310 363 311 370 378 369 372 361 367 354 378 369 375 365 310 363 378 369 374 364 372 361 378 369 367 354 375 365 379 371 378 369 311 370 379 371 374 364 378 369 380 372 379 371 311 370 380 372 374 364 379 371 380 372 311 370 312 291 380 372 376 366 374 364 381 373 303 290 304 368 381 373 377 367 376 366 381 373 376 366 380 372 381 373 380 372 312 291 381 373 312 291 303 290 381 373 304 368 377 367 398 374 385 375 397 376 399 377 384 378 398 374 404 379 383 380 405 381 403 382 383 380 404 379 402 383 383 380 403 382 401 384 383 380 402 383 382 385 383 380 401 384 407 386 393 387 394 388 407 386 394 388 395 389 407 386 395 389 396 390 407 386 396 390 397 376 408 391 392 392 393 387 408 391 393 387 407 386 409 393 391 394 392 392 409 393 392 392 408 391 410 395 390 396 391 394 410 395 391 394 409 393 411 397 387 398 388 399 411 397 388 399 389 400 411 397 389 400 390 396 411 397 390 396 410 395 412 401 407 386 397 376 412 401 397 376 385 375 413 402 407 386 412 401 413 402 412 401 385 375 413 402 408 391 407 386 414 403 413 402 385 375 414 403 409 393 408 391 414 403 408 391 413 402 415 404 409 393 414 403 415 404 410 395 409 393 415 404 414 403 385 375 416 405 387 398 411 397 416 405 410 395 415 404 416 405 411 397 410 395 416 405 415 404 385 375 417 406 385 375 386 407 417 406 386 407 387 398 417 406 387 398 416 405 417 406 416 405 385 375 418 408 385 375 398 374 418 408 398 374 384 378 419 409 418 408 384 378 419 409 385 375 418 408 420 410 419 409 384 378 420 410 385 375 419 409 421 411 420 410 384 378 421 411 385 375 420 410 422 412 421 411 384 378 422 412 385 375 421 411 423 413 384 378 385 375 423 413 422 412 384 378 423 413 385 375 422 412 424 414 399 377 400 415 424 414 400 415 406 416 424 414 384 378 399 377 425 417 406 416 405 381 425 417 405 381 383 380 425 417 384 378 424 414 425 417 424 414 406 416 426 418 384 378 425 417 426 418 425 417 383 380 427 419 384 378 426 418 427 419 426 418 383 380 428 420 427 419 383 380 428 420 384 378 427 419 429 421 383 380 384 378 429 421 428 420 383 380 429 421 384 378 428 420 445 422 430 422 446 422 444 423 430 423 445 423 431 424 444 424 443 424 431 425 430 425 444 425 442 426 431 426 443 426 432 427 431 427 442 427 441 428 432 428 442 428 440 429 433 429 432 429 440 430 432 430 441 430 436 431 435 431 434 431 437 432 434 432 433 432 437 433 436 433 434 433 438 434 433 434 440 434 438 435 437 435 433 435 439 436 438 436 440 436 457 437 456 438 447 439 458 440 457 437 447 439 459 441 458 440 447 439 448 442 460 443 459 441 448 442 461 444 460 443 448 442 462 445 461 444 448 442 463 446 462 445 448 442 455 447 463 446 448 442 459 441 447 439 453 448 452 449 455 447 453 448 455 447 448 442 454 450 448 442 449 451 454 450 453 448 448 442 451 452 449 451 450 453 451 452 454 450 449 451 466 454 468 455 467 456 466 454 469 457 468 455 465 458 464 458 469 458 465 459 469 459 466 459 471 460 470 461 472 462 473 463 471 460 472 462 481 464 477 464 475 464 480 465 478 465 476 465 479 466 474 466 483 466 479 467 483 467 482 467 485 468 504 469 484 470 502 471 503 472 504 469 502 471 504 469 485 468 489 473 486 474 487 475 489 473 487 475 488 476 498 477 485 468 486 474 498 477 502 471 485 468 498 477 486 474 489 473 490 478 498 477 489 473 499 479 498 477 490 478 491 480 499 479 490 478 492 481 500 482 499 479 492 481 499 479 491 480 493 483 500 482 492 481 494 484 501 485 500 482 494 484 500 482 493 483 495 486 497 487 501 485 495 486 501 485 494 484 496 488 497 487 495 486 507 489 505 490 506 491 507 489 510 492 505 490 507 489 511 493 510 492 507 489 512 494 511 493 507 489 509 495 512 494 508 496 509 495 507 489 527 497 526 498 531 499 532 500 527 497 531 499 528 501 532 500 533 502 528 501 527 497 532 500 534 503 528 501 533 502 529 504 528 501 534 503 530 505 529 504 534 503 535 506 523 507 530 505 535 506 530 505 534 503 524 508 523 507 535 506 536 509 524 508 535 506 525 510 524 508 536 509 537 511 525 510 536 509 538 512 522 513 525 510 538 512 525 510 537 511 539 514 520 515 522 513 539 514 522 513 538 512 521 516 520 515 539 514 546 517 518 518 517 519 546 517 519 520 518 518 540 521 513 522 521 516 540 521 521 516 539 514 545 523 517 519 516 524 545 523 546 517 517 519 541 525 514 526 513 522 541 525 513 522 540 521 544 527 516 524 515 528 544 527 545 523 516 524 543 529 544 527 515 528 542 530 515 528 514 526 542 530 543 529 515 528 542 530 514 526 541 525 550 531 553 531 552 531 550 532 558 532 559 532 550 533 559 533 553 533 557 534 558 534 550 534 556 535 557 535 550 535 562 536 554 536 555 536 562 537 555 537 556 537 560 538 554 538 562 538 571 539 548 539 547 539 575 540 556 540 550 540 576 541 556 541 575 541 576 542 562 542 556 542 574 543 575 543 550 543 577 544 562 544 576 544 573 545 549 545 548 545 573 546 550 546 549 546 573 547 574 547 550 547 578 548 566 548 562 548 578 549 562 549 577 549 572 550 573 550 548 550 579 551 566 551 578 551 579 552 565 552 566 552 597 553 572 553 548 553 580 554 565 554 579 554 581 555 565 555 580 555 570 556 596 556 597 556 570 557 548 557 571 557 570 558 597 558 548 558 564 559 581 559 582 559 564 560 582 560 583 560 564 561 565 561 581 561 584 562 564 562 583 562 569 563 596 563 570 563 569 564 593 564 594 564 569 565 594 565 595 565 569 566 595 566 596 566 563 567 564 567 584 567 563 568 584 568 585 568 563 569 585 569 586 569 563 570 586 570 587 570 563 571 587 571 588 571 568 572 593 572 569 572 568 573 589 573 590 573 568 574 590 574 591 574 568 575 591 575 592 575 568 576 592 576 593 576 567 577 588 577 589 577 567 578 563 578 588 578 567 579 589 579 568 579 550 580 552 580 551 580 561 581 560 581 562 581 601 582 613 583 600 584 601 582 614 585 613 583 602 586 615 587 614 585 602 586 614 585 601 582 603 588 616 589 615 587 603 588 615 587 602 586 604 590 617 591 616 589 604 590 616 589 603 588 605 592 618 593 617 591 605 592 617 591 604 590 606 594 619 595 618 593 606 594 620 596 619 595 606 594 618 593 605 592 607 597 620 596 606 594 608 598 621 599 620 596 608 598 620 596 607 597 609 600 622 601 621 599 609 600 621 599 608 598 610 602 623 603 622 601 610 602 624 604 623 603 610 602 622 601 609 600 611 605 624 604 610 602 612 606 625 607 624 604 612 606 598 608 625 607 612 606 624 604 611 605 599 609 598 608 612 606 628 610 629 611 630 612 628 610 631 613 627 614 628 610 632 615 631 613 628 610 633 616 632 615 628 610 630 612 633 616 626 617 628 610 627 614 640 618 638 618 636 618 640 619 639 619 638 619 635 620 642 620 637 620 643 621 641 621 634 621 648 622 644 623 645 624 649 625 644 623 648 622 647 626 649 625 648 622 646 627 649 625 647 626 654 628 655 629 650 630 653 631 650 630 651 632 653 631 651 632 652 633 653 631 654 628 650 630 665 634 697 635 698 636 664 637 696 638 697 635 664 637 697 635 665 634 666 639 698 636 699 640 666 639 665 634 698 636 663 641 695 642 696 638 663 641 696 638 664 637 662 643 695 642 663 641 694 644 695 642 662 643 667 645 699 640 700 646 667 645 666 639 699 640 661 647 694 644 662 643 668 648 694 644 661 647 660 649 667 645 700 646 701 650 660 649 700 646 703 651 701 650 702 652 703 651 660 649 701 650 693 653 694 644 668 648 669 654 693 653 668 648 659 655 656 656 657 657 659 655 703 651 656 656 659 655 660 649 703 651 658 658 659 655 657 657 670 659 692 660 693 653 670 659 693 653 669 654 678 661 691 662 692 660 678 661 692 660 670 659 677 663 691 662 678 661 690 664 691 662 677 663 676 665 690 664 677 663 689 666 690 664 676 665 675 667 689 666 676 665 688 668 689 666 675 667 674 669 688 668 675 667 687 670 674 669 673 671 687 670 688 668 674 669 672 672 687 670 673 671 686 673 687 670 672 672 671 674 686 673 672 672 685 675 686 673 671 674 683 676 685 675 671 674 684 677 685 675 683 676 679 678 681 679 682 680 679 678 682 680 683 676 679 678 683 676 671 674 680 681 681 679 679 678 711 682 710 683 709 684 712 685 711 682 709 684 708 686 709 684 714 687 708 686 712 685 709 684 705 688 713 689 704 690 705 688 714 687 713 689 707 691 708 686 714 687 706 692 714 687 705 688 706 692 707 691 714 687 715 693 716 694 717 695 719 696 732 697 718 698 719 696 733 699 732 697 720 700 734 701 733 699 720 700 733 699 719 696 721 702 735 703 734 701 721 702 734 701 720 700 722 704 736 705 735 703 722 704 737 706 736 705 722 704 735 703 721 702 723 707 737 706 722 704 724 708 738 709 737 706 724 708 737 706 723 707 725 710 739 711 738 709 725 710 738 709 724 708 726 712 740 713 739 711 726 712 739 711 725 710 727 714 741 715 740 713 727 714 740 713 726 712 728 716 742 717 741 715 728 716 741 715 727 714 729 718 743 719 742 717 729 718 742 717 728 716 730 720 744 721 743 719 730 720 743 719 729 718 731 722 745 723 744 721 731 722 744 721 730 720 779 724 778 724 775 724 783 725 776 725 774 725 781 726 780 727 777 728 784 729 773 730 772 731 784 729 782 732 773 730 770 733 784 729 772 731 796 734 786 735 785 736 755 737 756 738 769 739 754 740 769 739 768 741 754 740 755 737 769 739 753 742 754 740 768 741 753 742 768 741 767 743 752 744 753 742 767 743 752 744 767 743 766 745 749 746 792 747 791 748 748 749 749 746 791 748 748 749 787 750 747 751 748 749 788 752 787 750 748 749 789 753 788 752 748 749 790 754 789 753 748 749 791 748 790 754 746 755 748 749 747 751 797 756 751 757 752 744 797 756 760 758 759 759 797 756 761 760 760 758 797 756 762 761 761 760 797 756 752 744 766 745 797 756 763 762 762 761 797 756 764 763 763 762 797 756 765 764 764 763 797 756 766 745 765 764 798 765 749 746 750 766 798 765 750 766 751 757 798 765 792 747 749 746 798 765 793 767 792 747 798 765 794 768 793 767 798 765 795 769 794 768 798 765 751 757 797 756 799 770 757 771 770 733 799 770 772 731 771 772 799 770 771 772 786 735 799 770 786 735 796 734 799 770 770 733 772 731 800 773 758 774 757 771 800 773 759 759 758 774 800 773 757 771 799 770 800 773 796 734 795 769 800 773 799 770 796 734 800 773 797 756 759 759 801 775 800 773 795 769 802 776 795 769 798 765 802 776 797 756 800 773 802 776 798 765 797 756 802 776 801 775 795 769 802 776 800 773 801 775 830 777 834 778 832 779 831 780 835 780 833 780 828 781 837 782 836 783 828 781 836 783 829 784 827 785 838 786 837 787 827 788 837 789 828 789 815 790 826 791 825 792 815 790 814 793 826 791 805 794 803 795 804 796 805 794 840 797 803 795 806 798 841 799 840 797 806 798 840 797 805 794 807 800 842 801 841 799 807 800 841 799 806 798 810 802 819 803 818 804 810 802 820 805 819 803 811 806 820 805 810 802 811 806 821 807 820 805 811 806 822 808 821 807 811 806 823 809 822 808 811 806 813 810 823 809 812 811 813 810 811 806 851 812 807 800 808 813 851 812 842 801 807 800 851 812 843 814 842 801 851 812 844 815 843 814 851 812 845 816 844 815 851 812 846 817 845 816 851 812 847 818 846 817 851 812 848 819 847 818 852 820 808 813 809 821 852 820 809 821 810 802 852 820 817 822 816 823 852 820 818 804 817 822 852 820 810 802 818 804 852 820 851 812 808 813 853 824 825 792 824 825 853 824 824 825 838 786 853 824 827 785 839 826 853 824 838 786 827 785 853 824 815 790 825 792 854 827 816 823 815 790 854 827 848 819 851 812 854 827 849 828 848 819 854 827 850 829 849 828 854 827 839 826 850 829 854 827 851 812 852 820 854 827 853 824 839 826 854 827 815 790 853 824 854 827 852 820 816 823 857 830 859 831 858 832 856 833 859 831 857 830 855 834 864 835 859 831 855 834 859 831 856 833 862 836 865 837 864 835 862 836 863 838 865 837 860 839 864 835 855 834 861 840 862 836 864 835 861 840 864 835 860 839 870 841 867 842 866 843 871 844 868 845 867 842 871 844 867 842 870 841 872 846 869 847 868 845 872 846 868 845 871 844 874 848 878 849 877 850 873 851 877 850 876 852 873 851 874 848 877 850 874 848 875 853 878 849 879 854 881 855 882 856 880 857 879 854 882 856 902 858 885 859 884 860 886 861 884 860 883 862 886 861 902 858 884 860 900 863 904 864 903 865 900 863 901 866 904 864 899 867 900 863 903 865 887 868 898 869 899 867 887 868 903 865 902 858 887 868 902 858 886 861 887 868 899 867 903 865 897 870 887 868 891 871 897 870 898 869 887 868 896 872 891 871 890 873 896 872 897 870 891 871 895 874 890 873 889 875 895 874 896 872 890 873 894 876 895 874 889 875 893 877 894 876 889 875 888 878 893 877 889 875 892 879 893 877 888 878 906 880 909 881 908 882 906 880 910 883 909 881 906 880 905 884 910 883 907 885 906 880 908 882 911 886 912 887 913 888 911 886 913 888 914 889 915 890 916 891 917 892 922 893 923 894 920 895 919 896 922 893 920 895 921 897 922 893 919 896 918 898 921 897 919 896 924 899 929 900 925 901 926 902 929 900 924 899 926 902 927 903 928 904 926 902 928 904 929 900 933 905 930 906 931 907 932 908 933 905 931 907 940 909 937 910 938 911 935 912 934 913 937 910 935 912 937 910 940 909 936 914 940 909 939 915 936 914 935 912 940 909 961 916 953 917 952 918 961 916 954 919 953 917 961 916 955 920 954 919 961 916 956 921 955 920 962 922 956 921 961 916 963 923 957 924 956 921 963 923 958 925 957 924 963 923 956 921 962 922 964 926 962 922 961 916 964 926 963 923 962 922 965 927 964 926 961 916 965 927 961 916 952 918 966 928 959 929 958 925 966 928 963 923 964 926 966 928 964 926 965 927 966 928 958 925 963 923 967 930 960 931 959 929 967 930 941 932 960 931 967 930 966 928 965 927 967 930 959 929 966 928 968 933 942 934 941 932 968 933 943 935 942 934 968 933 952 918 951 936 968 933 965 927 952 918 968 933 967 930 965 927 968 933 941 932 967 930 969 937 968 933 951 936 970 938 944 939 943 935 970 938 943 935 968 933 970 938 968 933 969 937 971 940 949 941 948 942 971 940 950 943 949 941 971 940 951 936 950 943 971 940 969 937 951 936 971 940 972 944 969 937 973 945 969 937 972 944 974 946 945 947 944 939 974 946 946 948 945 947 974 946 973 945 946 948 974 946 944 939 970 938 974 946 970 938 969 937 974 946 969 937 973 945 975 949 947 950 946 948 975 949 948 942 947 950 975 949 946 948 973 945 975 949 971 940 948 942 975 949 972 944 971 940 975 949 973 945 972 944 976 951 980 952 981 953 977 954 976 951 981 953 978 955 981 953 979 956 978 955 977 954 981 953 1003 957 999 958 998 959 1004 960 997 961 996 962 1004 960 998 959 997 961 1004 960 1003 957 998 959 1005 963 1000 964 999 958 1005 963 999 958 1003 957 1006 965 1005 963 1003 957 1006 965 1003 957 1004 960 1007 966 1001 967 1000 964 1007 966 1000 964 1005 963 1008 968 1007 966 1005 963 1008 968 1005 963 1006 965 1009 969 994 970 993 971 1009 969 995 972 994 970 1009 969 996 962 995 972 1009 969 1004 960 996 962 1009 969 1006 965 1004 960 1010 973 1008 968 1006 965 1010 973 1006 965 1009 969 1011 974 982 975 983 976 1011 974 1010 973 1009 969 1012 977 990 978 989 979 1012 977 991 980 990 978 1013 981 988 982 987 983 1013 981 989 979 988 982 1013 981 1012 977 989 979 1014 984 1011 974 1012 977 1015 985 1013 981 987 983 1015 985 1012 977 1013 981 1015 985 1014 984 1012 977 1016 986 986 987 985 988 1016 986 987 983 986 987 1016 986 1015 985 987 983 1017 989 1014 984 1015 985 1017 989 1015 985 1016 986 1018 990 985 988 984 991 1018 990 1016 986 985 988 1018 990 1017 989 1016 986 1019 992 1002 993 1001 967 1019 992 983 976 1002 993 1019 992 1008 968 1010 973 1019 992 1011 974 983 976 1019 992 1001 967 1007 966 1019 992 1007 966 1008 968 1019 992 1010 973 1011 974 1020 994 992 995 991 980 1020 994 993 971 992 995 1020 994 1009 969 993 971 1020 994 1011 974 1009 969 1020 994 991 980 1012 977 1020 994 1012 977 1011 974 1021 996 984 991 982 975 1021 996 982 975 1011 974 1021 996 1011 974 1014 984 1021 996 1018 990 984 991 1021 996 1014 984 1017 989 1021 996 1017 989 1018 990 1029 997 1025 998 1026 999 1029 997 1026 999 1027 1000 1028 1001 1022 1002 1023 1003 1028 1001 1023 1003 1024 1004 1028 1001 1024 1004 1025 998 1028 1001 1025 998 1029 997 1049 1005 1046 1006 1047 1007 1049 1005 1047 1007 1048 1008 1036 1009 1044 1010 1045 1011 1036 1009 1045 1011 1046 1006 1036 1009 1049 1005 1037 1012 1036 1009 1046 1006 1049 1005 1035 1013 1043 1014 1044 1010 1035 1013 1044 1010 1036 1009 1034 1015 1042 1016 1043 1014 1034 1015 1043 1014 1035 1013 1033 1017 1042 1016 1034 1015 1041 1018 1042 1016 1033 1017 1032 1019 1040 1020 1041 1018 1032 1019 1041 1018 1033 1017 1031 1021 1039 1022 1040 1020 1031 1021 1040 1020 1032 1019 1030 1023 1038 1024 1039 1022 1030 1023 1039 1022 1031 1021 1069 1025 1073 1026 1072 1027 1069 1025 1070 1028 1073 1026 1071 1029 1069 1025 1072 1027 1052 1030 1053 1031 1051 1032 1050 1033 1052 1030 1051 1032 1062 1034 1063 1035 1064 1036 1076 1037 1068 1038 1069 1025 1076 1037 1074 1039 1051 1032 1076 1037 1075 1040 1074 1039 1076 1037 1071 1029 1075 1040 1076 1037 1069 1025 1071 1029 1077 1041 1053 1031 1054 1042 1077 1041 1054 1042 1055 1043 1077 1041 1078 1044 1076 1037 1077 1041 1076 1037 1051 1032 1077 1041 1051 1032 1053 1031 1079 1045 1067 1046 1068 1038 1079 1045 1068 1038 1076 1037 1080 1047 1076 1037 1078 1044 1080 1047 1079 1045 1076 1037 1081 1048 1055 1043 1056 1049 1081 1048 1080 1047 1078 1044 1081 1048 1077 1041 1055 1043 1081 1048 1078 1044 1077 1041 1081 1048 1079 1045 1080 1047 1082 1050 1056 1049 1057 1051 1082 1050 1079 1045 1081 1048 1082 1050 1081 1048 1056 1049 1083 1052 1066 1053 1067 1046 1083 1052 1067 1046 1079 1045 1083 1052 1079 1045 1082 1050 1084 1054 1057 1051 1058 1055 1084 1054 1058 1055 1059 1056 1084 1054 1082 1050 1057 1051 1084 1054 1083 1052 1082 1050 1085 1057 1059 1056 1060 1058 1085 1057 1060 1058 1061 1059 1085 1057 1061 1059 1062 1034 1085 1057 1064 1036 1065 1060 1085 1057 1065 1060 1066 1053 1085 1057 1062 1034 1064 1036 1085 1057 1066 1053 1083 1052 1085 1057 1084 1054 1059 1056 1085 1057 1083 1052 1084 1054 1105 1061 1096 1062 1097 1063 1105 1061 1118 1064 1117 1065 1105 1061 1097 1063 1118 1064 1106 1066 1095 1067 1096 1062 1106 1066 1096 1062 1105 1061 1107 1068 1094 1069 1095 1067 1107 1068 1095 1067 1106 1066 1108 1070 1092 1071 1093 1072 1108 1070 1093 1072 1094 1069 1108 1070 1094 1069 1107 1068 1109 1073 1092 1071 1108 1070 1110 1074 1091 1075 1092 1071 1110 1074 1092 1071 1109 1073 1111 1076 1090 1077 1091 1075 1111 1076 1091 1075 1110 1074 1112 1078 1089 1079 1090 1077 1112 1078 1090 1077 1111 1076 1113 1080 1088 1081 1089 1079 1113 1080 1089 1079 1112 1078 1114 1082 1088 1081 1113 1080 1115 1083 1087 1084 1088 1081 1115 1083 1088 1081 1114 1082 1116 1085 1086 1086 1087 1084 1116 1085 1087 1084 1115 1083 1102 1087 1086 1086 1116 1085 1103 1088 1100 1089 1086 1086 1103 1088 1086 1086 1102 1087 1104 1090 1098 1091 1099 1092 1104 1090 1099 1092 1100 1089 1104 1090 1100 1089 1103 1088 1101 1093 1098 1091 1104 1090 1128 1094 1126 1095 1127 1096 1129 1097 1126 1095 1128 1094 1130 1098 1125 1099 1126 1095 1130 1098 1126 1095 1129 1097 1131 1100 1124 1101 1125 1099 1131 1100 1125 1099 1130 1098 1132 1102 1123 1103 1124 1101 1132 1102 1124 1101 1131 1100 1133 1104 1122 1105 1123 1103 1133 1104 1123 1103 1132 1102 1142 1106 1119 1107 1120 1108 1142 1106 1120 1108 1121 1109 1142 1106 1137 1110 1138 1111 1142 1106 1138 1111 1139 1112 1142 1106 1139 1112 1140 1113 1142 1106 1140 1113 1141 1114 1142 1106 1141 1114 1119 1107 1143 1115 1121 1109 1122 1105 1143 1115 1133 1104 1134 1116 1143 1115 1134 1116 1135 1117 1143 1115 1135 1117 1136 1118 1143 1115 1136 1118 1137 1110 1143 1115 1142 1106 1121 1109 1143 1115 1137 1110 1142 1106 1143 1115 1122 1105 1133 1104 1150 1119 1167 1120 1151 1121 1150 1119 1168 1122 1167 1120 1164 1123 1168 1122 1150 1119 1161 1124 1163 1125 1160 1126 1162 1127 1163 1125 1161 1124 1152 1128 1145 1129 1144 1130 1169 1131 1159 1132 1160 1126 1169 1131 1163 1125 1166 1133 1169 1131 1160 1126 1163 1125 1170 1134 1166 1133 1165 1135 1170 1134 1169 1131 1166 1133 1171 1136 1148 1137 1147 1138 1171 1136 1149 1139 1148 1137 1171 1136 1150 1119 1149 1139 1171 1136 1165 1135 1164 1123 1171 1136 1170 1134 1165 1135 1171 1136 1164 1123 1150 1119 1172 1140 1169 1131 1170 1134 1173 1141 1169 1131 1172 1140 1174 1142 1170 1134 1171 1136 1175 1143 1170 1134 1174 1142 1175 1143 1172 1140 1170 1134 1176 1144 1157 1145 1158 1146 1176 1144 1158 1146 1159 1132 1176 1144 1169 1131 1173 1141 1176 1144 1159 1132 1169 1131 1177 1147 1157 1145 1176 1144 1177 1147 1172 1140 1175 1143 1177 1147 1173 1141 1172 1140 1177 1147 1176 1144 1173 1141 1178 1148 1175 1143 1174 1142 1178 1148 1174 1142 1171 1136 1178 1148 1177 1147 1175 1143 1179 1149 1171 1136 1147 1138 1179 1149 1178 1148 1171 1136 1180 1150 1177 1147 1178 1148 1180 1150 1157 1145 1177 1147 1181 1151 1179 1149 1155 1152 1181 1151 1178 1148 1179 1149 1181 1151 1180 1150 1178 1148 1182 1153 1155 1152 1156 1154 1182 1153 1156 1154 1157 1145 1182 1153 1157 1145 1180 1150 1182 1153 1181 1151 1155 1152 1182 1153 1180 1150 1181 1151 1183 1155 1146 1156 1145 1129 1183 1155 1147 1138 1146 1156 1183 1155 1152 1128 1153 1157 1183 1155 1153 1157 1154 1158 1183 1155 1154 1158 1155 1152 1183 1155 1155 1152 1179 1149 1183 1155 1145 1129 1152 1128 1183 1155 1179 1149 1147 1138 1192 1159 1190 1160 1189 1161 1192 1159 1191 1162 1190 1160 1201 1163 1185 1164 1184 1165 1200 1166 1186 1167 1185 1164 1200 1166 1185 1164 1201 1163 1199 1168 1187 1169 1186 1167 1199 1168 1186 1167 1200 1166 1198 1170 1187 1169 1199 1168 1197 1171 1188 1172 1187 1169 1197 1171 1187 1169 1198 1170 1196 1173 1189 1161 1188 1172 1196 1173 1188 1172 1197 1171 1195 1174 1189 1161 1196 1173 1193 1175 1195 1174 1194 1176 1193 1175 1192 1159 1189 1161 1193 1175 1189 1161 1195 1174 1212 1177 1213 1178 1214 1179 1212 1177 1214 1179 1215 1180 1211 1181 1215 1180 1216 1182 1211 1181 1212 1177 1215 1180 1210 1183 1216 1182 1217 1184 1210 1183 1211 1181 1216 1182 1209 1185 1217 1184 1218 1186 1209 1185 1218 1186 1219 1187 1209 1185 1210 1183 1217 1184 1224 1188 1202 1189 1203 1190 1224 1188 1203 1190 1204 1191 1224 1188 1204 1191 1205 1192 1224 1188 1205 1192 1206 1193 1224 1188 1223 1194 1222 1195 1224 1188 1221 1196 1223 1194 1224 1188 1222 1195 1202 1189 1225 1197 1206 1193 1207 1198 1225 1197 1207 1198 1208 1199 1225 1197 1208 1199 1209 1185 1225 1197 1219 1187 1220 1200 1225 1197 1220 1200 1221 1196 1225 1197 1209 1185 1219 1187 1225 1197 1221 1196 1224 1188 1225 1197 1224 1188 1206 1193 1227 1201 1226 1202 1228 1203 1227 1201 1228 1203 1229 1204 1245 1205 1229 1204 1230 1206 1245 1205 1230 1206 1231 1207 1245 1205 1246 1208 1227 1201 1245 1205 1227 1201 1229 1204 1244 1209 1231 1207 1232 1210 1244 1209 1245 1205 1231 1207 1243 1211 1232 1210 1233 1212 1243 1211 1244 1209 1232 1210 1242 1213 1233 1212 1234 1214 1242 1213 1243 1211 1233 1212 1235 1215 1242 1213 1234 1214 1241 1216 1242 1213 1235 1215 1236 1217 1241 1216 1235 1215 1240 1218 1241 1216 1236 1217 1237 1219 1240 1218 1236 1217 1239 1220 1237 1219 1238 1221 1239 1220 1240 1218 1237 1219 1253 1222 1247 1223 1248 1224 1253 1222 1254 1225 1247 1223 1252 1226 1248 1224 1249 1227 1252 1226 1249 1227 1250 1228 1252 1226 1250 1228 1251 1229 1252 1226 1253 1222 1248 1224 1266 1230 1262 1231 1263 1232 1274 1233 1260 1234 1261 1235 1273 1236 1259 1237 1260 1234 1273 1236 1260 1234 1274 1233 1275 1238 1261 1235 1262 1231 1275 1238 1274 1233 1261 1235 1272 1239 1257 1240 1258 1241 1272 1239 1258 1241 1259 1237 1272 1239 1259 1237 1273 1236 1276 1242 1266 1230 1265 1243 1276 1242 1262 1231 1266 1230 1276 1242 1275 1238 1262 1231 1277 1244 1276 1242 1265 1243 1271 1245 1256 1246 1257 1240 1271 1245 1257 1240 1272 1239 1267 1247 1277 1244 1265 1243 1264 1248 1267 1247 1265 1243 1270 1249 1256 1246 1271 1245 1269 1250 1256 1246 1270 1249 1268 1251 1256 1246 1269 1250 1255 1252 1256 1246 1268 1251 1288 1253 1278 1254 1279 1255 1289 1256 1279 1255 1280 1257 1289 1256 1288 1253 1279 1255 1290 1258 1280 1257 1281 1259 1290 1258 1289 1256 1280 1257 1282 1260 1291 1261 1290 1258 1282 1260 1292 1262 1291 1261 1282 1260 1290 1258 1281 1259 1283 1263 1293 1264 1292 1262 1283 1263 1292 1262 1282 1260 1284 1265 1294 1266 1293 1264 1284 1265 1293 1264 1283 1263 1285 1267 1295 1268 1294 1266 1285 1267 1296 1269 1295 1268 1285 1267 1294 1266 1284 1265 1286 1270 1297 1271 1296 1269 1286 1270 1298 1272 1297 1271 1286 1270 1287 1273 1298 1272 1286 1270 1296 1269 1285 1267 1318 1274 1307 1275 1306 1276 1317 1277 1307 1275 1318 1274 1316 1278 1308 1279 1307 1275 1316 1278 1307 1275 1317 1277 1315 1280 1305 1281 1308 1279 1315 1280 1308 1279 1316 1278 1304 1282 1314 1283 1313 1284 1304 1282 1315 1280 1314 1283 1304 1282 1305 1281 1315 1280 1303 1285 1304 1282 1313 1284 1302 1286 1313 1284 1312 1287 1302 1286 1303 1285 1313 1284 1301 1288 1312 1287 1311 1289 1301 1288 1302 1286 1312 1287 1300 1290 1309 1291 1299 1292 1300 1290 1310 1293 1309 1291 1300 1290 1311 1289 1310 1293 1300 1290 1301 1288 1311 1289 1321 1294 1322 1295 1323 1296 1334 1297 1324 1298 1325 1299 1334 1297 1333 1300 1324 1298 1332 1301 1323 1296 1324 1298 1332 1301 1324 1298 1333 1300 1332 1301 1321 1294 1323 1296 1335 1302 1325 1299 1326 1303 1335 1302 1334 1297 1325 1299 1320 1304 1321 1294 1332 1301 1331 1305 1320 1304 1332 1301 1336 1306 1326 1303 1327 1307 1336 1306 1335 1302 1326 1303 1330 1308 1320 1304 1331 1305 1319 1309 1320 1304 1330 1308 1337 1310 1327 1307 1328 1311 1337 1310 1336 1306 1327 1307 1338 1312 1337 1310 1328 1311 1339 1313 1338 1312 1328 1311 1340 1314 1339 1313 1328 1311 1341 1315 1340 1314 1328 1311 1329 1316 1341 1315 1328 1311 1356 1317 1358 1318 1355 1319 1356 1317 1361 1320 1358 1318 1357 1321 1359 1322 1360 1323 1357 1321 1360 1323 1361 1320 1357 1321 1361 1320 1356 1317 1354 1324 1359 1322 1357 1321 1342 1325 1362 1326 1359 1322 1342 1325 1374 1327 1362 1326 1342 1325 1359 1322 1354 1324 1343 1328 1372 1329 1373 1330 1343 1328 1373 1330 1374 1327 1343 1328 1374 1327 1342 1325 1344 1331 1371 1332 1372 1329 1344 1331 1372 1329 1343 1328 1345 1333 1370 1334 1371 1332 1345 1333 1371 1332 1344 1331 1346 1335 1369 1336 1370 1334 1346 1335 1370 1334 1345 1333 1347 1337 1368 1338 1369 1336 1347 1337 1369 1336 1346 1335 1348 1339 1367 1340 1368 1338 1348 1339 1368 1338 1347 1337 1349 1341 1366 1342 1367 1340 1349 1341 1367 1340 1348 1339 1350 1343 1365 1344 1366 1342 1350 1343 1366 1342 1349 1341 1351 1345 1364 1346 1365 1344 1351 1345 1365 1344 1350 1343 1352 1347 1363 1348 1364 1346 1352 1347 1364 1346 1351 1345 1353 1349 1363 1348 1352 1347 1376 1350 1383 1350 1384 1350 1376 1351 1384 1351 1385 1351 1376 1352 1385 1352 1386 1352 1376 1353 1386 1353 1382 1353 1375 1354 1378 1354 1379 1354 1375 1355 1379 1355 1380 1355 1375 1356 1380 1356 1381 1356 1375 1357 1381 1357 1377 1357 1375 1358 1382 1358 1378 1358 1375 1359 1376 1359 1382 1359 1407 1360 1410 1360 1388 1360 1407 1361 1411 1361 1410 1361 1408 1362 1407 1362 1388 1362 1429 1363 1428 1363 1389 1363 1427 1364 1389 1364 1428 1364 1430 1365 1429 1365 1389 1365 1426 1366 1389 1366 1427 1366 1431 1367 1430 1367 1389 1367 1432 1368 1431 1368 1389 1368 1433 1368 1432 1368 1389 1368 1390 1369 1433 1369 1389 1369 1434 1370 1433 1370 1390 1370 1398 1371 1404 1371 1403 1371 1398 1372 1405 1372 1404 1372 1398 1373 1406 1373 1405 1373 1398 1374 1397 1374 1406 1374 1435 1375 1434 1375 1390 1375 1436 1376 1435 1376 1390 1376 1387 1377 1398 1377 1403 1377 1387 1378 1402 1378 1401 1378 1387 1379 1403 1379 1402 1379 1387 1380 1409 1380 1408 1380 1387 1381 1401 1381 1409 1381 1387 1382 1420 1382 1419 1382 1387 1383 1421 1383 1420 1383 1387 1384 1422 1384 1421 1384 1387 1385 1423 1385 1422 1385 1387 1386 1424 1386 1423 1386 1387 1387 1408 1387 1388 1387 1399 1388 1398 1388 1387 1388 1391 1389 1436 1389 1390 1389 1391 1390 1413 1390 1412 1390 1391 1391 1414 1391 1413 1391 1391 1392 1437 1392 1436 1392 1391 1393 1412 1393 1437 1393 1392 1394 1414 1394 1391 1394 1392 1395 1415 1395 1414 1395 1392 1396 1416 1396 1415 1396 1392 1397 1417 1397 1416 1397 1392 1398 1418 1398 1417 1398 1392 1399 1419 1399 1418 1399 1400 1400 1399 1400 1387 1400 1393 1401 1419 1401 1392 1401 1393 1402 1387 1402 1419 1402 1396 1403 1387 1403 1393 1403 1395 1404 1400 1404 1387 1404 1395 1405 1394 1405 1400 1405 1395 1406 1387 1406 1396 1406 1387 1407 1389 1407 1426 1407 1387 1408 1426 1408 1425 1408 1387 1409 1425 1409 1424 1409 1442 1410 1444 1410 1443 1410 1441 1411 1444 1411 1442 1411 1440 1412 1444 1412 1441 1412 1467 1413 1446 1413 1466 1413 1465 1414 1466 1414 1446 1414 1468 1414 1446 1414 1467 1414 1464 1414 1465 1414 1446 1414 1469 1414 1446 1414 1468 1414 1470 1414 1446 1414 1469 1414 1471 1414 1446 1414 1470 1414 1447 1415 1446 1415 1471 1415 1472 1416 1447 1416 1471 1416 1455 1417 1458 1417 1454 1417 1455 1418 1459 1418 1458 1418 1455 1419 1460 1419 1459 1419 1455 1420 1461 1420 1460 1420 1473 1421 1447 1421 1472 1421 1474 1422 1447 1422 1473 1422 1445 1423 1439 1423 1438 1423 1445 1424 1440 1424 1439 1424 1445 1425 1461 1425 1455 1425 1445 1426 1462 1426 1461 1426 1445 1427 1438 1427 1462 1427 1445 1428 1483 1428 1484 1428 1445 1429 1484 1429 1485 1429 1445 1430 1485 1430 1486 1430 1445 1431 1486 1431 1487 1431 1445 1432 1487 1432 1488 1432 1445 1433 1444 1433 1440 1433 1456 1434 1445 1434 1455 1434 1448 1435 1447 1435 1474 1435 1448 1436 1474 1436 1475 1436 1448 1437 1475 1437 1476 1437 1448 1438 1476 1438 1477 1438 1448 1439 1477 1439 1478 1439 1449 1440 1448 1440 1478 1440 1449 1441 1478 1441 1479 1441 1449 1442 1479 1442 1480 1442 1449 1443 1480 1443 1481 1443 1449 1444 1481 1444 1482 1444 1449 1445 1482 1445 1483 1445 1457 1446 1445 1446 1456 1446 1450 1414 1449 1414 1483 1414 1450 1447 1483 1447 1445 1447 1453 1448 1450 1448 1445 1448 1452 1449 1457 1449 1451 1449 1452 1450 1445 1450 1457 1450 1452 1451 1453 1451 1445 1451 1445 1452 1464 1452 1446 1452 1445 1453 1463 1453 1464 1453 1445 1454 1488 1454 1463 1454 1492 1455 1504 1456 1491 1457 1492 1455 1505 1458 1504 1456 1493 1459 1506 1460 1505 1458 1493 1459 1505 1458 1492 1455 1494 1461 1507 1462 1506 1460 1494 1461 1506 1460 1493 1459 1495 1463 1508 1464 1507 1462 1495 1463 1507 1462 1494 1461 1496 1465 1509 1466 1508 1464 1496 1465 1508 1464 1495 1463 1497 1467 1510 1468 1509 1466 1497 1467 1509 1466 1496 1465 1498 597 1511 1469 1510 1468 1498 597 1510 1468 1497 1467 1499 1470 1512 1471 1511 1469 1499 1470 1511 1469 1498 597 1500 1472 1513 1473 1512 1471 1500 1472 1512 1471 1499 1470 1501 1474 1514 1475 1513 1473 1501 1474 1515 1476 1514 1475 1501 1474 1513 1473 1500 1472 1502 1477 1515 1476 1501 1474 1503 1478 1516 1479 1515 1476 1503 1478 1515 1476 1502 1477 1490 1480 1489 1481 1516 1479 1490 1480 1516 1479 1503 1478 1518 1482 1531 1483 1517 1484 1518 1482 1532 1485 1531 1483 1519 1486 1533 1487 1532 1485 1519 1486 1532 1485 1518 1482 1520 1488 1534 1489 1533 1487 1520 1488 1533 1487 1519 1486 1521 1490 1535 1491 1534 1489 1521 1490 1534 1489 1520 1488 1522 1492 1536 1493 1535 1491 1522 1492 1535 1491 1521 1490 1523 1494 1537 1495 1536 1493 1523 1494 1536 1493 1522 1492 1524 1496 1538 1497 1537 1495 1524 1496 1537 1495 1523 1494 1525 713 1539 1498 1538 1497 1525 713 1538 1497 1524 1496 1526 1499 1540 1500 1539 1498 1526 1499 1539 1498 1525 713 1527 1501 1541 1502 1540 1500 1527 1501 1540 1500 1526 1499 1528 1503 1542 1504 1541 1502 1528 1503 1541 1502 1527 1501 1529 1505 1543 1506 1542 1504 1529 1505 1542 1504 1528 1503 1530 1507 1544 1508 1543 1506 1530 1507 1543 1506 1529 1505 1549 1509 1548 1509 1562 1509 1547 1510 1562 1510 1548 1510 1550 1511 1549 1511 1562 1511 1546 1512 1562 1512 1547 1512 1551 1513 1550 1513 1562 1513 1552 1514 1551 1514 1562 1514 1553 1515 1562 1515 1561 1515 1553 1516 1552 1516 1562 1516 1554 1517 1553 1517 1561 1517 1555 1518 1554 1518 1561 1518 1556 1519 1555 1519 1561 1519 1557 1520 1556 1520 1561 1520 1560 1521 1559 1521 1561 1521 1559 1522 1558 1522 1561 1522 1558 1523 1557 1523 1561 1523 1562 1524 1546 1524 1545 1524 1566 1525 1565 1525 1564 1525 1563 1525 1566 1525 1564 1525 1568 1526 1567 1527 1576 1528 1578 1529 1576 1528 1575 1530 1578 1529 1568 1526 1576 1528 1579 1531 1575 1530 1574 1532 1579 1531 1578 1529 1575 1530 1580 1533 1574 1532 1573 1534 1580 1533 1579 1531 1574 1532 1581 1535 1573 1534 1572 1536 1581 1535 1580 1533 1573 1534 1582 1537 1572 1536 1571 1538 1582 1537 1581 1535 1572 1536 1583 1539 1571 1538 1570 1540 1583 1539 1582 1537 1571 1538 1584 1541 1583 1539 1570 1540 1577 1542 1570 1540 1569 1543 1577 1542 1584 1541 1570 1540 1587 1544 1589 1544 1590 1544 1587 1545 1599 1545 1598 1545 1587 1546 1590 1546 1599 1546 1597 1547 1587 1547 1598 1547 1594 1548 1587 1548 1597 1548 1603 1549 1593 1549 1591 1549 1603 1550 1595 1550 1593 1550 1600 1551 1605 1551 1592 1551 1614 1552 1613 1552 1586 1552 1635 1553 1587 1553 1594 1553 1637 1554 1596 1554 1604 1554 1636 1555 1635 1555 1594 1555 1634 1556 1587 1556 1635 1556 1638 1557 1636 1557 1602 1557 1633 1558 1586 1558 1585 1558 1633 1559 1585 1559 1587 1559 1633 1560 1587 1560 1634 1560 1640 1561 1606 1561 1611 1561 1639 1562 1638 1562 1602 1562 1632 1563 1586 1563 1633 1563 1641 1564 1639 1564 1610 1564 1641 1565 1610 1565 1609 1565 1631 1566 1586 1566 1632 1566 1642 1567 1641 1567 1609 1567 1643 1568 1642 1568 1609 1568 1615 1569 1586 1569 1631 1569 1615 1570 1614 1570 1586 1570 1608 1571 1643 1571 1609 1571 1608 1572 1644 1572 1643 1572 1608 1573 1645 1573 1644 1573 1646 1574 1645 1574 1608 1574 1616 1575 1615 1575 1631 1575 1616 1576 1629 1576 1628 1576 1616 1577 1630 1577 1629 1577 1616 1578 1631 1578 1630 1578 1617 1579 1616 1579 1628 1579 1617 1580 1626 1580 1625 1580 1617 1581 1627 1581 1626 1581 1617 1368 1628 1368 1627 1368 1607 1582 1646 1582 1608 1582 1607 1583 1620 1583 1619 1583 1607 1584 1621 1584 1620 1584 1607 1585 1622 1585 1621 1585 1607 1586 1619 1586 1646 1586 1618 1587 1623 1587 1622 1587 1618 1588 1624 1588 1623 1588 1618 1589 1625 1589 1624 1589 1618 1590 1617 1590 1625 1590 1612 1591 1622 1591 1607 1591 1612 1592 1618 1592 1622 1592 1587 1593 1588 1593 1589 1593 1601 1594 1605 1594 1600 1594 1651 1595 1652 1596 1653 1597 1650 1598 1653 1597 1654 1599 1650 1598 1651 1595 1653 1597 1663 1600 1655 1601 1664 1602 1662 1603 1655 1601 1663 1600 1661 1604 1655 1601 1662 1603 1660 1605 1654 1599 1655 1601 1660 1605 1655 1601 1661 1604 1659 1606 1654 1599 1660 1605 1658 1607 1654 1599 1659 1606 1657 1608 1654 1599 1658 1607 1649 1609 1650 1598 1654 1599 1656 1610 1654 1599 1657 1608 1647 1611 1649 1609 1654 1599 1647 1611 1654 1599 1656 1610 1648 1612 1649 1609 1647 1611 1665 1613 1666 1613 1667 1613 1665 1614 1667 1614 1668 1614 1671 1615 1665 1616 1669 1617 1670 1618 1671 1615 1669 1617 1687 1368 1686 1368 1677 1368 1688 1368 1687 1368 1677 1368 1676 1619 1682 1619 1688 1619 1676 1368 1688 1368 1677 1368 1683 1620 1682 1620 1676 1620 1675 1621 1683 1621 1676 1621 1684 1622 1683 1622 1675 1622 1685 1623 1675 1623 1674 1623 1685 1624 1684 1624 1675 1624 1678 1625 1673 1625 1672 1625 1681 1626 1674 1626 1673 1626 1681 1627 1673 1627 1678 1627 1680 1628 1685 1628 1674 1628 1680 1629 1674 1629 1681 1629 1679 1630 1685 1630 1680 1630 1692 1631 1693 1632 1694 1633 1692 1631 1694 1633 1695 1634 1692 1631 1695 1634 1696 1635 1692 1631 1696 1635 1697 1636 1692 1631 1697 1636 1698 1637 1691 1638 1692 1631 1703 1639 1690 1640 1691 1638 1704 1641 1712 1642 1705 1643 1706 1644 1711 1645 1705 1643 1712 1642 1710 1646 1705 1643 1711 1645 1709 1647 1705 1643 1710 1646 1708 1648 1705 1643 1709 1647 1689 1649 1690 1640 1707 1650 1713 1651 1700 1652 1701 1653 1713 1651 1701 1653 1702 1654 1713 1651 1702 1654 1703 1639 1714 1655 1713 1651 1703 1639 1714 1655 1700 1652 1713 1651 1715 1656 1699 1657 1700 1652 1715 1656 1714 1655 1703 1639 1715 1656 1700 1652 1714 1655 1716 1658 1699 1657 1715 1656 1716 1658 1715 1656 1703 1639 1717 1659 1698 1637 1699 1657 1717 1659 1692 1631 1698 1637 1717 1659 1716 1658 1703 1639 1717 1659 1703 1639 1692 1631 1717 1659 1699 1657 1716 1658 1718 1660 1703 1639 1704 1641 1719 1661 1703 1639 1718 1660 1719 1661 1718 1660 1704 1641 1720 1662 1719 1661 1704 1641 1720 1662 1703 1639 1719 1661 1721 1663 1703 1639 1720 1662 1721 1663 1720 1662 1704 1641 1722 1664 1704 1641 1691 1638 1722 1664 1691 1638 1703 1639 1722 1664 1721 1663 1704 1641 1722 1664 1703 1639 1721 1663 1723 1665 1704 1641 1705 1643 1724 1666 1704 1641 1723 1665 1724 1666 1723 1665 1705 1643 1725 1667 1704 1641 1724 1666 1725 1667 1724 1666 1705 1643 1726 1668 1704 1641 1725 1667 1726 1668 1725 1667 1705 1643 1727 1669 1704 1641 1726 1668 1727 1669 1705 1643 1708 1648 1727 1669 1726 1668 1705 1643 1728 1670 1708 1648 1707 1650 1728 1670 1690 1640 1704 1641 1728 1670 1707 1650 1690 1640 1728 1670 1727 1669 1708 1648 1728 1670 1704 1641 1727 1669 1740 1671 1742 1672 1741 1673 1740 1671 1743 1674 1744 1675 1740 1671 1744 1675 1742 1672 1748 1676 1743 1674 1740 1671 1739 1677 1748 1676 1740 1671 1747 1678 1748 1676 1739 1677 1738 1679 1747 1678 1739 1677 1746 1680 1747 1678 1738 1679 1737 1681 1746 1680 1738 1679 1745 1682 1746 1680 1737 1681 1736 1683 1745 1682 1737 1681 1729 1684 1745 1682 1736 1683 1735 1685 1729 1684 1736 1683 1731 1686 1730 1687 1729 1684 1732 1688 1731 1686 1729 1684 1733 1689 1732 1688 1729 1684 1734 1690 1729 1684 1735 1685 1734 1690 1733 1689 1729 1684 1754 1691 1755 1692 1756 1693 1754 1691 1756 1693 1757 1694 1760 1695 1757 1694 1758 1696 1760 1695 1758 1696 1759 1697 1760 1695 1754 1691 1757 1694 1753 1698 1754 1691 1760 1695 1761 1699 1753 1698 1760 1695 1752 1700 1753 1698 1761 1699 1762 1701 1752 1700 1761 1699 1751 1702 1752 1700 1762 1701 1763 1703 1751 1702 1762 1701 1750 1704 1751 1702 1763 1703 1764 1705 1750 1704 1763 1703 1767 1706 1750 1704 1764 1705 1766 1707 1750 1704 1767 1706 1765 1708 1750 1704 1766 1707 1749 1709 1750 1704 1765 1708 1772 1710 1774 1711 1773 1712 1771 1713 1774 1711 1772 1710 1770 1714 1774 1711 1771 1713 1769 1715 1774 1711 1770 1714 1768 1716 1774 1711 1769 1715 1779 1717 1774 1711 1768 1716 1786 1718 1779 1717 1768 1716 1778 1719 1779 1717 1786 1718 1785 1720 1778 1719 1786 1718 1777 1721 1778 1719 1785 1720 1784 1722 1777 1721 1785 1720 1776 1723 1777 1721 1784 1722 1783 1724 1776 1723 1784 1722 1775 1725 1776 1723 1783 1724 1781 1726 1775 1725 1783 1724 1780 1727 1781 1726 1783 1724 1782 1728 1780 1727 1783 1724 1798 1729 1795 1730 1796 1731 1798 1729 1796 1731 1797 1732 1792 1733 1793 1734 1794 1735 1792 1733 1794 1735 1795 1730 1792 1733 1795 1730 1798 1729 1799 1736 1792 1733 1798 1729 1791 1737 1792 1733 1799 1736 1800 1738 1791 1737 1799 1736 1790 1739 1791 1737 1800 1738 1789 1740 1800 1738 1801 1741 1789 1740 1790 1739 1800 1738 1788 1742 1801 1741 1802 1743 1788 1742 1789 1740 1801 1741 1807 1744 1802 1743 1803 1745 1806 1746 1802 1743 1807 1744 1805 1747 1802 1743 1806 1746 1804 1748 1802 1743 1805 1747 1787 1749 1788 1742 1802 1743 1787 1749 1802 1743 1804 1748 1808 1750 1812 1751 1813 1752 1809 1753 1813 1752 1814 1754 1809 1753 1808 1750 1813 1752 1810 1755 1814 1754 1815 1756 1810 1755 1809 1753 1814 1754 1816 1757 1810 1755 1815 1756 1811 1758 1810 1755 1816 1757 1824 1759 1817 1760 1818 1761 1824 1759 1818 1761 1819 1762 1823 1763 1819 1762 1820 1764 1823 1763 1824 1759 1819 1762 1822 1765 1820 1764 1821 1766 1822 1765 1823 1763 1820 1764 1834 1767 1832 1767 1831 1767 1834 1768 1833 1768 1832 1768 1835 1769 1830 1769 1829 1769 1835 1770 1831 1770 1830 1770 1835 1771 1834 1771 1831 1771 1836 1772 1835 1772 1829 1772 1837 1773 1828 1773 1827 1773 1837 1774 1829 1774 1828 1774 1837 1775 1836 1775 1829 1775 1838 1776 1827 1776 1826 1776 1838 1777 1837 1777 1827 1777 1839 1778 1838 1778 1826 1778 1840 1779 1826 1779 1825 1779 1840 1780 1839 1780 1826 1780 1858 1781 1840 1781 1825 1781 1853 1782 1852 1782 1857 1782 1851 1783 1857 1783 1852 1783 1854 1784 1853 1784 1857 1784 1855 1785 1854 1785 1857 1785 1849 1786 1857 1786 1851 1786 1856 1787 1855 1787 1857 1787 1841 1788 1858 1788 1857 1788 1841 1789 1840 1789 1858 1789 1841 1790 1857 1790 1849 1790 1848 1791 1842 1791 1850 1791 1846 1792 1841 1792 1847 1792 1844 1793 1843 1793 1841 1793 1845 1794 1841 1794 1846 1794 1845 1795 1844 1795 1841 1795 1864 1796 1866 1797 1865 1798 1863 1799 1867 1800 1866 1797 1863 1799 1866 1797 1864 1796 1862 1801 1868 1802 1867 1800 1862 1801 1869 1803 1868 1802 1862 1801 1867 1800 1863 1799 1861 1804 1870 1805 1869 1803 1861 1804 1871 1806 1870 1805 1861 1804 1869 1803 1862 1801 1860 1807 1871 1806 1861 1804 1859 1808 1871 1806 1860 1807 1873 1809 1871 1806 1859 1808 1872 1810 1873 1809 1885 1811 1884 1812 1872 1810 1885 1811 1883 1813 1872 1810 1884 1812 1879 1814 1878 1815 1877 1816 1882 1817 1874 1818 1872 1810 1882 1817 1875 1819 1874 1818 1882 1817 1872 1810 1883 1813 1880 1820 1877 1816 1876 1821 1880 1820 1879 1814 1877 1816 1881 1822 1876 1821 1875 1819 1881 1822 1875 1819 1882 1817 1881 1822 1880 1820 1876 1821 1885 1811 1873 1809 1859 1808 1893 1823 1894 1824 1895 1825 1893 1823 1895 1825 1886 1826 1892 1827 1886 1826 1887 1828 1892 1827 1887 1828 1888 1829 1892 1827 1888 1829 1889 1830 1892 1827 1893 1823 1886 1826 1891 1831 1889 1830 1890 1832 1891 1831 1892 1827 1889 1830 1905 1833 1903 1833 1901 1833 1905 1834 1904 1834 1903 1834 1907 1835 1901 1835 1900 1835 1908 1836 1906 1836 1902 1836 1909 1837 1900 1837 1899 1837 1909 1838 1907 1838 1900 1838 1910 1839 1899 1839 1898 1839 1910 1840 1909 1840 1899 1840 1911 1841 1898 1841 1897 1841 1911 1842 1910 1842 1898 1842 1912 1843 1897 1843 1896 1843 1912 1844 1911 1844 1897 1844 1913 1845 1912 1845 1896 1845 1925 1846 1928 1846 1927 1846 1924 1847 1929 1847 1926 1847 1914 1848 1896 1848 1929 1848 1914 1849 1913 1849 1896 1849 1923 1850 1929 1850 1924 1850 1922 1851 1929 1851 1923 1851 1915 1852 1922 1852 1921 1852 1915 1853 1914 1853 1929 1853 1915 1854 1929 1854 1922 1854 1920 1855 1915 1855 1921 1855 1919 1856 1915 1856 1920 1856 1918 1857 1915 1857 1919 1857 1917 1858 1915 1858 1918 1858 1916 1859 1915 1859 1917 1859 1934 1860 1931 1861 1930 1862 1945 1863 1933 1864 1932 1865 1944 1866 1932 1865 1931 1861 1944 1866 1931 1861 1934 1860 1944 1866 1945 1863 1932 1865 1943 1867 1934 1860 1935 1868 1943 1867 1944 1866 1934 1860 1942 1869 1935 1868 1936 1870 1942 1869 1936 1870 1937 1871 1942 1869 1943 1867 1935 1868 1939 1872 1937 1871 1938 1873 1940 1874 1942 1869 1937 1871 1940 1874 1937 1871 1939 1872 1941 1875 1942 1869 1940 1874 1950 1876 1947 1877 1946 1878 1962 1879 1948 1880 1947 1877 1962 1879 1949 1881 1948 1880 1962 1879 1947 1877 1950 1876 1961 1882 1950 1876 1951 1883 1961 1882 1962 1879 1950 1876 1960 1884 1951 1883 1952 1885 1960 1884 1961 1882 1951 1883 1956 1886 1952 1885 1953 1887 1956 1886 1953 1887 1954 1888 1956 1886 1954 1888 1955 1889 1956 1886 1960 1884 1952 1885 1959 1890 1960 1884 1956 1886 1957 1891 1959 1890 1956 1886 1958 1892 1959 1890 1957 1891 1969 1893 1966 1894 1967 1895 1965 1896 1968 1897 1963 1898 1965 1896 1969 1893 1968 1897 1965 1896 1966 1894 1969 1893 1964 1899 1965 1896 1963 1898 1974 1900 1971 1901 1972 1902 1974 1900 1972 1902 1973 1903 1977 1904 1970 1905 1971 1901 1977 1904 1971 1901 1974 1900 1975 1906 1977 1904 1974 1900 1976 1907 1977 1904 1975 1906 1989 1908 1986 1909 1987 1910 1989 1908 1987 1910 1988 1911 1980 1912 1981 1913 1982 1914 1980 1912 1982 1914 1983 1915 1994 1916 1991 1917 1992 1918 1978 1919 1979 1920 1993 1921 1995 1922 1983 1915 1984 1923 1995 1922 1984 1923 1985 1924 1995 1922 1985 1924 1986 1909 1995 1922 1986 1909 1989 1908 1995 1922 1980 1912 1983 1915 1996 1925 1979 1920 1980 1912 1996 1925 1989 1908 1990 1926 1996 1925 1995 1922 1989 1908 1996 1925 1980 1912 1995 1922 1997 1927 1990 1926 1991 1917 1997 1927 1994 1916 1993 1921 1997 1927 1979 1920 1996 1925 1997 1927 1991 1917 1994 1916 1997 1927 1996 1925 1990 1926 1997 1927 1993 1921 1979 1920 2008 1928 2005 1929 2004 1930 2017 1931 1999 1932 2000 1933 2017 1931 2008 1928 2009 1934 2018 1935 2003 1936 2002 1937 2018 1935 2001 1938 2003 1936 2018 1935 2006 1939 2005 1929 2018 1935 2007 1940 2006 1939 2018 1935 2002 1937 2007 1940 2018 1935 2005 1929 2008 1928 2019 1941 2000 1933 2001 1938 2019 1941 2001 1938 2018 1935 2019 1941 2018 1935 2008 1928 2020 1942 2019 1941 2008 1928 2020 1942 2008 1928 2017 1931 2020 1942 2017 1931 2000 1933 2020 1942 2000 1933 2019 1941 2021 1943 2017 1931 2009 1934 2021 1943 1999 1932 2017 1931 2022 1944 2009 1934 2010 1945 2022 1944 2012 1946 2011 1947 2022 1944 2013 1948 2012 1946 2022 1944 2010 1945 2013 1948 2022 1944 2011 1947 2016 1949 2022 1944 2021 1943 2009 1934 2022 1944 1999 1932 2021 1943 2023 1950 1998 1951 1999 1932 2023 1950 2014 1952 1998 1951 2023 1950 2015 1953 2014 1952 2023 1950 2016 1949 2015 1953 2023 1950 1999 1932 2022 1944 2023 1950 2022 1944 2016 1949 2030 1954 2031 1955 2032 1956 2029 1957 2032 1956 2033 1958 2029 1957 2030 1954 2032 1956 2028 1959 2029 1957 2033 1958 2027 1960 2033 1958 2034 1961 2027 1960 2034 1961 2036 1962 2027 1960 2028 1959 2033 1958 2026 1963 2027 1960 2036 1962 2035 1964 2026 1963 2036 1962 2025 1965 2026 1963 2035 1964 2024 1966 2025 1965 2035 1964 2037 1967 2038 1968 2039 1969 2046 1970 2039 1969 2040 1971 2046 1970 2037 1967 2039 1969 2045 1972 2046 1970 2040 1971 2044 1973 2045 1972 2040 1971 2043 1974 2040 1971 2041 1975 2043 1974 2044 1973 2040 1971 2042 1976 2043 1974 2041 1975 2060 1977 2058 1978 2059 1979 2055 1980 2056 1981 2057 1982 2055 1980 2057 1982 2058 1978 2054 1983 2055 1980 2058 1978 2054 1983 2058 1978 2060 1977 2053 1984 2060 1977 2061 1985 2053 1984 2054 1983 2060 1977 2052 1986 2061 1985 2062 1987 2052 1986 2053 1984 2061 1985 2049 1988 2062 1987 2050 1989 2051 1990 2052 1986 2062 1987 2048 1991 2062 1987 2049 1988 2048 1991 2051 1990 2062 1987 2047 1992 2051 1990 2048 1991 2073 1993 2074 1994 2075 1995 2076 1996 2073 1993 2075 1995 2077 1997 2073 1993 2076 1996 2072 1998 2073 1993 2077 1997 2070 1999 2071 2000 2072 1998 2069 2001 2077 1997 2078 2002 2069 2001 2072 1998 2077 1997 2069 2001 2070 1999 2072 1998 2068 2003 2078 2002 2079 2004 2068 2003 2069 2001 2078 2002 2065 2005 2080 2006 2066 2007 2067 2008 2079 2004 2080 2006 2067 2008 2068 2003 2079 2004 2064 2009 2067 2008 2080 2006 2064 2009 2080 2006 2065 2005 2063 2010 2067 2008 2064 2009 2082 2011 2081 2012 2085 2013 2082 2011 2085 2013 2086 2014 2083 2015 2082 2011 2086 2014 2084 2016 2086 2014 2087 2017 2084 2016 2083 2015 2086 2014 2094 2018 2095 2019 2096 2020 2094 2018 2096 2020 2097 2021 2094 2018 2097 2021 2098 2022 2089 2023 2104 2024 2088 2025 2091 2026 2092 2027 2090 2028 2105 2029 2093 2030 2094 2018 2105 2029 2098 2022 2099 2031 2105 2029 2099 2031 2100 2032 2105 2029 2100 2032 2101 2033 2105 2029 2101 2033 2102 2034 2105 2029 2102 2034 2103 2035 2105 2029 2094 2018 2098 2022 2106 2036 2105 2029 2103 2035 2106 2036 2093 2030 2105 2029 2107 2037 2089 2023 2090 2028 2107 2037 2092 2027 2093 2030 2107 2037 2103 2035 2104 2024 2107 2037 2106 2036 2103 2035 2107 2037 2093 2030 2106 2036 2107 2037 2104 2024 2089 2023 2107 2037 2090 2028 2092 2027 2109 2038 2114 2039 2110 2040 2112 2041 2115 2042 2114 2039 2112 2041 2113 2043 2115 2042 2112 2041 2114 2039 2109 2038 2111 2044 2109 2038 2108 2045 2111 2044 2112 2041 2109 2038 2119 2046 2120 2047 2121 2048 2119 2046 2121 2048 2122 2049 2118 2050 2122 2049 2123 2051 2118 2050 2119 2046 2122 2049 2117 2052 2123 2051 2116 2053 2117 2052 2118 2050 2123 2051 2148 2054 2124 2055 2125 2056 2148 2054 2125 2056 2126 2057 2148 2054 2126 2057 2127 2058 2148 2054 2127 2058 2128 2059 2147 2060 2148 2054 2128 2059 2129 2061 2147 2060 2128 2059 2146 2062 2147 2060 2129 2061 2130 2063 2146 2062 2129 2061 2145 2064 2130 2063 2131 2065 2145 2064 2146 2062 2130 2063 2144 2066 2131 2065 2132 2067 2144 2066 2145 2064 2131 2065 2143 2068 2132 2067 2133 2069 2143 2068 2144 2066 2132 2067 2142 2070 2133 2069 2134 2071 2142 2070 2143 2068 2133 2069 2141 2072 2134 2071 2135 2073 2141 2072 2142 2070 2134 2071 2140 2074 2141 2072 2135 2073 2139 2075 2135 2073 2136 2076 2139 2075 2140 2074 2135 2073 2138 2077 2136 2076 2137 2078 2138 2077 2139 2075 2136 2076 2154 2079 2155 2080 2156 2081 2154 2079 2156 2081 2157 2082 2154 2079 2157 2082 2152 2083 2151 2084 2154 2079 2152 2083 2153 2085 2154 2079 2151 2084 2150 2086 2153 2085 2151 2084 2149 2087 2153 2085 2150 2086 2184 2088 2185 2089 2186 2090 2184 2088 2186 2090 2187 2091 2184 2088 2187 2091 2188 2092 2158 2093 2184 2088 2188 2092 2183 2094 2158 2093 2159 2095 2183 2094 2184 2088 2158 2093 2182 2096 2159 2095 2160 2097 2182 2096 2183 2094 2159 2095 2181 2098 2160 2097 2161 2099 2181 2098 2182 2096 2160 2097 2180 2100 2161 2099 2162 2101 2180 2100 2181 2098 2161 2099 2179 2102 2162 2101 2163 2103 2179 2102 2180 2100 2162 2101 2178 2104 2163 2103 2164 2105 2178 2104 2179 2102 2163 2103 2165 2106 2178 2104 2164 2105 2177 2107 2165 2106 2166 2108 2177 2107 2178 2104 2165 2106 2176 2109 2177 2107 2166 2108 2167 2110 2176 2109 2166 2108 2168 2111 2176 2109 2167 2110 2172 2112 2168 2111 2169 2113 2171 2114 2168 2111 2172 2112 2170 2115 2168 2111 2171 2114 2175 2116 2168 2111 2170 2115 2174 2117 2168 2111 2175 2116 2173 2118 2176 2109 2168 2111 2173 2118 2168 2111 2174 2117 2208 2119 2206 2120 2207 2121 2203 2122 2204 2123 2205 2124 2203 2122 2205 2124 2206 2120 2203 2122 2206 2120 2208 2119 2202 2125 2208 2119 2209 2126 2202 2125 2203 2122 2208 2119 2201 2127 2209 2126 2210 2128 2201 2127 2202 2125 2209 2126 2200 2129 2210 2128 2211 2130 2200 2129 2201 2127 2210 2128 2199 2131 2211 2130 2212 2132 2199 2131 2200 2129 2211 2130 2198 2133 2212 2132 2213 2134 2198 2133 2199 2131 2212 2132 2197 2135 2198 2133 2213 2134 2196 2136 2213 2134 2214 2137 2196 2136 2197 2135 2213 2134 2195 2138 2214 2137 2215 2139 2195 2138 2196 2136 2214 2137 2194 2140 2215 2139 2216 2141 2194 2140 2195 2138 2215 2139 2191 2142 2217 2143 2218 2144 2191 2142 2218 2144 2192 2145 2193 2146 2216 2141 2217 2143 2193 2146 2194 2140 2216 2141 2193 2146 2217 2143 2191 2142 2190 2147 2193 2146 2191 2142 2189 2148 2193 2146 2190 2147 2227 2149 2223 2150 2224 2151 2227 2149 2224 2151 2225 2152 2227 2149 2225 2152 2226 2153 2221 2154 2227 2149 2222 2155 2220 2156 2227 2149 2221 2154 2219 2157 2227 2149 2220 2156 2219 2157 2223 2150 2227 2149 2247 2158 2245 2159 2246 2160 2244 2161 2245 2159 2247 2158 2242 2162 2243 2163 2244 2161 2241 2164 2247 2158 2248 2165 2241 2164 2244 2161 2247 2158 2241 2164 2242 2162 2244 2161 2240 2166 2248 2165 2249 2167 2240 2166 2241 2164 2248 2165 2239 2168 2249 2167 2250 2169 2239 2168 2240 2166 2249 2167 2238 2170 2250 2169 2251 2171 2238 2170 2239 2168 2250 2169 2237 2172 2238 2170 2251 2171 2236 2173 2251 2171 2252 2174 2236 2173 2237 2172 2251 2171 2235 2175 2252 2174 2253 2176 2235 2175 2253 2176 2254 2177 2235 2175 2236 2173 2252 2174 2234 2178 2254 2177 2255 2179 2234 2178 2235 2175 2254 2177 2233 2180 2255 2179 2256 2181 2233 2180 2256 2181 2257 2182 2233 2180 2234 2178 2255 2179 2232 2183 2257 2182 2258 2184 2232 2183 2233 2180 2257 2182 2230 2185 2258 2184 2231 2186 2229 2187 2258 2184 2230 2185 2228 2188 2232 2183 2258 2184 2228 2188 2258 2184 2229 2187 2288 2189 2259 2190 2260 2191 2288 2189 2260 2191 2261 2192 2288 2189 2261 2192 2262 2193 2288 2189 2262 2193 2263 2194 2288 2189 2263 2194 2264 2195 2288 2189 2264 2195 2265 2196 2288 2189 2265 2196 2266 2197 2287 2198 2266 2197 2267 2199 2287 2198 2288 2189 2266 2197 2268 2200 2287 2198 2267 2199 2286 2201 2287 2198 2268 2200 2269 2202 2286 2201 2268 2200 2285 2203 2269 2202 2270 2204 2285 2203 2286 2201 2269 2202 2284 2205 2270 2204 2271 2206 2284 2205 2285 2203 2270 2204 2283 2207 2271 2206 2272 2208 2283 2207 2284 2205 2271 2206 2282 2209 2272 2208 2273 2210 2282 2209 2283 2207 2272 2208 2281 2211 2273 2210 2274 2212 2281 2211 2282 2209 2273 2210 2280 2213 2274 2212 2275 2214 2280 2213 2281 2211 2274 2212 2279 2215 2275 2214 2276 2216 2278 2217 2275 2214 2279 2215 2277 2218 2280 2213 2275 2214 2277 2218 2275 2214 2278 2217 2295 2219 2296 2220 2297 2221 2294 2222 2297 2221 2298 2223 2294 2222 2295 2219 2297 2221 2293 2224 2298 2223 2299 2225 2293 2224 2294 2222 2298 2223 2301 2226 2293 2224 2299 2225 2289 2227 2293 2224 2301 2226 2290 2228 2301 2226 2300 2229 2290 2228 2289 2227 2301 2226 2291 2230 2290 2228 2300 2229 2292 2231 2291 2230 2300 2229 2328 2232 2303 2233 2302 2234 2328 2232 2304 2235 2303 2233 2328 2232 2305 2236 2304 2235 2328 2232 2302 2234 2306 2237 2327 2238 2328 2232 2306 2237 2307 2239 2327 2238 2306 2237 2326 2240 2307 2239 2308 2241 2326 2240 2327 2238 2307 2239 2325 2242 2308 2241 2309 2243 2325 2242 2309 2243 2310 2244 2325 2242 2326 2240 2308 2241 2324 2245 2310 2244 2311 2246 2324 2245 2325 2242 2310 2244 2323 2247 2311 2246 2312 2248 2323 2247 2324 2245 2311 2246 2322 2249 2312 2248 2313 2250 2322 2249 2323 2247 2312 2248 2321 2251 2313 2250 2314 2252 2321 2251 2322 2249 2313 2250 2320 2253 2314 2252 2315 2254 2320 2253 2321 2251 2314 2252 2319 2255 2315 2254 2316 2256 2319 2255 2320 2253 2315 2254 2318 2257 2316 2256 2317 2258 2318 2257 2319 2255 2316 2256 2335 2259 2333 2260 2334 2261 2332 2262 2333 2260 2335 2259 2336 2263 2332 2262 2335 2259 2331 2264 2332 2262 2336 2263 2329 2265 2331 2264 2336 2263 2330 2266 2331 2264 2329 2265 2338 2267 2346 2268 2337 2269 2348 2270 2344 2271 2345 2272 2348 2270 2345 2272 2346 2268 2348 2270 2346 2268 2338 2267 2349 2273 2343 2274 2344 2271 2349 2273 2344 2271 2348 2270 2350 2275 2342 2276 2343 2274 2350 2275 2343 2274 2349 2273 2351 2277 2341 2278 2342 2276 2351 2277 2342 2276 2350 2275 2352 2279 2340 2280 2341 2278 2352 2279 2341 2278 2351 2277 2353 2281 2339 2282 2340 2280 2353 2281 2340 2280 2352 2279 2347 2283 2339 2282 2353 2281 2359 2284 2367 2285 2358 2286 2374 2287 2359 2284 2360 2288 2374 2287 2367 2285 2359 2284 2375 2289 2365 2290 2366 2291 2375 2289 2366 2291 2367 2285 2375 2289 2373 2292 2365 2290 2375 2289 2367 2285 2374 2287 2376 2293 2374 2287 2360 2288 2377 2294 2372 2295 2373 2292 2377 2294 2374 2287 2376 2293 2377 2294 2373 2292 2375 2289 2377 2294 2375 2289 2374 2287 2378 2296 2360 2288 2361 2297 2378 2296 2376 2293 2360 2288 2379 2298 2370 2299 2371 2300 2379 2298 2371 2300 2372 2295 2379 2298 2372 2295 2377 2294 2379 2298 2377 2294 2376 2293 2379 2298 2376 2293 2378 2296 2380 2301 2361 2297 2362 2302 2380 2301 2378 2296 2361 2297 2381 2303 2379 2298 2378 2296 2381 2303 2378 2296 2380 2301 2381 2303 2370 2299 2379 2298 2382 2304 2362 2302 2363 2305 2382 2304 2380 2301 2362 2302 2383 2306 2368 2307 2369 2308 2383 2306 2369 2308 2370 2299 2383 2306 2370 2299 2381 2303 2383 2306 2381 2303 2380 2301 2383 2306 2380 2301 2382 2304 2384 2309 2354 2310 2355 2311 2384 2309 2363 2305 2364 2312 2384 2309 2364 2312 2354 2310 2384 2309 2382 2304 2363 2305 2385 2313 2355 2311 2356 2314 2385 2313 2356 2314 2357 2315 2385 2313 2357 2315 2368 2307 2385 2313 2384 2309 2355 2311 2385 2313 2368 2307 2383 2306 2385 2313 2383 2306 2382 2304 2385 2313 2382 2304 2384 2309 2394 2316 2403 2317 2402 2318 2395 2319 2403 2317 2394 2316 2387 2320 2386 2321 2409 2322 2388 2323 2387 2320 2409 2322 2392 2324 2391 2325 2401 2326 2393 2327 2392 2324 2401 2326 2410 2328 2395 2319 2396 2329 2410 2328 2396 2329 2397 2330 2410 2328 2404 2331 2403 2317 2410 2328 2405 2332 2404 2331 2410 2328 2403 2317 2395 2319 2410 2328 2397 2330 2405 2332 2411 2333 2397 2330 2398 2334 2411 2333 2406 2335 2405 2332 2411 2333 2405 2332 2397 2330 2412 2336 2398 2334 2399 2337 2412 2336 2407 2338 2406 2335 2412 2336 2411 2333 2398 2334 2412 2336 2406 2335 2411 2333 2413 2339 2399 2337 2400 2340 2413 2339 2408 2341 2407 2338 2413 2339 2407 2338 2412 2336 2413 2339 2412 2336 2399 2337 2414 2342 2389 2343 2388 2323 2414 2342 2390 2344 2389 2343 2414 2342 2391 2325 2390 2344 2414 2342 2400 2340 2401 2326 2414 2342 2409 2322 2408 2341 2414 2342 2413 2339 2400 2340 2414 2342 2408 2341 2413 2339 2414 2342 2388 2323 2409 2322 2414 2342 2401 2326 2391 2325 2437 2345 2416 2346 2415 2347 2437 2345 2417 2348 2416 2346 2437 2345 2415 2347 2438 2349 2436 2350 2418 2351 2417 2348 2436 2350 2417 2348 2437 2345 2435 2352 2426 2353 2418 2351 2435 2352 2418 2351 2436 2350 2434 2354 2425 2355 2426 2353 2434 2354 2426 2353 2435 2352 2433 2356 2424 2357 2425 2355 2433 2356 2425 2355 2434 2354 2432 2358 2423 2359 2424 2357 2432 2358 2424 2357 2433 2356 2431 2360 2422 2361 2423 2359 2431 2360 2423 2359 2432 2358 2430 2362 2421 2363 2422 2361 2430 2362 2422 2361 2431 2360 2429 2364 2421 2363 2430 2362 2428 2365 2420 2366 2421 2363 2428 2365 2421 2363 2429 2364 2427 2367 2419 2368 2420 2366 2427 2367 2420 2366 2428 2365 2448 2369 2455 2370 2447 2371 2448 2369 2456 2372 2455 2370 2440 2373 2439 2374 2462 2375 2441 2376 2440 2373 2462 2375 2445 2377 2444 2378 2454 2379 2446 2380 2445 2377 2454 2379 2463 2381 2448 2369 2449 2382 2463 2381 2449 2382 2450 2383 2463 2381 2457 2384 2456 2372 2463 2381 2458 2385 2457 2384 2463 2381 2456 2372 2448 2369 2463 2381 2450 2383 2458 2385 2464 2386 2450 2383 2451 2387 2464 2386 2459 2388 2458 2385 2464 2386 2458 2385 2450 2383 2465 2389 2451 2387 2452 2390 2465 2389 2460 2391 2459 2388 2465 2389 2464 2386 2451 2387 2465 2389 2459 2388 2464 2386 2466 2392 2452 2390 2453 2393 2466 2392 2461 2394 2460 2391 2466 2392 2460 2391 2465 2389 2466 2392 2465 2389 2452 2390 2467 2395 2442 2396 2441 2376 2467 2395 2443 2397 2442 2396 2467 2395 2444 2378 2443 2397 2467 2395 2453 2393 2454 2379 2467 2395 2462 2375 2461 2394 2467 2395 2466 2392 2453 2393 2467 2395 2461 2394 2466 2392 2467 2395 2441 2376 2462 2375 2467 2395 2454 2379 2444 2378 2476 2398 2478 2399 2477 2400 2476 2398 2484 2401 2478 2399 2475 2402 2484 2401 2476 2398 2474 2403 2483 2404 2484 2401 2474 2403 2484 2401 2475 2402 2473 2405 2482 2406 2483 2404 2473 2405 2483 2404 2474 2403 2472 2407 2481 2408 2482 2406 2472 2407 2482 2406 2473 2405 2471 2409 2480 2410 2481 2408 2471 2409 2481 2408 2472 2407 2470 2411 2479 2412 2480 2410 2470 2411 2480 2410 2471 2409 2468 2413 2469 2414 2479 2412 2468 2413 2479 2412 2470 2411</p>
        </triangles>
        <triangles material="black_plastic-material" count="461">
          <input semantic="VERTEX" source="#¾µв3_3_1-mesh-vertices" offset="0"/>
          <input semantic="NORMAL" source="#¾µв3_3_1-mesh-normals" offset="1"/>
          <p>2508 2415 2485 2416 2486 2417 2508 2415 2486 2417 2487 2418 2508 2415 2507 2419 2485 2416 2509 2420 2501 2421 2506 2422 2509 2420 2506 2422 2507 2419 2509 2420 2507 2419 2508 2415 2510 2423 2509 2420 2508 2415 2511 2424 2502 2425 2501 2421 2511 2424 2501 2421 2509 2420 2512 2426 2509 2420 2510 2423 2512 2426 2511 2424 2509 2420 2513 2427 2510 2423 2508 2415 2513 2427 2508 2415 2487 2418 2514 2428 2510 2423 2513 2427 2514 2428 2512 2426 2510 2423 2515 2429 2511 2424 2512 2426 2516 2430 2512 2426 2514 2428 2516 2430 2515 2429 2512 2426 2517 2431 2489 2432 2490 2433 2517 2431 2490 2433 2491 2434 2518 2435 2519 2436 2517 2431 2520 2437 2518 2435 2517 2431 2521 2438 2491 2434 2492 2439 2521 2438 2492 2439 2493 2440 2521 2438 2517 2431 2491 2434 2521 2438 2520 2437 2517 2431 2522 2441 2521 2438 2493 2440 2522 2441 2520 2437 2521 2438 2523 2442 2493 2440 2494 2443 2523 2442 2494 2443 2495 2444 2523 2442 2522 2441 2493 2440 2523 2442 2520 2437 2522 2441 2524 2445 2503 2446 2502 2425 2524 2445 2502 2425 2511 2424 2524 2445 2511 2424 2515 2429 2525 2447 2504 2448 2503 2446 2525 2447 2505 2449 2504 2448 2525 2447 2503 2446 2524 2445 2526 2450 2487 2418 2488 2451 2526 2450 2516 2430 2514 2428 2526 2450 2513 2427 2487 2418 2526 2450 2527 2452 2516 2430 2526 2450 2514 2428 2513 2427 2528 2453 2515 2429 2516 2430 2528 2453 2516 2430 2527 2452 2528 2453 2524 2445 2515 2429 2528 2453 2525 2447 2524 2445 2529 2454 2527 2452 2526 2450 2529 2454 2526 2450 2488 2451 2530 2455 2528 2453 2527 2452 2531 2456 2500 2457 2505 2449 2531 2456 2505 2449 2525 2447 2531 2456 2525 2447 2528 2453 2531 2456 2528 2453 2530 2455 2532 2458 2527 2452 2529 2454 2532 2458 2488 2451 2489 2432 2532 2458 2489 2432 2517 2431 2532 2458 2529 2454 2488 2451 2532 2458 2517 2431 2519 2436 2532 2458 2518 2435 2527 2452 2532 2458 2519 2436 2518 2435 2533 2459 2500 2457 2531 2456 2533 2459 2531 2456 2530 2455 2533 2459 2499 2460 2500 2457 2533 2459 2530 2455 2527 2452 2534 2461 2527 2452 2518 2435 2534 2461 2518 2435 2520 2437 2535 2462 2533 2459 2527 2452 2535 2462 2527 2452 2534 2461 2536 2463 2533 2459 2535 2462 2537 2464 2498 2465 2499 2460 2537 2464 2499 2460 2533 2459 2537 2464 2535 2462 2534 2461 2537 2464 2533 2459 2536 2463 2537 2464 2536 2463 2535 2462 2538 2466 2495 2444 2496 2467 2538 2466 2534 2461 2520 2437 2538 2466 2537 2464 2534 2461 2538 2466 2523 2442 2495 2444 2538 2466 2520 2437 2523 2442 2539 2468 2496 2467 2497 2469 2539 2468 2497 2469 2498 2465 2539 2468 2538 2466 2496 2467 2539 2468 2537 2464 2538 2466 2539 2468 2498 2465 2537 2464 2549 2470 2544 2471 2545 2472 2549 2470 2545 2472 2546 2473 2543 2474 2544 2471 2549 2470 2555 2475 2540 2476 2541 2477 2550 2478 2548 2479 2547 2480 2551 2481 2548 2479 2550 2478 2554 2482 2556 2483 2553 2484 2557 2485 2541 2477 2542 2486 2557 2485 2542 2486 2543 2474 2557 2485 2555 2475 2541 2477 2557 2485 2543 2474 2549 2470 2558 2487 2549 2470 2548 2479 2558 2487 2555 2475 2557 2485 2558 2487 2557 2485 2549 2470 2559 2488 2551 2481 2552 2489 2559 2488 2558 2487 2548 2479 2559 2488 2548 2479 2551 2481 2560 2490 2552 2489 2553 2484 2560 2490 2556 2483 2555 2475 2560 2490 2555 2475 2558 2487 2560 2490 2559 2488 2552 2489 2560 2490 2558 2487 2559 2488 2560 2490 2553 2484 2556 2483 2561 2491 2562 2492 2563 2493 2584 2494 2561 2491 2563 2493 2585 2495 2569 2496 2568 2497 2586 2498 2570 2499 2569 2496 2586 2498 2563 2493 2570 2499 2586 2498 2569 2496 2585 2495 2586 2498 2584 2494 2563 2493 2587 2500 2585 2495 2588 2501 2587 2500 2586 2498 2585 2495 2589 2502 2584 2494 2586 2498 2589 2502 2586 2498 2587 2500 2590 2503 2591 2504 2578 2505 2592 2506 2578 2505 2579 2507 2592 2506 2579 2507 2580 2508 2592 2506 2580 2508 2581 2509 2592 2506 2581 2509 2582 2510 2592 2506 2582 2510 2583 2511 2592 2506 2590 2503 2578 2505 2593 2512 2565 2513 2564 2514 2593 2512 2566 2515 2565 2513 2594 2516 2564 2514 2571 2517 2594 2516 2571 2517 2572 2518 2594 2516 2572 2518 2573 2519 2594 2516 2593 2512 2564 2514 2594 2516 2595 2520 2593 2512 2596 2521 2573 2519 2574 2522 2596 2521 2594 2516 2573 2519 2596 2521 2595 2520 2594 2516 2597 2523 2583 2511 2584 2494 2597 2523 2589 2502 2587 2500 2597 2523 2584 2494 2589 2502 2597 2523 2587 2500 2588 2501 2598 2524 2592 2506 2583 2511 2598 2524 2597 2523 2588 2501 2598 2524 2590 2503 2592 2506 2598 2524 2583 2511 2597 2523 2599 2525 2567 2526 2566 2515 2599 2525 2568 2497 2567 2526 2599 2525 2585 2495 2568 2497 2599 2525 2566 2515 2593 2512 2600 2527 2585 2495 2599 2525 2600 2527 2599 2525 2593 2512 2601 2528 2588 2501 2585 2495 2601 2528 2598 2524 2588 2501 2601 2528 2590 2503 2598 2524 2601 2528 2585 2495 2600 2527 2602 2529 2593 2512 2595 2520 2602 2529 2600 2527 2593 2512 2602 2529 2601 2528 2600 2527 2603 2530 2601 2528 2602 2529 2603 2530 2591 2504 2590 2503 2603 2530 2595 2520 2604 2531 2603 2530 2604 2531 2591 2504 2603 2530 2602 2529 2595 2520 2603 2530 2590 2503 2601 2528 2605 2532 2574 2522 2575 2533 2605 2532 2575 2533 2576 2534 2605 2532 2576 2534 2577 2535 2605 2532 2577 2535 2578 2505 2605 2532 2578 2505 2591 2504 2605 2532 2596 2521 2574 2522 2605 2532 2604 2531 2595 2520 2605 2532 2591 2504 2604 2531 2605 2532 2595 2520 2596 2521 2607 2536 2606 2537 2612 2538 2617 2539 2607 2536 2612 2538 2616 2540 2608 2541 2607 2536 2616 2540 2607 2536 2617 2539 2615 2542 2609 2543 2608 2541 2615 2542 2608 2541 2616 2540 2610 2544 2609 2543 2615 2542 2614 2545 2610 2544 2615 2542 2611 2546 2610 2544 2614 2545 2613 2547 2611 2546 2614 2545 2619 2548 2618 2549 2635 2550 2634 2551 2619 2548 2635 2550 2620 2552 2619 2548 2634 2551 2633 2553 2620 2552 2634 2551 2621 2554 2620 2552 2633 2553 2632 2555 2621 2554 2633 2553 2622 2556 2621 2554 2632 2555 2631 2557 2622 2556 2632 2555 2623 2558 2622 2556 2631 2557 2630 2559 2623 2558 2631 2557 2624 2560 2630 2559 2629 2561 2624 2560 2623 2558 2630 2559 2625 2562 2629 2561 2628 2563 2625 2562 2624 2560 2629 2561 2626 2564 2625 2562 2628 2563 2627 2565 2626 2564 2628 2563 2648 2566 2639 2567 2638 2568 2648 2566 2638 2568 2644 2569 2647 2570 2640 2571 2639 2567 2647 2570 2639 2567 2648 2566 2646 2572 2641 2573 2640 2571 2646 2572 2640 2571 2647 2570 2645 2574 2642 2575 2641 2573 2645 2574 2641 2573 2646 2572 2636 2576 2643 2577 2642 2575 2636 2576 2637 2578 2643 2577 2636 2576 2642 2575 2645 2574 2655 2579 2657 2580 2656 2581 2658 2582 2655 2579 2654 2583 2658 2582 2657 2580 2655 2579 2653 2584 2658 2582 2654 2583 2659 2585 2658 2582 2653 2584 2652 2586 2659 2585 2653 2584 2660 2587 2659 2585 2652 2586 2651 2588 2661 2589 2660 2587 2651 2588 2660 2587 2652 2586 2650 2590 2661 2589 2651 2588 2662 2591 2661 2589 2650 2590 2649 2592 2662 2591 2650 2590 2676 2593 2664 2594 2663 2595 2665 2596 2664 2594 2676 2593 2675 2597 2665 2596 2676 2593 2674 2598 2666 2599 2665 2596 2674 2598 2665 2596 2675 2597 2673 2600 2667 2601 2666 2599 2673 2600 2666 2599 2674 2598 2668 2602 2667 2601 2673 2600 2672 2603 2668 2602 2673 2600 2669 2604 2668 2602 2672 2603 2671 2605 2670 2606 2669 2604 2671 2605 2669 2604 2672 2603 2680 2607 2709 2608 2708 2609 2681 2610 2708 2609 2707 2611 2681 2610 2680 2607 2708 2609 2679 2612 2710 2613 2709 2608 2679 2612 2709 2608 2680 2607 2682 2614 2706 2615 2705 2616 2682 2614 2707 2611 2706 2615 2682 2614 2681 2610 2707 2611 2683 2617 2705 2616 2703 2618 2683 2617 2682 2614 2705 2616 2678 2619 2711 2620 2710 2613 2678 2619 2710 2613 2679 2612 2684 2621 2683 2617 2703 2618 2677 2622 2712 2623 2711 2620 2677 2622 2711 2620 2678 2619 2704 2624 2684 2621 2703 2618 2686 2625 2684 2621 2704 2624 2685 2626 2704 2624 2702 2627 2685 2626 2686 2625 2704 2624 2701 2628 2685 2626 2702 2627 2687 2629 2701 2628 2700 2630 2687 2629 2685 2626 2701 2628 2699 2631 2687 2629 2700 2630 2688 2632 2687 2629 2699 2631 2698 2633 2688 2632 2699 2631 2689 2634 2688 2632 2698 2633 2690 2635 2689 2634 2698 2633 2697 2636 2690 2635 2698 2633 2691 2637 2690 2635 2697 2636 2696 2638 2691 2637 2697 2636 2696 2638 2692 2639 2691 2637 2693 2640 2692 2639 2696 2638 2695 2641 2694 2642 2693 2640 2695 2641 2693 2640 2696 2638 2716 2643 2722 2644 2721 2645 2716 2643 2721 2645 2717 2646 2715 2647 2722 2644 2716 2643 2723 2648 2722 2644 2715 2647 2714 2649 2723 2648 2715 2647 2720 2650 2723 2648 2714 2649 2713 2651 2720 2650 2714 2649 2719 2652 2720 2650 2713 2651 2718 2653 2719 2652 2713 2651 2734 2654 2728 2655 2727 2656 2734 2654 2727 2656 2731 2657 2733 2658 2729 2659 2728 2655 2733 2658 2728 2655 2734 2654 2730 2660 2729 2659 2733 2658 2732 2661 2726 2662 2730 2660 2732 2661 2730 2660 2733 2658 2724 2663 2725 2664 2726 2662 2724 2663 2726 2662 2732 2661 2758 2665 2737 2666 2736 2667 2758 2665 2738 2668 2737 2666 2758 2665 2756 2669 2755 2670 2758 2665 2755 2670 2738 2668 2759 2671 2758 2665 2736 2667 2760 2672 2736 2667 2735 2673 2760 2672 2743 2674 2742 2675 2760 2672 2735 2673 2743 2674 2760 2672 2759 2671 2736 2667 2761 2676 2759 2671 2760 2672 2762 2677 2758 2665 2759 2671 2762 2677 2756 2669 2758 2665 2763 2678 2762 2677 2759 2671 2763 2678 2759 2671 2761 2676 2764 2679 2761 2676 2760 2672 2765 2680 2761 2676 2764 2679 2765 2680 2763 2678 2761 2676 2766 2681 2751 2682 2752 2683 2766 2681 2752 2683 2753 2684 2766 2681 2753 2684 2754 2685 2766 2681 2754 2685 2767 2686 2768 2687 2766 2681 2767 2686 2769 2688 2747 2689 2748 2690 2769 2688 2766 2681 2768 2687 2770 2691 2749 2692 2750 2693 2770 2691 2750 2693 2751 2682 2770 2691 2751 2682 2766 2681 2770 2691 2766 2681 2769 2688 2771 2694 2748 2690 2749 2692 2771 2694 2749 2692 2770 2691 2771 2694 2769 2688 2748 2690 2771 2694 2770 2691 2769 2688 2772 2695 2742 2675 2741 2696 2772 2695 2764 2679 2760 2672 2772 2695 2760 2672 2742 2675 2773 2697 2740 2698 2739 2699 2773 2697 2741 2696 2740 2698 2773 2697 2772 2695 2741 2696 2774 2700 2773 2697 2739 2699 2774 2700 2772 2695 2773 2697 2775 2701 2757 2702 2756 2669 2775 2701 2762 2677 2763 2678 2775 2701 2765 2680 2776 2703 2775 2701 2763 2678 2765 2680 2775 2701 2756 2669 2762 2677 2777 2704 2765 2680 2764 2679 2777 2704 2776 2703 2765 2680 2777 2704 2764 2679 2772 2695 2777 2704 2772 2695 2774 2700 2778 2705 2757 2702 2775 2701 2778 2705 2775 2701 2776 2703 2779 2706 2777 2704 2774 2700 2779 2706 2776 2703 2777 2704 2779 2706 2774 2700 2739 2699 2780 2707 2778 2705 2776 2703 2780 2707 2754 2685 2757 2702 2780 2707 2767 2686 2754 2685 2780 2707 2757 2702 2778 2705 2780 2707 2776 2703 2768 2687 2780 2707 2768 2687 2767 2686 2781 2708 2779 2706 2739 2699 2781 2708 2776 2703 2779 2706 2781 2708 2739 2699 2744 2709 2782 2710 2768 2687 2776 2703 2782 2710 2769 2688 2768 2687 2783 2711 2782 2710 2776 2703 2783 2711 2781 2708 2744 2709 2783 2711 2776 2703 2781 2708 2784 2712 2746 2713 2747 2689 2784 2712 2769 2688 2782 2710 2784 2712 2782 2710 2783 2711 2784 2712 2747 2689 2769 2688 2784 2712 2783 2711 2744 2709 2785 2714 2744 2709 2745 2715 2785 2714 2745 2715 2746 2713 2785 2714 2746 2713 2784 2712 2785 2714 2784 2712 2744 2709 2787 2716 2789 2717 2786 2718 2788 2719 2789 2717 2787 2716 2801 2720 2806 2721 2805 2722 2801 2720 2807 2723 2806 2721 2801 2720 2800 2724 2807 2723 2791 2725 2803 2726 2790 2727 2798 2728 2799 2729 2802 2730 2797 2731 2798 2728 2802 2730 2796 2732 2797 2731 2802 2730 2793 2733 2794 2734 2792 2735 2808 2736 2804 2737 2803 2726 2808 2736 2805 2722 2804 2737 2808 2736 2801 2720 2805 2722 2808 2736 2803 2726 2791 2725 2809 2738 2802 2730 2801 2720 2809 2738 2808 2736 2791 2725 2809 2738 2801 2720 2808 2736 2810 2739 2795 2740 2796 2732 2810 2739 2802 2730 2809 2738 2810 2739 2796 2732 2802 2730 2811 2741 2791 2725 2792 2735 2811 2741 2794 2734 2795 2740 2811 2741 2795 2740 2810 2739 2811 2741 2809 2738 2791 2725 2811 2741 2810 2739 2809 2738 2811 2741 2792 2735 2794 2734 2835 2742 2829 2743 2828 2744 2835 2742 2836 2745 2829 2743 2837 2746 2812 2747 2813 2748 2837 2746 2828 2744 2827 2749 2837 2746 2827 2749 2834 2750 2837 2746 2834 2750 2812 2747 2837 2746 2835 2742 2828 2744 2838 2751 2835 2742 2837 2746 2838 2751 2837 2746 2813 2748 2838 2751 2839 2752 2836 2745 2838 2751 2836 2745 2835 2742 2840 2753 2814 2754 2815 2755 2840 2753 2815 2755 2816 2756 2840 2753 2816 2756 2817 2757 2840 2753 2817 2757 2818 2758 2841 2759 2832 2760 2831 2761 2841 2759 2833 2762 2832 2760 2841 2759 2826 2763 2833 2762 2842 2764 2823 2765 2824 2766 2842 2764 2824 2766 2825 2767 2842 2764 2825 2767 2826 2763 2842 2764 2841 2759 2843 2768 2842 2764 2826 2763 2841 2759 2844 2769 2822 2770 2823 2765 2844 2769 2823 2765 2842 2764 2844 2769 2842 2764 2843 2768 2845 2771 2813 2748 2814 2754 2845 2771 2838 2751 2813 2748 2845 2771 2839 2752 2838 2751 2846 2772 2814 2754 2840 2753 2846 2772 2847 2773 2839 2752 2846 2772 2845 2771 2814 2754 2846 2772 2839 2752 2845 2771 2848 2774 2830 2775 2829 2743 2848 2774 2831 2761 2830 2775 2848 2774 2841 2759 2831 2761 2848 2774 2829 2743 2836 2745 2849 2776 2848 2774 2836 2745 2849 2776 2841 2759 2848 2774 2850 2777 2841 2759 2849 2776 2850 2777 2843 2768 2841 2759 2850 2777 2851 2778 2843 2768 2852 2779 2836 2745 2839 2752 2852 2779 2839 2752 2847 2773 2852 2779 2847 2773 2851 2778 2852 2779 2849 2776 2836 2745 2852 2779 2850 2777 2849 2776 2852 2779 2851 2778 2850 2777 2853 2780 2843 2768 2851 2778 2853 2780 2851 2778 2847 2773 2853 2780 2844 2769 2843 2768 2854 2781 2819 2782 2820 2783 2854 2781 2820 2783 2821 2784 2854 2781 2821 2784 2822 2770 2854 2781 2822 2770 2844 2769 2854 2781 2844 2769 2853 2780 2855 2785 2854 2781 2853 2780 2855 2785 2818 2758 2819 2782 2855 2785 2846 2772 2840 2753 2855 2785 2853 2780 2847 2773 2855 2785 2819 2782 2854 2781 2855 2785 2840 2753 2818 2758 2855 2785 2847 2773 2846 2772 2862 2786 2857 2787 2856 2788 2862 2786 2856 2788 2861 2789 2863 2790 2860 2791 2859 2792 2863 2790 2861 2789 2860 2791 2863 2790 2862 2786 2861 2789 2864 2793 2858 2794 2857 2787 2864 2793 2859 2792 2858 2794 2864 2793 2857 2787 2862 2786 2864 2793 2863 2790 2859 2792 2864 2793 2862 2786 2863 2790</p>
        </triangles>
      </mesh>
    </geometry>
  </library_geometries>
  <library_visual_scenes>
    <visual_scene id="Scene" name="Scene">
      <node id="left_thumb_intermediate" name="left_thumb_intermediate" type="NODE">
        <matrix sid="transform">1 0 0 0 0 1 0 0 0 0 1 0 0 0 0 1</matrix>
        <instance_geometry url="#¾µв3_3_1-mesh" name="left_thumb_intermediate">
          <bind_material>
            <technique_common>
              <instance_material symbol="white_plastic-material" target="#white_plastic-material"/>
              <instance_material symbol="black_plastic-material" target="#black_plastic-material"/>
            </technique_common>
          </bind_material>
        </instance_geometry>
      </node>
    </visual_scene>
  </library_visual_scenes>
  <scene>
    <instance_visual_scene url="#Scene"/>
  </scene>
</COLLADA>