<?xml version="1.0" encoding="utf-8"?>
<COLLADA xmlns="http://www.collada.org/2005/11/COLLADASchema" version="1.4.1" xmlns:xsi="http://www.w3.org/2001/XMLSchema-instance">
  <asset>
    <contributor>
      <author>Blender User</author>
      <authoring_tool>Blender 3.0.1</authoring_tool>
    </contributor>
    <created>2025-08-11T13:02:22</created>
    <modified>2025-08-11T13:02:22</modified>
    <unit name="meter" meter="1"/>
    <up_axis>Z_UP</up_axis>
  </asset>
  <library_effects>
    <effect id="white_plastic-effect">
      <profile_COMMON>
        <technique sid="common">
          <lambert>
            <emission>
              <color sid="emission">0 0 0 1</color>
            </emission>
            <diffuse>
              <color sid="diffuse">1 1 1 1</color>
            </diffuse>
            <reflectivity>
              <float sid="specular">0.2</float>
            </reflectivity>
            <index_of_refraction>
              <float sid="ior">1.45</float>
            </index_of_refraction>
          </lambert>
        </technique>
      </profile_COMMON>
    </effect>
    <effect id="metal-effect">
      <profile_COMMON>
        <technique sid="common">
          <lambert>
            <emission>
              <color sid="emission">0 0 0 1</color>
            </emission>
            <diffuse>
              <color sid="diffuse">0.7 0.7 0.7 1</color>
            </diffuse>
            <reflectivity>
              <float sid="specular">0.8</float>
            </reflectivity>
            <index_of_refraction>
              <float sid="ior">1.45</float>
            </index_of_refraction>
          </lambert>
        </technique>
      </profile_COMMON>
    </effect>
    <effect id="black_plastic-effect">
      <profile_COMMON>
        <technique sid="common">
          <lambert>
            <emission>
              <color sid="emission">0 0 0 1</color>
            </emission>
            <diffuse>
              <color sid="diffuse">0.01434867 0.01434867 0.01434867 1</color>
            </diffuse>
            <reflectivity>
              <float sid="specular">0.2</float>
            </reflectivity>
            <index_of_refraction>
              <float sid="ior">1.45</float>
            </index_of_refraction>
          </lambert>
        </technique>
      </profile_COMMON>
    </effect>
  </library_effects>
  <library_images/>
  <library_materials>
    <material id="white_plastic-material" name="white_plastic">
      <instance_effect url="#white_plastic-effect"/>
    </material>
    <material id="metal-material" name="metal">
      <instance_effect url="#metal-effect"/>
    </material>
    <material id="black_plastic-material" name="black_plastic">
      <instance_effect url="#black_plastic-effect"/>
    </material>
  </library_materials>
  <library_geometries>
    <geometry id="middle_intermediate-mesh" name="middle_intermediate">
      <mesh>
        <source id="middle_intermediate-mesh-positions">
          <float_array id="middle_intermediate-mesh-positions-array" count="15663">0.01038092 0.005011618 -0.004097223 0.01038509 0.0050112 -0.004132151 0.01038414 0.005010426 -0.004167318 0.01038414 0.004989504 -0.004167318 0.01038509 0.004988789 -0.004132211 0.01038092 0.004988312 -0.004097223 0.01038122 0.004999995 -0.004097163 0.01038122 0.004999995 -0.004097163 0.01038414 0.004989504 -0.004167318 0.01038414 0.005010426 -0.004167318 0.009045064 0.005010426 -0.01622116 0.009045064 0.004989504 -0.01622116 0.009045064 0.005010426 -0.01622116 0.01038414 0.005010426 -0.004167318 0.008453667 0.005010426 -0.02096647 0.007645666 0.005010426 -0.02663689 0.007594525 0.005999445 -0.02662432 0.01032942 0.005999684 -0.004188179 0.008868575 0.00601828 -0.01723635 0.01032942 0.005999684 -0.004188179 0.01019096 0.006911575 -0.004121005 0.009969472 0.007778108 -0.003971338 0.008418202 0.00778079 -0.01785695 0.007188856 0.007778048 -0.02672731 0.007590413 0.005999445 -0.02664804 0.007594525 0.005999445 -0.02662432 0.008868575 0.00601828 -0.01723635 0.007912814 0.006889283 -0.02358138 0.006105065 0.007741987 -0.03030294 0.006250083 0.006881594 -0.03056669 0.006327331 0.005968034 -0.0307461 0.007590413 0.005999445 -0.02664804 0.007116913 0.005972027 -0.02874809 0.006732761 0.005940735 -0.02989268 0.007188856 0.007778048 -0.02672731 0.006730079 0.007772684 -0.02866578 0.003156542 0.01027435 -0.0262193 0.003898143 0.0101093 -0.02726179 0.005097389 0.009780526 -0.02667713 0.005824506 0.009439349 -0.02676975 0.00642389 0.009006619 -0.02679949 0.006811618 0.008562028 -0.0267843 0.007023334 0.00818938 -0.02675783 0.007188856 0.007778048 -0.02672731 0.006730079 0.007772684 -0.02866578 0.006105065 0.007741987 -0.03030294 0.004826843 0.009739995 -0.02848905 0.005256175 0.009425818 -0.02906793 0.005633473 0.008985757 -0.02958995 0.005876779 0.008519709 -0.02994191 0.006005585 0.008141636 -0.03013992 0.00613296 0.009004473 -0.02810227 0.004986226 0.01018488 -0.01754081 0.004027247 0.01021116 -0.02178663 0.002841413 0.01033258 -0.02566146 0.008418202 0.00778079 -0.01785695 0.008200347 0.008299827 -0.01783132 0.007854163 0.008776247 -0.01779282 0.007410049 0.009177088 -0.01774567 0.00686866 0.00952661 -0.01769179 0.005944132 0.009931147 -0.01761025 0.007188856 0.007778048 -0.02672731 0.003156542 0.01027435 -0.0262193 0.005097389 0.009780526 -0.02667713 0.005824506 0.009439349 -0.02676975 0.00642389 0.009006619 -0.02679949 0.006811618 0.008562028 -0.0267843 0.007023334 0.00818938 -0.02675783 0.006386101 0.009183406 -0.02576702 0.006063222 0.009402334 -0.02569049 0.006082653 0.009445846 -0.02503639 0.005836665 0.009574532 -0.02495986 0.005480349 0.009730219 -0.02484554 0.007050573 0.009283483 -0.01954311 0.00666821 0.00951755 -0.01943099 0.00660187 0.009498775 -0.02029627 0.006275236 0.00966221 -0.02018237 0.00627315 0.00971055 -0.01931953 0.005963504 0.009792923 -0.02007484 0.005637943 0.009908497 -0.01996219 0.005116403 0.01005816 -0.01977837 0.006891071 0.00855273 -0.02637887 0.007087171 0.008500695 -0.02539402 0.006890356 0.009094595 -0.02308231 0.007743179 0.008457541 -0.02081549 0.005712926 0.009760141 -0.02255278 0.007913291 0.008558332 -0.01882576 0.008011996 0.008472561 -0.01850563 0.002248644 0.01042538 -0.02105504 0.002142548 0.01043206 -0.02314603 0.002367556 0.01040709 -0.02443724 0.002574861 0.01037764 -0.02506226 0.002841413 0.01033258 -0.02566146 0.004986226 0.01018488 -0.01754081 0.004027247 0.01021116 -0.02178663 0.002699315 0.01044547 -0.01753079 8.74385e-4 0.01081365 -0.0073089 0.001598715 0.01086318 -0.007881104 0.002195417 0.01084393 -0.008613228 0.002647697 0.0107944 -0.009458601 0.002964913 0.01073461 -0.01036709 0.003203034 0.01065778 -0.01162075 0.003245174 0.01058989 -0.01295512 0.003119468 0.0105381 -0.01428067 6.64935e-4 0.0107842 -0.007169187 7.75047e-4 0.0109812 -0.004578888 0.003181874 0.01128655 -0.002590537 0.002515375 0.01121711 -0.003474533 0.00184518 0.0111373 -0.004179239 0.001458227 0.01108258 -0.004493474 0.001319408 0.01106178 -0.004573822 0.001193225 0.01104253 -0.00462687 0.001087009 0.0110262 -0.004652619 0.001018404 0.01101577 -0.004657924 9.49539e-4 0.01100552 -0.004652619 8.58031e-4 0.01099234 -0.004625916 0.005027234 0.0111165 -0.002782642 0.006537795 0.01079934 -0.002846837 0.004986226 0.01018488 -0.01754081 0.005706846 0.01029872 -0.0128076 0.006256461 0.01052385 -0.007464885 0.002699315 0.01044547 -0.01753079 -0.004265606 0.007139265 -0.004072844 -0.00419557 0.007139682 -0.002062022 -0.00390613 0.007782936 -0.001983225 -0.003875613 0.007867455 -0.002340376 -0.003777205 0.008049964 -0.002608656 -0.003788471 0.008033931 -0.002642095 -0.003798365 0.008019089 -0.002660453 -0.003812968 0.007995963 -0.002669751 -0.003823161 0.007978558 -0.00265938 -0.003831803 0.00796312 -0.002640426 -0.003840982 0.007945656 -0.002606809 -0.003862023 0.007901012 -0.002475798 -0.003789842 0.008049964 -0.002979218 -0.003739476 0.008139073 -0.003253221 -0.003764033 0.008098304 -0.003184914 -0.003783047 0.008064866 -0.00309652 -0.003788888 0.008054077 -0.003041207 -0.003636896 0.008289098 -0.003332138 -0.0036875 0.008216381 -0.003286123 7.75047e-4 0.0109812 -0.004578888 8.00118e-5 0.0108214 -0.004734218 -6.22347e-4 0.01059377 -0.00476408 -0.001296639 0.01028639 -0.004679739 -0.001922786 0.009914636 -0.00449723 -0.002663433 0.009348988 -0.004133939 -0.003186762 0.008842468 -0.003758549 6.64935e-4 0.0107842 -0.007169187 -0.003890454 0.007929563 -0.004273891 -0.003383755 0.008616507 -0.004571259 -0.002589166 0.009387969 -0.005058705 -0.001585602 0.01007527 -0.005692958 -5.0655e-4 0.01054209 -0.006391823 7.48113e-5 0.01068818 -0.00677514 -0.004534602 0.00588274 -0.003974199 -0.004473447 0.005888223 -0.00223273 -0.004471719 0.005888283 -0.00219649 -0.00419557 0.007139682 -0.002062022 -0.004265606 0.007139265 -0.004072844 -0.004435241 0.00589025 -0.001543819 -0.004479765 0.005010426 -0.001513183 -0.004471719 0.005888283 -0.00219649 -0.004471719 0.005888283 -0.00219649 -0.004473447 0.005888223 -0.00223273 -0.004519581 0.005010426 -0.00222826 -0.004519581 0.005010426 -0.00222826 -0.00419557 0.007139682 -0.002062022 -0.004160881 0.0071401 -0.001450002 -0.004471719 0.005888283 -0.00219649 -0.004435241 0.00589025 -0.001543819 -0.004328906 0.006551384 -0.001518905 -0.00419557 0.007139682 -0.002062022 -0.00390613 0.007782936 -0.001983225 -0.004160881 0.0071401 -0.001450002 -0.003961324 0.007604897 -0.001352965 -0.003952324 0.007638037 -0.001458466 0.003185272 0.01128691 -0.002585053 0.003181874 0.01128655 -0.002590537 0.005027234 0.0111165 -0.002782642 0.006537795 0.01079934 -0.002846837 0.006575822 0.01092404 -0.001243174 0.006052851 0.01106423 -9.62228e-4 0.005768418 0.01112216 -8.8989e-4 0.005588352 0.01115304 -8.78014e-4 0.00526601 0.01119869 -9.1929e-4 0.004897654 0.01123869 -0.001043319 0.004548907 0.01126742 -0.001215159 0.004020571 0.01129662 -0.001572787 0.003561556 0.0113058 -0.00203073 0.008512496 0.009856343 -0.002793133 0.007712841 0.01040816 -0.002164423 0.007592856 0.01047831 -0.002066314 0.007506728 0.01052969 -0.001967132 0.006537795 0.01079934 -0.002846837 0.007508158 0.01043057 -0.00283724 0.006575822 0.01092404 -0.001243174 0.009969472 0.007778108 -0.003971338 0.008418202 0.00778079 -0.01785695 0.008200347 0.008299827 -0.01783132 0.007854163 0.008776247 -0.01779282 0.007410049 0.009177088 -0.01774567 0.00686866 0.00952661 -0.01769179 0.005944132 0.009931147 -0.01761025 0.004986226 0.01018488 -0.01754081 0.005706846 0.01029872 -0.0128076 0.006256461 0.01052385 -0.007464885 0.006537795 0.01079934 -0.002846837 0.007508158 0.01043057 -0.00283724 0.008512496 0.009856343 -0.002793133 0.009668707 0.008532881 -0.003744184 0.009275257 0.009126901 -0.003427982 0.00890845 0.00951904 -0.003124296 0.007834553 0.008995711 -0.0161907 0.007459044 0.00929445 -0.01618069 0.007075965 0.009536266 -0.01616877 0.007546365 0.00931704 -0.01535898 0.007212519 0.009530842 -0.01535654 0.006892144 0.009703397 -0.0153535 0.008559107 0.008888006 -0.01151508 0.008579313 0.009539902 -0.005737602 0.008351206 0.009468615 -0.008268713 0.007685899 0.009924173 -0.008010506 0.009004533 0.009229362 -0.005062937 0.008203625 0.009822785 -0.005592405 0.008594214 0.009611964 -0.004852592 0.007856965 0.01004737 -0.005396068 0.007610201 0.01019161 -0.005211412 0.008226752 0.009891927 -0.004614174 0.007246434 0.009702622 -0.01326197 0.007255434 0.009793519 -0.01217818 0.007411301 0.009833991 -0.01077926 0.009323358 0.008707165 -0.00606215 0.007590413 0.005999445 -0.02664804 0.007116913 0.005972027 -0.02874809 0.006732761 0.005940735 -0.02989268 0.006327331 0.005968034 -0.0307461 0.007594525 0.005999445 -0.02662432 0.007645666 0.005010426 -0.02663689 0.007276058 0.005010426 -0.02836191 0.006335616 0.005010426 -0.03084033 0.00688529 0.005010426 -0.02963316 -0.004519581 0.005010426 -0.00222826 -0.004581034 0.005010426 -0.004000604 -0.004473447 0.005888223 -0.00223273 -0.004534602 0.00588274 -0.003974199 0.007686257 0.006315529 -0.001599252 0.007686257 0.006315529 -0.001599252 0.007626831 0.006316542 -0.001546382 0.00766474 0.006739616 -0.001610934 0.007547616 0.01035934 -0.001770317 0.008522033 0.009704887 -0.002605795 0.009101152 0.009180843 -0.003108739 0.009541988 0.008594572 -0.003486394 0.009750008 0.008176326 -0.003656804 0.009911179 0.007725775 -0.003780484 0.01012718 0.006882667 -0.003929674 0.01026278 0.005994379 -0.003996849 0.01031732 0.005010426 -0.003976047 0.007732093 0.005010426 -0.001545011 0.007732093 0.005010426 -0.001545011 0.007588326 0.008239507 -0.001652181 0.006573617 0.008239507 -8.3416e-4 0.00609076 0.008239507 -5.83623e-4 0.005812346 0.008239507 -5.07921e-4 0.005528628 0.008239507 -4.85308e-4 0.005242586 0.008239507 -5.13859e-4 0.004886209 0.008239507 -6.13514e-4 0.004621922 0.008239507 -7.24126e-4 0.004361331 0.008239507 -8.57346e-4 0.00443226 0.01107949 -0.001003682 0.004804491 0.01105028 -8.17142e-4 0.005129218 0.01101833 -7.01755e-4 0.005520403 0.01097053 -6.4116e-4 0.005850553 0.0109204 -6.71595e-4 0.006057441 0.01088273 -7.30235e-4 0.006266772 0.01083785 -8.20838e-4 0.006629824 0.01074171 -0.00103867 0.007547616 0.01035934 -0.001770317 0.00766474 0.006739616 -0.001610934 0.003005027 0.01109832 -0.002447307 0.003398597 0.01111686 -0.001868903 0.003878712 0.01110816 -0.001383602 0.00443226 0.01107949 -0.001003682 0.004361331 0.008239507 -8.57346e-4 0.003784298 0.008239507 -0.001251578 0.003281235 0.008239507 -0.001759648 0.002876639 0.008239507 -0.002356708 7.44112e-4 0.01079529 -0.004354357 0.001545786 0.01093238 -0.003983676 0.002257823 0.01101535 -0.00342828 0.00266236 0.01105761 -0.002970397 0.003005027 0.01109832 -0.002447307 -0.003302574 0.008239507 -0.003226161 -0.002365767 0.009279191 -0.003988802 -0.001505196 0.009926617 -0.004372119 -6.87458e-4 0.01036167 -0.004527866 3.7998e-5 0.0106225 -0.004511713 3.91692e-4 0.01071596 -0.004450917 0.002876639 0.008239507 -0.002356708 0.002419531 0.008239507 -0.003024041 0.001807093 0.008239507 -0.003615617 0.001053512 0.008239507 -0.004073321 1.97127e-4 0.008239507 -0.00434637 -7.04303e-4 0.008239507 -0.004405081 -0.001585304 0.008239507 -0.004250049 -0.002388119 0.008239507 -0.003910601 -0.002877175 0.008239507 -0.003592133 0.007686257 0.003684461 -0.001599252 0.007686257 0.003684461 -0.001599252 0.007626831 0.003683447 -0.001546382 0.00766474 0.003260314 -0.001610934 0.007547616 -3.59338e-4 -0.001770317 0.008522033 2.95083e-4 -0.002605795 0.009911179 0.002274215 -0.003780484 0.009624063 0.001553118 -0.003554761 0.00925374 9.94116e-4 -0.003240585 0.008903801 6.20275e-4 -0.002937376 0.01026278 0.00400567 -0.003996849 0.01012718 0.003117322 -0.003929674 0.01031732 0.004989504 -0.003976047 0.007732093 0.004989504 -0.001545011 0.007732093 0.004989504 -0.001545011 0.004361331 0.001760423 -8.57346e-4 0.00443226 -0.00107944 -0.001003682 0.006629824 -7.41726e-4 -0.00103867 0.006074666 -8.79304e-4 -7.36527e-4 0.005753099 -9.36332e-4 -6.54392e-4 0.005548775 -9.66624e-4 -6.40549e-4 0.005189418 -0.001011669 -6.86482e-4 0.004794239 -0.001051187 -8.21613e-4 0.007547616 -3.59338e-4 -0.001770317 0.007547616 -3.59338e-4 -0.001770317 0.00766474 0.003260314 -0.001610934 0.007588326 0.001760423 -0.001652181 0.007588326 0.001760423 -0.001652181 0.004909515 0.001760423 -6.05162e-4 0.005367219 0.001760423 -4.95266e-4 0.005749523 0.001760423 -4.98362e-4 0.006029367 0.001760423 -5.6212e-4 0.006407856 0.001760423 -7.33279e-4 0.006830096 0.001760423 -0.001014828 0.01032942 0.004000246 -0.004188179 0.01038414 0.004989504 -0.004167318 0.009045064 0.004989504 -0.01622116 0.008453667 0.004989504 -0.02096647 0.007645666 0.004989504 -0.02663689 0.007594525 0.004000484 -0.02662432 0.008868575 0.003981709 -0.01723635 0.009969472 0.002221882 -0.003971338 0.008418202 0.0022192 -0.01785695 0.007188856 0.002221882 -0.02672731 0.007590413 0.004000544 -0.02664804 0.007594525 0.004000484 -0.02662432 0.01032942 0.004000246 -0.004188179 0.008868575 0.003981709 -0.01723635 0.01019096 0.003088355 -0.004121005 0.007912814 0.003110647 -0.02358138 0.007590413 0.004000544 -0.02664804 0.007116913 0.004027962 -0.02874809 0.006732761 0.004059195 -0.02989268 0.006327331 0.004031956 -0.0307461 0.007188856 0.002221882 -0.02672731 0.006730079 0.002227246 -0.02866584 0.006105065 0.002257943 -0.03030294 0.006250083 0.003118455 -0.03056669 0.006105065 0.002257943 -0.03030294 0.005919814 0.001592636 -0.03000682 0.005696058 0.001113772 -0.02967876 0.005431115 7.50913e-4 -0.02930766 0.005126774 4.64549e-4 -0.02889215 0.004528045 1.0799e-4 -0.02809154 0.003898143 -1.0932e-4 -0.02726179 0.003156542 -2.7437e-4 -0.0262193 0.005097389 2.19487e-4 -0.02667713 0.005824506 5.6062e-4 -0.02676975 0.00642389 9.93373e-4 -0.02679949 0.006811618 0.001437962 -0.0267843 0.007023334 0.00181061 -0.02675783 0.007188856 0.002221882 -0.02672731 0.006730079 0.002227246 -0.02866584 0.006190776 0.001088678 -0.02823835 0.006217539 0.001440286 -0.02904975 0.003156542 -2.7437e-4 -0.0262193 0.002841413 -3.3258e-4 -0.02566146 0.004986226 -1.84869e-4 -0.01754081 0.004027247 -2.11153e-4 -0.02178663 0.008418202 0.0022192 -0.01785695 0.008200347 0.001700103 -0.01783132 0.007854163 0.001223683 -0.01779282 0.007410049 8.22879e-4 -0.01774567 0.00686866 4.73399e-4 -0.01769179 0.005944132 6.88643e-5 -0.01761025 0.007188856 0.002221882 -0.02672731 0.005097389 2.19487e-4 -0.02667713 0.005824506 5.6062e-4 -0.02676975 0.00642389 9.93373e-4 -0.02679949 0.006811618 0.001437962 -0.0267843 0.007023334 0.00181061 -0.02675783 0.006386101 8.1658e-4 -0.02576702 0.006063222 5.97665e-4 -0.02569049 0.006082653 5.54144e-4 -0.02503639 0.005836665 4.25476e-4 -0.02495986 0.005480349 2.69786e-4 -0.02484554 0.007050573 7.16488e-4 -0.01954311 0.00666821 4.82467e-4 -0.01943099 0.00660187 5.01222e-4 -0.02029627 0.006275236 3.37783e-4 -0.02018237 0.00627315 2.89425e-4 -0.01931953 0.005963504 2.07044e-4 -0.02007484 0.005637943 9.15108e-5 -0.01996219 0.005116403 -5.81555e-5 -0.01977837 0.006891071 0.00144726 -0.02637887 0.007087171 0.001499295 -0.02539402 0.006890356 9.05416e-4 -0.02308231 0.007743179 0.001542389 -0.02081549 0.005712926 2.39861e-4 -0.02255278 0.007913291 0.001441657 -0.01882576 0.008011996 0.001527428 -0.01850563 0.004986226 -1.84869e-4 -0.01754081 0.004027247 -2.11153e-4 -0.02178663 0.002841413 -3.3258e-4 -0.02566146 0.002699315 -4.45506e-4 -0.01753079 0.002248644 -4.25392e-4 -0.02105504 0.002528607 -3.84672e-4 -0.024939 0.002301871 -4.15237e-4 -0.02418208 0.002123355 -4.33602e-4 -0.0226224 0.002699315 -4.45506e-4 -0.01753079 0.003119468 -5.38093e-4 -0.01428067 0.003232538 -6.39555e-4 -0.01194834 0.002884626 -7.5244e-4 -0.01009529 0.00231111 -8.34283e-4 -0.008798182 0.001677036 -8.63634e-4 -0.00796014 0.001293361 -8.5231e-4 -0.007612228 8.74385e-4 -8.13635e-4 -0.0073089 6.64935e-4 -7.84221e-4 -0.007169187 7.75054e-4 -9.81225e-4 -0.004578888 8.72016e-4 -9.94312e-4 -0.004631638 9.5845e-4 -0.001006782 -0.00465399 0.001040816 -0.00101912 -0.004657268 0.001122355 -0.001031637 -0.004646241 0.001227617 -0.00104779 -0.004614591 0.001376271 -0.00107038 -0.004543364 0.001771748 -0.001127243 -0.004248142 0.002136647 -0.00117737 -0.00385189 0.002705037 -0.001235902 -0.003260374 0.003181815 -0.001286506 -0.002590477 0.005027174 -0.001116454 -0.002782642 0.006537795 -7.99357e-4 -0.002846837 0.004986226 -1.84869e-4 -0.01754081 0.005706846 -2.98733e-4 -0.0128076 0.006256461 -5.23877e-4 -0.007464885 6.64935e-4 -7.84221e-4 -0.007169187 -9.26711e-4 -3.91621e-4 -0.006117761 -0.002260744 3.57722e-4 -0.005264461 -0.003318548 0.001309692 -0.004610598 -0.003864169 0.00202775 -0.004288852 -0.004089653 0.002435982 -0.004163503 -0.004265606 0.002860665 -0.004072844 -0.00419557 0.002860248 -0.002062022 -0.00390613 0.002217054 -0.001983225 -0.003875613 0.002132534 -0.002340376 -0.003852605 0.002078175 -0.002543032 -0.003841519 0.002055346 -0.002604246 -0.003832578 0.00203824 -0.00263822 -0.003823697 0.002022325 -0.002658486 -0.003815472 0.00200814 -0.002668738 -0.003800749 0.001984536 -0.002663493 -0.003789603 0.001967668 -0.002644658 -0.003782629 0.001957535 -0.002626776 -0.003777205 0.001949965 -0.002608656 -0.003789842 0.001949965 -0.002979218 -0.003786683 0.00194168 -0.003067433 -0.003775119 0.001921117 -0.003140568 -0.003758907 0.001892864 -0.003201782 -0.003739476 0.001860916 -0.003253221 -0.003685593 0.001780867 -0.003287494 -0.003636896 0.001710832 -0.003332138 -0.002736151 7.15306e-4 -0.004088342 -0.001711726 -4.99305e-5 -0.004570543 -8.45812e-4 -5.01991e-4 -0.004748523 -3.39746e-5 -7.90033e-4 -0.004747331 7.75054e-4 -9.81225e-4 -0.004578888 -0.004265606 0.002860665 -0.004072844 -0.004534602 0.00411725 -0.003974199 -0.004473447 0.004111766 -0.00223273 -0.004471719 0.004111707 -0.00219649 -0.00419557 0.002860248 -0.002062022 -0.004519581 0.004989504 -0.00222826 -0.004519581 0.004989504 -0.00222826 -0.004479765 0.004989504 -0.001513183 -0.004435241 0.00410968 -0.001543819 -0.004471719 0.004111707 -0.00219649 -0.004471719 0.004111707 -0.00219649 -0.004473447 0.004111766 -0.00223273 -0.004435241 0.00410968 -0.001543819 -0.004328608 0.003448307 -0.001518726 -0.004160881 0.00285989 -0.001450002 -0.00419557 0.002860248 -0.002062022 -0.004471719 0.004111707 -0.00219649 -0.003952324 0.002361893 -0.001458466 -0.00390613 0.002217054 -0.001983225 -0.00419557 0.002860248 -0.002062022 -0.004160881 0.00285989 -0.001450002 -0.003961324 0.002395093 -0.001352965 0.003181815 -0.001286506 -0.002590477 0.005027174 -0.001116454 -0.002782642 0.006537795 -7.99357e-4 -0.002846837 0.006575822 -9.24018e-4 -0.001243233 0.004548907 -0.001267433 -0.001215159 0.005214452 -0.001205027 -9.31933e-4 0.005561888 -0.001157224 -8.78684e-4 0.005809605 -0.001114368 -8.97828e-4 0.006152808 -0.001040697 -0.001005649 0.006412088 -9.72777e-4 -0.001139461 0.003561437 -0.001305758 -0.002030968 0.004020571 -0.001296639 -0.001572787 0.006575822 -9.24018e-4 -0.001243233 0.007506728 -5.29726e-4 -0.001967132 0.007578611 -4.86689e-4 -0.002052068 0.007644355 -4.48364e-4 -0.002111017 0.00801599 -2.1759e-4 -0.002390086 0.008512496 1.43641e-4 -0.002793133 0.006537795 -7.99357e-4 -0.002846837 0.007508158 -4.3057e-4 -0.00283724 0.008512496 1.43641e-4 -0.002793133 0.009114861 6.88967e-4 -0.003295779 0.009581267 0.001309871 -0.003675282 0.009802043 0.001753509 -0.003847122 0.009969472 0.002221882 -0.003971338 0.008418202 0.0022192 -0.01785695 0.008200347 0.001700103 -0.01783132 0.007854163 0.001223683 -0.01779282 0.007410049 8.22879e-4 -0.01774567 0.00686866 4.73399e-4 -0.01769179 0.005944132 6.88643e-5 -0.01761025 0.004986226 -1.84869e-4 -0.01754081 0.005706846 -2.98733e-4 -0.0128076 0.006256461 -5.23877e-4 -0.007464885 0.006537795 -7.99357e-4 -0.002846837 0.007508158 -4.3057e-4 -0.00283724 0.007834553 0.001004278 -0.0161907 0.007459044 7.05567e-4 -0.01618069 0.007075965 4.63732e-4 -0.01616877 0.007546365 6.82954e-4 -0.01535898 0.007212519 4.69131e-4 -0.01535654 0.006892144 2.96617e-4 -0.0153535 0.008559107 0.001111984 -0.01151508 0.008579313 4.60111e-4 -0.005737602 0.008351206 5.31358e-4 -0.008268713 0.007685899 7.5812e-5 -0.008010506 0.009081006 8.54996e-4 -0.005102694 0.008356332 2.86297e-4 -0.00565797 0.008830606 5.97495e-4 -0.004988014 0.008115351 1.17263e-4 -0.005549013 0.008472383 2.89726e-4 -0.004775106 0.007742881 -1.15495e-4 -0.005315423 0.007246434 2.97355e-4 -0.01326197 0.007255434 2.06482e-4 -0.01217818 0.007411301 1.65991e-4 -0.01077926 0.009323358 0.001292824 -0.00606215 0.006335616 0.004989504 -0.03084033 0.006327331 0.004031956 -0.0307461 0.007590413 0.004000544 -0.02664804 0.007116913 0.004027962 -0.02874809 0.006732761 0.004059195 -0.02989268 0.007594525 0.004000484 -0.02662432 0.007645666 0.004989504 -0.02663689 0.007276058 0.004989504 -0.02836191 0.00688529 0.004989504 -0.02963316 0.003005027 -0.001098275 -0.002447307 0.002876639 0.001760423 -0.002356708 0.003281235 0.001760423 -0.001759648 0.003784298 0.001760423 -0.001251578 0.004361331 0.001760423 -8.57346e-4 0.00443226 -0.00107944 -0.001003682 0.003878712 -0.001108109 -0.001383602 0.003398597 -0.001116812 -0.001868903 0.003005027 -0.001098275 -0.002447307 0.002876639 0.001760423 -0.002356708 -0.003302574 0.001760423 -0.003226161 -0.00266534 0.001760423 -0.003741979 -0.001900494 0.001760423 -0.004141092 -0.001039206 0.001760423 -0.004371166 -1.33932e-4 0.001760423 -0.004393637 7.50251e-4 0.001760423 -0.004196465 0.001550197 0.001760423 -0.003799021 0.002218961 0.001760423 -0.003246426 0.002583682 0.001760423 -0.00281471 7.44112e-4 -7.95297e-4 -0.004354357 5.55068e-5 -6.27544e-4 -0.004509508 -6.31168e-4 -3.85953e-4 -0.004531741 -0.001285493 -5.92526e-5 -0.004432618 -0.001888751 3.35161e-4 -0.004231631 -0.00242877 7.77373e-4 -0.003950417 -0.002898097 0.001249492 -0.003611087 0.002399444 -0.001030027 -0.003282964 0.001712977 -9.5422e-4 -0.003875613 0.001242935 -8.87548e-4 -0.004150629 -0.004534602 0.00411725 -0.003974199 -0.004581034 0.004989504 -0.004000604 -0.004519581 0.004989504 -0.00222826 -0.004473447 0.004111766 -0.00223273 0.01031732 0.005010426 -0.003976047 0.01031732 0.004989504 -0.003976047 0.007732093 0.004989504 -0.001545011 0.007732093 0.005010426 -0.001545011 0.006335616 0.005010426 -0.03084033 0.006335616 0.004989504 -0.03084033 0.007276058 0.004989504 -0.02836191 0.00688529 0.004989504 -0.02963316 0.007276058 0.005010426 -0.02836191 0.00688529 0.005010426 -0.02963316 0.007645666 0.004989504 -0.02663689 0.007276058 0.004989504 -0.02836191 0.007645666 0.005010426 -0.02663689 0.007276058 0.005010426 -0.02836191 0.008453667 0.004989504 -0.02096647 0.007645666 0.004989504 -0.02663689 0.008453667 0.005010426 -0.02096647 0.007645666 0.005010426 -0.02663689 0.009045064 0.004989504 -0.01622116 0.008453667 0.004989504 -0.02096647 0.009045064 0.005010426 -0.01622116 0.008453667 0.005010426 -0.02096647 -0.003961324 0.007604897 -0.001352965 -0.003966152 0.007588565 -0.001330316 -0.003971755 0.00756812 -0.001314997 -0.003983259 0.007522583 -0.001295804 -0.00400263 0.007439672 -0.001280605 -0.004029452 0.007320821 -0.001274406 -0.004077196 0.007095098 -0.001282989 -0.004080772 0.007085204 -0.001284718 -0.004160881 0.0071401 -0.001450002 -0.004153907 0.007129251 -0.001396536 -0.004135251 0.007114887 -0.001347959 -0.004111289 0.007100641 -0.001312553 -0.004077196 0.007095098 -0.001282989 -0.004166364 0.005443215 -0.001229584 -0.004166364 0.005443215 -0.001229584 -0.004166364 0.005443215 -0.001229584 -0.004169762 0.005377054 -0.001227378 -0.004169762 0.005377054 -0.001227378 -0.00418508 0.005026042 -0.00121355 -0.00418508 0.005026042 -0.00121355 -0.004185676 0.005010426 -0.001212894 -0.004388928 0.005010426 -0.001348912 -0.004388928 0.005010426 -0.001348912 -0.004388928 0.005010426 -0.001348912 -0.004388928 0.005010426 -0.001348912 -0.004344701 0.005884706 -0.001379191 -0.004344701 0.005884706 -0.001379191 -0.0042423 0.006519913 -0.001354157 -0.0042423 0.006519913 -0.001354157 -0.004080772 0.007085204 -0.001284718 -0.004388928 0.005010426 -0.001348912 -0.004389047 0.004999995 -0.001348674 -0.004185974 0.004999995 -0.001212716 -0.004185736 0.005009472 -0.001212894 -0.004185676 0.005010426 -0.001212894 -0.004344701 0.005884706 -0.001379191 -0.0042423 0.006519913 -0.001354157 -0.004080772 0.007085204 -0.001284718 -0.004435241 0.00589025 -0.001543819 -0.004426002 0.005890071 -0.001492202 -0.00440514 0.005888879 -0.00144416 -0.004378497 0.00588715 -0.001408219 -0.004160881 0.0071401 -0.001450002 -0.004328906 0.006551384 -0.001518905 -0.004153907 0.007129251 -0.001396536 -0.004135251 0.007114887 -0.001347959 -0.004111289 0.007100641 -0.001312553 -0.004388928 0.005010426 -0.001348912 -0.004424512 0.005013942 -0.001380145 -0.004451036 0.005015432 -0.001416981 -0.004464924 0.005015254 -0.001446425 -0.004475116 0.005013525 -0.001480817 -0.004479765 0.005010426 -0.001513183 -0.004435241 0.00589025 -0.001543819 -0.004426002 0.005890071 -0.001492202 -0.00440514 0.005888879 -0.00144416 -0.004378497 0.00588715 -0.001408219 -0.004344701 0.005884706 -0.001379191 -0.004479765 0.004989504 -0.001513183 -0.004470646 0.004985392 -0.001463234 -0.004459679 0.004984498 -0.001433908 -0.004443466 0.004984796 -0.001404702 -0.004421532 0.004986286 -0.001376926 -0.004406154 0.004987716 -0.001362144 -0.004388928 0.004989504 -0.001348912 -0.004344701 0.004115223 -0.001379191 -0.004435241 0.00410968 -0.001543819 -0.004425704 0.004110217 -0.001491427 -0.004413723 0.004110932 -0.001460373 -0.004397332 0.004111886 -0.001431882 -0.004379034 0.004113018 -0.001408874 -0.004362463 0.004114031 -0.001392841 -0.004185676 0.004989504 -0.001212894 -0.00418508 0.004973888 -0.00121355 -0.00418508 0.004973888 -0.00121355 -0.004169762 0.004622876 -0.001227378 -0.004169762 0.004622876 -0.001227378 -0.004166364 0.004556715 -0.001229584 -0.004166364 0.004556715 -0.001229584 -0.004166364 0.004556715 -0.001229584 -0.004077196 0.002904891 -0.001282989 -0.004080772 0.002914786 -0.001284718 -0.004080772 0.002914786 -0.001284718 -0.004247963 0.003507494 -0.001356065 -0.004247963 0.003507494 -0.001356065 -0.004344701 0.004115223 -0.001379191 -0.004388928 0.004989504 -0.001348912 -0.004388928 0.004989504 -0.001348912 -0.004388928 0.004989504 -0.001348912 -0.004080772 0.002914786 -0.001284718 -0.004247963 0.003507494 -0.001356065 -0.004344701 0.004115223 -0.001379191 -0.004160881 0.00285989 -0.001450002 -0.004153847 0.002870738 -0.001396536 -0.004135251 0.002885103 -0.001347959 -0.004111289 0.002899289 -0.001312553 -0.004435241 0.00410968 -0.001543819 -0.004328608 0.003448307 -0.001518726 -0.004425704 0.004110217 -0.001491427 -0.004413723 0.004110932 -0.001460373 -0.004397332 0.004111886 -0.001431882 -0.004379034 0.004113018 -0.001408874 -0.004362463 0.004114031 -0.001392841 -0.004077196 0.002904891 -0.001282989 -0.004026889 0.002667367 -0.001274585 -0.003991007 0.002510249 -0.001287877 -0.003976702 0.002450764 -0.001305401 -0.003971755 0.00243175 -0.001314938 -0.003967583 0.002416431 -0.001325607 -0.003964126 0.002404153 -0.001338183 -0.003961324 0.002395093 -0.001352965 -0.004160881 0.00285989 -0.001450002 -0.004153847 0.002870738 -0.001396536 -0.004135251 0.002885103 -0.001347959 -0.004111289 0.002899289 -0.001312553 -0.004080772 0.002914786 -0.001284718 -0.003719151 0.003672897 8.66659e-4 -0.003757834 0.00367999 5.74164e-4 -0.003240346 0.003669619 9.21253e-4 -0.003366827 0.008211195 -0.003166198 -0.00344485 0.008190751 -0.003116965 -0.003519594 0.008173048 -0.003092408 -0.003579378 0.008159875 -0.003087997 -0.003625214 0.008150398 -0.003095567 -0.003662467 0.008143067 -0.003111362 -0.003694176 0.008137524 -0.003134965 -0.003716647 0.008134543 -0.003162026 -0.003730952 0.008133888 -0.003190577 -0.003738462 0.008135318 -0.003220558 -0.003739476 0.008139073 -0.003253221 -0.003636896 0.008289098 -0.003332138 -0.0036875 0.008216381 -0.003286123 -0.003398656 0.008239209 -0.003155827 -0.003436684 0.008265793 -0.003154456 -0.003474354 0.008286297 -0.003162324 -0.003508925 0.008300364 -0.003177046 -0.003541946 0.008309304 -0.003198325 -0.003571689 0.008312761 -0.00322473 -0.003596723 0.008311092 -0.003254234 -0.003616452 0.008305013 -0.00328499 -0.003628253 0.008297801 -0.003309011 -0.003739476 0.001860916 -0.003253221 -0.003737926 0.00186491 -0.003217041 -0.003728449 0.001866161 -0.003184199 -0.003712058 0.001864969 -0.003155291 -0.003689706 0.001861751 -0.003130793 -0.003662407 0.001856863 -0.003111362 -0.003631114 0.001850783 -0.003097414 -0.003596901 0.00184381 -0.003089606 -0.003560841 0.001836121 -0.003087818 -0.003523707 0.001827895 -0.003091633 -0.003473699 0.001816213 -0.003105044 -0.003418564 0.001802563 -0.003130555 -0.003366827 0.001788794 -0.003166198 -0.003636896 0.001710832 -0.003332138 -0.003617405 0.001695394 -0.003286719 -0.003589391 0.001687824 -0.003244698 -0.003555834 0.00168842 -0.00320971 -0.003520369 0.00169599 -0.003183603 -0.003486096 0.001708388 -0.003166496 -0.003451704 0.001725316 -0.003156542 -0.003419101 0.001745641 -0.0031538 -0.003390967 0.001766979 -0.003157436 -0.003685593 0.001780867 -0.003287494 -0.003302574 0.008239507 -0.003226161 -0.003366827 0.008211195 -0.003166198 -0.003398656 0.008239209 -0.003155827 -0.003436684 0.008265793 -0.003154456 -0.003474354 0.008286297 -0.003162324 -0.003508925 0.008300364 -0.003177046 -0.003541946 0.008309304 -0.003198325 -0.003571689 0.008312761 -0.00322473 -0.003596723 0.008311092 -0.003254234 -0.003616452 0.008305013 -0.00328499 -0.003628253 0.008297801 -0.003309011 -0.003636896 0.008289098 -0.003332138 7.75047e-4 0.0109812 -0.004578888 8.00118e-5 0.0108214 -0.004734218 -6.22347e-4 0.01059377 -0.00476408 -0.001296639 0.01028639 -0.004679739 -0.001922786 0.009914636 -0.00449723 -0.002663433 0.009348988 -0.004133939 -0.003186762 0.008842468 -0.003758549 7.44112e-4 0.01079529 -0.004354357 7.38792e-4 0.01083725 -0.00436455 7.36721e-4 0.01087909 -0.004385352 7.38502e-4 0.01091724 -0.004416346 7.43762e-4 0.01094526 -0.004452228 7.511e-4 0.01096367 -0.004488468 7.60242e-4 0.01097553 -0.004526436 7.67469e-4 0.01098001 -0.004553139 -0.002365767 0.009279191 -0.003988802 -0.001505196 0.009926617 -0.004372119 -6.87458e-4 0.01036167 -0.004527866 3.7998e-5 0.0106225 -0.004511713 3.91692e-4 0.01071596 -0.004450917 5.57885e-4 0.01085484 -0.004447579 5.58034e-4 0.01087021 -0.004460692 5.5854e-4 0.01088047 -0.004471063 5.59375e-4 0.01089012 -0.00448209 2.23875e-4 0.01081091 -0.004555642 4.05088e-5 0.01076203 -0.004582583 -2.96891e-4 0.01065886 -0.00460869 -6.73786e-4 0.01051849 -0.004602551 -0.001000881 0.01037311 -0.004567086 -0.001425027 0.0101509 -0.004478573 -0.001726031 0.00996834 -0.004385352 -0.002181828 0.00964874 -0.004192471 -0.002528131 0.009366393 -0.003999471 -0.002790451 0.009126007 -0.003822982 -0.003391206 0.008276879 -0.003176331 -0.003406643 0.008287668 -0.003175973 -0.003422796 0.00829792 -0.003177344 -0.003062427 0.008698999 -0.003505766 -0.003280282 0.008426904 -0.003294169 -0.003275036 0.008601427 -0.003413975 -0.003475248 0.008467376 -0.003367185 -0.003149509 0.0088104 -0.00360012 -0.003381907 0.008465945 -0.003306567 -0.003366827 0.001788794 -0.003166198 -0.003302574 0.001760423 -0.003226161 7.44112e-4 -7.95297e-4 -0.004354357 5.55068e-5 -6.27544e-4 -0.004509508 -6.31168e-4 -3.85953e-4 -0.004531741 -0.001285493 -5.92526e-5 -0.004432618 -0.001888751 3.35161e-4 -0.004231631 -0.00242877 7.77373e-4 -0.003950417 -0.002898097 0.001249492 -0.003611087 7.75054e-4 -9.81225e-4 -0.004578888 7.60667e-4 -9.75893e-4 -0.004528105 7.4847e-4 -9.58341e-4 -0.004476308 7.40662e-4 -9.32028e-4 -0.004433274 7.37175e-4 -9.0055e-4 -0.004401028 7.37056e-4 -8.64469e-4 -0.004376769 7.39515e-4 -8.29711e-4 -0.004361927 -0.003636896 0.001710832 -0.003332138 -0.002736151 7.15306e-4 -0.004088342 -0.001711726 -4.99305e-5 -0.004570543 -8.45812e-4 -5.01991e-4 -0.004748523 -3.39746e-5 -7.90033e-4 -0.004747331 -0.003617405 0.001695394 -0.003286719 -0.003589391 0.001687824 -0.003244698 -0.003555834 0.00168842 -0.00320971 -0.003520369 0.00169599 -0.003183603 -0.003486096 0.001708388 -0.003166496 -0.003451704 0.001725316 -0.003156542 -0.003419101 0.001745641 -0.0031538 -0.003390967 0.001766979 -0.003157436 3.87087e-4 -8.10357e-4 -0.004485368 -5.11855e-6 -7.49157e-4 -0.004587888 -3.62903e-4 -6.36345e-4 -0.0046103 -7.51823e-4 -4.85814e-4 -0.00459665 -0.00109601 -3.26701e-4 -0.00455141 -0.001510024 -1.01527e-4 -0.004454851 -0.001824915 9.64524e-5 -0.004348993 -0.002326726 4.64895e-4 -0.004116952 -0.002595901 6.9335e-4 -0.003956556 -0.002844691 9.26947e-4 -0.003782868 -0.003283321 0.001408696 -0.003405988 -0.00343424 0.001695454 -0.003179371 -0.003413856 0.001707613 -0.003176391 -0.003396332 0.001719415 -0.003176033 5.70074e-4 -9.21289e-4 -0.004528939 -0.002865612 0.00108242 -0.003673613 -0.00308007 0.001321673 -0.003489673 -0.003259062 0.00142014 -0.003393828 -0.003237366 0.001432478 -0.003386199 -0.003479301 0.001537859 -0.003363072 -0.003453791 0.001608014 -0.00325191 -0.003382205 0.001621305 -0.003237366 0.003005027 0.01109832 -0.002447307 0.003008961 0.01114225 -0.002456784 0.003023028 0.01118624 -0.002471566 0.003046751 0.01122599 -0.002491712 0.003075778 0.0112546 -0.002514243 0.003105878 0.01127266 -0.002536654 0.003137648 0.01128339 -0.002559602 0.003160178 0.01128673 -0.002575457 0.003181874 0.01128655 -0.002590537 7.44112e-4 0.01079529 -0.004354357 0.001545786 0.01093238 -0.003983676 0.002257823 0.01101535 -0.00342828 0.00266236 0.01105761 -0.002970397 7.38792e-4 0.01083725 -0.00436455 7.36721e-4 0.01087909 -0.004385352 7.38502e-4 0.01091724 -0.004416346 7.43762e-4 0.01094526 -0.004452228 7.511e-4 0.01096367 -0.004488468 7.60242e-4 0.01097553 -0.004526436 7.67469e-4 0.01098001 -0.004553139 7.75047e-4 0.0109812 -0.004578888 0.002515375 0.01121711 -0.003474533 0.00184518 0.0111373 -0.004179239 0.001458227 0.01108258 -0.004493474 0.001319408 0.01106178 -0.004573822 0.001193225 0.01104253 -0.00462687 0.001087009 0.0110262 -0.004652619 0.001018404 0.01101577 -0.004657924 9.49539e-4 0.01100552 -0.004652619 8.58031e-4 0.01099234 -0.004625916 8.39889e-4 0.01097488 -0.004440724 8.69021e-4 0.01098054 -0.004430472 8.64126e-4 0.01096779 -0.004408597 8.60177e-4 0.01095259 -0.004388153 9.06952e-4 0.01096159 -0.004371106 9.65677e-4 0.01097261 -0.004348754 0.001378059 0.01104128 -0.00415951 0.001443028 0.01105082 -0.004124224 0.001640737 0.01107805 -0.004006862 0.002015411 0.01112318 -0.003738284 0.00235641 0.0111562 -0.003424108 0.002566277 0.01117801 -0.003195822 0.002891063 0.01121687 -0.002770781 0.002882838 0.01120692 -0.002763271 0.002875208 0.01119625 -0.002756237 0.002865672 0.01118022 -0.002747237 0.003005027 -0.001098275 -0.002447307 0.002399444 -0.001030027 -0.003282964 0.001712977 -9.5422e-4 -0.003875613 0.001242935 -8.87548e-4 -0.004150629 7.44112e-4 -7.95297e-4 -0.004354357 0.003181815 -0.001286506 -0.002590477 0.003139078 -0.001283705 -0.002560555 0.003095746 -0.001267552 -0.002529203 0.00306034 -0.001241207 -0.002502441 0.00303477 -0.001208603 -0.002481877 0.003016889 -0.001170814 -0.002465724 0.003007531 -0.001134335 -0.002454757 7.75054e-4 -9.81225e-4 -0.004578888 8.72016e-4 -9.94312e-4 -0.004631638 9.5845e-4 -0.001006782 -0.00465399 0.001040816 -0.00101912 -0.004657268 0.001122355 -0.001031637 -0.004646241 0.001227617 -0.00104779 -0.004614591 0.001376271 -0.00107038 -0.004543364 0.001771748 -0.001127243 -0.004248142 0.002136647 -0.00117737 -0.00385189 0.002705037 -0.001235902 -0.003260374 7.60667e-4 -9.75893e-4 -0.004528105 7.4847e-4 -9.58341e-4 -0.004476308 7.40662e-4 -9.32028e-4 -0.004433274 7.37175e-4 -9.0055e-4 -0.004401028 7.37056e-4 -8.64469e-4 -0.004376769 7.39515e-4 -8.29711e-4 -0.004361927 8.47474e-4 -9.725e-4 -0.004429519 8.78707e-4 -9.68229e-4 -0.004399299 8.82611e-4 -9.79299e-4 -0.004417061 0.00113219 -0.001002073 -0.004279255 0.001178085 -0.001009762 -0.004258513 0.00124675 -0.001020908 -0.004226088 0.001447916 -0.001051545 -0.004121482 0.001687347 -0.001084089 -0.003976941 0.001892864 -0.001109242 -0.003833472 0.002248287 -0.001148283 -0.003535509 0.002520859 -0.00117278 -0.003247261 0.002841472 -0.001207292 -0.00283575 0.002853214 -0.001220643 -0.002848148 0.002866387 -0.001232266 -0.002860844 0.003185272 0.01128691 -0.002585053 0.003181874 0.01128655 -0.002590537 0.003005027 0.01109832 -0.002447307 0.003010034 0.01114237 -0.002453923 0.003024697 0.01118642 -0.002467215 0.003046393 0.01122266 -0.002484738 0.003071963 0.01124978 -0.002504289 0.003101646 0.01127004 -0.002526223 0.003133416 0.0112825 -0.002548992 0.003159821 0.01128709 -0.00256747 0.003008961 0.01114225 -0.002456784 0.003023028 0.01118624 -0.002471566 0.003046751 0.01122599 -0.002491712 0.003075778 0.0112546 -0.002514243 0.003105878 0.01127266 -0.002536654 0.003137648 0.01128339 -0.002559602 0.003160178 0.01128673 -0.002575457 0.003181815 -0.001286506 -0.002590477 0.003139734 -0.001284301 -0.002559423 0.00310117 -0.001270473 -0.002530097 0.003068864 -0.001248002 -0.002504825 0.003041744 -0.001217126 -0.002482712 0.003021657 -0.001180171 -0.002465367 0.003009557 -0.001140356 -0.002453625 0.003006279 -0.001119077 -0.002449691 0.003005027 -0.001098275 -0.002447307 0.003139078 -0.001283705 -0.002560555 0.003095746 -0.001267552 -0.002529203 0.00306034 -0.001241207 -0.002502441 0.00303477 -0.001208603 -0.002481877 0.003016889 -0.001170814 -0.002465724 0.003007531 -0.001134335 -0.002454757 0.004548907 0.01126742 -0.001215159 0.004020571 0.01129662 -0.001572787 0.003561556 0.0113058 -0.00203073 0.003185272 0.01128691 -0.002585053 0.00443226 0.01107949 -0.001003682 0.00443834 0.01112425 -0.001009643 0.004448592 0.01116466 -0.001024723 0.004461646 0.0111984 -0.001046538 0.004477739 0.01122713 -0.001075267 0.004495918 0.01124888 -0.001109302 0.004514873 0.01126259 -0.001146197 0.004532456 0.01126819 -0.001181423 0.003005027 0.01109832 -0.002447307 0.003398597 0.01111686 -0.001868903 0.003878712 0.01110816 -0.001383602 0.003010034 0.01114237 -0.002453923 0.003024697 0.01118642 -0.002467215 0.003046393 0.01122266 -0.002484738 0.003071963 0.01124978 -0.002504289 0.003101646 0.01127004 -0.002526223 0.003133416 0.0112825 -0.002548992 0.003159821 0.01128709 -0.00256747 0.003925323 0.01124918 -0.001441895 0.003678202 0.0112552 -0.001668095 0.003449678 0.01125687 -0.001920282 0.00443226 -0.00107944 -0.001003682 0.003878712 -0.001108109 -0.001383602 0.003398597 -0.001116812 -0.001868903 0.003005027 -0.001098275 -0.002447307 0.004548907 -0.001267433 -0.001215159 0.004524528 -0.001266479 -0.001165449 0.004501163 -0.001253485 -0.001119375 0.004480659 -0.001231253 -0.001080691 0.00446248 -0.001200139 -0.001047968 0.004447996 -0.001162707 -0.001023769 0.004437983 -0.001122176 -0.001009166 0.004434525 -0.001100599 -0.001005232 0.003181815 -0.001286506 -0.002590477 0.003561437 -0.001305758 -0.002030968 0.004020571 -0.001296639 -0.001572787 0.003139734 -0.001284301 -0.002559423 0.00310117 -0.001270473 -0.002530097 0.003068864 -0.001248002 -0.002504825 0.003041744 -0.001217126 -0.002482712 0.003021657 -0.001180171 -0.002465367 0.003009557 -0.001140356 -0.002453625 0.003006279 -0.001119077 -0.002449691 0.003925323 -0.001249194 -0.001441895 0.003678143 -0.001255154 -0.001668095 0.003449559 -0.001256883 -0.001920342 0.006575822 0.01092404 -0.001243174 0.006052851 0.01106423 -9.62228e-4 0.005768418 0.01112216 -8.8989e-4 0.005588352 0.01115304 -8.78014e-4 0.00526601 0.01119869 -9.1929e-4 0.004897654 0.01123869 -0.001043319 0.004548907 0.01126742 -0.001215159 0.006629824 0.01074171 -0.00103867 0.006635963 0.01078581 -0.001053333 0.006636202 0.01082932 -0.001078426 0.006630539 0.01086449 -0.001109182 0.006620526 0.01089012 -0.001142323 0.006606757 0.01090866 -0.001178145 0.006591916 0.01091939 -0.001211285 0.00443226 0.01107949 -0.001003682 0.004804491 0.01105028 -8.17142e-4 0.005129218 0.01101833 -7.01755e-4 0.005520403 0.01097053 -6.4116e-4 0.005850553 0.0109204 -6.71595e-4 0.006057441 0.01088273 -7.30235e-4 0.006266772 0.01083785 -8.20838e-4 0.00443834 0.01112425 -0.001009643 0.004448592 0.01116466 -0.001024723 0.004461646 0.0111984 -0.001046538 0.004477739 0.01122713 -0.001075267 0.004495918 0.01124888 -0.001109302 0.004514873 0.01126259 -0.001146197 0.004532456 0.01126819 -0.001181423 0.00483781 0.01119256 -8.86973e-4 0.004995346 0.01117759 -8.24857e-4 0.005192816 0.0111562 -7.64996e-4 0.005382418 0.01113247 -7.28734e-4 0.00556004 0.01110738 -7.15427e-4 0.00565952 0.01109188 -7.18035e-4 0.005819559 0.01106446 -7.38338e-4 0.005976557 0.01103448 -7.76522e-4 0.006075143 0.01101392 -8.09714e-4 0.006178557 0.01099061 -8.52458e-4 0.00645852 0.01090556 -9.85291e-4 0.006460547 0.01089084 -9.72167e-4 0.006629824 -7.41726e-4 -0.00103867 0.006074666 -8.79304e-4 -7.36527e-4 0.005753099 -9.36332e-4 -6.54392e-4 0.005548775 -9.66624e-4 -6.40549e-4 0.005189418 -0.001011669 -6.86482e-4 0.004794239 -0.001051187 -8.21613e-4 0.00443226 -0.00107944 -0.001003682 0.006575822 -9.24018e-4 -0.001243233 0.00659734 -9.16297e-4 -0.001199722 0.006615936 -8.97564e-4 -0.001154959 0.006628513 -8.71463e-4 -0.001116991 0.00663501 -8.41245e-4 -0.001087546 0.006636857 -8.0705e-4 -0.001064121 0.00663495 -7.74249e-4 -0.001048445 0.004548907 -0.001267433 -0.001215159 0.005214452 -0.001205027 -9.31933e-4 0.005561888 -0.001157224 -8.78684e-4 0.005809605 -0.001114368 -8.97828e-4 0.006152808 -0.001040697 -0.001005649 0.006412088 -9.72777e-4 -0.001139461 0.004524528 -0.001266479 -0.001165449 0.004501163 -0.001253485 -0.001119375 0.004480659 -0.001231253 -0.001080691 0.00446248 -0.001200139 -0.001047968 0.004447996 -0.001162707 -0.001023769 0.004437983 -0.001122176 -0.001009166 0.004434525 -0.001100599 -0.001005232 0.004630744 -0.001168012 -9.40353e-4 0.004639029 -0.001188218 -9.55395e-4 0.004649519 -0.001208245 -9.75251e-4 0.004997014 -0.00117737 -8.2415e-4 0.005194783 -0.001155793 -7.64392e-4 0.005381643 -0.001132547 -7.28838e-4 0.005559206 -0.001107454 -7.15438e-4 0.00565809 -0.001092076 -7.17938e-4 0.00579518 -0.00106883 -7.34016e-4 0.005952835 -0.001039206 -7.696e-4 0.006137967 -0.000999987 -8.34744e-4 0.006278216 -9.66461e-4 -9.00254e-4 0.006542861 -9.05276e-4 -0.001072645 0.006537914 -9.16209e-4 -0.001088619 0.007506728 0.01052969 -0.001967132 0.006575822 0.01092404 -0.001243174 0.007547616 0.01035934 -0.001770317 0.007557272 0.01039844 -0.001788258 0.00756067 0.01043713 -0.001814842 0.007556736 0.01047205 -0.001848757 0.00754553 0.01050019 -0.001887679 0.007528185 0.01051956 -0.00192815 0.006629824 0.01074171 -0.00103867 0.006635963 0.01078581 -0.001053333 0.006636202 0.01082932 -0.001078426 0.006630539 0.01086449 -0.001109182 0.006620526 0.01089012 -0.001142323 0.006606757 0.01090866 -0.001178145 0.006591916 0.01091939 -0.001211285 0.007547616 -3.59338e-4 -0.001770317 0.006629824 -7.41726e-4 -0.00103867 0.007506728 -5.29726e-4 -0.001967132 0.007528185 -5.19555e-4 -0.00192815 0.00754553 -5.0017e-4 -0.001887679 0.007556736 -4.72035e-4 -0.001848757 0.00756067 -4.37116e-4 -0.001814842 0.007557272 -3.98451e-4 -0.001788258 0.006575822 -9.24018e-4 -0.001243233 0.00659734 -9.16297e-4 -0.001199722 0.006615936 -8.97564e-4 -0.001154959 0.006628513 -8.71463e-4 -0.001116991 0.00663501 -8.41245e-4 -0.001087546 0.006636857 -8.0705e-4 -0.001064121 0.00663495 -7.74249e-4 -0.001048445 0.008522033 0.009704887 -0.002605795 0.008534491 0.00973773 -0.002625405 0.008541941 0.009770095 -0.002651631 0.008543372 0.009799897 -0.002683401 0.008538246 0.009824991 -0.002719104 0.008527517 0.009844064 -0.002756416 0.008512496 0.009856343 -0.002793133 0.007547616 0.01035934 -0.001770317 0.007557272 0.01039844 -0.001788258 0.00756067 0.01043713 -0.001814842 0.007556736 0.01047205 -0.001848757 0.00754553 0.01050019 -0.001887679 0.007528185 0.01051956 -0.00192815 0.007506728 0.01052969 -0.001967132 0.007712841 0.01040816 -0.002164423 0.007592856 0.01047831 -0.002066314 0.007600784 0.01045978 -0.001908779 0.00766021 0.01042556 -0.001958668 0.007664561 0.01041066 -0.001939654 0.008161008 0.01009964 -0.00237888 0.00816375 0.01008564 -0.002360522 0.008522033 2.95083e-4 -0.002605795 0.007547616 -3.59338e-4 -0.001770317 0.008512496 1.43641e-4 -0.002793133 0.008531391 1.6118e-4 -0.002744734 0.008541584 1.86655e-4 -0.002701163 0.008543491 2.14342e-4 -0.002667069 0.008539438 2.43779e-4 -0.002639532 0.008532226 2.69446e-4 -0.002620577 0.007506728 -5.29726e-4 -0.001967132 0.007578611 -4.86689e-4 -0.002052068 0.007644355 -4.48364e-4 -0.002111017 0.00801599 -2.1759e-4 -0.002390086 0.007528185 -5.19555e-4 -0.00192815 0.00754553 -5.0017e-4 -0.001887679 0.007556736 -4.72035e-4 -0.001848757 0.00756067 -4.37116e-4 -0.001814842 0.007557272 -3.98451e-4 -0.001788258 0.007631301 -4.29976e-4 -0.00191164 0.007626831 -4.44921e-4 -0.001930654 0.00781095 -3.22183e-4 -0.002062916 0.008303284 1.60467e-5 -0.002478778 0.008301615 5.15208e-6 -0.002492845 0.009969472 0.007778108 -0.003971338 0.009668707 0.008532881 -0.003744184 0.009275257 0.009126901 -0.003427982 0.00890845 0.00951904 -0.003124296 0.008512496 0.009856343 -0.002793133 0.009911179 0.007725775 -0.003780484 0.009940266 0.007741451 -0.003818333 0.009961009 0.007756054 -0.003864347 0.009971141 0.007768332 -0.003914952 0.009971976 0.007773756 -0.003943502 0.008522033 0.009704887 -0.002605795 0.009101152 0.009180843 -0.003108739 0.009541988 0.008594572 -0.003486394 0.009750008 0.008176326 -0.003656804 0.008534491 0.00973773 -0.002625405 0.008541941 0.009770095 -0.002651631 0.008543372 0.009799897 -0.002683401 0.008538246 0.009824991 -0.002719104 0.008527517 0.009844064 -0.002756416 0.009443104 0.008873522 -0.003452539 0.009211957 0.009171009 -0.003256797 0.009033739 0.009364724 -0.003104388 0.008740723 0.009638011 -0.002852857 0.009911179 0.002274215 -0.003780484 0.009624063 0.001553118 -0.003554761 0.00925374 9.94116e-4 -0.003240585 0.008903801 6.20275e-4 -0.002937376 0.008522033 2.95083e-4 -0.002605795 0.009969472 0.002221882 -0.003971338 0.009971201 0.002231597 -0.003915131 0.00995928 0.002245366 -0.003859102 0.009938895 0.002259373 -0.003816068 0.008512496 1.43641e-4 -0.002793133 0.009114861 6.88967e-4 -0.003295779 0.009581267 0.001309871 -0.003675282 0.009802043 0.001753509 -0.003847122 0.008531391 1.6118e-4 -0.002744734 0.008541584 1.86655e-4 -0.002701163 0.008543491 2.14342e-4 -0.002667069 0.008539438 2.43779e-4 -0.002639532 0.008532226 2.69446e-4 -0.002620577 0.009212017 8.29007e-4 -0.003256797 0.009033679 6.35245e-4 -0.003104388 0.008740842 3.62033e-4 -0.002852916 0.01032942 0.005999684 -0.004188179 0.01019096 0.006911575 -0.004121005 0.009969472 0.007778108 -0.003971338 0.01026278 0.005994379 -0.003996849 0.0102964 0.0059973 -0.004040181 0.01031231 0.005998671 -0.004071712 0.0103234 0.005999565 -0.004105627 0.01032996 0.006000041 -0.004147291 0.009911179 0.007725775 -0.003780484 0.01012718 0.006882667 -0.003929674 0.009940266 0.007741451 -0.003818333 0.009961009 0.007756054 -0.003864347 0.009971141 0.007768332 -0.003914952 0.009971976 0.007773756 -0.003943502 0.01026278 0.00400567 -0.003996849 0.01012718 0.003117322 -0.003929674 0.009911179 0.002274215 -0.003780484 0.01032942 0.004000246 -0.004188179 0.01032817 0.004000425 -0.004132568 0.0103138 0.004001617 -0.004077374 0.01029217 0.004003405 -0.004033982 0.009969472 0.002221882 -0.003971338 0.01019096 0.003088355 -0.004121005 0.009971201 0.002231597 -0.003915131 0.00995928 0.002245366 -0.003859102 0.009938895 0.002259373 -0.003816068 0.01038414 0.005010426 -0.004167318 0.01032942 0.005999684 -0.004188179 0.01038092 0.005011618 -0.004097223 0.01038509 0.0050112 -0.004132151 0.01031732 0.005010426 -0.003976047 0.01034557 0.005011379 -0.004010677 0.01036739 0.005011737 -0.004051864 0.01026278 0.005994379 -0.003996849 0.0102964 0.0059973 -0.004040181 0.01031231 0.005998671 -0.004071712 0.0103234 0.005999565 -0.004105627 0.01032996 0.006000041 -0.004147291 0.01031732 0.004989504 -0.003976047 0.01026278 0.00400567 -0.003996849 0.01038092 0.004988312 -0.004097223 0.01036739 0.004988193 -0.004051864 0.01034557 0.00498861 -0.004010677 0.01038414 0.004989504 -0.004167318 0.01038509 0.004988789 -0.004132211 0.01032942 0.004000246 -0.004188179 0.01032817 0.004000425 -0.004132568 0.0103138 0.004001617 -0.004077374 0.01029217 0.004003405 -0.004033982 0.01038092 0.004988312 -0.004097223 0.01036739 0.004988193 -0.004051864 0.01034557 0.00498861 -0.004010677 0.01031732 0.004989504 -0.003976047 0.01031732 0.005010426 -0.003976047 0.01034557 0.005011379 -0.004010677 0.01036739 0.005011737 -0.004051864 0.01038092 0.005011618 -0.004097223 0.01038122 0.004999995 -0.004097163 0.01038122 0.004999995 -0.004097163 -0.004389047 0.004999995 -0.001348674 -0.004185974 0.004999995 -0.001212716 -0.004388928 0.004989504 -0.001348912 -0.004185676 0.004989504 -0.001212894 -0.004185736 0.004990518 -0.001212894 -0.004389047 0.004999995 -0.001348674 -0.004388928 0.004989504 -0.001348912 -0.004479765 0.004989504 -0.001513183 -0.004470646 0.004985392 -0.001463234 -0.004459679 0.004984498 -0.001433908 -0.004443466 0.004984796 -0.001404702 -0.004421532 0.004986286 -0.001376926 -0.004406154 0.004987716 -0.001362144 -0.004479765 0.005010426 -0.001513183 -0.004388928 0.005010426 -0.001348912 -0.004424512 0.005013942 -0.001380145 -0.004451036 0.005015432 -0.001416981 -0.004464924 0.005015254 -0.001446425 -0.004475116 0.005013525 -0.001480817 -0.004519581 0.004989504 -0.00222826 -0.004479765 0.004989504 -0.001513183 -0.004519581 0.005010426 -0.00222826 -0.004479765 0.005010426 -0.001513183 -0.004581034 0.004989504 -0.004000604 -0.004581034 0.005010426 -0.004000604 -0.004519581 0.005010426 -0.00222826 -0.004519581 0.004989504 -0.00222826 -0.003171861 0.001949965 -0.003065288 -0.003204822 0.001943528 -0.003105938 -0.003234803 0.001925349 -0.003142774 -0.003259539 0.001898527 -0.003173172 -0.003278076 0.001866817 -0.00319606 -0.003290772 0.001833617 -0.003211617 -0.003298342 0.001801431 -0.003220975 -0.003301262 0.001780211 -0.003224551 -0.003302574 0.001760423 -0.003226161 -0.003259778 0.001949965 -0.002989888 -0.0032835 0.001945197 -0.003028929 -0.003307282 0.001930058 -0.003068089 -0.003329098 0.001904487 -0.003103971 -0.003346979 0.001870274 -0.003133416 -0.003359675 0.001830458 -0.003154397 -0.003366827 0.001788794 -0.003166198 -0.003789842 0.001949965 -0.002979218 -0.003786683 0.00194168 -0.003067433 -0.003775119 0.001921117 -0.003140568 -0.003758907 0.001892864 -0.003201782 -0.003739476 0.001860916 -0.003253221 -0.003737926 0.00186491 -0.003217041 -0.003728449 0.001866161 -0.003184199 -0.003712058 0.001864969 -0.003155291 -0.003689706 0.001861751 -0.003130793 -0.003662407 0.001856863 -0.003111362 -0.003631114 0.001850783 -0.003097414 -0.003596901 0.00184381 -0.003089606 -0.003560841 0.001836121 -0.003087818 -0.003523707 0.001827895 -0.003091633 -0.003473699 0.001816213 -0.003105044 -0.003418564 0.001802563 -0.003130555 -0.003366827 0.001788794 -0.003166198 -0.003259778 0.001949965 -0.002989888 -0.0032835 0.001945197 -0.003028929 -0.003307282 0.001930058 -0.003068089 -0.003329098 0.001904487 -0.003103971 -0.003346979 0.001870274 -0.003133416 -0.003359675 0.001830458 -0.003154397 -0.003343403 0.001949965 -0.002938449 -0.0034343 0.001949965 -0.002903938 -0.003528654 0.001949965 -0.002888679 -0.003622651 0.001949965 -0.002895414 -0.003703057 0.001949965 -0.002921462 -0.003748416 0.001949965 -0.002946794 -0.003458917 0.00191313 -0.003027558 -0.003490328 0.001914918 -0.003017842 -0.003525793 0.001916885 -0.00301063 -0.003549635 0.001918137 -0.003008008 -0.00358504 0.001919865 -0.00300765 -0.003608405 0.001920998 -0.003009855 -0.003639221 0.001922428 -0.003016114 -0.003661453 0.001923382 -0.003023386 -0.004556357 0.005010426 -0.004049897 -0.004556357 0.004989504 -0.004049897 -0.004581034 0.005010426 -0.004000604 -0.004579544 0.005010783 -0.004015028 -0.004574656 0.005010843 -0.004028677 -0.004581034 0.004989504 -0.004000604 -0.004574656 0.004989087 -0.004028677 -0.004579544 0.004989206 -0.004015028 -0.004449069 0.004989504 -0.004122912 -0.004449129 0.004999995 -0.00412321 -0.004556357 0.004989504 -0.004049897 -0.004556357 0.005010426 -0.004049897 -0.004449069 0.005010426 -0.004122912 -0.00414443 0.007056355 -0.004194021 -0.004322826 0.006389975 -0.004116952 -0.004322826 0.006389975 -0.004116952 -0.004418253 0.005705952 -0.00409758 -0.004418253 0.005705952 -0.00409758 -0.004449069 0.005010426 -0.004122912 -0.004556357 0.005010426 -0.004049897 -0.004556357 0.005010426 -0.004049897 -0.004509985 0.005881309 -0.004023432 -0.004509985 0.005881309 -0.004023432 -0.004509985 0.005881309 -0.004023432 -0.004243671 0.007125377 -0.00412184 -0.004243671 0.007125377 -0.00412184 -0.004412651 0.006509184 -0.00404787 6.49162e-4 0.01073789 -0.007211983 6.49162e-4 0.01073789 -0.007211983 -9.31822e-4 0.01034855 -0.006161689 -0.002394199 0.009501695 -0.005222558 -0.002394199 0.009501695 -0.005222558 -0.003526806 0.008399844 -0.004524946 -0.003526806 0.008399844 -0.004524946 -0.003935515 0.007800161 -0.004286646 8.57189e-4 0.01076704 -0.007351636 8.52525e-4 0.01059186 -0.00736016 8.52525e-4 0.01059186 -0.00736016 6.18987e-4 0.01055943 -0.00720334 6.18987e-4 0.01055943 -0.00720334 -8.97154e-4 0.01018905 -0.006195902 -0.002313673 0.009380638 -0.005285441 -0.002313673 0.009380638 -0.005285441 -0.003426194 0.008316218 -0.004598975 -0.003426194 0.008316218 -0.004598975 -0.003426194 0.008316218 -0.004598975 -0.003834843 0.007729709 -0.0043599 -0.003834843 0.007729709 -0.0043599 -0.003834843 0.007729709 -0.0043599 0.003058075 0.0103209 -0.0142669 0.003172338 0.0104168 -0.01197075 0.002841174 0.01052451 -0.01015692 0.002289593 0.01060515 -0.008876025 0.001666963 0.0106377 -0.008031487 0.001280665 0.01062923 -0.007671535 8.52525e-4 0.01059186 -0.00736016 8.57189e-4 0.01076704 -0.007351636 0.003066956 0.01049083 -0.01426857 0.003179907 0.01059234 -0.01194769 0.00283581 0.01070517 -0.01010829 0.002269744 0.01078701 -0.008823394 0.001646161 0.01081645 -0.007995545 0.001269817 0.0108053 -0.007652282 -0.004449069 0.004989504 -0.004122912 -0.00439459 0.004068315 -0.004098653 -0.00439459 0.004068315 -0.004098653 -0.004299879 0.003499507 -0.004125237 -0.004299879 0.003499507 -0.004125237 -0.00414443 0.002943575 -0.004194021 -0.003810226 0.002228379 -0.004373848 -0.003810226 0.002228379 -0.004373848 -0.003360807 0.001605033 -0.004638314 -0.003360807 0.001605033 -0.004638314 -0.003360807 0.001605033 -0.004638314 -0.002663612 9.03075e-4 -0.005066156 -0.002663612 9.03075e-4 -0.005066156 -0.002663612 9.03075e-4 -0.005066156 -0.001790046 2.61093e-4 -0.005618035 -0.001790046 2.61093e-4 -0.005618035 -0.001790046 2.61093e-4 -0.005618035 -8.52533e-4 -2.06608e-4 -0.006225109 -8.52533e-4 -2.06608e-4 -0.006225109 -1.24834e-4 -4.29803e-4 -0.006705582 -1.24834e-4 -4.29803e-4 -0.006705582 -1.24834e-4 -4.29803e-4 -0.006705582 6.18987e-4 -5.59444e-4 -0.00720334 6.18987e-4 -5.59444e-4 -0.00720334 6.18987e-4 -5.59444e-4 -0.00720334 8.52525e-4 -5.91838e-4 -0.00736016 8.52525e-4 -5.91838e-4 -0.00736016 8.57189e-4 -7.67043e-4 -0.007351636 6.49169e-4 -7.37888e-4 -0.007211983 6.49169e-4 -7.37888e-4 -0.007211983 -0.004243671 0.002874553 -0.00412184 -0.004243671 0.002874553 -0.00412184 -0.003870487 0.002089679 -0.004323601 -0.003870487 0.002089679 -0.004323601 -0.00336498 0.001406371 -0.00462222 -0.00336498 0.001406371 -0.00462222 -0.00336498 0.001406371 -0.00462222 -0.00257039 6.37855e-4 -0.005111932 -0.00257039 6.37855e-4 -0.005111932 -0.00257039 6.37855e-4 -0.005111932 -0.001566708 -4.5245e-5 -0.005749642 -0.001566708 -4.5245e-5 -0.005749642 -4.89265e-4 -5.05638e-4 -0.006452441 -4.89265e-4 -5.05638e-4 -0.006452441 7.44015e-5 -6.44722e-4 -0.006826937 7.44015e-5 -6.44722e-4 -0.006826937 -0.004509985 0.004118621 -0.004023432 -0.004406213 0.003460288 -0.004050254 -0.004406213 0.003460288 -0.004050254 -0.004556357 0.004989504 -0.004049897 8.52525e-4 -5.91838e-4 -0.00736016 8.57189e-4 -7.67043e-4 -0.007351636 0.001577198 -8.16134e-4 -0.007925331 0.002168178 -7.95693e-4 -0.008659601 0.002615272 -7.45051e-4 -0.009508848 0.002927243 -6.84439e-4 -0.01042228 0.003157138 -6.07047e-4 -0.01168334 0.003190815 -5.41306e-4 -0.01297867 0.003066956 -4.90844e-4 -0.01426857 0.003058075 -3.20931e-4 -0.0142669 0.001580417 -6.37777e-4 -0.007942199 0.002166032 -6.16056e-4 -0.008673846 0.002599954 -5.67148e-4 -0.009497642 0.002982556 -4.91112e-4 -0.01068276 0.003178 -4.12111e-4 -0.01206105 0.003173589 -3.60989e-4 -0.0131666 0.002644896 0.01023417 -0.01746726 0.002644896 0.01023417 -0.01746726 0.003058075 0.0103209 -0.0142669 0.003066956 0.01049083 -0.01426857 0.002646982 0.0103982 -0.01751947 0.002646982 0.0103982 -0.01751947 0.002195775 0.01037812 -0.02104532 0.002187371 0.01021742 -0.02104377 0.002187371 0.01021742 -0.02104377 0.003842711 0.009906589 -0.0272997 0.002770662 0.01013177 -0.02566528 0.002187371 0.01021742 -0.02104377 0.002078771 0.01022607 -0.02313047 0.002297282 0.01020365 -0.02442723 0.002503156 0.01017576 -0.0250582 0.002195775 0.01037812 -0.02104532 0.002790093 0.01028579 -0.02568566 0.002248048 0.0103681 -0.02419358 0.002069413 0.01038634 -0.02262032 0.00310719 0.01022768 -0.02624803 0.00384891 0.01006329 -0.02729403 0.005948424 0.007633149 -0.03022062 0.005948424 0.007633149 -0.03022062 0.005948424 0.007633149 -0.03022062 0.006111741 0.006623864 -0.03051996 0.006111741 0.006623864 -0.03051996 0.006111741 0.006623864 -0.03051996 0.005760729 0.008294343 -0.02992022 0.005760729 0.008294343 -0.02992022 0.005512297 0.00879693 -0.02955514 0.005512297 0.00879693 -0.02955514 0.005229651 0.009153842 -0.02915847 0.005229651 0.009153842 -0.02915847 0.005229651 0.009153842 -0.02915847 0.004562318 0.009636223 -0.02825361 0.004562318 0.009636223 -0.02825361 0.004562318 0.009636223 -0.02825361 0.003842711 0.009906589 -0.0272997 0.003842711 0.009906589 -0.0272997 0.00384891 0.01006329 -0.02729403 0.006025254 0.007728338 -0.03031164 0.006025254 0.007728338 -0.03031164 0.006025254 0.007728338 -0.03031164 0.005842745 0.008385956 -0.03001815 0.005623817 0.008856296 -0.02969408 0.005623817 0.008856296 -0.02969408 0.005364358 0.009212791 -0.02932751 0.005364358 0.009212791 -0.02932751 0.005065381 0.009494781 -0.02891629 0.005065381 0.009494781 -0.02891629 0.005065381 0.009494781 -0.02891629 0.004475653 0.009846925 -0.02812314 0.004475653 0.009846925 -0.02812314 0.004475653 0.009846925 -0.02812314 0.006246268 0.005966722 -0.0307514 0.006246268 0.005966722 -0.0307514 0.006246268 0.005966722 -0.0307514 0.006169676 0.006873488 -0.03057312 0.006169676 0.006873488 -0.03057312 0.006169676 0.006873488 -0.03057312 0.006254494 0.005010426 -0.03084564 0.006176114 0.005010426 -0.03074431 0.006176114 0.005010426 -0.03074431 0.002187371 -2.1745e-4 -0.02104377 0.002187371 -2.1745e-4 -0.02104377 0.002644896 -2.34175e-4 -0.01746726 0.002644896 -2.34175e-4 -0.01746726 0.003058075 -3.20931e-4 -0.0142669 0.003066956 -4.90844e-4 -0.01426857 0.002646982 -3.9822e-4 -0.01751947 0.002646982 -3.9822e-4 -0.01751947 0.002195775 -3.78114e-4 -0.02104532 0.002770781 -1.31725e-4 -0.02566558 0.002459466 -1.82067e-4 -0.02494096 0.002237439 -2.10728e-4 -0.02419042 0.002061069 -2.27012e-4 -0.02262181 0.002187371 -2.1745e-4 -0.02104377 0.002195775 -3.78114e-4 -0.02104532 0.002088427 -3.84829e-4 -0.02314829 0.002313971 -3.60048e-4 -0.02445107 0.002790093 -2.85799e-4 -0.02568566 0.00310719 -2.27692e-4 -0.02624803 0.00384891 -6.3282e-5 -0.02729403 0.003842711 9.3413e-5 -0.0272997 0.006176114 0.004989504 -0.03074431 0.006176114 0.004989504 -0.03074431 0.006111741 0.003376126 -0.03051996 0.006111741 0.003376126 -0.03051996 0.005948424 0.002366781 -0.03022062 0.005948424 0.002366781 -0.03022062 0.005948424 0.002366781 -0.03022062 0.003842711 9.3413e-5 -0.0272997 0.004708468 4.42747e-4 -0.02844941 0.004708468 4.42747e-4 -0.02844941 0.004708468 4.42747e-4 -0.02844941 0.005288124 9.08516e-4 -0.02923953 0.005288124 9.08516e-4 -0.02923953 0.005542576 0.001251339 -0.02959841 0.005542576 0.001251339 -0.02959841 0.005542576 0.001251339 -0.02959841 0.005687117 0.001526951 -0.02980941 0.005687117 0.001526951 -0.02980941 0.005687117 0.001526951 -0.02980941 0.005836427 0.00192964 -0.03003764 0.005836427 0.00192964 -0.03003764 0.00384891 -6.3282e-5 -0.02729403 0.00476855 3.02861e-4 -0.02851486 0.00476855 3.02861e-4 -0.02851486 0.005192637 6.13236e-4 -0.02909028 0.005192637 6.13236e-4 -0.02909028 0.005192637 6.13236e-4 -0.02909028 0.005593121 0.001093387 -0.02964997 0.005593121 0.001093387 -0.02964997 0.005742251 0.001368582 -0.02986681 0.005742251 0.001368582 -0.02986681 0.005742251 0.001368582 -0.02986681 0.005905151 0.001802146 -0.0301153 0.005905151 0.001802146 -0.0301153 0.006025254 0.002271652 -0.03031164 0.006025254 0.002271652 -0.03031164 0.006169676 0.003126442 -0.03057307 0.006169676 0.003126442 -0.03057307 0.006246268 0.004033267 -0.0307514 0.006246268 0.004033267 -0.0307514 0.006246268 0.004033267 -0.0307514 0.006254494 0.004989504 -0.03084564 0.006254494 0.004989504 -0.03084564 0.006176114 0.004989504 -0.03074431 0.006254494 0.005010426 -0.03084564 0.006176114 0.005010426 -0.03074431 -0.004509985 0.005881309 -0.004023432 -0.004556357 0.005010426 -0.004049897 -0.004534602 0.00588274 -0.003974199 -0.004533171 0.005882799 -0.003988444 -0.004528403 0.005882561 -0.004001915 -0.004581034 0.005010426 -0.004000604 -0.004579544 0.005010783 -0.004015028 -0.004574656 0.005010843 -0.004028677 -0.004509985 0.004118621 -0.004023432 -0.004528403 0.004117369 -0.004001915 -0.004533171 0.00411719 -0.003988444 -0.004534602 0.00411725 -0.003974199 -0.004556357 0.004989504 -0.004049897 -0.004574656 0.004989087 -0.004028677 -0.004579544 0.004989206 -0.004015028 -0.004581034 0.004989504 -0.004000604 -0.004243671 0.007125377 -0.00412184 -0.004412651 0.006509184 -0.00404787 -0.004509985 0.005881309 -0.004023432 -0.004265606 0.007139265 -0.004072844 -0.004264771 0.007137119 -0.004087269 -0.00426054 0.007133901 -0.004100859 -0.004534602 0.00588274 -0.003974199 -0.004533171 0.005882799 -0.003988444 -0.004528403 0.005882561 -0.004001915 -0.004355788 0.006825685 -0.004056692 -0.004265606 0.002860665 -0.004072844 -0.004534602 0.00411725 -0.003974199 -0.004243671 0.002874553 -0.00412184 -0.00426054 0.002866089 -0.004100859 -0.004264771 0.00286287 -0.004087269 -0.004509985 0.004118621 -0.004023432 -0.004406213 0.003460288 -0.004050254 -0.004528403 0.004117369 -0.004001915 -0.004533171 0.00411719 -0.003988444 -0.004351675 0.003159105 -0.00405848 6.49162e-4 0.01073789 -0.007211983 -9.31822e-4 0.01034855 -0.006161689 -0.002394199 0.009501695 -0.005222558 -0.003526806 0.008399844 -0.004524946 -0.003935515 0.007800161 -0.004286646 -0.004243671 0.007125377 -0.00412184 6.64935e-4 0.0107842 -0.007169187 6.57521e-4 0.01077878 -0.007184565 6.5203e-4 0.01076847 -0.007197737 6.49184e-4 0.01075428 -0.007207155 -0.004265606 0.007139265 -0.004072844 -0.003890454 0.007929563 -0.004273891 -0.003383755 0.008616507 -0.004571259 -0.002589166 0.009387969 -0.005058705 -0.001585602 0.01007527 -0.005692958 -5.0655e-4 0.01054209 -0.006391823 7.48113e-5 0.01068818 -0.00677514 -0.004264771 0.007137119 -0.004087269 -0.00426054 0.007133901 -0.004100859 3.5698e-4 0.01072329 -0.006999969 -4.41879e-4 0.01054883 -0.006468832 -7.26558e-4 0.01045554 -0.006281673 -0.001265764 0.01022905 -0.005930423 -0.002004444 0.00980854 -0.005456387 -0.002497613 0.009450137 -0.005144953 -0.003085076 0.008925259 -0.00478053 -0.003462493 0.0085119 -0.00455141 -0.003721117 0.008174836 -0.004398047 -0.003919601 0.007867097 -0.004283666 -0.004119932 0.00748372 -0.004173099 6.64935e-4 -7.84221e-4 -0.007169187 -9.26711e-4 -3.91621e-4 -0.006117761 -0.002260744 3.57722e-4 -0.005264461 -0.003318548 0.001309692 -0.004610598 -0.003864169 0.00202775 -0.004288852 -0.004089653 0.002435982 -0.004163503 -0.004265606 0.002860665 -0.004072844 6.49169e-4 -7.37888e-4 -0.007211983 6.49177e-4 -7.54268e-4 -0.007207155 6.52038e-4 -7.68458e-4 -0.007197737 6.57514e-4 -7.78761e-4 -0.007184565 -0.004243671 0.002874553 -0.00412184 -0.003870487 0.002089679 -0.004323601 -0.00336498 0.001406371 -0.00462222 -0.00257039 6.37855e-4 -0.005111932 -0.001566708 -4.5245e-5 -0.005749642 -4.89265e-4 -5.05638e-4 -0.006452441 7.44015e-5 -6.44722e-4 -0.006826937 -0.00426054 0.002866089 -0.004100859 -0.004264771 0.00286287 -0.004087269 3.61882e-4 -7.17136e-4 -0.007010102 3.6373e-4 -7.24338e-4 -0.007004499 -7.13609e-4 -4.60188e-4 -0.006290137 -0.001256108 -2.3367e-4 -0.005936622 -0.001923143 1.38618e-4 -0.005508124 -0.002423286 4.91603e-4 -0.005191624 -0.002959668 9.52016e-4 -0.00485754 -0.003347814 0.001354694 -0.004620492 -0.003631651 0.001701891 -0.004450678 -0.003873467 0.002056419 -0.004309892 -0.003989696 0.002256512 -0.004244267 -0.004178702 0.002651035 -0.004142165 8.57189e-4 0.01076704 -0.007351636 6.49162e-4 0.01073789 -0.007211983 8.74385e-4 0.01081365 -0.0073089 8.66681e-4 0.0108084 -0.007324337 8.6084e-4 0.01079797 -0.00733757 8.57547e-4 0.01078367 -0.007347047 6.64935e-4 0.0107842 -0.007169187 6.57521e-4 0.01077878 -0.007184565 6.5203e-4 0.01076847 -0.007197737 6.49184e-4 0.01075428 -0.007207155 6.49169e-4 -7.37888e-4 -0.007211983 6.49177e-4 -7.54268e-4 -0.007207155 6.52038e-4 -7.68458e-4 -0.007197737 6.57514e-4 -7.78761e-4 -0.007184565 6.64935e-4 -7.84221e-4 -0.007169187 8.74385e-4 -8.13635e-4 -0.0073089 8.57189e-4 -7.67043e-4 -0.007351636 8.57547e-4 -7.83632e-4 -0.007347047 8.6084e-4 -7.97976e-4 -0.00733757 8.66674e-4 -8.08376e-4 -0.007324337 0.003066956 0.01049083 -0.01426857 0.003179907 0.01059234 -0.01194769 0.00283581 0.01070517 -0.01010829 0.002269744 0.01078701 -0.008823394 0.001646161 0.01081645 -0.007995545 0.001269817 0.0108053 -0.007652282 8.57189e-4 0.01076704 -0.007351636 0.003119468 0.0105381 -0.01428067 0.003100156 0.01053547 -0.0142768 0.003083348 0.01052552 -0.01427316 0.003071665 0.01050984 -0.0142703 8.74385e-4 0.01081365 -0.0073089 0.001598715 0.01086318 -0.007881104 0.002195417 0.01084393 -0.008613228 0.002647697 0.0107944 -0.009458601 0.002964913 0.01073461 -0.01036709 0.003203034 0.01065778 -0.01162075 0.003245174 0.01058989 -0.01295512 8.66681e-4 0.0108084 -0.007324337 8.6084e-4 0.01079797 -0.00733757 8.57547e-4 0.01078367 -0.007347047 0.003215253 0.0106064 -0.01233774 0.003168821 0.01055604 -0.01361507 0.003160119 0.01054972 -0.0136134 0.003183424 0.01063573 -0.01178592 0.00304681 0.01069056 -0.0108577 0.002892553 0.01073002 -0.01024043 0.002741992 0.01076006 -0.00978595 0.002460181 0.01080137 -0.009138643 0.00222671 0.01082479 -0.008724033 0.001925289 0.01084327 -0.008294701 0.001617133 0.01084834 -0.007945179 0.001430511 0.01084434 -0.007768869 0.001072347 0.01082122 -0.007484614 0.001069843 0.01081383 -0.007490098 0.003119468 -5.38093e-4 -0.01428067 0.003232538 -6.39555e-4 -0.01194834 0.002884626 -7.5244e-4 -0.01009529 0.00231111 -8.34283e-4 -0.008798182 0.001677036 -8.63634e-4 -0.00796014 0.001293361 -8.5231e-4 -0.007612228 8.74385e-4 -8.13635e-4 -0.0073089 0.003066956 -4.90844e-4 -0.01426857 0.003071665 -5.09857e-4 -0.0142703 0.003083348 -5.2554e-4 -0.01427316 0.003100156 -5.35455e-4 -0.0142768 8.57189e-4 -7.67043e-4 -0.007351636 0.001577198 -8.16134e-4 -0.007925331 0.002168178 -7.95693e-4 -0.008659601 0.002615272 -7.45051e-4 -0.009508848 0.002927243 -6.84439e-4 -0.01042228 0.003157138 -6.07047e-4 -0.01168334 0.003190815 -5.41306e-4 -0.01297867 8.57547e-4 -7.83632e-4 -0.007347047 8.6084e-4 -7.97976e-4 -0.00733757 8.66674e-4 -8.08376e-4 -0.007324337 0.003151357 -5.41153e-4 -0.01362717 0.003158569 -5.49157e-4 -0.01362872 0.003217637 -6.00003e-4 -0.01246577 0.003186106 -6.34007e-4 -0.01181656 0.003106415 -6.70939e-4 -0.01117837 0.00289905 -7.2859e-4 -0.0102626 0.002748012 -7.58981e-4 -0.009802222 0.002467989 -8.00462e-4 -0.009154021 0.00223273 -8.24295e-4 -0.008733749 0.001932322 -8.43013e-4 -0.008303642 0.001621067 -8.48393e-4 -0.007949173 0.001434624 -8.44528e-4 -0.007772564 0.001072347 -8.21204e-4 -0.007484614 0.001075565 -8.27379e-4 -0.007478058 0.002646982 0.0103982 -0.01751947 0.003066956 0.01049083 -0.01426857 0.002699315 0.01044547 -0.01753079 0.002680063 0.01044279 -0.01752704 0.002663314 0.01043283 -0.01752358 0.002651691 0.01041722 -0.0175209 0.003119468 0.0105381 -0.01428067 0.003100156 0.01053547 -0.0142768 0.003083348 0.01052552 -0.01427316 0.003071665 0.01050984 -0.0142703 0.002699315 -4.45506e-4 -0.01753079 0.003119468 -5.38093e-4 -0.01428067 0.002646982 -3.9822e-4 -0.01751947 0.002651691 -4.17178e-4 -0.0175209 0.002663314 -4.32837e-4 -0.01752358 0.002680063 -4.42781e-4 -0.01752704 0.003066956 -4.90844e-4 -0.01426857 0.003071665 -5.09857e-4 -0.0142703 0.003083348 -5.2554e-4 -0.01427316 0.003100156 -5.35455e-4 -0.0142768 0.002195775 0.01037812 -0.02104532 0.002646982 0.0103982 -0.01751947 0.002248644 0.01042538 -0.02105504 0.002229273 0.01042276 -0.02105134 0.002212405 0.01041287 -0.02104824 0.002200603 0.01039719 -0.0210461 0.002699315 0.01044547 -0.01753079 0.002680063 0.01044279 -0.01752704 0.002663314 0.01043283 -0.01752358 0.002651691 0.01041722 -0.0175209 0.002248644 -4.25392e-4 -0.02105504 0.002699315 -4.45506e-4 -0.01753079 0.002195775 -3.78114e-4 -0.02104532 0.002200603 -3.97155e-4 -0.0210461 0.002212405 -4.12856e-4 -0.02104824 0.002229273 -4.22773e-4 -0.02105134 0.002646982 -3.9822e-4 -0.01751947 0.002651691 -4.17178e-4 -0.0175209 0.002663314 -4.32837e-4 -0.01752358 0.002680063 -4.42781e-4 -0.01752704 0.002790093 0.01028579 -0.02568566 0.002248048 0.0103681 -0.02419358 0.002069413 0.01038634 -0.02262032 0.002195775 0.01037812 -0.02104532 0.002841413 0.01033258 -0.02566146 0.002823531 0.01033097 -0.02567154 0.002807319 0.01032143 -0.02567982 0.002795577 0.01030546 -0.02568477 0.002248644 0.01042538 -0.02105504 0.002142548 0.01043206 -0.02314603 0.002367556 0.01040709 -0.02443724 0.002574861 0.01037764 -0.02506226 0.002229273 0.01042276 -0.02105134 0.002212405 0.01041287 -0.02104824 0.002200603 0.01039719 -0.0210461 0.002129673 0.01041769 -0.0234099 0.002674758 0.01035225 -0.02537828 0.002666056 0.01034605 -0.02538204 0.002387106 0.01038819 -0.02463817 0.002296864 0.01039969 -0.02431911 0.002091228 0.01042103 -0.02288466 0.002123594 0.01041829 -0.02183043 0.002116322 0.0104103 -0.02182942 0.002841413 -3.3258e-4 -0.02566146 0.002528607 -3.84672e-4 -0.024939 0.002301871 -4.15237e-4 -0.02418208 0.002123355 -4.33602e-4 -0.0226224 0.002248644 -4.25392e-4 -0.02105504 0.002790093 -2.85799e-4 -0.02568566 0.002795696 -3.05481e-4 -0.02568471 0.002807319 -3.21415e-4 -0.02567982 0.002823472 -3.30809e-4 -0.0256716 0.002195775 -3.78114e-4 -0.02104532 0.002088427 -3.84829e-4 -0.02314829 0.002313971 -3.60048e-4 -0.02445107 0.002200603 -3.97155e-4 -0.0210461 0.002212405 -4.12856e-4 -0.02104824 0.002229273 -4.22773e-4 -0.02105134 0.002639532 -3.50459e-4 -0.02532154 0.002648293 -3.56677e-4 -0.02531784 0.002407014 -3.85511e-4 -0.02470147 0.002296864 -3.99721e-4 -0.02431911 0.002164304 -4.14372e-4 -0.02367115 0.002091228 -4.21016e-4 -0.02288466 0.002123594 -4.18305e-4 -0.02183043 0.002132415 -4.24566e-4 -0.02183163 0.00310719 0.01022768 -0.02624803 0.002790093 0.01028579 -0.02568566 0.003156542 0.01027435 -0.0262193 0.003139674 0.0102728 -0.02623122 0.003124177 0.01026326 -0.026241 0.003112733 0.01024734 -0.0262469 0.002841413 0.01033258 -0.02566146 0.002823531 0.01033097 -0.02567154 0.002807319 0.01032143 -0.02567982 0.002795577 0.01030546 -0.02568477 0.003156542 0.01027435 -0.0262193 0.003124177 0.01026326 -0.026241 0.003156542 -2.7437e-4 -0.0262193 0.002841413 -3.3258e-4 -0.02566146 0.00310719 -2.27692e-4 -0.02624803 0.003112733 -2.47333e-4 -0.0262469 0.003124177 -2.63263e-4 -0.026241 0.003139615 -2.72801e-4 -0.02623122 0.002790093 -2.85799e-4 -0.02568566 0.002795696 -3.05481e-4 -0.02568471 0.002807319 -3.21415e-4 -0.02567982 0.002823472 -3.30809e-4 -0.0256716 0.003124177 -2.63263e-4 -0.026241 0.00384891 0.01006329 -0.02729403 0.00310719 0.01022768 -0.02624803 0.003898143 0.0101093 -0.02726179 0.003882229 0.01010817 -0.02727574 0.003867089 0.01009887 -0.02728688 0.003855288 0.01008301 -0.02729338 0.003156542 0.01027435 -0.0262193 0.003139674 0.0102728 -0.02623122 0.003124177 0.01026326 -0.026241 0.003112733 0.01024734 -0.0262469 0.003898143 -1.0932e-4 -0.02726179 0.003156542 -2.7437e-4 -0.0262193 0.00384891 -6.3282e-5 -0.02729403 0.003855288 -8.29953e-5 -0.02729338 0.003867089 -9.8878e-5 -0.02728688 0.003882229 -1.08181e-4 -0.02727574 0.00310719 -2.27692e-4 -0.02624803 0.003112733 -2.47333e-4 -0.0262469 0.003124177 -2.63263e-4 -0.026241 0.003139615 -2.72801e-4 -0.02623122 0.006025254 0.007728338 -0.03031164 0.005842745 0.008385956 -0.03001815 0.005623817 0.008856296 -0.02969408 0.005364358 0.009212791 -0.02932751 0.005065381 0.009494781 -0.02891629 0.004475653 0.009846925 -0.02812314 0.00384891 0.01006329 -0.02729403 0.006105065 0.007741987 -0.03030294 0.006088495 0.007743716 -0.03031986 0.006064832 0.007741153 -0.03032743 0.006043076 0.007735788 -0.03032445 0.003898143 0.0101093 -0.02726179 0.004826843 0.009739995 -0.02848905 0.005256175 0.009425818 -0.02906793 0.005633473 0.008985757 -0.02958995 0.005876779 0.008519709 -0.02994191 0.006005585 0.008141636 -0.03013992 0.003882229 0.01010817 -0.02727574 0.003867089 0.01009887 -0.02728688 0.003855288 0.01008301 -0.02729338 0.006041049 0.007945537 -0.03024226 0.006030797 0.007944703 -0.03024691 0.00601983 0.007943034 -0.03024935 0.005926489 0.008274316 -0.03010004 0.005860745 0.008461534 -0.02999907 0.00575459 0.008705794 -0.02984112 0.005628228 0.008932054 -0.02965873 0.005499064 0.009117364 -0.02947628 0.0053097 0.009333848 -0.02921348 0.005157172 0.009474456 -0.02900463 0.00494486 0.009635508 -0.0287168 0.004646718 0.009810805 -0.02831703 0.004184782 0.01000237 -0.02770429 0.004177927 0.009995222 -0.02770811 0.006105065 0.002257943 -0.03030294 0.005919814 0.001592636 -0.03000682 0.005696058 0.001113772 -0.02967876 0.005431115 7.50913e-4 -0.02930766 0.005126774 4.64549e-4 -0.02889215 0.004528045 1.0799e-4 -0.02809154 0.003898143 -1.0932e-4 -0.02726179 0.006025254 0.002271652 -0.03031164 0.006040513 0.002264857 -0.0303238 0.006053864 0.002260744 -0.03032845 0.006069183 0.002257585 -0.03032863 0.006084203 0.002256155 -0.03032326 0.006096124 0.002256393 -0.03031438 0.00384891 -6.3282e-5 -0.02729403 0.00476855 3.02861e-4 -0.02851486 0.005192637 6.13236e-4 -0.02909028 0.005593121 0.001093387 -0.02964997 0.005742251 0.001368582 -0.02986681 0.005905151 0.001802146 -0.0301153 0.003855288 -8.29953e-5 -0.02729338 0.003867089 -9.8878e-5 -0.02728688 0.003882229 -1.08181e-4 -0.02727574 0.005987524 0.002024412 -0.03023219 0.005994737 0.002021908 -0.03023445 0.006002247 0.002019762 -0.03023552 0.006010353 0.002017915 -0.03023529 0.005914628 0.001688182 -0.03008306 0.005833029 0.001467585 -0.02995878 0.005721271 0.001228272 -0.02979403 0.005643308 0.001091539 -0.02968168 0.005515575 9.03708e-4 -0.02950084 0.005309462 6.65246e-4 -0.02921444 0.005156874 5.24672e-4 -0.02900552 0.004944086 3.63703e-4 -0.02871704 0.004644989 1.88386e-4 -0.0283159 0.004182755 -3.43565e-6 -0.02770268 0.00419116 -9.45805e-6 -0.02769708 0.006062626 0.002135157 -0.03027421 0.006040751 0.002200245 -0.0303061 0.006051957 0.002197742 -0.03030651 0.006025791 0.002077341 -0.03025949 0.006082713 0.002225637 -0.03030908 0.006327331 0.005968034 -0.0307461 0.006313323 0.005969345 -0.03076219 0.006300687 0.005969762 -0.03076893 0.006285727 0.005969643 -0.03077143 0.006270706 0.005969047 -0.03076893 0.006257355 0.005968093 -0.03076213 0.006246268 0.005966722 -0.0307514 0.006105065 0.007741987 -0.03030294 0.006250083 0.006881594 -0.03056669 0.006088495 0.007743716 -0.03031986 0.006064832 0.007741153 -0.03032743 0.006043076 0.007735788 -0.03032445 0.006025254 0.007728338 -0.03031164 0.006169676 0.006873488 -0.03057312 0.006170868 0.007315695 -0.03046405 0.006281197 0.006428599 -0.03068542 0.006109476 0.007528662 -0.03040361 0.006096839 0.007526218 -0.03040307 0.006169199 0.007095992 -0.03053432 0.006224274 0.006653547 -0.03064459 0.00626254 0.00619924 -0.03073376 0.006271064 0.006199657 -0.03073489 0.006111919 0.0076375 -0.03035819 0.006215393 0.006990849 -0.03055918 0.00624299 0.00676912 -0.03061455 0.006304323 0.006085097 -0.03074675 0.006065249 0.007686197 -0.03034782 0.006077885 0.00768882 -0.03034818 0.006188988 0.006933093 -0.030577 0.006211757 0.006880819 -0.0305922 0.006202757 0.006822526 -0.0306046 0.006272017 0.006027162 -0.03076148 0.006280541 0.006027519 -0.03076273 0.006095528 0.00771743 -0.03032964 0.00622487 0.006909251 -0.03058081 0.006235003 0.00688225 -0.03058373 0.006231784 0.006853818 -0.0305947 0.006308615 0.00599873 -0.03076016 0.006025254 0.002271652 -0.03031164 0.006169676 0.003126442 -0.03057307 0.006246268 0.004033267 -0.0307514 0.006040513 0.002264857 -0.0303238 0.006053864 0.002260744 -0.03032845 0.006069183 0.002257585 -0.03032863 0.006084203 0.002256155 -0.03032326 0.006096124 0.002256393 -0.03031438 0.006105065 0.002257943 -0.03030294 0.006327331 0.004031956 -0.0307461 0.006250083 0.003118455 -0.03056669 0.006262481 0.004031479 -0.03076535 0.006275832 0.004030644 -0.03077036 0.006291091 0.004030227 -0.03077113 0.006305634 0.004030287 -0.0307669 0.006317913 0.004030883 -0.03075838 0.006125211 0.002690494 -0.0304684 0.006277024 0.003571331 -0.03068786 0.00611484 0.002470552 -0.03040277 0.006122708 0.002469778 -0.03040039 0.006195187 0.002900898 -0.03053212 0.00622189 0.003346681 -0.03064393 0.006260156 0.003800928 -0.0307331 0.006066858 0.002369523 -0.03036397 0.006179213 0.003013074 -0.03056216 0.006241917 0.003230869 -0.03061509 0.006299614 0.003914654 -0.03074932 0.006291508 0.003914654 -0.0307523 0.006091356 0.00230956 -0.03034472 0.006083548 0.002310335 -0.03034722 0.006220161 0.003063619 -0.0305745 0.006235003 0.00311774 -0.03058373 0.00620222 0.003177523 -0.03060442 0.006211757 0.00311917 -0.0305922 0.006265282 0.003973305 -0.03075933 0.006050646 0.002289772 -0.03033578 0.006191194 0.003094196 -0.03058356 0.006231546 0.003146171 -0.03059482 0.00630176 0.004001021 -0.03076368 0.006293475 0.00400108 -0.03076618 0.006254494 0.005010426 -0.03084564 0.006246268 0.005966722 -0.0307514 0.006335616 0.005010426 -0.03084033 0.006322622 0.005011618 -0.03085577 0.006309926 0.005012154 -0.03086292 0.00629419 0.005012333 -0.03086578 0.006278336 0.005011975 -0.0308631 0.006265342 0.005011379 -0.03085619 0.006327331 0.005968034 -0.0307461 0.006313323 0.005969345 -0.03076219 0.006300687 0.005969762 -0.03076893 0.006285727 0.005969643 -0.03077143 0.006270706 0.005969047 -0.03076893 0.006257355 0.005968093 -0.03076213 0.006335616 0.004989504 -0.03084033 0.006327331 0.004031956 -0.0307461 0.006254494 0.004989504 -0.03084564 0.006269991 0.004988312 -0.03085923 0.006283819 0.004987776 -0.03086465 0.006299793 0.004987657 -0.03086543 0.006314992 0.004987955 -0.03086072 0.006326675 0.00498861 -0.03085219 0.006246268 0.004033267 -0.0307514 0.006262481 0.004031479 -0.03076535 0.006275832 0.004030644 -0.03077036 0.006291091 0.004030227 -0.03077113 0.006305634 0.004030287 -0.0307669 0.006317913 0.004030883 -0.03075838 0.006254494 0.004989504 -0.03084564 0.006254494 0.005010426 -0.03084564 0.006269991 0.004988312 -0.03085923 0.006283819 0.004987776 -0.03086465 0.006299793 0.004987657 -0.03086543 0.006314992 0.004987955 -0.03086072 0.006326675 0.00498861 -0.03085219 0.006335616 0.004989504 -0.03084033 0.006335616 0.005010426 -0.03084033 0.006322622 0.005011618 -0.03085577 0.006309926 0.005012154 -0.03086292 0.00629419 0.005012333 -0.03086578 0.006278336 0.005011975 -0.0308631 0.006265342 0.005011379 -0.03085619 0.005948424 0.007633149 -0.03022062 0.005820453 0.007623672 -0.03048235 0.006111741 0.006623864 -0.03051996 0.006111741 0.003376126 -0.03051996 0.005948424 0.002366781 -0.03022062 0.005820453 0.002376317 -0.03048235 0.006733 0.008049964 -3.52412e-6 0.006645143 0.008049964 0.001844286 0.006906092 0.008049964 -8.10705e-4 0.00679624 0.008049964 -4.59179e-4 0.006754338 0.008049964 -2.33483e-4 0.004266262 0.008049964 -6.60978e-4 0.00503993 0.008049964 -3.3512e-4 0.005455553 0.008049964 -2.69089e-4 0.005869746 0.008049964 -2.98098e-4 0.006281316 0.008049964 -4.30748e-4 0.00660187 0.008049964 -6.02573e-4 0.002704143 0.008049964 -0.002238512 0.00312978 0.008049964 -0.001610279 0.003659069 0.008049964 -0.001075804 -0.003171861 0.008049964 -0.003065288 -0.002548813 0.008049964 -0.003567039 -0.001798689 0.008049964 -0.003950774 -9.54509e-4 0.008049964 -0.004163026 -7.10338e-5 0.008049964 -0.004165887 7.02165e-4 0.008049964 -0.003980815 0.001339673 0.008049964 -0.003674983 0.001894295 0.008049964 -0.003262162 0.00235027 0.008049964 -0.002773225 0.002540111 0.008049964 -0.002509474 -0.003259778 0.008049964 -0.002989888 -0.003789842 0.008049964 -0.002979218 -0.003727436 0.008049964 -0.002933919 -0.003657341 0.008049964 -0.002904117 -0.003582537 0.008049964 -0.002889633 -0.003505885 0.008049964 -0.002890467 -0.003429651 0.008049964 -0.002905249 -0.003355741 0.008049964 -0.002932548 -0.003306329 0.008049964 -0.002958595 -0.003777205 0.008049964 -0.002608656 -0.003760397 0.008049964 -0.002183973 -0.003820121 0.008049964 -0.001420557 0.00139296 0.008049964 0.007886111 -3.14899e-4 0.008049964 0.006884098 -0.001819193 0.008049964 0.005403101 -0.002965986 0.008049964 0.003525137 -0.003651201 0.008049964 0.001407086 -0.003835022 0.008049964 -2.19047e-5 0.005931675 0.008049964 0.003807067 0.004748225 0.008049964 0.00558263 0.003360152 0.008049964 0.006858944 0.002394258 0.008049964 0.007455468 -0.002818286 0.008049964 -9.73854e-4 -0.002651572 0.008049964 -0.001489996 -0.002366185 0.008049964 -0.001951217 -0.001978635 0.008049964 -0.00233078 -0.001511573 0.008049964 -0.00260657 -9.92089e-4 0.008049964 -0.002762556 -4.50358e-4 0.008049964 -0.002789676 8.21277e-5 0.008049964 -0.002686321 5.7441e-4 0.008049964 -0.002458631 9.97901e-4 0.008049964 -0.00211966 0.001327931 0.008049964 -0.001689255 0.001545429 0.008049964 -0.001192331 0.001637637 0.008049964 -6.57838e-4 0.001599252 0.008049964 -1.1678e-4 0.001432538 0.008049964 3.9937e-4 0.001147091 0.008049964 8.60617e-4 7.59624e-4 0.008049964 0.001240134 2.9254e-4 0.008049964 0.001515924 -2.2696e-4 0.008049964 0.00167191 -7.68699e-4 0.008049964 0.00169903 -0.001301169 0.008049964 0.001595735 -0.001793444 0.008049964 0.001367986 -0.002216935 0.008049964 0.001029014 -0.002546966 0.008049964 5.98632e-4 -0.002764463 0.008049964 1.01715e-4 -0.002856671 0.008049964 -4.32797e-4 -0.002818286 0.001949965 -9.73854e-4 -0.002818286 0.008049964 -9.73854e-4 -0.002651572 0.008049964 -0.001489996 -0.002366185 0.008049964 -0.001951217 -0.001978635 0.008049964 -0.00233078 -0.001511573 0.008049964 -0.00260657 -9.92089e-4 0.008049964 -0.002762556 -4.50358e-4 0.008049964 -0.002789676 8.21277e-5 0.008049964 -0.002686321 5.7441e-4 0.008049964 -0.002458631 9.97901e-4 0.008049964 -0.00211966 0.001327931 0.008049964 -0.001689255 0.001545429 0.008049964 -0.001192331 0.001637637 0.008049964 -6.57838e-4 0.001599252 0.008049964 -1.1678e-4 0.001599252 0.006325662 -1.1678e-4 0.001361906 0.006288766 -0.00162965 0.001557469 0.006300985 -0.001150667 0.00163877 0.006313562 -6.32659e-4 0.001361906 0.003711163 -0.00162965 0.001599252 0.003674328 -1.1678e-4 0.00163877 0.003686368 -6.32659e-4 0.001557469 0.003699004 -0.001150667 0.001599252 0.001949965 -1.1678e-4 0.001637637 0.001949965 -6.57838e-4 0.001545429 0.001949965 -0.001192331 0.001327931 0.001949965 -0.001689255 9.97901e-4 0.001949965 -0.00211966 5.7441e-4 0.001949965 -0.002458631 8.21277e-5 0.001949965 -0.002686321 -4.50358e-4 0.001949965 -0.002789676 -9.92089e-4 0.001949965 -0.002762556 -0.001511573 0.001949965 -0.00260657 -0.001978635 0.001949965 -0.00233078 -0.002366185 0.001949965 -0.001951217 -0.002651572 0.001949965 -0.001489996 0.001361906 0.006288766 -0.00162965 0.001361906 0.003711163 -0.00162965 0.007626831 0.003683447 -0.001546382 0.007732093 0.004989504 -0.001545011 0.007732093 0.005010426 -0.001545011 0.007626831 0.006316542 -0.001546382 5.90511e-4 0.003643512 0.001357913 0.001013278 0.00364995 0.001013159 0.00134617 0.003659129 5.67131e-4 0.001501917 0.00366646 2.32026e-4 0.001599252 0.003674328 -1.1678e-4 0.00163877 0.003686368 -6.32659e-4 0.001557469 0.003699004 -0.001150667 0.001361906 0.003711163 -0.00162965 0.007626831 0.003683447 -0.001546382 0.007686257 0.003684461 -0.001599252 0.007352411 0.00367695 -0.001226603 0.007106781 0.003667593 -7.88882e-4 0.006974279 0.003658533 -3.82982e-4 0.00691539 0.003648698 4.1835e-5 0.006816565 0.003601014 0.002067685 0.001361906 0.006288766 -0.00162965 0.001557469 0.006300985 -0.001150667 0.00163877 0.006313562 -6.32659e-4 0.001599252 0.006325662 -1.1678e-4 0.001431226 0.006337285 4.02216e-4 0.001136183 0.006347239 8.74191e-4 8.80308e-4 0.006352543 0.001140713 5.90511e-4 0.006356477 0.001357913 0.006816565 0.006398916 0.002067685 0.00691539 0.006351292 4.1835e-5 0.007006347 0.006338655 -5.0674e-4 0.007221519 0.006327331 -0.001020908 0.007428705 0.006320893 -0.001327574 0.007686257 0.006315529 -0.001599252 0.007626831 0.006316542 -0.001546382 0.006808638 0.006549954 0.002066731 0.006808638 0.006549954 0.002066731 0.006760418 0.006549954 0.003081679 0.006760418 0.006549954 0.003081679 0.006760418 0.006549954 0.003081679 0.006816565 0.006398916 0.002067685 0.00691539 0.006351292 4.1835e-5 0.00691539 0.006351292 4.1835e-5 0.006895422 0.006739616 3.12924e-5 0.006895422 0.006739616 3.12924e-5 0.006833076 0.007955193 -1.73599e-6 0.006745278 0.007955193 0.001846075 0.006745278 0.007955193 0.001846075 0.006691813 0.007702112 0.003250777 0.006691813 0.007702112 0.003250777 0.006692588 0.007765173 0.003164649 0.00669527 0.00781697 0.003051102 0.00669527 0.00781697 0.003051102 0.00669527 0.00781697 0.003051102 0.006700336 0.007864356 0.002892076 0.006700336 0.007864356 0.002892076 0.00671482 0.007926523 0.002518057 0.00671482 0.007926523 0.002518057 -0.003820121 0.001949965 -0.001420557 -0.003751039 0.001949965 8.25681e-4 -0.003159165 0.001949965 0.003071546 -0.002185165 0.001949965 0.00490719 -0.00100845 0.001949965 0.006291627 1.51642e-4 0.001949965 0.00721544 0.00139296 0.001949965 0.007886111 -0.003760397 0.001949965 -0.002183973 -0.003777205 0.001949965 -0.002608656 -0.003789842 0.001949965 -0.002979218 -0.003259778 0.001949965 -0.002989888 -0.003343403 0.001949965 -0.002938449 -0.0034343 0.001949965 -0.002903938 -0.003528654 0.001949965 -0.002888679 -0.003622651 0.001949965 -0.002895414 -0.003703057 0.001949965 -0.002921462 -0.003748416 0.001949965 -0.002946794 -0.003171861 0.001949965 -0.003065288 0.002704143 0.001949965 -0.002238512 0.002256393 0.001949965 -0.00288856 0.001653552 0.001949965 -0.00346136 9.11087e-4 0.001949965 -0.003897428 6.96406e-5 0.001949965 -0.004145741 -8.10184e-4 0.001949965 -0.004178524 -0.001661539 0.001949965 -0.003999948 -0.002427399 0.001949965 -0.003643512 -0.002822875 0.001949965 -0.003370702 0.004266262 0.001949965 -6.60978e-4 0.003659069 0.001949965 -0.001075804 0.00312978 0.001949965 -0.001610279 0.006906092 0.001949965 -8.10705e-4 0.006229877 0.001949965 -4.08418e-4 0.005862474 0.001949965 -2.96723e-4 0.005448222 0.001949965 -2.69473e-4 0.005027711 0.001949965 -3.38361e-4 0.004638612 0.001949965 -4.7639e-4 0.006733 0.001949965 -3.52412e-6 0.006777048 0.001949965 -3.69437e-4 0.006831288 0.001949965 -5.92433e-4 0.006645143 0.001949965 0.001844286 0.002926886 0.001949965 0.007150888 0.004331648 0.001949965 0.006030499 0.005488097 0.001949965 0.004588365 0.00618869 0.001949965 0.003247976 -0.002818286 0.001949965 -9.73854e-4 -0.002856671 0.001949965 -4.32797e-4 -0.002764463 0.001949965 1.01715e-4 -0.002546966 0.001949965 5.98632e-4 -0.002216935 0.001949965 0.001029014 -0.001793444 0.001949965 0.001367986 -0.001301169 0.001949965 0.001595735 -7.68699e-4 0.001949965 0.00169903 -2.2696e-4 0.001949965 0.00167191 2.9254e-4 0.001949965 0.001515924 7.59624e-4 0.001949965 0.001240134 0.001147091 0.001949965 8.60617e-4 0.001432538 0.001949965 3.9937e-4 0.001599252 0.001949965 -1.1678e-4 0.001637637 0.001949965 -6.57838e-4 0.001545429 0.001949965 -0.001192331 0.001327931 0.001949965 -0.001689255 9.97901e-4 0.001949965 -0.00211966 5.7441e-4 0.001949965 -0.002458631 8.21277e-5 0.001949965 -0.002686321 -4.50358e-4 0.001949965 -0.002789676 -9.92089e-4 0.001949965 -0.002762556 -0.001511573 0.001949965 -0.00260657 -0.001978635 0.001949965 -0.00233078 -0.002366185 0.001949965 -0.001951217 -0.002651572 0.001949965 -0.001489996 0.006745278 0.002044737 0.001846075 0.006745278 0.002044737 0.001846075 0.006712913 0.002078592 0.002564549 0.006712913 0.002078592 0.002564549 0.006695032 0.002186179 0.003059685 0.006695032 0.002186179 0.003059685 0.006695032 0.002186179 0.003059685 0.006692647 0.002232789 0.003161191 0.006691813 0.002297878 0.003250777 0.006691813 0.002297878 0.003250777 0.006833076 0.002044737 -1.73599e-6 0.006895422 0.003260314 3.12924e-5 0.006895422 0.003260314 3.12924e-5 0.00691539 0.003648698 4.1835e-5 0.00691539 0.003648698 4.1835e-5 0.006816565 0.003601014 0.002067685 0.006808638 0.003449976 0.002066731 0.006808638 0.003449976 0.002066731 0.006760418 0.003449976 0.003081679 0.006760418 0.003449976 0.003081679 0.006760418 0.003449976 0.003081679 0.006833076 0.007955193 -1.73599e-6 0.006875038 0.007955551 -3.50229e-4 0.006926715 0.00795567 -5.62616e-4 0.006997942 0.007955729 -7.70506e-4 0.006895422 0.006739616 3.12924e-5 0.006986737 0.006731033 -5.19171e-4 0.007207095 0.006729722 -0.001042723 0.007416963 0.006733119 -0.001350462 0.00766474 0.006739616 -0.001610934 0.007588326 0.008239507 -0.001652181 0.007124602 0.007989704 -0.001044929 0.007276833 0.008068561 -0.00129342 0.007424116 0.008150815 -0.001482427 0.00691539 0.006351292 4.1835e-5 0.007006347 0.006338655 -5.0674e-4 0.007221519 0.006327331 -0.001020908 0.007428705 0.006320893 -0.001327574 0.007686257 0.006315529 -0.001599252 0.00766474 0.006739616 -0.001610934 0.006895422 0.006739616 3.12924e-5 0.006986737 0.006731033 -5.19171e-4 0.007207095 0.006729722 -0.001042723 0.007416963 0.006733119 -0.001350462 0.007588326 0.001760423 -0.001652181 0.00766474 0.003260314 -0.001610934 0.007306516 0.003268957 -0.001201868 0.007046282 0.003270268 -6.99442e-4 0.006941735 0.003266811 -3.35909e-4 0.006895422 0.003260314 3.12924e-5 0.006833076 0.002044737 -1.73599e-6 0.006997942 0.00204426 -7.70506e-4 0.006893336 0.002044379 -4.35714e-4 0.006853401 0.002044558 -2.20761e-4 0.007355928 0.001887261 -0.001399993 0.00715816 0.00199449 -0.001105725 0.007072865 0.002030432 -9.42647e-4 0.007686257 0.003684461 -0.001599252 0.007352411 0.00367695 -0.001226603 0.007106781 0.003667593 -7.88882e-4 0.006974279 0.003658533 -3.82982e-4 0.00691539 0.003648698 4.1835e-5 0.006895422 0.003260314 3.12924e-5 0.00766474 0.003260314 -0.001610934 0.007306516 0.003268957 -0.001201868 0.007046282 0.003270268 -6.99442e-4 0.006941735 0.003266811 -3.35909e-4 -0.00392574 0.003449976 8.43119e-4 -0.0022071 0.003449976 0.001039028 0.001705288 0.003449976 0.00821644 -5.33536e-5 0.003449976 0.007304728 -0.00161767 0.003449976 0.005928516 -0.002847194 0.003449976 0.004168868 -0.003538846 0.003449976 0.002539217 0.002052187 0.003449976 0.008206367 0.00193876 0.003449976 0.008239328 0.001832306 0.003449976 0.008244037 0.001767814 0.003449976 0.008234798 0.003748416 0.003449976 0.007223129 0.005227684 0.003449976 0.005809128 0.006076872 0.003449976 0.004596173 0.006718158 0.003449976 0.003278434 0.006760418 0.003449976 0.003081679 0.006749629 0.003449976 0.003170847 0.006736338 0.003449976 0.003225386 0.006808638 0.003449976 0.002066731 5.90511e-4 0.003449976 0.001357913 -0.001812696 0.003449976 0.001355946 -0.001357436 0.003449976 0.001576721 -8.64364e-4 0.003449976 0.001690149 -3.58388e-4 0.003449976 0.001690566 1.34885e-4 0.003449976 0.001577973 0.001805961 0.002189874 0.008176147 0.001694917 0.002117633 0.008130609 0.001571714 0.002071917 0.008079946 0.00146228 0.002051174 0.008034467 0.001353323 0.002044737 0.007988154 -3.64818e-4 0.002044737 0.00698179 -0.001880347 0.002044737 0.005496144 -0.003039777 0.002044737 0.003612041 -0.00373882 0.002044737 0.001484632 -0.003933608 0.002044737 1.39028e-5 -0.003920018 0.002044737 -0.001426041 -0.003932595 0.002284765 -0.001426756 -0.003942072 0.002319455 -0.001322269 -0.003946483 0.002341866 -0.001274228 -0.003950595 0.00237292 -0.001234829 -0.00395447 0.002410948 -0.001202881 -0.003958284 0.00245577 -0.001176476 -0.003962278 0.002509772 -0.001153647 -0.003971695 0.002652943 -0.001115679 -0.00398606 0.002904891 -0.001091897 -0.004075169 0.004556715 -0.001039683 -0.004065871 0.004324972 -9.67782e-4 -0.004058301 0.004112899 -8.42441e-4 -0.00405091 0.003925859 -6.72683e-4 -0.004041969 0.003769457 -4.67479e-4 -0.004029691 0.003647148 -2.35938e-4 -0.004006385 0.003534793 1.00344e-4 -0.003984391 0.003488659 3.50684e-4 -0.00395739 0.003469586 6.03642e-4 -0.003926455 0.003463923 8.43033e-4 -0.00392574 0.003449976 8.43119e-4 0.001705288 0.003449976 0.00821644 -5.33536e-5 0.003449976 0.007304728 -0.00161767 0.003449976 0.005928516 -0.002847194 0.003449976 0.004168868 -0.003538846 0.003449976 0.002539217 -0.003920018 0.002044737 -0.001426041 -0.003920018 0.002044737 -0.001426041 -0.003850519 0.002044737 -0.002313733 -0.003932595 0.002284765 -0.001426756 -0.003883242 0.00213325 -0.001955449 -0.003883242 0.00213325 -0.001955449 -0.00392574 0.003449976 8.43119e-4 -0.00392574 0.003449976 8.43119e-4 -0.00392574 0.003449976 8.43119e-4 -0.00392574 0.003449976 8.43119e-4 -0.0022071 0.003449976 0.001039028 -0.0022071 0.003449976 0.001039028 -0.003926455 0.003463923 8.43033e-4 -0.003926455 0.003463923 8.43033e-4 -0.003926455 0.003463923 8.43033e-4 -0.003926455 0.003463923 8.43033e-4 -0.003923535 0.003508567 8.43372e-4 -0.003910541 0.003551125 8.44851e-4 -0.003910541 0.003551125 8.44851e-4 -0.003910541 0.003551125 8.44851e-4 -0.003888487 0.00358963 8.47362e-4 -0.003858506 0.003622174 8.50782e-4 -0.003858506 0.003622174 8.50782e-4 -0.003858506 0.003622174 8.50782e-4 -0.003822088 0.003647208 8.54932e-4 -0.003822088 0.003647208 8.54932e-4 -0.00378108 0.003664076 8.59603e-4 -0.00378108 0.003664076 8.59603e-4 -0.003750503 0.003670752 8.63094e-4 -0.003750503 0.003670752 8.63094e-4 -0.003719151 0.003672897 8.66659e-4 -0.003719151 0.003672897 8.66659e-4 -0.003240346 0.003669619 9.21253e-4 -0.003240346 0.003669619 9.21253e-4 -0.0022071 0.003765702 0.001039028 5.90511e-4 0.003643512 0.001357913 5.90511e-4 0.003449976 0.001357913 0.006816565 0.003601014 0.002067685 0.006808638 0.003449976 0.002066731 5.90511e-4 0.006549954 0.001357913 5.90511e-4 0.006356477 0.001357913 0.006808638 0.006549954 0.002066731 0.006816565 0.006398916 0.002067685 5.90511e-4 0.006549954 0.001357913 1.34885e-4 0.006549954 0.001577973 -3.58388e-4 0.006549954 0.001690566 -8.64364e-4 0.006549954 0.001690149 -0.001357436 0.006549954 0.001576721 -0.001812696 0.006549954 0.001355946 -0.0022071 0.006549954 0.001039028 -0.00392574 0.006549954 8.43119e-4 0.001705288 0.006549954 0.00821644 -5.33536e-5 0.006549954 0.007304728 -0.00161767 0.006549954 0.005928516 -0.002847194 0.006549954 0.004168868 -0.003538846 0.006549954 0.002539217 0.001808702 0.006549954 0.008241415 0.001914978 0.006549954 0.008242011 0.001984894 0.006549954 0.008229315 0.002052187 0.006549954 0.008206367 0.003748416 0.006549954 0.007223129 0.005227684 0.006549954 0.005809128 0.006076872 0.006549954 0.004596173 0.006718158 0.006549954 0.003278434 0.006744921 0.006549954 0.003192722 0.006755173 0.006549954 0.003137528 0.006760418 0.006549954 0.003081679 0.006808638 0.006549954 0.002066731 0.001353323 0.007955193 0.007988154 0.001511633 0.007941365 0.00805509 0.001666843 0.00789529 0.008119106 0.001739203 0.007858037 0.008148729 0.001805961 0.007810115 0.008176147 0.001705288 0.006549954 0.00821644 -5.33536e-5 0.006549954 0.007304728 -0.00161767 0.006549954 0.005928516 -0.002847194 0.006549954 0.004168868 -0.003538846 0.006549954 0.002539217 -0.00392574 0.006549954 8.43119e-4 -0.003926455 0.006536066 8.43033e-4 -0.00395739 0.006530404 6.03642e-4 -0.004008412 0.006459116 7.50758e-5 -0.004037082 0.006288468 -3.68364e-4 -0.004050374 0.006085336 -6.60334e-4 -0.004059374 0.005856573 -8.6467e-4 -0.004066467 0.005658328 -9.75273e-4 -0.004075169 0.005443215 -0.001039683 -0.00398606 0.007095098 -0.001091897 -0.003969371 0.007383525 -0.001123189 -0.003959715 0.007525444 -0.001167714 -0.003953814 0.007596075 -0.001208007 -0.003949284 0.007637798 -0.001246571 -0.003945767 0.007662296 -0.001281321 -0.003942072 0.007680475 -0.001322269 -0.003932595 0.007715165 -0.001426756 -0.003920018 0.007955193 -0.001426041 -0.00385195 0.007955193 8.3296e-4 -0.003261327 0.007955193 0.003092765 -0.002287507 0.007955193 0.004943609 -0.001109242 0.007955193 0.006343305 7.92444e-5 0.007955193 0.007297575 -0.003932595 0.007715165 -0.001426756 -0.003883242 0.00786674 -0.001955449 -0.003883242 0.00786674 -0.001955449 -0.003920018 0.007955193 -0.001426041 -0.003920018 0.007955193 -0.001426041 -0.003850519 0.007955193 -0.002313733 -0.0022071 0.006234228 0.001039028 -0.003240346 0.00633037 9.21253e-4 -0.003240346 0.00633037 9.21253e-4 -0.003719151 0.006327092 8.66659e-4 -0.003719151 0.006327092 8.66659e-4 -0.003768324 0.006332516 8.6106e-4 -0.003768324 0.006332516 8.6106e-4 -0.003768324 0.006332516 8.6106e-4 -0.003814697 0.006348967 8.55774e-4 -0.003814697 0.006348967 8.55774e-4 -0.003855884 0.00637561 8.51087e-4 -0.003855884 0.00637561 8.51087e-4 -0.003886461 0.006407618 8.47593e-4 -0.003907322 0.006441771 8.45224e-4 -0.003907322 0.006441771 8.45224e-4 -0.003920912 0.006479442 8.43663e-4 -0.003920912 0.006479442 8.43663e-4 -0.0039258 0.006507456 8.43108e-4 -0.003926455 0.006536066 8.43033e-4 -0.003926455 0.006536066 8.43033e-4 -0.003926455 0.006536066 8.43033e-4 -0.00392574 0.006549954 8.43119e-4 -0.00392574 0.006549954 8.43119e-4 -0.00392574 0.006549954 8.43119e-4 -0.0022071 0.006549954 0.001039028 -0.0022071 0.006549954 0.001039028 -0.003757834 0.006319999 5.74164e-4 -0.003719151 0.006327092 8.66659e-4 -0.003240346 0.00633037 9.21253e-4 -0.003987073 0.005357086 -8.58642e-4 -0.002808272 0.00538069 -6.80126e-5 -0.00397402 0.005541324 -8.14281e-4 -0.003959536 0.005712389 -7.28086e-4 -0.003942966 0.005866765 -6.06075e-4 -0.003923594 0.006000876 -4.54292e-4 -0.003900587 0.006111383 -2.78953e-4 -0.003863155 0.006220877 -2.01911e-5 -0.003814995 0.006291925 2.72572e-4 -0.003757834 0.006319999 5.74164e-4 -0.003240346 0.00633037 9.21253e-4 -0.0022071 0.006234228 0.001039028 -0.00280267 0.005517363 -4.23193e-5 -0.002790093 0.005645036 9.50322e-6 -0.002769947 0.005760669 8.32118e-5 -0.002741456 0.00586152 1.73729e-4 -0.002704143 0.005947411 2.75992e-4 -0.002640366 0.006040275 4.23267e-4 -0.002550542 0.006118059 5.92533e-4 -0.002394914 0.006190955 8.23922e-4 -0.002808272 0.00538069 -6.80126e-5 -0.002814471 0.005010426 -9.75095e-5 -0.002814471 0.005010426 -9.75095e-5 -0.004003763 0.005010426 -8.93541e-4 -0.003987073 0.005357086 -8.58642e-4 -0.003987073 0.005357086 -8.58642e-4 -0.004004955 0.004999995 -8.94699e-4 -0.004003763 0.005010426 -8.93541e-4 -0.002814471 0.005010426 -9.75095e-5 -0.00281459 0.004999995 -9.7923e-5 -0.004003763 0.004989504 -8.93541e-4 -0.002814471 0.004989504 -9.75095e-5 -0.004004955 0.004999995 -8.94699e-4 -0.00281459 0.004999995 -9.7923e-5 -0.002814471 0.004989504 -9.75095e-5 -0.002808272 0.00461924 -6.80126e-5 -0.003987073 0.004642844 -8.58642e-4 -0.004003763 0.004989504 -8.93541e-4 -0.003240346 0.003669619 9.21253e-4 -0.0022071 0.003765702 0.001039028 -0.003757834 0.00367999 5.74164e-4 -0.003844261 0.003744482 9.93088e-5 -0.003897786 0.003877818 -2.58192e-4 -0.003931879 0.004051327 -5.19499e-4 -0.003954231 0.004233479 -6.90348e-4 -0.003971099 0.004421532 -7.99268e-4 -0.003979325 0.004530131 -8.37095e-4 -0.003987073 0.004642844 -8.58642e-4 -0.002808272 0.00461924 -6.80126e-5 -0.002484023 0.003844439 6.99155e-4 -0.002636194 0.003955125 4.3188e-4 -0.002725839 0.004098236 2.18287e-4 -0.002758324 0.00419259 1.21739e-4 -0.002782225 0.004302442 3.94583e-5 -0.002798378 0.004429161 -2.40095e-5 -0.002804994 0.004522323 -5.28246e-5 -0.00395739 0.003469586 6.03642e-4 -0.003926455 0.003463923 8.43033e-4 -0.003757834 0.00367999 5.74164e-4 -0.003802716 0.003674805 5.82013e-4 -0.003848314 0.003658175 5.89654e-4 -0.003886282 0.003632962 5.95689e-4 -0.003915131 0.003602981 5.99973e-4 -0.003937005 0.003567993 6.02864e-4 -0.003951013 0.003530561 6.04272e-4 -0.003956615 0.003499507 6.04372e-4 -0.003719151 0.003672897 8.66659e-4 -0.003923535 0.003508567 8.43372e-4 -0.003910541 0.003551125 8.44851e-4 -0.003888487 0.00358963 8.47362e-4 -0.003858506 0.003622174 8.50782e-4 -0.003822088 0.003647208 8.54932e-4 -0.00378108 0.003664076 8.59603e-4 -0.003750503 0.003670752 8.63094e-4 -0.004075169 0.004556715 -0.001039683 -0.004078447 0.004622399 -0.001042962 -0.003987073 0.004642844 -8.58642e-4 -0.004020869 0.004638671 -8.87297e-4 -0.004048764 0.004634082 -9.24669e-4 -0.004064321 0.004630446 -9.57787e-4 -0.004074037 0.004626929 -9.92715e-4 -0.004077613 0.004624605 -0.001017928 -0.003757834 0.00367999 5.74164e-4 -0.003844261 0.003744482 9.93088e-5 -0.003897786 0.003877818 -2.58192e-4 -0.003931879 0.004051327 -5.19499e-4 -0.003954231 0.004233479 -6.90348e-4 -0.003971099 0.004421532 -7.99268e-4 -0.003979325 0.004530131 -8.37095e-4 -0.003802716 0.003674805 5.82013e-4 -0.003848314 0.003658175 5.89654e-4 -0.003886282 0.003632962 5.95689e-4 -0.003915131 0.003602981 5.99973e-4 -0.003937005 0.003567993 6.02864e-4 -0.003951013 0.003530561 6.04272e-4 -0.003956615 0.003499507 6.04372e-4 -0.00395739 0.003469586 6.03642e-4 -0.004065871 0.004324972 -9.67782e-4 -0.004058301 0.004112899 -8.42441e-4 -0.00405091 0.003925859 -6.72683e-4 -0.004041969 0.003769457 -4.67479e-4 -0.004029691 0.003647148 -2.35938e-4 -0.004006385 0.003534793 1.00344e-4 -0.003984391 0.003488659 3.50684e-4 -0.004051804 0.004541695 -9.23984e-4 -0.00404644 0.004436373 -8.92557e-4 -0.004043459 0.004378676 -8.6895e-4 -0.004038095 0.004275202 -8.14658e-4 -0.004032909 0.004181921 -7.51212e-4 -0.004026651 0.004080355 -6.64294e-4 -0.00402081 0.004000306 -5.79759e-4 -0.004014492 0.00392735 -4.87138e-4 -0.00400412 0.003837883 -3.43986e-4 -0.003995537 0.003784418 -2.36239e-4 -0.003978669 0.003712236 -4.61303e-5 -0.003962814 0.003669559 1.12124e-4 -0.003950238 0.003647089 2.27235e-4 -0.003918826 0.003620147 4.81427e-4 -0.003934502 0.003600716 4.82291e-4 -0.003947556 0.003579735 4.82563e-4 -0.004078447 0.004622399 -0.001042962 -0.004094421 0.004971265 -0.001053571 -0.004003763 0.004989504 -8.93541e-4 -0.004037141 0.004985392 -9.21614e-4 -0.004064738 0.004980862 -9.58383e-4 -0.00408411 0.004976212 -0.001001596 -0.004090785 0.004973649 -0.001027405 -0.003987073 0.004642844 -8.58642e-4 -0.004020869 0.004638671 -8.87297e-4 -0.004048764 0.004634082 -9.24669e-4 -0.004064321 0.004630446 -9.57787e-4 -0.004074037 0.004626929 -9.92715e-4 -0.004077613 0.004624605 -0.001017928 -0.004094421 0.004971265 -0.001053571 -0.004095196 0.004988312 -0.001053869 -0.004095315 0.004990518 -0.001053869 -0.004004955 0.004999995 -8.94699e-4 -0.004038035 0.004997432 -9.22721e-4 -0.004065454 0.004994928 -9.59296e-4 -0.004084825 0.004992604 -0.001002252 -0.00409156 0.004991471 -0.001027882 -0.004003763 0.004989504 -8.93541e-4 -0.004037141 0.004985392 -9.21614e-4 -0.004064738 0.004980862 -9.58383e-4 -0.00408411 0.004976212 -0.001001596 -0.004090785 0.004973649 -0.001027405 -0.004095315 0.004990518 -0.001053869 -0.004095315 0.005009472 -0.001053869 -0.004004955 0.004999995 -8.94699e-4 -0.004038035 0.005002558 -9.22721e-4 -0.004065454 0.005005061 -9.59296e-4 -0.004084825 0.005007326 -0.001002252 -0.00409156 0.005008459 -0.001027882 -0.004038035 0.004997432 -9.22721e-4 -0.004065454 0.004994928 -9.59296e-4 -0.004084825 0.004992604 -0.001002252 -0.00409156 0.004991471 -0.001027882 -0.004095315 0.005009472 -0.001053869 -0.004095196 0.005011618 -0.001053869 -0.004094421 0.005028724 -0.001053571 -0.004003763 0.005010426 -8.93541e-4 -0.004037141 0.005014538 -9.21614e-4 -0.004064738 0.005019068 -9.58383e-4 -0.00408411 0.005023777 -0.001001596 -0.004090785 0.00502628 -0.001027405 -0.004004955 0.004999995 -8.94699e-4 -0.004038035 0.005002558 -9.22721e-4 -0.004065454 0.005005061 -9.59296e-4 -0.004084825 0.005007326 -0.001002252 -0.00409156 0.005008459 -0.001027882 -0.004094421 0.005028724 -0.001053571 -0.004078447 0.005377531 -0.001042962 -0.003987073 0.005357086 -8.58642e-4 -0.004020929 0.005361258 -8.87193e-4 -0.004048764 0.005365908 -9.24647e-4 -0.004068076 0.005370676 -9.68695e-4 -0.004076302 0.005374252 -0.001005768 -0.004003763 0.005010426 -8.93541e-4 -0.004037141 0.005014538 -9.21614e-4 -0.004064738 0.005019068 -9.58383e-4 -0.00408411 0.005023777 -0.001001596 -0.004090785 0.00502628 -0.001027405 -0.004078447 0.005377531 -0.001042962 -0.004075169 0.005443215 -0.001039683 -0.00395739 0.006530404 6.03642e-4 -0.004008412 0.006459116 7.50758e-5 -0.004037082 0.006288468 -3.68364e-4 -0.004050374 0.006085336 -6.60334e-4 -0.004059374 0.005856573 -8.6467e-4 -0.004066467 0.005658328 -9.75273e-4 -0.003757834 0.006319999 5.74164e-4 -0.003802895 0.006325602 5.82024e-4 -0.003848433 0.006342411 5.89654e-4 -0.003886282 0.006367146 5.95689e-4 -0.003915011 0.006397008 5.99951e-4 -0.003936469 0.006431818 6.02759e-4 -0.003950417 0.006469249 6.0416e-4 -0.003956377 0.006500363 6.04331e-4 -0.003987073 0.005357086 -8.58642e-4 -0.00397402 0.005541324 -8.14281e-4 -0.003959536 0.005712389 -7.28086e-4 -0.003942966 0.005866765 -6.06075e-4 -0.003923594 0.006000876 -4.54292e-4 -0.003900587 0.006111383 -2.78953e-4 -0.003863155 0.006220877 -2.01911e-5 -0.003814995 0.006291925 2.72572e-4 -0.004020929 0.005361258 -8.87193e-4 -0.004048764 0.005365908 -9.24647e-4 -0.004068076 0.005370676 -9.68695e-4 -0.004076302 0.005374252 -0.001005768 -0.003884494 0.006343185 4.34976e-4 -0.003900527 0.006354749 4.36261e-4 -0.003913044 0.006365537 4.37058e-4 -0.003954112 0.00634706 1.92724e-4 -0.003970682 0.006311893 3.599e-5 -0.003990113 0.006242871 -1.72209e-4 -0.004001379 0.006180942 -3.08372e-4 -0.00400871 0.006126463 -4.05699e-4 -0.004018008 0.006033122 -5.39415e-4 -0.004023671 0.005961775 -6.21919e-4 -0.004030466 0.005859613 -7.18348e-4 -0.004035353 0.005775392 -7.82296e-4 -0.004040122 0.005687117 -8.36503e-4 -0.00404489 0.005593895 -8.80916e-4 -0.004049777 0.005497574 -9.14045e-4 -0.003757834 0.006319999 5.74164e-4 -0.003719151 0.006327092 8.66659e-4 -0.003802895 0.006325602 5.82024e-4 -0.003848433 0.006342411 5.89654e-4 -0.003886282 0.006367146 5.95689e-4 -0.003915011 0.006397008 5.99951e-4 -0.003936469 0.006431818 6.02759e-4 -0.003950417 0.006469249 6.0416e-4 -0.003956377 0.006500363 6.04331e-4 -0.00395739 0.006530404 6.03642e-4 -0.003926455 0.006536066 8.43033e-4 -0.003768324 0.006332516 8.6106e-4 -0.003814697 0.006348967 8.55774e-4 -0.003855884 0.00637561 8.51087e-4 -0.003886461 0.006407618 8.47593e-4 -0.003907322 0.006441771 8.45224e-4 -0.003920912 0.006479442 8.43663e-4 -0.0039258 0.006507456 8.43108e-4 0.007588326 0.008239507 -0.001652181 0.006573617 0.008239507 -8.3416e-4 0.00609076 0.008239507 -5.83623e-4 0.005812346 0.008239507 -5.07921e-4 0.005528628 0.008239507 -4.85308e-4 0.005242586 0.008239507 -5.13859e-4 0.004886209 0.008239507 -6.13514e-4 0.004621922 0.008239507 -7.24126e-4 0.004361331 0.008239507 -8.57346e-4 0.004358112 0.008197247 -8.50655e-4 0.004350066 0.008154988 -8.3401e-4 0.004337072 0.008116364 -8.0727e-4 0.004320025 0.008084893 -7.72007e-4 0.004300296 0.008063197 -7.31245e-4 0.00428307 0.008053123 -6.9575e-4 0.004266262 0.008049964 -6.60978e-4 0.00503993 0.008049964 -3.3512e-4 0.005455553 0.008049964 -2.69089e-4 0.005869746 0.008049964 -2.98098e-4 0.006281316 0.008049964 -4.30748e-4 0.00660187 0.008049964 -6.02573e-4 0.006906092 0.008049964 -8.10705e-4 0.00721842 0.008116424 -0.001259028 0.004463195 0.00810492 -7.26491e-4 0.004469394 0.008119344 -7.40189e-4 0.004474878 0.008134961 -7.52348e-4 0.004834055 0.008104979 -5.60254e-4 0.004970431 0.008104979 -5.12883e-4 0.005153357 0.008104979 -4.6286e-4 0.005348145 0.008105039 -4.29004e-4 0.005496203 0.008105039 -4.18209e-4 0.005688309 0.00810492 -4.23715e-4 0.005834996 0.00810492 -4.43555e-4 0.005980193 0.00810492 -4.77165e-4 0.006170988 0.00810492 -5.43579e-4 0.006420314 0.00810492 -6.648e-4 0.006570637 0.00810492 -7.54505e-4 0.006718397 0.00810492 -8.53173e-4 0.004361331 0.008239507 -8.57346e-4 0.004358112 0.008197247 -8.50655e-4 0.004350066 0.008154988 -8.3401e-4 0.004337072 0.008116364 -8.0727e-4 0.004320025 0.008084893 -7.72007e-4 0.004300296 0.008063197 -7.31245e-4 0.00428307 0.008053123 -6.9575e-4 0.004266262 0.008049964 -6.60978e-4 0.003784298 0.008239507 -0.001251578 0.003281235 0.008239507 -0.001759648 0.002876639 0.008239507 -0.002356708 0.002870798 0.008197247 -0.002352654 0.002856135 0.008154988 -0.002342641 0.002832651 0.008116364 -0.002326548 0.002801656 0.008084893 -0.002305328 0.002765893 0.008063197 -0.002280771 0.002734661 0.008053123 -0.002259433 0.002704143 0.008049964 -0.002238512 0.00312978 0.008049964 -0.001610279 0.003659069 0.008049964 -0.001075804 0.003756165 0.008123517 -0.001212179 0.003487288 0.008123517 -0.001459419 0.003247201 0.008123517 -0.00172609 0.002876639 0.008239507 -0.002356708 0.002870798 0.008197247 -0.002352654 0.002856135 0.008154988 -0.002342641 0.002832651 0.008116364 -0.002326548 0.002801656 0.008084893 -0.002305328 0.002765893 0.008063197 -0.002280771 0.002734661 0.008053123 -0.002259433 0.002704143 0.008049964 -0.002238512 0.002419531 0.008239507 -0.003024041 0.001807093 0.008239507 -0.003615617 0.001053512 0.008239507 -0.004073321 1.97127e-4 0.008239507 -0.00434637 -7.04303e-4 0.008239507 -0.004405081 -0.001585304 0.008239507 -0.004250049 -0.002388119 0.008239507 -0.003910601 -0.002877175 0.008239507 -0.003592133 -0.003302574 0.008239507 -0.003226161 -0.003299236 0.008203864 -0.003222048 -0.003290116 0.008164346 -0.003210842 -0.003273248 0.008123517 -0.0031901 -0.003250181 0.008089721 -0.003161668 -0.003223121 0.008065938 -0.003128409 -0.003198266 0.008054077 -0.003097832 -0.003171861 0.008049964 -0.003065288 -0.002548813 0.008049964 -0.003567039 -0.001798689 0.008049964 -0.003950774 -9.54509e-4 0.008049964 -0.004163026 -7.10338e-5 0.008049964 -0.004165887 7.02165e-4 0.008049964 -0.003980815 0.001339673 0.008049964 -0.003674983 0.001894295 0.008049964 -0.003262162 0.00235027 0.008049964 -0.002773225 0.002540111 0.008049964 -0.002509474 -0.003082156 0.008149743 -0.003391087 -0.003077089 0.00813651 -0.003383994 -0.003071188 0.008123517 -0.003375649 -0.0027408 0.008123517 -0.003633439 -0.002499043 0.008123517 -0.003791391 -0.002113282 0.008123517 -0.003997504 -0.001711249 0.008123517 -0.004159152 -0.001275002 0.008123517 -0.004279315 -8.35747e-4 0.008123517 -0.004346191 -3.76038e-4 0.008123517 -0.00435996 7.00951e-5 0.008123517 -0.004318237 4.75228e-4 0.008123517 -0.004231452 8.96692e-4 0.008123517 -0.004087865 0.001230299 0.008123517 -0.003931403 0.001603722 0.008123517 -0.003704488 0.001889824 0.008123517 -0.003486752 0.002199232 0.008123517 -0.003197968 0.002428412 0.008123517 -0.002938508 0.002533018 0.008123517 -0.002803683 0.002755939 0.008123517 -0.002471864 0.002737641 0.008100807 -0.002458274 0.002717673 0.008082687 -0.002443432 -0.003302574 0.008239507 -0.003226161 -0.003299236 0.008203864 -0.003222048 -0.003290116 0.008164346 -0.003210842 -0.003273248 0.008123517 -0.0031901 -0.003250181 0.008089721 -0.003161668 -0.003223121 0.008065938 -0.003128409 -0.003198266 0.008054077 -0.003097832 -0.003171861 0.008049964 -0.003065288 -0.003366827 0.008211195 -0.003166198 -0.003359675 0.008169472 -0.003154397 -0.003346979 0.008129656 -0.003133416 -0.003329098 0.008095443 -0.003103971 -0.003307282 0.008069932 -0.003068089 -0.0032835 0.008054733 -0.003028929 -0.003259778 0.008049964 -0.002989888 -0.003789842 0.008049964 -0.002979218 -0.003727436 0.008049964 -0.002933919 -0.003657341 0.008049964 -0.002904117 -0.003582537 0.008049964 -0.002889633 -0.003505885 0.008049964 -0.002890467 -0.003429651 0.008049964 -0.002905249 -0.003355741 0.008049964 -0.002932548 -0.003306329 0.008049964 -0.002958595 -0.003259778 0.008049964 -0.002989888 -0.003366827 0.008211195 -0.003166198 -0.003359675 0.008169472 -0.003154397 -0.003346979 0.008129656 -0.003133416 -0.003329098 0.008095443 -0.003103971 -0.003307282 0.008069932 -0.003068089 -0.0032835 0.008054733 -0.003028929 -0.00344485 0.008190751 -0.003116965 -0.003519594 0.008173048 -0.003092408 -0.003579378 0.008159875 -0.003087997 -0.003625214 0.008150398 -0.003095567 -0.003662467 0.008143067 -0.003111362 -0.003694176 0.008137524 -0.003134965 -0.003716647 0.008134543 -0.003162026 -0.003730952 0.008133888 -0.003190577 -0.003738462 0.008135318 -0.003220558 -0.003739476 0.008139073 -0.003253221 -0.003764033 0.008098304 -0.003184914 -0.003783047 0.008064866 -0.00309652 -0.003788888 0.008054077 -0.003041207 -0.003439128 0.008087992 -0.003035247 -0.003485918 0.00808525 -0.003019034 -0.003514647 0.008083701 -0.003012478 -0.003543496 0.008082151 -0.003008484 -0.003581821 0.008080244 -0.003007471 -0.003610193 0.008078873 -0.003010094 -0.003640234 0.008077502 -0.003016412 -0.003666877 0.00807631 -0.003025591 0.006906092 0.001949965 -8.10705e-4 0.006229877 0.001949965 -4.08418e-4 0.005862474 0.001949965 -2.96723e-4 0.005448222 0.001949965 -2.69473e-4 0.005027711 0.001949965 -3.38361e-4 0.004638612 0.001949965 -4.7639e-4 0.004266262 0.001949965 -6.60978e-4 0.004288852 0.001944303 -7.07593e-4 0.004311501 0.001926004 -7.54356e-4 0.004329979 0.001898646 -7.92496e-4 0.004343569 0.001866698 -8.20644e-4 0.004353523 0.00183022 -8.41107e-4 0.004359066 0.001795113 -8.52548e-4 0.004361331 0.001760423 -8.57346e-4 0.004909515 0.001760423 -6.05162e-4 0.005367219 0.001760423 -4.95266e-4 0.005749523 0.001760423 -4.98362e-4 0.006029367 0.001760423 -5.6212e-4 0.006407856 0.001760423 -7.33279e-4 0.006830096 0.001760423 -0.001014828 0.007588326 0.001760423 -0.001652181 0.007106721 0.001916825 -0.001114487 0.007335782 0.00184524 -0.001396775 0.005181849 0.00189507 -4.56434e-4 0.004511594 0.00189507 -7.02038e-4 0.004504978 0.001907885 -6.87107e-4 0.004497945 0.00191909 -6.71059e-4 0.004790544 0.00189507 -5.76943e-4 0.004976689 0.00189501 -5.10894e-4 0.005409181 0.00189495 -4.22984e-4 0.005607783 0.00189495 -4.18752e-4 0.005799055 0.00189507 -4.37409e-4 0.005944669 0.00189507 -4.67606e-4 0.006115138 0.00189507 -5.21608e-4 0.006310522 0.00189507 -6.06932e-4 0.006635367 0.00189507 -7.96527e-4 0.006847739 0.00189507 -9.4692e-4 0.004266262 0.001949965 -6.60978e-4 0.004288852 0.001944303 -7.07593e-4 0.004311501 0.001926004 -7.54356e-4 0.004329979 0.001898646 -7.92496e-4 0.004343569 0.001866698 -8.20644e-4 0.004353523 0.00183022 -8.41107e-4 0.004359066 0.001795113 -8.52548e-4 0.004361331 0.001760423 -8.57346e-4 0.003659069 0.001949965 -0.001075804 0.00312978 0.001949965 -0.001610279 0.002704143 0.001949965 -0.002238512 0.002745091 0.001944303 -0.002266526 0.002786159 0.001926004 -0.002294719 0.002819657 0.001898646 -0.002317667 0.002844393 0.001866698 -0.002334594 0.002862393 0.00183022 -0.002346932 0.002872467 0.001795113 -0.002353787 0.002876639 0.001760423 -0.002356708 0.003281235 0.001760423 -0.001759648 0.003784298 0.001760423 -0.001251578 0.003247201 0.001876473 -0.00172609 0.003487288 0.001876473 -0.001459419 0.003756165 0.001876473 -0.001212179 0.002704143 0.001949965 -0.002238512 0.002745091 0.001944303 -0.002266526 0.002786159 0.001926004 -0.002294719 0.002819657 0.001898646 -0.002317667 0.002844393 0.001866698 -0.002334594 0.002862393 0.00183022 -0.002346932 0.002872467 0.001795113 -0.002353787 0.002876639 0.001760423 -0.002356708 0.002256393 0.001949965 -0.00288856 0.001653552 0.001949965 -0.00346136 9.11087e-4 0.001949965 -0.003897428 6.96406e-5 0.001949965 -0.004145741 -8.10184e-4 0.001949965 -0.004178524 -0.001661539 0.001949965 -0.003999948 -0.002427399 0.001949965 -0.003643512 -0.002822875 0.001949965 -0.003370702 -0.003171861 0.001949965 -0.003065288 -0.003204822 0.001943528 -0.003105938 -0.003234803 0.001925349 -0.003142774 -0.003259539 0.001898527 -0.003173172 -0.003278076 0.001866817 -0.00319606 -0.003290772 0.001833617 -0.003211617 -0.003298342 0.001801431 -0.003220975 -0.003301262 0.001780211 -0.003224551 -0.003302574 0.001760423 -0.003226161 -0.00266534 0.001760423 -0.003741979 -0.001900494 0.001760423 -0.004141092 -0.001039206 0.001760423 -0.004371166 -1.33932e-4 0.001760423 -0.004393637 7.50251e-4 0.001760423 -0.004196465 0.001550197 0.001760423 -0.003799021 0.002218961 0.001760423 -0.003246426 0.002583682 0.001760423 -0.00281471 0.0027197 0.001843929 -0.002573132 0.002711176 0.001861095 -0.002566456 0.002701699 0.001876473 -0.002559065 0.002462565 0.001876473 -0.002895772 0.002281963 0.001876473 -0.003109395 0.001975119 0.001876473 -0.0034132 0.001637279 0.001876473 -0.003681063 0.001256763 0.001876473 -0.003917217 8.54954e-4 0.001876473 -0.004104673 4.20384e-4 0.001876473 -0.004245996 -2.05114e-5 0.001876473 -0.004331171 -4.78923e-4 0.001876473 -0.004361867 -9.26234e-4 0.001876473 -0.004336714 -0.001374006 0.001876473 -0.004256844 -0.001795172 0.001876473 -0.004129588 -0.002202033 0.001876473 -0.003954768 -0.002571702 0.001876473 -0.00374639 -0.002779304 0.001876473 -0.003605961 -0.00309807 0.001876473 -0.003352284 -0.00309199 0.001887679 -0.00334388 -0.003085255 0.001898527 -0.003334522 -0.003074407 0.001912772 -0.003319501 -0.003850519 0.007955193 -0.002313733 -0.003920018 0.007955193 -0.001426041 -0.00391823 0.007969558 -0.001425921 -0.003914356 0.007983505 -0.001425743 -0.003901481 0.008008122 -0.001425027 -0.003883302 0.008027493 -0.001424074 -0.003868639 0.008037447 -0.001423239 -0.003852486 0.0080446 -0.001422345 -0.003836572 0.008048653 -0.001421511 -0.003820121 0.008049964 -0.001420557 -0.003760397 0.008049964 -0.002183973 -0.003801882 0.008018672 -0.002586603 -0.003831744 0.007974207 -0.002517521 -0.003815889 0.007993102 -0.002632737 -0.003807604 0.008005976 -0.002642333 -0.003804147 0.008012831 -0.002621352 -0.003867745 0.008013248 -0.001806497 -0.003860473 0.008021175 -0.00180608 -0.003853023 0.008027851 -0.001805722 -0.003832995 0.008013248 -0.002250313 -0.003815352 0.0080235 -0.00235176 0.00139296 0.008049964 0.007886111 0.001382768 0.008046627 0.007912278 0.001373648 0.008037328 0.007935822 0.001365542 0.008022308 0.007956624 0.001358985 0.008001863 0.007973432 0.001354932 0.007978677 0.007983982 0.001353323 0.007955193 0.007988154 -0.003920018 0.007955193 -0.001426041 -0.00385195 0.007955193 8.3296e-4 -0.003261327 0.007955193 0.003092765 -0.002287507 0.007955193 0.004943609 -0.001109242 0.007955193 0.006343305 7.92444e-5 0.007955193 0.007297575 -0.00391823 0.007969558 -0.001425921 -0.003914356 0.007983505 -0.001425743 -0.003901481 0.008008122 -0.001425027 -0.003883302 0.008027493 -0.001424074 -0.003868639 0.008037447 -0.001423239 -0.003852486 0.0080446 -0.001422345 -0.003836572 0.008048653 -0.001421511 -0.003820121 0.008049964 -0.001420557 -3.14899e-4 0.008049964 0.006884098 -0.001819193 0.008049964 0.005403101 -0.002965986 0.008049964 0.003525137 -0.003651201 0.008049964 0.001407086 -0.003835022 0.008049964 -2.19047e-5 7.09221e-4 0.008013248 0.007647991 7.0633e-4 0.008004903 0.007654011 7.0399e-4 0.007996499 0.007658898 -1.37918e-4 0.008013248 0.007118821 -7.38099e-4 0.008013248 0.00664854 -0.001503586 0.008013248 0.005902409 -0.002079844 0.008013248 0.005196511 -0.002686798 0.008013248 0.004253089 -0.003142118 0.008013248 0.003323793 -0.003525674 0.008013248 0.002246737 -0.003783464 0.008013248 0.00112611 -0.003880441 0.008013248 4.01951e-4 -0.003913998 0.008027851 -7.40327e-4 -0.003921449 0.008021175 -7.40148e-4 -0.00392878 0.008013248 -7.39977e-4 0.006745278 0.007955193 0.001846075 0.006833076 0.007955193 -1.73599e-6 0.006828427 0.007980525 -1.82539e-6 0.006817519 0.008003771 -2.01166e-6 0.006800055 0.008024334 -2.32086e-6 0.006776511 0.00804007 -2.74181e-6 0.00675559 0.008047401 -3.11807e-6 0.006733 0.008049964 -3.52412e-6 0.006645143 0.008049964 0.001844286 0.00674349 0.007969558 0.001846015 0.006739616 0.007983505 0.001845955 0.006726682 0.008008122 0.001845717 0.006708443 0.008027493 0.001845419 0.006686329 0.008041143 0.001845002 0.006665587 0.008047878 0.001844644 0.006906092 0.008049964 -8.10705e-4 0.00679624 0.008049964 -4.59179e-4 0.006754338 0.008049964 -2.33483e-4 0.006733 0.008049964 -3.52412e-6 0.006997942 0.007955729 -7.70506e-4 0.006996214 0.007970035 -7.71254e-4 0.006992638 0.007983863 -7.72826e-4 0.006980717 0.00800842 -7.78019e-4 0.006964027 0.008027672 -7.85347e-4 0.006950497 0.008037507 -7.91252e-4 0.006935715 0.00804466 -7.97734e-4 0.006921112 0.008048653 -8.04119e-4 0.006833076 0.007955193 -1.73599e-6 0.006875038 0.007955551 -3.50229e-4 0.006926715 0.00795567 -5.62616e-4 0.006828427 0.007980525 -1.82539e-6 0.006817519 0.008003771 -2.01166e-6 0.006800055 0.008024334 -2.32086e-6 0.006776511 0.00804007 -2.74181e-6 0.00675559 0.008047401 -3.11807e-6 0.006787538 0.008038461 -1.15633e-4 0.006798803 0.008031606 -1.14813e-4 0.006809771 0.008022546 -1.14013e-4 0.006832599 0.008022606 -2.90662e-4 0.006853401 0.008022665 -3.99709e-4 0.006879091 0.008022665 -5.07675e-4 0.006930589 0.008022665 -6.78085e-4 0.006936609 0.008016049 -6.75827e-4 0.006941735 0.008009254 -6.73912e-4 0.006946444 0.008001804 -6.72162e-4 0.007588326 0.008239507 -0.001652181 0.00721842 0.008116424 -0.001259028 0.006906092 0.008049964 -8.10705e-4 0.007588326 0.008239507 -0.001652181 0.006997942 0.007955729 -7.70506e-4 0.007124602 0.007989704 -0.001044929 0.007276833 0.008068561 -0.00129342 0.007424116 0.008150815 -0.001482427 0.006996214 0.007970035 -7.71254e-4 0.006992638 0.007983863 -7.72826e-4 0.006980717 0.00800842 -7.78019e-4 0.006964027 0.008027672 -7.85347e-4 0.006950497 0.008037507 -7.91252e-4 0.006935715 0.00804466 -7.97734e-4 0.006921112 0.008048653 -8.04119e-4 0.007093787 0.008036315 -0.001024723 -0.003760397 0.001949965 -0.002183973 -0.003820121 0.001949965 -0.001420557 -0.003834545 0.001951038 -0.001421391 -0.003848671 0.001954138 -0.001422166 -0.003873944 0.001965701 -0.001423537 -0.003894269 0.001982867 -0.00142461 -0.003904938 0.001996994 -0.001425206 -0.003912985 0.002012729 -0.001425623 -0.003917813 0.002028405 -0.001425921 -0.003920018 0.002044737 -0.001426041 -0.003850519 0.002044737 -0.002313733 -0.003801882 0.001981317 -0.002586603 -0.00380522 0.001989424 -0.002630412 -0.003810167 0.001998424 -0.002646625 -0.003816068 0.002007067 -0.002632141 -0.003831744 0.002025783 -0.002517521 -0.003841757 0.001964271 -0.001805067 -0.003850936 0.001970529 -0.001805603 -0.00385946 0.001977741 -0.00180602 -0.003867745 0.001986742 -0.001806497 -0.003832995 0.001986742 -0.002250313 -0.003815352 0.00197643 -0.00235176 0.001353323 0.002044737 0.007988154 0.001354038 0.002030432 0.007986307 0.001355528 0.002016484 0.007982373 0.001360654 0.001991808 0.0079692 0.001367866 0.001972436 0.007950603 0.001376628 0.001958787 0.007928073 0.001384854 0.001952111 0.007906913 0.00139296 0.001949965 0.007886111 -0.003820121 0.001949965 -0.001420557 -0.003751039 0.001949965 8.25681e-4 -0.003159165 0.001949965 0.003071546 -0.002185165 0.001949965 0.00490719 -0.00100845 0.001949965 0.006291627 1.51642e-4 0.001949965 0.00721544 -0.003834545 0.001951038 -0.001421391 -0.003848671 0.001954138 -0.001422166 -0.003873944 0.001965701 -0.001423537 -0.003894269 0.001982867 -0.00142461 -0.003904938 0.001996994 -0.001425206 -0.003912985 0.002012729 -0.001425623 -0.003917813 0.002028405 -0.001425921 -0.003920018 0.002044737 -0.001426041 -3.64818e-4 0.002044737 0.00698179 -0.001880347 0.002044737 0.005496144 -0.003039777 0.002044737 0.003612041 -0.00373882 0.002044737 0.001484632 -0.003933608 0.002044737 1.39028e-5 -0.003928899 0.001986742 -7.2813e-4 -0.003932476 0.001991331 -7.28045e-4 -0.003935694 0.001996099 -7.27966e-4 -0.003878533 0.001986742 4.21241e-4 -0.00377804 0.001986742 0.001157581 -0.003514409 0.001986742 0.002284944 -0.003129243 0.001986742 0.003353953 -0.002667963 0.001986742 0.004286468 -0.002061188 0.001986742 0.005221843 -0.001479744 0.001986742 0.005928635 -7.15978e-4 0.001986742 0.006667494 -1.24134e-4 0.001986742 0.007128655 7.25895e-4 0.001972138 0.007638752 7.22378e-4 0.001978754 0.007646083 7.18966e-4 0.001986742 0.007653236 0.006645143 0.001949965 0.001844286 0.006733 0.001949965 -3.52412e-6 0.006760954 0.001953959 -3.01749e-6 0.006785154 0.001964569 -2.5928e-6 0.006805837 0.001981317 -2.22027e-6 0.006821691 0.002003431 -1.9446e-6 0.006830096 0.002025187 -1.79559e-6 0.006833076 0.002044737 -1.73599e-6 0.006745278 0.002044737 0.001846075 0.006659626 0.001951038 0.001844525 0.006673753 0.001954138 0.001844763 0.006699085 0.001965701 0.00184524 0.00671947 0.001982867 0.001845598 0.006730198 0.001996994 0.001845777 0.006738185 0.002012729 0.001845896 0.006743013 0.002028405 0.001846015 0.006997942 0.00204426 -7.70506e-4 0.006893336 0.002044379 -4.35714e-4 0.006853401 0.002044558 -2.20761e-4 0.006833076 0.002044737 -1.73599e-6 0.006906092 0.001949965 -8.10705e-4 0.006919264 0.001951038 -8.04923e-4 0.006932258 0.001954138 -7.9925e-4 0.006955444 0.001965582 -7.89098e-4 0.006974101 0.001982629 -7.80933e-4 0.006983935 0.001996695 -7.76626e-4 0.006991326 0.002012372 -7.73396e-4 0.006995797 0.002027988 -7.71426e-4 0.006733 0.001949965 -3.52412e-6 0.006777048 0.001949965 -3.69437e-4 0.006831288 0.001949965 -5.92433e-4 0.006760954 0.001953959 -3.01749e-6 0.006785154 0.001964569 -2.5928e-6 0.006805837 0.001981317 -2.22027e-6 0.006821691 0.002003431 -1.9446e-6 0.006830096 0.002025187 -1.79559e-6 0.006910145 0.001961648 -6.85737e-4 0.006917357 0.001966178 -6.83024e-4 0.006924033 0.001971244 -6.80543e-4 0.006930589 0.001977264 -6.78085e-4 0.006879091 0.001977324 -5.07675e-4 0.006853401 0.001977324 -3.99709e-4 0.006832599 0.001977324 -2.90662e-4 0.006809771 0.001977384 -1.14013e-4 0.006820201 0.001988947 -1.13245e-4 0.007588326 0.001760423 -0.001652181 0.007588326 0.001760423 -0.001652181 0.006906092 0.001949965 -8.10705e-4 0.007106721 0.001916825 -0.001114487 0.007335782 0.00184524 -0.001396775 0.006919264 0.001951038 -8.04923e-4 0.006932258 0.001954138 -7.9925e-4 0.006955444 0.001965582 -7.89098e-4 0.006974101 0.001982629 -7.80933e-4 0.006983935 0.001996695 -7.76626e-4 0.006991326 0.002012372 -7.73396e-4 0.006995797 0.002027988 -7.71426e-4 0.006997942 0.00204426 -7.70506e-4 0.007355928 0.001887261 -0.001399993 0.00715816 0.00199449 -0.001105725 0.007072865 0.002030432 -9.42647e-4 0.007016539 0.001989722 -8.61213e-4 0.007012605 0.001984119 -8.62584e-4 0.007008135 0.001978576 -8.64223e-4 0.007093787 0.001963675 -0.001024723 0.007140219 0.001949429 -0.001103162 -0.003760397 0.001949965 -0.002183973 -0.003760397 0.001949965 -0.002183973 -0.003801882 0.001981317 -0.002586603 -0.003777205 0.001949965 -0.002608656 -0.003801882 0.001981317 -0.002586603 -0.003777205 0.001949965 -0.002608656 -0.00380522 0.001989424 -0.002630412 -0.003810167 0.001998424 -0.002646625 -0.003816068 0.002007067 -0.002632141 -0.003831744 0.002025783 -0.002517521 -0.003850519 0.002044737 -0.002313733 -0.003853976 0.002075254 -0.002322614 -0.00386244 0.002104878 -0.002331614 -0.003875613 0.002132534 -0.002340376 -0.003852605 0.002078175 -0.002543032 -0.003841519 0.002055346 -0.002604246 -0.003832578 0.00203824 -0.00263822 -0.003823697 0.002022325 -0.002658486 -0.003815472 0.00200814 -0.002668738 -0.003800749 0.001984536 -0.002663493 -0.003789603 0.001967668 -0.002644658 -0.003782629 0.001957535 -0.002626776 -0.003850519 0.002044737 -0.002313733 -0.003853976 0.002075254 -0.002322614 -0.00386244 0.002104878 -0.002331614 -0.003875613 0.002132534 -0.002340376 -0.003883242 0.00213325 -0.001955449 -0.003886342 0.002162277 -0.001964747 -0.00389409 0.00219053 -0.001974105 -0.00390613 0.002217054 -0.001983225 -0.003883242 0.00213325 -0.001955449 -0.003886342 0.002162277 -0.001964747 -0.00389409 0.00219053 -0.001974105 -0.00390613 0.002217054 -0.001983225 -0.003932595 0.002284765 -0.001426756 -0.003935217 0.002311408 -0.001437366 -0.003941833 0.002337336 -0.001448035 -0.003952324 0.002361893 -0.001458466 -0.003932595 0.002284765 -0.001426756 -0.003935217 0.002311408 -0.001437366 -0.003941833 0.002337336 -0.001448035 -0.003952324 0.002361893 -0.001458466 -0.003942072 0.002319455 -0.001322269 -0.003946423 0.002354085 -0.001336038 -0.003952622 0.002375066 -0.001344621 -0.003961324 0.002395093 -0.001352965 -0.003942072 0.002319455 -0.001322269 -0.003946423 0.002354085 -0.001336038 -0.003952622 0.002375066 -0.001344621 -0.003961324 0.002395093 -0.001352965 -0.003946483 0.002341866 -0.001274228 -0.003950595 0.00237292 -0.001234829 -0.00395447 0.002410948 -0.001202881 -0.003958284 0.00245577 -0.001176476 -0.003962278 0.002509772 -0.001153647 -0.003971695 0.002652943 -0.001115679 -0.00398606 0.002904891 -0.001091897 -0.003989934 0.002906024 -0.001146078 -0.004006505 0.002906501 -0.001198768 -0.004025042 0.002906322 -0.001231193 -0.004049301 0.002905786 -0.001260101 -0.004077196 0.002904891 -0.001282989 -0.004026889 0.002667367 -0.001274585 -0.003991007 0.002510249 -0.001287877 -0.003976702 0.002450764 -0.001305401 -0.003971755 0.00243175 -0.001314938 -0.003967583 0.002416431 -0.001325607 -0.003964126 0.002404153 -0.001338183 -0.00398606 0.002904891 -0.001091897 -0.003989934 0.002906024 -0.001146078 -0.004006505 0.002906501 -0.001198768 -0.004025042 0.002906322 -0.001231193 -0.004049301 0.002905786 -0.001260101 -0.004077196 0.002904891 -0.001282989 -0.004075169 0.004556715 -0.001039683 -0.004079163 0.004557907 -0.001093566 -0.004095911 0.004558324 -0.001145899 -0.004121184 0.004558026 -0.001187384 -0.004142582 0.00455749 -0.001210689 -0.004166364 0.004556715 -0.001229584 -0.004075169 0.004556715 -0.001039683 -0.004079163 0.004557907 -0.001093566 -0.004095911 0.004558324 -0.001145899 -0.004121184 0.004558026 -0.001187384 -0.004142582 0.00455749 -0.001210689 -0.004166364 0.004556715 -0.001229584 -0.004078447 0.004622399 -0.001042962 -0.004083395 0.004623591 -0.001095414 -0.004100501 0.004624128 -0.001146137 -0.004125535 0.004623949 -0.001186311 -0.004146516 0.004623532 -0.001208961 -0.004169762 0.004622876 -0.001227378 -0.004078447 0.004622399 -0.001042962 -0.004083395 0.004623591 -0.001095414 -0.004100501 0.004624128 -0.001146137 -0.004125535 0.004623949 -0.001186311 -0.004146516 0.004623532 -0.001208961 -0.004169762 0.004622876 -0.001227378 -0.004094421 0.004971265 -0.001053571 -0.004104673 0.004972696 -0.001104593 -0.004126489 0.004973709 -0.001152217 -0.004153132 0.004974007 -0.001186728 -0.00418508 0.004973888 -0.00121355 -0.004094421 0.004971265 -0.001053571 -0.004104673 0.004972696 -0.001104593 -0.004126489 0.004973709 -0.001152217 -0.004153132 0.004974007 -0.001186728 -0.00418508 0.004973888 -0.00121355 -0.004095196 0.004988312 -0.001053869 -0.004105567 0.004989504 -0.001104593 -0.004127383 0.004990041 -0.001151919 -0.004153907 0.004989981 -0.001186192 -0.004185676 0.004989504 -0.001212894 -0.004095196 0.004988312 -0.001053869 -0.004105567 0.004989504 -0.001104593 -0.004127383 0.004990041 -0.001151919 -0.004153907 0.004989981 -0.001186192 -0.004185676 0.004989504 -0.001212894 -0.004095315 0.004990518 -0.001053869 -0.004105627 0.004991292 -0.001104652 -0.004127502 0.004991531 -0.001151919 -0.004154026 0.004991233 -0.001186192 -0.004185736 0.004990518 -0.001212894 -0.004095315 0.004990518 -0.001053869 -0.004105627 0.004991292 -0.001104652 -0.004127502 0.004991531 -0.001151919 -0.004154026 0.004991233 -0.001186192 -0.004185736 0.004990518 -0.001212894 -0.004095315 0.005009472 -0.001053869 -0.004105627 0.005008637 -0.001104652 -0.004127502 0.005008399 -0.001151919 -0.004154026 0.005008757 -0.001186192 -0.004185736 0.005009472 -0.001212894 -0.004185974 0.004999995 -0.001212716 -0.004095315 0.005009472 -0.001053869 -0.004105627 0.005008637 -0.001104652 -0.004127502 0.005008399 -0.001151919 -0.004154026 0.005008757 -0.001186192 -0.004185736 0.005009472 -0.001212894 -0.004095196 0.005011618 -0.001053869 -0.004105567 0.005010485 -0.001104593 -0.004127383 0.005009889 -0.001151919 -0.004153907 0.005009949 -0.001186192 -0.004185676 0.005010426 -0.001212894 -0.004095196 0.005011618 -0.001053869 -0.004105567 0.005010485 -0.001104593 -0.004127383 0.005009889 -0.001151919 -0.004153907 0.005009949 -0.001186192 -0.004185676 0.005010426 -0.001212894 -0.004094421 0.005028724 -0.001053571 -0.004104673 0.005027234 -0.001104593 -0.004126489 0.00502628 -0.001152217 -0.004153132 0.005025923 -0.001186728 -0.00418508 0.005026042 -0.00121355 -0.004094421 0.005028724 -0.001053571 -0.004104673 0.005027234 -0.001104593 -0.004126489 0.00502628 -0.001152217 -0.004153132 0.005025923 -0.001186728 -0.00418508 0.005026042 -0.00121355 -0.004078447 0.005377531 -0.001042962 -0.004083395 0.005376398 -0.001095414 -0.004100501 0.005375862 -0.001146137 -0.004125535 0.005375981 -0.001186311 -0.004146516 0.005376398 -0.001208961 -0.004169762 0.005377054 -0.001227378 -0.004078447 0.005377531 -0.001042962 -0.004083395 0.005376398 -0.001095414 -0.004100501 0.005375862 -0.001146137 -0.004125535 0.005375981 -0.001186311 -0.004146516 0.005376398 -0.001208961 -0.004169762 0.005377054 -0.001227378 -0.004075169 0.005443215 -0.001039683 -0.004079163 0.005442082 -0.001093566 -0.004095911 0.005441665 -0.001145899 -0.004121184 0.005441904 -0.001187384 -0.004142582 0.00544244 -0.001210689 -0.004166364 0.005443215 -0.001229584 -0.004075169 0.005443215 -0.001039683 -0.004079163 0.005442082 -0.001093566 -0.004095911 0.005441665 -0.001145899 -0.004121184 0.005441904 -0.001187384 -0.004142582 0.00544244 -0.001210689 -0.004166364 0.005443215 -0.001229584 -0.00398606 0.007095098 -0.001091897 -0.003989815 0.007093906 -0.001146018 -0.004006505 0.007093489 -0.001198768 -0.004031777 0.007093787 -0.001240491 -0.004053294 0.007094323 -0.001264035 -0.004077196 0.007095098 -0.001282989 -0.00398606 0.007095098 -0.001091897 -0.003989815 0.007093906 -0.001146018 -0.004006505 0.007093489 -0.001198768 -0.004031777 0.007093787 -0.001240491 -0.004053294 0.007094323 -0.001264035 -0.004077196 0.007095098 -0.001282989 -0.003969371 0.007383525 -0.001123189 -0.003959715 0.007525444 -0.001167714 -0.003953814 0.007596075 -0.001208007 -0.003949284 0.007637798 -0.001246571 -0.003945767 0.007662296 -0.001281321 -0.003942072 0.007680475 -0.001322269 -0.003946483 0.007645845 -0.001336038 -0.003952622 0.007624864 -0.001344621 -0.003961324 0.007604897 -0.001352965 -0.003966152 0.007588565 -0.001330316 -0.003971755 0.00756812 -0.001314997 -0.003983259 0.007522583 -0.001295804 -0.00400263 0.007439672 -0.001280605 -0.004029452 0.007320821 -0.001274406 -0.003942072 0.007680475 -0.001322269 -0.003946483 0.007645845 -0.001336038 -0.003952622 0.007624864 -0.001344621 -0.003961324 0.007604897 -0.001352965 -0.003932595 0.007715165 -0.001426756 -0.003935217 0.007688581 -0.001437366 -0.003941833 0.007662594 -0.001448035 -0.003952324 0.007638037 -0.001458466 -0.003932595 0.007715165 -0.001426756 -0.003935217 0.007688581 -0.001437366 -0.003941833 0.007662594 -0.001448035 -0.003952324 0.007638037 -0.001458466 -0.003883242 0.00786674 -0.001955449 -0.003886342 0.007837712 -0.001964747 -0.00389409 0.00780946 -0.001974105 -0.00390613 0.007782936 -0.001983225 -0.003883242 0.00786674 -0.001955449 -0.003886342 0.007837712 -0.001964747 -0.00389409 0.00780946 -0.001974105 -0.00390613 0.007782936 -0.001983225 -0.003850519 0.007955193 -0.002313733 -0.003853976 0.007924735 -0.002322614 -0.00386244 0.007895112 -0.002331614 -0.003875613 0.007867455 -0.002340376 -0.003850519 0.007955193 -0.002313733 -0.003853976 0.007924735 -0.002322614 -0.00386244 0.007895112 -0.002331614 -0.003875613 0.007867455 -0.002340376 -0.003831744 0.007974207 -0.002517521 -0.003815889 0.007993102 -0.002632737 -0.003807604 0.008005976 -0.002642333 -0.003804147 0.008012831 -0.002621352 -0.003801882 0.008018672 -0.002586603 -0.003777205 0.008049964 -0.002608656 -0.003788471 0.008033931 -0.002642095 -0.003798365 0.008019089 -0.002660453 -0.003812968 0.007995963 -0.002669751 -0.003823161 0.007978558 -0.00265938 -0.003831803 0.00796312 -0.002640426 -0.003840982 0.007945656 -0.002606809 -0.003862023 0.007901012 -0.002475798 -0.003760397 0.008049964 -0.002183973 -0.003760397 0.008049964 -0.002183973 -0.003777205 0.008049964 -0.002608656 -0.003801882 0.008018672 -0.002586603 -0.003777503 0.008045077 -0.002387762 0.006718158 0.003449976 0.003278434 0.00665456 0.002449989 0.003435432 0.005542278 0.002449989 0.005406916 0.004154562 0.002449989 0.006898164 0.003174364 0.002449989 0.007618129 0.002133786 0.002449989 0.008170962 0.002052187 0.003449976 0.008206367 0.003748416 0.003449976 0.007223129 0.005227684 0.003449976 0.005809128 0.006076872 0.003449976 0.004596173 0.00665456 0.007550001 0.003435432 0.006718158 0.006549954 0.003278434 0.002052187 0.006549954 0.008206367 0.003748416 0.006549954 0.007223129 0.005227684 0.006549954 0.005809128 0.006076872 0.006549954 0.004596173 0.002133786 0.007550001 0.008170962 0.003807306 0.007550001 0.007178485 0.005262196 0.007550001 0.005767226 0.006046891 0.007550001 0.004646897 0.002133786 0.002449989 0.008170962 0.002052187 0.003449976 0.008206367 0.001805961 0.002189874 0.008176147 0.001913785 0.002275705 0.008204281 0.002026259 0.002362608 0.008202433 0.001705288 0.003449976 0.00821644 0.00193876 0.003449976 0.008239328 0.001832306 0.003449976 0.008244037 0.001767814 0.003449976 0.008234798 0.001805961 0.002189874 0.008176147 0.001913785 0.002275705 0.008204281 0.002026259 0.002362608 0.008202433 0.002133786 0.002449989 0.008170962 0.002133786 0.002449989 0.008170962 0.00186491 0.002131342 0.008151233 0.001958787 0.002231419 0.008187532 0.002049505 0.002339065 0.008193194 0.00182271 0.002169787 0.008176982 0.001834928 0.002156972 0.008173406 0.001850366 0.002142727 0.008164405 0.001805961 0.002189874 0.008176147 0.00182271 0.002169787 0.008176982 0.001834928 0.002156972 0.008173406 0.001850366 0.002142727 0.008164405 0.00186491 0.002131342 0.008151233 0.00139296 0.001949965 0.007886111 0.001557171 0.00196737 0.007979989 0.001719176 0.002025008 0.008070468 0.001794934 0.002071559 0.00811243 0.001353323 0.002044737 0.007988154 0.001354038 0.002030432 0.007986307 0.001355528 0.002016484 0.007982373 0.001360654 0.001991808 0.0079692 0.001367866 0.001972436 0.007950603 0.001376628 0.001958787 0.007928073 0.001384854 0.001952111 0.007906913 0.001694917 0.002117633 0.008130609 0.001571714 0.002071917 0.008079946 0.00146228 0.002051174 0.008034467 0.001416027 0.001998543 0.007996976 0.001505136 0.001994132 0.008022725 0.001562178 0.002007722 0.00804919 0.001643061 0.00203514 0.008086323 0.001706182 0.002064704 0.008114993 0.001743614 0.0020864 0.00813204 0.00139296 0.001949965 0.007886111 0.002926886 0.001949965 0.007150888 0.004331648 0.001949965 0.006030499 0.005488097 0.001949965 0.004588365 0.00618869 0.001949965 0.003247976 0.006645143 0.001949965 0.001844286 0.001557171 0.00196737 0.007979989 0.001719176 0.002025008 0.008070468 0.001794934 0.002071559 0.00811243 0.00186491 0.002131342 0.008151233 0.001958787 0.002231419 0.008187532 0.002049505 0.002339065 0.008193194 0.002133786 0.002449989 0.008170962 0.00665456 0.002449989 0.003435432 0.005542278 0.002449989 0.005406916 0.004154562 0.002449989 0.006898164 0.003174364 0.002449989 0.007618129 0.00667715 0.002266347 0.003286778 0.006676733 0.00235325 0.003356754 0.00666809 0.002403497 0.003397107 0.006654918 0.002011418 0.002688765 0.006664335 0.002095103 0.003000915 0.006670773 0.002176403 0.003173172 0.006673932 0.00222069 0.003237664 0.002501487 0.002039194 0.007741093 0.002561748 0.002087354 0.007780551 0.003121852 0.002149999 0.007526516 0.003624558 0.002149999 0.007184743 0.003910303 0.002049982 0.006830871 0.004352271 0.002149999 0.006584107 0.004802763 0.002257704 0.006228864 0.005057871 0.002149999 0.005851626 0.005257427 0.002049982 0.005445241 0.005646049 0.002149999 0.005085527 0.006058454 0.002257704 0.004550516 0.006232321 0.002149999 0.00410515 0.006259202 0.002049982 0.003826022 0.006482779 0.002034842 0.003268778 0.006498575 0.002053678 0.003299653 0.006529331 0.002094507 0.003348529 0.006545066 0.002121806 0.003377676 0.00655812 0.002149999 0.003405809 0.004612207 0.002049982 0.006186902 0.005830049 0.002049982 0.004614472 0.006645143 0.001949965 0.001844286 0.006654918 0.002011418 0.002688765 0.006664335 0.002095103 0.003000915 0.006670773 0.002176403 0.003173172 0.006673932 0.00222069 0.003237664 0.00667715 0.002266347 0.003286778 0.006691813 0.002297878 0.003250777 0.006687164 0.002281486 0.003269374 0.006745278 0.002044737 0.001846075 0.006712913 0.002078592 0.002564549 0.006695032 0.002186179 0.003059685 0.006692647 0.002232789 0.003161191 0.006659626 0.001951038 0.001844525 0.006673753 0.001954138 0.001844763 0.006699085 0.001965701 0.00184524 0.00671947 0.001982867 0.001845598 0.006730198 0.001996994 0.001845777 0.006738185 0.002012729 0.001845896 0.006743013 0.002028405 0.001846015 0.006711959 0.002001404 0.002208411 0.006694257 0.002027809 0.00257945 0.00669378 0.002036035 0.002627253 0.006688892 0.002089619 0.002881288 0.00667715 0.002266347 0.003286778 0.006676733 0.00235325 0.003356754 0.00666809 0.002403497 0.003397107 0.00665456 0.002449989 0.003435432 0.00665456 0.002449989 0.003435432 0.006691813 0.002297878 0.003250777 0.006681978 0.002373039 0.003345906 0.006687164 0.002281486 0.003269374 0.006718158 0.003449976 0.003278434 0.00665456 0.002449989 0.003435432 0.006760418 0.003449976 0.003081679 0.006749629 0.003449976 0.003170847 0.006736338 0.003449976 0.003225386 0.006691813 0.002297878 0.003250777 0.006681978 0.002373039 0.003345906 0.001805961 0.007810115 0.008176147 0.001705288 0.006549954 0.00821644 0.002133786 0.007550001 0.008170962 0.002026259 0.007637321 0.008202433 0.001913785 0.007724285 0.008204281 0.002052187 0.006549954 0.008206367 0.001808702 0.006549954 0.008241415 0.001914978 0.006549954 0.008242011 0.001984894 0.006549954 0.008229315 0.001353323 0.007955193 0.007988154 0.001511633 0.007941365 0.00805509 0.001666843 0.00789529 0.008119106 0.001739203 0.007858037 0.008148729 0.001805961 0.007810115 0.008176147 0.00139296 0.008049964 0.007886111 0.001382768 0.008046627 0.007912278 0.001373648 0.008037328 0.007935822 0.001365542 0.008022308 0.007956624 0.001358985 0.008001863 0.007973432 0.001354932 0.007978677 0.007983982 0.00186491 0.007868587 0.008151233 0.001748502 0.007958769 0.00808674 0.001619756 0.00801593 0.008015096 0.001505851 0.008041918 0.007950961 0.00182271 0.007830202 0.008176982 0.001834928 0.007843017 0.008173406 0.001850366 0.007857203 0.008164405 0.001505136 0.008005857 0.008022725 0.001562178 0.007992267 0.00804919 0.001643061 0.007964789 0.008086323 0.001706182 0.007935285 0.008114993 0.001743674 0.007913529 0.00813204 0.001805961 0.007810115 0.008176147 0.00182271 0.007830202 0.008176982 0.001834928 0.007843017 0.008173406 0.001850366 0.007857203 0.008164405 0.00186491 0.007868587 0.008151233 0.002133786 0.007550001 0.008170962 0.002049446 0.007660925 0.008193194 0.001958787 0.007768511 0.008187532 0.002133786 0.007550001 0.008170962 0.002026259 0.007637321 0.008202433 0.001913785 0.007724285 0.008204281 0.006745278 0.007955193 0.001846075 0.00674349 0.007969558 0.001846015 0.006739616 0.007983505 0.001845955 0.006726682 0.008008122 0.001845717 0.006708443 0.008027493 0.001845419 0.006686329 0.008041143 0.001845002 0.006665587 0.008047878 0.001844644 0.006645143 0.008049964 0.001844286 0.006691813 0.007702112 0.003250777 0.006692588 0.007765173 0.003164649 0.00669527 0.00781697 0.003051102 0.006700336 0.007864356 0.002892076 0.00671482 0.007926523 0.002518057 0.00667715 0.007733583 0.003286778 0.006687164 0.007718443 0.003269374 0.00665009 0.008013546 0.00253266 0.00666356 0.007896721 0.003030478 0.00666958 0.007831513 0.003167092 0.006673157 0.007787585 0.003229856 0.006716012 0.007994711 0.002184629 0.006695449 0.007979452 0.0025267 0.006691336 0.007948935 0.002717733 0.006688058 0.008034944 0.002015352 0.006645143 0.008049964 0.001844286 0.00665009 0.008013546 0.00253266 0.00666356 0.007896721 0.003030478 0.00666958 0.007831513 0.003167092 0.006673157 0.007787585 0.003229856 0.00667715 0.007733583 0.003286778 0.00665456 0.007550001 0.003435432 0.006673932 0.007626175 0.003373146 0.006678998 0.007678449 0.003331363 0.002133786 0.007550001 0.008170962 0.003807306 0.007550001 0.007178485 0.005262196 0.007550001 0.005767226 0.006046891 0.007550001 0.004646897 0.002049446 0.007660925 0.008193194 0.001958787 0.007768511 0.008187532 0.00186491 0.007868587 0.008151233 0.001748502 0.007958769 0.00808674 0.001619756 0.00801593 0.008015096 0.001505851 0.008041918 0.007950961 0.00139296 0.008049964 0.007886111 0.005931675 0.008049964 0.003807067 0.004748225 0.008049964 0.00558263 0.003360152 0.008049964 0.006858944 0.002394258 0.008049964 0.007455468 0.006358027 0.007968187 0.003550529 0.006375312 0.007946252 0.003587901 0.006394028 0.007921218 0.003620088 0.006410062 0.007894635 0.003651142 0.006430327 0.007849991 0.003698408 0.00612992 0.007849991 0.004297614 0.005735397 0.007950007 0.004766345 0.005539417 0.007849991 0.005237638 0.005112826 0.007849991 0.005786895 0.00474596 0.007742285 0.00628817 0.004438102 0.007849991 0.00650382 0.004104256 0.007950007 0.006667137 0.003663241 0.007849991 0.007156133 0.003261983 0.007950007 0.007310569 0.003177523 0.007849991 0.00749129 0.002859354 0.007742285 0.007759451 0.00221157 0.007960736 0.007883727 0.002270698 0.007912635 0.007925689 0.002330124 0.007849991 0.00796324 0.004803776 0.007950007 0.005983889 0.002653002 0.007950007 0.007678508 0.00667715 0.007733583 0.003286778 0.006687164 0.007718443 0.003269374 0.006691813 0.007702112 0.003250777 0.00665456 0.007550001 0.003435432 0.006681978 0.007626891 0.003345966 0.00665456 0.007550001 0.003435432 0.006673932 0.007626175 0.003373146 0.006678998 0.007678449 0.003331363 0.00665456 0.007550001 0.003435432 0.006718158 0.006549954 0.003278434 0.006681978 0.007626891 0.003345966 0.006691813 0.007702112 0.003250777 0.006760418 0.006549954 0.003081679 0.006744921 0.006549954 0.003192722 0.006755173 0.006549954 0.003137528 5.90511e-4 0.003643512 0.001357913 0.001013278 0.00364995 0.001013159 0.00134617 0.003659129 5.67131e-4 0.001501917 0.00366646 2.32026e-4 0.001599252 0.003674328 -1.1678e-4 5.90511e-4 0.003449976 0.001357913 -0.0022071 0.003449976 0.001039028 -0.001812696 0.003449976 0.001355946 -0.001357436 0.003449976 0.001576721 -8.64364e-4 0.003449976 0.001690149 -3.58388e-4 0.003449976 0.001690566 1.34885e-4 0.003449976 0.001577973 -0.0022071 0.003765702 0.001039028 -0.002484023 0.003844439 6.99155e-4 -0.002636194 0.003955125 4.3188e-4 -0.002725839 0.004098236 2.18287e-4 -0.002758324 0.00419259 1.21739e-4 -0.002782225 0.004302442 3.94583e-5 -0.002798378 0.004429161 -2.40095e-5 -0.002804994 0.004522323 -5.28246e-5 -0.002808272 0.00461924 -6.80126e-5 -0.002814471 0.004989504 -9.75095e-5 -0.00281459 0.004999995 -9.7923e-5 -0.002814471 0.005010426 -9.75095e-5 -0.002808272 0.00538069 -6.80126e-5 -0.00280267 0.005517363 -4.23193e-5 -0.002790093 0.005645036 9.50322e-6 -0.002769947 0.005760669 8.32118e-5 -0.002741456 0.00586152 1.73729e-4 -0.002704143 0.005947411 2.75992e-4 -0.002640366 0.006040275 4.23267e-4 -0.002550542 0.006118059 5.92533e-4 -0.002394914 0.006190955 8.23922e-4 -0.0022071 0.006234228 0.001039028 -0.0022071 0.006549954 0.001039028 5.90511e-4 0.006549954 0.001357913 1.34885e-4 0.006549954 0.001577973 -3.58388e-4 0.006549954 0.001690566 -8.64364e-4 0.006549954 0.001690149 -0.001357436 0.006549954 0.001576721 -0.001812696 0.006549954 0.001355946 5.90511e-4 0.006356477 0.001357913 0.001599252 0.006325662 -1.1678e-4 0.001431226 0.006337285 4.02216e-4 0.001136183 0.006347239 8.74191e-4 8.80308e-4 0.006352543 0.001140713 0.001599252 0.008049964 -1.1678e-4 0.001432538 0.008049964 3.9937e-4 0.001147091 0.008049964 8.60617e-4 7.59624e-4 0.008049964 0.001240134 2.9254e-4 0.008049964 0.001515924 -2.2696e-4 0.008049964 0.00167191 -7.68699e-4 0.008049964 0.00169903 -0.001301169 0.008049964 0.001595735 -0.001793444 0.008049964 0.001367986 -0.002216935 0.008049964 0.001029014 -0.002546966 0.008049964 5.98632e-4 -0.002764463 0.008049964 1.01715e-4 -0.002856671 0.008049964 -4.32797e-4 -0.002818286 0.008049964 -9.73854e-4 -0.002818286 0.001949965 -9.73854e-4 -0.002856671 0.001949965 -4.32797e-4 -0.002764463 0.001949965 1.01715e-4 -0.002546966 0.001949965 5.98632e-4 -0.002216935 0.001949965 0.001029014 -0.001793444 0.001949965 0.001367986 -0.001301169 0.001949965 0.001595735 -7.68699e-4 0.001949965 0.00169903 -2.2696e-4 0.001949965 0.00167191 2.9254e-4 0.001949965 0.001515924 7.59624e-4 0.001949965 0.001240134 0.001147091 0.001949965 8.60617e-4 0.001432538 0.001949965 3.9937e-4 0.001599252 0.001949965 -1.1678e-4 7.38166e-4 0.01017391 -0.01776385 5.93044e-4 0.01028728 -0.01229995 6.18987e-4 0.01055943 -0.00720334 -1.62274e-5 0.009916424 -0.01802134 -7.75717e-4 0.009452402 -0.01835411 -0.00144416 0.008846461 -0.01871985 -0.001966893 0.008170664 -0.01907312 -0.002255678 0.007633447 -0.01930874 -0.002459585 0.007056832 -0.01950424 -0.003196716 0.007049441 -0.01632165 -0.003883719 0.007047772 -0.01047062 -0.004094123 0.007053017 -0.007161855 -0.00414443 0.007056355 -0.004194021 -8.97154e-4 0.01018905 -0.006195902 -0.002313673 0.009380638 -0.005285441 -0.003426194 0.008316218 -0.004598975 -0.003834843 0.007729709 -0.0043599 -0.003417134 0.008280158 -0.006151318 -0.002664268 0.008998692 -0.007107913 -0.001758813 0.009642004 -0.007690489 -0.00280714 0.008809149 -0.008075892 -0.002144157 0.009326577 -0.008525609 -0.003369808 0.008247554 -0.007681131 -0.001214325 0.009808242 -0.009886205 -0.00366503 0.007870733 -0.007516026 -0.001950323 0.00855422 -0.01779681 -0.00219202 0.00839734 -0.01733189 -0.001457273 0.009232163 -0.01569283 -0.002445161 0.008038341 -0.0175696 -5.84036e-4 0.01024186 -0.007396161 -0.003234624 0.008261024 -0.00945717 -0.00349158 0.007960498 -0.00923109 -0.00284785 0.008607387 -0.01019167 -0.001994848 0.009214162 -0.01152759 -6.88933e-4 0.009919285 -0.01190221 -0.002620816 0.008539736 -0.01317 -0.00179857 0.009127378 -0.01423484 -0.003120839 0.008230268 -0.01107746 -6.28352e-4 0.009864568 -0.01320141 -0.002689719 0.008287847 -0.01462388 -0.002333045 0.008552968 -0.01544761 -3.18028e-4 0.009820222 -0.01661986 -0.002706587 0.008163094 -0.01531654 -0.002539038 0.008245229 -0.01603198 -0.002425551 0.008297979 -0.0164833 0.005948424 0.007633149 -0.03022062 0.005820453 0.007623672 -0.03048235 0.005489408 0.008333206 -0.03041684 0.005102574 0.008832216 -0.03032994 0.004625976 0.009235501 -0.03021353 0.004038393 0.009576916 -0.0300619 0.003113448 0.009926795 -0.02981191 0.002247273 0.01013034 -0.02956867 0.001344203 0.01027125 -0.02930665 0.002677857 0.01014274 -0.02592825 0.002770662 0.01013177 -0.02566528 0.003842711 0.009906589 -0.0272997 0.005760729 0.008294343 -0.02992022 0.005512297 0.00879693 -0.02955514 0.005229651 0.009153842 -0.02915847 0.004562318 0.009636223 -0.02825361 0.003345191 0.009933352 -0.02916586 0.002462685 0.01013886 -0.02863049 0.002644896 0.01023417 -0.01746726 0.002187371 0.01021742 -0.02104377 0.001543402 0.01025247 -0.01758235 7.38166e-4 0.01017391 -0.01776385 6.86131e-4 0.01022589 -0.02176952 4.09067e-4 0.01031446 -0.02509564 0.002677857 0.01014274 -0.02592825 0.002770662 0.01013177 -0.02566528 0.002078771 0.01022607 -0.02313047 0.002297282 0.01020365 -0.02442723 0.002503156 0.01017576 -0.0250582 0.003058075 0.0103209 -0.0142669 0.003172338 0.0104168 -0.01197075 0.002841174 0.01052451 -0.01015692 0.002289593 0.01060515 -0.008876025 0.001666963 0.0106377 -0.008031487 0.001280665 0.01062923 -0.007671535 8.52525e-4 0.01059186 -0.00736016 0.002644896 0.01023417 -0.01746726 0.001543402 0.01025247 -0.01758235 7.38166e-4 0.01017391 -0.01776385 5.93044e-4 0.01028728 -0.01229995 6.18987e-4 0.01055943 -0.00720334 0.001656651 0.01029473 -0.01592504 -0.00414443 0.002943575 -0.004194021 -0.003810226 0.002228379 -0.004373848 -0.003360807 0.001605033 -0.004638314 -0.002663612 9.03075e-4 -0.005066156 -0.001790046 2.61093e-4 -0.005618035 -8.52533e-4 -2.06608e-4 -0.006225109 -1.24834e-4 -4.29803e-4 -0.006705582 6.18987e-4 -5.59444e-4 -0.00720334 7.38166e-4 -1.73938e-4 -0.01776385 5.93051e-4 -2.87298e-4 -0.01229995 -1.62274e-5 8.3562e-5 -0.01802134 -7.75717e-4 5.47576e-4 -0.01835411 -0.00144416 0.001153528 -0.01871985 -0.001966893 0.001829266 -0.01907312 -0.002255678 0.002366542 -0.01930874 -0.002459585 0.002943158 -0.01950424 -0.003196716 0.002950489 -0.01632165 -0.003883719 0.002952158 -0.01047062 -0.004094123 0.002946972 -0.007161855 -0.003041982 0.001294314 -0.005880296 -0.001512765 2.19372e-4 -0.007840991 -0.001982629 4.9615e-4 -0.007541 -0.002489686 8.58909e-4 -0.00721389 -0.003212511 0.001492977 -0.006308794 -0.003551781 0.001884758 -0.006047785 -0.002144157 6.73424e-4 -0.008525609 -0.002480983 9.20193e-4 -0.008300781 -0.002788782 0.001174628 -0.008088648 -0.003165543 0.001531541 -0.007824838 -0.0035488 0.00197345 -0.007615983 -0.001214325 1.91751e-4 -0.009886205 -0.001950323 0.00144577 -0.01779681 -0.00219202 0.001602649 -0.01733189 -0.001457273 7.67827e-4 -0.01569283 -0.002445161 0.001961648 -0.0175696 -0.003008127 0.001458525 -0.009058773 -0.003365814 0.001886188 -0.009343385 -0.003234624 0.001738965 -0.00945717 -0.003484547 0.002030491 -0.009237408 -0.00284785 0.001392602 -0.01019167 -0.001994848 7.85848e-4 -0.01152759 -6.88933e-4 8.07205e-5 -0.01190215 -0.002620816 0.001460254 -0.01317 -0.00179857 8.72591e-4 -0.01423484 -0.003120839 0.001769661 -0.01107746 -6.28352e-4 1.35409e-4 -0.01320141 -0.002689719 0.001712143 -0.01462388 -0.002333045 0.001446962 -0.01544761 -3.18028e-4 1.79754e-4 -0.01661986 -0.002706587 0.001836895 -0.01531654 -0.002539038 0.001754701 -0.01603198 -0.002425551 0.00170201 -0.0164833 0.003842711 9.3413e-5 -0.0272997 0.004708468 4.42747e-4 -0.02844941 0.005288124 9.08516e-4 -0.02923953 0.005542576 0.001251339 -0.02959841 0.005687117 0.001526951 -0.02980941 0.005836427 0.00192964 -0.03003764 0.005948424 0.002366781 -0.03022062 0.005820453 0.002376317 -0.03048235 0.005489408 0.001666724 -0.03041684 0.005102574 0.001167774 -0.03032994 0.004625976 7.64513e-4 -0.03021353 0.004038453 4.2308e-4 -0.0300619 0.003113448 7.31777e-5 -0.02981191 0.002247273 -1.30376e-4 -0.02956867 0.001344203 -2.71279e-4 -0.02930665 0.002677857 -1.42726e-4 -0.02592825 0.002770781 -1.31725e-4 -0.02566558 0.003438472 9.79602e-5 -0.0292471 0.002462685 -1.38849e-4 -0.02863049 0.002770781 -1.31725e-4 -0.02566558 0.002459466 -1.82067e-4 -0.02494096 0.002237439 -2.10728e-4 -0.02419042 0.002061069 -2.27012e-4 -0.02262181 0.002187371 -2.1745e-4 -0.02104377 0.002644896 -2.34175e-4 -0.01746726 0.001543402 -2.52472e-4 -0.01758235 7.38166e-4 -1.73938e-4 -0.01776385 6.86131e-4 -2.25914e-4 -0.02176952 4.09067e-4 -3.14459e-4 -0.02509564 0.002677857 -1.42726e-4 -0.02592825 6.18987e-4 -5.59444e-4 -0.00720334 8.52525e-4 -5.91838e-4 -0.00736016 0.001580417 -6.37777e-4 -0.007942199 0.002166032 -6.16056e-4 -0.008673846 0.002599954 -5.67148e-4 -0.009497642 0.002982556 -4.91112e-4 -0.01068276 0.003178 -4.12111e-4 -0.01206105 0.003173589 -3.60989e-4 -0.0131666 0.003058075 -3.20931e-4 -0.0142669 0.002644896 -2.34175e-4 -0.01746726 0.001543402 -2.52472e-4 -0.01758235 7.38166e-4 -1.73938e-4 -0.01776385 5.93051e-4 -2.87298e-4 -0.01229995 0.001656651 -2.94709e-4 -0.01592504 0.005820453 0.007623672 -0.03048235 0.006111741 0.006623864 -0.03051996 0.005010545 0.007548093 -0.0324921 0.004553079 0.007484078 -0.03437161 0.004904747 0.005828022 -0.03430992 0.004904747 0.004171967 -0.03430992 0.004553079 0.002515852 -0.03437161 0.005820453 0.002376317 -0.03048235 0.005010545 0.002451837 -0.0324921 0.006111741 0.003376126 -0.03051996 0.006176114 0.004989504 -0.03074431 0.006176114 0.005010426 -0.03074431 -0.002459585 0.007056832 -0.01950424 -0.003196716 0.007049441 -0.01632165 -0.003883719 0.007047772 -0.01047062 -0.004094123 0.007053017 -0.007161855 -0.00414443 0.007056355 -0.004194021 -0.002594828 0.006414532 -0.01964491 -0.002672255 0.005721211 -0.01972544 -0.002697467 0.004999995 -0.01975166 -0.004449129 0.004999995 -0.00412321 -0.004220664 0.004999995 -0.0101841 -0.003554344 0.004999995 -0.01600563 -0.003134191 0.004999995 -0.01822137 -0.004449069 0.005010426 -0.004122912 -0.004322826 0.006389975 -0.004116952 -0.004418253 0.005705952 -0.00409758 -0.003819406 0.006114006 -0.01348417 -0.003227531 0.006106734 -0.01743835 -0.004449069 0.004989504 -0.004122912 -0.00439459 0.004068315 -0.004098653 -0.004299879 0.003499507 -0.004125237 -0.00414443 0.002943575 -0.004194021 -0.002459585 0.002943158 -0.01950424 -0.003196716 0.002950489 -0.01632165 -0.003883719 0.002952158 -0.01047062 -0.004094123 0.002946972 -0.007161855 -0.002594828 0.003585398 -0.01964491 -0.002672314 0.004278779 -0.01972544 -0.002697467 0.004999995 -0.01975166 -0.004449129 0.004999995 -0.00412321 -0.004220664 0.004999995 -0.0101841 -0.003554344 0.004999995 -0.01600563 -0.003134191 0.004999995 -0.01822137 -0.003819406 0.003885984 -0.01348417 -0.003227531 0.003893196 -0.01743835 0.002677857 0.01014274 -0.02592825 0.001344203 0.01027125 -0.02930665 5.98356e-4 0.01035678 -0.02902597 1.36465e-4 0.0103845 -0.02873569 -3.29718e-4 0.01038438 -0.02831494 6.00815e-5 0.01036578 -0.02694708 4.09067e-4 0.01031446 -0.02509564 0.001344203 0.01027125 -0.02930665 0.002369284 0.003321707 -0.04569762 0.002544224 0.004999995 -0.04567813 0.002347528 0.003214836 -0.04569178 0.002335846 0.003140389 -0.04566866 0.002327203 0.003054976 -0.04561799 0.0023247 0.002977132 -0.0455448 0.002328336 0.002921044 -0.0454666 0.002337396 0.002882599 -0.04538357 0.002346813 0.002866566 -0.04532462 0.002358019 0.002858757 -0.04526734 0.002370297 0.002856016 -0.04521167 0.004553079 0.002515852 -0.03437161 0.003595709 0.002676308 -0.03950572 0.004553079 0.007484078 -0.03437161 0.004904747 0.005828022 -0.03430992 0.004904747 0.004171967 -0.03430992 0.003595709 0.007323622 -0.03950572 0.002370297 0.007143974 -0.04521167 0.002337396 0.00711739 -0.04538357 0.00235027 0.007135629 -0.04530727 0.002369284 0.006678283 -0.04569762 0.002350568 0.00676918 -0.04569381 0.002338767 0.00683856 -0.04567706 0.00233072 0.006904125 -0.04564553 0.002325713 0.006971359 -0.04559642 0.002324879 0.007031261 -0.04553467 0.002328515 0.007080137 -0.04546427 0.00233227 0.00710082 -0.04542446 0.003492712 0.004999995 -0.04152846 0.003939092 0.004999995 -0.03945696 0.004287719 0.004735827 -0.03773748 0.004422962 0.005801379 -0.03688371 0.002337396 0.00711739 -0.04538357 0.00235027 0.007135629 -0.04530727 0.002370297 0.007143974 -0.04521167 0.002369284 0.006678283 -0.04569762 0.002350568 0.00676918 -0.04569381 0.002338767 0.00683856 -0.04567706 0.00233072 0.006904125 -0.04564553 0.002325713 0.006971359 -0.04559642 0.002324879 0.007031261 -0.04553467 0.002328515 0.007080137 -0.04546427 0.00233227 0.00710082 -0.04542446 1.33798e-4 0.006678223 -0.04892313 4.86106e-4 0.006678283 -0.0488255 8.47161e-4 0.006678521 -0.0486167 0.001188158 0.006678819 -0.04830628 0.001519501 0.006679117 -0.04788213 0.001904606 0.006679236 -0.04717683 0.002180576 0.006678938 -0.04642516 1.16222e-4 0.007096767 -0.0487917 8.19117e-5 0.00752753 -0.04852867 3.20524e-5 0.007946729 -0.04813909 -3.33935e-5 0.00835216 -0.04761409 -1.08302e-4 0.008696436 -0.04698532 -1.86689e-4 0.008956074 -0.04627078 -2.56471e-4 0.009131491 -0.04552632 8.76725e-4 0.008776545 -0.04539173 0.00158751 0.008348882 -0.04530787 0.001994371 0.007942914 -0.04525953 0.002225279 0.007556676 -0.04523104 0.002304852 0.007354557 -0.04522067 0.002175033 0.007528066 -0.0454877 0.002166688 0.007518291 -0.04553639 0.001705169 0.007971286 -0.04612284 0.001962423 0.007248461 -0.04656434 0.001415848 0.007682383 -0.04719871 0.001190543 0.00831151 -0.04644256 0.001636624 0.007082402 -0.04746496 7.82743e-4 0.008395433 -0.04686462 3.65347e-4 0.008719563 -0.04651409 0.001432299 0.007131218 -0.04776734 7.38278e-4 0.008054077 -0.04754853 0.001105904 0.007200956 -0.0481404 7.22498e-4 0.007694184 -0.04804331 7.49439e-4 0.007321834 -0.04837977 4.49382e-4 0.007062911 -0.04871481 0.002369284 0.006678283 -0.04569762 0.002544224 0.004999995 -0.04567813 1.33798e-4 0.006678223 -0.04892313 4.86106e-4 0.006678283 -0.0488255 8.47161e-4 0.006678521 -0.0486167 0.001188158 0.006678819 -0.04830628 0.001519501 0.006679117 -0.04788213 0.001904606 0.006679236 -0.04717683 0.002180576 0.006678938 -0.04642516 1.57982e-4 0.004999995 -0.04910165 0.002005994 0.004999995 -0.04732841 0.001564681 0.004999995 -0.04808586 0.001069486 0.004999995 -0.04864305 6.61895e-4 0.004999995 -0.048931 3.92094e-4 0.004999995 -0.04904562 -0.001830875 0.004999995 -0.04897099 -0.00183928 0.005864441 -0.04891407 -0.001865208 0.006681442 -0.04873734 -0.001241326 0.006678342 -0.04890829 -4.085e-4 0.006677985 -0.0489614 1.33798e-4 0.006678223 -0.04892313 1.57982e-4 0.004999995 -0.04910165 -0.001127302 0.004999995 -0.04911291 -3.4532e-4 0.004999995 -0.04914295 -0.003485739 0.004999995 -0.0476523 -0.003506779 0.006698906 -0.04745614 -0.001865208 0.006681442 -0.04873734 -0.002497911 0.006687521 -0.04841727 -0.003090918 0.006693899 -0.04793137 -0.001830875 0.004999995 -0.04897099 -0.00183928 0.005864441 -0.04891407 -0.002904832 0.004999995 -0.04832154 -0.002345085 0.004999995 -0.0487461 -0.002267956 0.009246051 -0.04576557 -0.002169191 0.009008467 -0.04658681 -0.002071142 0.008608639 -0.04732191 -0.00198692 0.008080542 -0.04791229 -0.001924753 0.007537543 -0.04833173 -0.001886367 0.00706911 -0.04859071 -0.001865208 0.006681442 -0.04873734 -0.002497911 0.006687521 -0.04841727 -0.003090918 0.006693899 -0.04793137 -0.003506779 0.006698906 -0.04745614 -0.003951966 0.007011711 -0.04671519 -0.003738462 0.006982564 -0.04706859 -0.003635406 0.006935358 -0.04722803 -0.003572762 0.006883203 -0.04732602 -0.003539204 0.006836533 -0.04738169 -0.003519356 0.006789982 -0.04741883 -0.003509759 0.006744444 -0.04744189 -0.003953576 0.007063031 -0.04669934 -0.003876864 0.007792174 -0.04648602 -0.003677845 0.00837779 -0.04628276 -0.003518044 0.008650362 -0.04616969 -0.003320872 0.008876681 -0.04605972 -0.003087759 0.009047508 -0.04595857 -0.002795934 0.00916779 -0.04586499 -0.002544462 0.009219586 -0.04580783 -0.002713322 0.008930861 -0.04661726 -0.002835988 0.008887171 -0.04663175 -0.002757787 0.008721649 -0.04696387 -0.003082513 0.008743107 -0.04667103 -0.002866744 0.008671879 -0.04696696 -0.00325191 0.008070528 -0.04720771 -0.003080427 0.007716894 -0.04759448 -0.002605915 0.007225573 -0.0481581 -0.003045678 0.007267296 -0.04781436 -0.002527058 0.01007366 -0.04049819 -0.002473235 0.009730637 -0.04320234 -0.002267956 0.009246051 -0.04576557 -0.003951966 0.007011711 -0.04671519 -0.003953576 0.007063031 -0.04669934 -0.003876864 0.007792174 -0.04648602 -0.003677845 0.00837779 -0.04628276 -0.003518044 0.008650362 -0.04616969 -0.003320872 0.008876681 -0.04605972 -0.003087759 0.009047508 -0.04595857 -0.002795934 0.00916779 -0.04586499 -0.002544462 0.009219586 -0.04580783 -0.004715502 0.007032155 -0.04479902 -0.005191683 0.00704801 -0.04254084 -0.005359053 0.007056832 -0.04096966 -0.003180861 0.01000297 -0.04053032 -0.003597736 0.009851098 -0.04057002 -0.003991544 0.009585976 -0.0406199 -0.004306674 0.009258091 -0.04067003 -0.004675984 0.008700966 -0.04074472 -0.005022823 0.007966637 -0.04083877 -0.003645241 0.009732961 -0.04141813 -0.003272294 0.009829103 -0.04185158 -0.003458976 0.009763896 -0.04185956 -0.004356086 0.008989632 -0.0420829 -0.00497055 0.007947027 -0.0415557 -0.005078732 0.00767523 -0.04157656 -0.00518614 0.007386624 -0.0415973 -0.003053545 0.009413063 -0.04459863 -0.004651546 0.008120477 -0.04352957 -0.004340529 0.008846938 -0.04291594 -0.004211604 0.008758366 -0.04393994 -0.003282964 0.009206354 -0.04512447 -0.00321573 0.009354889 -0.04463982 -0.004012823 0.008742272 -0.04474854 -0.004246652 0.007810354 -0.04564338 -0.004286527 0.007645487 -0.04568922 -0.003497064 0.009633243 -0.04263836 -0.003505468 0.009562015 -0.0430395 -0.003462731 0.009494543 -0.04351317 -0.00378108 0.009345948 -0.04332149 -0.003384649 0.0094527 -0.04389441 1.33798e-4 0.006678223 -0.04892313 1.16222e-4 0.007096767 -0.0487917 8.19117e-5 0.00752753 -0.04852867 3.20524e-5 0.007946729 -0.04813909 -3.33935e-5 0.00835216 -0.04761409 -1.08302e-4 0.008696436 -0.04698532 -1.86689e-4 0.008956074 -0.04627078 -2.56471e-4 0.009131491 -0.04552632 -0.001865208 0.006681442 -0.04873734 -0.001241326 0.006678342 -0.04890829 -4.085e-4 0.006677985 -0.0489614 -0.002267956 0.009246051 -0.04576557 -0.002169191 0.009008467 -0.04658681 -0.002071142 0.008608639 -0.04732191 -0.00198692 0.008080542 -0.04791229 -0.001924753 0.007537543 -0.04833173 -0.001886367 0.00706911 -0.04859071 -8.55863e-4 0.007776916 -0.04838478 -8.04059e-4 0.007303178 -0.04871922 0.004553079 0.007484078 -0.03437161 0.003595709 0.007323622 -0.03950572 0.002370297 0.007143974 -0.04521167 -2.56471e-4 0.009131491 -0.04552632 8.76725e-4 0.008776545 -0.04539173 0.00158751 0.008348882 -0.04530787 0.001994371 0.007942914 -0.04525953 0.002225279 0.007556676 -0.04523104 0.002304852 0.007354557 -0.04522067 -3.65749e-4 0.00972557 -0.04202383 -2.17378e-4 0.01008886 -0.03849077 2.72915e-5 0.01025748 -0.0349462 0.001917779 0.009794712 -0.03471988 0.003273844 0.009083271 -0.03455191 0.004016399 0.008432745 -0.03445392 0.00437045 0.007924556 -0.03440219 0.004473626 0.007701575 -0.03438538 0.002569079 0.00938183 -0.03581279 0.003071963 0.008789777 -0.03742182 0.00219798 0.00951147 -0.0364443 0.001618742 0.009766936 -0.03651404 0.00164777 0.00933355 -0.03993958 0.001393616 0.00873357 -0.04416078 8.55416e-4 0.00911194 -0.04363721 0.001251041 0.008926331 -0.04359155 0.00397849 0.008120536 -0.03587895 0.003508031 0.008041262 -0.03844767 0.002566516 0.008926272 -0.03890681 0.00330007 0.008117914 -0.03918701 0.001627504 0.009667396 -0.03746026 0.001628518 0.009612977 -0.03793388 0.001984596 0.009398221 -0.03825294 0.003002882 0.008358418 -0.03968882 0.002281486 0.008803486 -0.04070144 0.00312823 0.008078277 -0.04008901 0.002236723 0.008516132 -0.04221755 0.001348912 0.009643971 -0.03867757 0.001531243 0.009123384 -0.04162943 0.001062929 0.009397745 -0.04134893 0.002469241 0.00779736 -0.04369544 0.001134812 0.009247303 -0.04209554 -0.002129733 0.01037585 -0.03520268 -0.002982795 0.01027041 -0.03530561 -0.00339055 0.01012295 -0.03535526 -0.003840982 0.009840667 -0.03541004 -0.004205107 0.009481906 -0.03545391 -0.004611492 0.008884012 -0.03550207 -0.00498408 0.008089721 -0.03554493 -0.005338668 0.007096409 -0.03558439 -0.005471169 0.007091164 -0.03831666 -0.005359053 0.007056832 -0.04096966 -0.002527058 0.01007366 -0.04049819 -0.003180861 0.01000297 -0.04053032 -0.003597736 0.009851098 -0.04057002 -0.003991544 0.009585976 -0.0406199 -0.004306674 0.009258091 -0.04067003 -0.004675984 0.008700966 -0.04074472 -0.005022823 0.007966637 -0.04083877 -0.002418935 0.01027077 -0.03789055 -0.003671228 0.009884953 -0.03981113 -0.003288447 0.01007682 -0.03933143 -0.003489732 0.01000446 -0.03937208 -0.003959 0.00969094 -0.03987157 -0.003756463 0.009867429 -0.03943049 -0.004616796 0.009015202 -0.0391128 -0.003170073 0.01021492 -0.03670597 -0.005209028 0.007731318 -0.03969818 -0.004552006 0.009162902 -0.0381481 -0.003558337 0.01006126 -0.03631871 -0.003395795 0.01013779 -0.03674918 -0.005320072 0.007420778 -0.03976845 -0.004468858 0.009277284 -0.037279 -0.005087256 0.008079588 -0.03686547 -0.00520581 0.007772624 -0.03690367 -0.00532025 0.007450222 -0.03694635 -0.003654658 0.009979605 -0.03849828 -0.003591775 0.01002979 -0.03801405 -0.003532946 0.01006853 -0.03759747 -0.003485739 0.004999995 -0.0476523 -0.003506779 0.006698906 -0.04745614 -0.003951966 0.007011711 -0.04671519 -0.003738462 0.006982564 -0.04706859 -0.003635406 0.006935358 -0.04722803 -0.003572762 0.006883203 -0.04732602 -0.003539204 0.006836533 -0.04738169 -0.003519356 0.006789982 -0.04741883 -0.003509759 0.006744444 -0.04744189 -0.004715502 0.007032155 -0.04479902 -0.005191683 0.00704801 -0.04254084 -0.005359053 0.007056832 -0.04096966 -0.005525946 0.006414532 -0.04105973 -0.005621552 0.005721211 -0.04111123 -0.005652725 0.004999995 -0.04112803 -0.00451678 0.004999995 -0.04575181 -0.005353629 0.004999995 -0.04310083 0.005820453 0.007623672 -0.03048235 0.005010545 0.007548093 -0.0324921 0.004553079 0.007484078 -0.03437161 2.72915e-5 0.01025748 -0.0349462 0.001917779 0.009794712 -0.03471988 0.003273844 0.009083271 -0.03455191 0.004016399 0.008432745 -0.03445392 0.00437045 0.007924556 -0.03440219 0.004473626 0.007701575 -0.03438538 0.001344203 0.01027125 -0.02930665 4.65713e-4 0.01028764 -0.03185075 1.58921e-4 0.0102815 -0.03353071 0.005489408 0.008333206 -0.03041684 0.005102574 0.008832216 -0.03032994 0.004625976 0.009235501 -0.03021353 0.004038393 0.009576916 -0.0300619 0.003113448 0.009926795 -0.02981191 0.002247273 0.01013034 -0.02956867 0.005010664 0.008435249 -0.03128159 0.003749191 0.00916177 -0.03242737 0.004291534 0.008327901 -0.03360009 0.003444612 0.009351968 -0.03240716 0.002364575 0.01000654 -0.03076356 0.001942873 0.009876012 -0.03351289 0.00112605 0.01011139 -0.0335201 -2.56471e-4 0.009131491 -0.04552632 -3.65749e-4 0.00972557 -0.04202383 -2.17378e-4 0.01008886 -0.03849077 2.72915e-5 0.01025748 -0.0349462 -0.002267956 0.009246051 -0.04576557 -0.002527058 0.01007366 -0.04049819 -0.002473235 0.009730637 -0.04320234 -0.002129733 0.01037585 -0.03520268 -0.002418935 0.01027077 -0.03789055 -0.002913653 0.007056832 -0.026757 -0.002349257 0.008294284 -0.02696549 -0.001512765 0.009552061 -0.02741378 -0.001074969 0.01000636 -0.0276907 -7.65488e-4 0.01024091 -0.02791279 -5.63636e-4 0.01034134 -0.02808147 -4.34473e-4 0.01037544 -0.02820545 -3.29718e-4 0.01038438 -0.02831494 -0.004104375 0.007062792 -0.02954614 -0.004899382 0.007080793 -0.03253376 -0.005338668 0.007096409 -0.03558439 -0.002129733 0.01037585 -0.03520268 -0.002982795 0.01027041 -0.03530561 -0.00339055 0.01012295 -0.03535526 -0.003840982 0.009840667 -0.03541004 -0.004205107 0.009481906 -0.03545391 -0.004611492 0.008884012 -0.03550207 -0.00498408 0.008089721 -0.03554493 -0.001411318 0.01041018 -0.03166365 -0.002939879 0.01025146 -0.03394275 -0.003250002 0.01011466 -0.03396034 -0.002428591 0.01036059 -0.03329557 -0.002675354 0.01029789 -0.03327274 -0.002899765 0.01021432 -0.03326791 -0.004787862 0.008091449 -0.03405457 -0.004912614 0.007777631 -0.03405898 -0.005034804 0.007447957 -0.03406357 -0.001539885 0.01021087 -0.02955603 -0.003973007 0.008348941 -0.0310952 -0.00366342 0.009203135 -0.03187638 -0.003222167 0.009166121 -0.03048855 -0.001395463 0.01014953 -0.02893853 -0.002682983 0.009296119 -0.02940744 -0.003051757 0.008158087 -0.02826684 -0.003346681 0.007564067 -0.02817571 -0.004193484 0.009350121 -0.03450614 -0.004164636 0.009273409 -0.03402793 -0.00408715 0.009289741 -0.03370583 -0.003915131 0.009317636 -0.03306525 -0.002684116 0.01016485 -0.03216224 -0.002554178 0.0101329 -0.03162163 -0.002335548 0.01011949 -0.03099119 -0.002803862 0.009876191 -0.03126025 -0.00207144 0.01015126 -0.03049504 -0.004543721 0.007560133 -0.0317856 -0.005359053 0.007056832 -0.04096966 -0.005525946 0.006414532 -0.04105973 -0.005621552 0.005721211 -0.04111123 -0.005652725 0.004999995 -0.04112803 -0.005338668 0.007096409 -0.03558439 -0.005471169 0.007091164 -0.03831666 -0.002913653 0.007056832 -0.026757 -0.004104375 0.007062792 -0.02954614 -0.004899382 0.007080793 -0.03253376 -0.003243744 0.004999995 -0.02669948 -0.00316447 0.006072998 -0.02671325 -0.005723416 0.004999995 -0.03739941 -0.005409598 0.004999995 -0.03380733 -0.004627406 0.004999995 -0.03015446 -0.004015147 0.004999995 -0.02839386 -0.005650877 0.006079912 -0.03997516 0.001344203 0.01027125 -0.02930665 5.98356e-4 0.01035678 -0.02902597 1.36465e-4 0.0103845 -0.02873569 -3.29718e-4 0.01038438 -0.02831494 -0.002129733 0.01037585 -0.03520268 -0.001411318 0.01041018 -0.03166365 2.72915e-5 0.01025748 -0.0349462 4.65713e-4 0.01028764 -0.03185075 1.58921e-4 0.0102815 -0.03353071 -3.29718e-4 0.01038438 -0.02831494 6.00815e-5 0.01036578 -0.02694708 4.09067e-4 0.01031446 -0.02509564 -0.002913653 0.007056832 -0.026757 -0.002349257 0.008294284 -0.02696549 -0.001512765 0.009552061 -0.02741378 -0.001074969 0.01000636 -0.0276907 -7.65488e-4 0.01024091 -0.02791279 -5.63636e-4 0.01034134 -0.02808147 -4.34473e-4 0.01037544 -0.02820545 -0.00237149 0.007056653 -0.02562189 -0.001954019 0.007056534 -0.02419817 -0.001247286 0.008743941 -0.02446413 -6.95974e-4 0.009585082 -0.02467399 -2.14055e-4 0.01004141 -0.0248571 1.17153e-4 0.01023405 -0.0249834 2.70903e-4 0.01028895 -0.02504229 -2.54557e-4 0.01016151 -0.02578461 -3.67142e-4 0.010351 -0.02765542 -4.91247e-4 0.01030051 -0.0275439 -0.001773595 0.008535206 -0.0260275 -0.002464592 0.007557213 -0.02633988 -0.001050531 0.009502291 -0.02595317 -0.001176059 0.009618401 -0.02673953 -0.002459585 0.007056832 -0.01950424 -0.002594828 0.006414532 -0.01964491 -0.002672255 0.005721211 -0.01972544 -0.002697467 0.004999995 -0.01975166 -0.001966714 0.007056534 -0.02122873 -0.001822769 0.007056474 -0.02267867 -0.001954019 0.007056534 -0.02419817 -0.002913653 0.007056832 -0.026757 -0.00237149 0.007056653 -0.02562189 -0.003243744 0.004999995 -0.02669948 -0.00316447 0.006072998 -0.02671325 -0.002198696 0.004999995 -0.02179086 -0.00216037 0.004999995 -0.02312344 -0.002477645 0.004999995 -0.02492213 -0.002841949 0.004999995 -0.02588427 7.38166e-4 0.01017391 -0.01776385 6.86131e-4 0.01022589 -0.02176952 4.09067e-4 0.01031446 -0.02509564 -0.001954019 0.007056534 -0.02419817 -0.001247286 0.008743941 -0.02446413 -6.95974e-4 0.009585082 -0.02467399 -2.14055e-4 0.01004141 -0.0248571 1.17153e-4 0.01023405 -0.0249834 2.70903e-4 0.01028895 -0.02504229 -0.002459585 0.007056832 -0.01950424 -0.001966714 0.007056534 -0.02122873 -0.001822769 0.007056474 -0.02267867 -1.62274e-5 0.009916424 -0.01802134 -7.75717e-4 0.009452402 -0.01835411 -0.00144416 0.008846461 -0.01871985 -0.001966893 0.008170664 -0.01907312 -0.002255678 0.007633447 -0.01930874 4.29183e-4 0.01009327 -0.01944816 7.14362e-5 0.009941279 -0.01951551 -2.88047e-4 0.009728491 -0.01959633 -0.00111407 0.008927285 -0.02026373 2.40199e-4 0.01018607 -0.02380192 -2.5481e-6 0.01005321 -0.02369755 -3.32363e-4 0.00980252 -0.023561 -0.00137639 0.008284687 -0.02190613 -9.97543e-4 0.008983492 -0.02136367 -9.7391e-4 0.008987128 -0.02237468 -0.001033127 0.008912086 -0.02321326 2.55182e-4 0.01004731 -0.02053624 -1.75416e-4 0.009825706 -0.02151846 -1.8473e-4 0.009840071 -0.02211797 -4.68224e-4 0.009591758 -0.02183759 0.002677857 -1.42726e-4 -0.02592825 0.001344203 -2.71279e-4 -0.02930665 5.98356e-4 -3.56782e-4 -0.02902597 1.3648e-4 -3.84521e-4 -0.02873569 -3.29718e-4 -3.84368e-4 -0.02831494 6.00815e-5 -3.65785e-4 -0.02694708 4.09067e-4 -3.14459e-4 -0.02509564 0.001344203 -2.71279e-4 -0.02930665 -0.001865208 0.003318548 -0.04873734 -0.001241266 0.003321647 -0.04890829 -4.085e-4 0.003322005 -0.0489614 1.33798e-4 0.003321766 -0.04892313 1.57982e-4 0.004999995 -0.04910165 -0.001830875 0.004999995 -0.04897099 -0.001127302 0.004999995 -0.04911291 -3.4532e-4 0.004999995 -0.04914295 -0.00183928 0.004135549 -0.04891407 0.002369284 0.003321707 -0.04569762 0.002347528 0.003214836 -0.04569178 0.002335846 0.003140389 -0.04566866 0.002327203 0.003054976 -0.04561799 0.0023247 0.002977132 -0.0455448 0.002328336 0.002921044 -0.0454666 0.002337396 0.002882599 -0.04538357 1.33798e-4 0.003321766 -0.04892313 4.86106e-4 0.003321707 -0.0488255 8.47161e-4 0.003321468 -0.0486167 0.001188158 0.00332117 -0.04830628 0.001519501 0.003320872 -0.04788213 0.001904606 0.003320753 -0.04717683 0.002180576 0.003321051 -0.04642516 1.16222e-4 0.002903223 -0.0487917 8.19117e-5 0.00247246 -0.04852867 3.20524e-5 0.00205326 -0.04813909 -3.33935e-5 0.00164783 -0.04761409 -1.08302e-4 0.001303553 -0.04698532 -1.86689e-4 0.001043856 -0.04627078 -2.56471e-4 8.68494e-4 -0.04552632 8.76725e-4 0.001223444 -0.04539173 0.00158751 0.001651108 -0.04530787 0.001994371 0.002057075 -0.04525953 0.002225279 0.002443253 -0.04523104 0.002304852 0.002645432 -0.04522067 0.002370297 0.002856016 -0.04521167 0.002346813 0.002866566 -0.04532462 0.002358019 0.002858757 -0.04526734 0.002166211 0.002482295 -0.0455392 0.001705169 0.002028703 -0.04612284 0.001190543 0.00168842 -0.04644256 0.001415848 0.002317607 -0.04719871 0.001636624 0.002917587 -0.04746496 7.82743e-4 0.001604497 -0.04686462 3.65347e-4 0.001280367 -0.04651409 0.001432299 0.002868771 -0.04776734 7.38278e-4 0.001945853 -0.04754853 0.001105904 0.002799034 -0.0481404 7.22498e-4 0.002305805 -0.04804331 7.49439e-4 0.002678155 -0.04837977 4.49382e-4 0.002937078 -0.04871481 0.002059459 0.002524495 -0.045982 0.002544224 0.004999995 -0.04567813 0.002005994 0.004999995 -0.04732841 0.001564681 0.004999995 -0.04808586 0.001069486 0.004999995 -0.04864305 6.61895e-4 0.004999995 -0.048931 3.92094e-4 0.004999995 -0.04904562 1.57982e-4 0.004999995 -0.04910165 0.002369284 0.003321707 -0.04569762 1.33798e-4 0.003321766 -0.04892313 4.86106e-4 0.003321707 -0.0488255 8.47161e-4 0.003321468 -0.0486167 0.001188158 0.00332117 -0.04830628 0.001519501 0.003320872 -0.04788213 0.001904606 0.003320753 -0.04717683 0.002180576 0.003321051 -0.04642516 -0.001865208 0.003318548 -0.04873734 -0.002353131 0.003313958 -0.04850602 -0.002913832 0.003307998 -0.04809862 -0.003506779 0.003301024 -0.04745614 -0.001830875 0.004999995 -0.04897099 -0.00183928 0.004135549 -0.04891407 -0.003485739 0.004999995 -0.0476523 -0.002904832 0.004999995 -0.04832154 -0.002345085 0.004999995 -0.0487461 -0.001865208 0.003318548 -0.04873734 -0.002353131 0.003313958 -0.04850602 -0.002913832 0.003307998 -0.04809862 -0.003506779 0.003301024 -0.04745614 -0.003951966 0.002988278 -0.04671519 -0.003742158 0.003016352 -0.04706281 -0.003635227 0.003064751 -0.04722833 -0.003572225 0.003117442 -0.04732686 -0.003539025 0.003163754 -0.04738205 -0.003518819 0.003211796 -0.04741996 -0.003509223 0.003259718 -0.04744356 -0.003953576 0.002936899 -0.04669934 -0.003876864 0.002207815 -0.04648602 -0.003677845 0.00162214 -0.04628276 -0.003438472 0.00124675 -0.04612213 -0.00320965 0.001031279 -0.04600811 -0.002961695 8.90344e-4 -0.04591411 -0.002637565 7.95508e-4 -0.04582673 -0.002267956 7.53926e-4 -0.04576557 -0.002169191 9.9152e-4 -0.04658681 -0.002071142 0.001391291 -0.04732191 -0.00198692 0.001919448 -0.04791229 -0.001924753 0.002462446 -0.04833173 -0.001886367 0.002930879 -0.04859071 -0.002649188 0.001051723 -0.04661107 -0.002784729 0.001092672 -0.04662525 -0.002708971 0.001260519 -0.04696285 -0.003053426 0.001235067 -0.04666572 -0.002866744 0.001328051 -0.04696696 -0.003251791 0.00192964 -0.04720801 -0.003080308 0.002283513 -0.04759484 -0.002511501 0.002757072 -0.04820919 -0.002989768 0.00270003 -0.04785054 -0.003951966 0.002988278 -0.04671519 -0.003953576 0.002936899 -0.04669934 -0.003876864 0.002207815 -0.04648602 -0.003677845 0.00162214 -0.04628276 -0.003438472 0.00124675 -0.04612213 -0.00320965 0.001031279 -0.04600811 -0.002961695 8.90344e-4 -0.04591411 -0.002637565 7.95508e-4 -0.04582673 -0.002267956 7.53926e-4 -0.04576557 -0.004715502 0.002967774 -0.04479908 -0.005191683 0.00295192 -0.04254084 -0.005359053 0.002943158 -0.04096966 -0.002527058 -7.36588e-5 -0.04049819 -0.003180861 -2.95043e-6 -0.04053032 -0.003597736 1.48903e-4 -0.04057002 -0.003991544 4.14033e-4 -0.0406199 -0.004306674 7.41875e-4 -0.04067003 -0.004675984 0.001298964 -0.04074472 -0.005022823 0.002033352 -0.04083877 -0.002473235 2.69352e-4 -0.04320234 -0.0036453 2.67052e-4 -0.04141813 -0.003272294 1.70876e-4 -0.04185158 -0.003458976 2.36088e-4 -0.04185956 -0.004356086 0.001010358 -0.04208296 -0.00497055 0.002052903 -0.0415557 -0.005078732 0.0023247 -0.04157662 -0.00518614 0.002613365 -0.0415973 -0.002970576 5.63946e-4 -0.04457974 -0.004651546 0.001879453 -0.04352957 -0.004340529 0.001153051 -0.04291594 -0.004211604 0.001241564 -0.04394 -0.00319314 7.47893e-4 -0.04509449 -0.003147423 6.18325e-4 -0.04462176 -0.003370702 7.20057e-4 -0.04468476 -0.003429174 8.8591e-4 -0.04517847 -0.004084587 0.00136429 -0.04478317 -0.004286527 0.002354502 -0.04568922 -0.003497064 3.66765e-4 -0.04263842 -0.003505468 4.37966e-4 -0.0430395 -0.003462731 5.05467e-4 -0.04351317 -0.00378108 6.54067e-4 -0.04332149 -0.003439724 5.74089e-4 -0.04390627 -0.001865208 0.003318548 -0.04873734 -0.001241266 0.003321647 -0.04890829 -4.085e-4 0.003322005 -0.0489614 1.33798e-4 0.003321766 -0.04892313 -0.002267956 7.53926e-4 -0.04576557 -0.002169191 9.9152e-4 -0.04658681 -0.002071142 0.001391291 -0.04732191 -0.00198692 0.001919448 -0.04791229 -0.001924753 0.002462446 -0.04833173 -0.001886367 0.002930879 -0.04859071 -2.56471e-4 8.68494e-4 -0.04552632 1.16222e-4 0.002903223 -0.0487917 8.19117e-5 0.00247246 -0.04852867 3.20524e-5 0.00205326 -0.04813909 -3.33935e-5 0.00164783 -0.04761409 -1.08302e-4 0.001303553 -0.04698532 -1.86689e-4 0.001043856 -0.04627078 -8.55863e-4 0.002223074 -0.04838478 -8.04059e-4 0.002696812 -0.04871922 -2.56471e-4 8.68494e-4 -0.04552632 8.76725e-4 0.001223444 -0.04539173 0.00158751 0.001651108 -0.04530787 0.001994371 0.002057075 -0.04525953 0.002225279 0.002443253 -0.04523104 0.002304852 0.002645432 -0.04522067 0.002370297 0.002856016 -0.04521167 -3.65749e-4 2.74446e-4 -0.04202383 -2.17378e-4 -8.88454e-5 -0.03849077 2.72915e-5 -2.57472e-4 -0.0349462 0.001917779 2.05292e-4 -0.03471988 0.003273844 9.167e-4 -0.03455191 0.004016399 0.001567244 -0.03445392 0.00437045 0.002075374 -0.03440219 0.004473626 0.002298355 -0.03438538 0.004553079 0.002515852 -0.03437161 0.003595709 0.002676308 -0.03950572 0.002569079 6.18136e-4 -0.03581279 0.003071963 0.001210153 -0.03742182 0.00219798 4.88499e-4 -0.0364443 0.001618742 2.33076e-4 -0.03651404 0.00164777 6.66454e-4 -0.03993958 0.001393616 0.001266419 -0.04416078 8.55416e-4 8.88051e-4 -0.04363721 0.001251041 0.001073598 -0.04359155 0.00397849 0.001879394 -0.03587895 0.003508031 0.001958668 -0.03844767 0.002566516 0.001073658 -0.03890681 0.00330007 0.001882076 -0.03918701 0.001627504 3.32627e-4 -0.03746026 0.001628518 3.87013e-4 -0.03793388 0.001984596 6.018e-4 -0.03825294 0.003002882 0.001641571 -0.03968882 0.002281486 0.001196503 -0.04070144 0.00312823 0.001921713 -0.04008901 0.002236723 0.001483857 -0.04221755 0.001348912 3.55999e-4 -0.03867757 0.001531243 8.76598e-4 -0.04162943 0.001062929 6.02233e-4 -0.04134893 0.002469241 0.00220263 -0.04369544 0.001134812 7.52714e-4 -0.04209554 -0.002129733 -3.75875e-4 -0.03520268 -0.002418935 -2.70789e-4 -0.03789055 -0.002527058 -7.36588e-5 -0.04049819 -0.002982795 -2.70405e-4 -0.03530561 -0.00339055 -1.22947e-4 -0.03535526 -0.003840982 1.59312e-4 -0.03541004 -0.004205107 5.18091e-4 -0.03545391 -0.004611492 0.001115977 -0.03550207 -0.00498408 0.001910209 -0.03554493 -0.005338668 0.00290358 -0.03558439 -0.005471169 0.002908825 -0.03831666 -0.005359053 0.002943158 -0.04096966 -0.003180861 -2.95043e-6 -0.04053032 -0.003597736 1.48903e-4 -0.04057002 -0.003991544 4.14033e-4 -0.0406199 -0.004306674 7.41875e-4 -0.04067003 -0.004675984 0.001298964 -0.04074472 -0.005022823 0.002033352 -0.04083877 -0.003671228 1.15066e-4 -0.03981113 -0.003288447 -7.68392e-5 -0.03933143 -0.003489732 -4.46104e-6 -0.03937208 -0.003959 3.09035e-4 -0.03987157 -0.003756463 1.32594e-4 -0.03943049 -0.004616796 9.84779e-4 -0.0391128 -0.003170073 -2.14938e-4 -0.03670597 -0.005209028 0.002268671 -0.03969818 -0.004552006 8.37095e-4 -0.0381481 -0.003558337 -6.12782e-5 -0.03631871 -0.003395795 -1.37787e-4 -0.03674918 -0.005320072 0.002579212 -0.03976845 -0.004468858 7.22694e-4 -0.037279 -0.005087256 0.001920342 -0.03686547 -0.00520581 0.002227365 -0.03690367 -0.00532025 0.002549767 -0.03694635 -0.003654658 2.03936e-5 -0.03849828 -0.003591775 -2.9787e-5 -0.03801405 -0.003532946 -6.85477e-5 -0.03759747 -0.003485739 0.004999995 -0.0476523 -0.00451678 0.004999995 -0.04575181 -0.005353629 0.004999995 -0.04310083 -0.005652725 0.004999995 -0.04112803 -0.003506779 0.003301024 -0.04745614 -0.003951966 0.002988278 -0.04671519 -0.003742158 0.003016352 -0.04706281 -0.003635227 0.003064751 -0.04722833 -0.003572225 0.003117442 -0.04732686 -0.003539025 0.003163754 -0.04738205 -0.003518819 0.003211796 -0.04741996 -0.003509223 0.003259718 -0.04744356 -0.004715502 0.002967774 -0.04479908 -0.005191683 0.00295192 -0.04254084 -0.005359053 0.002943158 -0.04096966 -0.005525946 0.003585398 -0.04105973 -0.005621552 0.004278779 -0.04111123 2.72915e-5 -2.57472e-4 -0.0349462 0.001917779 2.05292e-4 -0.03471988 0.003273844 9.167e-4 -0.03455191 0.004016399 0.001567244 -0.03445392 0.00437045 0.002075374 -0.03440219 0.004473626 0.002298355 -0.03438538 0.004553079 0.002515852 -0.03437161 0.001344203 -2.71279e-4 -0.02930665 4.65713e-4 -2.87624e-4 -0.03185075 1.58928e-4 -2.81478e-4 -0.03353071 0.005820453 0.002376317 -0.03048235 0.005489408 0.001666724 -0.03041684 0.005102574 0.001167774 -0.03032994 0.004625976 7.64513e-4 -0.03021353 0.004038453 4.2308e-4 -0.0300619 0.003113448 7.31777e-5 -0.02981191 0.002247273 -1.30376e-4 -0.02956867 0.005010545 0.002451837 -0.0324921 0.005010664 0.001564741 -0.03128159 0.003749191 8.38225e-4 -0.03242737 0.004291534 0.001672089 -0.03360009 0.003444612 6.48019e-4 -0.03240722 0.002364575 -6.56815e-6 -0.03076356 0.001942873 1.2397e-4 -0.03351289 0.00112605 -1.11393e-4 -0.0335201 -0.002267956 7.53926e-4 -0.04576557 -2.56471e-4 8.68494e-4 -0.04552632 -0.002527058 -7.36588e-5 -0.04049819 -0.002473235 2.69352e-4 -0.04320234 -0.002129733 -3.75875e-4 -0.03520268 -0.002418935 -2.70789e-4 -0.03789055 2.72915e-5 -2.57472e-4 -0.0349462 -3.65749e-4 2.74446e-4 -0.04202383 -2.17378e-4 -8.88454e-5 -0.03849077 -0.002129733 -3.75875e-4 -0.03520268 -0.001411318 -4.10209e-4 -0.03166365 -3.29718e-4 -3.84368e-4 -0.02831494 -0.002913653 0.002943158 -0.026757 -0.002349257 0.001705706 -0.02696549 -0.001512765 4.47926e-4 -0.02741378 -0.001074969 -6.36745e-6 -0.0276907 -7.65488e-4 -2.40931e-4 -0.02791279 -5.63636e-4 -3.41357e-4 -0.02808147 -4.34473e-4 -3.75419e-4 -0.02820545 -0.004104375 0.002937197 -0.02954614 -0.004899382 0.002919137 -0.03253376 -0.005338668 0.00290358 -0.03558439 -0.002982795 -2.70405e-4 -0.03530561 -0.00339055 -1.22947e-4 -0.03535526 -0.003840982 1.59312e-4 -0.03541004 -0.004205107 5.18091e-4 -0.03545391 -0.004611492 0.001115977 -0.03550207 -0.00498408 0.001910209 -0.03554493 -0.002939879 -2.51478e-4 -0.03394275 -0.003250002 -1.14653e-4 -0.03396034 -0.002428591 -3.60597e-4 -0.03329557 -0.002675354 -2.97889e-4 -0.03327274 -0.002899765 -2.14319e-4 -0.03326791 -0.004787862 0.001908481 -0.03405457 -0.004912614 0.002222359 -0.03405898 -0.005034804 0.002552032 -0.03406357 -0.001539885 -2.10898e-4 -0.02955603 -0.003973007 0.001651048 -0.0310952 -0.00366342 7.96838e-4 -0.03187638 -0.003222167 8.33895e-4 -0.03048855 -0.001395463 -1.49516e-4 -0.02893853 -0.002682983 7.03881e-4 -0.02940744 -0.003051757 0.001841843 -0.02826684 -0.003346681 0.002435922 -0.02817571 -0.004193484 6.49878e-4 -0.03450614 -0.004164636 7.26587e-4 -0.03402793 -0.00408715 7.10248e-4 -0.03370583 -0.003915131 6.8237e-4 -0.03306525 -0.002684116 -1.64856e-4 -0.03216224 -0.002554178 -1.32887e-4 -0.03162163 -0.002335548 -1.19485e-4 -0.03099119 -0.002803862 1.23779e-4 -0.03126025 -0.00207144 -1.51283e-4 -0.03049504 -0.004543721 0.002439796 -0.0317856 -0.005652725 0.004999995 -0.04112803 -0.005723416 0.004999995 -0.03739941 -0.005409598 0.004999995 -0.03380733 -0.004627406 0.004999995 -0.03015446 -0.004015147 0.004999995 -0.02839386 -0.003243744 0.004999995 -0.02669948 -0.005359053 0.002943158 -0.04096966 -0.005525946 0.003585398 -0.04105973 -0.005621552 0.004278779 -0.04111123 -0.005338668 0.00290358 -0.03558439 -0.005471169 0.002908825 -0.03831666 -0.002913653 0.002943158 -0.026757 -0.004104375 0.002937197 -0.02954614 -0.004899382 0.002919137 -0.03253376 -0.00316447 0.003926992 -0.02671325 -0.005650877 0.003920078 -0.03997516 0.001344203 -2.71279e-4 -0.02930665 4.65713e-4 -2.87624e-4 -0.03185075 1.58928e-4 -2.81478e-4 -0.03353071 2.72915e-5 -2.57472e-4 -0.0349462 5.98356e-4 -3.56782e-4 -0.02902597 1.3648e-4 -3.84521e-4 -0.02873569 -3.29718e-4 -3.84368e-4 -0.02831494 -0.002129733 -3.75875e-4 -0.03520268 -0.001411318 -4.10209e-4 -0.03166365 -0.002913653 0.002943158 -0.026757 -0.002349257 0.001705706 -0.02696549 -0.001512765 4.47926e-4 -0.02741378 -0.001074969 -6.36745e-6 -0.0276907 -7.65488e-4 -2.40931e-4 -0.02791279 -5.63636e-4 -3.41357e-4 -0.02808147 -4.34473e-4 -3.75419e-4 -0.02820545 -3.29718e-4 -3.84368e-4 -0.02831494 -0.00237149 0.002943277 -0.02562189 -0.001954019 0.002943396 -0.02419817 -0.001247286 0.001255989 -0.02446413 -6.95974e-4 4.14886e-4 -0.02467399 -2.14055e-4 -4.14457e-5 -0.0248571 1.17153e-4 -2.34087e-4 -0.0249834 2.70903e-4 -2.88942e-4 -0.02504229 4.09067e-4 -3.14459e-4 -0.02509564 6.00815e-5 -3.65785e-4 -0.02694708 -2.54557e-4 -1.61502e-4 -0.02578461 -3.67142e-4 -3.51016e-4 -0.02765542 -4.91247e-4 -3.00535e-4 -0.0275439 -0.001773595 0.001464784 -0.0260275 -0.002464592 0.002442717 -0.02633988 -0.001050531 4.97709e-4 -0.02595317 -0.001176059 3.81567e-4 -0.02673953 -0.002459585 0.002943158 -0.01950424 -0.001966714 0.002943456 -0.02122873 -0.001822769 0.002943515 -0.02267867 -0.001954019 0.002943396 -0.02419817 -0.002913653 0.002943158 -0.026757 -0.00237149 0.002943277 -0.02562189 -0.003243744 0.004999995 -0.02669948 -0.00316447 0.003926992 -0.02671325 -0.002697467 0.004999995 -0.01975166 -0.002198696 0.004999995 -0.02179086 -0.00216037 0.004999995 -0.02312344 -0.002477645 0.004999995 -0.02492213 -0.002841949 0.004999995 -0.02588427 -0.002594828 0.003585398 -0.01964491 -0.002672314 0.004278779 -0.01972544 -0.001954019 0.002943396 -0.02419817 -0.001247286 0.001255989 -0.02446413 -6.95974e-4 4.14886e-4 -0.02467399 -2.14055e-4 -4.14457e-5 -0.0248571 1.17153e-4 -2.34087e-4 -0.0249834 2.70903e-4 -2.88942e-4 -0.02504229 4.09067e-4 -3.14459e-4 -0.02509564 -0.002459585 0.002943158 -0.01950424 -0.001966714 0.002943456 -0.02122873 -0.001822769 0.002943515 -0.02267867 7.38166e-4 -1.73938e-4 -0.01776385 -1.62274e-5 8.3562e-5 -0.01802134 -7.75717e-4 5.47576e-4 -0.01835411 -0.00144416 0.001153528 -0.01871985 -0.001966893 0.001829266 -0.01907312 -0.002255678 0.002366542 -0.01930874 6.86131e-4 -2.25914e-4 -0.02176952 4.29183e-4 -9.32487e-5 -0.01944816 7.14362e-5 5.8698e-5 -0.01951551 -2.88047e-4 2.71507e-4 -0.01959633 -0.00111407 0.001072645 -0.02026373 2.40199e-4 -1.86059e-4 -0.02380192 -2.5481e-6 -5.32204e-5 -0.02369755 -3.32363e-4 1.97493e-4 -0.023561 -0.00137639 0.001715302 -0.02190613 -9.97543e-4 0.001016497 -0.02136367 -9.7391e-4 0.001012861 -0.02237468 -0.001033127 0.001087903 -0.02321326 2.55182e-4 -4.73158e-5 -0.02053624 -1.75416e-4 1.74284e-4 -0.02151846 -1.8473e-4 1.59942e-4 -0.02211797 -4.68224e-4 4.08233e-4 -0.02183759</float_array>
          <technique_common>
            <accessor source="#middle_intermediate-mesh-positions-array" count="5221" stride="3">
              <param name="X" type="float"/>
              <param name="Y" type="float"/>
              <param name="Z" type="float"/>
            </accessor>
          </technique_common>
        </source>
        <source id="middle_intermediate-mesh-normals">
          <float_array id="middle_intermediate-mesh-normals-array" count="14868">0.9973958 0.05592906 0.04553824 0.9800717 0.05774509 0.1900658 -0.5879489 -0.01692682 -0.808721 0.1973702 0.1358734 0.9708674 0.9973996 -0.05612885 0.04520851 0.9933834 0.05263239 -0.1020749 0.9800691 -0.05825144 0.1899248 0.9933815 -0.05278867 -0.1020138 0.9914858 -0.05278789 -0.1190345 0.9933637 0.05280429 -0.1021779 0.9933637 -0.05280429 -0.1021779 0.9914859 0.05278789 -0.1190345 0.9914852 0.05278068 -0.1190429 0.9933624 0.05279135 -0.1021971 0.9933665 0.0527907 -0.1021578 0.9912639 0.05290615 -0.1208177 0.9903053 0.05289691 -0.1284424 0.9837433 0.05301272 -0.171577 0.983739 0.05300909 -0.1716032 0.9331184 0.3166857 -0.1702947 0.979489 0.1066229 -0.1709761 0.9793329 0.1066836 -0.1718309 0.9728628 0.2087964 -0.09970968 0.9891649 0.1060976 -0.1014703 0.9870602 0.1060203 -0.1202993 0.9433739 0.3108889 -0.1157313 0.9437396 0.3162908 -0.09651887 0.9697943 0.2031132 -0.1350709 0.9232805 0.1082043 -0.3685713 0.8740333 0.1096054 -0.4733418 0.8633269 0.2210063 -0.4536772 0.8457176 0.3351364 -0.4152656 0.9050545 0.3224763 -0.2772825 0.9793547 0.1065003 -0.1718197 0.955058 0.1075047 -0.2762373 0.9331039 0.3167322 -0.1702877 0.9049898 0.322704 -0.2772285 0.8968937 0.4097759 -0.1663292 0.9331243 0.3166721 -0.1702883 0.8210982 0.4137722 -0.3931798 0.8451193 0.3368977 -0.4150584 0.7687601 0.5301892 -0.3576415 0.6563792 0.6991907 -0.2833703 0.3858302 0.9159735 -0.1101264 0.3492008 0.9356015 -0.05204665 0.4920314 0.8662922 -0.08627331 0.2263243 0.9736101 -0.02933615 0.1656911 0.9860869 -0.01338404 0.6679521 0.7213744 -0.1829184 0.6698055 0.731902 -0.1252207 0.8200927 0.5511052 -0.1540492 0.5083408 0.8407404 -0.1864011 0.1529575 0.9881361 -0.01382952 0.3491129 0.9356336 -0.0520575 0.1655746 0.9861062 -0.01341092 0.5936096 0.7991657 -0.09466665 0.6698687 0.7318516 -0.125177 0.491935 0.8663561 -0.08618146 0.4987311 0.8634176 -0.07600891 0.4755703 0.8769614 -0.06907844 0.4194661 0.9058389 -0.05919653 0.3536328 0.9341715 -0.04761809 0.1728217 0.9846373 -0.02494198 0.5537235 0.8303918 -0.06196546 0.4770827 0.8764334 -0.06524217 0.5976433 0.7982892 -0.07454484 0.4651297 0.8835302 -0.05503457 0.4657908 0.8831841 -0.05499774 0.3995328 0.9153257 -0.0505234 0.3887798 0.9199305 -0.05077713 0.3175818 0.9465736 -0.05603986 0.3451203 0.9373663 -0.0472911 0.2957115 0.95424 -0.04450726 0.2304767 0.9722666 -0.03972709 0.1963022 0.9794079 -0.04717785 0.8243214 0.5474923 -0.1440365 0.8201285 0.5510634 -0.1540082 0.8968963 0.4098216 -0.1662023 0.9331125 0.3167014 -0.1702979 0.8415899 0.5236241 -0.1324545 0.9433059 0.311083 -0.1157646 0.6258461 0.7755811 -0.08240562 0.8434487 0.5269916 -0.1042789 0.3401001 0.9392095 -0.04708993 0.8010922 0.5910227 -0.09456974 0.7300288 0.6777166 -0.08808064 0.8240513 0.5578733 -0.09857445 0.8665642 0.4878086 -0.1054011 0.1727221 0.9846541 -0.02496635 0.1289016 0.9916146 -0.009212493 0.1080353 0.9941349 -0.004917621 0.1530649 0.9881183 -0.01390427 0.08218538 0.996617 -4.5346e-4 0.06451833 0.9979152 -0.001649737 0.1962876 0.9794105 -0.04718303 0.05228132 0.9982092 -0.02907168 -0.01066726 0.9965298 -0.0825513 0.02925074 0.995622 -0.08877593 0.1358494 0.9867184 -0.08905977 0.2484052 0.9662284 -0.06853866 0.2866429 0.954617 -0.08088535 -0.06153905 0.9951668 -0.07652509 -0.07150989 0.9955521 -0.06133961 -0.09901076 0.9923971 -0.07310813 -0.1141843 0.9908493 -0.07197129 -0.01643288 0.998056 -0.06011962 -0.1653505 0.984263 -0.06233495 -0.1284131 0.9891728 -0.07104372 -0.1406665 0.9875612 -0.07025569 -0.1936184 0.979037 -0.06323361 -0.1485286 0.9864253 -0.07003122 -0.1565278 0.9852141 -0.06965845 -0.1666827 0.9835731 -0.06928735 -0.1752696 0.9820971 -0.06903612 0.01490503 0.9982038 -0.0580275 0.03417682 0.9978848 -0.05530029 0.216862 0.9743323 -0.06039601 0.0491994 0.9974673 -0.05136597 0.05572026 0.9973515 -0.04674732 0.05556225 0.9975849 -0.04168069 0.1962932 0.9794094 -0.0471822 0.05239272 0.9982038 -0.02905398 -0.2314841 0.9707865 -0.06315708 -0.2508022 0.9660601 -0.06185734 -0.1752701 0.9821034 -0.06894522 -0.193301 0.9790971 -0.06327509 -0.331374 0.9417671 -0.05714875 -0.3639435 0.9300212 -0.05104702 -0.507155 0.8607726 -0.04317975 -0.4709789 0.8811873 -0.04108405 -0.5623464 0.8263214 -0.03097581 -0.8438506 0.5359256 0.0264576 -0.8477705 0.5294513 0.03108894 -0.8460724 0.5321606 0.03108924 -0.8494979 0.5266708 0.03116643 -0.8523138 0.5220809 0.03150892 -0.854039 0.5192378 0.03177398 -0.8564469 0.5152199 0.03236305 -0.9423774 0.3313094 0.04646569 -0.8798307 0.4734557 0.04168719 -0.8690819 0.4932624 0.03726798 -0.8646063 0.5012103 0.03527539 -0.8587406 0.5113438 0.03304862 -0.6462128 0.7627018 -0.02636349 -0.6623998 0.748974 -0.01626139 -0.7557712 0.6547919 -0.007589399 -0.7349749 0.6780929 -0.001414895 -0.8522157 0.5231239 0.008358478 -0.820424 0.5714436 0.01888966 -0.8106715 0.5852618 0.01674389 -0.8306884 0.5563479 0.02083402 -0.9434568 0.3310893 0.01640897 -0.8363541 0.5477228 0.02261728 -0.8411434 0.5402547 0.02455061 -0.8428948 0.537474 0.02549904 -0.9929881 0.1079949 0.04808282 -0.9929755 0.1079169 0.04851406 -0.9424226 0.3311815 0.04646092 -0.9939856 0.1077892 0.01934415 -0.9434607 0.3310784 0.01640295 -0.997418 0.05258846 0.04890656 -0.9964065 0.0526883 0.06631761 -0.9964731 0.05268067 0.06531566 -0.9974366 0.05259448 0.04852092 -0.9974245 0.05263495 0.04872339 -0.9757809 0.2090175 0.06452375 -0.9421013 0.3291991 0.06382066 -0.9424182 0.3311967 0.04644048 -0.9929565 0.1080247 0.0486648 -0.9920189 0.1081365 0.06484466 -0.9422001 0.3289186 0.0638076 -0.8992127 0.4328813 0.06348466 -0.8959547 0.4403489 0.05794894 -0.9423795 0.3313075 0.04643666 -0.8798632 0.473397 0.04166859 0.1923603 0.9783955 -0.07576036 0.2866553 0.9546128 -0.0808897 0.1357537 0.9866383 -0.09008902 0.2472491 0.9654311 -0.08252793 0.1700031 0.9827094 -0.07335662 0.1579814 0.9848241 -0.07185763 0.02955389 0.9956502 -0.08835995 0.02926707 0.9955703 -0.08934855 0.1391009 0.9879027 -0.06855148 0.1206439 0.9906191 -0.06417864 0.05699539 0.9970576 -0.05126196 0.1045908 0.9927225 -0.05968976 0.08065509 0.995337 -0.05290794 0.4216472 0.9037332 -0.07402765 0.4424571 0.8897821 -0.1118913 0.5742999 0.8154796 -0.07192105 0.4217756 0.9000074 -0.1099641 0.4059672 0.9074906 -0.1079429 0.286724 0.9545945 -0.08086317 0.247114 0.9654651 -0.08253413 0.4216248 0.9037511 -0.07393687 0.574314 0.8155332 -0.07119804 0.6523773 0.7544108 -0.07258266 0.6678456 0.738919 -0.08933657 0.9433149 0.3110945 -0.11566 0.8665584 0.4878172 -0.1054092 0.730038 0.677708 -0.08807152 0.5976285 0.7982994 -0.07455426 0.5712646 0.8166691 -0.08190482 0.4770829 0.8764339 -0.06523543 0.4905672 0.8680776 -0.07606053 0.3175662 0.9465836 -0.05595785 0.1962845 0.9794116 -0.04717373 0.5727765 0.8153714 -0.08424079 0.5022783 0.8610717 -0.07919609 0.4423486 0.8937165 -0.07482373 0.2172908 0.9742349 -0.06042522 0.7497989 0.6549225 -0.09422457 0.9436882 0.3164331 -0.09655404 0.6198539 0.7811052 -0.07520532 0.6112015 0.7874266 -0.07994997 0.4773371 0.8756032 -0.07394838 0.7090705 0.7008126 -0.07798004 0.8685513 0.4876868 -0.08820682 0.7444276 0.6632198 -0.07724702 0.5440657 0.8358954 -0.07260596 0.248575 0.9661868 -0.06851065 0.6104716 0.7886302 -0.0733965 0.4831594 0.8726101 -0.07147604 0.4429676 0.8937114 -0.07113218 0.2867445 0.9545884 -0.08086317 0.5392082 0.8391296 -0.07152736 0.4716682 0.8782747 -0.07850301 0.4559089 0.8866831 -0.07707387 0.4632424 0.8829274 -0.07645863 0.8326648 0.5466727 -0.08842211 0.9837382 0.05300235 -0.1716103 0.9836277 0.05299645 -0.1722441 0.9838427 0.05298757 -0.1710143 0.966262 0.05329453 -0.2519872 0.9596232 0.05353099 -0.2761482 0.9383201 0.05379986 -0.3415569 0.9275283 0.05391049 -0.3698445 0.8774305 0.05450803 -0.4765971 0.8774411 0.05449169 -0.4765793 -0.9984213 0.05260121 0.01969689 -0.998431 0.05260306 0.01919883 -0.9974352 0.05260246 0.04854065 -0.9974362 0.05260264 0.0485177 0.6639727 0.05431485 0.7457816 0.7053399 0.05400675 0.706809 0.6641427 0.05430054 0.7456313 0.7057334 0.05398595 0.7064176 0.6640458 0.05430167 0.7457175 0.7033932 0.05400109 0.7087467 0.6639701 0.05429488 0.7457854 0.6999481 0.05409812 0.7121419 0.6777308 0.05419194 0.7333105 0.6639771 0.05430114 0.7457787 0.6973424 0.05410993 0.7146928 0.6939451 0.05411112 0.7179919 0.6867181 0.05419009 0.7249012 -0.3876711 0.05729579 0.9200155 -0.4227469 0.05729925 0.9044346 -0.3423225 0.0573973 0.9378277 -0.4806874 0.05709815 0.8750311 -0.4807018 0.05709695 0.8750234 -0.2605877 0.05750387 0.9637362 -0.1856645 0.05763459 0.9809216 -0.02584064 0.05739629 0.998017 -0.01501655 0.05740451 0.9982381 0.2164556 0.05670106 0.9746446 0.1760344 0.05690377 0.982738 0.3521999 0.05619812 0.9342361 0.3477575 0.05620098 0.9358986 0.4578811 0.05560541 0.8872728 0.575177 0.05490005 0.8161848 0.544077 0.05512458 0.8372225 0.6639203 0.05429929 0.7458295 0.6636709 0.05430138 0.7460512 0.6637136 0.05431449 0.7460122 -0.8735026 0.05458992 0.4837492 -0.8734917 0.0544973 0.4837793 -0.7720375 0.0554983 0.6331495 -0.7709459 0.05555176 0.6344733 -0.639397 0.05639451 0.7668059 -0.639308 0.05639183 0.7668803 -0.4807602 0.05710363 0.8749908 -0.4807798 0.05711561 0.8749793 0.6010809 0.05468696 0.797315 0.474389 0.05550199 0.878564 0.6980597 0.05400264 0.7140004 0.4853047 0.05549639 0.8725821 0.2859372 0.05650812 0.9565808 0.2606712 0.0565977 0.9637672 0.05621778 0.05728459 0.9967738 0.05142402 0.05730122 0.9970318 -0.1857171 0.05761593 0.9809126 -0.1373603 0.05749678 0.988851 -0.2295454 0.05750566 0.9715977 -0.415704 0.05729532 0.9076935 -0.5262527 0.05688726 0.8484233 -0.3211944 0.05750399 0.9452659 -0.6126434 0.05650585 0.788337 -0.7011404 0.05599802 0.7108209 -0.7654513 0.05560463 0.6410868 -0.7960215 0.05530792 0.6027361 -0.8735077 0.05459469 0.4837393 -0.8735018 0.05450254 0.4837603 0.6639721 -0.05431479 0.7457821 0.7053402 -0.05400401 0.7068089 0.7057337 -0.05398547 0.7064175 0.6641435 -0.0543012 0.7456306 0.6640459 -0.05430066 0.7457175 0.7033924 -0.05400085 0.7087476 0.6639602 -0.05429375 0.7457944 0.6999441 -0.05408406 0.7121469 0.6777355 -0.05420213 0.7333053 0.6639769 -0.05430114 0.7457789 0.6836011 -0.05421131 0.7278398 0.6952303 -0.05407977 0.7167499 0.6891634 -0.05407112 0.7225857 -0.3908192 -0.05730187 0.9186821 -0.4807417 -0.05709671 0.8750013 -0.4807317 -0.05709987 0.8750067 -0.3338057 -0.05739957 0.9408928 -0.2306039 -0.05761957 0.9713402 -0.1158083 -0.05751174 0.9916052 -0.00554037 -0.05740201 0.9983358 0.1456722 -0.05698955 0.9876902 0.134026 -0.05699831 0.9893373 0.3622162 -0.05609405 0.9304047 0.3124112 -0.05641043 0.9482706 0.5752287 -0.05490225 0.8161481 0.4912189 -0.05540502 0.8692722 0.6011011 -0.05468773 0.7972998 0.6639687 -0.05429929 0.7457863 0.6637731 -0.05430287 0.7459601 0.6637157 -0.05431437 0.7460104 0.9914851 -0.05278182 -0.1190443 0.9933665 -0.0527907 -0.1021578 0.9933624 -0.05279135 -0.1021971 0.9912639 -0.05290621 -0.1208176 0.9903055 -0.05289727 -0.1284404 0.9837433 -0.05301272 -0.1715773 0.983739 -0.05300909 -0.1716034 0.9331183 -0.3166859 -0.1702947 0.9793284 -0.1067041 -0.1718438 0.979487 -0.1066326 -0.170982 0.9728537 -0.208819 -0.0997523 0.9870604 -0.1060209 -0.1202966 0.9891587 -0.1061553 -0.1014703 0.943374 -0.3108891 -0.1157305 0.9437419 -0.3162837 -0.09651887 0.9697845 -0.2031608 -0.1350701 0.9232801 -0.1082028 -0.3685731 0.863282 -0.2209852 -0.4537728 0.8740684 -0.1095978 -0.4732787 0.8457154 -0.3351333 -0.4152725 0.9050539 -0.3224754 -0.2772855 0.9550586 -0.1075027 -0.2762359 0.9793548 -0.1065 -0.1718195 0.9331042 -0.316732 -0.170287 0.9049972 -0.3226883 -0.2772226 0.9331269 -0.3166579 -0.1702997 0.8969351 -0.4096899 -0.1663184 0.7878333 -0.4921955 -0.3702193 0.845129 -0.3369021 -0.415035 0.3216583 -0.9439759 -0.07379329 0.4919618 -0.8663284 -0.08630645 0.3492112 -0.9355965 -0.05206567 0.4668923 -0.8697344 -0.1599176 0.2263363 -0.9736077 -0.02932858 0.1656922 -0.9860867 -0.01338362 0.6999834 -0.685481 -0.2003477 0.5716062 -0.788327 -0.2276118 0.669857 -0.7318601 -0.1251899 0.8200787 -0.5511264 -0.1540477 0.7885249 -0.5445871 -0.2857508 0.6846985 -0.6632125 -0.3022204 0.1529576 -0.988136 -0.01382941 0.1655745 -0.9861062 -0.01341098 0.3491131 -0.9356335 -0.0520578 0.5936102 -0.799165 -0.0946688 0.4919342 -0.8663564 -0.08618223 0.6698675 -0.7318525 -0.125178 0.4987213 -0.8634148 -0.07610583 0.4755696 -0.8769607 -0.06909173 0.419444 -0.9058547 -0.05910998 0.3536334 -0.9341714 -0.04761677 0.1728218 -0.9846373 -0.0249418 0.5537244 -0.8303912 -0.06196457 0.5976434 -0.798289 -0.07454568 0.4770829 -0.8764334 -0.06524258 0.4651299 -0.8835301 -0.05503457 0.4657938 -0.8831831 -0.05498862 0.3995326 -0.9153257 -0.05052328 0.3887796 -0.9199305 -0.05077773 0.3175818 -0.9465735 -0.0560401 0.345121 -0.9373661 -0.04729115 0.2957109 -0.9542401 -0.04450869 0.230477 -0.9722666 -0.03972613 0.1963022 -0.9794079 -0.04717874 0.824321 -0.5474926 -0.1440368 0.8201268 -0.5510655 -0.1540095 0.8968964 -0.4098216 -0.1662022 0.9331126 -0.3167009 -0.1702982 0.8415885 -0.5236257 -0.1324578 0.9433059 -0.3110831 -0.1157647 0.6258851 -0.7755503 -0.08239948 0.843477 -0.5269518 -0.1042528 0.3401003 -0.9392095 -0.04708915 0.8010924 -0.5910226 -0.09456998 0.7300294 -0.677716 -0.08808064 0.8240537 -0.5578711 -0.09856766 0.8665647 -0.4878078 -0.1054012 0.1727122 -0.9846561 -0.02496021 0.1241375 -0.9922311 -0.008208215 0.1530437 -0.9881217 -0.01390564 0.1015793 -0.9948205 -0.003722727 0.07551991 -0.9971442 2.91228e-4 0.0645129 -0.9979155 -0.001649618 0.1962878 -0.9794105 -0.04718303 0.05228155 -0.9982092 -0.02907168 0.001541793 -0.9964542 -0.0841239 0.1359658 -0.9867056 -0.08902531 0.0292381 -0.9956242 -0.08875602 0.2483963 -0.9662306 -0.06854027 0.2866376 -0.9546186 -0.08088582 -0.03790974 -0.9961326 -0.07926446 -0.06810122 -0.9947904 -0.07585746 -0.06319516 -0.9961192 -0.06126266 -0.1078513 -0.991523 -0.07245993 -0.1079311 -0.9922426 -0.06168979 -0.1244821 -0.9896577 -0.07128691 -0.00778985 -0.998187 -0.05968308 -0.1653558 -0.9842625 -0.06232875 -0.1366401 -0.9881053 -0.07055127 -0.1934879 -0.9790646 -0.06320756 -0.1651581 -0.9838312 -0.06927591 -0.1753139 -0.982088 -0.06905251 -0.1554866 -0.9853972 -0.06939989 -0.1459537 -0.9868006 -0.07015812 0.02942532 -0.9979902 -0.05612266 0.2169772 -0.9743078 -0.06037688 0.05163711 -0.997399 -0.05028933 0.0555666 -0.9975847 -0.04167884 0.1962934 -0.9794094 -0.04718267 0.05239295 -0.9982038 -0.02905458 -0.1932727 -0.9791032 -0.06326723 -0.1752844 -0.9821009 -0.06894427 -0.2680739 -0.9615243 -0.06006288 -0.4036554 -0.913424 -0.05214494 -0.4002647 -0.9151568 -0.04771065 -0.5324403 -0.8457627 -0.03453725 -0.8438427 -0.5359373 0.02647197 -0.8542178 -0.5189349 0.03191822 -0.8565657 -0.5150209 0.03238266 -0.8528784 -0.5211588 0.03149807 -0.8504307 -0.5251598 0.0312249 -0.847639 -0.5296645 0.03104352 -0.8464356 -0.5315808 0.03112697 -0.8457079 -0.5327328 0.03120785 -0.9423835 -0.3312914 0.04646813 -0.869069 -0.4932842 0.0372833 -0.8798305 -0.473456 0.04168903 -0.8618362 -0.5060327 0.03419327 -0.6026267 -0.7973658 -0.03238695 -0.6721202 -0.7403005 -0.01448243 -0.745705 -0.6662086 -0.00950253 -0.8106459 -0.5852978 0.01672863 -0.8462343 -0.5327574 0.007566034 -0.8200924 -0.5719206 0.01885044 -0.8306499 -0.5564037 0.02088057 -0.9003317 -0.4349898 0.01366835 -0.8350769 -0.5496848 0.02221149 -0.839052 -0.5435329 0.02374392 -0.943454 -0.3310982 0.01639109 -0.8588063 -0.5112311 0.03308421 -0.8421881 -0.5386036 0.02500975 -0.9929876 -0.1079946 0.04809093 -0.9424226 -0.3311815 0.0464608 -0.9929758 -0.1079147 0.04851448 -0.9939856 -0.1077892 0.01934415 -0.9434607 -0.3310785 0.01640278 -0.997418 -0.05258846 0.04890662 -0.9964066 -0.0526883 0.06631767 -0.9974365 -0.05259442 0.04852098 -0.9964731 -0.05268067 0.06531578 -0.9974244 -0.05263566 0.04872494 -0.9757814 -0.2090064 0.06455188 -0.9424212 -0.3311865 0.04645437 -0.942107 -0.3291822 0.06382411 -0.9929547 -0.10804 0.0486682 -0.9920193 -0.1081355 0.06484276 -0.9422 -0.3289191 0.06380784 -0.8959547 -0.4403491 0.05794924 -0.8992126 -0.4328815 0.06348598 -0.9423794 -0.3313077 0.04643636 -0.8798632 -0.4733969 0.04166787 0.2281487 -0.9703584 -0.07970422 0.2867572 -0.9545841 -0.08086836 0.2470988 -0.9654693 -0.08253055 0.2013658 -0.9765099 -0.07668232 0.135836 -0.9866262 -0.09009683 0.1729948 -0.9821618 -0.07369476 0.1562768 -0.9851168 -0.0715726 0.1363471 -0.9883264 -0.06797349 0.05699229 -0.9970579 -0.0512585 0.02918517 -0.9955611 -0.0894795 0.1045765 -0.9927303 -0.0595839 0.08065336 -0.9953371 -0.05290758 0.4216421 -0.9037339 -0.07404762 0.4192852 -0.9012072 -0.1096612 0.4060162 -0.9074675 -0.107952 0.4307699 -0.8956249 -0.1108767 0.4922702 -0.8633528 -0.11087 0.5743132 -0.8154715 -0.07190662 0.2867693 -0.9545801 -0.08087241 0.2471141 -0.9654651 -0.08253431 0.6678463 -0.7389186 -0.08933514 0.8665583 -0.4878174 -0.1054093 0.943315 -0.3110942 -0.1156601 0.7300375 -0.6777086 -0.08807086 0.5976289 -0.7982991 -0.07455396 0.5712653 -0.8166685 -0.0819059 0.4770833 -0.8764336 -0.06523561 0.490567 -0.8680774 -0.07606291 0.3175656 -0.9465838 -0.05595844 0.196284 -0.9794117 -0.04717409 0.5727779 -0.8153702 -0.08424288 0.5022789 -0.8610714 -0.07919621 0.4423485 -0.8937171 -0.07481747 0.2172914 -0.9742347 -0.06042492 0.7497987 -0.6549224 -0.09422618 0.943697 -0.3164072 -0.09655356 0.6198463 -0.7811115 -0.07520264 0.4773139 -0.8756166 -0.07393878 0.6112018 -0.7874265 -0.07994925 0.7306803 -0.6781004 -0.07928532 0.9087254 -0.4069895 -0.09261697 0.8399682 -0.5359079 -0.08518469 0.5733226 -0.8160282 -0.07348066 0.6642439 -0.7436888 -0.07554548 0.527931 -0.846206 -0.07228094 0.248611 -0.9661777 -0.0685088 0.5854238 -0.8074782 -0.07251334 0.7011468 -0.7090899 -0.0747317 0.5743022 -0.8155381 -0.0712369 0.4216199 -0.9037519 -0.07395493 0.464381 -0.882765 -0.07124853 0.286751 -0.9545864 -0.08086258 0.4716679 -0.8782749 -0.07850271 0.4559094 -0.8866828 -0.07707422 0.4632426 -0.8829271 -0.07645887 0.8326687 -0.5466658 -0.08842796 0.9837381 -0.05300229 -0.1716101 0.9838439 -0.05298614 -0.1710078 0.9836282 -0.05299538 -0.172241 0.9662562 -0.05339264 -0.2519891 0.9596231 -0.05353099 -0.2761484 0.93832 -0.05379998 -0.3415572 0.9275283 -0.05391049 -0.3698448 0.8774304 -0.05450803 -0.4765973 0.877441 -0.05449169 -0.4765797 -0.48076 -0.05710369 0.8749909 -0.4807795 -0.05711561 0.8749794 -0.6393079 -0.05639177 0.7668804 -0.639397 -0.05639374 0.766806 -0.7721 -0.05549687 0.6330732 -0.7711679 -0.05551403 0.6342068 -0.8737855 -0.05449527 0.4832486 -0.8734917 -0.05449724 0.4837791 -0.8048994 -0.05520433 0.5908381 -0.8732985 -0.05449068 0.4841284 -0.8735354 -0.05470931 0.4836764 -0.7347763 -0.05579912 0.6760106 -0.7163208 -0.05589866 0.6955286 -0.568062 -0.05646425 0.8210466 -0.5463986 -0.05680745 0.8355965 -0.449527 -0.05720067 0.8914335 -0.3212252 -0.05749034 0.9452563 -0.3347257 -0.05747091 0.9405615 -0.1419154 -0.0575037 0.9882072 -0.09641206 -0.05757486 0.9936749 0.03685963 -0.05729353 0.9976767 0.2049232 -0.05680406 0.9771283 0.1446297 -0.05700927 0.9878423 0.3569369 -0.05609536 0.9324427 0.3655192 -0.05610984 0.9291111 0.4896733 -0.05540376 0.870144 0.5514562 -0.05502927 0.8323869 0.6025443 -0.05469954 0.7962089 0.69804 -0.05414652 0.7140087 -0.9984214 -0.05260127 0.01969689 -0.9974352 -0.05260246 0.04854065 -0.998431 -0.05260312 0.01919883 -0.9974363 -0.0526027 0.04851776 0.6641838 0.05430495 0.7455943 0.70569 -0.05401092 0.7064591 0.70569 0.05401092 0.7064591 0.6641839 -0.05430489 0.7455943 0.9383205 -0.05381476 -0.3415533 0.8775046 -0.05449646 -0.4764618 0.8775045 0.0544964 -0.4764619 0.9383242 0.0538122 -0.3415437 0.9662631 -0.05339634 -0.2519614 0.9662631 0.05339634 -0.2519614 0.9662667 -0.05330413 -0.2519671 0.9837238 0.05299597 -0.1716942 0.9837239 -0.05299597 -0.1716942 0.9662667 0.05330413 -0.251967 0.9903042 0.05291438 -0.1284435 0.9903042 -0.05291438 -0.1284435 0.9837386 -0.05301386 -0.1716046 0.9837386 0.05301386 -0.1716046 0.9914808 0.05289918 -0.1190274 0.9914808 -0.05289924 -0.1190275 0.9903047 -0.05290395 -0.1284441 0.9903047 0.05290395 -0.1284441 -0.5556256 0.05688524 0.8294845 -0.7174805 0.1408585 0.682188 -0.5558471 0.05687105 0.829337 -0.7305483 0.1684209 0.6617656 -0.9422619 0.3286685 0.06418293 -0.9128778 0.2773799 0.2995237 -0.8311688 0.2107948 0.5145135 -0.8157593 0.2502031 0.5214743 -0.8992288 0.4328184 0.06368631 -0.8675846 0.3208945 0.3798997 -0.8920235 0.3710634 0.2580819 -0.8986355 0.4022801 0.1750009 -0.555347 0.05679643 0.8296771 -0.5554093 0.05686581 0.8296305 -0.5553278 0.0568068 0.8296893 -0.5553295 0.05679827 0.8296887 -0.5553169 0.05721133 0.8296686 -0.5583158 0.05684226 0.8276789 -0.5583158 0.05684232 0.8276789 -0.5583158 0.05684232 0.8276789 -0.5553247 0.05679899 0.8296917 -0.5556851 0.05122429 0.8298134 -0.5553131 0.05632722 0.8297317 -0.5552467 0.05673986 0.829748 -0.556276 1.98002e-4 0.8309977 -0.5562046 -5.97443e-5 0.8310455 -0.555349 0.05679076 0.8296762 -0.7134191 0.1381697 0.6869806 -0.8307324 0.2099559 0.5155601 -0.5554828 0.05680429 0.8295856 -0.9756569 0.209382 0.06521308 -0.9145338 0.2781529 0.2936989 -0.9426448 0.3276683 0.06367313 -0.7289512 0.07659602 0.680267 -0.5552002 0.05674719 0.8297786 -0.8577471 0.09150069 0.5058631 -0.9523953 0.1027694 0.2870222 -0.9920323 0.1079337 0.06497877 -0.7397935 0.06061065 0.6700984 -0.5551376 0.05679655 0.8298172 -0.7303401 0.06029683 0.6804173 -0.5553491 0.05682688 0.8296735 -0.8685576 0.06098586 0.4918215 -0.8601142 0.06102073 0.5064386 -0.9323763 0.05948865 0.3565606 -0.955953 0.0584501 0.2876415 -0.977129 0.05649286 0.2050058 -0.9964585 0.05270004 0.06552332 -0.9964027 0.05267995 0.06638193 -0.9576802 -0.0581997 0.2818893 -0.9964517 -0.05267989 0.06564074 -0.9549058 -0.05839669 0.2911099 -0.900564 -0.06047987 0.4304961 -0.9963978 -0.05271029 0.0664311 -0.9083891 -0.06029927 0.4137553 -0.8230975 -0.0611791 0.5645951 -0.8325829 -0.06126278 0.5505023 -0.7332582 -0.06046837 0.6772563 -0.7245057 -0.06041675 0.6866159 -0.6485661 -0.05907887 0.758862 -0.5548875 -0.05679261 0.8299847 -0.6458023 -0.05891227 0.7612285 -0.5555666 -0.0568093 0.8295291 -0.5553328 -0.05721467 0.8296577 -0.5553286 -0.0567981 0.8296893 -0.5554111 -0.05686545 0.8296294 -0.5553275 -0.05680674 0.8296894 -0.5553428 -0.05679839 0.8296797 -0.5577122 -0.05686783 0.8280842 -0.5553335 -0.05679947 0.8296858 -0.9756336 -0.209585 0.06490933 -0.9427163 -0.3273975 0.06400704 -0.913248 -0.2763707 0.2993285 -0.831417 -0.2100961 0.514398 -0.7175903 -0.1404972 0.6821471 -0.5553482 -0.05680865 0.8296753 -0.5554784 -0.05680149 0.8295887 -0.9495518 -0.1024028 0.2964204 -0.9919977 -0.1079842 0.06542199 -0.8965849 -0.09615921 0.4323067 -0.8226015 -0.08741652 0.5618587 -0.7362266 -0.07736313 0.6722986 -0.6520452 -0.0677604 0.7551461 -0.5547479 -0.05675506 0.8300806 -0.7133234 -0.1384897 0.6870155 -0.5557233 -0.05670422 0.8294313 -0.5558602 -0.0565595 0.8293494 -0.7355535 -0.1728933 0.6550337 -0.9142481 -0.2790532 0.2937343 -0.9422109 -0.3288615 0.0639429 -0.8305643 -0.2103854 0.515656 -0.848237 -0.291556 0.4421414 -0.8990849 -0.4331385 0.06354051 -0.8834891 -0.3514341 0.3097437 -0.8936347 -0.37207 0.2509602 -0.8969933 -0.3970789 0.1942459 -0.8999863 -0.4154341 0.1320572 0.004111826 0.9997105 0.02371031 0.3409961 0.3171161 0.8849628 0.5858064 0.2026718 0.7847006 0.4268031 0.3529779 0.8326138 0.2289952 0.4965623 0.8372497 0.07378643 0.4146677 0.9069765 0.02931463 0.6050843 0.7956216 -0.1546857 0.6758745 0.7206012 -0.1531454 0.4841979 0.8614516 -0.3289095 0.7161675 0.615567 -0.3307569 0.5312361 0.7799925 -0.482384 0.7258855 0.4903019 -0.477086 0.5640719 0.6739525 -0.8203818 0.5715032 0.01891946 -0.603229 0.585434 0.5416473 -0.6091126 0.7090688 0.3552511 -0.7078624 0.6715744 0.2189032 -0.7665778 0.6317421 0.1151547 -0.8106045 0.585349 0.01694065 -0.6951213 0.5933514 0.4058824 -0.7586103 0.5904619 0.2754364 -0.8020686 0.5784412 0.1486336 -0.830733 0.5562847 0.02074271 -0.8200589 -0.5719674 0.01888573 -0.8105952 -0.5853664 0.01678067 -0.7126371 -0.6689375 0.2113553 -0.5723643 -0.7168277 0.3981926 -0.7980037 -0.5801378 0.163188 -0.8308048 -0.5561746 0.02081197 -0.7464554 -0.5921858 0.3035134 -0.6757548 -0.5925855 0.4384039 -0.5852623 -0.5829347 0.5636091 0.4279239 -0.280206 0.8592821 0.321321 -0.4344912 0.8414098 0.4657614 -0.3194281 0.8252468 0.5856536 -0.2026312 0.784825 -0.4769869 -0.5640398 0.6740494 -0.4011235 -0.7241052 0.5610451 0.2408176 -0.3563357 0.9027911 -0.03376251 -0.6321752 0.7740897 0.1495954 -0.5435854 0.8259153 -0.3540432 -0.5368967 0.7657645 0.05850052 -0.4199519 0.9056591 -0.2156583 -0.6929796 0.6879469 -0.2206862 -0.5029472 0.8356686 -0.08190882 -0.4635699 0.8822664 -0.3285946 0.5759191 0.7485605 -0.3213486 0.05734342 0.9452232 -0.3498898 0.2860395 0.892053 -0.3587382 0.5062589 0.7842252 -0.3464481 0.6941176 0.6310107 -0.2295578 0.05625361 0.9716681 -0.3269584 0.651986 0.6841145 -0.3242064 0.7016049 0.63454 -0.319812 0.7472181 0.5825679 -0.1752964 0.9820997 -0.06893098 -0.2503427 0.9661225 -0.06273823 -0.3188866 0.8250594 0.4664638 -0.2838029 0.9080138 0.308167 -0.2417023 0.9590095 0.1479218 -0.2091099 0.977184 0.03720766 -0.2929208 0.7441456 0.6003705 -0.136854 0.05610895 0.9890009 -0.2814937 0.7413057 0.6092842 -0.266473 0.7344379 0.6241741 -0.3640804 0.9299755 -0.05090194 0.05133885 0.05701291 0.9970527 -0.2560272 0.7253152 0.6390367 -0.2448821 0.7184921 0.6510008 -0.470778 0.881336 -0.04018783 0.2609018 0.05649936 0.9637106 -0.228295 0.7107197 0.6654014 -0.561961 0.8265827 -0.03099769 -0.2152713 0.7057719 0.6749402 -0.1921674 0.6996659 0.688142 -0.6626943 0.7487196 -0.01597601 0.4745746 0.05565249 0.8784543 -0.1724956 0.6956036 0.6974102 -0.1565295 0.692874 0.7038637 -0.7344809 0.6786291 -6.72132e-4 0.3607801 0.4024066 0.8413718 0.5854675 0.2024706 0.7850054 0.6979799 0.05387014 0.7140883 0.4263386 0.3524367 0.833081 0.2286041 0.4958979 0.8377503 0.2805324 0.4608349 0.8419814 0.1951727 0.5159596 0.8340824 0.02872371 0.6043062 0.7962343 -0.155174 0.6753891 0.7209512 -0.3292147 0.7157163 0.6159286 0.3097158 0.4024034 0.86148 0.3513129 0.3972047 0.8478252 -0.1332612 0.6802693 0.7207462 -0.5595164 0.7334967 0.3859066 -0.4824971 0.7256327 0.4905649 -0.6092865 0.7089143 0.3552611 -0.7080599 0.6713674 0.2188999 -0.766733 0.6315486 0.1151821 -0.8104829 0.5855161 0.01698672 -0.3509151 0.7538955 0.5554281 -0.1306035 0.6748468 0.726309 -0.301715 -0.5488073 0.7796015 -0.3212267 -0.05724787 0.9452704 -0.141332 -0.05600064 0.9883771 -0.3460128 -0.2452788 0.9056012 -0.279043 -0.7405181 0.6113658 -0.2665314 -0.9619147 -0.06067359 -0.2644427 -0.7328596 0.6268867 0.03675508 -0.0572108 0.9976853 -0.4005216 -0.9150676 -0.04726564 -0.2535266 -0.7235741 0.6420007 -0.2413418 -0.7165772 0.6544244 0.2054535 -0.05623042 0.9770501 -0.5322528 -0.8458819 -0.03450745 -0.2247536 -0.7093096 0.6681061 -0.2107084 -0.7043043 0.6779066 0.3567309 -0.05606681 0.9325233 -0.1841781 -0.6979184 0.6920899 0.4898462 -0.05565315 0.8700307 -0.6723025 -0.7401383 -0.01430994 -0.168576 -0.6948813 0.6990867 -0.1533195 -0.6922013 0.7052308 -0.133078 -0.6799649 0.7210673 0.134592 -0.5508235 0.8236982 -0.03415411 -0.6317285 0.7744371 -0.2158799 -0.6925281 0.6883319 0.1491346 -0.5431579 0.8262798 0.2427808 -0.4858624 0.8396401 0.3209512 -0.4340192 0.8417944 0.3343961 -0.4224596 0.8424413 0.6979761 -0.05389702 0.7140899 0.58556 -0.202708 0.7848752 0.4656394 -0.3191762 0.8254131 -0.2901298 -0.8840044 0.3665526 -0.1752682 -0.9821003 -0.06899487 -0.2397516 -0.9605426 0.1409869 -0.2962406 -0.8844082 0.3606436 -0.3345902 -0.7637823 0.5519838 -0.354683 -0.6135177 0.7055466 -0.358085 -0.4306933 0.8284193 0.2719901 -0.4051575 0.872851 0.6026021 -0.0550844 0.7961385 0.3129459 -0.4021742 0.860419 -0.004313409 -0.6226649 0.7824768 0.1113844 -0.5584791 0.8220065 -0.5600957 -0.7329297 0.3861438 -0.8106352 -0.585313 0.01671624 -0.7126375 -0.6688979 0.2114792 -0.1996682 -0.6935973 0.6921383 -0.5724408 -0.7166891 0.398332 -0.4012557 -0.7237842 0.5613646 0.1257854 -0.5548297 0.8224002 -0.1684594 0.9832931 -0.06896561 -0.2090208 0.9772064 0.0371201 -0.2416381 0.959019 0.1479653 -0.1754029 0.9820808 -0.06892806 -0.3023135 0.8754339 0.3771232 -0.3187823 0.8251273 0.4664149 -0.3464422 0.6941532 0.6309748 -0.2837454 0.908035 0.3081575 -0.1603787 0.9846394 -0.06902194 -0.3028036 0.8757939 0.3758922 -0.1540629 0.9856402 -0.06912249 -0.3269743 0.8185813 0.4722421 -0.3475155 0.7482497 0.5651153 -0.3494665 0.2860733 0.8922081 -0.32108 0.05742108 0.9453098 -0.3586843 0.5062702 0.7842424 -0.3514433 0.74868 0.5621085 -0.3562881 0.7492802 0.5582454 -0.5261234 0.05572587 0.8485805 -0.1242241 0.9897434 -0.07054531 -0.1371009 0.9880939 -0.06981438 -0.1475313 0.98663 -0.06925237 -0.392526 0.7538148 0.5269599 -0.1098387 0.9913585 -0.07172048 -0.3985295 0.7545927 0.52131 -0.06879627 0.9947339 -0.07597136 -0.4176071 0.7568057 0.5028415 -0.4570477 0.7604 0.4614103 -0.7006723 0.05646169 0.7112457 -0.04281127 0.9977033 -0.05249214 -0.511415 0.7444046 0.4293211 -0.5389245 0.7448099 0.3934703 -0.7962753 0.0558784 0.6023482 -0.5660326 0.7619816 0.314629 -0.6392994 0.7050552 0.3069096 -0.4917951 0.8439407 0.2142466 -0.3428831 0.9310995 0.1244386 -0.1870908 0.98177 0.03353577 -0.07722163 0.9965921 -0.02900111 0.02848356 0.9957087 -0.08805036 -0.6088395 0.7137716 0.3461861 -0.6487071 0.6615311 0.3762389 -0.6989405 0.582511 0.4149256 -0.8732927 0.0545715 0.4841302 -0.8453459 0.2839643 0.4524983 -0.7663164 0.5088421 0.3922231 -0.1672564 -0.9835006 -0.0689339 -0.2396562 -0.96056 0.1410297 -0.175321 -0.9820957 -0.06892436 -0.3110981 -0.8567885 0.411256 -0.159577 -0.9847729 -0.06897526 -0.2961964 -0.884419 0.3606531 -0.3346988 -0.763816 0.5518712 -0.3546908 -0.6135233 0.7055379 -0.3317515 -0.8071253 0.4883542 -0.3581359 -0.4307843 0.82835 -0.3460137 -0.2451629 0.9056322 -0.321174 -0.05737549 0.9452806 -0.3122969 -0.8571643 0.4095607 -0.1519128 -0.9859755 -0.06910067 -0.1441135 -0.9871228 -0.06942486 -0.3704361 -0.750979 0.5466331 -0.4494149 -0.05633062 0.8915455 -0.1336306 -0.9885596 -0.0699495 -0.3743835 -0.7514863 0.5432361 -0.1183518 -0.9904273 -0.07104039 -0.3806083 -0.7522129 0.5378785 -0.399007 -0.7546041 0.520928 -0.5679329 -0.05579197 0.8211819 -0.07660204 -0.9942262 -0.07514405 -0.4223199 -0.7572709 0.4981835 -0.4435696 -0.7594985 0.4758237 -0.03826236 -0.9960982 -0.07952636 -0.4840549 -0.7618612 0.4304165 -0.7343554 -0.05644458 0.6764143 -0.03721207 -0.9979675 -0.05173158 -0.5349612 -0.7422047 0.4036692 -0.5785604 -0.7417873 0.3391454 -0.8732653 -0.05481946 0.4841516 -0.5695397 -0.7789387 0.262448 -0.7026709 -0.6203438 0.3484643 -0.8003472 -0.4309317 0.4168241 -0.8539643 -0.2428373 0.4601904 -0.5151292 -0.8061454 0.2911556 -0.3928282 -0.9065748 0.1542993 -0.4469143 -0.861594 0.240673 0.02783143 -0.9957466 -0.08782958 -0.1802216 -0.9831802 0.02961343 -0.8466145 0.2834081 0.4504706 -0.8733146 0.05360519 0.4841983 -0.8470156 0.2821176 0.4505267 -0.7683537 0.5074537 0.39003 -0.7671169 0.5093995 0.389928 -0.6545783 0.6870653 0.3153865 -0.6396478 0.7053068 0.3056029 -0.5252684 0.8180311 0.2343469 -0.4915478 0.8441303 0.2140678 -0.3770817 0.9147381 0.1451332 -0.3433099 0.9310035 0.1239786 -0.2228706 0.9733805 0.05347257 -0.1875254 0.9817117 0.03280842 -0.09385919 0.9954038 -0.01901644 -0.07769304 0.9965375 -0.02961337 0.02949506 0.9956313 -0.08859091 0.02781856 0.9956512 -0.08891057 -0.1799693 -0.983158 0.03180414 0.0311101 -0.9960148 -0.08358657 -0.1789496 -0.9833531 0.03152269 -0.3709702 -0.9177669 0.141722 -0.3924911 -0.9065116 0.1555235 -0.5324454 -0.8113662 0.2412199 -0.5682719 -0.7794808 0.2635847 -0.6738637 -0.6605736 0.3309841 -0.7017969 -0.6211816 0.3487329 -0.784043 -0.473343 0.4015259 -0.8017651 -0.429706 0.415362 -0.8492815 -0.2726253 0.4521023 -0.8551077 -0.2425087 0.4582362 -0.8680692 -0.1647332 0.468315 -0.8757916 -0.0568071 0.4793351 -0.6397044 0.05621278 0.7665628 -0.480756 0.05703049 0.8749979 -0.4459167 0.2991635 0.8435992 -0.3880856 0.5113281 0.766768 0.08055704 0.9953438 -0.0529294 -0.05362635 0.9732692 0.2233191 0.0284149 0.9965145 0.07843238 0.104562 0.9927319 -0.05958485 -0.8459709 0.2829563 0.4519614 -0.8734905 0.05476802 0.4837509 -0.7715946 0.05528551 0.6337078 -0.7674425 0.5074143 0.3918711 -0.09422332 0.9953616 -0.01942491 -0.2222453 0.9735081 0.0537495 0.05807435 0.9971462 -0.04823893 0.0293861 0.9956331 -0.08860701 -0.3832942 0.7817913 0.4918212 -0.3171836 0.6802073 0.6608424 -0.2337715 0.8164287 0.5280106 -0.1440557 0.9141967 0.3788042 -0.440241 0.7769917 0.4499688 -0.4924896 0.770859 0.4040177 -0.6543052 0.6871191 0.3158355 -0.524662 0.8185392 0.2339307 -0.3774939 0.914622 0.1447933 0.08045166 -0.9953508 -0.05295622 0.1045677 -0.9927311 -0.05958771 -0.008417308 -0.9895708 0.143801 -0.1187208 -0.9344428 0.335741 -0.6396954 -0.05624151 0.7665681 -0.3915466 -0.5012426 0.7716524 -0.4481279 -0.2883639 0.8461843 -0.4679571 -0.1718883 0.866874 -0.4807612 -0.05697482 0.8749986 -0.1780375 -0.9836171 0.02828907 0.02951782 -0.9956367 -0.08852344 0.05803918 -0.9971489 -0.04822385 -0.3702632 -0.9182507 0.1404308 -0.8482917 -0.2726283 0.4539548 -0.7819176 -0.4761995 0.4022922 -0.7715854 -0.05530887 0.6337168 -0.8664488 -0.1628044 0.4719759 -0.8734461 -0.05522447 0.4837793 -0.3832878 -0.7818029 0.4918075 -0.2190881 -0.8355278 0.5038788 -0.3127765 -0.6887944 0.6540132 -0.4402528 -0.7769852 0.4499684 -0.4925742 -0.7708216 0.403986 -0.5337226 -0.8110004 0.2396221 -0.6747842 -0.6605463 0.3291581 0.1205759 0.9905797 -0.06491094 0.02840709 0.996512 0.07846641 -0.05357021 0.9732776 0.2232958 0.1045584 0.9927311 -0.05960422 -0.3929288 0.05439817 0.9179585 -0.4459346 0.2990956 0.8436138 -0.4807195 0.05694782 0.8750234 -0.3881362 0.5113163 0.7667503 -0.1810165 0.7910794 0.5843173 -0.3172488 0.6802192 0.6607989 -0.2338365 0.8163864 0.5280472 -0.1441024 0.9142129 0.3787474 -0.1331154 0.7904521 0.5978845 0.1395845 0.9878038 -0.06899249 -0.2554146 0.05431175 0.965305 -0.06041932 0.7871266 0.6138252 0.02119427 0.7809328 0.6242554 0.1580411 0.9848266 -0.07169234 -0.02531474 0.05741423 0.9980295 0.1066108 0.7729306 0.6254699 0.1648593 0.7658959 0.6214701 0.1702262 0.9826899 -0.07310086 0.2152357 0.05701458 0.9748964 0.2494236 0.7544 0.6071808 0.3253467 0.7430883 0.5847815 0.1923233 0.9784102 -0.07566666 0.3470973 0.05744272 0.9360683 0.3711885 0.7352128 0.5671694 0.4157483 0.72623 0.5474882 0.4571813 0.05617123 0.8875979 0.5229651 0.6382095 0.5649746 0.2463384 0.9657129 -0.08195191 0.5893364 0.5044878 0.631011 0.5479758 0.676449 0.4920765 0.4881753 0.8004274 0.3478518 0.4116812 0.8902918 0.1946772 0.3316202 0.9418855 0.05366295 0.5383622 0.5659377 0.6244044 0.5754563 0.05505543 0.8159773 0.600297 0.2843404 0.7475253 -0.3254058 -0.5952979 0.7346643 -0.396398 -0.05453252 0.9164578 -0.48065 -0.05687052 0.8750665 -0.3914858 -0.5012782 0.77166 -0.3128533 -0.6888107 0.6539593 -0.4481649 -0.2883684 0.8461631 -0.4679164 -0.1718305 0.8669076 -0.2805291 -0.6949037 0.6621271 -0.225779 -0.7900813 0.5699083 0.1045822 -0.9927291 -0.0595954 0.1365534 -0.98833 -0.0675069 -0.008295059 -0.9895663 0.1438392 -0.1187382 -0.9344413 0.3357393 -0.2190694 -0.8355229 0.5038949 -0.1326979 -0.7900866 0.59846 -0.2241067 -0.05458909 0.9730346 -0.05972588 -0.7866927 0.6144489 0.02088385 -0.7809881 0.6241967 -0.003300845 -0.05709606 0.9983633 0.156278 -0.9851195 -0.07153207 0.1060838 -0.7729918 0.6254837 0.1640257 -0.7659699 0.6215994 0.1495504 -0.05629664 0.9871502 0.1730496 -0.9821689 -0.07347267 0.2371733 -0.7561268 0.6099355 0.3141505 -0.744868 0.5886265 0.3579376 -0.05719876 0.9319919 0.2018731 -0.9764159 -0.07654547 0.4002305 -0.7294115 0.5547744 0.4507079 -0.7182605 0.5300605 0.5753109 -0.05492413 0.8160887 0.2297113 -0.9702168 -0.07688999 0.499406 -0.7574568 0.4205388 0.4624392 -0.8366122 0.2936494 0.5350418 -0.7100886 0.4577167 0.5789596 -0.5633291 0.5894626 0.5998898 -0.3927718 0.6970384 0.5969981 -0.224452 0.7702043 0.4700968 -0.8096944 0.3512893 0.2462819 -0.965714 -0.08210766 0.3604496 -0.927096 0.1028064 0.6004196 0.2841734 0.7474904 0.6640408 0.05461114 0.7456994 0.7037593 0.2549351 0.6631221 0.7089483 0.4485679 0.5442234 0.5753439 0.05481791 0.8160727 0.5897254 0.504372 0.63074 0.5486271 0.676195 0.4916999 0.6770808 0.6201265 0.3962383 0.4890873 0.8000507 0.3474371 0.6110565 0.7574171 0.2300642 0.4125766 0.8899672 0.1942657 0.5176214 0.8536331 0.05812799 0.332414 0.9416319 0.05320197 0.4059471 0.9074974 -0.1079601 0.2470663 0.9654849 -0.08244621 0.2471566 -0.9654518 -0.08256292 0.4059712 -0.9074881 -0.1079486 0.5176063 -0.8536417 0.05813425 0.3613355 -0.926799 0.1023732 0.6110388 -0.7574571 0.2299794 0.4634308 -0.8362382 0.2931513 0.5357751 -0.7097745 0.4573459 0.6770473 -0.6202734 0.3960658 0.5796391 -0.5630335 0.5890771 0.7088639 -0.4486568 0.5442602 0.6000518 -0.392468 0.6970701 0.7036602 -0.2549338 0.6632279 0.5972108 -0.2241832 0.7701177 0.6639491 -0.05466097 0.7457773 0.5753878 -0.05450338 0.8160626 0.4240302 0.8989753 -0.109735 0.4059845 0.9074864 -0.107912 0.5177901 0.8535268 0.05818587 0.6535962 0.6891605 0.3128417 0.6770638 0.6201696 0.3962 0.7088845 0.4485791 0.5442974 0.6113413 0.7571983 0.2300274 0.6600997 0.6837571 0.311038 0.4457681 0.8883882 -0.1098055 0.6874634 0.6110887 0.3923834 0.7037037 0.2550508 0.6631367 0.6639482 0.05466765 0.7457776 0.7108255 0.631559 0.3096134 0.7522328 0.5306778 0.3905469 0.717619 0.6540616 0.2392205 0.6568355 0.7495306 0.08228725 0.5751228 0.8149144 -0.07175141 0.7297648 0.5631634 0.3876731 0.6777163 0.05443423 0.7333059 0.7316132 0.2219706 0.6445705 0.7572205 0.3841521 0.5282465 0.4212549 -0.9003013 -0.1095526 0.5177109 -0.8535765 0.05816113 0.4060499 -0.9074517 -0.1079585 0.6844007 -0.6138247 0.3934655 0.7090221 -0.4483235 0.5443287 0.6771259 -0.6201624 0.3961049 0.7036896 -0.2550678 0.6631452 0.663991 -0.05448591 0.7457529 0.6565866 -0.6867084 0.3119707 0.4335086 -0.8944067 -0.1100311 0.6110886 -0.7574256 0.2299503 0.7011162 -0.5974841 0.3891645 0.4989868 -0.860756 -0.1005549 0.7390025 -0.5503426 0.3885853 0.6777593 -0.05412888 0.7332888 0.7382884 -0.5963851 0.3150479 0.7585068 -0.4608216 0.4607723 0.7497208 -0.3153685 0.5817745 0.7221944 -0.1855782 0.6663303 0.7265384 -0.6033513 0.3287997 0.5750141 -0.8149956 -0.07170069 0.6783734 -0.7228857 0.1313232 0.6973472 0.05409538 0.7146891 0.7001078 0.05413699 0.711982 0.8281311 0.1324945 0.5446505 0.9143631 0.2044886 0.3494635 0.9540181 0.265426 0.1392788 0.9558222 0.2932205 0.02063012 0.9437385 0.3163405 -0.09636676 0.8678095 0.4890903 -0.08773601 0.6939319 0.05406528 0.7180079 0.851602 0.3813946 0.3596002 0.7453673 0.6620748 -0.07800465 0.6867155 0.05427145 0.7248976 0.8208358 0.4354627 0.3695957 0.799546 0.4677928 0.3766911 0.6518538 0.7548746 -0.07246339 0.7691378 0.5092926 0.3860676 0.5739528 0.8157876 -0.07119601 0.677697 0.0540806 0.73335 0.7316402 0.2217782 0.6446062 0.7571881 0.3841792 0.5282731 0.7520951 0.530807 0.3906364 0.7174857 0.6541025 0.2395085 0.6560749 0.7501504 0.08270555 0.9089223 -0.4065374 -0.09266984 0.9437443 -0.3163098 -0.09640955 0.9541186 -0.2654654 0.1385128 0.9073053 -0.1972797 0.3713191 0.8222592 -0.1285116 0.5544139 0.7000006 -0.05412983 0.7120879 0.6952317 -0.05407863 0.7167485 0.8398423 -0.5361039 -0.08519232 0.6891819 -0.05421465 0.7225574 0.8208366 -0.4355059 0.3695428 0.7020179 -0.7081458 -0.07550108 0.7995303 -0.4678599 0.376641 0.6836553 -0.0542038 0.7277895 0.7691677 -0.5092704 0.3860372 0.6777158 -0.05381357 0.7333523 0.5742912 -0.8155651 -0.07101684 0.6778915 -0.7232621 0.1317386 0.7379632 -0.596704 0.3152061 0.7584781 -0.4608364 0.4608046 0.7497761 -0.315591 0.5815824 0.7221986 -0.1856592 0.6663032 0.9729546 0.2087781 -0.09884977 0.9540605 0.2652658 0.1392936 0.9143653 0.2044126 0.3495019 0.9558565 0.2931103 0.02061319 0.9437662 0.3162536 -0.09637939 0.7033465 0.05407601 0.7087873 0.8281431 0.132542 0.5446208 0.7001872 0.05406951 0.7119091 0.9923676 0.1017112 0.06972497 0.9891998 0.1059188 -0.1013176 0.9657269 0.09422951 0.2418525 0.9198696 0.08564448 0.3827598 0.8532511 0.07490134 0.5160934 0.7053393 0.05398029 0.7068117 0.7034057 -0.0539897 0.7087352 0.8222777 -0.1285106 0.5543867 0.9073545 -0.197241 0.3712193 0.7000545 -0.05405569 0.7120406 0.972965 -0.2087084 -0.09889489 0.9541422 -0.2653681 0.1385372 0.9437741 -0.3162292 -0.09638202 0.8361952 -0.07230126 0.5436452 0.7053025 -0.05401366 0.7068458 0.9287903 -0.0871402 0.3602157 0.9863898 -0.09936976 0.1310001 0.9891973 -0.1059674 -0.1012902 0.7052701 0.05399793 0.7068793 0.7057125 0.05400246 0.7064372 0.8309471 0.05779904 0.5533411 0.8545039 0.05819934 0.5161746 0.9238461 0.05918896 0.3781603 0.9219567 0.05909854 0.3827577 0.9800256 0.05830025 0.1901341 0.968544 0.05868524 0.2418234 0.9973869 0.05625373 0.04533118 0.9959615 0.05661594 0.06968015 0.9933595 0.05283433 -0.102203 0.9934464 0.05282586 -0.1013593 0.9934563 -0.05279773 -0.1012771 0.9933609 -0.05284231 -0.1021857 0.9974175 -0.05605792 0.04490017 0.989708 -0.05751562 0.1310355 0.9800494 -0.05829644 0.1900129 0.9309689 -0.05922436 0.3602629 0.9239396 -0.05893117 0.377972 0.8373342 -0.05791401 0.5436153 0.8310803 -0.05770373 0.5531508 0.7052859 -0.0540089 0.7068627 0.7057111 -0.05400437 0.7064386 0.9238614 -0.05914664 0.3781296 0.9800589 -0.05759942 0.1901762 0.6383115 -0.01392155 0.7696523 0.9238736 0.05903595 0.3781168 0.8310269 -0.05767953 0.5532337 -0.1196121 0.1050949 -0.9872426 0.8310167 0.05770885 0.553246 0.9800639 0.05727833 0.1902473 0.7057309 0.05399096 0.7064198 0.7057735 -0.05399489 0.7063769 -0.5562229 -1.9541e-4 0.8310332 -0.5562254 5.87484e-5 0.8310316 -0.5552701 -0.05674153 0.8297322 -0.555875 -0.0512399 0.8296852 -0.5557435 -0.05635958 0.8294413 -0.6455017 -0.06588721 0.7609116 -0.5550253 -0.05679965 0.8298921 -0.5568339 1.46224e-5 0.8306239 -0.5558989 0.05696374 0.8292959 -0.7389186 0.0741595 0.6697012 -0.7239667 -0.0731908 0.6859412 -0.8315517 -0.08010822 0.5496404 -0.8672713 0.08037471 0.4913051 -0.9072434 -0.08033853 0.4128624 -0.9310934 0.07835537 0.3562662 -0.9566648 -0.07451313 0.2814965 -0.9764016 0.06857943 0.2047847 -0.9963913 -0.05276513 0.06648498 -0.9964017 0.05270761 0.06637591 -0.9974352 -0.05262702 0.04851424 -0.9964047 -0.05270361 0.06633347 -0.9964047 0.05270361 0.06633347 -0.9974374 0.05257958 0.04852068 -0.9984322 0.05261772 0.01909464 -0.9974346 -0.05262011 0.0485332 -0.9974346 0.05262011 0.04853326 -0.9984322 -0.05261772 0.01909464 0.6904509 -0.1563155 0.7062883 0.5431914 -0.4179795 0.7281733 0.5854229 -0.2026403 0.784995 0.6979738 -0.05425173 0.7140654 0.6740231 -0.2654979 0.6893503 0.6313897 -0.4293418 0.6457653 0.4696282 -0.6188434 0.6296682 0.5610443 -0.5965926 0.5738525 0.3692511 -0.7864796 0.4950793 0.4596158 -0.7534826 0.4701247 0.250658 -0.9078586 0.3361002 0.3277387 -0.8833396 0.3351097 0.1708796 -0.9696696 0.1747603 0.1243765 -0.9781231 0.1667506 3.27826e-6 -1 1.17943e-5 -4.45042e-5 -1 -1.86088e-5 3.43472e-6 -1 9.79006e-6 0.1243811 -0.9781084 0.1668334 -1.18017e-5 -1 1.28001e-5 0.2507035 -0.9078449 0.3361036 0.4219731 -0.2772142 0.8631865 0.5429753 -0.4180138 0.7283148 0.4695137 -0.6189119 0.6296865 0.5854156 -0.2027536 0.7849711 -0.2133759 -0.9631671 0.1636453 -4.17903e-5 -1 -1.60784e-5 -4.85033e-6 -1 -1.62586e-5 -0.5923453 -0.5754306 0.5639209 -0.4502465 -0.8626284 0.2305439 -0.6778816 -0.5853841 0.4447495 -0.7452658 -0.5878728 0.3146181 -0.6710734 -0.7195281 0.1787172 -0.7963253 -0.5793201 0.1739379 -0.8306248 -0.5563881 0.02224242 0.1408307 -0.8357614 0.5307255 0.2405127 -0.3527214 0.9042904 0.369179 -0.7865159 0.4950756 6.82846e-6 -1 2.01762e-5 0.08925694 -0.8454378 0.5265626 0.06402432 -0.4184374 0.9059863 1.63205e-5 -1 1.7941e-5 0.0309931 -0.8557068 0.5165321 -0.008488833 -0.8620645 0.5067274 -0.07544744 -0.4640105 0.8826109 -1.51917e-5 -1 2.40803e-5 -0.06764912 -0.8706629 0.487206 -0.2172719 -0.5044138 0.8356792 -0.1070269 -0.8757476 0.4707565 -0.1599405 -0.8817207 0.4438329 -0.3611701 -0.5368067 0.7624926 -4.12092e-5 -1 -4.79817e-6 -0.2009153 -0.8851994 0.4195892 -0.4873644 -0.559477 0.670419 -0.9984511 -0.05253946 0.01830601 -0.9984512 0.05259305 0.01814633 -0.9736986 0.05823582 -0.220272 -0.9736037 -0.05855768 -0.2206057 -0.8923212 0.06095248 -0.4472671 -0.8922656 -0.06111526 -0.4473556 -0.5619395 -0.05500233 -0.8253477 -0.561872 0.05502152 -0.8253924 -0.5628349 0 -0.8265695 -0.5618712 -0.05507481 -0.8253893 -0.561812 -0.05498671 -0.8254355 -0.561812 0.05498671 -0.8254355 -0.5618712 0.05507481 -0.8253893 -0.561851 0.05494332 -0.8254119 -0.561847 0.05495488 -0.8254138 -0.5618473 0.0549547 -0.8254136 -0.5618434 0.05495744 -0.8254161 -0.5618452 0.05495303 -0.8254153 -0.5618994 0.05501097 -0.8253745 -0.5618509 0.0549522 -0.8254113 -0.5619029 0.05500352 -0.8253726 -0.5619033 0.05500721 -0.8253721 -0.5618969 0.05501967 -0.8253755 -0.5618573 0.0549761 -0.8254054 -0.5618937 0.055022 -0.8253777 -0.5618575 0.05497622 -0.8254053 -0.561892 0.05499249 -0.8253806 -0.5619008 0.0549848 -0.8253752 -0.5618922 0.05498313 -0.8253812 -0.5618791 0.05498528 -0.8253901 -0.5618875 0.05502563 -0.8253815 -0.5618624 0.05500608 -0.8253999 -0.5618757 0.05498415 -0.8253923 -0.6329201 0.05457144 -0.7722916 -0.5618515 0.05504626 -0.8254047 -0.5618452 0.05501824 -0.8254109 -0.6293976 0.05444157 -0.7751742 -0.7205412 0.05395501 -0.6913098 -0.7271891 0.05394667 -0.6843142 -0.8571333 0.05302292 -0.5123584 -0.8624435 0.05292022 -0.5033795 -0.9511572 0.05244243 -0.3042203 -0.9531866 0.05245417 -0.2977984 -0.9959027 0.05237692 -0.07371896 -0.9960914 0.05238318 -0.07111912 -0.9905685 0.05282515 0.1264266 -0.9905668 0.05281996 0.1264422 -0.5618932 -0.05498445 -0.8253804 -0.5618645 -0.0549888 -0.8253996 -0.56186 -0.0549823 -0.8254032 -0.5618511 -0.05498319 -0.8254091 -0.5619044 -0.05500406 -0.8253715 -0.561854 -0.05496543 -0.8254083 -0.5619079 -0.05499947 -0.8253695 -0.5619087 -0.05500108 -0.8253687 -0.5619035 -0.05500596 -0.825372 -0.5619229 -0.05503296 -0.825357 -0.5619024 -0.05503565 -0.8253707 -0.5618727 -0.05497294 -0.8253952 -0.5618878 -0.0549792 -0.8253844 -0.5619064 -0.05504238 -0.8253675 -0.5618831 -0.05500161 -0.8253861 -0.5618858 -0.0550189 -0.8253832 -0.561886 -0.05502015 -0.825383 -0.5618829 -0.05500018 -0.8253864 -0.5618854 -0.05500209 -0.8253846 -0.5618847 -0.05499756 -0.8253853 -0.5618847 -0.05499649 -0.8253854 -0.5618829 -0.05500936 -0.8253858 -0.5618738 -0.05500793 -0.825392 -0.5618759 -0.05500656 -0.8253906 -0.7059971 -0.05401653 -0.7061518 -0.5619056 -0.05497741 -0.8253725 -0.5618476 -0.05496776 -0.8254126 -0.7036349 -0.05402171 -0.7085052 -0.8373065 -0.0532121 -0.5441382 -0.8383578 -0.05311208 -0.5425269 -0.9180186 -0.05257928 -0.3930362 -0.9169653 -0.05259066 -0.3954858 -0.9638411 -0.05248874 -0.2612575 -0.9723302 -0.05241554 -0.2276549 -0.9931348 -0.0524103 -0.1045774 -0.9967804 -0.05243617 -0.06065696 -0.9977686 -0.05250102 0.04125142 -0.9967952 -0.05274373 0.06014585 -0.990561 -0.05282092 0.1264867 -0.9905656 -0.05279576 0.1264616 -0.9905622 0.0528559 0.1264628 -0.9905622 0.0528593 0.1264612 -0.9905617 0.05286169 0.1264647 -0.9905612 0.05287992 0.1264606 -0.9986204 0.05251032 -2.06522e-4 -0.9905647 0.05281382 0.1264606 -0.9905639 0.05281114 0.1264685 -0.9961186 0.05256605 -0.07060056 -0.9721958 0.05232089 -0.2282502 -0.9632645 0.05243152 -0.2633864 -0.9316574 0.05241394 -0.3595376 -0.889382 0.0528925 -0.4540948 -0.8912209 0.05279415 -0.4504867 -0.8450785 0.05303382 -0.5320054 -0.7898871 0.05335909 -0.6109266 -0.7898126 0.05334854 -0.6110239 -0.7898209 0.05343604 -0.6110054 -0.789851 0.05343753 -0.6109663 -0.7898605 0.05343955 -0.610954 -0.7898539 0.05308413 -0.6109935 -0.7898538 0.05308413 -0.6109935 -0.789843 0.0533998 -0.61098 -0.7898311 0.05343037 -0.6109928 -0.7898418 0.05341023 -0.6109805 -0.7898409 0.05338531 -0.610984 -0.7898415 0.05342501 -0.6109797 -0.7898478 0.05342745 -0.6109715 -0.7898527 0.05343335 -0.6109645 -0.7898517 0.05338519 -0.61097 -0.7898492 0.05342704 -0.6109696 -0.7898204 0.05343419 -0.6110062 -0.7898193 0.0534659 -0.611005 -0.7898423 0.05341488 -0.6109796 -0.9905624 -0.05285596 0.1264618 -0.9905622 -0.0528593 0.1264613 -0.9905619 -0.05286169 0.1264628 -0.9905611 -0.05287992 0.1264615 -0.998613 -0.05264931 -4.92858e-4 -0.9905694 -0.0528059 0.1264272 -0.990568 -0.05279618 0.1264425 -0.9959371 -0.05242192 -0.0732221 -0.9723699 -0.05246746 -0.2274733 -0.9621458 -0.05248016 -0.2674347 -0.9383424 -0.05256044 -0.3416885 -0.8893842 -0.05274552 -0.4541077 -0.8911865 -0.05263513 -0.4505734 -0.8450778 -0.05298954 -0.5320109 -0.7898418 -0.05334454 -0.6109865 -0.7898144 -0.05334866 -0.6110215 -0.7898209 -0.05343604 -0.6110054 -0.7898559 -0.05343699 -0.61096 -0.7898709 -0.05343073 -0.6109414 -0.7898444 -0.05339682 -0.6109785 -0.7898426 -0.05342054 -0.6109787 -0.7898333 -0.05343729 -0.6109893 -0.7898463 -0.05341589 -0.6109742 -0.7898558 -0.05341821 -0.6109619 -0.7898221 -0.05347907 -0.6110001 -0.7898278 -0.0534262 -0.6109975 -0.7898129 -0.05343908 -0.6110154 -0.7898261 -0.05345869 -0.6109967 -0.789813 -0.05348938 -0.611011 -0.7897842 -0.05347341 -0.6110495 -0.789826 -0.05345129 -0.6109974 -0.7898223 -0.05347418 -0.6110002 -0.7898167 -0.05344492 -0.6110102 -0.7898069 -0.05342566 -0.6110246 -0.7898402 0.0533781 -0.6109856 -0.7898448 -0.05337804 -0.6109796 -0.7897974 0.05342566 -0.6110368 -0.5618064 0.05498462 -0.8254395 -0.5618845 0.05500322 -0.825385 -0.8922226 0.06128895 -0.4474176 -0.8947529 0.06110131 -0.4423617 -0.973636 0.0585103 -0.2204758 -0.9742053 0.05852788 -0.2179421 -0.9984537 0.05255979 0.01810574 -0.9984529 0.05264079 0.01791477 -0.9741808 -0.05850583 -0.2180569 -0.9984431 -0.05263817 0.01845526 -0.9735321 -0.0585069 -0.2209349 -0.998454 -0.05258375 0.01801717 -0.8947191 -0.06110185 -0.44243 -0.8921969 -0.06114196 -0.447489 -0.5618063 -0.05498486 -0.8254395 -0.5618826 -0.05504 -0.8253839 -0.9705604 0.1037498 -0.2173671 -0.9939872 0.1079187 0.01852327 -0.5617473 0.05495476 -0.8254817 -0.8921226 0.09347301 -0.4420183 -0.5615316 0.05493849 -0.8256297 -0.8740182 0.1848071 -0.4493756 -0.5617033 0.0549879 -0.8255094 -0.9434558 0.3311018 0.01621425 -0.9317603 0.2862129 -0.2233943 -0.8640106 0.2239326 -0.4509324 -0.8920783 -0.09361732 -0.4420772 -0.561878 -0.05497235 -0.8253916 -0.5617964 -0.05495458 -0.8254483 -0.9704928 -0.1037296 -0.2176784 -0.9940001 -0.1077733 0.01867312 -0.8735324 -0.1866037 -0.4495778 -0.9434338 -0.3311794 0.01590776 -0.5616574 -0.05499023 -0.8255406 -0.8640868 -0.223868 -0.4508184 -0.9317073 -0.2861526 -0.2236924 -0.4811547 0.6752449 -0.5590478 -0.1926899 0.9791978 -0.06357944 -0.352988 0.8769698 -0.3260729 -0.4782804 0.6777751 -0.5584521 -0.5526077 0.3954153 -0.7336698 -0.5618906 0.05515128 -0.825371 -0.2298147 0.9711275 -0.06400352 -0.5463618 0.6399157 -0.5403673 -0.5619789 0.05507922 -0.8253157 -0.3311321 0.9418531 -0.05713468 -0.5729532 0.6224686 -0.5331581 -0.6196969 0.5873784 -0.5205405 -0.5080892 0.8600953 -0.04562288 -0.6760605 0.5367652 -0.5048024 -0.5618827 0.05477321 -0.8254016 -0.6451264 0.7635871 -0.02732574 -0.7091195 0.5019958 -0.4951261 -0.7501736 0.4526395 -0.4820343 -0.5618438 0.05528628 -0.8253939 -0.755845 0.6547072 -0.007544636 -0.778706 0.4125993 -0.4726298 -0.8028343 0.372429 -0.4655681 -0.5619869 0.0549221 -0.8253207 -0.8525916 0.522492 0.009478449 -0.8236641 0.3321237 -0.4596427 -0.8467664 0.2766209 -0.4543871 -0.5617033 0.0550003 -0.8255086 -0.9434687 0.3310672 0.01616692 -0.9317182 0.2863201 -0.2234321 -0.8640137 0.2239341 -0.4509256 -0.5271633 -0.5331931 -0.6616677 -0.5618726 -0.05454206 -0.8254238 -0.5527198 -0.3949401 -0.7338414 -0.4782894 -0.6778188 -0.5583915 -0.5618603 -0.05478483 -0.8254162 -0.4808039 -0.6752042 -0.5593988 -0.1927632 -0.9791783 -0.06365859 -0.403963 -0.9132758 -0.0523557 -0.3533735 -0.8766448 -0.326529 -0.5717413 -0.6230587 -0.5337695 -0.5618786 -0.05500823 -0.8253888 -0.6191359 -0.5877879 -0.5207459 -0.5617772 -0.05496722 -0.8254605 -0.6699724 -0.5426303 -0.5066453 -0.6018187 -0.7979657 -0.03263604 -0.5619336 -0.0549888 -0.8253526 -0.704322 -0.5074637 -0.4963982 -0.7413382 -0.4641677 -0.484733 -0.7465416 -0.665273 -0.00935626 -0.561983 -0.05519539 -0.8253052 -0.7694151 -0.4262564 -0.4757163 -0.7940751 -0.3881039 -0.4677823 -0.846928 -0.5316374 0.008657813 -0.5619089 -0.05491328 -0.8253746 -0.8186246 -0.3423465 -0.4611428 -0.8315676 -0.3145322 -0.4577825 -0.8990135 -0.4376882 0.01427882 -0.8539199 -0.2565611 -0.4527664 -0.9435824 -0.3307539 0.01593887 -0.5619322 -0.05486297 -0.8253619 -0.8641083 -0.224002 -0.4507106 -0.9317054 -0.2861191 -0.2237432 -0.5454988 0.3994148 -0.7368168 -0.5617781 0.0547083 -0.8254771 -0.5618775 0.05518889 -0.8253775 -0.552789 0.3958256 -0.733312 -0.4786879 0.678071 -0.5577434 -0.4633457 0.6858201 -0.5612145 -0.3308911 0.8851971 -0.3270125 -0.3535897 0.8769359 -0.3255113 -0.1655625 0.9842133 -0.06255656 -0.1934571 0.9790708 -0.0632047 -0.1652544 -0.9842817 -0.06229525 -0.1936576 -0.9790265 -0.06327682 -0.3539116 -0.8766204 -0.3260111 -0.3308728 -0.8851929 -0.3270426 -0.4788041 -0.6777553 -0.5580274 -0.4632176 -0.6860558 -0.5610321 -0.5454496 -0.3994337 -0.736843 -0.5528607 -0.3951619 -0.7336158 -0.5617788 -0.05493092 -0.8254618 -0.5618508 -0.05513674 -0.8253991 -0.6669375 0.7430652 -0.05521386 0.04933047 0.9974573 -0.05143547 0.05561393 0.9973571 -0.04675465 -0.4888974 0.8722218 0.01444435 0.0554946 0.9975875 -0.04170954 -0.3263083 0.9452155 0.009520113 -0.6602236 0.7487028 0.05957466 -0.6629273 0.7477937 0.03649604 -0.9905194 0.05362862 0.126473 -0.9959169 0.05279541 -0.0732274 -0.8940926 0.4363986 0.1007707 -0.6647003 0.7402824 -0.1007752 -0.6544961 0.7340134 -0.1812712 -0.9511993 0.05391615 -0.3038305 0.03406423 0.9978811 -0.05543506 -0.6418733 0.7293378 -0.2367811 -0.6285258 0.7254174 -0.2805795 0.01566493 0.9982137 -0.05765521 -0.6012426 0.7190181 -0.3485977 -0.8570563 0.05360978 -0.512426 -0.01626658 0.9980594 -0.06010794 -0.5763313 0.7145718 -0.3965216 -0.5425622 0.7089694 -0.4505428 -0.7208846 0.05408602 -0.6909415 -0.07165211 0.9955384 -0.06139552 -0.5080678 0.7034298 -0.4970451 -0.4863919 0.6999893 -0.5229129 -0.6269881 0.05279731 -0.7772377 -0.4643763 0.6918603 -0.552887 -0.1655288 0.9842136 -0.06264042 -0.3308609 0.8851823 -0.3270831 -0.46334 0.6858661 -0.5611629 -0.5239611 0.5463665 -0.6534129 -0.5618596 0.05447316 -0.8254373 -0.5455712 0.3993471 -0.7367999 -0.8065621 -0.5883199 0.05777066 -0.9905453 -0.05321931 0.1264432 -0.8943696 -0.4358543 0.1006689 -0.6599627 -0.7489337 0.05956214 -0.9975204 -0.05415165 0.04495108 -0.6627694 -0.747897 0.03724008 0.05555832 -0.9975841 -0.04170697 0.05158609 -0.9973963 -0.05039417 -0.3264569 -0.9451632 0.009620428 -0.6666774 -0.7440829 -0.0433824 -0.9930807 -0.05403536 -0.1042636 -0.6651647 -0.7402144 -0.09817677 -0.6591883 -0.7362415 -0.1530338 0.02990275 -0.9979547 -0.05650132 -0.9638397 -0.05252254 -0.2612558 -0.6424384 -0.7294886 -0.2347751 -0.6286479 -0.7259657 -0.2788828 -0.9175757 -0.05761873 -0.3933637 -0.6018694 -0.7194055 -0.3467117 -0.008013188 -0.9982128 -0.05921959 -0.83727 -0.05281251 -0.5442333 -0.5770871 -0.7146193 -0.395335 -0.5438378 -0.7084031 -0.449895 -0.06329983 -0.9961167 -0.06119346 -0.7036464 -0.05396288 -0.7084982 -0.5085425 -0.7034313 -0.4965572 -0.486807 -0.7000317 -0.5224698 -0.1078052 -0.9922916 -0.0611177 -0.4642091 -0.6919956 -0.5528581 -0.5618798 -0.05468803 -0.8254092 -0.5455385 -0.3991346 -0.7369391 -0.463425 -0.6857538 -0.56123 -0.3897861 -0.8116417 -0.4350914 -0.1653128 -0.984268 -0.06235784 -0.3310887 -0.8850209 -0.3272894 -0.3260397 0.945308 0.009531378 0.05213034 0.9982174 -0.02906519 -0.3282365 0.9443578 0.02119952 0.05567038 0.9975779 -0.04170447 -0.6599908 0.748907 0.05958551 -0.6602522 0.7479247 0.06837952 -0.8942726 0.4360299 0.1007698 -0.8939226 0.4356563 0.1053851 -0.9905619 0.05280548 0.1264863 -0.9905793 0.05252373 0.1264673 -0.9905212 -0.05367982 0.1264368 -0.9905777 -0.05252784 0.1264781 -0.8944314 -0.434575 0.1055325 -0.8942476 -0.4360778 0.1007835 -0.6608175 -0.7474184 0.06845545 -0.6599844 -0.7489125 0.0595892 -0.3286723 -0.9442058 0.02121633 -0.3264599 -0.9451622 0.009614527 0.05212688 -0.9982177 -0.02905642 0.05551987 -0.9975863 -0.04170435 -0.3281638 0.9443835 0.0211808 0.06454581 0.9979134 -0.001689255 -0.3182673 0.9468459 0.04678469 0.05213713 0.9982198 -0.02896654 -0.6604782 0.7477217 0.06841629 -0.6547827 0.7506347 0.08835834 -0.8919398 0.4368861 0.1165075 -0.8940452 0.4353711 0.1055239 -0.9905672 0.05271261 0.126484 -0.9905568 0.05295121 0.1264652 -0.8942115 -0.4350343 0.1055035 -0.9905684 -0.05270969 0.1264752 -0.8921386 -0.4364961 0.1164466 -0.9905584 -0.05291759 0.1264667 -0.6604741 -0.7477266 0.068403 -0.6547667 -0.7506491 0.08835434 -0.3187885 -0.9466685 0.04682868 -0.3285266 -0.9442562 0.02122753 0.06436735 -0.997925 -0.001646637 0.05225849 -0.9982106 -0.02906316 -0.6514329 0.7543883 -0.08082967 -0.9717761 0.05298537 -0.2298778 -0.9986224 0.05246871 -6.983e-4 0.08221328 0.9966147 -4.50872e-4 0.1129928 0.9935871 -0.004169106 -0.3846666 0.8920362 -0.2372827 0.1529275 0.9881399 -0.013884 -0.2095757 0.9582928 -0.1943014 -0.5393143 0.7688326 -0.3435646 0.1344977 0.9908877 -0.007221877 -0.5618454 0.7683586 -0.306521 -0.7799422 0.4495411 -0.4354345 -0.8893907 0.05269676 -0.4541004 -0.6080124 0.7629228 -0.2197039 -0.6231765 0.7602645 -0.1834368 -0.6580241 0.7525593 -0.02567303 -0.656348 0.7517729 0.06359905 0.06449705 0.9979166 -0.00167042 -0.3184028 0.9468009 0.04677534 -0.6549789 0.750464 0.08835488 -0.8023232 0.5920653 0.07573777 -0.9905246 0.05356067 0.1264607 -0.8918526 0.4370682 0.1164925 -0.5664287 -0.7677764 -0.299463 -0.8894658 -0.05166196 -0.4540726 -0.7793872 -0.4506416 -0.4352905 -0.5389508 -0.7692129 -0.3432836 -0.9618762 -0.05351865 -0.2681978 -0.3885983 -0.8918494 -0.2315081 0.152959 -0.988135 -0.01388531 0.1304286 -0.9914368 -0.006440341 -0.2114241 -0.9576871 -0.1952828 -0.6049115 -0.7632531 -0.2269954 0.1050255 -0.9944647 -0.003127336 -0.6234307 -0.7600405 -0.1835013 -0.6458439 -0.7554398 -0.1104379 0.07591247 -0.9971145 2.87049e-4 -0.9959583 -0.0526995 -0.07273149 -0.6578757 -0.7526886 -0.02568024 -0.6570808 -0.7511237 0.06370198 -0.9905772 -0.0525195 0.1264848 -0.8921499 -0.4364719 0.116451 -0.6548465 -0.7505848 0.08831048 -0.480961 -0.87539 0.04867237 0.06461304 -0.9979091 -0.001646816 -0.3188044 -0.9466639 0.04681032 -0.5391879 0.7690626 -0.3432482 -0.2094703 0.9583432 -0.1941667 -0.1785246 0.9581017 -0.223987 -0.889439 0.0525192 -0.4540265 -0.7328602 0.4511577 -0.5092865 -0.8451004 0.05250775 -0.5320229 -0.7800141 0.4495413 -0.4353055 -0.006756842 0.491384 0.8709169 -0.8948073 0.04760259 -0.4439075 0.1527784 0.9881612 -0.01401364 -0.1327432 0.876559 0.4626269 0.02892005 0.7648974 0.6435028 -0.8894057 -0.05267876 -0.4540735 -0.8450927 -0.053007 -0.5319856 -0.7330433 -0.4508666 -0.5092808 -0.779278 -0.4509156 -0.4352023 -0.5394034 -0.768875 -0.3433297 -0.2116996 -0.9576529 -0.1951519 -0.1786755 -0.958019 -0.2242204 0.1528201 -0.9881584 -0.01375496 0.1656167 -0.986098 -0.01349031 -0.1624698 -0.913215 0.3736872 0.02899974 -0.7649152 0.643478 -0.1785651 0.9580441 -0.224201 0.2261654 0.9736461 -0.0293712 -0.100013 0.956648 -0.2735362 0.1655606 0.9861088 -0.01338672 -0.4961959 0.7707181 -0.3997288 -0.4143051 0.7763345 -0.4750328 -0.6603535 0.456815 -0.5960314 -0.7328434 0.4511834 -0.509288 -0.7898033 0.05335068 -0.6110357 -0.8451049 0.05208146 -0.5320577 -0.732849 -0.4512093 -0.5092569 -0.7898234 -0.05314159 -0.6110278 -0.6607249 -0.4560662 -0.5961931 -0.8450723 -0.05260843 -0.5320578 -0.4957621 -0.7711706 -0.3993946 -0.4145774 -0.7760444 -0.4752693 -0.1004044 -0.9564766 -0.273992 -0.1785086 -0.9580792 -0.2240964 0.2262591 -0.973621 -0.02948057 0.1656196 -0.9860988 -0.0133996 0.4478971 0.4298714 -0.7839635 0.8439565 0.3373112 -0.4170835 0.4718083 0.3936926 -0.7889253 0.819308 0.4157083 -0.3948682 0.243296 0.416436 -0.876007 0.009764075 0.3479488 -0.9374628 0.03609132 0.3841055 -0.9225836 -0.789596 0.05351889 -0.6112888 -0.7897248 0.05349022 -0.6111249 -0.4107943 0.2353404 -0.8808309 0.01046901 0.4511958 -0.8923637 0.7681482 0.5288826 -0.360876 -0.01209717 0.4983402 -0.8668973 -0.05253237 0.5676497 -0.8215926 -0.789748 0.05345791 -0.6110979 0.6549217 0.700166 -0.2843329 -0.09899693 0.6291686 -0.7709387 -0.1423095 0.6734955 -0.7253633 -0.7897757 0.05368 -0.6110424 0.5069865 0.8412309 -0.18787 -0.1979426 0.7167074 -0.6686923 -0.7897502 0.05361694 -0.6110809 -0.2359438 0.738597 -0.6315101 -0.2806354 0.7575324 -0.5893968 -0.7897278 0.05379605 -0.6110941 0.3859985 0.9156353 -0.1123264 -0.3324558 0.7714535 -0.5425243 -0.3887651 0.777749 -0.4939315 0.2246918 0.9739544 -0.030438 -0.1288025 0.9472008 -0.2936334 -0.4140636 0.7764363 -0.4750768 -0.5176961 0.6484823 -0.5580874 -0.7897482 0.05380523 -0.6110671 -0.6428391 0.4893321 -0.5893319 -0.4474174 -0.243769 -0.8604618 -0.7897037 -0.05349922 -0.6111513 -0.7896567 -0.05348986 -0.6112129 -0.3002501 -0.2997509 -0.9055382 -0.1430349 -0.3484066 -0.926366 0.03144162 -0.3902515 -0.9201714 0.005610823 -0.46002 -0.8878908 0.7904965 -0.4898027 -0.3677076 -0.02303504 -0.5176737 -0.855268 0.683703 -0.664241 -0.3022156 -0.7897934 -0.05342411 -0.611042 -0.06595206 -0.5859667 -0.8076469 -0.7896882 -0.05356532 -0.6111656 -0.09470516 -0.6227977 -0.7766299 -0.1375706 -0.6683351 -0.7310284 0.5717447 -0.7879344 -0.2286205 -0.7898183 -0.05335628 -0.6110157 -0.1987164 -0.7163705 -0.6688238 0.4665026 -0.869376 -0.1629748 -0.2369337 -0.7384786 -0.631278 -0.2818285 -0.7575444 -0.5888118 0.3082444 -0.9476034 -0.08386534 -0.7897636 -0.05373972 -0.6110528 -0.3332834 -0.7712291 -0.5423358 -0.3891546 -0.7773227 -0.4942956 -0.7898089 -0.05330836 -0.6110321 -0.6605007 -0.456371 -0.5962083 -0.4143337 -0.7762024 -0.4752238 -0.2152984 -0.8940622 -0.3928097 0.2262195 -0.9736303 -0.02947849 -0.1004309 -0.9564569 -0.2740507 0.5363261 -0.4122686 -0.7364706 0.8454059 -0.3365701 -0.4147403 -0.2278797 -0.2994548 -0.9264975 -0.5073298 -0.1989103 -0.8384816 -0.2333287 -0.2914138 -0.9277045 0.01150572 -0.3563349 -0.9342875 0.04855638 -0.3823703 -0.9227325 0.5291739 -0.3970966 -0.7498596 0.0965358 -0.3626383 -0.9269166 0.4225766 -0.3930218 -0.816678 0.6725197 -0.3802984 -0.634894 0.5317373 0.3277147 -0.7809345 0.845885 0.3340803 -0.4157752 0.8602519 0.2225666 -0.4587272 0.5387902 0.205439 -0.8170067 0.8738082 0.1095551 -0.4737692 0.03665477 0.3233991 -0.9455525 -0.2332736 0.2699838 -0.93418 -0.2289584 0.2284559 -0.9462485 -0.7896981 0.05346912 -0.6111612 -0.7895311 0.05373018 -0.611354 -0.2314283 0.1881306 -0.9544883 -0.7900467 0.05365681 -0.6106941 -0.2284591 0.1497231 -0.9619717 -0.04603993 0.1655462 -0.9851269 0.5397788 0.3735956 -0.7543641 0.436983 0.2838368 -0.8535119 0.4387916 0.2535192 -0.8620847 0.5274443 0.1614419 -0.8341098 -0.2271151 0.285243 -0.931158 -0.4609528 0.2155023 -0.8608608 0.002862036 0.343613 -0.939107 0.04241102 0.3440589 -0.9379898 -0.2843208 0.2031691 -0.9369547 0.05196607 0.2480561 -0.967351 -0.2850995 0.1935248 -0.9387579 -0.2382075 0.1349189 -0.9617974 -0.3220106 0.122852 -0.9387314 -0.5862236 0.09140819 -0.8049761 -0.05622088 0.1480532 -0.9873801 -0.002823293 0.1449369 -0.9894369 0.541774 0.3848284 -0.7472537 0.5226714 0.3896748 -0.7582666 0.4121302 0.2726941 -0.86936 0.5545054 0.266512 -0.7883497 0.4123471 0.2650932 -0.8716051 0.5248765 0.1507077 -0.8377302 0.5954759 0.1432296 -0.7905023 0.3245313 0.151616 -0.9336445 -0.4379153 -0.1939675 -0.8778421 -0.789723 -0.05394202 -0.6110875 -0.7897486 -0.05354464 -0.6110894 0.4506106 -0.2081348 -0.8681188 0.873578 -0.1098517 -0.4741247 0.8600798 -0.2225732 -0.4590468 0.1523827 -0.3396417 -0.9281288 0.3235096 -0.3553828 -0.8769519 0.3294623 -0.2964499 -0.8964219 0.8459555 -0.3337838 -0.41587 -0.281181 -0.1802918 -0.9425668 -0.7900651 -0.05359041 -0.6106762 -0.2788042 -0.1443445 -0.9494382 -0.4188855 -0.223039 -0.8802208 -0.3377767 -0.1963354 -0.9205212 0.4151921 -0.2536861 -0.8736469 0.4272328 -0.1644968 -0.8890518 0.2506674 -0.1650328 -0.9539026 0.3354427 -0.3782432 -0.8627921 0.422968 -0.3897657 -0.8180347 0.09680593 -0.3596277 -0.9280606 0.6730877 -0.3770807 -0.63621 0.165384 -0.3620439 -0.9173726 0.3854597 -0.2760596 -0.8804612 0.554405 -0.2664882 -0.7884283 -0.2969478 -0.1915203 -0.9354903 0.05176407 -0.2479182 -0.9673971 -0.3771566 -0.1212463 -0.9181788 -0.4880196 -0.1047132 -0.8665288 -0.4141961 -0.230585 -0.8804954 -0.5072613 -0.1979827 -0.8387424 -0.2322542 -0.2890865 -0.9287018 -0.3114269 -0.1953802 -0.9299678 0.4062853 -0.2651299 -0.8744361 0.3776799 -0.1549854 -0.9128732 0.4314097 -0.1503564 -0.8895385 0.6895252 -0.1363289 -0.7113153 0.1963682 -0.1544984 -0.9682819 -0.2151563 -0.1315388 -0.9676803 0.1139799 -0.1491798 -0.982219 0.8756377 0.05480831 -0.4798487 0.8772727 0.0545904 -0.4768779 0.6196151 0.08218735 -0.7805911 0.5976933 0.08364719 -0.7973492 0.326087 0.09541124 -0.9405126 0.3478644 0.09499555 -0.9327198 -0.002427458 0.09803545 -0.99518 0.004600286 0.09810793 -0.9951652 -0.3216316 0.09011381 -0.9425672 -0.3329357 0.08969736 -0.9386737 -0.5859211 0.07454538 -0.8069322 -0.5907791 0.07405561 -0.8034275 -0.7900676 0.05343329 -0.6106866 -0.7895047 0.05339229 -0.6114177 -0.789864 -0.05338525 -0.6109542 -0.7895207 -0.05343103 -0.6113937 -0.5013291 -0.08033138 -0.8615197 -0.4867942 -0.08153814 -0.8697028 -0.2199728 -0.09377121 -0.9709887 -0.213676 -0.09403455 -0.9723684 0.1258099 -0.09838724 -0.9871636 0.1141302 -0.09839123 -0.9885815 0.4580473 -0.09131813 -0.884225 0.4320665 -0.09211617 -0.897125 0.7034799 -0.07581728 -0.7066597 0.6918765 -0.07664287 -0.7179365 0.8757339 -0.0546925 -0.4796864 0.8771882 -0.05468356 -0.4770227 -0.7896848 -0.05320656 -0.6112014 -0.789363 0.05339086 -0.6116008 -0.591131 0.07435184 -0.8031414 -0.5012289 -0.08044445 -0.8615674 -0.333337 0.08952718 -0.9385475 -0.2194247 -0.09400177 -0.9710904 0.003327131 0.09790837 -0.9951899 0.1255558 -0.09831893 -0.9872028 0.347707 0.09493237 -0.9327849 0.4583289 -0.09099948 -0.884112 0.620175 0.08229011 -0.7801355 0.7033581 -0.07563173 -0.7068007 0.8770168 0.05468612 -0.4773373 0.8770236 -0.05447971 -0.4773485 0.846601 0.3379813 -0.4111393 0.869744 0.1982925 -0.4519132 0.8390419 0.3349752 -0.4287196 0.8465901 -0.3379845 -0.4111592 0.8390163 -0.3350178 -0.4287364 0.8697308 -0.1982979 -0.4519361 0 1 0 0 1 2.51561e-7 0 1 1.57346e-6 -1.68771e-6 1 1.92892e-6 0 1 4.99836e-7 -1.06163e-6 1 0 0 1 -2.27406e-6 -8.19809e-7 1 0 0 1 -1.91298e-6 0 1 1.47331e-6 0 1 9.48148e-7 0 1 -7.75236e-7 0 1 9.00886e-7 0 1 -8.76265e-7 0 1 8.15232e-7 0 1 6.3302e-7 0 1 -2.94523e-7 0 1 -7.48691e-7 0 1 1.04314e-6 0 1 -2.82931e-6 0 1 -1.4521e-7 0 1 2.50158e-6 0 1 -3.03614e-7 0 1 1.13807e-6 0 1 -2.32587e-6 0 1 5.03879e-6 0 1 -1.06369e-5 0 1 1.30067e-5 0 1 -2.56809e-6 0 1 6.40933e-7 0 1 1.15304e-6 0 1 -1.01654e-6 0 1 -4.05417e-7 0 1 7.03693e-7 0 1 -1.83826e-6 0 1 9.4146e-7 0 1 -1.67803e-6 0 1 1.04616e-6 0 1 1.51661e-6 0 1 4.59773e-7 -0.9992431 -1.96276e-7 0.03890246 -0.9816992 -7.05349e-6 -0.190438 -0.9816932 2.92016e-6 -0.1904693 -0.9987493 1.19208e-5 0.05000084 -0.9992431 -4.75557e-7 0.03890264 -0.9816932 2.66798e-6 -0.1904693 -0.9816969 -0.001350462 -0.1904455 -0.9631074 -3.80025e-5 0.2691175 -0.9577729 1.81992e-5 0.2875263 -0.9987492 -1.19688e-5 0.0500015 -0.9631181 5.10927e-5 0.2690789 -0.8761847 1.59547e-7 0.4819757 -0.8611198 -5.32484e-7 0.5084022 -0.7144253 -1.55205e-6 0.6997117 -0.957773 -1.80812e-5 0.2875257 -0.8761929 -4.24508e-7 0.4819608 -0.8611199 5.88305e-7 0.5084021 -0.7144243 5.9884e-6 0.6997128 -0.5261882 0 0.8503682 -0.5261881 0 0.8503683 -0.3073992 0 0.9515808 -0.3073993 0 0.9515807 -0.07074725 0 0.9974943 -0.07074773 0 0.9974943 0.1700198 0 0.9854407 0.1700193 0 0.9854407 0.4009209 0 0.9161127 0.4009209 0 0.9161127 0.6085126 0 0.7935442 0.7807383 0 0.6248582 0.9075896 0 0.4198588 0.9075896 0 0.4198586 0.9816976 0 0.190447 0.9816975 0 0.190447 -0.01329463 -4.96655e-6 0.9999117 -0.01329463 4.96656e-6 0.9999116 -0.01329386 0 0.9999117 -0.01329368 0 0.9999117 0.00412929 0.9997105 0.02370411 0.004112839 0.9997105 0.02370953 0.004112839 0.9997105 0.02370893 0.004112839 0.9997105 0.02370911 0.004112839 0.9997105 0.02371037 0.004112839 0.9997105 0.02371144 0.004112839 0.9997106 0.02370858 0.004112899 0.9997105 0.02371048 0.004112899 0.9997105 0.02370804 0.004112839 0.9997105 0.02370977 0.004112839 0.9997105 0.02371072 0.004112839 0.9997105 0.02370977 0.004112899 0.9997105 0.02371078 0.00412929 -0.9997081 0.02380788 0.004112958 -0.9997105 0.02371251 0.004112958 -0.9997106 0.02370667 0.004113078 -0.9997105 0.02370899 0.004113078 -0.9997105 0.02370816 0.004112958 -0.9997105 0.02371007 0.004113018 -0.9997106 0.02370816 0.004113078 -0.9997105 0.02370947 0.004113078 -0.9997105 0.02371048 0.004113018 -0.9997105 0.02371007 0.004113137 -0.9997106 0.02370786 0.00411278 -0.9997105 0.0237087 0.004113197 -0.9997105 0.02370977 0.9974972 0.0524494 0.0474196 0.9974967 0.05245971 0.04741704 0.9974974 0.0524531 0.04740792 0.997497 0.05245471 0.04741656 0.9975897 0.05119359 0.04684108 0.9975898 0.05119359 0.04684108 0.9975897 0.05119359 0.04684108 0.9974979 0.05243515 0.04741877 0.9974975 0.05244749 0.04741287 0.9974973 0.05244773 0.04741871 0.9974963 0.05244749 0.04743891 0.9974972 0.05244904 0.04742062 0 -1 -2.34248e-7 0 -1 4.22255e-7 0 -1 2.28969e-7 0 -1 -4.83712e-7 2.6324e-7 -1 0 4.59948e-7 -1 -1.10935e-6 0 -1 2.50352e-7 2.55614e-7 -1 -1.39206e-7 0 -1 0 0 -1 0 0 -1 0 2.2872e-7 -1 0 0 -1 0 0 -1 0 0 -1 0 0 -1 -5.88265e-7 0 -1 2.1577e-7 0 -1 0 9.44333e-7 -1 1.99623e-7 0 -1 0 0 -1 2.477e-7 0 -1 -7.07329e-7 0 -1 3.1651e-7 1.59035e-7 -1 0 0 -1 2.45194e-7 1.70365e-7 -1 1.74669e-7 0 -1 0 0 -1 0 -2.68277e-7 -1 -3.83968e-7 0 -1 5.66102e-7 0 -1 2.85828e-7 3.14533e-7 -1 0 3.37894e-7 -1 -3.83311e-7 4.38891e-7 -1 0 3.95215e-7 -1 0 2.09484e-7 -1 0 2.75693e-7 -1 0 0 -1 0 0 -1 0 0 -1 -2.88261e-7 0 -1 -3.20467e-7 0 -1 3.04275e-7 0 -1 -1.45367e-7 3.51712e-7 -1 -1.5415e-7 0 -1 2.35923e-7 0 -1 0 0 -1 0 0 -1 0 2.89506e-7 -1 0 0 -1 -1.76831e-6 0 -1 4.75611e-7 0.9974968 -0.05245971 0.04741698 0.9974979 -0.0524351 0.04741942 0.9974972 -0.0524494 0.0474196 0.997497 -0.05245471 0.04741656 0.9974972 -0.0524466 0.04742068 0.9974977 -0.05245274 0.04740387 0.9974976 -0.05244398 0.04741525 0.9975055 -0.05214756 0.04757773 0.9975054 -0.05214756 0.04757767 0.9975054 -0.05214756 0.04757773 0.9974956 -0.05244475 0.04745835 0.7404315 0.05619269 0.6697788 0.6639727 0.05429923 0.7457829 0.6637971 0.054304 0.7459388 0.8074347 0.05738651 0.5871593 0.7759682 0.05693233 0.6281976 0.8747563 0.05788534 0.4810932 0.8671377 0.0579009 0.4946916 0.9288754 0.05759966 0.3658865 0.9597082 0.05668604 0.2752217 0.958474 0.05679708 0.2794665 0.9798991 0.05549812 0.1916189 0.9974944 0.05248075 0.04744338 0.9974964 0.05240786 0.04748255 0.9596675 0.05662757 0.2753756 0.9974898 0.05255061 0.04746061 0.9975319 0.05177026 0.0474351 0.9599412 0.05663567 0.2744182 0.8697734 0.05788642 0.4900443 0.8671212 0.05790054 0.4947205 0.7801297 0.05689531 0.6230255 0.7759758 0.05690723 0.6281904 0.6640316 0.05427372 0.7457321 0.6639834 0.05405974 0.7457907 0.989005 -0.05427777 0.137561 0.9783192 -0.05564254 0.1994879 0.9974929 -0.05251955 0.04743033 0.9975001 -0.05239444 0.0474193 0.9722922 -0.05599689 0.2269632 0.9349188 -0.05750495 0.3501714 0.9288846 -0.0575906 0.3658643 0.8971164 -0.05791413 0.4379819 0.8243601 -0.05760365 0.5631273 0.8600613 -0.05789649 0.5068953 0.7716824 -0.05679994 0.6334667 0.663981 -0.05429303 0.7457758 0.6637842 -0.05431139 0.7459497 0.8134909 -0.05738997 0.578739 0.8243581 -0.05759036 0.5631316 0.6640266 -0.054291 0.7457354 0.6640365 -0.05429816 0.7457261 0.9181433 -0.05769628 0.3920257 0.934955 -0.05748724 0.3500778 0.973137 -0.05599194 0.2233146 0.9783346 -0.05555033 0.1994384 0.9974954 -0.05247282 0.04743075 0.9974831 -0.05268156 0.04745697 0 1 -8.65291e-6 0 1 4.98604e-5 -1.7026e-7 1 1.45064e-7 0 1 0 0 1 0 0 1 1.56829e-6 0 1 1.35054e-7 0 1 0 0 1 1.10598e-5 0 1 -1.60662e-5 0 1 2.52663e-7 -1.22572e-7 1 0 0 1 1.36134e-6 -1.23027e-7 1 0 0 1 2.24284e-7 0 1 -7.41606e-7 0 1 0 0 1 -3.5006e-7 0 1 0 0 1 0 0 1 2.15491e-7 -1.50965e-7 1 0 -0.3680346 -0.05759322 0.9280267 -0.3527728 -0.0573737 0.9339485 -0.3387809 -0.05740112 0.9391127 -0.3819031 -0.05737972 0.9224194 -0.395335 -0.05729973 0.9167481 -0.3483818 -0.05739015 0.9355943 -0.562673 -0.05678653 0.8247269 -0.6049264 -0.05660045 0.7942673 -0.7448019 -0.05569064 0.6649577 -0.780559 -0.0553829 0.6226239 -0.8793516 -0.05449748 0.4730442 -0.9064848 -0.05421453 0.4187436 -0.9507416 -0.05361878 0.305312 -0.991939 -0.05279654 0.1151938 -0.988965 -0.0532208 0.1382597 -0.9889275 -0.05394136 0.1382489 -0.9777818 -0.05319684 0.202763 -0.9968408 -0.05270045 0.05942463 -0.9963705 -0.05270141 0.06684678 -0.9980107 -0.05261009 0.03474217 -0.9944717 -0.05264961 0.09085214 -0.9975533 -0.05250364 -0.04616177 -0.9980284 -0.05251288 -0.03437608 -0.9977801 -0.05251824 -0.04094898 -0.9983627 -0.05250608 -0.02269929 -0.9985983 -0.05251312 -0.00663203 -0.9985335 -0.05261349 0.01275515 -0.9974485 -0.05239593 -0.04848873 -0.9972733 -0.05238717 -0.05197846 -0.9971653 -0.05218428 -0.05420583 -0.9970046 -0.05257743 -0.05672258 -0.996834 -0.05247718 -0.05973398 -0.9955837 -0.05230575 -0.07795697 -0.9963084 -0.05230909 -0.06806939 -0.9955819 -0.05240499 -0.07791316 -0.996618 -0.05232667 -0.06335949 -0.9955818 -0.0523864 -0.07792776 -0.995581 -0.05239677 -0.07793021 -0.1132399 -5.76234e-4 0.9935676 -0.1132398 -5.76239e-4 0.9935675 -0.1132399 -5.76234e-4 0.9935675 -0.1136884 -1.72667e-4 0.9935165 -0.1136884 -1.72761e-4 0.9935165 -0.1136884 -1.72666e-4 0.9935165 -0.1132211 -5.21464e-6 0.9935698 -0.1133295 6.26604e-5 0.9935575 -0.1134755 9.81483e-7 0.9935408 -0.1134755 9.44506e-7 0.9935408 -0.1134756 9.89137e-7 0.9935408 -0.112962 -1.93076e-5 0.9935994 -0.112962 -1.93309e-5 0.9935994 -0.112962 -1.932e-5 0.9935994 -0.113021 -2.04924e-4 0.9935926 -0.1131544 -5.84274e-5 0.9935775 -0.1132802 3.64154e-5 0.9935631 -0.1132565 0 0.9935658 -0.1132617 -2.40904e-5 0.9935653 -0.1132598 0 0.9935654 -0.1132616 -5.71474e-5 0.9935652 -0.1132618 5.71476e-5 0.9935652 0 -1 0 0 -1 1.95454e-7 0 -1 9.31672e-7 0 -1 -2.16468e-6 0 -1 5.40215e-7 0 -1 0 0 -1 -4.39915e-5 0 -1 3.8311e-5 0 -1 -3.90276e-5 0 -1 -5.05327e-7 1.22572e-7 -1 0 0 -1 4.08403e-6 0 -1 -8.97135e-7 0 -1 6.40676e-7 0 -1 -4.66747e-7 9.20186e-7 -1 4.24045e-7 2.89303e-7 -1 0 0 -1 3.14228e-7 -0.9975535 0.05250769 -0.04615348 -0.9983153 0.05250287 -0.02469909 -0.9986056 0.05251455 -0.005414307 -0.9980007 0.05250644 -0.0351814 -0.9977809 0.05251133 -0.04093861 -0.9983712 0.05257892 0.02214735 -0.9955803 0.05241167 -0.07792872 -0.9967976 0.0516116 -0.06108129 -0.9969923 0.05235302 -0.05714637 -0.9965412 0.05265355 -0.06429225 -0.996313 0.05248451 -0.06786626 -0.9955819 0.05240511 -0.07791405 -0.9965263 0.05271399 0.06447267 -0.9974154 0.05250173 -0.04905217 -0.9889572 0.05333316 0.1382725 -0.9919402 0.05282932 0.1151693 -0.9889066 0.05428361 0.1382642 -0.98891 0.05289018 0.1387795 -0.9972051 0.05234539 -0.05331069 -0.9507501 0.05361878 0.305286 -0.929506 0.0539214 0.3648443 -0.8793528 0.05450278 0.4730414 -0.8257241 0.05501544 0.5613851 -0.7448059 0.05571323 0.6649512 -0.6924445 0.0559597 0.7192978 -0.5626758 0.05680662 0.8247236 -0.5516113 0.0567975 0.8321653 -0.3953771 0.0572974 0.9167302 -0.3483821 0.05739003 0.9355941 -0.3386881 0.05738824 0.9391469 -0.3757405 0.05742663 0.9249439 -0.3563205 0.05739831 0.9325992 -0.3478048 0.05698972 0.9358333 -0.9955817 0.0523864 -0.07792794 -0.995581 0.05239677 -0.07793021 -0.1132248 -3.7389e-5 0.9935695 -0.1128828 3.86945e-5 0.9936084 -0.1128828 3.8637e-5 0.9936084 -0.1128828 3.86641e-5 0.9936084 -0.1133377 9.89808e-5 0.9935566 -0.1133067 1.44117e-5 0.9935601 -0.1138374 -3.297e-6 0.9934994 -0.1132692 4.38669e-5 0.9935644 -0.1127792 -1.07155e-4 0.9936202 -0.1127793 -1.07168e-4 0.9936201 -0.1127792 -1.07156e-4 0.9936201 -0.1131821 6.22755e-5 0.9935743 -0.1132899 -2.58078e-5 0.993562 -0.1131764 6.17352e-5 0.993575 -0.1132798 -3.64152e-5 0.9935632 -0.1132621 2.40905e-5 0.9935652 -0.113256 0 0.9935659 0.00411278 -0.9997105 0.02370864 0.004178106 -0.9997099 0.02372014 -0.2646039 -0.8678702 0.4204598 -0.2270643 -0.902682 0.3655232 -0.3194265 -0.8047643 0.5003211 -0.3680878 -0.7340048 0.5707437 -0.4162895 -0.6460022 0.6398314 0.004066646 -0.9997106 0.02371364 -0.4530229 -0.5616828 0.6923026 -0.09997725 -0.9788833 0.1783033 -0.4882205 -0.4598904 0.7417153 -0.2056829 -0.919808 0.3341375 -0.3046358 -0.8233661 0.4788168 -0.5191605 -0.3399065 0.7841787 -0.3758013 -0.7212189 0.5819079 -0.4409285 -0.5915091 0.6750549 -0.5424382 -0.2041968 0.8149016 -0.4955794 -0.4349836 0.7517916 -0.5350733 -0.2549994 0.8054017 -0.5553038 -0.05678266 0.8297069 -0.5552834 -0.05679827 0.8297195 -0.5553326 -0.05676817 0.8296886 -0.5553405 -0.05680102 0.829681 -0.5552542 -0.05764979 0.8296803 -0.5562475 -2.14585e-4 0.8310167 -0.5552759 -0.05703592 0.8297082 -0.5562376 -8.773e-4 0.8310229 -0.5552542 0.05764979 0.8296802 -0.5562516 2.16112e-4 0.8310139 -0.5562375 8.77302e-4 0.8310229 -0.55528 0.05703735 0.8297053 -0.5553339 0.05676841 0.8296877 -0.5553397 0.05680096 0.8296816 0.004142522 0.9997099 0.02372699 -0.2270503 0.902683 0.3655292 -0.2924848 0.837733 0.4611464 -0.3654472 0.7383101 0.5668744 -0.4365928 0.6015105 0.6690082 -0.5456258 0.1785272 0.8187922 -0.5553072 0.05679112 0.829704 -0.555287 0.05682677 0.8297151 -0.5282343 0.2946015 0.7963533 -0.54751 0.1615617 0.8210546 -0.4785335 0.4906958 0.7281643 -0.5340307 0.2613044 0.8040717 -0.4034621 0.6715005 0.6215349 -0.5063095 0.3947273 0.766708 0.004063546 0.9997106 0.02371591 -0.2964548 0.8331347 0.4669061 -0.1619568 0.9491992 0.2697979 -0.4729626 0.5074052 0.72031 -0.1434133 0.9886403 0.04497623 0.004091203 0.999711 0.02369171 0.004016935 0.9997102 0.02374041 -0.2880195 0.955416 0.06500071 -0.2178558 0.9747398 0.04920619 -0.4829612 0.8709357 0.09066081 -0.4439871 0.8929979 0.07369095 -0.6573093 0.745254 0.1119869 -0.6336078 0.7680516 0.09294044 -0.8028511 0.5822712 0.1280249 -0.7783936 0.6186917 0.1064146 -0.9110403 0.3884706 0.138189 -0.8888267 0.4435409 0.1151469 -0.9597297 0.2545539 0.1188324 -0.9746097 0.1733645 0.141706 -0.9881251 0.09797 0.1183668 -0.9890117 -0.05231922 0.1382709 -0.9919514 -0.05258089 0.1151861 -0.5445998 0.1817828 0.8187589 -0.555301 0.05685871 0.8297036 -0.7300153 0.03346747 0.6826109 -0.9977931 -0.05215376 -0.04109793 -0.9803733 -0.02794688 0.1951592 -0.9954042 -0.0395171 0.08722925 -0.9985703 -0.05022376 -0.01830226 -0.9009459 0.05207335 0.4307956 -0.8655335 0.008691668 0.5007759 -0.9371979 -0.01018881 0.3486494 -0.897723 0.1117605 0.4261491 -0.5247854 0.2995023 0.7968053 -0.9980847 -0.05192595 -0.03362518 -0.8949329 0.1440901 0.4222953 -0.8881672 0.2016689 0.4129029 -0.4718587 0.4936205 0.7305397 -0.9984405 -0.05170595 -0.02105224 -0.8797324 0.2541018 0.4018746 -0.8682337 0.3121196 0.3856832 -0.400034 0.669933 0.62543 -0.9986467 -0.05171608 -0.005506217 -0.8569556 0.3597988 0.3690149 -0.844973 0.4052985 0.3489324 -0.2962037 0.8333851 0.4666183 -0.9985381 -0.05247843 0.01294893 -0.8262929 0.4656712 0.3168445 -0.8124799 0.5035282 0.2938295 -0.9979448 -0.05287557 0.03620004 -0.7886658 0.5607975 0.2520172 -0.1591555 0.9498658 0.2691183 -0.9964292 -0.05170863 0.06674611 -0.7694674 0.6009384 0.2163167 -0.7559252 0.6264822 0.1899922 0.00401014 0.9997121 0.02365583 -0.9946263 -0.05201911 0.08951395 -0.7273311 0.6739116 0.1297407 -0.2179117 0.974736 0.04903221 -0.4438913 0.8930471 0.07367199 -0.6335483 0.7680978 0.09296381 -0.7784745 0.6185935 0.1063934 -0.8064194 0.5767293 0.1306565 -0.8725132 0.4711184 0.129492 -0.8888709 0.4434683 0.1150845 -0.9596503 0.2548868 0.1187613 -0.9880873 0.09825319 0.1184476 -0.9919338 -0.05280262 0.1152365 -0.9956812 -0.03928673 0.08411538 -0.995433 -0.03922843 0.08703058 -0.9804081 -0.02766889 0.1950247 -0.9985826 -0.05006593 -0.01806259 -0.9802796 -0.02710807 0.1957476 -0.9510452 -0.01456689 0.3087085 -0.9371327 -0.01012796 0.3488263 -0.8622364 0.00953865 0.5064163 -0.8654847 0.008711159 0.5008597 -0.7300882 0.03357863 0.6825275 -0.7276228 0.03401565 0.6851337 -0.5554673 0.05675715 0.8295992 -0.5553126 0.05683541 0.8296973 -0.9802452 -0.02727687 0.1958959 -0.9949983 -0.04678916 0.088256 -0.9957036 -0.03912389 0.0839262 -0.9788561 -0.0433501 0.199904 -0.9949171 -0.04769045 0.08868873 -0.951004 -0.01469582 0.3088292 -0.9492794 -0.0379703 0.312133 -0.8621956 0.009702861 0.5064826 -0.8605172 -0.02622431 0.508746 -0.7276593 0.03408473 0.6850914 -0.7270178 -0.0135588 0.6864848 -0.5551683 0.05783021 0.8297253 -0.5560408 0.001190841 0.8311542 -0.7269078 0.01359671 0.6866005 -0.7268872 -0.01367557 0.6866207 -0.556461 -1.07288e-5 0.8308737 -0.8605275 -0.02649044 0.5087149 -0.8605401 0.0265066 0.5086928 -0.9492887 -0.03779691 0.3121256 -0.9493218 0.03780949 0.3120236 -0.9789004 -0.04310089 0.1997408 -0.9789187 0.04307705 0.1996562 -0.9949144 -0.04768866 0.08872002 -0.994916 0.04771971 0.0886842 -0.9788551 0.04334962 0.1999084 -0.995 0.04678404 0.08824104 -0.994921 0.04768007 0.08864945 -0.9802393 0.02737474 0.1959121 -0.9957032 0.03912383 0.0839321 -0.9510127 0.01470631 0.3088023 -0.9492522 0.03796154 0.3122169 -0.862175 -0.009703814 0.5065178 -0.8604894 0.02622246 0.5087934 -0.7276337 -0.0340861 0.6851186 -0.7269935 0.01355624 0.6865105 -0.5552097 -0.05782932 0.8296975 -0.5561201 -0.001199245 0.8311011 -0.727835 -0.03401726 0.6849082 -0.5554031 -0.0567103 0.8296454 -0.7299205 -0.03328716 0.6827211 -0.5553118 -0.0568335 0.8296981 -0.8623108 -0.009741485 0.5062859 -0.8653411 -0.008694767 0.5011081 -0.9510406 0.01455694 0.3087231 -0.9538081 0.0159465 0.299993 -0.9802224 0.02720636 0.1960207 -0.9897354 0.03380256 0.1388575 -0.9956807 0.03932535 0.08410352 -0.9985832 0.05011498 -0.01789414 -0.9897187 0.0337004 0.1390014 -0.9538065 0.01590824 0.3000004 -0.997798 0.05206942 -0.04108613 -0.9985899 0.04996621 -0.01793879 -0.5300852 -0.8370067 0.1357555 0.004090189 -0.9997106 0.02370548 -0.2190293 -0.9744718 0.04930573 -0.4457234 -0.8921111 0.07394856 -0.6338147 -0.7678642 0.09307897 -0.09787124 -0.9791668 0.1779154 -0.6106348 -0.7797005 0.1385364 -0.6735826 -0.7257806 0.1397468 -0.9919508 0.05275422 0.1151116 -0.9965705 0.051723 0.06459146 -0.7781445 -0.6190196 0.1063295 -0.888221 -0.4448235 0.114872 -0.9591486 -0.2567246 0.1188554 -0.9880157 -0.09897363 0.1184456 -0.7600367 -0.6190918 0.1976605 -0.2037185 -0.9204018 0.3337056 -0.7786905 -0.5823014 0.2335941 -0.8043597 -0.5239253 0.2801924 -0.9983288 0.05298984 0.02306145 -0.3044804 -0.8232909 0.4790447 -0.8217068 -0.4785031 0.3095687 -0.8343864 -0.4416112 0.3298165 -0.9986602 0.05157321 -0.004269599 -0.3744238 -0.7196985 0.5846716 -0.8515936 -0.3807083 0.3603463 -0.8625521 -0.3371945 0.3772318 -0.4353002 -0.5920692 0.6782093 -0.8753688 -0.2776894 0.39575 -0.9984018 0.05164653 -0.02294617 -0.489412 -0.4388892 0.7535598 -0.8837593 -0.2300488 0.4074887 -0.8909163 -0.1804764 0.416769 -0.9980686 0.05177998 -0.0343222 -0.5326206 -0.2589287 0.8057736 -0.8963713 -0.1283527 0.4243161 -0.9000106 -0.0740109 0.4295386 -0.5554094 -0.05685627 0.8296311 -0.7297827 -0.0335524 0.6828556 -0.8654031 -0.008649706 0.501002 0.004120647 -0.9997109 0.02369064 0.00410223 -0.9997107 0.02370214 -0.2277057 -0.9720733 0.05677753 -0.2189449 -0.9744918 0.04928535 -0.4478647 -0.8899356 0.08620917 -0.4457092 -0.8921172 0.07396203 -0.6447872 -0.7563259 0.1105476 -0.6339592 -0.7677559 0.09298861 -0.7928876 -0.5959601 0.127126 -0.7782609 -0.6188603 0.1064052 -0.895002 -0.4245352 0.1368995 -0.8881838 -0.4448605 0.1150161 -0.9619864 -0.2335873 0.1414895 -0.9592152 -0.2565289 0.1187406 -0.9880198 -0.09898674 0.1183993 -0.9857336 -0.09151059 0.1412627 -0.9919291 0.05290126 0.1152314 -0.9889994 0.0525031 0.1382887 0.6637375 0.0543015 0.745992 0.5439518 0.05515414 0.8373019 0.4722043 0.6821885 0.5582492 -0.2992119 0.7550688 0.5833895 -0.3439219 0.6999316 0.6259501 -0.2557572 0.8472188 0.4656271 -0.1593977 0.943647 0.2900396 -0.07830232 0.9867082 0.1423933 2.51234e-5 1 1.06096e-5 -0.3321498 0.6860471 0.6473144 -0.4240855 0.05730038 0.9038076 -0.3618643 0.6092113 0.7056315 -0.4807739 0.05698454 0.8749911 -0.4615535 0.2857094 0.8398444 -0.4148703 0.5075224 0.7551846 -0.2307207 0.7563149 0.6121731 -0.341418 0.05748176 0.9381523 -2.92964e-4 0.9999996 9.40889e-4 -0.1974182 0.7566038 0.6233595 -0.1833605 0.05759125 0.9813573 -0.1460155 0.7567555 0.6371818 -0.07593631 0.7559953 0.6501576 -0.01159256 0.05729532 0.99829 -6.21025e-5 0.9999991 0.001384139 -0.0189222 0.7549301 0.6555323 0.05791443 0.7539104 0.6544197 0.1706524 0.05677324 0.9836944 -3.90112e-5 1 1.15067e-4 0.1183125 0.7527096 0.6476345 0.1788937 0.7512264 0.6353393 0.3476862 0.05619525 0.9359254 1.39922e-5 1 -8.40425e-6 0.252184 0.7484865 0.6133281 0.3246414 0.7453341 0.5823101 -2.09659e-5 1 6.56247e-5 0.3581924 0.7434397 0.5647971 0.3845095 0.7418278 0.5494033 9.90331e-5 1 9.08971e-6 7.53999e-6 1 1.3411e-6 -0.07825529 0.9867075 0.1424243 -0.15939 0.9436391 0.2900691 2.4084e-6 1 -1.79e-6 -0.6394356 0.05635124 0.7667769 -0.4614317 0.2858462 0.8398647 -0.4807824 0.05698329 0.8749864 -0.1486147 0.9854694 0.08224314 -9.84967e-6 1 1.28634e-5 -3.3468e-5 1 4.00543e-5 -0.3014252 0.938759 0.1669562 -0.8734791 0.05456036 0.4837948 -0.8413171 0.2741066 0.4658874 -0.7720761 0.05558979 0.6330944 -0.4808013 0.6605837 0.5765928 -0.4149509 0.5076043 0.7550854 -0.3439279 0.6999105 0.6259706 -0.2557862 0.8472021 0.4656414 -0.5359251 0.6576654 0.5293963 -0.5845704 0.6546368 0.4792996 -0.7623543 0.4904477 0.4222288 -0.6386255 0.6834663 0.3535977 -0.47998 0.8360503 0.2657806 0.5593966 0.5155779 0.6490417 0.6010728 0.05484944 0.7973099 0.6980415 0.05401808 0.7140169 0.678991 0.2378268 0.6945572 0.6277871 0.4399841 0.6421039 0.5343107 0.6448928 0.5464664 0.5308881 0.582054 0.615931 0.4977437 0.6471023 0.5775032 0.4093755 0.810614 0.4187083 0.2663347 0.9245763 0.2724422 0.136763 0.980669 0.1399444 -2.58684e-5 1 -1.87606e-5 1.44243e-5 1 7.09295e-6 0.4371013 0.650612 0.6210044 0.3920707 0.6530627 0.647912 0.4852838 0.05549496 0.8725938 0.3189748 0.656707 0.6833674 0.2859475 0.05649918 0.9565783 2.15322e-6 1 -6.25849e-7 0.2414383 0.6600773 0.7113406 0.1559469 0.6632171 0.7319998 0.05629754 0.05727314 0.99677 8.26875e-6 1 -6.22869e-6 0.06854051 0.66566 0.743101 -0.02400356 0.6673969 0.7443153 -0.1857192 0.05762881 0.9809115 -1.20327e-5 1 2.92063e-6 -0.1144089 0.6681976 0.7351344 -0.1967905 0.6680126 0.7176578 -0.415686 0.05729776 0.9077016 -8.83639e-6 1 4.47035e-6 -0.2824907 0.6670109 0.6894168 -0.349945 0.6655012 0.6592774 2.55406e-5 1 4.97699e-6 -0.4249674 0.6629554 0.6163545 -0.6126454 0.05660212 0.7883286 -4.35114e-6 1 -3.9041e-6 -0.4819658 0.6605507 0.5756576 -0.5429208 0.6572353 0.5227608 -0.7654397 0.05563783 0.641098 5.06639e-6 1 -6.33299e-6 -0.587566 0.6544328 0.4759033 -0.6078999 0.6527706 0.4520488 -0.8734809 0.05456012 0.4837915 -1.43945e-5 1 -5.03659e-6 -0.6505442 0.6495351 0.3935689 -0.8413338 0.2740706 0.4658787 -0.7624118 0.4904243 0.4221522 -0.6385453 0.6835163 0.3536459 -0.5555322 0.7605912 0.3359839 -0.4800413 0.8359988 0.2658315 -0.4538972 0.8477053 0.2745416 -0.3014326 0.9387547 0.1669668 -0.1486297 0.9854607 0.08231961 -4.9945e-5 1 2.40244e-5 0.5855316 0.2026321 0.7849159 0.6790246 0.2379457 0.6944836 0.6980375 0.05415427 0.7140106 0.5432398 0.4178879 0.7281898 0.627817 0.4400275 0.642045 0.4697432 0.6188316 0.6295941 0.5342633 0.6449146 0.5464869 0.3691829 0.7866038 0.494933 0.4094348 0.8105421 0.4187898 0.2506249 0.9078825 0.3360604 0.266305 0.9245904 0.272423 0.1243965 0.9781161 0.1667766 0.1367499 0.9806794 0.1398834 -2.20314e-5 1 -1.57207e-6 -7.34301e-6 1 -1.02025e-5 0.3368958 0.3134545 0.8878331 0.5430547 0.4179642 0.728284 0.5855553 0.202553 0.7849186 0.4695639 0.6188793 0.6296811 2.98619e-5 1 2.02209e-5 0.1245103 0.9781082 0.1667386 0.2505593 0.9079131 0.3360267 -4.36143e-5 1 -2.40521e-5 3.8594e-6 1 -1.95205e-6 -0.6107169 0.7644268 0.2065828 -0.6959975 0.5868045 0.4138213 -0.7568424 0.5872035 0.287022 -0.8010645 0.5770846 0.1589632 -0.3018166 0.9318026 0.2016203 -0.60943 0.5776633 0.5430472 -0.8312457 0.5554646 0.02213239 1.86116e-5 1 -6.54161e-6 1.71736e-5 1 -1.40071e-6 -0.1406046 0.9827033 0.1205185 0.1736473 0.8292496 0.5312173 -1.98185e-6 1 1.8388e-5 0.3691555 0.7865405 0.4950539 0.0965988 0.8441998 0.5272528 -7.62194e-6 1 -8.10623e-6 0.07932406 0.4131269 0.9072122 0.04924571 0.8526758 0.5201143 0.001607179 0.8604475 0.5095366 -6.04196e-7 1 6.09458e-6 -0.1474159 0.4852898 0.8618367 -0.06239247 0.8699147 0.4892399 -0.1099477 0.8761019 0.4694221 2.33203e-5 1 -4.05312e-6 -0.3362197 0.5317324 0.777314 -0.1621447 0.8818883 0.442699 -0.210713 0.8860135 0.4130135 -0.4877268 0.5594522 0.670176 0.5713131 -0.4901715 0.6582806 0.3400266 -0.8432673 0.4162719 0.6011221 -0.05478304 0.7972773 0.6637701 -0.05435115 0.7459592 -0.1372402 -0.7571815 0.6386245 -9.61125e-7 -0.9999987 0.00163722 -1.40026e-4 -0.9999997 7.79688e-4 -0.332865 -0.05747276 0.9412215 -0.1104747 -0.05748254 0.9922153 -0.2920288 -0.7552788 0.586748 -0.3063226 -0.7715438 0.5575722 -0.3789857 -0.6170381 0.689662 -0.4344924 -0.4309926 0.7908615 -0.4669294 -0.2449611 0.8496888 -0.4807856 -0.05696058 0.8749862 -0.258246 -0.8150494 0.5186556 -0.2135289 -0.8963328 0.3885782 -1.03265e-5 -1 1.04845e-4 -0.2227049 -0.8661682 0.4473872 -2.26013e-5 -1 5.75185e-6 -0.1051914 -0.9758884 0.1912506 -0.2402229 -0.7565743 0.6081843 -0.1957733 -0.7567026 0.6237581 -0.052702 -0.7555988 0.6529111 0.02543473 -0.7539522 0.6564368 1.31298e-5 -1 2.32756e-5 0.1298202 -0.05691915 0.9899026 0.1033617 -0.7530102 0.64984 0.1639059 -0.7517111 0.6388 9.81241e-6 -1 -9.05991e-6 0.3114895 -0.05643451 0.9485723 0.2327591 -0.7492131 0.620083 0.2955073 -0.7466453 0.5959835 0.4914689 -0.05551296 0.8691242 0.3704372 -0.7427381 0.5577781 9.32068e-5 -1 4.22597e-5 0.4025503 -0.7407286 0.5378426 -3.42131e-5 -1 3.44068e-5 -3.2533e-4 -0.9999999 -4.69707e-4 -0.199391 -0.9736739 0.1104652 -0.4022054 -0.8880571 0.2226785 -0.7720724 -0.05560034 0.6330978 -0.7958681 -0.4151458 0.4407356 -0.8503757 -0.2346585 0.4709531 -0.8734987 -0.05445539 0.4837713 -0.1050487 -0.9758924 0.191308 7.63684e-7 -1 9.10461e-6 1.93715e-5 -1 -1.25766e-5 -0.2134918 -0.8963941 0.388457 -0.4669245 -0.2449014 0.8497087 -0.4345138 -0.4309272 0.7908855 -0.639443 -0.05635648 0.7667703 -0.4807555 -0.05674439 0.8750168 -0.5845666 -0.6546207 0.4793264 -0.5715302 -0.7570859 0.3165033 -0.7000145 -0.5997757 0.3876193 -0.5359257 -0.6576667 0.5293942 -0.4808189 -0.6605759 0.5765873 -0.3063096 -0.7715311 0.5575969 -0.3789073 -0.6171582 0.6895978 -0.7360213 -0.4872118 0.4699971 -0.7958498 -0.4151148 0.4407979 -0.7000595 -0.5997145 0.3876329 -0.8503608 -0.2346738 0.4709723 -0.873507 -0.05462974 0.4837368 -0.8049364 -0.05540305 0.5907689 -0.6903163 -0.5736733 0.4408654 -0.6402157 -0.6503985 0.4087857 -0.1993603 -0.9736812 0.1104555 -1.62125e-5 -1 1.17421e-5 -0.4020835 -0.8881127 0.2226763 -0.5715965 -0.7570227 0.3165345 -1.14292e-5 -1 6.19888e-6 -0.5941616 -0.6539592 0.4683047 -0.7163113 -0.05606842 0.6955246 -0.5591707 -0.6561868 0.5067021 -0.4988691 -0.6597191 0.5620502 -1.41561e-6 -1 -2.47657e-5 -0.5464583 -0.05691367 0.8355502 -0.4317432 -0.6627317 0.6118697 -0.3552567 -0.6653389 0.6565949 -8.78423e-6 -1 -9.35793e-6 -0.3346661 -0.05746287 0.9405832 -0.273965 -0.6671109 0.6927527 -0.1856331 -0.6681146 0.7205299 9.24151e-6 -1 -1.35005e-5 -0.09644061 -0.05766201 0.9936672 -0.09610426 -0.6681443 0.7377989 -0.003218173 -0.6671089 0.7449532 -2.35438e-6 -1 -9.77516e-6 0.1446166 -0.05697149 0.9878463 0.08651584 -0.6653086 0.7415387 0.1754513 -0.6625765 0.7281547 -2.64347e-5 -1 -2.57492e-5 0.3654611 -0.05606216 0.9291368 0.2577337 -0.6595107 0.7061296 0.3359205 -0.6559103 0.6759728 -4.12762e-6 -1 -1.46627e-5 0.5514698 -0.05507004 0.8323751 0.4057028 -0.6523692 0.6401717 0.4442536 -0.6502453 0.6162953 -4.60446e-6 -1 -9.44734e-6 0.5026834 -0.6467409 0.5736164 0.5609238 -0.5967488 0.5738078 0.6313082 -0.4294149 0.6457964 0.6740699 -0.2653962 0.6893436 0.6905134 -0.1560795 0.7062794 0.6980919 -0.05398762 0.71397 0.4692515 -0.7020815 0.5356162 0.4596849 -0.7534064 0.4701796 0.4321507 -0.7550003 0.4931738 0.3731292 -0.8242807 0.4258356 -9.86457e-6 -1 2.05487e-5 0.1708327 -0.9696831 0.1747311 0.3277933 -0.8832773 0.3352208 -0.8992325 0.4317949 -0.07024389 -0.9672193 0.2423968 -0.07570219 -0.7241767 0.6872798 -0.05669659 -0.7742131 0.6300143 -0.06063181 -0.8252335 0.56113 -0.0642113 -0.7716227 0.6332096 -0.06036663 -0.9955737 0.05251669 -0.07794302 -0.9955197 0.0535959 -0.07789796 -0.9774964 0.1965997 -0.07648116 -0.939185 0.3354456 -0.07353937 -0.8107244 0.5819771 -0.06347221 -0.6996277 0.7124015 -0.05482035 -0.6291575 0.7757174 -0.0492289 -3.58224e-5 1 5.51343e-7 -0.6255543 0.7786386 -0.04903024 -0.4822874 0.8751969 -0.03780531 -0.3217889 0.9464775 -0.02514714 -0.1636974 0.9864277 -0.01278918 -1.11319e-4 1 -2.4314e-5 -0.7718148 0.6329718 -0.06040412 -0.6751642 0.7357702 -0.05287319 -0.3560858 0.6652834 0.6562018 -0.09315568 0.9719252 0.2160639 -2.79546e-5 1 -1.04308e-6 -0.1795668 0.8912974 0.416347 -0.2601739 0.7539067 0.6032696 -0.3298835 0.5534111 0.7647962 -7.56979e-6 1 1.46329e-5 -0.3876053 0.5826017 0.7143791 -0.5516026 0.05685645 0.8321672 -0.4137356 0.4973598 0.7625328 -0.3763752 0.3114895 0.8725343 -0.3954275 0.05734825 0.9167052 -0.4345141 0.6626604 0.6099827 -0.4897195 0.6600082 0.5697052 -0.6925657 0.05610901 0.7191694 -0.559118 0.6562485 0.5066805 -0.8257269 0.05502319 0.5613801 -3.55244e-5 1 3.66569e-6 -0.6105572 0.652812 0.4483934 -0.6642662 0.6482836 0.3721274 -0.9295083 0.05391854 0.3648384 -3.30806e-5 1 9.29832e-6 -0.7039235 0.6445156 0.2984821 -0.737205 0.6405782 0.214915 -0.9888988 0.05303484 0.1388044 -6.9946e-5 1 1.80639e-5 -0.7595707 0.6373853 0.1295861 -0.7683457 0.6356076 0.07515347 -1.63019e-5 1 1.76611e-5 -0.6261257 0.7796819 -0.007930994 -0.483022 0.8747952 -0.03772467 -0.6290792 0.7757821 -0.04921007 -0.3220306 0.9463945 -0.02517855 -0.1634503 0.9864686 -0.01279991 3.68642e-5 1 3.70871e-5 -0.7005798 0.7135177 -0.008973777 -0.8105388 0.5822387 -0.06344395 -0.7733383 0.6339181 -0.009786903 -0.9955644 0.05259239 -0.07801097 -0.9776644 0.1957522 -0.07650715 -0.939309 0.3351045 -0.07351011 0.9793882 0.1965388 0.04659682 0.9974498 0.0532943 0.0474748 0.9975 0.05236685 0.04745107 0.9511413 0.3054376 0.04514575 0.9408664 0.3358223 0.04465389 0.8416297 0.5385696 0.04002875 0.8121512 0.5821696 0.03858745 0.6672948 0.7441192 0.03169178 0.6303137 0.7757626 0.02995419 0.4327364 0.9012796 0.02084106 0.4096549 0.9120327 0.01947915 0.2249786 0.9743054 0.0106576 0.2033569 0.9790567 0.009697854 8.52197e-5 1 -8.59564e-6 -1.3413e-5 1 2.06567e-6 0.4628899 0.8853708 0.04302901 -6.88434e-6 1 1.84067e-5 7.85613e-5 1 -4.66406e-6 0.2247555 0.9743565 0.01069986 0.4328212 0.9012442 0.02061122 0.574376 0.8168645 0.0531485 0.6674028 0.7440231 0.03167265 0.6846607 0.7260876 0.06353336 0.9974824 0.05264055 0.0475164 0.9799596 0.05536681 0.1913471 0.9510403 0.3057476 0.04517519 0.8416982 0.5384699 0.03992944 0.6779631 0.726327 0.1132037 9.38773e-6 1 -1.09002e-5 0.6718135 0.7265746 0.1440698 0.6640778 0.7269966 0.1745753 0.958245 0.05672955 0.2802647 0.6489438 0.7276715 0.2221851 -1.22175e-4 1 -6.37285e-5 0.5848109 0.7777913 0.2302977 0.4484201 0.8761941 0.1766445 0.2989238 0.9469822 0.1177684 0.1516863 0.9866231 0.05971837 0.7089608 0.6621645 0.2427197 0.7542468 0.5855011 0.2971538 0.7612522 0.5937037 0.2607895 0.8083317 0.5195487 0.2768921 0.9288817 0.0580452 0.3657998 0.9113327 0.2016221 0.3589166 0.8748752 0.3403327 0.3446261 0.8076973 0.0572434 0.586812 0.4720062 0.6824076 0.5581488 0.8761669 0.04903256 0.4795075 0.7451523 0.03901588 0.6657521 -0.5979404 -0.4049373 -0.6917319 0 0 -1 0.6737032 0.5677683 0.4730363 -1.6069e-5 1 8.4429e-5 0.9287793 0.05856919 0.3659765 0.9113929 0.2010993 0.359057 0.8751717 0.3395102 0.3446847 0.7542766 0.5856022 0.2968789 0.5849831 0.7777284 0.2300725 0.4487292 0.8760846 0.1764029 0.2990614 0.946989 0.1173642 0.1518691 0.9866071 0.05951702 -0.900236 -0.4296659 -0.07044482 -0.7926521 -0.6065165 -0.06197029 -0.7243867 -0.6870602 -0.05667805 -0.9672316 -0.2423533 -0.07568383 -0.8533902 -0.5169621 -0.0668987 -0.5125119 -0.8577452 -0.04006016 -3.5584e-5 -1 -2.15806e-5 6.76217e-5 -1 3.95346e-5 -0.1435173 -0.9895842 -0.01122289 -0.2841464 -0.9585234 -0.02222377 -0.5360578 -0.8431375 -0.04196947 -0.6046637 -0.7950749 -0.04730439 -0.7383134 -0.6719772 -0.05779212 -0.6891316 -0.722626 -0.0539385 -0.7716548 -0.6331691 -0.06038057 -0.8450198 -0.5306367 -0.06607729 -0.9251937 -0.3725203 -0.07242435 -0.9734101 -0.2160342 -0.07617217 -0.9955335 -0.05329519 -0.07792747 -0.9955736 -0.05251801 -0.07794326 -0.7718113 -0.632975 -0.06041496 -0.675166 -0.7357684 -0.05287343 -0.7735205 -0.633708 -0.008970797 2.9102e-5 -1 -4.41098e-6 6.10948e-5 -1 2.6226e-6 -0.1435403 -0.9895809 -0.01121604 -0.2841958 -0.958509 -0.02221268 -0.5360194 -0.8431618 -0.04197245 -0.7383751 -0.6719081 -0.05780827 -0.8090305 -0.5876918 -0.009380459 -0.8450434 -0.5305879 -0.0661689 -0.9968335 -0.05283677 0.05942565 -0.8411828 -0.5406642 -0.009681344 -0.9250985 -0.3727609 -0.07240241 -0.9734603 -0.2157889 -0.07622528 -0.9955572 -0.05279773 -0.07796305 -0.768061 -0.6357795 0.07659536 -0.9777976 -0.05324077 0.2026755 -0.759252 -0.6372806 0.1319462 -0.7361847 -0.6407116 0.2179925 1.16259e-4 -1 -5.55366e-5 -0.9064815 -0.0542165 0.4187507 -0.7029085 -0.6445192 0.3008564 -0.6625496 -0.6485257 0.3747565 -3.3021e-5 -1 1.77622e-5 -0.7805646 -0.05549961 0.6226066 -0.6089757 -0.6528517 0.450481 -0.5569884 -0.6562881 0.5089695 -4.04119e-5 -1 2.06828e-5 -0.6049222 -0.05665671 0.7942666 -0.4876215 -0.6601986 0.571282 1.2368e-6 -1 1.3262e-5 -0.4332348 -0.6627781 0.6107641 -0.2824821 -0.8045638 0.5223802 -0.1507258 -0.9247793 0.3493783 -0.2363822 -0.8024511 0.5479011 -0.07393103 -0.9823972 0.1715514 -1.96788e-5 -1 1.63577e-5 -0.3189137 -0.7420849 0.5895797 -0.3118142 -0.6165853 0.7229071 -0.3552394 -0.6652318 0.6567128 -0.3869104 -0.2136454 0.8970262 -0.3954887 -0.05684763 0.91671 -0.3689425 -0.3632898 0.8555128 0.1434322 -0.9896364 0.006871223 4.40702e-5 -1 4.14508e-6 2.20393e-5 -1 -5.77676e-6 0.278255 -0.9604163 0.01321977 0.2843218 -0.9586337 0.01351463 0.5192441 -0.8542689 0.02470803 0.5365294 -0.8434966 0.02548921 0.7255743 -0.6872786 0.0344994 0.7394727 -0.672271 0.03510022 0.8465566 -0.5307725 0.04028081 0.8834204 -0.4666926 0.04203128 0.9267113 -0.373186 0.04402637 0.9676012 -0.248252 0.04603028 0.9751505 -0.2166545 0.04628723 0.997535 -0.05167376 0.0474748 0.9974344 -0.05360072 0.04745256 0.4426469 -0.8837765 0.1516668 3.3183e-5 -1 -2.23443e-5 0.1332529 -0.9896953 0.05241167 0.2637674 -0.9589747 0.1038964 0.4980956 -0.8446534 0.1961163 2.40207e-5 -1 1.00359e-5 0.5158436 -0.8382419 0.1767939 0.5827769 -0.7877382 0.1995986 0.6866497 -0.6747986 0.2704796 0.6487247 -0.7278837 0.2221294 0.9288964 -0.05791956 0.3657823 0.9722421 -0.05585086 0.2272135 0.7868788 -0.5336529 0.3098977 0.8617691 -0.3770051 0.3394423 0.9073939 -0.2212741 0.3573151 0.6640986 -0.726976 0.1745826 -6.71446e-5 -1 -1.68681e-5 0.6718011 -0.7266049 0.1439747 0.6779676 -0.7263226 0.1132053 0.9890231 -0.05439895 0.1373833 0.6845008 -0.7262372 0.06354695 1.39222e-4 -1 -2.73809e-7 0.2782346 -0.960422 0.0132324 0.5189746 -0.8544334 0.02467811 0.7253747 -0.6874874 0.03453332 0.7883299 -0.6108793 0.07323002 0.9975237 -0.05208092 0.04726684 0.8832991 -0.4669148 0.04211074 0.9676128 -0.2482199 0.04595941 -0.3884423 0.613605 -0.6874602 0.7743102 -0.04754483 0.6310176 0.5670569 -0.49778 0.6562482 0.7373202 -0.5659953 0.3687931 0.7867196 -0.5340079 0.3096901 0.6866406 -0.6749144 0.2702133 0.8617745 -0.377032 0.3393993 0.9072682 -0.2214835 0.3575045 0.9288221 -0.05833566 0.3659051 0.8977653 -0.05123442 0.4374843 0.6968189 -0.6227616 0.3558252 0.650973 -0.6785286 0.3403428 0.1333456 -0.9896931 0.05221652 1.93492e-4 -1 4.15593e-5 0.2638613 -0.9589843 0.1035677 0.4981269 -0.8447069 0.195806 0.6737268 -0.5677146 0.4730671 0.3282984 -0.8503538 0.4112406 0.8615246 -0.0501945 0.5052288 0.6821951 -0.5105835 0.5233683 -0.7239494 -0.6875482 -0.05634564 -0.04897832 -0.03995972 0.9980002 -0.3572851 -0.5623288 -0.7457438 -0.845911 -0.532411 0.03119486 -0.8617796 -0.5061284 0.03420746 -0.9351553 -0.3542351 -0.001426219 -0.8688846 -0.4936116 0.03724527 -0.9669992 -0.2431362 -0.07614028 -0.9955872 -0.05217522 -0.07800048 -0.9779153 -0.205062 -0.04038941 -0.8587291 -0.5113396 0.0334106 -0.8980449 -0.434001 -0.07182425 -0.8562381 -0.5155703 0.03230422 -0.8545952 -0.5183218 0.03177523 -0.8527241 -0.521425 0.03126841 -0.84665 -0.5266129 -0.07656943 -0.8496149 -0.5265257 0.03041684 -0.7817257 -0.6198041 -0.06890523 -0.8478298 -0.529377 0.03073602 -0.8468897 -0.5308691 0.03091627 -0.724207 -0.6872473 -0.0567035 -0.8461936 -0.531963 0.03117448 -0.9794884 -0.1977332 -0.03878039 -0.977849 -0.2054052 -0.04025197 -0.9955624 -0.05256831 -0.07805222 -0.9955962 -0.05203408 -0.07797855 -0.9404591 -0.339904 0.001459896 -0.9352455 -0.3539971 -0.001408874 -0.8798645 -0.4733977 0.0416314 -0.8692436 -0.4929817 0.03721064 -0.9404674 -0.3398807 0.001493036 -0.9484607 -0.3166489 0.01248711 -0.8958352 -0.4405947 0.05792963 -0.8799696 -0.4732025 0.04163092 -0.9794585 -0.1978821 -0.03877902 -0.9820407 -0.1857191 -0.03323459 -0.9955868 -0.05215233 -0.07802033 -0.9955987 -0.05199581 -0.07797175 -0.8961477 -0.4399511 0.05798667 -0.9428865 -0.3320157 0.02703219 -0.8992482 -0.4328202 0.06340003 -0.9485654 -0.3163295 0.01262885 -0.9740532 -0.2261026 -0.00990349 -0.981956 -0.1861634 -0.03325092 -0.9963265 -0.05204164 -0.0680086 -0.9955542 -0.05286622 -0.07795673 -0.974053 -0.2261004 -0.009964108 -0.9963328 -0.05186927 -0.06804937 -0.9965211 -0.05271375 -0.06455194 -0.9967611 -0.0526421 -0.06079667 -0.9008008 -0.4169356 0.1213371 -0.8993214 -0.4326669 0.06340712 -0.9429098 -0.3319473 0.02706193 -0.898926 -0.3988257 0.1813015 -0.8944988 -0.375799 0.2421714 -0.8865171 -0.3500492 0.3025774 -0.9969884 -0.05213975 -0.05740731 -0.851183 -0.2837051 0.4415869 -0.9971924 -0.05147463 -0.05438423 -0.9973347 -0.05135792 -0.05182683 -0.7365804 -0.1745986 0.6534254 -0.9974471 -0.05250734 -0.04839825 -0.9813959 -0.05903458 0.1826942 -0.9975517 -0.05254417 -0.04614859 -0.9070544 -0.06254118 0.4163425 -0.8201331 -0.06270748 0.5687262 -0.7000057 -0.06076413 0.7115474 -0.5550044 -0.05685204 0.8299024 -0.9807219 -0.05888277 0.1863262 -0.9813967 -0.05900305 0.1826999 -0.9975498 -0.05250692 -0.04623216 -0.9977298 -0.05324447 -0.0412352 -0.9059758 -0.06239336 0.4187064 -0.9070944 -0.06231743 0.4162887 -0.8200995 -0.06270259 0.5687752 -0.7858945 -0.0622856 0.6152159 -0.6999067 -0.06079488 0.7116422 -0.6792288 -0.06032329 0.7314434 -0.5551459 -0.05614209 0.8298562 -0.5558613 -0.05677878 0.8293338 -0.9772826 -0.05669081 0.204218 -0.9806932 -0.0589835 0.1864452 -0.9977679 -0.05263191 -0.04110008 -0.998569 -0.05031174 -0.01813507 -0.9007125 -0.06064182 0.4301623 -0.9059829 -0.06255125 0.4186673 -0.7815247 -0.06117677 0.6208677 -0.7859765 -0.06239438 0.6150999 -0.6763375 -0.05955058 0.7341807 -0.6790602 -0.06031537 0.7316006 -0.5554301 -0.05672585 0.8296262 -0.5555689 -0.05640792 0.829555 -0.9956682 -0.03938764 0.08422297 -0.9772601 -0.05671507 0.204319 -0.9985802 -0.05006861 -0.01818704 -0.9512157 -0.04759407 0.3048337 -0.9006414 -0.06061989 0.4303144 -0.8507859 -0.05370914 0.5227606 -0.7815075 -0.06107431 0.6208994 -0.7205135 -0.0565207 0.6911337 -0.6763595 -0.05956786 0.7341591 -0.5555034 -0.05679619 0.8295723 -0.5554884 -0.05586338 0.8296458 -0.949925 -0.05375683 0.3078197 -0.9512003 -0.04793477 0.3048286 -0.9956789 -0.03913265 0.08421516 -0.995001 -0.04638153 0.08844143 -0.8494074 -0.05715417 0.5246338 -0.8507262 -0.05318117 0.5229118 -0.7193121 -0.05841624 0.6922266 -0.7202637 -0.05641138 0.691403 -0.5550674 -0.05682253 0.8298622 -0.5551195 -0.05722141 0.8298001 -0.9503487 -0.04374492 0.3080973 -0.9947137 -0.05279457 0.08807599 -0.9946154 -0.05329489 0.0888819 -0.9503859 -0.04303121 0.3080828 -0.8491215 -0.06194859 0.5245522 -0.8491575 -0.05943655 0.5247846 -0.7192879 -0.06354176 0.6918 -0.7193736 -0.0593701 0.6920816 -0.5556464 -0.05029481 0.8298962 -0.5558576 -0.04463982 0.8300781 -0.9498615 0.05270069 0.3081979 -0.9498789 -0.05258899 0.3081635 -0.9949248 -0.04770618 0.08859348 -0.9949158 0.04770129 0.08869791 -0.8493346 0.05499941 0.5249817 -0.8493757 -0.05498874 0.5249163 -0.7196651 0.05444437 0.6921835 -0.7196325 -0.05442178 0.6922191 -0.5567829 -4.49485e-6 0.8306581 -0.5554624 -0.05179333 0.8299271 -0.5555046 0.05179959 0.8298985 -0.7189463 0.06576955 0.6919471 -0.5560529 0.04472398 0.8299428 -0.5559285 0.03972971 0.8302802 -0.7190415 0.06186342 0.6922084 -0.8493191 0.05913388 0.5245574 -0.8493706 0.05647844 0.5247666 -0.9498693 0.05188763 0.3083114 -0.9499022 0.05124372 0.3083177 -0.995122 0.04391771 0.08833795 -0.9949952 0.04619163 0.08860546 -0.7202435 0.05645602 0.6914204 -0.5550499 0.05713111 0.8298528 -0.5550367 0.05584865 0.829949 -0.7193274 0.05841559 0.6922107 -0.8494896 0.05756461 0.5244556 -0.8507353 0.05372893 0.5228411 -0.9498956 0.05331021 0.307988 -0.951176 0.04747796 0.3049756 -0.9949952 0.04661381 0.08838427 -0.9956768 0.03917384 0.08422106 -0.5555026 0.05677986 0.8295739 -0.6763522 0.0595225 0.7341696 -0.5554424 0.0568006 0.8296129 -0.7205141 0.0565204 0.6911332 -0.7815077 0.06108063 0.6208985 -0.8507865 0.05370903 0.5227599 -0.9006418 0.06062024 0.4303133 -0.9512104 0.04763853 0.304843 -0.9772602 0.05671477 0.2043183 -0.9956706 0.0392999 0.08423554 -0.9985802 0.05006968 -0.01818662 -0.6763203 0.05971682 0.7341832 -0.7859801 0.06239181 0.6150956 -0.6790362 0.06028115 0.7316256 -0.5555693 0.05677241 0.8295299 -0.5552004 0.05668425 0.8297828 -0.7815308 0.06118631 0.6208591 -0.9059818 0.06256252 0.418668 -0.9007126 0.06064867 0.4301612 -0.9806846 0.05900979 0.1864823 -0.9772844 0.05663764 0.2042239 -0.9978219 0.05157649 -0.04112625 -0.9985705 0.05028134 -0.01813626 -0.5558376 0.05655366 0.829365 -0.6797673 0.06032979 0.7309423 -0.5551761 0.05680197 0.8297911 -0.679614 0.06031453 0.7310862 -0.7868945 0.06240987 0.6139237 -0.7859256 0.06218504 0.6151861 -0.9071092 0.06250011 0.4162294 -0.9059791 0.06236171 0.4187039 -0.9814214 0.05896735 0.1825786 -0.9807167 0.0588926 0.1863508 -0.9975117 0.05324029 -0.04621547 -0.9977743 0.05249559 -0.0411185 -0.997411 0.05250442 -0.04914087 -0.9814248 0.05897527 0.1825578 -0.9975516 0.05248475 -0.04622107 -0.728057 0.1672085 0.6648116 -0.9070727 0.06243252 0.4163187 -0.7869921 0.06234586 0.6138049 -0.6794565 0.06032931 0.7312313 -0.5552448 0.0567488 0.8297487 -0.8159527 0.2419296 0.5250632 -0.9972429 0.05150634 -0.0534203 -0.8720425 0.3179017 0.3721294 -0.9969469 0.05234879 -0.0579369 -0.9740452 0.2261377 -0.009885251 -0.996689 0.05283349 -0.06180495 -0.9964992 0.05276447 -0.06484889 -0.9963313 0.05220896 -0.06781005 -0.8944603 0.3758074 0.2423003 -0.9000846 0.4059265 0.158339 -0.9428336 0.3321867 0.02677756 -0.899172 0.4329651 0.06349074 -0.9819914 0.1859762 -0.03325206 -0.9740738 0.2260125 -0.009937644 -0.996321 0.0521773 -0.06798601 -0.9955552 0.05286234 -0.07794642 -0.9485363 0.3164237 0.01245141 -0.9429496 0.3318386 0.02700495 -0.8959726 0.4403101 0.05796653 -0.8992294 0.4329527 0.06275844 -0.9955866 0.05215579 -0.07802069 -0.9820409 0.1857185 -0.03323125 -0.9955992 0.05199575 -0.0779671 -0.9794581 0.1978839 -0.03877925 -0.9484605 0.3166492 0.01248759 -0.9404692 0.339876 0.001493871 -0.895834 0.440597 0.05792939 -0.8799738 0.4731954 0.0416221 -0.8798694 0.4733884 0.04163157 -0.9352445 0.3539997 -0.001409649 -0.8692443 0.492981 0.03720629 -0.940562 0.3396188 0.001565575 -0.9778533 0.2053772 -0.04029029 -0.9795473 0.1974381 -0.03879952 -0.9955615 0.05257058 -0.07806199 -0.9955961 0.05203771 -0.07797831 -0.8645061 0.5013831 0.03527355 -0.9779914 0.20474 -0.04018062 -0.9956082 0.05196052 -0.07787442 -0.9352061 0.3541008 -0.001467704 -0.8688756 0.4936628 0.03677552 -0.9670111 0.2430855 -0.0761522 -0.8587357 0.5113318 0.03335994 -0.897207 0.4357537 -0.07168292 -0.8561761 0.5156692 0.03236728 -0.8545596 0.51838 0.03178477 -0.8521259 0.5224148 0.03105425 -0.8109984 0.5802604 -0.07469487 -0.8491049 0.527341 0.03053772 -0.7674916 0.6376322 -0.06619668 -0.8478123 0.5294095 0.03065776 -0.7241868 0.6872695 -0.05669403 -0.845936 0.5323703 0.03121232 -0.470811 0.8822211 -0.004788041 -0.03368276 0.01199358 0.9993607 0.223302 0.3778132 -0.8985508 -0.8461355 0.5320528 0.0312221 -0.7243446 0.6871042 -0.05668127 0.8625106 -1.36457e-5 0.5060392 0.9235721 4.64078e-6 0.3834248 0.9301882 2.69059e-6 0.3670833 0.804661 -1.3316e-5 0.5937346 0.7699945 -7.82171e-6 0.6380506 0.6482129 2.27429e-6 0.7614592 0.6005626 8.47131e-6 0.7995778 0.5318132 1.02911e-5 0.8468617 0.3929281 5.3551e-6 0.9195693 0.4031821 -5.19538e-6 0.9151198 0.8625096 7.88411e-6 0.5060408 0.9301882 -2.70549e-6 0.3670833 0.9235839 7.17258e-6 0.3833965 0.8592565 1.01987e-5 0.511545 0.7699941 7.9124e-6 0.638051 0.7738459 8.43633e-6 0.6333741 0.607577 1.46375e-5 0.7942609 0.6005675 7.14045e-6 0.7995741 0.403231 -5.30202e-6 0.9150983 0.3929361 -3.40492e-6 0.9195658 0.4031652 8.76933e-6 0.9151272 0.392889 -7.47759e-6 0.919586 0.1583802 -0.02020567 0.9871715 -0.07097232 -0.03812062 0.9967496 -0.2119322 -0.04831516 0.9760894 -0.3481776 -0.05741703 0.9356685 0.1675853 -0.02040302 0.9856464 -0.08894485 -0.04029446 0.9952212 -0.3385808 -0.05738586 0.9391859 -0.07355141 -0.05210179 0.9959295 -0.3385444 -0.05756759 0.9391878 -0.1549533 -0.2767989 0.9483522 -0.02375882 -0.4122824 0.9107463 0.3298951 -0.4552161 0.8270112 0.1362201 -0.5558323 0.8200578 0.2799816 -0.6630486 0.6942456 0.1908945 -0.04087299 0.9807593 0.3640568 -0.2196026 0.9051173 0.1584551 -0.6812127 -0.7147316 0.1361587 -0.5559893 0.8199616 -0.02392172 -0.4124372 0.910672 0.2365765 -0.7747668 0.5863173 0.2799276 -0.6630428 0.6942728 -0.2943218 -0.5652835 0.7706032 -7.6443e-6 -1 -7.88271e-6 0.081146 -0.9694079 0.2316545 -0.3951612 -0.05728077 0.9168242 -0.3866655 -0.2136615 0.8971279 -0.3689727 -0.3632485 0.8555172 -0.3119436 -0.6164339 0.7229803 -0.2364382 -0.8025631 0.5477132 -0.1506118 -0.924769 0.3494544 -0.07392627 -0.9823929 0.1715791 -0.3805333 -0.0580272 0.922945 -0.1872447 -0.6906979 0.6984811 -0.1580402 -0.6573045 0.7368679 -0.3676406 -0.05862551 0.9281183 -0.1162897 -0.6013652 0.7904661 0.1847872 -0.8630687 0.4700704 -0.3533958 -0.05869185 0.933631 -0.08359283 -0.5492988 0.8314345 -0.06472563 -0.5142645 0.8551858 -0.1550437 -0.2768976 0.9483086 -0.3384848 -0.05764991 0.9392042 0.4550168 -0.8776018 0.1509135 0.6598541 -0.7114558 0.2417092 -1.78814e-5 -1 -2.38195e-5 1.63168e-5 -1 1.04643e-5 0.2515467 -0.8372577 0.4855141 1.04271e-5 -1 -6.16908e-6 9.10461e-6 -1 9.74536e-6 0.08555924 -0.9684213 0.2341789 0.1810039 -0.8642015 0.4694608 0.2306616 -0.7780018 0.5843874 0.279785 -0.6630867 0.6942884 0.3399298 -0.4613231 0.8195296 0.3096389 -0.7455478 0.5901545 0.3820534 -0.2362725 0.8934264 0.4033057 5.40614e-5 0.9150653 0.531807 -2.08318e-5 0.8468656 0.416678 -0.6203024 0.6645332 0.4657924 -0.6176584 0.6336685 0.6481924 -2.18749e-5 0.7614767 0.3699432 -0.8116183 0.4521259 -2.21431e-5 -1 -1.09822e-5 0.5356237 -0.6136241 0.5801489 0.666692 -0.3943212 0.6324812 0.8046641 -3.60608e-6 0.5937303 0.6018335 -0.6095741 0.5159611 0.4676517 -0.8059723 0.3629194 2.01762e-5 -1 -7.52509e-6 0.6558324 -0.6062483 0.44983 0.7961673 -0.3883236 0.4640283 0.9235661 5.3823e-5 0.3834394 0.7085209 -0.6031315 0.3663749 0.5380132 -0.8019492 0.2596527 0.5152158 -0.8312166 0.2088823 0.7799676 -0.5489629 0.3004836 0.5631343 -0.7937704 0.2298008 0.8266097 -0.4600675 0.3241211 0.6488766 -0.7124184 0.2672436 0.6957976 -0.65783 0.2883148 0.8639104 -0.3684129 0.3434102 0.7373472 -0.6014962 0.3074437 0.9091083 -0.1941887 0.368528 0.9211526 -0.09324246 0.3778674 0.4212163 -0.8087225 0.4105421 0.508177 -0.8035879 0.3098433 0.9974862 -0.05258226 0.04750347 0.7993089 -0.5255345 0.2914083 0.6789102 -0.6980999 0.227459 0.9974992 -0.0523653 0.04746901 0.8342228 -0.4454779 0.3249951 0.9556029 -0.2159334 0.2004894 0.8639436 -0.3684267 0.3433119 0.9974997 -0.05253803 0.04726731 0.8328073 -0.5502188 0.06075644 0.4687828 -0.8707227 0.1486095 6.92604e-5 -1 2.02976e-4 0.9974501 -0.05328261 0.04748117 0.9974869 -0.05262219 0.04744464 0.1434995 -0.9896259 0.006961405 0.2843713 -0.9586196 0.01347231 0.5367071 -0.8433831 0.02550733 0.7397344 -0.6719763 0.03522855 0.8468642 -0.5302871 0.0402078 0.9268196 -0.3729029 0.04414725 0.9752286 -0.216281 0.04638904 0.8157714 -0.569469 0.1011042 0.8306594 -0.546694 0.1055021 0.8781764 -0.4576354 0.1391983 0.9219692 -0.1741849 0.3458789 0.9556356 -0.2157947 0.200483 0.997519 -0.05217003 0.04726833 0.8639104 -0.3683509 0.3434771 0.9745717 -0.02968853 0.2221003 0.9306176 -0.07585304 0.3580465 -0.1008961 -0.01346164 -0.9948059 -0.002224922 -0.003457367 -0.9999915 0.9597041 -0.01477289 0.280624 0.930255 -9.39341e-5 0.3669139 0.9235845 -1.2096e-5 0.383395 0.9809103 -0.02949905 0.1922111 0.9974926 -0.05256181 0.04739248 0.9752167 -0.02659547 0.2196476 0.9974926 -0.05248725 0.04747408 0.2553184 0.01208025 0.9667816 0.3928806 -9.34303e-6 0.9195895 0.4031815 -1.09375e-5 0.9151201 0.1077678 0.02431195 0.9938788 -0.1225853 0.04189884 0.9915732 -0.3482208 0.05739784 0.9356536 0.1675488 0.02037662 0.9856532 -0.08903306 0.04029458 0.9952133 -0.3385204 0.05738288 0.9392078 0.0530374 0.9859084 0.1586561 -7.84546e-6 1 -8.59238e-6 -0.09316992 0.971929 0.2160405 -0.1795687 0.891336 0.4162634 -0.2602627 0.7539362 0.6031945 -0.1551085 0.2767577 0.9483389 -0.0238986 0.412323 0.9107243 -0.3478922 0.05849462 0.935708 -0.3385166 0.05762344 0.9391943 -0.1872681 0.6906775 0.6984951 -0.3952888 0.05742233 0.9167603 -0.3746138 0.05835294 0.925343 -0.3299005 0.5534275 0.764777 -0.3763595 0.3115379 0.8725238 -0.1580622 0.657273 0.7368911 0.118822 0.93923 0.322069 -0.1162974 0.6013947 0.7904426 -0.3567081 0.0589168 0.9323562 0.205011 0.8324821 0.5147274 -0.08364242 0.5494163 0.8313518 -0.0648427 0.5143384 0.8551324 0.2797536 0.6631875 0.6942048 0.1361032 0.5559043 0.8200283 0.3299819 0.4552745 0.8269445 0.1361593 0.5557818 0.8201021 -0.02389472 0.4122757 0.9107457 0.2799164 0.6630321 0.6942876 -0.07344335 0.05209112 0.9959381 -0.154989 0.2768015 0.9483456 -0.3385431 0.05756682 0.9391884 0.1911379 0.04079288 0.9807152 0.3642664 0.219635 0.9050253 -0.04322105 -0.007288157 -0.9990389 0.396916 0.5881978 -0.7046141 0.6760721 0.6965254 0.2403725 0.9974937 0.05251234 0.04742246 0.9974926 0.05248808 0.04747426 0.7739085 0.5583299 0.2988872 0.9974921 0.05249154 0.04747992 0.8206031 0.4681669 0.327766 0.9556139 0.2158294 0.2005488 0.9975382 0.05175155 0.04732316 0.8638564 0.3685206 0.3434308 0.8625755 0.5025526 0.05834698 0.997486 0.05263018 0.04745286 0.9975209 0.05173623 0.04770219 0.8059203 0.5842651 0.09553486 0.3573673 0.9270645 0.1133136 0.8421409 0.526196 0.1179686 0.5060509 0.8617284 0.03655999 0.9795883 0.1955125 0.04670816 0.9409071 0.3356993 0.04472035 0.812076 0.5822688 0.03867274 0.6298235 0.7761622 0.02991372 0.4097601 0.9119843 0.01952987 0.2033197 0.9790648 0.009666383 -1.28299e-5 1 -3.98146e-5 0.1209127 0.938313 0.3239583 -8.27014e-6 1 -2.16365e-5 0.05779653 0.9852709 0.1609373 -1.885e-6 1 -1.26101e-5 9.17912e-5 1 2.85804e-5 0.3573155 0.9272068 0.1123091 -1.66744e-5 1 -8.11741e-6 0.4988588 0.83783 0.2217678 0.675519 0.693805 0.2496171 0.7713885 0.5629976 0.2966372 0.8189445 0.475982 0.3205795 0.8638995 0.3684161 0.3434343 0.8963275 0.2578358 0.3607184 0.554591 0.7942048 0.2483299 0.6089982 0.7442169 0.2743399 0.6580531 0.6913889 0.2982406 0.9152511 0.1529175 0.3727357 0.7260131 0.6022084 0.3320393 0.9235776 -1.75104e-4 0.3834118 0.8592745 -4.17232e-6 0.5115147 0.6994002 0.6036915 0.3826175 0.5015311 0.8039948 0.3194667 -1.25468e-5 1 -1.13249e-5 0.6461108 0.6069049 0.4628254 0.7738982 6.13928e-5 0.63331 0.6069058 0.6092904 0.5103241 0.6606572 0.3946128 0.6386022 0.6075586 -2.08616e-5 0.7942749 0.5438 0.6130899 0.573064 0.3842586 0.8108178 0.4414974 9.21786e-5 1 -9.26852e-6 0.4695724 0.6174691 0.6310575 0.3219691 0.814188 0.4831499 0.4221864 0.6200011 0.6613299 0.4533441 0.4036324 0.7947077 0.4032053 7.14362e-5 0.9151096 0.2307096 0.8381925 0.4941727 0.279774 0.6630986 0.6942815 0.3399635 0.4613921 0.8194768 0.1997392 0.8345048 0.5135232 0.2844091 0.7467781 0.6011937 0.337947 0.6242046 0.7043866 0.3820271 0.2363659 0.8934129 0.4350453 0.8079421 0.3974485 0.276272 0.816488 0.5069724 0.9073542 0.2431157 0.3429329 0.9556791 0.215587 0.2004989 0.8639453 0.3683551 0.3433849 0.9975191 0.05212163 0.04731959 0.9744729 0.02992343 0.2225023 0.9274125 0.1324557 0.3498024 -0.1241626 0.08666443 -0.98847 0 0 -1 0.9235668 5.42961e-6 0.3834376 0.9302275 5.2359e-6 0.3669836 0.9734551 0.02371221 0.2276467 0.9896715 0.03825014 0.1381575 0.9974988 0.05247163 0.04736042 0.9752001 0.02659195 0.2197217 0.9975018 0.05238801 0.04739028 0.9772436 1.43638e-5 -0.2121204 0.97574 -1.58781e-5 -0.2189324 0.9987499 -1.26567e-6 -0.04998785 0.9727764 1.11433e-5 -0.2317461 0.957771 -2.72859e-5 -0.2875323 0.9809933 -9.04305e-4 -0.1940398 0.9801275 -1.00886e-5 -0.1983688 0.9816929 -2.18116e-6 0.1904708 0.9816929 2.28547e-6 0.1904708 0.9656673 -2.43215e-6 -0.2597821 0.9550229 -7.09505e-6 -0.2965323 0.9406552 3.41079e-5 -0.3393638 0.99875 1.33421e-5 -0.0499857 0.9808609 6.76489e-4 -0.1947086 0.9772141 -9.22615e-6 -0.212256 0.9746744 3.23402e-6 -0.223629 0.9007545 -9.51346e-6 -0.4343288 0.8611142 2.61189e-6 -0.5084118 0.8330944 -2.41556e-5 -0.5531309 0.7144275 5.40283e-6 -0.6997095 0.9577705 -2.17883e-5 -0.287534 0.9691272 -1.2089e-5 -0.2465613 0.9602062 3.19164e-6 -0.2792925 0.9475598 -8.4471e-7 -0.3195788 0.9309828 -8.99378e-6 -0.365063 0.902615 4.51133e-6 -0.430449 0.7100172 -4.0426e-7 -0.7041843 0.7100778 1.33952e-6 -0.7041233 0.8611074 -2.08095e-5 -0.5084233 0.8626612 2.70059e-6 -0.5057824 0.7935622 5.07268e-6 -0.6084893 0.5349912 -4.86107e-5 -0.8448577 0.5262032 8.43056e-6 -0.850359 0.7100361 3.80986e-6 -0.7041653 0.7100911 -7.55303e-7 -0.7041099 0.7144188 -9.90927e-6 -0.6997184 0.3324177 3.8594e-6 -0.9431324 0.3073735 2.35992e-5 -0.9515889 0.5349913 4.85867e-5 -0.8448576 0.5262028 -8.57189e-6 -0.8503592 0.113316 -1.36765e-6 -0.9935591 0.07077401 2.21166e-5 -0.9974924 0.332417 -3.58489e-6 -0.9431326 0.3073737 -2.35606e-5 -0.9515889 -0.1115732 1.46329e-5 -0.9937562 -0.1700311 -2.30316e-6 -0.9854387 0.1133159 1.38301e-6 -0.9935591 0.07077354 -2.2131e-5 -0.9974924 -0.3308388 2.26451e-6 -0.9436874 -0.4009307 1.68225e-5 -0.9161085 -0.1115727 -1.46884e-5 -0.9937564 -0.1700313 2.2999e-6 -0.9854387 -0.5333808 -1.03284e-6 -0.8458753 -0.6085125 1.08918e-5 -0.7935444 -0.3308389 -2.27103e-6 -0.9436873 -0.4009306 -1.68206e-5 -0.9161085 -0.5333751 -2.26498e-6 -0.8458789 -0.721277 -2.31243e-5 -0.6926468 -0.5333627 0.001430273 -0.8458855 -0.78076 2.83942e-5 -0.624831 -0.6620579 -7.19821e-6 -0.7494528 -0.5333834 -1.58592e-6 -0.8458736 -0.6085132 -2.53562e-5 -0.7935438 -0.8692482 2.70782e-6 -0.494376 -0.9075908 -3.51854e-6 -0.419856 -0.9384626 -6.00541e-5 -0.345381 -0.9816948 -7.7798e-6 -0.1904612 -0.7807614 1.47661e-6 -0.6248294 -0.7758492 -3.87098e-6 -0.6309184 -0.9069672 -3.83715e-5 -0.4212015 -0.9816928 -5.06766e-6 -0.1904711 -0.907619 -8.88275e-5 -0.419795 -0.9816892 7.74418e-6 -0.1904903 -0.9816884 0 -0.1904943 -0.9418155 0.33379 -0.03959786 -0.9434072 0.3315205 0.00877732 -0.8641574 0.5032117 0.003162264 -0.7698928 0.6375201 -0.0288645 -0.7776131 0.6286792 -0.008971333 -0.6168084 0.7863961 -0.03359746 -0.6590908 0.7508028 -0.04352766 -0.3997049 0.9150991 -0.05319464 -0.5329683 0.8444978 -0.05261486 -0.6800206 0.7315406 -0.04919815 -0.5890533 0.8063033 -0.0537703 -0.7652888 0.6420924 -0.04528242 -0.4543701 0.888808 -0.05973535 -0.1936514 0.9790825 -0.06242245 -0.2264602 0.9732417 -0.03894203 -0.8273519 0.5599991 -0.0434727 -0.9354166 0.3446977 -0.07860922 -0.7005348 0.6990721 -0.1433498 -0.5783445 0.812727 -0.07065862 -0.6801685 0.7161988 -0.1563013 -0.7627968 0.6003849 -0.2401647 -0.8302077 0.4796172 -0.2841174 -0.7273363 0.6729136 -0.1347932 -0.5566925 0.827318 -0.07509028 -0.7928452 0.5887772 -0.1572836 -0.8924665 0.3309074 -0.3066005 -0.9279947 0.3414292 -0.1491704 -0.3411317 0.9382295 -0.05791938 -0.7560751 0.651738 -0.05990058 -0.8059502 0.5888925 -0.06041622 -0.6994574 0.7119837 -0.06195706 -0.5811173 0.8112881 -0.06414347 -0.3870743 0.9202301 -0.05788034 -0.7026675 0.7073247 -0.07713776 -0.580416 0.8110882 -0.07248044 -0.7579057 0.6485059 -0.07084596 -0.3965287 0.9163222 -0.05584555 -0.7484456 0.6567494 -0.09224712 -0.6969444 0.7110092 -0.09345877 -0.4323584 0.900824 -0.03977924 -0.1959831 0.9805258 -0.01264822 -0.4221933 0.9062837 -0.02006798 -0.7720083 0.627276 -0.1026061 -0.7570782 0.6439782 -0.1101122 -0.74684 0.6546882 -0.1166772 0.7603731 0.5165792 -0.3936737 0.8460553 0.3396826 -0.4108604 0.8390352 0.3350129 -0.4287031 0.7845832 0.5027102 -0.3629211 0.1489811 0.9887751 -0.01133769 0.1512921 0.9884148 -0.01212596 0.2299722 0.9727303 -0.03014421 0.6349882 0.6928948 -0.3415947 0.6660109 0.6888999 -0.2860882 0.5030121 0.8187779 -0.2767339 0.5458995 0.8114588 -0.2086349 0.3809498 0.9011697 -0.2068105 0.2445282 0.9664206 -0.07897722 0.2478091 0.9614126 -0.1194847 0.1657111 0.9840614 -0.06452262 0.351327 0.9319419 -0.089742 0.1583755 0.9869775 -0.02815359 0.12272 0.9916608 -0.03935438 0.1270766 0.9918636 -0.007632732 0.1514669 0.9883886 -0.01207625 0.1489701 0.9887778 -0.0112372 -0.0656256 0.9969953 0.04115587 0.1060273 0.9943565 -0.003670632 0.0803585 0.996766 5.21988e-4 -0.1529194 0.9877795 0.03012275 0.06351405 0.9979807 -7.22456e-4 -0.02503502 0.9994941 -0.01962107 0.05247253 0.9982322 -0.02791541 -0.1958886 0.9805448 -0.01263731 -0.2261294 0.9733213 -0.03887695 0.05371737 0.997375 -0.04855436 0.05700999 0.9975608 -0.04027897 0.03272217 0.9979906 -0.05425989 -0.00270611 0.9983143 -0.05797809 -0.05623555 0.9966247 -0.05980724 -0.1011625 0.9930363 -0.06037431 -0.1610687 0.9850383 -0.06128841 -0.193724 0.9790675 -0.06243431 -0.02512633 0.9993041 -0.02757275 0.05245983 0.9982328 -0.027915 -0.02502018 0.9994944 -0.01962459 -0.195986 0.980525 -0.01265895 -0.9418042 -0.3338214 -0.03960108 -0.8580928 -0.5134887 0.002508938 -0.9434138 -0.3315018 0.008772432 -0.7118955 -0.7016342 -0.0302385 -0.6643641 -0.7469097 -0.02731871 -0.7662659 -0.6424306 -0.01094144 -0.5420652 -0.8392959 -0.04180949 -0.4959425 -0.8666594 -0.05424511 -0.260399 -0.963559 -0.06120955 -0.3919443 -0.9184185 -0.05373328 -0.1936629 -0.9790803 -0.06242287 -0.5653515 -0.8233163 -0.05028164 -0.6357197 -0.7705908 -0.04528349 -0.7359784 -0.6762143 -0.03271198 -0.7956156 -0.6052348 -0.02620357 -0.5890511 -0.8063051 -0.05376899 -0.6356682 -0.7702431 -0.05149394 -0.6774632 -0.7338935 -0.04943794 -0.7314161 -0.680328 -0.04673814 -0.8008575 -0.5971958 -0.04454857 -0.4543679 -0.8888161 -0.05963039 -0.2264589 -0.973242 -0.03894197 -0.7005246 -0.6991041 -0.143244 -0.6801686 -0.7161987 -0.1563014 -0.5783448 -0.8127267 -0.07065927 -0.7627972 -0.6003834 -0.2401672 -0.8302225 -0.4795802 -0.2841366 -0.5566922 -0.8273181 -0.07509022 -0.7273361 -0.672914 -0.134793 -0.7928457 -0.5887768 -0.1572818 -0.8924669 -0.3309071 -0.3066002 -0.9279946 -0.3414298 -0.1491702 -0.7144408 -0.6974758 -0.05569571 -0.7800329 -0.6228408 -0.06015038 -0.9354173 -0.3446955 -0.07861018 -0.7560254 -0.6517958 -0.05989903 -0.8044292 -0.590968 -0.06042039 -0.6994624 -0.7119786 -0.06196004 -0.5811174 -0.8112879 -0.06414407 -0.3870941 -0.9202168 -0.05795919 -0.7026666 -0.7073255 -0.07713913 -0.5804175 -0.8110871 -0.07248044 -0.7579029 -0.6485086 -0.0708512 -0.3965277 -0.9163227 -0.05584496 -0.7484103 -0.6567896 -0.09224712 -0.6969727 -0.7109948 -0.09335619 -0.43236 -0.9008234 -0.03977686 -0.1959828 -0.9805257 -0.01264888 -0.4221933 -0.9062837 -0.02006882 -0.7719758 -0.6273155 -0.1026092 -0.757077 -0.6439791 -0.1101149 -0.7468394 -0.6546887 -0.116678 0.7603771 -0.5165779 -0.3936673 0.8160487 -0.4317961 -0.3842091 0.7501845 -0.5668567 -0.3404362 0.8460179 -0.3396688 -0.4109488 0.8390157 -0.335011 -0.4287431 0.148975 -0.988776 -0.01133632 0.2299566 -0.9727334 -0.03016197 0.1512397 -0.988423 -0.01210922 0.6349842 -0.6928828 -0.3416262 0.6802167 -0.6708732 -0.2953549 0.5030092 -0.8187809 -0.2767305 0.5686009 -0.7917602 -0.2231789 0.3809655 -0.9011438 -0.2068945 0.2577129 -0.9621753 -0.08833408 0.3854979 -0.9162155 -0.109273 0.247788 -0.9614144 -0.1195143 0.1656204 -0.984076 -0.06453245 0.1583846 -0.9869759 -0.02815771 0.1227208 -0.9916607 -0.0393536 0.1225253 -0.9924429 -0.00668931 0.1488536 -0.9887953 -0.01125586 0.1514445 -0.9883921 -0.01207119 -0.06564956 -0.9969936 0.04115623 0.09991663 -0.9949924 -0.00261873 0.07403111 -0.9972554 0.001123547 -0.1529307 -0.9877777 0.03012603 0.06349086 -0.9979822 -7.19537e-4 -0.02503442 -0.9994941 -0.01962107 0.05247426 -0.9982321 -0.02791523 -0.195889 -0.9805448 -0.01263761 -0.2261588 -0.9733142 -0.03888094 -0.1610842 -0.9850347 -0.06130731 -0.1937666 -0.9790577 -0.0624547 -0.06538784 -0.9960577 -0.05994653 -0.01186764 -0.9982213 -0.05842542 0.01805132 -0.9982573 -0.05618244 0.04117888 -0.9977653 -0.05262064 0.05426311 -0.9973608 -0.04824 0.05792093 -0.997334 -0.04438614 0.05692863 -0.9975646 -0.04030054 -0.02512532 -0.9993041 -0.02757197 0.05246126 -0.9982328 -0.02791482 -0.02501988 -0.9994944 -0.01962453 -0.1959865 -0.9805249 -0.01265883 0.9000449 -0.3139009 -0.3023005 0.9370113 -0.3046023 -0.1709603 0.9794121 -0.09520113 -0.1780133 0.870086 -0.1983043 -0.4512493 0.8390042 -0.3350211 -0.4287573 0.8923755 -0.001289308 -0.4512919 0.979411 0.09520244 -0.178019 0.8923947 0.001209139 -0.4512543 0.9000449 0.3139007 -0.3023006 0.9370115 0.3046019 -0.1709599 0.8700858 0.1983043 -0.4512496 0.8390295 0.3349819 -0.4287387 -0.9418081 0.3338096 -0.03960651 -0.9999419 4.3143e-4 0.01077532 -0.9999389 0.001744329 0.0109198 -0.9811233 0.1930963 0.01053589 -0.9434153 0.3314977 0.008770227 -0.9960221 0.08838921 0.01129209 -0.9969053 9.18806e-5 -0.07861274 -0.9355337 0.3443971 -0.07853281 -0.9428558 0.09098881 -0.3205372 -0.9737949 -6.11693e-6 -0.2274281 -0.9277337 0.1970026 -0.3170178 -0.9469913 -3.52263e-5 -0.3212594 -0.9823454 0.147792 -0.1146966 -0.9281762 0.3409199 -0.1492062 -0.9877759 1.04569e-4 -0.1558809 -0.9710931 0.1404796 -0.1929863 -0.892472 0.3309084 -0.3065835 -0.9418054 -0.3338189 -0.03959441 -0.9927218 -0.1199117 0.01116186 -0.9999392 -0.00173515 0.0109021 -0.9769788 -0.2130882 0.01029831 -0.9434522 -0.3313921 0.008780658 -0.999942 -4.31709e-4 0.01076835 -0.9969053 -9.18955e-5 -0.07861191 -0.9355347 -0.3443984 -0.07851499 -0.9428442 -0.09097403 -0.3205757 -0.9277356 -0.1970025 -0.3170123 -0.9737937 9.78261e-6 -0.2274332 -0.9469869 4.08122e-5 -0.3212721 -0.9823308 -0.1478901 -0.1146945 -0.9281762 -0.3409202 -0.1492066 -0.9877759 -1.04822e-4 -0.155881 -0.9710931 -0.1404799 -0.1929858 -0.8924707 -0.3309159 -0.3065795 -0.03487408 0.9989196 0.03071534 -0.06564265 0.9969943 0.04115068 0.1488558 0.9887985 -0.0109322 0.02668458 0.9996131 -0.007863223 0.07364654 0.9970466 -0.02177864 -0.0264644 0.9996153 0.008307933 0.721113 0.5672517 0.3977707 -0.7828364 -0.576453 0.2342419 0.9511573 -0.213086 -0.22337 0.9466527 -0.2336004 -0.2219905 0.9487742 -0.2231178 -0.22371 0.9402068 -0.2598312 -0.2202251 0.9423592 -0.2513971 -0.2208141 0.9441654 -0.2439793 -0.2214183 0.9412359 -0.2559657 -0.2203555 0.9403614 -0.259531 -0.2199188 0.9539704 -0.1994022 -0.2240072 0.9402194 -0.260046 -0.2199176 0.9735267 -1.14506e-6 -0.2285737 0.9477394 0.2285948 -0.2225635 0.951573 0.2111457 -0.2234421 0.9496282 0.2196205 -0.2235467 0.9458332 0.2370429 -0.221834 0.9539785 0.1993932 -0.2239806 0.9438638 0.2451355 -0.2214268 0.9404921 0.2589013 -0.2201018 0.9422307 0.251731 -0.220982 0.9417698 0.2537285 -0.2206614 0.9405639 0.2578091 -0.2210747 0.9402624 0.2599657 -0.2198284 0.9765238 0 -0.2154096 0.9382777 -0.2837228 -0.1978293 0.9382804 0.2837138 -0.1978291 0.9786447 1.00648e-5 -0.2055592 0.9801173 -0.03018325 -0.1961098 0.9370063 -0.3046123 -0.1709698 0.9794068 -0.09520965 -0.1780381 0.9773038 0.09218239 -0.1907351 0.9370039 0.3046208 -0.1709673 0.9794077 0.09520608 -0.1780352 0.9404061 0.2589815 -0.220375 0.9259343 0.3092521 -0.2168152 0.9403983 0.2601175 -0.2190663 0.9392347 0.1954877 -0.282175 0.9516566 0.2107696 -0.2234409 0.9537597 0.2004323 -0.2239854 0.9496648 0.2200787 -0.22294 0.8961464 0.380968 -0.2275632 0.7857612 0.5864035 -0.1967491 0.8956108 0.3909813 -0.2121676 0.8963268 0.3780412 -0.2316961 0.9410768 0.2565999 -0.2202976 0.9416337 0.2544118 -0.2204558 0.9423043 0.2515943 -0.2208233 0.7341379 0.6151009 -0.2875629 0.6225167 0.7616679 -0.1798192 0.8756929 0.364312 -0.3169207 0.9477983 0.2284584 -0.2224527 0.9458059 0.2370615 -0.2219309 0.9439262 0.2449512 -0.2213649 0.8972459 0.1886255 -0.399212 0.7090497 0.5685581 -0.4171214 0.5599101 0.7697688 -0.3065239 0.428637 0.8867332 -0.1731313 0.8176445 0.3665012 -0.4439981 0.8168516 0.1847839 -0.5464508 0.454401 0.8145799 -0.3605264 0.3354992 0.895424 -0.2926705 0.2436599 0.8247235 -0.510354 0.2394678 0.895013 -0.3763069 0.2182441 0.9438654 -0.2479669 0.1995576 0.9630987 -0.1806044 0.7652212 0.4007925 -0.5037878 0.7222409 0.1868566 -0.6659225 0.4699898 0.7421466 -0.4778369 0.2216214 0.7343934 -0.6415218 0.6640007 0.4519787 -0.5956663 0.5852349 0.1943188 -0.7872359 0.4828886 0.6579973 -0.5778047 0.1811982 0.6114013 -0.770296 0.5121679 0.5297254 -0.6760733 0.3492632 0.4001957 -0.8472654 0.3765774 0.2064107 -0.903097 0.1540111 0.2157232 -0.9642324 0.1499812 0.4128972 -0.8983439 0.1540948 0.2157242 -0.9642189 0.3037212 -5.41657e-6 -0.952761 0.1708252 3.81219e-6 -0.9853013 0.3766199 0.2062924 -0.9031063 0.4712486 -2.52798e-5 -0.8820005 0.5852621 0.1944347 -0.7871872 0.6620708 -4.01586e-6 -0.7494413 0.7221503 0.1871254 -0.6659452 0.8123543 1.53109e-5 -0.5831643 0.8169159 0.1846134 -0.5464124 0.9039326 1.97664e-5 -0.4276749 0.8973425 0.1880097 -0.3992853 0.9393232 0.1950815 -0.2821615 0.973529 1.29491e-5 -0.228564 0.9539844 0.1992843 -0.2240526 0.02058762 -1.49682e-5 -0.9997881 0.01107925 0.2199167 -0.9754558 0.1539649 0.2157018 -0.9642446 0.1708531 -1.63019e-5 -0.9852966 -0.3179082 0.1209976 -0.9403691 -0.3505895 0.262593 -0.8989616 -0.1503695 0.2355026 -0.9601707 -0.1018723 -6.63102e-6 -0.9947975 -0.3072222 1.82376e-6 -0.9516378 -0.3180018 0.1210022 -0.9403368 -0.3074042 9.73418e-6 -0.9515792 -0.4999102 2.42516e-5 -0.8660773 -0.5257472 0.2524061 -0.8123307 -0.3506432 0.2626036 -0.8989375 -0.687515 1.43051e-5 -0.7261702 -0.6935669 0.1868779 -0.6957311 -0.8062134 1.59973e-5 -0.5916249 -0.7836315 0.1351088 -0.606356 -0.04387575 0.9274604 -0.3713381 -0.09214133 0.9680239 -0.2333233 -0.03477185 0.9739903 -0.2239059 -0.821343 0.1401022 -0.5529623 -0.8643553 0.1195216 -0.4884717 -0.8634257 0.1287491 -0.4877702 -0.8285877 0.3273003 -0.4542213 -0.5255796 0.2526031 -0.8123779 -0.360014 0.3671869 -0.8576502 -0.3505739 0.2626714 -0.8989449 -0.7823398 0.1404858 -0.6068016 -0.7822428 0.145672 -0.6057028 -0.6937015 0.1867809 -0.6956229 -0.7834676 0.13669 -0.6062132 -0.2200911 0.8844584 -0.4114528 -0.101738 0.8018023 -0.5888655 -0.2019052 0.9470008 -0.2498478 -0.302443 0.8534246 -0.4244936 -0.3893537 0.8771181 -0.2811897 -0.2960491 0.790202 -0.5365967 -0.2070178 0.6439879 -0.7364939 -0.4933099 0.7434228 -0.451628 -0.7580553 0.5195802 -0.3941938 -0.6795957 0.6416673 -0.3555456 -0.5555831 0.7686932 -0.3169199 -0.3770348 0.7494116 -0.5442675 -0.6691388 0.437712 -0.600551 -0.8003645 0.1490805 -0.5806822 -0.6188688 0.3599355 -0.6981748 -0.5111307 0.3124754 -0.8006901 -0.3087215 0.4965907 -0.8112267 -0.6347456 0.2466091 -0.7323128 -0.7892426 0.1502922 -0.5954062 -0.7841365 0.1491758 -0.6023924 -0.4726556 0.8746285 -0.107805 -0.2249606 0.9697946 -0.09429335 -0.01735347 0.9949862 -0.09849488 -0.4416014 0.8929235 -0.08761286 -0.6432589 0.7614045 -0.08050531 -0.7699121 0.633605 -0.07602596 -0.2723259 0.9539771 -0.1255648 -0.01999145 0.9876738 -0.1552446 -0.3728516 0.9196538 -0.1233646 -0.8031005 0.5870067 -0.1022388 -0.8682326 0.4906798 -0.07352274 -0.918448 0.3866825 -0.083247 -0.9192449 0.3867802 -0.07341718 -0.9280575 0.362582 -0.08510982 -0.9452979 0.294927 -0.1393918 -0.9346235 0.3444959 -0.08832681 -0.9406335 0.3309121 -0.07553696 -0.2385249 0.9489043 -0.2066068 -0.0347929 0.9739894 -0.2239067 -0.0920403 0.9679136 -0.2338204 -0.9013513 0.4057128 -0.1515353 -0.9480025 0.1628079 -0.273468 -0.8107392 0.5712503 -0.1279656 -0.7937983 0.5819137 -0.1768071 -0.4047576 0.8824252 -0.2397852 -0.5554644 0.7687031 -0.3171041 -0.6793091 0.6417161 -0.3560051 -0.3893574 0.8770751 -0.2813186 -0.2017437 0.946937 -0.2502199 -0.3274528 0.9204642 -0.2133552 -0.7550359 0.6140155 -0.2300127 -0.757996 0.5196108 -0.3942673 -0.8861124 0.3304207 -0.325003 -0.82894 0.3271847 -0.4536612 -0.8985986 0.2848324 -0.3337531 -0.8631866 0.1287789 -0.4881853 -0.8642061 0.1194036 -0.4887644 -0.4054998 0.9025556 -0.1447873 -0.4193956 0.8941307 -0.156964 -0.4097529 0.8956376 -0.1730201 -0.5801677 0.7983135 -0.1615587 -0.3810347 0.9055384 -0.1865819 -0.03478479 0.9739848 -0.2239277 0.1994387 0.9631172 -0.1806367 0.218014 0.9439043 -0.2480211 -0.04329484 0.9275243 -0.371247 0.2400422 0.8949118 -0.3761816 -0.1005895 0.8019769 -0.588825 0.2449375 0.8245128 -0.5100827 0.01103162 0.2190876 -0.9756429 0.1500222 0.4128924 -0.8983392 0.1539775 0.2157298 -0.9642363 -0.350623 0.2626499 -0.898932 -0.3598626 0.3672947 -0.8576675 -0.1503982 0.2355312 -0.9601592 -0.04972904 0.6428253 -0.764397 0.2211511 0.7344225 -0.6416508 0.1800372 0.6114884 -0.770499 -0.2060195 0.6442344 -0.7365583 -0.3087552 0.4965804 -0.8112202 -0.05838763 0.4860151 -0.8719978 0.4960815 0.8624581 -0.1003459 0.3662559 0.9282559 -0.06479054 0.5787242 0.8087753 -0.1046941 0.7521823 0.6441109 -0.1390793 0.6484214 0.7483232 -0.1398647 0.4543179 0.8852791 -0.09937942 0.3677011 0.9259553 -0.0860393 0.1425054 0.9864951 -0.08074527 0.1238803 0.9917272 -0.03363019 0.4571534 0.8794233 -0.1327608 0.1674955 0.9767168 -0.1340508 0.5200628 0.8375393 -0.1675192 0.6225121 0.7616736 -0.1798111 0.4286462 0.8867276 -0.1731379 0.7857415 0.586403 -0.1968297 0.3959926 0.9044027 -0.1588887 0.1995545 0.9630991 -0.1806048 0.4729834 0.8661514 -0.1614574 0.8307269 0.5327912 -0.1613276 0.9370076 0.3046067 -0.1709724 0.9382463 0.2838299 -0.1978246 0.8788129 0.4487223 -0.1622845 0.9175314 0.3602977 -0.1682906 0.8374402 0.5172036 -0.1766191 0.5958154 0.7903953 -0.1424055 0.8134481 0.5540778 -0.1769178 0.3924884 0.9142635 -0.1003753 0.4043827 0.9082965 -0.1071088 0.46928 0.8749381 -0.1194141 0.7443104 0.6461127 -0.1689392 0.6013394 0.7838121 -0.1550151 0.8160305 0.5486307 -0.1819303 0.6574056 0.7340812 -0.1701256 0.3790904 0.9186254 -0.1114357 0.4790119 0.8651941 -0.14828 0.3913834 0.9097027 -0.1387813 0.8530469 0.4810922 -0.2021418 0.9402291 0.2600633 -0.2198551 0.8956008 0.3908569 -0.2124383 0.925854 0.3092024 -0.2172282 0.4184945 0.8962128 -0.1471902 -0.4714247 0.8786522 -0.07569181 -0.2249631 0.9697961 -0.0942716 -0.4416036 0.8929229 -0.08760684 -0.6432629 0.7613943 -0.08057081 -0.276241 0.958719 -0.06744539 -0.01735407 0.9949854 -0.0985037 -0.02005922 0.9984149 -0.05258727 -0.3754346 0.9245088 -0.065822 -0.6146923 0.7851991 -0.07493835 -0.7699064 0.6336001 -0.07612472 -0.8682138 0.4906833 -0.07372021 -0.511277 0.8570029 -0.06435859 -0.8379668 0.543784 -0.04594409 -0.2734281 0.9618188 -0.01190257 -0.2555477 0.9667899 0.003586053 -0.01900905 0.9994545 -0.02700746 -0.9315704 0.3590674 -0.05698508 -0.9191867 0.3868029 -0.07402282 -0.8209891 0.5707865 -0.01340824 -0.9545993 0.2978898 0.001405358 -0.4616285 0.8869794 0.01291918 -0.4288466 0.903012 0.02568584 -0.6293339 0.7754277 0.05148655 -0.7666682 0.6382102 0.0700553 -0.3713318 0.9284908 -0.004200041 -0.9398884 0.3369023 -0.05573767 -0.9406504 0.3308843 -0.07544755 -0.8049219 0.593171 0.01577949 -0.8719407 0.4821232 0.08530312 -0.9279785 0.3697066 0.04661625 -0.9255121 0.3674023 0.0918855 -0.9390057 0.3406851 0.04692709 -0.9470286 0.317785 0.04636263 -0.9482163 0.3050994 0.08831804 -0.4600383 0.8869855 -0.040268 -0.4341195 0.9003881 -0.02901464 -0.4128543 0.9105775 -0.01999682 -0.7836381 0.1351522 -0.6063376 -0.78895 0.1510075 -0.5956128 -0.7843154 0.148982 -0.6022074 -0.7819827 0.1458064 -0.6060063 -0.7826314 0.1414117 -0.6062103 -0.8002994 0.1489532 -0.5808044 -0.8213768 0.1402504 -0.5528743 -0.8642271 0.119307 -0.488751 -0.806267 -4.50388e-6 -0.5915519 -0.9232579 -2.66507e-5 -0.384181 -0.9480549 0.1624879 -0.2734771 -0.9755397 1.94982e-5 -0.2198238 -0.9453964 0.2946014 -0.1394114 -0.9775201 0.1969046 -0.07538682 -0.9406699 0.3308075 -0.07554161 -0.9929918 0.09090149 -0.07552677 -0.9971542 -1.30177e-5 -0.07538914 0.7519832 0.5740048 -0.3240986 0.839017 0.3350156 -0.4287366 0.8999267 0.3143084 -0.3022291 0.7607271 0.5166758 -0.392862 0.6349033 0.6929023 -0.3417372 0.5027558 0.8187005 -0.2774277 0.541275 0.8178806 -0.195174 0.3810121 0.9012154 -0.2064962 0.7828144 0.5886647 -0.2016822 0.9369738 0.3047232 -0.1709504 0.7521632 0.6441087 -0.1391927 0.5787032 0.8087888 -0.1047055 0.8788266 0.4487158 -0.1622289 0.9175359 0.3603496 -0.1681554 0.4832068 0.8583213 -0.1726146 0.2338958 0.9675999 -0.09509611 0.1242964 0.9918199 -0.02904874 0.1227226 0.9916615 -0.03932797 0.2477979 0.9614248 -0.1194102 0.1655801 0.984063 -0.06483292 0.3281574 0.9416112 -0.07537317 0.3662322 0.9282618 -0.06483858 0.2266117 0.972923 -0.04547429 0.1238492 0.9917315 -0.03361856 0.1238074 0.9919816 -0.02538418 -0.01993989 0.9984186 -0.05256229 0.1238514 0.991731 -0.03362506 0.1424806 0.9865072 -0.08064126 -0.01888281 0.9994572 -0.02699565 -0.01725155 0.9949885 -0.09849077 0.1675131 0.9767128 -0.1340573 -0.01988112 0.9876639 -0.1553218 0.1994763 0.963113 -0.1806172 -0.03477758 0.9739891 -0.2239105 -0.3360318 0.9403939 0.05236458 -0.01900231 0.9994544 -0.02701604 -0.2555387 0.9667943 0.002974808 -0.4287435 0.9030746 0.02520602 -0.4742221 0.8761587 0.08636808 -0.6293745 0.775416 0.05116486 -0.1893326 0.9812862 0.0350793 -0.008843421 0.9998703 0.0134688 -0.2953416 0.9532038 0.06462103 -0.3969452 0.9129727 0.09442132 -0.9141164 0.3762601 0.1510623 -0.871938 0.482109 0.08541053 -0.9254971 0.3674093 0.09200847 -0.9246056 0.3517975 0.1460931 -0.932038 0.3339077 0.1407515 -0.9482164 0.3050966 0.08832758 -0.923469 0.3353978 0.1863152 -0.4012921 0.89895 0.1756521 -0.02645272 0.9996154 0.008325338 -0.8442372 0.4714239 0.2549961 -0.7462217 0.6062936 0.2748845 -0.7757318 0.5837967 0.2396281 -0.8855735 0.3513011 0.303887 -0.4537075 0.8684267 0.1999617 -0.6419041 0.6990362 0.315131 -0.5409523 0.802829 0.2506715 -0.4134058 0.8932768 0.1765004 -0.2583279 0.9607273 0.1013408 -0.1156749 0.9924107 0.04172056 -0.7022188 0.6483178 0.2942326 -0.797701 0.493206 0.3470174 -0.7664383 0.509401 0.3912584 -0.8319187 0.4243127 0.3575893 -0.8343663 0.3447178 0.4301193 -0.799701 0.587223 0.12509 -0.7666208 0.6382881 0.0698629 -0.8095443 0.5658798 0.1562631 -0.8017594 0.5719799 0.1732652 -0.7846542 0.5864002 0.2011291 -0.4529509 0.8786542 0.1510045 -0.4745301 0.8627455 0.1746186 -0.4767664 0.8579641 0.191289 -0.6021084 0.7658653 0.2256456 -0.4493999 0.8729161 0.1898877 -0.8978193 0.3821053 0.2188972 -0.9281483 9.33409e-5 0.3722106 -0.8913853 1.93242e-5 0.4532464 -0.8808 0.1480091 0.4497606 -0.8855704 0.3513028 0.3038939 -0.8343936 0.3446016 0.4301594 -0.9584764 1.87606e-5 0.2851719 -0.9235984 0.3349979 0.1863936 -0.989978 2.63453e-5 0.1412223 -0.9482151 0.3050984 0.08833503 -0.9993622 -1.66073e-5 0.03570926 -0.9545946 0.2979047 0.001403987 -0.9900681 0.133401 -0.04437893 -0.9406816 0.3307965 -0.07544469 -0.9775147 0.1968949 -0.07548218 -0.9930002 0.09090787 -0.07540941 -0.9971541 1.3262e-5 -0.07539057 -0.01890271 0.999457 -0.02699035 0.1237801 0.991985 -0.02538657 0.1237641 0.9917443 -0.03355169 -0.008791267 0.9998721 0.01336312 0.1242192 0.9918287 -0.02907848 0.07283276 0.997078 -0.0230441 0.1227233 0.9916611 -0.03933602 0.026304 0.9996184 -0.008452355 -0.02646535 0.9996153 0.008310794 -0.03508883 0.9989105 0.03076845 -0.2363884 0.9686121 0.07688456 -0.06564503 0.9969939 0.04115831 -0.4944145 0.8596675 0.1285538 -0.7347135 0.6641477 0.1382173 -0.5475711 0.8256309 0.1360135 -0.3606656 0.9264935 0.1073786 -0.2242488 0.9710161 0.08270639 -0.02648276 0.9996147 0.008322179 -0.1155104 0.9924237 0.04186564 -0.2579165 0.9607844 0.1018451 -0.3551028 0.926712 0.1229102 -0.4126779 0.8934045 0.1775538 -0.5402125 0.8029311 0.2519369 -0.8114571 0.5048239 0.2944322 -0.8673217 0.353986 0.3499243 -0.9175149 0.3584887 0.1721991 -0.8631172 0.4820957 0.1503747 -0.8154956 0.4169058 0.4014431 -0.7671141 0.5093979 0.3899358 -0.8343641 0.3447089 0.4301309 -0.7392027 0.6444259 0.1956902 -0.6892263 0.6870921 0.2299383 -0.6417399 0.6990316 0.3154754 -0.8807921 0.1479995 0.4497793 -0.8913888 -3.2559e-6 0.4532395 -0.911473 -9.77516e-6 0.41136 -0.8673238 0.353991 0.3499141 -0.8343923 0.3445959 0.4301666 -0.9566187 0 0.2913433 -0.9175292 0.3584421 0.1722199 -0.9984509 1.12772e-4 0.05564188 -0.936992 0.3492122 -0.009846806 -0.9936053 1.02192e-4 -0.1129104 -0.9254434 0.3366003 -0.173939 -0.9425938 0.09100365 -0.3213027 -0.9466354 -1.46073e-5 -0.3223065 -0.9276453 0.196997 -0.3172795 -0.8924853 0.3308438 -0.3066146 -0.9254744 0.3365058 -0.1739576 -0.8924632 0.3309084 -0.3066095 -0.8304379 0.4794791 -0.2836771 -0.9175097 0.358491 0.1722216 -0.9370034 0.3491815 -0.00983715 -0.8632074 0.4820322 0.1500599 -0.3260709 0.9452394 0.01415503 -0.1959992 0.9805224 -0.01265722 -0.152922 0.9877787 0.03013473 -0.4221917 0.9062842 -0.02007675 -0.4530623 0.8914665 0.004686772 -0.5594649 0.8287615 -0.01238679 -0.5783486 0.8127248 -0.07065075 -0.680194 0.7161973 -0.1561976 -0.7723524 0.6306936 -0.07548052 -0.7629843 0.6002881 -0.2398111 -0.393458 0.9174715 0.058627 -0.06562018 0.9969959 0.04114753 -0.2368372 0.9685975 0.07567739 -0.3610245 0.9264922 0.1061772 -0.5164166 0.8541151 0.06165659 -0.5477333 0.8256151 0.1354553 -0.6515364 0.7562959 0.05930238 -0.7345193 0.6642045 0.138974 -0.9030086 0.4256661 -0.05817002 -0.8098664 0.5857169 -0.03243678 -0.8374621 0.5464937 -0.001430213 -0.8610326 0.5076177 0.03077703 -0.4097324 0.9118792 0.02440798 -0.5847785 0.8108266 0.02438056 -0.5964146 0.8020144 0.03259873 -0.68681 0.7266308 0.01731449 -0.03487414 -0.9989196 0.0307157 0.1488558 -0.9887985 -0.01093202 -0.06564271 -0.9969943 0.04115211 0.02668762 -0.9996129 -0.007862627 0.07365119 -0.9970489 -0.0216574 -0.02646648 -0.9996153 0.008309245 0.04554647 -0.4465758 0.8935858 -0.7828375 0.5764514 0.2342419 0.02059471 1.48267e-5 -0.999788 0.1539699 -0.2157022 -0.9642437 0.01108002 -0.2199169 -0.9754558 0.1709454 1.59011e-5 -0.9852805 -0.3179072 -0.1209977 -0.9403694 -0.1503869 -0.2355002 -0.9601684 -0.3505866 -0.262593 -0.8989627 -0.1018995 7.86781e-6 -0.9947947 -0.3072701 5.30109e-6 -0.9516224 0.9259431 -0.309203 -0.2168479 0.9402883 -0.2595 -0.2202678 0.9403349 -0.260134 -0.2193185 0.9392302 -0.1955102 -0.2821746 0.9537972 -0.2003158 -0.2239298 0.9511964 -0.21298 -0.2233049 0.9490458 -0.2228208 -0.2228525 0.8963564 -0.3778467 -0.2318988 0.9423815 -0.2513703 -0.2207496 0.9410798 -0.2565241 -0.2203729 0.8955968 -0.3909958 -0.2121999 0.7857722 -0.5864149 -0.1966717 0.9405484 -0.2585418 -0.2202838 0.7341744 -0.6150806 -0.2875131 0.622515 -0.7616691 -0.1798201 0.5599112 -0.769768 -0.3065238 0.4286371 -0.8867332 -0.1731317 0.7090711 -0.5685243 -0.4171312 0.8176368 -0.3665003 -0.4440132 0.9465864 -0.2337169 -0.22215 0.8168519 -0.1847839 -0.5464503 0.8972789 -0.1884532 -0.3992196 0.4543627 -0.814587 -0.3605586 0.3354985 -0.895424 -0.2926719 0.2394735 -0.8950117 -0.3763065 0.2436624 -0.8247228 -0.5103538 0.218247 -0.9438652 -0.2479654 0.1995589 -0.9630984 -0.1806043 0.7652212 -0.4007929 -0.5037873 0.7221805 -0.1868988 -0.6659762 0.4699976 -0.7421986 -0.4777485 0.2216233 -0.7343924 -0.6415225 0.6640107 -0.4520131 -0.5956292 0.5852378 -0.1943181 -0.787234 0.4828888 -0.6579968 -0.577805 0.1811983 -0.6114013 -0.7702959 0.5121706 -0.5297247 -0.6760718 0.3492699 -0.4001922 -0.8472644 0.1540848 -0.2157109 -0.9642234 0.3765742 -0.2064124 -0.9030979 0.1499813 -0.4128974 -0.8983437 0.8813627 -0.3875851 -0.2701439 0.9441542 -0.2439484 -0.2214995 0.1540175 -0.215712 -0.9642339 0.1709125 -8.21054e-6 -0.9852863 0.3037314 5.86361e-6 -0.9527577 0.376613 -0.2062926 -0.9031091 0.4712232 2.04593e-5 -0.882014 0.5852583 -0.194436 -0.7871896 0.6620751 3.2261e-6 -0.7494375 0.7221531 -0.1871259 -0.665942 0.8123533 -1.6436e-5 -0.5831658 0.8169162 -0.184614 -0.5464115 0.9039292 -2.1942e-5 -0.4276822 0.897346 -0.1880099 -0.3992775 0.9393233 -0.1950816 -0.2821612 0.9735289 -1.2917e-5 -0.228564 0.9539845 -0.1992843 -0.2240524 -0.318011 -0.1210058 -0.9403333 -0.4999045 -8.12113e-7 -0.8660806 -0.3074042 -9.70555e-6 -0.9515792 -0.4802795 -0.2622037 -0.8370071 -0.350694 -0.2625911 -0.8989214 -0.6874634 9.18657e-6 -0.7262191 -0.6479448 -0.2091022 -0.7324233 -0.8061818 8.49366e-6 -0.591668 -0.7836543 -0.1351037 -0.6063275 -0.0438804 -0.9274639 -0.3713293 -0.03478217 -0.9739898 -0.2239069 -0.1263076 -0.962917 -0.2384058 -0.4802902 -0.2625094 -0.8369053 -0.3507128 -0.2626835 -0.8988871 -0.3599376 -0.3672075 -0.8576734 -0.8220677 -0.1400035 -0.551909 -0.8634158 -0.128767 -0.487783 -0.8643929 -0.1191588 -0.4884937 -0.8285673 -0.327301 -0.4542579 -0.7823991 -0.1400653 -0.6068225 -0.6484066 -0.2089059 -0.7320705 -0.782191 -0.1455934 -0.6057885 -0.7834397 -0.1369786 -0.606184 -0.183193 -0.8956844 -0.4052036 -0.3023719 -0.9153332 -0.2659633 -0.1016952 -0.8018187 -0.5888504 -0.2663066 -0.8680955 -0.4189165 -0.4769975 -0.8265832 -0.2987201 -0.2628282 -0.8045765 -0.5325205 -0.2070046 -0.64399 -0.7364958 -0.4706007 -0.7598226 -0.4485585 -0.6327112 -0.6962933 -0.3388986 -0.7581058 -0.5195893 -0.3940845 -0.3770479 -0.7494038 -0.544269 -0.6691281 -0.4376041 -0.6006416 -0.8003592 -0.1491134 -0.5806811 -0.6188231 -0.3598983 -0.6982344 -0.4796955 -0.3337116 -0.8114979 -0.3087426 -0.4965907 -0.8112187 -0.6162359 -0.262211 -0.7426297 -0.7889301 -0.1508255 -0.5956854 -0.7841233 -0.149115 -0.6024248 -0.4726574 -0.8746273 -0.1078061 -0.01735353 -0.9949862 -0.09849554 -0.2249601 -0.9697946 -0.09429383 -0.4416072 -0.8929201 -0.08761793 -0.6432476 -0.7614147 -0.08049988 -0.7699132 -0.6336037 -0.07602602 -0.2723726 -0.9539625 -0.1255736 -0.01999729 -0.9876726 -0.1552511 -0.3728042 -0.9196742 -0.1233553 -0.8030992 -0.5870091 -0.1022363 -0.8682316 -0.4906812 -0.07352519 -0.9184501 -0.3866789 -0.08324038 -0.9192445 -0.3867807 -0.07341837 -0.9280555 -0.3625867 -0.08511179 -0.9452992 -0.2949227 -0.1393924 -0.9346203 -0.344474 -0.08844566 -0.9406435 -0.3309042 -0.07544797 -0.1972969 -0.959031 -0.2033066 -0.03480589 -0.9740083 -0.2238225 -0.9013522 -0.4057071 -0.151545 -0.9480022 -0.1628035 -0.2734722 -0.8107715 -0.5712053 -0.127962 -0.7937958 -0.5819156 -0.1768125 -0.3494223 -0.9072706 -0.2340178 -0.4770339 -0.8265665 -0.2987084 -0.3023718 -0.9152807 -0.266144 -0.1261096 -0.96282 -0.2389017 -0.2889103 -0.9339346 -0.2104684 -0.4187989 -0.8810781 -0.219793 -0.4960591 -0.8316259 -0.2496474 -0.7579978 -0.5196106 -0.3942643 -0.6324904 -0.6963168 -0.3392621 -0.7852668 -0.5738787 -0.2324207 -0.8986051 -0.2848145 -0.3337509 -0.8641837 -0.1195544 -0.4887671 -0.8631779 -0.128985 -0.4881464 -0.8289418 -0.3271746 -0.4536656 -0.4054977 -0.9025562 -0.1447898 -0.4193879 -0.8941367 -0.1569501 -0.4097811 -0.8956251 -0.1730182 -0.5801575 -0.7983199 -0.1615639 -0.4126852 -0.8914026 -0.1873297 -0.03478425 -0.9739849 -0.2239277 0.2180138 -0.9439043 -0.2480214 0.1994376 -0.9631177 -0.1806351 -0.04329425 -0.927524 -0.3712478 0.2400423 -0.8949118 -0.3761817 -0.1006945 -0.80196 -0.58883 0.2449398 -0.8245033 -0.510097 0.0110206 -0.2190868 -0.9756432 0.1539776 -0.2157301 -0.9642363 0.1500222 -0.4128926 -0.898339 -0.3506029 -0.2626896 -0.8989282 -0.1503982 -0.2355294 -0.9601595 -0.3598711 -0.3673061 -0.8576591 -0.04973357 -0.6428253 -0.7643966 -0.2060195 -0.6442351 -0.7365576 -0.3087574 -0.4965802 -0.8112194 0.1800381 -0.6114866 -0.7705002 0.2211513 -0.7344211 -0.6416524 -0.05838865 -0.4860158 -0.8719974 0.4960814 -0.8624577 -0.1003492 0.5787257 -0.8087744 -0.1046929 0.3662332 -0.9282617 -0.06483501 0.7521821 -0.644111 -0.1390795 0.6484219 -0.7483228 -0.1398648 0.4543183 -0.8852789 -0.09937965 0.3677012 -0.9259552 -0.08603978 0.1238811 -0.9917271 -0.03363001 0.1425058 -0.986495 -0.08074587 0.4571528 -0.8794233 -0.1327634 0.1674954 -0.9767168 -0.1340509 0.5200641 -0.8375381 -0.1675214 0.4286471 -0.886727 -0.173138 0.6225131 -0.7616728 -0.1798111 0.7857409 -0.5864037 -0.1968303 0.3959926 -0.9044029 -0.1588879 0.1995542 -0.9630992 -0.1806052 0.4729843 -0.8661509 -0.1614577 0.8307262 -0.5327913 -0.1613304 0.8788131 -0.4487223 -0.1622837 0.9175322 -0.3602967 -0.1682886 0.9370082 -0.3046057 -0.1709707 0.9382462 -0.2838302 -0.1978244 0.8374395 -0.5172046 -0.1766195 0.5958135 -0.7903965 -0.1424071 0.8134561 -0.5540975 -0.1768199 0.3924885 -0.9142634 -0.1003751 0.4043849 -0.9082956 -0.1071081 0.4692821 -0.8749371 -0.1194133 0.7443122 -0.646112 -0.1689339 0.6013413 -0.7838104 -0.1550167 0.8160305 -0.5486306 -0.1819309 0.6574155 -0.7340841 -0.1700751 0.3790909 -0.9186251 -0.1114362 0.4790127 -0.8651936 -0.1482795 0.391379 -0.9097036 -0.1387874 0.853048 -0.4810926 -0.2021365 0.8956002 -0.3908581 -0.2124388 0.9258542 -0.3092025 -0.2172281 0.9402292 -0.2600632 -0.219855 0.4184935 -0.8962135 -0.1471892 -0.4714218 -0.8786538 -0.07569116 -0.4416053 -0.8929219 -0.08760851 -0.2249634 -0.9697961 -0.09427106 -0.6432639 -0.7613934 -0.08057147 -0.2762407 -0.9587191 -0.06744492 -0.01735532 -0.9949855 -0.09850239 -0.02005904 -0.9984149 -0.05258733 -0.375436 -0.9245082 -0.06582224 -0.6146931 -0.7851976 -0.07494777 -0.7699082 -0.6335981 -0.07612478 -0.8682135 -0.4906837 -0.07372081 -0.511277 -0.8570023 -0.06436628 -0.8379666 -0.5437842 -0.04594397 -0.2734284 -0.9618187 -0.01190412 -0.01900851 -0.9994545 -0.02700746 -0.2555466 -0.9667901 0.003584504 -0.9315704 -0.3590677 -0.0569846 -0.9191868 -0.3868028 -0.07402276 -0.8209892 -0.5707863 -0.01340752 -0.9545992 -0.2978902 0.001405239 -0.4616286 -0.8869792 0.01291948 -0.4288455 -0.9030127 0.02568501 -0.6293301 -0.7754307 0.0514869 -0.7666679 -0.6382105 0.07005542 -0.3713322 -0.9284906 -0.004195332 -0.9398884 -0.3369027 -0.05573558 -0.9406512 -0.3308824 -0.07544738 -0.8049215 -0.5931715 0.01578563 -0.8719403 -0.482124 0.085303 -0.927977 -0.3697098 0.0466209 -0.925512 -0.367403 0.09188526 -0.9390047 -0.3406878 0.04692751 -0.9470289 -0.3177842 0.04636514 -0.9482159 -0.3051007 0.08831834 -0.4600359 -0.886987 -0.04026436 -0.4341203 -0.9003877 -0.02901446 -0.4128551 -0.9105773 -0.01999616 -0.7836406 -0.1351051 -0.6063449 -0.784184 -0.1488081 -0.6024217 -0.7890045 -0.1508357 -0.5955843 -0.7818455 -0.1461833 -0.6060925 -0.782665 -0.1394742 -0.6066157 -0.8002984 -0.1489865 -0.5807975 -0.8221491 -0.1399459 -0.5518025 -0.8641661 -0.1194175 -0.4888319 -0.8062644 -1.31242e-5 -0.5915554 -0.9232584 -2.15881e-5 -0.3841799 -0.9480568 -0.1624842 -0.2734727 -0.9755399 -1.99899e-5 -0.219823 -0.9453962 -0.2946019 -0.1394124 -0.9775219 -0.1969135 -0.07534021 -0.9406691 -0.3308094 -0.07554376 -0.9929917 -0.09090185 -0.07552772 -0.9971541 1.28746e-5 -0.07538986 0.7519829 -0.5740042 -0.3241004 0.8390156 -0.3350169 -0.4287384 0.760728 -0.5166725 -0.3928644 0.6348983 -0.6929062 -0.3417387 0.5027564 -0.8187013 -0.2774242 0.8999262 -0.3143091 -0.3022294 0.5412746 -0.8178793 -0.1951802 0.3810068 -0.9012171 -0.2064986 0.7828142 -0.5886649 -0.2016817 0.578735 -0.8087705 -0.1046712 0.7521619 -0.6441102 -0.1391922 0.8788266 -0.4487158 -0.1622285 0.9175388 -0.3603419 -0.1681556 0.9369737 -0.3047234 -0.1709504 0.4832447 -0.8582962 -0.1726328 0.2338961 -0.9675999 -0.09509515 0.1227219 -0.9916616 -0.03932929 0.1242963 -0.9918199 -0.02904832 0.2477984 -0.9614251 -0.1194059 0.1655799 -0.984063 -0.06483423 0.3281709 -0.9415987 -0.07547044 0.3662329 -0.9282615 -0.06483942 0.2266131 -0.9729226 -0.04547667 0.1238506 -0.9917312 -0.03362017 0.1238082 -0.9919815 -0.02538448 -0.01993989 -0.9984186 -0.05256265 0.1238512 -0.991731 -0.03362572 -0.01888298 -0.9994572 -0.02699667 0.1424807 -0.9865071 -0.0806415 -0.01725119 -0.9949885 -0.09849083 0.1675134 -0.9767129 -0.1340575 -0.01988083 -0.9876639 -0.1553222 0.1994767 -0.9631129 -0.1806173 -0.03477716 -0.973989 -0.2239108 -0.3360303 -0.9403944 0.05236566 -0.2555384 -0.9667944 0.002975225 -0.01900213 -0.9994544 -0.02701675 -0.4287434 -0.9030748 0.0252062 -0.4742267 -0.8761572 0.08635807 -0.6293752 -0.7754154 0.0511645 -0.189332 -0.9812863 0.03508037 -0.008902192 -0.99987 0.01344639 -0.295341 -0.953204 0.06462168 -0.3969478 -0.9129721 0.09441697 -0.9141162 -0.3762601 0.1510631 -0.9254971 -0.3674092 0.09200876 -0.871938 -0.482109 0.08541089 -0.9246056 -0.3517974 0.1460932 -0.9320374 -0.3339061 0.1407586 -0.9234689 -0.3353981 0.1863154 -0.9482094 -0.3050878 0.08843266 -0.4012912 -0.8989504 0.1756518 -0.0264489 -0.9996156 0.008324444 -0.8441975 -0.4715015 0.2549844 -0.7757313 -0.5837975 0.2396283 -0.7462228 -0.6062916 0.2748854 -0.8855733 -0.351301 0.3038874 -0.4537066 -0.8684276 0.1999601 -0.5409505 -0.8028299 0.2506722 -0.641904 -0.6990362 0.3151312 -0.413405 -0.8932772 0.1765 -0.2583281 -0.9607263 0.1013486 -0.1156645 -0.9924119 0.04171866 -0.7022187 -0.6483179 0.2942328 -0.7976999 -0.493207 0.3470186 -0.7664386 -0.5094006 0.3912581 -0.8319184 -0.4243125 0.3575902 -0.8343653 -0.3447187 0.4301203 -0.7997021 -0.5872213 0.1250913 -0.7666218 -0.6382871 0.06986266 -0.8095464 -0.5658772 0.1562614 -0.8017604 -0.5719794 0.1732625 -0.7846538 -0.5864008 0.2011284 -0.4529515 -0.878654 0.1510043 -0.4745297 -0.8627455 0.174619 -0.4767664 -0.857965 0.1912847 -0.6021081 -0.7658647 0.2256484 -0.4494005 -0.8729158 0.1898877 -0.8978191 -0.3821062 0.2188969 -0.9281486 -9.31919e-5 0.3722099 -0.8808001 -0.1480092 0.4497606 -0.8913853 -1.93343e-5 0.4532464 -0.8855758 -0.3513033 0.3038771 -0.9584767 -1.8701e-5 0.2851713 -0.8343936 -0.3446016 0.4301595 -0.9235984 -0.3349978 0.1863931 -0.9899781 -2.64198e-5 0.1412211 -0.9482156 -0.3050984 0.08833003 -0.9993622 1.6816e-5 0.03571027 -0.9545947 -0.2979046 0.001404464 -0.9900685 -0.1333978 -0.04437881 -0.9971541 -1.32681e-5 -0.07539057 -0.977515 -0.1968937 -0.07548147 -0.9406818 -0.330796 -0.0754444 -0.9930003 -0.09090733 -0.07540917 -0.01890289 -0.9994571 -0.02698987 0.1237654 -0.9917445 -0.03354209 0.12378 -0.991985 -0.02538603 -0.008791327 -0.9998721 0.0133633 0.1242196 -0.9918287 -0.02907824 0.07279396 -0.9970802 -0.02307003 0.1227227 -0.9916613 -0.03933566 0.02632081 -0.9996183 -0.008407115 -0.02646684 -0.9996152 0.008310854 -0.03508871 -0.9989106 0.03076779 -0.06564265 -0.9969941 0.04115682 -0.2363867 -0.9686126 0.0768826 -0.4944146 -0.8596675 0.1285538 -0.5475704 -0.8256313 0.1360135 -0.7347134 -0.6641477 0.1382175 -0.3606652 -0.9264937 0.1073789 -0.2242501 -0.9710159 0.0827049 -0.2579168 -0.9607843 0.1018454 -0.1155104 -0.9924237 0.04186493 -0.0264824 -0.9996147 0.008320927 -0.3551023 -0.9267123 0.1229088 -0.5402126 -0.8029311 0.2519366 -0.4126779 -0.8934044 0.1775543 -0.8114571 -0.5048239 0.2944321 -0.9175146 -0.358489 0.1721993 -0.867322 -0.3539857 0.349924 -0.8631172 -0.4820958 0.1503748 -0.815496 -0.4169055 0.4014427 -0.8343641 -0.3447089 0.4301307 -0.7671141 -0.5093978 0.389936 -0.7392032 -0.6444258 0.1956887 -0.6892268 -0.6870918 0.2299378 -0.6417415 -0.6990306 0.3154745 -0.8807922 -0.1479995 0.4497792 -0.9114734 9.40263e-6 0.4113591 -0.891389 3.2598e-6 0.4532393 -0.8673237 -0.3539911 0.3499143 -0.8343922 -0.3445959 0.4301667 -0.9566186 0 0.2913432 -0.9175291 -0.3584421 0.1722197 -0.9984508 -1.12757e-4 0.05564188 -0.936992 -0.3492121 -0.009846866 -0.993605 -1.00657e-4 -0.1129127 -0.925442 -0.3366031 -0.1739411 -0.9425931 -0.09099942 -0.3213058 -0.9466474 1.54972e-6 -0.3222715 -0.9276447 -0.1969885 -0.3172868 -0.8924654 -0.3309138 -0.3065972 -0.9254426 -0.336595 -0.1739539 -0.8304381 -0.4794788 -0.2836773 -0.8924635 -0.3309078 -0.3066092 -0.9175102 -0.3584901 0.1722213 -0.8632075 -0.4820321 0.1500597 -0.9370036 -0.3491815 -0.009837329 -0.326072 -0.945239 0.01415508 -0.1959993 -0.9805223 -0.01265704 -0.4221918 -0.9062842 -0.02007687 -0.1529223 -0.9877787 0.03013443 -0.4530628 -0.8914663 0.004687368 -0.5594643 -0.8287619 -0.01238811 -0.5783485 -0.8127247 -0.07065159 -0.6801937 -0.7161974 -0.1561982 -0.7723547 -0.6306907 -0.07548147 -0.7629842 -0.6002879 -0.2398117 -0.3934577 -0.9174715 0.05862575 -0.3610258 -0.9264916 0.1061776 -0.2368361 -0.9685977 0.07567912 -0.0656374 -0.9969906 0.04125028 -0.5164168 -0.8541149 0.06165659 -0.5477325 -0.8256155 0.1354559 -0.6515378 -0.7562953 0.05929738 -0.7345192 -0.6642047 0.138974 -0.9030076 -0.425668 -0.05817157 -0.8098661 -0.5857175 -0.0324366 -0.8374627 -0.5464928 -0.001425921 -0.8610322 -0.5076187 0.03077453 -0.4097325 -0.9118792 0.0244084 -0.5847785 -0.8108266 0.02438038 -0.5964151 -0.802014 0.03259903 -0.6868115 -0.7266294 0.01731634</float_array>
          <technique_common>
            <accessor source="#middle_intermediate-mesh-normals-array" count="4956" stride="3">
              <param name="X" type="float"/>
              <param name="Y" type="float"/>
              <param name="Z" type="float"/>
            </accessor>
          </technique_common>
        </source>
        <vertices id="middle_intermediate-mesh-vertices">
          <input semantic="POSITION" source="#middle_intermediate-mesh-positions"/>
        </vertices>
        <triangles material="white_plastic-material" count="2169">
          <input semantic="VERTEX" source="#middle_intermediate-mesh-vertices" offset="0"/>
          <input semantic="NORMAL" source="#middle_intermediate-mesh-normals" offset="1"/>
          <p>1 0 0 1 7 2 6 3 1 0 7 2 6 3 4 4 1 0 2 5 1 0 4 4 5 6 4 4 6 3 3 7 2 5 4 4 11 8 9 9 8 10 11 8 10 11 9 9 12 12 17 13 13 14 18 15 17 13 12 12 14 16 18 15 12 12 16 17 18 15 14 16 15 18 16 17 14 16 23 19 25 20 24 21 20 22 19 23 26 24 20 22 26 24 22 25 21 26 20 22 22 25 27 27 23 19 22 25 27 27 26 24 25 20 27 27 25 20 23 19 27 27 22 25 26 24 33 28 30 29 29 30 28 31 33 28 29 30 35 32 31 33 32 34 35 32 32 34 33 28 35 32 33 28 28 31 34 35 31 33 35 32 44 36 42 37 43 38 50 39 44 36 45 40 49 41 44 36 50 39 48 42 44 36 49 41 46 43 38 44 39 45 37 46 38 44 46 43 36 47 38 44 37 46 51 48 39 45 40 49 51 48 40 49 41 50 51 48 41 50 42 37 51 48 47 51 46 43 51 48 48 42 47 51 51 48 42 37 44 36 51 48 46 43 39 45 51 48 44 36 48 42 54 52 63 53 62 54 68 55 65 56 64 57 69 58 64 57 63 53 69 58 68 55 64 57 70 59 68 55 69 58 71 60 70 59 69 58 72 61 54 52 53 62 72 61 69 58 63 53 72 61 71 60 69 58 72 61 63 53 54 52 73 63 59 64 58 65 74 66 59 64 73 63 74 66 73 63 75 67 74 66 75 67 76 68 77 69 60 70 59 64 77 69 59 64 74 66 77 69 76 68 78 71 77 69 74 66 76 68 77 69 78 71 79 72 80 73 53 62 52 74 80 73 52 74 60 70 80 73 77 69 79 72 80 73 60 70 77 69 81 75 66 76 65 56 81 75 67 77 66 76 81 75 61 78 67 77 81 75 65 56 68 55 82 79 55 80 61 78 82 79 70 59 83 81 82 79 68 55 70 59 82 79 61 78 81 75 82 79 81 75 68 55 84 82 82 79 83 81 84 82 83 81 75 67 84 82 75 67 73 63 84 82 55 80 82 79 85 83 70 59 71 60 85 83 71 60 72 61 85 83 72 61 53 62 85 83 83 81 70 59 85 83 75 67 83 81 85 83 53 62 80 73 85 83 76 68 75 67 85 83 78 71 76 68 85 83 79 72 78 71 85 83 80 73 79 72 86 84 58 65 57 85 86 84 73 63 58 65 86 84 55 80 84 82 86 84 84 82 73 63 87 86 56 87 55 80 87 86 57 85 56 87 87 86 55 80 86 84 87 86 86 84 57 85 94 88 91 89 90 90 94 88 92 91 91 89 89 92 94 88 90 90 88 93 94 88 89 92 93 94 94 88 88 93 95 95 93 94 88 93 107 96 106 97 116 98 120 99 116 98 117 100 120 99 107 96 116 98 108 101 107 96 120 99 97 102 109 103 108 101 97 102 110 104 109 103 97 102 108 101 120 99 98 105 97 102 120 99 96 106 111 107 110 104 96 106 112 108 111 107 96 106 110 104 97 102 104 109 113 110 112 108 104 109 114 111 113 110 104 109 115 112 114 111 104 109 105 113 115 112 104 109 112 108 96 106 99 114 98 105 120 99 100 115 120 99 119 116 100 115 99 114 120 99 101 117 100 115 119 116 102 118 101 117 119 116 103 119 102 118 119 116 118 120 103 119 119 116 121 121 103 119 118 120 154 122 142 123 141 124 154 122 141 124 148 125 153 126 143 127 142 123 153 126 142 123 154 122 152 128 144 129 143 127 152 128 145 130 144 129 152 128 143 127 153 126 134 131 127 132 126 133 134 131 128 134 127 132 134 131 129 135 128 134 134 131 130 136 129 135 134 131 131 137 130 136 123 138 124 139 125 140 123 138 133 141 132 142 123 138 125 140 133 141 151 143 146 144 145 130 151 143 145 130 152 128 150 145 147 146 146 144 150 145 146 144 151 143 149 147 140 148 139 149 149 147 135 150 140 148 149 147 139 149 147 146 149 147 147 146 150 145 122 151 132 142 131 137 122 151 136 152 135 150 122 151 137 153 136 152 122 151 138 154 137 153 122 151 134 131 138 154 122 151 123 138 132 142 122 151 131 137 134 131 122 151 135 150 149 147 156 155 157 156 158 157 155 158 158 157 159 159 155 158 156 155 158 157 163 160 161 161 160 162 163 160 166 163 161 161 164 164 165 164 162 164 171 165 168 166 167 167 169 168 171 165 167 167 170 169 171 165 169 168 174 170 175 171 176 172 172 173 176 172 173 174 172 173 174 170 176 172 182 175 180 176 179 177 182 175 181 178 180 176 183 179 182 175 179 177 184 180 183 179 179 177 177 181 179 177 178 182 185 183 184 180 179 177 186 184 185 183 179 177 189 185 179 177 177 181 187 186 186 184 179 177 188 187 179 177 189 185 188 187 187 186 179 177 195 188 191 189 190 190 195 188 192 191 191 189 195 188 193 192 192 191 194 193 196 194 193 192 194 193 193 192 195 188 208 195 209 196 212 197 213 198 198 199 199 200 213 198 199 200 200 201 213 198 200 201 201 202 214 203 201 202 202 204 214 203 213 198 201 202 215 205 202 204 203 206 215 205 203 206 204 207 215 205 214 203 202 204 216 208 213 198 214 203 217 209 216 208 214 203 217 209 214 203 215 205 218 210 204 207 205 211 218 210 217 209 215 205 218 210 215 205 204 207 219 212 197 213 198 199 219 212 198 199 213 198 219 212 213 198 216 208 220 214 221 215 222 216 223 217 210 218 197 213 223 217 211 219 210 218 224 220 222 216 206 221 224 220 220 214 222 216 225 222 211 219 223 217 225 222 223 217 220 214 225 222 220 214 224 220 226 223 224 220 206 221 226 223 225 222 224 220 227 224 206 221 207 225 227 224 226 223 206 221 228 226 207 225 208 195 228 226 212 197 211 219 228 226 208 195 212 197 228 226 211 219 225 222 228 226 227 224 207 225 228 226 225 222 226 223 228 226 226 223 227 224 229 227 217 209 218 210 229 227 216 208 217 209 229 227 218 210 205 211 229 227 219 212 216 208 230 228 229 227 205 211 230 228 219 212 229 227 231 229 205 211 206 221 231 229 206 221 222 216 231 229 230 228 205 211 231 229 221 215 219 212 231 229 222 216 221 215 231 229 219 212 230 228 232 230 197 213 219 212 232 230 219 212 221 215 232 230 223 217 197 213 232 230 221 215 220 214 232 230 220 214 223 217 238 231 233 232 237 233 239 234 234 235 233 232 239 234 233 232 238 231 241 236 235 237 234 235 241 236 234 235 239 234 240 238 236 239 235 237 240 238 235 237 241 236 245 240 243 241 242 242 245 240 242 242 244 243 246 244 248 244 259 244 257 245 260 246 258 247 257 245 247 248 260 246 256 249 249 250 247 248 256 249 247 248 257 245 255 251 249 250 256 249 251 252 250 253 249 250 254 254 249 250 255 251 253 255 249 250 254 254 252 256 251 252 249 250 252 256 249 250 253 255 271 257 268 258 267 259 271 257 269 260 268 258 271 257 270 261 269 260 272 262 267 259 266 263 272 262 271 257 267 259 273 264 266 263 265 265 273 264 272 262 266 263 274 266 265 265 264 267 274 266 273 264 265 265 275 268 264 267 263 269 275 268 274 266 264 267 276 270 275 268 263 269 277 271 263 269 262 272 277 271 276 270 263 269 278 273 262 272 261 274 278 273 277 271 262 272 278 275 261 275 279 275 280 276 287 277 286 278 281 279 280 276 286 278 282 280 286 278 285 281 282 280 281 279 286 278 283 282 285 281 284 283 283 282 282 280 285 281 307 284 294 285 293 286 306 287 294 285 307 284 305 288 295 289 294 285 305 288 294 285 306 287 304 290 296 291 295 289 304 290 295 289 305 288 303 292 297 293 296 291 303 292 298 294 297 293 303 292 296 291 304 290 302 295 289 296 288 297 302 295 288 297 298 294 302 295 298 294 303 292 301 298 290 299 289 296 301 298 289 296 302 295 300 300 291 301 290 299 300 300 290 299 301 298 299 302 292 303 291 301 299 302 291 301 300 300 308 304 321 304 310 304 318 305 320 306 322 307 318 305 322 307 309 308 319 309 309 308 311 310 319 309 318 305 309 308 314 311 319 309 311 310 313 312 311 310 312 313 317 314 311 310 313 312 315 315 314 311 311 310 316 316 315 315 311 310 316 316 311 310 317 314 330 317 323 318 324 319 330 317 336 320 323 318 329 321 337 322 336 320 329 321 336 320 330 317 328 323 337 322 329 321 327 324 338 325 337 322 327 324 337 322 328 323 326 326 339 327 338 325 326 326 338 325 327 324 325 328 340 329 339 327 325 328 341 330 340 329 325 328 339 327 326 326 331 331 334 332 341 330 331 331 341 330 325 328 332 333 333 333 335 333 344 334 343 335 342 336 348 337 344 334 342 336 345 338 344 334 348 337 347 339 345 338 348 337 346 340 345 338 347 339 351 341 352 342 353 343 356 344 355 345 354 346 356 344 350 347 355 345 349 348 350 347 356 344 357 349 350 347 351 341 357 349 353 343 355 345 357 349 351 341 353 343 357 349 355 345 350 347 360 350 365 351 361 352 364 353 365 351 360 350 363 354 359 355 358 356 363 354 360 350 359 355 363 354 364 353 360 350 362 357 363 354 358 356 380 358 379 359 378 360 367 361 366 362 380 358 371 363 375 364 374 365 371 363 370 366 375 364 372 367 371 363 374 365 373 368 372 367 374 365 381 369 370 366 369 370 381 369 376 371 375 364 381 369 377 372 376 371 381 369 378 360 377 372 381 369 380 358 378 360 381 369 375 364 370 366 382 373 368 374 367 361 382 373 369 370 368 374 382 373 380 358 381 369 382 373 367 361 380 358 382 373 381 369 369 370 384 375 383 376 394 377 399 378 395 379 396 380 400 381 394 377 395 379 400 381 395 379 399 378 401 382 400 381 399 378 402 383 400 381 401 382 403 384 386 385 384 375 403 384 394 377 400 381 403 384 400 381 402 383 403 384 384 375 394 377 404 386 390 387 391 388 405 389 404 386 391 388 405 389 406 390 404 386 405 389 407 391 406 390 408 392 391 388 392 393 408 392 405 389 391 388 408 392 409 394 407 391 408 392 407 391 405 389 408 392 410 395 409 394 411 396 385 397 386 385 411 396 392 393 385 397 411 396 410 395 408 392 411 396 408 392 392 393 412 398 396 380 397 399 412 398 397 399 398 400 412 398 398 400 393 401 412 398 399 378 396 380 413 402 393 401 387 403 413 402 414 404 401 382 413 402 401 382 399 378 413 402 412 398 393 401 413 402 399 378 412 398 415 405 414 404 413 402 415 405 406 390 414 404 415 405 404 386 406 390 415 405 413 402 387 403 416 406 402 383 401 382 416 406 414 404 406 390 416 406 403 384 402 383 416 406 386 385 403 384 416 406 401 382 414 404 416 406 411 396 386 385 416 406 406 390 407 391 416 406 407 391 409 394 416 406 409 394 410 395 416 406 410 395 411 396 417 407 389 408 390 387 417 407 390 387 404 386 417 407 415 405 387 403 417 407 404 386 415 405 418 409 387 403 388 410 418 409 388 410 389 408 418 409 417 407 387 403 418 409 389 408 417 407 420 411 424 412 421 413 420 411 425 414 424 412 426 415 425 414 420 411 423 416 426 415 420 411 419 417 423 416 420 411 422 418 423 416 419 417 445 419 447 420 446 421 451 422 448 423 447 420 444 424 447 420 445 419 444 424 451 422 447 420 443 425 451 422 444 424 432 426 443 425 442 427 432 426 451 422 443 425 433 428 442 427 441 429 433 428 432 426 442 427 431 430 451 422 432 426 434 431 441 429 440 432 434 431 433 428 441 429 435 433 437 434 436 435 435 433 438 436 437 434 435 433 439 437 438 436 435 433 440 432 439 437 435 433 434 431 440 432 430 438 450 439 451 422 430 438 451 422 431 430 429 440 450 439 430 438 428 441 450 439 429 440 449 442 450 439 428 441 427 443 449 442 428 441 452 444 482 445 481 446 453 447 480 448 479 449 453 447 481 446 480 448 453 447 452 444 481 446 471 450 465 451 464 452 471 450 466 453 465 451 471 450 467 454 466 453 471 450 468 455 467 454 471 450 469 456 468 455 471 450 470 457 469 456 459 458 461 459 460 460 459 458 462 461 461 459 454 462 479 449 478 463 454 462 453 447 479 449 455 464 478 463 477 465 455 464 454 462 478 463 456 466 476 467 475 468 456 466 477 465 476 467 456 466 455 464 477 465 457 469 474 470 473 471 457 469 475 468 474 470 457 469 456 466 475 468 458 472 463 473 462 461 458 472 464 452 463 473 458 472 472 474 471 450 458 472 473 471 472 474 458 472 462 461 459 458 458 472 471 450 464 452 458 472 457 469 473 471 485 475 487 476 486 477 484 478 483 479 487 476 484 478 487 476 485 475 493 480 490 481 489 482 493 480 491 483 490 481 494 484 492 484 488 484 496 485 498 486 497 487 499 488 498 486 496 485 495 489 499 488 496 485 503 490 500 491 504 492 502 493 501 494 500 491 502 493 500 491 503 490 514 495 507 496 508 497 513 498 506 499 507 496 513 498 507 496 514 495 512 500 506 499 513 498 511 501 506 499 512 500 510 502 506 499 511 501 515 503 505 504 506 499 509 505 506 499 510 502 516 506 515 503 506 499 516 506 506 499 509 505 524 507 519 508 518 509 524 507 520 510 519 508 524 507 521 511 520 510 524 507 522 512 521 511 523 513 518 509 517 514 523 513 524 507 518 509 541 515 531 516 530 517 541 515 532 518 531 516 541 515 533 519 532 518 542 520 534 521 533 519 542 520 533 519 541 515 543 522 535 523 534 521 543 522 536 524 535 523 543 522 534 521 542 520 544 525 542 520 541 515 545 526 542 520 544 525 545 526 543 522 542 520 546 527 537 528 536 524 546 527 543 522 545 526 546 527 536 524 543 522 547 529 530 517 529 530 547 529 544 525 541 515 547 529 541 515 530 517 548 531 550 532 549 533 551 534 528 535 527 536 551 534 529 530 528 535 552 537 550 532 548 531 553 538 551 534 527 536 553 538 548 531 551 534 553 538 552 537 548 531 554 539 538 540 550 532 554 539 550 532 552 537 555 541 526 542 525 543 555 541 527 536 526 542 555 541 525 543 540 544 555 541 553 538 527 536 555 541 552 537 553 538 555 541 554 539 552 537 556 545 539 546 538 540 556 545 540 544 539 546 556 545 555 541 540 544 556 545 538 540 554 539 556 545 554 539 555 541 557 547 546 527 545 526 557 547 545 526 544 525 557 547 544 525 547 529 557 547 537 528 546 527 558 548 557 547 547 529 558 548 537 528 557 547 559 549 538 540 537 528 559 549 537 528 558 548 559 549 547 529 549 533 559 549 550 532 538 540 559 549 549 533 550 532 559 549 558 548 547 529 560 550 547 529 529 530 560 550 549 533 547 529 560 550 548 531 549 533 560 550 529 530 551 534 560 550 551 534 548 531 567 551 566 552 563 553 568 554 563 553 564 555 568 554 567 551 563 553 569 556 564 555 565 557 569 556 568 554 564 555 561 558 565 557 562 559 561 558 569 556 565 557 575 560 574 561 573 562 576 563 573 562 572 564 576 563 575 560 573 562 577 565 576 563 572 564 570 566 572 564 571 567 570 566 577 565 572 564 588 568 578 569 579 570 588 568 596 571 578 569 587 572 597 573 596 571 587 572 596 571 588 568 586 574 598 575 597 573 586 574 589 576 598 575 586 574 597 573 587 572 585 577 590 578 589 576 585 577 589 576 586 574 584 579 591 580 590 578 584 579 592 581 591 580 584 579 590 578 585 577 583 582 593 583 592 581 583 582 592 581 584 579 582 584 594 585 593 583 582 584 593 583 583 582 581 586 595 587 594 585 581 586 594 585 582 584 580 588 595 587 581 586 599 589 601 590 600 591 599 589 602 592 601 590 606 593 604 594 603 595 606 593 605 596 604 594 610 597 608 598 607 599 612 600 610 597 607 599 609 601 610 597 612 600 611 602 609 601 612 600 614 603 615 604 613 605 614 603 616 606 615 604 619 607 617 608 618 609 619 607 618 609 620 610 623 611 621 612 622 613 623 611 622 613 624 614 631 615 636 616 632 617 630 618 633 619 634 620 630 618 634 620 635 621 630 618 635 621 636 616 630 618 636 616 631 615 629 622 633 619 630 618 625 623 633 619 629 622 628 624 625 623 629 622 627 625 626 626 625 623 627 625 625 623 628 624 639 627 653 627 651 627 648 628 642 628 640 628 647 629 638 629 650 629 643 630 641 630 646 630 645 631 644 631 649 631 637 632 654 633 638 634 654 635 652 635 638 635 658 636 659 637 655 638 657 639 655 638 656 640 657 639 658 636 655 638 661 641 671 642 670 643 661 641 662 644 671 642 668 645 669 646 667 647 668 645 670 643 669 646 668 645 661 641 670 643 666 648 660 649 661 641 665 650 661 641 668 645 665 650 666 648 661 641 664 651 665 650 668 645 663 652 664 651 668 645 673 653 682 654 681 655 673 653 672 656 682 654 674 657 681 655 680 658 674 657 673 653 681 655 675 659 680 658 679 660 675 659 674 657 680 658 676 661 679 660 678 662 676 661 675 659 679 660 677 663 676 661 678 662 684 664 691 665 692 666 684 664 692 666 693 667 684 664 683 668 691 665 685 669 693 667 694 670 685 669 684 664 693 667 686 671 694 670 695 672 686 671 685 669 694 670 687 673 695 672 696 674 687 673 696 674 690 675 687 673 686 671 695 672 688 676 687 673 690 675 689 677 688 676 690 675 699 678 697 678 713 678 700 679 698 679 711 679 702 680 701 680 712 680 710 681 702 681 712 681 708 682 702 682 710 682 704 683 707 683 705 683 703 684 709 684 706 684 722 685 717 686 718 687 722 685 718 687 719 688 722 685 719 688 720 689 715 690 720 689 714 691 715 690 722 685 720 689 723 692 721 693 722 685 723 692 722 685 715 690 724 694 723 692 715 690 725 695 724 694 715 690 726 696 725 695 715 690 727 697 726 696 715 690 716 698 727 697 715 690 739 699 728 700 740 701 729 702 737 703 736 704 729 702 738 705 737 703 729 702 739 699 738 705 729 702 728 700 739 699 730 706 729 702 736 704 735 707 731 708 730 706 735 707 732 709 731 708 735 707 733 710 732 709 735 707 734 711 733 710 735 707 730 706 736 704 742 712 741 712 743 712 745 713 744 714 757 715 745 713 757 715 758 716 746 717 758 716 759 718 746 717 759 718 760 719 746 717 745 713 758 716 747 720 760 719 761 721 747 720 746 717 760 719 748 722 761 721 762 723 748 722 747 720 761 721 749 724 748 722 762 723 756 725 750 726 749 724 756 725 762 723 763 727 756 725 763 727 764 728 756 725 764 728 765 729 756 725 765 729 755 730 756 725 749 724 762 723 751 731 750 726 756 725 752 732 751 731 756 725 753 733 752 732 756 725 754 734 753 733 756 725 788 735 779 736 780 737 788 735 780 737 781 738 767 739 766 740 788 735 768 741 767 739 788 735 769 742 768 741 788 735 770 743 769 742 788 735 777 744 786 745 787 746 777 744 787 746 778 747 771 748 781 738 782 749 771 748 788 735 781 738 771 748 770 743 788 735 776 750 784 751 785 752 776 750 785 752 786 745 776 750 786 745 777 744 772 753 771 748 782 749 775 754 783 755 784 751 775 754 784 751 776 750 773 756 782 749 783 755 773 756 772 753 782 749 774 757 783 755 775 754 774 757 773 756 783 755 821 758 808 759 809 760 821 758 809 760 810 761 821 758 810 761 811 762 821 758 820 763 808 759 822 764 820 763 821 758 822 764 821 758 811 762 823 765 820 763 822 764 823 765 822 764 811 762 824 766 801 767 802 768 824 766 811 762 812 769 824 766 812 769 813 770 824 766 813 770 814 771 824 766 814 771 815 772 824 766 815 772 801 767 824 766 820 763 823 765 824 766 823 765 811 762 825 773 819 774 820 763 825 773 824 766 802 768 825 773 820 763 824 766 826 775 819 774 825 773 826 775 825 773 802 768 827 776 802 768 803 777 827 776 818 778 819 774 827 776 819 774 826 775 827 776 826 775 802 768 828 779 827 776 803 777 828 779 818 778 827 776 829 780 803 777 804 781 829 780 817 782 818 778 829 780 828 779 803 777 829 780 818 778 828 779 830 783 804 781 805 784 830 783 829 780 804 781 830 783 817 782 829 780 831 785 817 782 830 783 831 785 830 783 805 784 832 786 805 784 806 787 832 786 816 788 817 782 832 786 817 782 831 785 832 786 831 785 805 784 833 789 832 786 806 787 833 789 816 788 832 786 834 790 806 787 807 791 834 790 833 789 806 787 834 790 816 788 833 789 835 792 790 793 789 794 835 792 791 795 790 793 835 792 792 796 791 795 836 797 792 796 835 792 837 798 793 799 792 796 837 798 794 800 793 799 837 798 795 801 794 800 837 798 792 796 836 797 838 802 816 788 834 790 838 802 789 794 816 788 839 803 836 797 835 792 839 803 838 802 840 804 839 803 789 794 838 802 839 803 835 792 789 794 841 805 840 804 807 791 841 805 795 801 837 798 841 805 796 806 795 801 841 805 797 807 796 806 841 805 798 808 797 807 841 805 799 809 798 808 841 805 800 810 799 809 841 805 807 791 800 810 842 811 807 791 840 804 842 811 840 804 838 802 842 811 834 790 807 791 842 811 838 802 834 790 843 812 837 798 836 797 843 812 839 803 840 804 843 812 836 797 839 803 843 812 841 805 837 798 843 812 840 804 841 805 873 813 846 814 847 815 873 813 859 816 846 814 874 817 864 818 873 813 874 817 873 813 847 815 875 819 847 815 848 820 875 819 863 821 864 818 875 819 874 817 847 815 875 819 864 818 874 817 876 822 875 819 848 820 876 822 863 821 875 819 877 823 848 820 849 824 877 823 862 825 863 821 877 823 876 822 848 820 877 823 863 821 876 822 878 826 862 825 877 823 878 826 877 823 849 824 879 827 849 824 850 828 879 827 878 826 849 824 879 827 862 825 878 826 880 829 850 828 851 830 880 829 861 831 862 825 880 829 879 827 850 828 880 829 862 825 879 827 881 832 861 831 880 829 881 832 880 829 851 830 882 833 881 832 851 830 882 833 861 831 881 832 883 834 861 831 882 833 884 835 869 836 868 837 884 835 870 838 869 836 885 839 871 840 870 838 885 839 870 838 884 835 886 841 845 842 844 843 886 841 872 844 871 840 886 841 844 843 872 844 886 841 871 840 885 839 887 845 853 846 854 847 887 845 854 847 855 848 887 845 855 848 856 849 887 845 856 849 857 850 887 845 857 850 858 851 887 845 858 851 859 816 887 845 864 818 853 846 887 845 859 816 873 813 887 845 873 813 864 818 888 852 851 830 852 853 888 852 882 833 851 830 889 854 882 833 888 852 889 854 852 853 845 842 889 854 890 855 883 834 889 854 888 852 852 853 889 854 883 834 882 833 889 854 845 842 891 856 889 854 891 856 890 855 892 857 860 858 861 831 892 857 865 859 860 858 892 857 883 834 890 855 892 857 861 831 883 834 893 860 866 861 865 859 893 860 867 862 866 861 893 860 868 837 867 862 893 860 884 835 868 837 893 860 865 859 892 857 894 863 886 841 885 839 894 863 884 835 893 860 894 863 845 842 886 841 894 863 891 856 845 842 894 863 890 855 891 856 894 863 893 860 892 857 894 863 885 839 884 835 894 863 892 857 890 855 924 864 914 865 913 866 924 864 915 867 914 865 925 868 911 869 910 870 925 868 912 871 911 869 925 868 913 866 912 871 925 868 923 872 924 864 925 868 924 864 913 866 926 873 922 874 923 872 926 873 923 872 925 868 927 875 926 873 925 868 928 876 908 877 904 878 928 876 909 879 908 877 928 876 910 870 909 879 928 876 927 875 925 868 928 876 925 868 910 870 929 880 926 873 927 875 929 880 927 875 928 876 929 880 922 874 926 873 929 880 928 876 904 878 930 881 904 878 905 882 930 881 919 883 920 884 930 881 920 884 921 885 930 881 921 885 922 874 930 881 929 880 904 878 930 881 922 874 929 880 931 886 918 887 919 883 931 886 919 883 930 881 931 886 930 881 905 882 932 888 917 889 918 887 932 888 931 886 905 882 932 888 918 887 931 886 933 890 917 889 932 888 933 890 932 888 905 882 934 891 905 882 906 892 934 891 916 893 917 889 934 891 917 889 933 890 934 891 933 890 905 882 935 894 916 893 934 891 935 894 934 891 906 892 936 895 906 892 907 896 936 895 916 893 935 894 936 895 935 894 906 892 937 897 898 898 899 899 937 897 899 899 900 900 937 897 900 900 901 901 937 897 901 901 902 902 937 897 902 902 903 903 937 897 903 903 916 893 937 897 936 895 907 896 937 897 916 893 936 895 938 904 898 898 937 897 938 904 937 897 907 896 939 905 898 898 938 904 939 905 938 904 907 896 940 906 939 905 907 896 940 906 895 907 896 908 940 906 896 908 897 909 940 906 897 909 898 898 940 906 907 896 895 907 940 906 898 898 939 905 954 910 963 911 953 912 969 913 954 910 955 914 969 913 964 915 963 911 969 913 965 916 964 915 969 913 966 917 965 916 969 913 963 911 954 910 970 918 967 919 966 917 970 918 968 920 967 919 970 918 945 921 968 920 970 918 966 917 969 913 971 922 955 914 956 923 971 922 956 923 957 924 971 922 970 918 969 913 971 922 957 924 970 918 971 922 969 913 955 914 972 925 944 926 945 921 972 925 957 924 958 927 972 925 970 918 957 924 972 925 945 921 970 918 973 928 958 927 959 929 973 928 944 926 972 925 973 928 972 925 958 927 974 930 944 926 973 928 974 930 973 928 959 929 975 931 943 932 944 926 975 931 959 929 960 933 975 931 944 926 974 930 975 931 974 930 959 929 976 934 975 931 960 933 976 934 943 932 975 931 977 935 960 933 961 936 977 935 943 932 976 934 977 935 976 934 960 933 978 937 942 938 943 932 978 937 961 936 962 939 978 937 977 935 961 936 978 937 943 932 977 935 979 940 978 937 962 939 979 940 942 938 978 937 980 941 941 942 942 938 980 941 949 943 950 944 980 941 950 944 951 945 980 941 951 945 952 946 980 941 952 946 941 942 980 941 942 938 979 940 980 941 979 940 962 939 981 947 948 948 949 943 981 947 949 943 980 941 981 947 980 941 962 939 982 949 946 950 947 951 982 949 947 951 948 948 982 949 962 939 946 950 982 949 948 948 981 947 982 949 981 947 962 939 993 952 985 953 986 954 987 955 993 952 986 954 994 956 993 952 987 955 988 957 994 956 987 955 995 958 994 956 988 957 989 959 995 958 988 957 996 960 995 958 989 959 990 961 996 960 989 959 997 962 996 960 990 961 991 963 997 962 990 961 998 964 997 962 991 963 992 965 998 964 991 963 999 966 998 964 992 965 983 967 999 966 992 965 984 968 999 966 983 967 1009 969 1000 970 1001 971 1002 972 1009 969 1001 971 1010 973 1009 969 1002 972 1003 974 1010 973 1002 972 1011 975 1010 973 1003 974 1004 976 1011 975 1003 974 1012 977 1011 975 1004 976 1005 978 1012 977 1004 976 1013 979 1012 977 1005 978 1006 980 1013 979 1005 978 1014 981 1013 979 1006 980 1007 982 1014 981 1006 980 1008 983 1014 981 1007 982 1029 984 1019 985 1020 986 1029 984 1020 986 1021 987 1016 988 1025 989 1026 990 1016 988 1026 990 1015 991 1030 992 1027 993 1028 994 1031 995 1030 992 1028 994 1036 996 1035 997 1017 998 1018 999 1036 996 1017 998 1037 1000 1021 987 1022 1001 1037 1000 1022 1001 1023 1002 1037 1000 1023 1002 1024 1003 1037 1000 1024 1003 1025 989 1037 1000 1029 984 1021 987 1037 1000 1025 989 1016 988 1038 1004 1016 988 1017 998 1038 1004 1028 994 1029 984 1038 1004 1029 984 1037 1000 1038 1004 1037 1000 1016 988 1039 1005 1032 1006 1031 995 1039 1005 1033 1007 1032 1006 1039 1005 1034 1008 1033 1007 1039 1005 1035 997 1034 1008 1039 1005 1038 1004 1017 998 1039 1005 1028 994 1038 1004 1039 1005 1031 995 1028 994 1039 1005 1017 998 1035 997 1054 1009 1044 1010 1045 1011 1054 1009 1045 1011 1046 1012 1041 1013 1049 1014 1050 1015 1041 1013 1050 1015 1051 1016 1041 1013 1051 1016 1040 1017 1055 1018 1052 1019 1053 1020 1056 1021 1055 1018 1053 1020 1060 1022 1059 1023 1042 1024 1061 1025 1060 1022 1042 1024 1043 1026 1061 1025 1042 1024 1062 1027 1046 1012 1047 1028 1062 1027 1047 1028 1048 1029 1062 1027 1048 1029 1049 1014 1062 1027 1054 1009 1046 1012 1062 1027 1049 1014 1041 1013 1063 1030 1041 1013 1042 1024 1063 1030 1053 1020 1054 1009 1063 1030 1054 1009 1062 1027 1063 1030 1062 1027 1041 1013 1064 1031 1057 1032 1056 1021 1064 1031 1058 1033 1057 1032 1064 1031 1059 1023 1058 1033 1064 1031 1063 1030 1042 1024 1064 1031 1053 1020 1063 1030 1064 1031 1056 1021 1053 1020 1064 1031 1042 1024 1059 1023 1070 1034 1092 1035 1091 1036 1070 1034 1071 1037 1092 1035 1080 1038 1086 1039 1079 1040 1080 1038 1087 1041 1086 1039 1093 1042 1088 1043 1087 1041 1093 1042 1089 1044 1088 1043 1093 1042 1090 1045 1089 1044 1093 1042 1091 1036 1090 1045 1093 1042 1087 1041 1080 1038 1093 1042 1070 1034 1091 1036 1094 1046 1069 1047 1070 1034 1094 1046 1080 1038 1081 1048 1094 1046 1093 1042 1080 1038 1094 1046 1070 1034 1093 1042 1095 1049 1094 1046 1081 1048 1095 1049 1069 1047 1094 1046 1096 1050 1068 1051 1069 1047 1096 1050 1081 1048 1082 1052 1096 1050 1095 1049 1081 1048 1096 1050 1069 1047 1095 1049 1097 1053 1096 1050 1082 1052 1097 1053 1068 1051 1096 1050 1098 1054 1067 1055 1068 1051 1098 1054 1082 1052 1083 1056 1098 1054 1097 1053 1082 1052 1098 1054 1068 1051 1097 1053 1099 1057 1067 1055 1098 1054 1099 1057 1098 1054 1083 1056 1100 1058 1066 1059 1067 1055 1100 1058 1083 1056 1084 1060 1100 1058 1099 1057 1083 1056 1100 1058 1067 1055 1099 1057 1101 1061 1066 1059 1100 1058 1101 1061 1100 1058 1084 1060 1102 1062 1084 1060 1085 1063 1102 1062 1066 1059 1101 1061 1102 1062 1101 1061 1084 1060 1103 1064 1065 1065 1066 1059 1103 1064 1074 1066 1075 1067 1103 1064 1075 1067 1076 1068 1103 1064 1076 1068 1077 1069 1103 1064 1077 1069 1078 1070 1103 1064 1078 1070 1065 1065 1103 1064 1066 1059 1102 1062 1103 1064 1102 1062 1085 1063 1104 1071 1072 1072 1073 1073 1104 1071 1073 1073 1074 1066 1104 1071 1085 1063 1072 1072 1104 1071 1074 1066 1103 1064 1104 1071 1103 1064 1085 1063 1132 1074 1110 1075 1111 1076 1132 1074 1129 1077 1128 1078 1132 1074 1130 1079 1129 1077 1132 1074 1131 1080 1130 1079 1132 1074 1111 1076 1131 1080 1133 1081 1110 1075 1132 1074 1133 1081 1132 1074 1128 1078 1134 1082 1119 1083 1120 1084 1134 1082 1125 1085 1119 1083 1134 1082 1126 1086 1125 1085 1134 1082 1127 1087 1126 1086 1134 1082 1128 1078 1127 1087 1134 1082 1110 1075 1133 1081 1134 1082 1133 1081 1128 1078 1135 1088 1109 1089 1110 1075 1135 1088 1110 1075 1134 1082 1135 1088 1134 1082 1120 1084 1136 1090 1109 1089 1135 1088 1136 1090 1135 1088 1120 1084 1137 1091 1108 1092 1109 1089 1137 1091 1120 1084 1121 1093 1137 1091 1136 1090 1120 1084 1137 1091 1109 1089 1136 1090 1138 1094 1137 1091 1121 1093 1138 1094 1108 1092 1137 1091 1139 1095 1107 1096 1108 1092 1139 1095 1121 1093 1122 1097 1139 1095 1108 1092 1138 1094 1139 1095 1138 1094 1121 1093 1140 1098 1107 1096 1139 1095 1140 1098 1139 1095 1122 1097 1141 1099 1106 1100 1107 1096 1141 1099 1122 1097 1123 1101 1141 1099 1140 1098 1122 1097 1141 1099 1107 1096 1140 1098 1142 1102 1106 1100 1141 1099 1142 1102 1141 1099 1123 1101 1143 1103 1105 1104 1106 1100 1143 1103 1123 1101 1124 1105 1143 1103 1106 1100 1142 1102 1143 1103 1142 1102 1123 1101 1144 1106 1114 1107 1115 1108 1144 1106 1115 1108 1116 1109 1144 1106 1116 1109 1117 1110 1144 1106 1117 1110 1118 1111 1144 1106 1118 1111 1105 1104 1144 1106 1105 1104 1143 1103 1144 1106 1143 1103 1124 1105 1145 1112 1112 1113 1113 1114 1145 1112 1113 1114 1114 1107 1145 1112 1124 1105 1112 1113 1145 1112 1114 1107 1144 1106 1145 1112 1144 1106 1124 1105 1155 1115 1148 1116 1149 1117 1155 1115 1149 1117 1150 1118 1155 1115 1154 1119 1148 1116 1156 1120 1155 1115 1150 1118 1157 1121 1150 1118 1151 1122 1157 1121 1156 1120 1150 1118 1158 1123 1151 1122 1152 1124 1158 1123 1157 1121 1151 1122 1159 1125 1152 1124 1153 1126 1159 1125 1158 1123 1152 1124 1160 1127 1153 1126 1146 1128 1160 1127 1159 1125 1153 1126 1147 1129 1160 1127 1146 1128 1169 1130 1163 1131 1164 1132 1170 1133 1164 1132 1165 1134 1170 1133 1169 1130 1164 1132 1171 1135 1170 1133 1165 1134 1172 1136 1165 1134 1166 1137 1172 1136 1171 1135 1165 1134 1173 1138 1166 1137 1167 1139 1173 1138 1172 1136 1166 1137 1174 1140 1167 1139 1168 1141 1174 1140 1173 1138 1167 1139 1175 1142 1168 1141 1161 1143 1175 1142 1174 1140 1168 1141 1162 1144 1175 1142 1161 1143 1191 1145 1189 1146 1188 1147 1192 1148 1186 1149 1185 1150 1192 1148 1187 1151 1186 1149 1192 1148 1188 1147 1187 1151 1192 1148 1191 1145 1188 1147 1193 1152 1190 1153 1191 1145 1193 1152 1191 1145 1192 1148 1194 1154 1184 1155 1183 1156 1194 1154 1185 1150 1184 1155 1194 1154 1193 1152 1192 1148 1194 1154 1190 1153 1193 1152 1194 1154 1192 1148 1185 1150 1195 1157 1179 1158 1180 1159 1195 1157 1180 1159 1181 1160 1195 1157 1181 1160 1182 1161 1195 1157 1182 1161 1190 1153 1196 1162 1176 1163 1177 1164 1196 1162 1177 1164 1178 1165 1196 1162 1178 1165 1179 1158 1196 1162 1183 1156 1176 1163 1196 1162 1194 1154 1183 1156 1196 1162 1195 1157 1190 1153 1196 1162 1179 1158 1195 1157 1196 1162 1190 1153 1194 1154 1206 1166 1209 1167 1205 1168 1214 1169 1212 1170 1211 1171 1214 1169 1213 1172 1212 1170 1214 1169 1198 1173 1213 1172 1215 1174 1206 1166 1207 1175 1215 1174 1210 1176 1209 1167 1215 1174 1211 1171 1210 1176 1215 1174 1209 1167 1206 1166 1215 1174 1214 1169 1211 1171 1215 1174 1207 1175 1214 1169 1216 1177 1207 1175 1208 1178 1216 1177 1198 1173 1214 1169 1216 1177 1214 1169 1207 1175 1217 1179 1197 1180 1198 1173 1217 1179 1201 1181 1202 1182 1217 1179 1202 1182 1203 1183 1217 1179 1203 1183 1204 1184 1217 1179 1204 1184 1197 1180 1217 1179 1198 1173 1216 1177 1217 1179 1216 1177 1208 1178 1218 1185 1199 1186 1200 1187 1218 1185 1200 1187 1201 1181 1218 1185 1208 1178 1199 1186 1218 1185 1201 1181 1217 1179 1218 1185 1217 1179 1208 1178 1232 1188 1224 1189 1225 1190 1232 1188 1225 1190 1226 1191 1232 1188 1226 1191 1227 1192 1232 1188 1227 1192 1228 1193 1232 1188 1228 1193 1219 1194 1220 1195 1231 1196 1232 1188 1220 1195 1232 1188 1219 1194 1238 1197 1220 1195 1221 1198 1238 1197 1230 1199 1231 1196 1238 1197 1231 1196 1220 1195 1239 1200 1230 1199 1238 1197 1239 1200 1238 1197 1221 1198 1240 1201 1221 1198 1222 1202 1240 1201 1239 1200 1221 1198 1240 1201 1230 1199 1239 1200 1241 1203 1222 1202 1223 1204 1241 1203 1229 1205 1230 1199 1241 1203 1233 1206 1229 1205 1241 1203 1234 1207 1233 1206 1241 1203 1235 1208 1234 1207 1241 1203 1236 1209 1235 1208 1241 1203 1237 1210 1236 1209 1241 1203 1223 1204 1237 1210 1241 1203 1240 1201 1222 1202 1241 1203 1230 1199 1240 1201 1254 1211 1247 1212 1248 1213 1254 1211 1248 1213 1249 1214 1254 1211 1249 1214 1250 1215 1254 1211 1250 1215 1242 1216 1243 1217 1253 1218 1254 1211 1243 1217 1254 1211 1242 1216 1244 1219 1253 1218 1243 1217 1260 1220 1252 1221 1253 1218 1260 1220 1253 1218 1244 1219 1261 1222 1244 1219 1245 1223 1261 1222 1252 1221 1260 1220 1261 1222 1260 1220 1244 1219 1262 1224 1245 1223 1246 1225 1262 1224 1251 1226 1252 1221 1262 1224 1255 1227 1251 1226 1262 1224 1256 1228 1255 1227 1262 1224 1257 1229 1256 1228 1262 1224 1258 1230 1257 1229 1262 1224 1259 1231 1258 1230 1262 1224 1246 1225 1259 1231 1262 1224 1261 1222 1245 1223 1262 1224 1252 1221 1261 1222 1264 1232 1275 1233 1274 1234 1264 1232 1276 1235 1275 1233 1264 1232 1265 1236 1276 1235 1272 1237 1273 1238 1271 1239 1272 1237 1274 1234 1273 1238 1272 1237 1264 1232 1274 1234 1270 1240 1263 1241 1264 1232 1269 1242 1270 1240 1264 1232 1268 1243 1264 1232 1272 1237 1268 1243 1269 1242 1264 1232 1267 1244 1268 1243 1272 1237 1266 1245 1267 1244 1272 1237 1278 1246 1288 1247 1287 1248 1278 1246 1279 1249 1288 1247 1285 1250 1286 1251 1284 1252 1285 1250 1287 1248 1286 1251 1285 1250 1278 1246 1287 1248 1283 1253 1277 1254 1278 1246 1282 1255 1278 1246 1285 1250 1282 1255 1283 1253 1278 1246 1281 1256 1282 1255 1285 1250 1280 1257 1281 1256 1285 1250 1296 1258 1293 1259 1294 1260 1297 1261 1294 1260 1295 1262 1297 1261 1296 1258 1294 1260 1298 1263 1295 1262 1291 1264 1298 1263 1297 1261 1295 1262 1299 1265 1291 1264 1292 1266 1299 1265 1298 1263 1291 1264 1300 1267 1292 1266 1289 1268 1300 1267 1299 1265 1292 1266 1290 1269 1300 1267 1289 1268 1308 1270 1306 1271 1307 1272 1309 1273 1307 1272 1303 1274 1309 1273 1308 1270 1307 1272 1310 1275 1303 1274 1304 1276 1310 1275 1309 1273 1303 1274 1311 1277 1304 1276 1305 1278 1311 1277 1310 1275 1304 1276 1302 1279 1305 1278 1301 1280 1302 1279 1311 1277 1305 1278 1313 1281 1312 1282 1321 1283 1318 1284 1313 1281 1321 1283 1314 1285 1313 1281 1318 1284 1320 1286 1318 1284 1321 1283 1317 1287 1314 1285 1318 1284 1319 1288 1318 1284 1320 1286 1316 1289 1315 1290 1314 1285 1316 1289 1314 1285 1317 1287 1323 1291 1322 1292 1324 1293 1326 1294 1323 1291 1324 1293 1325 1295 1326 1294 1324 1293 1334 1296 1328 1297 1327 1298 1334 1296 1327 1298 1336 1299 1337 1300 1333 1301 1334 1296 1337 1300 1334 1296 1336 1299 1332 1302 1333 1301 1337 1300 1338 1303 1331 1304 1332 1302 1338 1303 1332 1302 1337 1300 1339 1305 1330 1306 1331 1304 1339 1305 1331 1304 1338 1303 1340 1307 1329 1308 1330 1306 1340 1307 1330 1306 1339 1305 1335 1309 1329 1308 1340 1307 1341 1310 1342 1311 1344 1312 1343 1313 1341 1310 1344 1312 1346 1314 1348 1315 1347 1316 1346 1314 1345 1317 1348 1315 1356 1318 1363 1319 1364 1320 1356 1318 1364 1320 1357 1321 1355 1322 1363 1319 1356 1318 1354 1323 1362 1324 1363 1319 1354 1323 1363 1319 1355 1322 1353 1325 1361 1326 1362 1324 1353 1325 1362 1324 1354 1323 1352 1327 1360 1328 1361 1326 1352 1327 1361 1326 1353 1325 1351 1329 1360 1328 1352 1327 1350 1330 1359 1331 1360 1328 1350 1330 1360 1328 1351 1329 1349 1332 1358 1333 1359 1331 1349 1332 1359 1331 1350 1330 1388 1334 1383 1335 1382 1336 1384 1337 1383 1335 1388 1334 1380 1338 1387 1339 1386 1340 1380 1338 1381 1341 1387 1339 1366 1342 1393 1343 1365 1344 1373 1345 1366 1342 1367 1346 1372 1347 1373 1345 1367 1346 1371 1348 1367 1346 1368 1349 1371 1348 1372 1347 1367 1346 1370 1350 1371 1348 1368 1349 1369 1351 1370 1350 1368 1349 1394 1352 1379 1353 1380 1338 1394 1352 1385 1354 1384 1337 1394 1352 1386 1340 1385 1354 1394 1352 1388 1334 1389 1355 1394 1352 1384 1337 1388 1334 1394 1352 1380 1338 1386 1340 1395 1356 1378 1357 1379 1353 1395 1356 1389 1355 1390 1358 1395 1356 1394 1352 1389 1355 1395 1356 1379 1353 1394 1352 1396 1359 1395 1356 1390 1358 1396 1359 1378 1357 1395 1356 1397 1360 1377 1361 1378 1357 1397 1360 1390 1358 1391 1362 1397 1360 1378 1357 1396 1359 1397 1360 1396 1359 1390 1358 1398 1363 1376 1364 1377 1361 1398 1363 1377 1361 1397 1360 1398 1363 1397 1360 1391 1362 1399 1365 1398 1363 1391 1362 1399 1365 1376 1364 1398 1363 1400 1366 1375 1367 1376 1364 1400 1366 1391 1362 1392 1368 1400 1366 1376 1364 1399 1365 1400 1366 1399 1365 1391 1362 1401 1369 1373 1345 1374 1370 1401 1369 1374 1370 1375 1367 1401 1369 1392 1368 1393 1343 1401 1369 1400 1366 1392 1368 1401 1369 1375 1367 1400 1366 1401 1369 1393 1343 1366 1342 1401 1369 1366 1342 1373 1345 1407 1371 1404 1372 1405 1373 1409 1374 1405 1373 1406 1375 1409 1374 1407 1371 1405 1373 1408 1376 1409 1374 1406 1375 1403 1377 1406 1375 1402 1378 1403 1377 1408 1376 1406 1375 1411 1379 1410 1380 1412 1381 1411 1379 1412 1381 1413 1382 1414 1383 1411 1379 1413 1382 1432 1384 1446 1384 1435 1384 1449 1385 1436 1386 1435 1387 1448 1388 1434 1388 1445 1388 1444 1389 1447 1389 1433 1389 1426 1390 1436 1386 1449 1385 1415 1391 1427 1391 1450 1391 1428 1392 1427 1392 1415 1392 1431 1393 1443 1393 1432 1393 1417 1394 1428 1394 1415 1394 1442 1395 1443 1395 1431 1395 1424 1396 1428 1396 1417 1396 1418 1397 1423 1397 1416 1397 1422 1398 1425 1398 1419 1398 1420 1399 1421 1399 1418 1399 1440 1400 1431 1400 1429 1400 1440 1401 1442 1401 1431 1401 1438 1402 1429 1402 1437 1402 1439 1403 1441 1403 1430 1403 1456 1404 1457 1405 1458 1406 1464 1407 1456 1404 1458 1406 1463 1408 1455 1409 1456 1404 1463 1408 1456 1404 1464 1407 1462 1410 1454 1411 1455 1409 1462 1410 1455 1409 1463 1408 1461 1412 1453 1413 1454 1411 1461 1412 1454 1411 1462 1410 1460 1414 1452 1415 1453 1413 1460 1414 1453 1413 1461 1412 1459 1416 1451 1417 1452 1415 1459 1416 1452 1415 1460 1414 1511 1418 1514 1418 1465 1418 1466 1419 1511 1419 1465 1419 1512 1420 1511 1420 1466 1420 1469 1421 1513 1421 1467 1421 1470 1422 1495 1422 1512 1422 1470 1423 1512 1423 1468 1423 1471 1424 1495 1424 1470 1424 1498 1425 1496 1425 1472 1425 1475 1426 1498 1426 1472 1426 1499 1427 1497 1427 1473 1427 1477 1428 1500 1428 1474 1428 1503 1429 1501 1429 1478 1429 1479 1430 1502 1430 1476 1430 1506 1431 1504 1431 1481 1431 1482 1432 1505 1433 1480 1434 1507 1435 1505 1433 1482 1432 1485 1436 1508 1436 1483 1436 1509 1437 1507 1437 1484 1437 1489 1438 1510 1438 1486 1438 1493 1439 1509 1439 1487 1439 1491 1440 1494 1440 1488 1440 1492 1441 1493 1441 1490 1441 1525 1442 1516 1443 1515 1444 1517 1445 1516 1443 1525 1442 1518 1446 1525 1442 1526 1447 1518 1446 1517 1445 1525 1442 1519 1448 1526 1447 1527 1449 1519 1448 1518 1446 1526 1447 1520 1450 1519 1448 1527 1449 1528 1451 1520 1450 1527 1449 1521 1452 1520 1450 1528 1451 1529 1453 1521 1452 1528 1451 1522 1454 1521 1452 1529 1453 1530 1455 1522 1454 1529 1453 1523 1456 1530 1455 1524 1457 1523 1456 1522 1454 1530 1455 1532 1458 1533 1458 1534 1458 1536 1459 1532 1459 1534 1459 1538 1460 1531 1460 1535 1460 1537 1461 1539 1461 1536 1461 1549 1462 1542 1463 1546 1464 1543 1465 1542 1463 1549 1462 1548 1466 1543 1465 1549 1462 1544 1467 1543 1465 1548 1466 1545 1468 1544 1467 1548 1466 1547 1469 1541 1470 1545 1468 1547 1469 1545 1468 1548 1466 1550 1471 1541 1470 1547 1469 1540 1472 1541 1470 1550 1471 1551 1473 1540 1472 1550 1471 1586 1474 1591 1474 1593 1474 1555 1475 1585 1475 1592 1475 1589 1476 1587 1476 1556 1476 1582 1477 1565 1477 1568 1478 1583 1479 1569 1479 1570 1479 1554 1480 1590 1480 1557 1480 1571 1481 1588 1481 1552 1481 1579 1482 1562 1482 1566 1482 1581 1483 1567 1483 1584 1483 1559 1484 1573 1484 1553 1484 1578 1485 1561 1485 1564 1485 1577 1486 1563 1486 1580 1486 1574 1487 1572 1487 1558 1487 1576 1488 1559 1488 1560 1488 1576 1489 1560 1489 1577 1489 1575 1490 1574 1490 1558 1490 1597 1491 1599 1491 1598 1491 1601 1492 1599 1492 1597 1492 1594 1493 1600 1493 1596 1493 1602 1494 1601 1494 1595 1494 1606 1495 1608 1496 1607 1497 1609 1498 1608 1496 1606 1495 1605 1499 1609 1498 1606 1495 1610 1500 1609 1498 1605 1499 1604 1501 1610 1500 1605 1499 1611 1502 1604 1501 1603 1503 1611 1502 1610 1500 1604 1501 1612 1504 1611 1502 1603 1503 1614 1505 1612 1504 1603 1503 1613 1506 1612 1504 1614 1505 1654 1507 1616 1507 1656 1507 1617 1508 1615 1508 1653 1508 1652 1509 1618 1509 1655 1509 1624 1510 1636 1510 1622 1510 1621 1511 1618 1511 1652 1511 1637 1512 1636 1512 1624 1512 1650 1513 1620 1513 1651 1513 1634 1514 1619 1514 1649 1514 1639 1515 1623 1515 1626 1515 1641 1516 1638 1516 1625 1516 1647 1517 1632 1517 1635 1517 1647 1518 1635 1518 1650 1518 1644 1519 1628 1519 1631 1519 1646 1520 1633 1520 1648 1520 1642 1521 1627 1521 1629 1521 1642 1522 1640 1522 1627 1522 1643 1523 1630 1523 1645 1523 1658 1524 1659 1525 1657 1526 1658 1524 1660 1527 1659 1525 1661 1528 1662 1529 1668 1530 1665 1531 1668 1530 1667 1532 1665 1531 1661 1528 1668 1530 1664 1533 1667 1532 1666 1534 1664 1533 1665 1531 1667 1532 1663 1535 1664 1533 1666 1534 1671 1536 1676 1537 1675 1538 1671 1536 1672 1539 1676 1537 1670 1540 1675 1538 1674 1541 1670 1540 1671 1536 1675 1538 1669 1542 1674 1541 1673 1543 1669 1542 1670 1540 1674 1541 1684 1544 1683 1545 1678 1546 1685 1547 1684 1544 1678 1546 1679 1548 1685 1547 1678 1546 1686 1549 1677 1550 1678 1546 1686 1549 1680 1551 1681 1552 1686 1549 1681 1552 1682 1553 1686 1549 1682 1553 1677 1550 1686 1549 1683 1545 1680 1551 1686 1549 1678 1546 1683 1545 1694 1554 1692 1555 1693 1556 1695 1557 1694 1554 1693 1556 1688 1558 1695 1557 1693 1556 1696 1559 1687 1560 1688 1558 1696 1559 1689 1561 1690 1562 1696 1559 1690 1562 1691 1563 1696 1559 1691 1563 1687 1560 1696 1559 1693 1556 1689 1561 1696 1559 1688 1558 1693 1556 1716 1564 1703 1565 1704 1566 1716 1564 1704 1566 1705 1567 1716 1564 1705 1567 1706 1568 1716 1564 1706 1568 1697 1569 1716 1564 1713 1570 1703 1565 1717 1571 1697 1569 1698 1572 1717 1571 1712 1573 1713 1570 1717 1571 1716 1564 1697 1569 1717 1571 1713 1570 1716 1564 1718 1574 1717 1571 1698 1572 1718 1574 1712 1573 1717 1571 1719 1575 1711 1576 1712 1573 1719 1575 1718 1574 1698 1572 1719 1575 1712 1573 1718 1574 1720 1577 1698 1572 1699 1578 1720 1577 1710 1579 1711 1576 1720 1577 1711 1576 1719 1575 1720 1577 1719 1575 1698 1572 1721 1580 1720 1577 1699 1578 1721 1580 1710 1579 1720 1577 1722 1581 1699 1578 1700 1582 1722 1581 1709 1583 1710 1579 1722 1581 1710 1579 1721 1580 1722 1581 1721 1580 1699 1578 1723 1584 1709 1583 1722 1581 1723 1584 1722 1581 1700 1582 1724 1585 1700 1582 1701 1586 1724 1585 1708 1587 1709 1583 1724 1585 1709 1583 1723 1584 1724 1585 1723 1584 1700 1582 1725 1588 1724 1585 1701 1586 1725 1588 1708 1587 1724 1585 1726 1589 1701 1586 1702 1590 1726 1589 1707 1591 1708 1587 1726 1589 1714 1592 1707 1591 1726 1589 1715 1593 1714 1592 1726 1589 1702 1590 1715 1593 1726 1589 1708 1587 1725 1588 1726 1589 1725 1588 1701 1586 1747 1594 1734 1595 1735 1596 1747 1594 1735 1596 1736 1597 1747 1594 1744 1598 1734 1595 1748 1599 1727 1600 1728 1601 1748 1599 1736 1597 1737 1602 1748 1599 1737 1602 1727 1600 1748 1599 1744 1598 1747 1594 1748 1599 1747 1594 1736 1597 1749 1603 1743 1604 1744 1598 1749 1603 1748 1599 1728 1601 1749 1603 1744 1598 1748 1599 1750 1605 1742 1606 1743 1604 1750 1605 1743 1604 1749 1603 1750 1605 1749 1603 1728 1601 1751 1607 1728 1601 1729 1608 1751 1607 1741 1609 1742 1606 1751 1607 1742 1606 1750 1605 1751 1607 1750 1605 1728 1601 1752 1610 1751 1607 1729 1608 1752 1610 1741 1609 1751 1607 1753 1611 1729 1608 1730 1612 1753 1611 1740 1613 1741 1609 1753 1611 1741 1609 1752 1610 1753 1611 1752 1610 1729 1608 1754 1614 1753 1611 1730 1612 1754 1614 1740 1613 1753 1611 1755 1615 1730 1612 1731 1616 1755 1615 1739 1617 1740 1613 1755 1615 1754 1614 1730 1612 1755 1615 1740 1613 1754 1614 1756 1618 1755 1615 1731 1616 1756 1618 1739 1617 1755 1615 1757 1619 1731 1616 1732 1620 1757 1619 1756 1618 1731 1616 1757 1619 1739 1617 1756 1618 1758 1621 1732 1620 1733 1622 1758 1621 1738 1623 1739 1617 1758 1621 1745 1624 1738 1623 1758 1621 1746 1625 1745 1624 1758 1621 1733 1622 1746 1625 1758 1621 1757 1619 1732 1620 1758 1621 1739 1617 1757 1619 1764 1626 1759 1627 1760 1628 1764 1626 1768 1629 1767 1630 1764 1626 1760 1628 1768 1629 1763 1631 1764 1626 1767 1630 1762 1632 1767 1630 1766 1633 1762 1632 1763 1631 1767 1630 1761 1634 1766 1633 1765 1635 1761 1634 1762 1632 1766 1633 1774 1636 1773 1637 1772 1638 1778 1639 1772 1638 1771 1640 1778 1639 1774 1636 1772 1638 1777 1641 1778 1639 1771 1640 1776 1642 1770 1643 1769 1644 1776 1642 1771 1640 1770 1643 1776 1642 1777 1641 1771 1640 1775 1645 1776 1642 1769 1644 1800 1646 1795 1647 1796 1648 1801 1649 1786 1650 1787 1651 1801 1649 1787 1651 1788 1652 1801 1649 1796 1648 1786 1650 1802 1653 1779 1654 1780 1655 1802 1653 1788 1652 1789 1656 1802 1653 1789 1656 1779 1654 1802 1653 1801 1649 1788 1652 1802 1653 1780 1655 1800 1646 1802 1653 1800 1646 1796 1648 1802 1653 1796 1648 1801 1649 1803 1657 1800 1646 1780 1655 1803 1657 1795 1647 1800 1646 1804 1658 1780 1655 1781 1659 1804 1658 1794 1660 1795 1647 1804 1658 1803 1657 1780 1655 1804 1658 1795 1647 1803 1657 1805 1661 1794 1660 1804 1658 1805 1661 1804 1658 1781 1659 1806 1662 1793 1663 1794 1660 1806 1662 1805 1661 1781 1659 1806 1662 1794 1660 1805 1661 1807 1664 1781 1659 1782 1665 1807 1664 1792 1666 1793 1663 1807 1664 1806 1662 1781 1659 1807 1664 1793 1663 1806 1662 1808 1667 1792 1666 1807 1664 1808 1667 1807 1664 1782 1665 1809 1668 1782 1665 1783 1669 1809 1668 1791 1670 1792 1666 1809 1668 1808 1667 1782 1665 1809 1668 1792 1666 1808 1667 1810 1671 1809 1668 1783 1669 1810 1671 1791 1670 1809 1668 1811 1672 1783 1669 1784 1673 1811 1672 1810 1671 1783 1669 1811 1672 1791 1670 1810 1671 1812 1674 1790 1675 1791 1670 1812 1674 1797 1676 1790 1675 1812 1674 1798 1677 1797 1676 1812 1674 1811 1672 1784 1673 1812 1674 1791 1670 1811 1672 1813 1678 1784 1673 1785 1679 1813 1678 1799 1680 1798 1677 1813 1678 1785 1679 1799 1680 1813 1678 1812 1674 1784 1673 1813 1678 1798 1677 1812 1674 1835 1681 1821 1682 1822 1683 1835 1681 1822 1683 1823 1684 1835 1681 1831 1685 1821 1682 1836 1686 1814 1687 1815 1688 1836 1686 1823 1684 1824 1689 1836 1686 1824 1689 1814 1687 1836 1686 1835 1681 1823 1684 1836 1686 1831 1685 1835 1681 1837 1690 1830 1691 1831 1685 1837 1690 1831 1685 1836 1686 1837 1690 1836 1686 1815 1688 1838 1692 1830 1691 1837 1690 1838 1692 1837 1690 1815 1688 1839 1693 1815 1688 1816 1694 1839 1693 1829 1695 1830 1691 1839 1693 1838 1692 1815 1688 1839 1693 1830 1691 1838 1692 1840 1696 1839 1693 1816 1694 1840 1696 1829 1695 1839 1693 1841 1697 1828 1698 1829 1695 1841 1697 1840 1696 1816 1694 1841 1697 1829 1695 1840 1696 1842 1699 1816 1694 1817 1700 1842 1699 1827 1701 1828 1698 1842 1699 1841 1697 1816 1694 1842 1699 1828 1698 1841 1697 1843 1702 1842 1699 1817 1700 1843 1702 1827 1701 1842 1699 1844 1703 1817 1700 1818 1704 1844 1703 1826 1705 1827 1701 1844 1703 1827 1701 1843 1702 1844 1703 1843 1702 1817 1700 1845 1706 1844 1703 1818 1704 1845 1706 1826 1705 1844 1703 1846 1707 1818 1704 1819 1708 1846 1707 1845 1706 1818 1704 1846 1707 1826 1705 1845 1706 1847 1709 1825 1710 1826 1705 1847 1709 1832 1711 1825 1710 1847 1709 1833 1712 1832 1711 1847 1709 1846 1707 1819 1708 1847 1709 1826 1705 1846 1707 1848 1713 1819 1708 1820 1714 1848 1713 1834 1715 1833 1712 1848 1713 1820 1714 1834 1715 1848 1713 1847 1709 1819 1708 1848 1713 1833 1712 1847 1709 1856 1716 1851 1717 1852 1718 1856 1716 1855 1719 1851 1717 1857 1720 1852 1718 1853 1721 1857 1720 1856 1716 1852 1718 1858 1722 1853 1721 1854 1723 1858 1722 1857 1720 1853 1721 1850 1724 1854 1723 1849 1725 1850 1724 1858 1722 1854 1723 1865 1726 1861 1727 1862 1728 1866 1729 1862 1728 1863 1730 1866 1729 1865 1726 1862 1728 1867 1731 1863 1730 1864 1732 1867 1731 1866 1729 1863 1730 1868 1733 1864 1732 1859 1734 1868 1733 1867 1731 1864 1732 1860 1735 1868 1733 1859 1734 1876 1736 1871 1737 1872 1738 1876 1736 1875 1739 1871 1737 1877 1740 1872 1738 1873 1741 1877 1740 1873 1741 1874 1742 1877 1740 1876 1736 1872 1738 1878 1743 1874 1742 1869 1744 1878 1743 1877 1740 1874 1742 1870 1745 1878 1743 1869 1744 1886 1746 1881 1747 1882 1748 1886 1746 1885 1749 1881 1747 1887 1750 1882 1748 1883 1751 1887 1750 1883 1751 1884 1752 1887 1750 1886 1746 1882 1748 1888 1753 1884 1752 1879 1754 1888 1753 1887 1750 1884 1752 1880 1755 1888 1753 1879 1754 1904 1756 1890 1757 1891 1758 1904 1756 1898 1759 1899 1760 1905 1761 1893 1762 1894 1763 1905 1761 1894 1763 1895 1764 1905 1761 1900 1765 1893 1762 1906 1766 1895 1764 1896 1767 1906 1766 1896 1767 1889 1768 1906 1766 1900 1765 1905 1761 1906 1766 1905 1761 1895 1764 1907 1769 1889 1768 1890 1757 1907 1769 1899 1760 1900 1765 1907 1769 1906 1766 1889 1768 1907 1769 1900 1765 1906 1766 1908 1770 1890 1757 1904 1756 1908 1770 1899 1760 1907 1769 1908 1770 1904 1756 1899 1760 1908 1770 1907 1769 1890 1757 1909 1771 1904 1756 1891 1758 1909 1771 1898 1759 1904 1756 1910 1772 1897 1773 1898 1759 1910 1772 1901 1774 1897 1773 1910 1772 1902 1775 1901 1774 1910 1772 1898 1759 1909 1771 1910 1772 1909 1771 1891 1758 1911 1776 1891 1758 1892 1777 1911 1776 1903 1778 1902 1775 1911 1776 1892 1777 1903 1778 1911 1776 1910 1772 1891 1758 1911 1776 1902 1775 1910 1772 1927 1779 1917 1780 1918 1781 1927 1779 1918 1781 1919 1782 1927 1779 1923 1783 1917 1780 1928 1784 1912 1785 1913 1786 1928 1784 1919 1782 1920 1787 1928 1784 1920 1787 1912 1785 1928 1784 1927 1779 1919 1782 1928 1784 1913 1786 1927 1779 1929 1788 1913 1786 1914 1789 1929 1788 1927 1779 1913 1786 1929 1788 1923 1783 1927 1779 1930 1790 1923 1783 1929 1788 1930 1790 1929 1788 1914 1789 1931 1791 1914 1789 1915 1792 1931 1791 1922 1793 1923 1783 1931 1791 1923 1783 1930 1790 1931 1791 1930 1790 1914 1789 1932 1794 1922 1793 1931 1791 1932 1794 1931 1791 1915 1792 1933 1795 1921 1796 1922 1793 1933 1795 1924 1797 1921 1796 1933 1795 1925 1798 1924 1797 1933 1795 1922 1793 1932 1794 1933 1795 1932 1794 1915 1792 1934 1799 1915 1792 1916 1800 1934 1799 1926 1801 1925 1798 1934 1799 1916 1800 1926 1801 1934 1799 1933 1795 1915 1792 1934 1799 1925 1798 1933 1795 1943 1802 1942 1803 1938 1804 1936 1805 1940 1806 1935 1807 1936 1805 1944 1808 1940 1806 1945 1809 1937 1810 1938 1804 1945 1809 1941 1811 1937 1810 1945 1809 1942 1803 1941 1811 1945 1809 1938 1804 1942 1803 1946 1812 1938 1804 1939 1813 1946 1812 1939 1813 1940 1806 1946 1812 1944 1808 1943 1802 1946 1812 1943 1802 1938 1804 1946 1812 1940 1806 1944 1808 1953 1814 1949 1815 1950 1816 1954 1817 1953 1814 1950 1816 1955 1818 1954 1817 1950 1816 1956 1819 1955 1818 1952 1820 1948 1821 1952 1820 1947 1822 1948 1821 1956 1819 1952 1820 1957 1823 1950 1816 1951 1824 1957 1823 1951 1824 1952 1820 1957 1823 1952 1820 1955 1818 1957 1823 1955 1818 1950 1816 1965 1825 1960 1826 1961 1827 1965 1825 1964 1828 1960 1826 1966 1829 1961 1827 1962 1830 1966 1829 1962 1830 1963 1831 1966 1829 1965 1825 1961 1827 1967 1832 1963 1831 1958 1833 1967 1832 1966 1829 1963 1831 1959 1834 1967 1832 1958 1833 1975 1835 1970 1836 1971 1837 1975 1835 1974 1838 1970 1836 1976 1839 1971 1837 1972 1840 1976 1839 1972 1840 1973 1841 1976 1839 1975 1835 1971 1837 1977 1842 1973 1841 1968 1843 1977 1842 1976 1839 1973 1841 1969 1844 1977 1842 1968 1843 1998 1845 1985 1846 1986 1847 1998 1845 1994 1848 1985 1846 1999 1849 1986 1847 1987 1850 1999 1849 1994 1848 1998 1845 1999 1849 1998 1845 1986 1847 2000 1851 1978 1852 1979 1853 2000 1851 1987 1850 1988 1854 2000 1851 1988 1854 1978 1852 2000 1851 1999 1849 1987 1850 2000 1851 1994 1848 1999 1849 2001 1855 1993 1856 1994 1848 2001 1855 1994 1848 2000 1851 2001 1855 2000 1851 1979 1853 2002 1857 1993 1856 2001 1855 2002 1857 2001 1855 1979 1853 2003 1858 1979 1853 1980 1859 2003 1858 1992 1860 1993 1856 2003 1858 1993 1856 2002 1857 2003 1858 2002 1857 1979 1853 2004 1861 2003 1858 1980 1859 2004 1861 1992 1860 2003 1858 2005 1862 1980 1859 1981 1863 2005 1862 1991 1864 1992 1860 2005 1862 1992 1860 2004 1861 2005 1862 2004 1861 1980 1859 2006 1865 1981 1863 1982 1866 2006 1865 2005 1862 1981 1863 2006 1865 1991 1864 2005 1862 2007 1867 2006 1865 1982 1866 2007 1867 1991 1864 2006 1865 2008 1868 1982 1866 1983 1869 2008 1868 1990 1870 1991 1864 2008 1868 1991 1864 2007 1867 2008 1868 2007 1867 1982 1866 2009 1871 2008 1868 1983 1869 2009 1871 1990 1870 2008 1868 2010 1872 1989 1873 1990 1870 2010 1872 1995 1874 1989 1873 2010 1872 1996 1875 1995 1874 2010 1872 1990 1870 2009 1871 2010 1872 2009 1871 1983 1869 2011 1876 1983 1869 1984 1877 2011 1876 1997 1878 1996 1875 2011 1876 1984 1877 1997 1878 2011 1876 2010 1872 1983 1869 2011 1876 1996 1875 2010 1872 2034 1879 2030 1880 2019 1881 2035 1882 2030 1880 2034 1879 2036 1883 2030 1880 2035 1882 2037 1884 2030 1880 2036 1883 2038 1885 2030 1880 2037 1884 2038 1885 2037 1884 2013 1886 2039 1887 2013 1886 2014 1888 2039 1887 2029 1889 2030 1880 2039 1887 2030 1880 2038 1885 2039 1887 2038 1885 2013 1886 2040 1890 2028 1891 2029 1889 2040 1890 2039 1887 2014 1888 2040 1890 2029 1889 2039 1887 2041 1892 2028 1891 2040 1890 2041 1892 2040 1890 2014 1888 2042 1893 2014 1888 2015 1894 2042 1893 2027 1895 2028 1891 2042 1893 2041 1892 2014 1888 2042 1893 2028 1891 2041 1892 2043 1896 2015 1894 2016 1897 2043 1896 2042 1893 2015 1894 2043 1896 2027 1895 2042 1893 2044 1898 2043 1896 2016 1897 2044 1898 2027 1895 2043 1896 2045 1899 2016 1897 2017 1900 2045 1899 2026 1901 2027 1895 2045 1899 2027 1895 2044 1898 2045 1899 2044 1898 2016 1897 2046 1902 2045 1899 2017 1900 2046 1902 2026 1901 2045 1899 2047 1903 2025 1904 2026 1901 2047 1903 2031 1905 2025 1904 2047 1903 2032 1906 2031 1905 2047 1903 2026 1901 2046 1902 2047 1903 2046 1902 2017 1900 2048 1907 2017 1900 2018 1908 2048 1907 2033 1909 2032 1906 2048 1907 2018 1908 2033 1909 2048 1907 2047 1903 2017 1900 2048 1907 2032 1906 2047 1903 2049 1910 2012 1911 2013 1886 2049 1910 2013 1886 2037 1884 2050 1912 2019 1881 2020 1913 2050 1912 2020 1913 2021 1914 2050 1912 2034 1879 2019 1881 2051 1915 2049 1910 2050 1912 2052 1916 2036 1883 2035 1882 2052 1916 2037 1884 2036 1883 2052 1916 2035 1882 2034 1879 2052 1916 2049 1910 2037 1884 2052 1916 2050 1912 2049 1910 2052 1916 2034 1879 2050 1912 2053 1917 2021 1914 2022 1918 2053 1917 2022 1918 2023 1919 2053 1917 2023 1919 2024 1920 2053 1917 2024 1920 2012 1911 2053 1917 2050 1912 2021 1914 2053 1917 2012 1911 2049 1910 2053 1917 2051 1915 2050 1912 2053 1917 2049 1910 2051 1915 2068 1921 2061 1922 2062 1923 2069 1924 2062 1923 2054 1925 2070 1926 2068 1921 2071 1927 2072 1928 2067 1929 2066 1930 2072 1928 2066 1930 2071 1927 2072 1928 2071 1927 2068 1921 2073 1931 2060 1932 2067 1929 2074 1933 2060 1932 2073 1931 2074 1933 2073 1931 2069 1924 2075 1934 2074 1933 2069 1924 2076 1935 2068 1921 2070 1926 2076 1935 2070 1926 2071 1927 2076 1935 2061 1922 2068 1921 2077 1936 2072 1928 2068 1921 2077 1936 2068 1921 2062 1923 2078 1937 2062 1923 2069 1924 2078 1937 2069 1924 2073 1931 2079 1938 2069 1924 2054 1925 2079 1938 2075 1934 2069 1924 2079 1938 2074 1933 2075 1934 2080 1939 2065 1940 2064 1941 2080 1939 2066 1930 2065 1940 2080 1939 2071 1927 2066 1930 2080 1939 2076 1935 2071 1927 2081 1942 2080 1939 2064 1941 2081 1942 2076 1935 2080 1939 2082 1943 2083 1944 2067 1929 2082 1943 2067 1929 2072 1928 2082 1943 2072 1928 2077 1936 2084 1945 2067 1929 2083 1944 2084 1945 2073 1931 2067 1929 2084 1945 2078 1937 2073 1931 2085 1946 2058 1947 2059 1948 2085 1946 2059 1948 2060 1932 2085 1946 2060 1932 2074 1933 2085 1946 2074 1933 2079 1938 2086 1949 2057 1950 2058 1947 2086 1949 2058 1947 2085 1946 2086 1949 2085 1946 2079 1938 2087 1951 2063 1952 2061 1922 2087 1951 2064 1941 2063 1952 2087 1951 2061 1922 2076 1935 2087 1951 2081 1942 2064 1941 2087 1951 2076 1935 2081 1942 2088 1953 2062 1923 2089 1954 2088 1953 2089 1954 2083 1944 2088 1953 2077 1936 2062 1923 2088 1953 2083 1944 2082 1943 2088 1953 2082 1943 2077 1936 2090 1955 2089 1954 2062 1923 2090 1955 2083 1944 2089 1954 2090 1955 2062 1923 2078 1937 2090 1955 2084 1945 2083 1944 2090 1955 2078 1937 2084 1945 2091 1956 2054 1925 2055 1957 2091 1956 2055 1957 2056 1958 2091 1956 2056 1958 2057 1950 2091 1956 2079 1938 2054 1925 2091 1956 2057 1950 2086 1949 2091 1956 2086 1949 2079 1938 2108 1959 2092 1960 2093 1961 2109 1962 2101 1963 2102 1964 2110 1965 2108 1959 2111 1966 2112 1967 2102 1964 2100 1968 2112 1967 2100 1968 2111 1966 2112 1967 2111 1966 2108 1959 2113 1969 2093 1961 2094 1970 2114 1971 2113 1969 2094 1970 2114 1971 2109 1962 2113 1969 2115 1972 2110 1965 2111 1966 2115 1972 2092 1960 2108 1959 2115 1972 2108 1959 2110 1965 2116 1973 2112 1967 2108 1959 2116 1973 2108 1959 2093 1961 2117 1974 2113 1969 2109 1962 2117 1974 2109 1962 2102 1964 2118 1975 2101 1963 2109 1962 2118 1975 2109 1962 2114 1971 2119 1976 2118 1975 2114 1971 2120 1977 2098 1978 2097 1979 2120 1977 2099 1980 2098 1978 2120 1977 2100 1968 2099 1980 2120 1977 2111 1966 2100 1968 2120 1977 2115 1972 2111 1966 2121 1981 2120 1977 2097 1979 2121 1981 2115 1972 2120 1977 2122 1982 2102 1964 2112 1967 2122 1982 2112 1967 2116 1973 2122 1982 2123 1983 2102 1964 2124 1984 2125 1985 2093 1961 2124 1984 2093 1961 2113 1969 2124 1984 2113 1969 2117 1974 2126 1986 2094 1970 2103 1987 2126 1986 2114 1971 2094 1970 2126 1986 2119 1976 2114 1971 2126 1986 2118 1975 2119 1976 2127 1988 2095 1989 2092 1960 2127 1988 2096 1990 2095 1989 2127 1988 2097 1979 2096 1990 2127 1988 2092 1960 2115 1972 2127 1988 2121 1981 2097 1979 2127 1988 2115 1972 2121 1981 2128 1991 2093 1961 2125 1985 2128 1991 2116 1973 2093 1961 2128 1991 2125 1985 2123 1983 2128 1991 2122 1982 2116 1973 2128 1991 2123 1983 2122 1982 2129 1992 2123 1983 2125 1985 2129 1992 2102 1964 2123 1983 2129 1992 2125 1985 2124 1984 2129 1992 2117 1974 2102 1964 2129 1992 2124 1984 2117 1974 2130 1993 2106 1994 2107 1995 2130 1993 2107 1995 2101 1963 2130 1993 2101 1963 2118 1975 2130 1993 2118 1975 2126 1986 2131 1996 2103 1987 2104 1997 2131 1996 2104 1997 2105 1998 2131 1996 2105 1998 2106 1994 2131 1996 2126 1986 2103 1987 2131 1996 2106 1994 2130 1993 2131 1996 2130 1993 2126 1986 2140 1999 2134 2000 2135 2001 2141 2002 2140 1999 2135 2001 2142 2003 2135 2001 2136 2004 2142 2003 2141 2002 2135 2001 2143 2005 2136 2004 2137 2006 2143 2005 2142 2003 2136 2004 2144 2007 2137 2006 2138 2008 2144 2007 2143 2005 2137 2006 2145 2009 2138 2008 2139 2010 2145 2009 2144 2007 2138 2008 2133 2011 2139 2010 2132 2012 2133 2011 2145 2009 2139 2010 2154 2013 2148 2014 2149 2015 2155 2016 2149 2015 2150 2017 2155 2016 2154 2013 2149 2015 2156 2018 2150 2017 2151 2019 2156 2018 2155 2016 2150 2017 2157 2020 2151 2019 2152 2021 2157 2020 2156 2018 2151 2019 2158 2022 2152 2021 2153 2023 2158 2022 2157 2020 2152 2021 2159 2024 2158 2022 2153 2023 2147 2025 2153 2023 2146 2026 2147 2025 2159 2024 2153 2023 2160 2027 2161 2028 2173 2029 2162 2030 2173 2029 2172 2031 2162 2030 2160 2027 2173 2029 2163 2032 2172 2031 2171 2033 2163 2032 2162 2030 2172 2031 2164 2034 2171 2033 2170 2035 2164 2034 2163 2032 2171 2033 2165 2036 2170 2035 2169 2037 2165 2036 2164 2034 2170 2035 2166 2038 2169 2037 2168 2039 2166 2038 2165 2036 2169 2037 2167 2040 2166 2038 2168 2039 2174 2041 2176 2042 2175 2043 2178 2044 2179 2045 2177 2046</p>
        </triangles>
        <triangles material="metal-material" count="1882">
          <input semantic="VERTEX" source="#middle_intermediate-mesh-vertices" offset="0"/>
          <input semantic="NORMAL" source="#middle_intermediate-mesh-normals" offset="1"/>
          <p>2190 2047 2183 2047 2182 2047 2184 2047 2183 2047 2190 2047 2189 2048 2180 2048 2184 2048 2189 2049 2184 2049 2190 2049 2188 2050 2180 2050 2189 2050 2181 2051 2188 2051 2187 2051 2181 2052 2180 2052 2188 2052 2186 2053 2181 2053 2187 2053 2222 2054 2181 2054 2186 2054 2236 2055 2203 2055 2202 2055 2236 2056 2191 2056 2203 2056 2235 2047 2236 2047 2202 2047 2235 2057 2202 2057 2201 2057 2237 2047 2191 2047 2236 2047 2237 2058 2192 2058 2191 2058 2234 2059 2200 2059 2199 2059 2234 2047 2201 2047 2200 2047 2234 2047 2235 2047 2201 2047 2238 2047 2193 2047 2192 2047 2238 2047 2192 2047 2237 2047 2233 2060 2234 2060 2199 2060 2233 2061 2199 2061 2198 2061 2239 2062 2185 2062 2193 2062 2239 2047 2193 2047 2238 2047 2232 2063 2233 2063 2198 2063 2232 2064 2198 2064 2197 2064 2240 2065 2186 2065 2185 2065 2240 2066 2185 2066 2239 2066 2231 2047 2232 2047 2197 2047 2196 2067 2231 2067 2197 2067 2241 2068 2186 2068 2240 2068 2241 2069 2223 2069 2222 2069 2241 2047 2222 2047 2186 2047 2230 2047 2231 2047 2196 2047 2242 2070 2223 2070 2241 2070 2195 2047 2230 2047 2196 2047 2229 2047 2230 2047 2195 2047 2243 2071 2223 2071 2242 2071 2194 2047 2228 2047 2229 2047 2194 2047 2229 2047 2195 2047 2204 2047 2228 2047 2194 2047 2224 2047 2223 2047 2243 2047 2212 2047 2228 2047 2204 2047 2211 2047 2228 2047 2212 2047 2213 2072 2206 2072 2205 2072 2213 2047 2207 2047 2206 2047 2213 2047 2208 2047 2207 2047 2213 2073 2209 2073 2208 2073 2213 2074 2210 2074 2209 2074 2214 2075 2211 2075 2210 2075 2214 2076 2227 2076 2228 2076 2214 2047 2228 2047 2211 2047 2214 2047 2210 2047 2213 2047 2215 2077 2226 2077 2227 2077 2215 2078 2251 2078 2226 2078 2215 2047 2227 2047 2214 2047 2221 2047 2251 2047 2215 2047 2221 2079 2250 2079 2251 2079 2220 2047 2250 2047 2221 2047 2220 2080 2247 2080 2248 2080 2220 2081 2248 2081 2249 2081 2220 2082 2249 2082 2250 2082 2217 2083 2225 2083 2224 2083 2217 2084 2216 2084 2225 2084 2217 2047 2224 2047 2243 2047 2217 2047 2243 2047 2244 2047 2219 2047 2247 2047 2220 2047 2219 2085 2245 2085 2246 2085 2219 2047 2246 2047 2247 2047 2218 2047 2245 2047 2219 2047 2218 2086 2244 2086 2245 2086 2218 2047 2217 2047 2244 2047 2273 2087 2275 2088 2272 2089 2273 2087 2276 2090 2275 2088 2270 2091 2267 2092 2266 2093 2274 2094 2277 2095 2276 2090 2274 2094 2276 2090 2273 2087 2265 2096 2270 2091 2266 2093 2269 2097 2270 2091 2265 2096 2271 2098 2278 2099 2277 2095 2271 2098 2277 2095 2274 2094 2279 2100 2278 2099 2271 2098 2264 2101 2269 2097 2265 2096 2268 2102 2269 2097 2264 2101 2263 2103 2268 2102 2264 2101 2262 2104 2271 2098 2268 2102 2262 2104 2279 2100 2271 2098 2262 2104 2268 2102 2263 2103 2261 2105 2280 2106 2279 2100 2261 2105 2281 2107 2280 2106 2261 2105 2279 2100 2262 2104 2260 2108 2282 2109 2281 2107 2260 2108 2281 2107 2261 2105 2259 2110 2283 2111 2282 2109 2259 2110 2282 2109 2260 2108 2258 2112 2283 2111 2259 2110 2257 2113 2284 2114 2283 2111 2257 2113 2283 2111 2258 2112 2256 2115 2285 2115 2284 2114 2256 2115 2286 2116 2285 2115 2256 2115 2284 2114 2257 2113 2255 2116 2286 2116 2256 2115 2254 2117 2286 2116 2255 2116 2254 2117 2287 2118 2286 2116 2253 2119 2287 2118 2254 2117 2253 2119 2252 2120 2287 2118 2288 2121 2292 2121 2293 2121 2289 2122 2290 2122 2291 2122 2289 2123 2291 2123 2292 2123 2289 2124 2292 2124 2288 2124 2303 2125 2302 2125 2304 2125 2295 2126 2294 2126 2308 2126 2296 2127 2295 2127 2308 2127 2297 2128 2308 2128 2307 2128 2297 2129 2296 2129 2308 2129 2298 2130 2297 2130 2307 2130 2299 2131 2307 2131 2306 2131 2299 2132 2298 2132 2307 2132 2300 2133 2305 2133 2304 2133 2300 2134 2306 2134 2305 2134 2300 2135 2299 2135 2306 2135 2301 2136 2304 2136 2302 2136 2301 2137 2300 2137 2304 2137 2321 2138 2323 2138 2322 2138 2309 2139 2321 2139 2320 2139 2309 2140 2323 2140 2321 2140 2310 2141 2320 2141 2319 2141 2310 2142 2309 2142 2320 2142 2311 2143 2319 2143 2318 2143 2311 2144 2310 2144 2319 2144 2312 2145 2318 2145 2317 2145 2312 2146 2311 2146 2318 2146 2313 2147 2312 2147 2317 2147 2314 2148 2313 2148 2317 2148 2315 2149 2314 2149 2317 2149 2316 2150 2315 2150 2317 2150 2336 2151 2333 2151 2334 2151 2324 2152 2330 2152 2332 2152 2324 2153 2335 2153 2345 2153 2324 2154 2332 2154 2335 2154 2338 2155 2342 2156 2339 2157 2329 2158 2331 2158 2325 2158 2326 2159 2343 2159 2340 2159 2328 2160 2346 2160 2344 2160 2327 2161 2341 2161 2337 2161 2327 2162 2324 2162 2345 2162 2352 2163 2387 2163 2353 2163 2378 2164 2384 2164 2383 2164 2378 2165 2385 2165 2384 2165 2378 2166 2377 2166 2385 2166 2379 2167 2383 2167 2386 2167 2379 2168 2378 2168 2383 2168 2380 2169 2379 2169 2386 2169 2381 2170 2386 2170 2390 2170 2381 2171 2380 2171 2386 2171 2382 2172 2381 2172 2390 2172 2401 2173 2389 2173 2388 2173 2400 2174 2352 2174 2351 2174 2400 2172 2401 2172 2388 2172 2400 2175 2388 2175 2387 2175 2400 2176 2387 2176 2352 2176 2402 2177 2382 2177 2390 2177 2402 2178 2389 2178 2401 2178 2402 2179 2390 2179 2389 2179 2399 2180 2351 2180 2350 2180 2399 2181 2400 2181 2351 2181 2403 2182 2382 2182 2402 2182 2403 2183 2374 2183 2382 2183 2398 2172 2399 2172 2350 2172 2404 2184 2374 2184 2403 2184 2404 2185 2375 2185 2374 2185 2397 2186 2350 2186 2349 2186 2397 2187 2398 2187 2350 2187 2405 2188 2376 2188 2375 2188 2405 2189 2375 2189 2404 2189 2396 2190 2397 2190 2349 2190 2406 2172 2376 2172 2405 2172 2365 2172 2376 2172 2406 2172 2395 2191 2396 2191 2349 2191 2407 2192 2365 2192 2406 2192 2366 2172 2365 2172 2407 2172 2408 2193 2366 2193 2407 2193 2348 2194 2395 2194 2349 2194 2348 2195 2394 2195 2395 2195 2393 2196 2394 2196 2348 2196 2367 2172 2366 2172 2408 2172 2367 2197 2408 2197 2409 2197 2392 2198 2393 2198 2348 2198 2368 2199 2367 2199 2409 2199 2368 2172 2409 2172 2410 2172 2347 2200 2391 2200 2392 2200 2347 2201 2392 2201 2348 2201 2347 2202 2416 2202 2391 2202 2369 2172 2410 2172 2411 2172 2369 2172 2368 2172 2410 2172 2354 2203 2415 2203 2416 2203 2354 2172 2416 2172 2347 2172 2370 2172 2411 2172 2412 2172 2370 2172 2369 2172 2411 2172 2371 2204 2412 2204 2413 2204 2371 2205 2370 2205 2412 2205 2358 2172 2415 2172 2354 2172 2358 2172 2357 2172 2415 2172 2364 2206 2414 2206 2415 2206 2364 2172 2415 2172 2357 2172 2359 2207 2354 2207 2355 2207 2359 2172 2358 2172 2354 2172 2360 2172 2359 2172 2355 2172 2373 2208 2414 2208 2364 2208 2372 2209 2414 2209 2373 2209 2372 2210 2413 2210 2414 2210 2372 2211 2371 2211 2413 2211 2361 2172 2360 2172 2355 2172 2362 2172 2361 2172 2355 2172 2363 2212 2362 2212 2355 2212 2356 2213 2363 2213 2355 2213 2433 2214 2428 2214 2430 2214 2434 2215 2431 2215 2432 2215 2418 2216 2427 2216 2429 2216 2417 2217 2428 2217 2433 2217 2420 2218 2434 2218 2437 2218 2420 2219 2418 2219 2434 2219 2423 2220 2419 2220 2436 2220 2425 2221 2424 2222 2421 2223 2426 2224 2422 2224 2435 2224 2450 2225 2446 2226 2447 2227 2449 2228 2445 2229 2446 2226 2449 2228 2446 2226 2450 2225 2448 2230 2444 2231 2445 2229 2448 2230 2445 2229 2449 2228 2441 2232 2443 2233 2444 2231 2441 2232 2444 2231 2448 2230 2440 2234 2443 2233 2441 2232 2439 2235 2442 2236 2443 2233 2439 2235 2443 2233 2440 2234 2438 2237 2442 2236 2439 2235 2458 2238 2457 2239 2451 2240 2452 2241 2458 2238 2451 2240 2453 2242 2459 2243 2458 2238 2453 2242 2458 2238 2452 2241 2454 2244 2460 2245 2459 2243 2454 2244 2459 2243 2453 2242 2455 2246 2456 2247 2460 2245 2455 2246 2460 2245 2454 2244 2470 2248 2465 2249 2466 2250 2470 2248 2466 2250 2467 2251 2469 2252 2464 2253 2465 2249 2469 2252 2465 2249 2470 2248 2468 2254 2464 2253 2469 2252 2473 2255 2463 2256 2464 2253 2473 2255 2464 2253 2468 2254 2472 2257 2463 2256 2473 2255 2471 2258 2462 2259 2463 2256 2471 2258 2463 2256 2472 2257 2461 2260 2462 2259 2471 2258 2475 2261 2481 2262 2480 2263 2475 2261 2480 2263 2474 2264 2476 2265 2482 2266 2481 2262 2476 2265 2481 2262 2475 2261 2477 2267 2483 2268 2482 2266 2477 2267 2482 2266 2476 2265 2478 2269 2479 2270 2483 2268 2478 2269 2483 2268 2477 2267 2498 2271 2500 2271 2499 2271 2498 2272 2501 2272 2500 2272 2503 2273 2496 2273 2497 2273 2503 2274 2497 2274 2498 2274 2503 2275 2499 2275 2502 2275 2503 2276 2498 2276 2499 2276 2495 2277 2503 2277 2508 2277 2495 2278 2496 2278 2503 2278 2486 2279 2492 2279 2491 2279 2486 2280 2493 2280 2492 2280 2486 2047 2494 2047 2493 2047 2487 2281 2491 2281 2495 2281 2487 2282 2495 2282 2508 2282 2487 2283 2486 2283 2491 2283 2490 2284 2485 2284 2484 2284 2490 2285 2504 2285 2485 2285 2490 2286 2505 2286 2504 2286 2488 2287 2507 2287 2506 2287 2488 2288 2508 2288 2507 2288 2488 2289 2487 2289 2508 2289 2489 2290 2506 2290 2505 2290 2489 2291 2505 2291 2490 2291 2489 2292 2488 2292 2506 2292 2511 2293 2510 2294 2509 2295 2512 2296 2511 2293 2509 2295 2513 2297 2540 2298 2541 2299 2513 2297 2509 2295 2540 2298 2513 2297 2512 2296 2509 2295 2514 2300 2513 2297 2541 2299 2542 2301 2514 2300 2541 2299 2515 2302 2514 2300 2542 2301 2543 2303 2515 2302 2542 2301 2516 2304 2543 2303 2544 2305 2516 2304 2515 2302 2543 2303 2537 2306 2539 2307 2538 2308 2517 2309 2544 2305 2539 2307 2517 2309 2516 2304 2544 2305 2518 2310 2535 2311 2534 2312 2518 2310 2536 2313 2535 2311 2518 2310 2537 2306 2536 2313 2518 2310 2539 2307 2537 2306 2518 2310 2517 2309 2539 2307 2528 2314 2530 2315 2529 2316 2528 2314 2531 2317 2530 2315 2528 2314 2532 2318 2531 2317 2528 2314 2533 2319 2532 2318 2528 2314 2534 2312 2533 2319 2528 2314 2518 2310 2534 2312 2527 2320 2518 2310 2528 2314 2526 2321 2518 2310 2527 2320 2525 2322 2518 2310 2526 2321 2524 2323 2518 2310 2525 2322 2523 2324 2518 2310 2524 2323 2519 2325 2518 2310 2523 2324 2519 2325 2521 2326 2520 2327 2519 2325 2522 2328 2521 2326 2519 2325 2523 2324 2522 2328 2550 2329 2546 2329 2548 2329 2547 2330 2545 2330 2549 2330 2564 2331 2568 2332 2565 2333 2559 2334 2563 2335 2561 2336 2560 2337 2570 2337 2567 2337 2558 2338 2571 2338 2569 2338 2557 2339 2566 2340 2562 2341 2551 2342 2573 2343 2571 2344 2554 2345 2576 2345 2574 2345 2553 2346 2572 2346 2559 2346 2577 2347 2575 2347 2552 2347 2556 2348 2579 2348 2578 2348 2555 2349 2577 2349 2552 2349 2583 2350 2580 2350 2581 2350 2583 2351 2582 2351 2580 2351 2586 2350 2584 2350 2585 2350 2587 2352 2586 2352 2585 2352 2609 2172 2611 2172 2610 2172 2608 2172 2611 2172 2609 2172 2588 2353 2607 2353 2606 2353 2588 2354 2608 2354 2607 2354 2588 2355 2612 2355 2611 2355 2588 2356 2611 2356 2608 2356 2605 2357 2589 2357 2588 2357 2605 2358 2588 2358 2606 2358 2596 2359 2602 2359 2601 2359 2596 2360 2603 2360 2602 2360 2596 2361 2604 2361 2603 2361 2597 2362 2605 2362 2604 2362 2597 2363 2589 2363 2605 2363 2597 2364 2604 2364 2596 2364 2600 2172 2593 2172 2592 2172 2600 2365 2594 2365 2593 2365 2600 2366 2595 2366 2594 2366 2598 2367 2590 2367 2589 2367 2598 2368 2591 2368 2590 2368 2598 2369 2589 2369 2597 2369 2599 2370 2592 2370 2591 2370 2599 2172 2591 2172 2598 2172 2599 2172 2600 2172 2592 2172 2632 2371 2629 2372 2628 2373 2632 2371 2630 2374 2629 2372 2632 2371 2631 2375 2630 2374 2627 2376 2632 2371 2628 2373 2640 2377 2636 2378 2635 2379 2640 2377 2637 2380 2636 2378 2640 2377 2638 2381 2637 2380 2640 2377 2639 2382 2638 2381 2626 2383 2633 2384 2632 2371 2626 2383 2632 2371 2627 2376 2623 2385 2625 2386 2624 2387 2641 2388 2626 2383 2625 2386 2641 2388 2634 2389 2633 2384 2641 2388 2635 2379 2634 2389 2641 2388 2625 2386 2623 2385 2641 2388 2640 2377 2635 2379 2641 2388 2633 2384 2626 2383 2622 2390 2641 2388 2623 2385 2642 2391 2622 2390 2621 2392 2642 2391 2641 2388 2622 2390 2643 2393 2621 2392 2620 2394 2643 2393 2642 2391 2621 2392 2644 2395 2620 2394 2619 2396 2644 2395 2643 2393 2620 2394 2645 2397 2644 2395 2619 2396 2613 2398 2619 2396 2618 2399 2613 2398 2645 2397 2619 2396 2617 2400 2614 2401 2613 2398 2617 2400 2615 2402 2614 2401 2617 2400 2616 2403 2615 2402 2617 2400 2613 2398 2618 2399 2648 2404 2646 2404 2650 2404 2651 2405 2647 2405 2649 2405 2667 2406 2670 2406 2669 2406 2666 2407 2671 2408 2668 2409 2662 2410 2665 2411 2664 2412 2662 2410 2670 2413 2665 2411 2661 2414 2672 2415 2663 2416 2657 2417 2673 2417 2670 2417 2659 2418 2671 2418 2660 2418 2656 2419 2675 2419 2658 2419 2653 2420 2674 2420 2655 2420 2676 2421 2674 2421 2653 2421 2652 2422 2677 2422 2654 2422 2679 2423 2678 2423 2680 2423 2691 2424 2700 2425 2692 2426 2699 2427 2700 2425 2691 2424 2698 2428 2699 2427 2691 2424 2697 2429 2691 2424 2690 2430 2697 2429 2698 2428 2691 2424 2696 2431 2697 2429 2690 2430 2689 2432 2696 2431 2690 2430 2695 2433 2696 2431 2689 2432 2688 2434 2695 2433 2689 2432 2687 2435 2694 2436 2695 2433 2687 2435 2695 2433 2688 2434 2686 2437 2694 2436 2687 2435 2685 2438 2693 2439 2694 2436 2685 2438 2694 2436 2686 2437 2684 2440 2693 2439 2685 2438 2683 2441 2682 2442 2693 2439 2683 2441 2693 2439 2684 2440 2681 2443 2682 2442 2683 2441 2703 2444 2706 2444 2704 2444 2702 2445 2701 2445 2705 2445 2708 2446 2710 2447 2709 2448 2707 2449 2710 2447 2708 2446 2711 2450 2714 2451 2713 2452 2711 2450 2712 2453 2714 2451 2715 2454 2718 2454 2717 2454 2716 2455 2715 2455 2717 2455 2719 2456 2720 2457 2730 2458 2719 2456 2730 2458 2731 2459 2719 2456 2731 2459 2732 2460 2727 2461 2729 2462 2728 2463 2726 2464 2736 2465 2729 2462 2726 2464 2729 2462 2727 2461 2725 2466 2735 2467 2736 2465 2725 2466 2736 2465 2726 2464 2724 2468 2734 2469 2735 2467 2724 2468 2735 2467 2725 2466 2721 2470 2719 2456 2732 2460 2723 2471 2734 2469 2724 2468 2722 2472 2732 2460 2733 2473 2722 2472 2733 2473 2734 2469 2722 2472 2721 2470 2732 2460 2722 2472 2734 2469 2723 2471 2754 2474 2747 2475 2739 2476 2753 2477 2739 2476 2740 2478 2753 2477 2754 2474 2739 2476 2752 2479 2740 2478 2741 2480 2752 2479 2753 2477 2740 2478 2751 2481 2741 2480 2742 2482 2751 2481 2752 2479 2741 2480 2750 2483 2742 2482 2743 2484 2750 2483 2751 2481 2742 2482 2749 2485 2743 2484 2744 2486 2749 2485 2744 2486 2745 2487 2749 2485 2750 2483 2743 2484 2748 2488 2745 2487 2746 2489 2748 2488 2749 2485 2745 2487 2738 2490 2746 2489 2737 2491 2738 2490 2748 2488 2746 2489 2769 2492 2757 2493 2758 2494 2755 2495 2761 2496 2762 2497 2755 2495 2762 2497 2756 2498 2785 2499 2758 2494 2759 2500 2785 2499 2759 2500 2760 2501 2785 2499 2760 2501 2761 2496 2785 2499 2769 2492 2758 2494 2785 2499 2761 2496 2755 2495 2786 2502 2768 2503 2769 2492 2786 2502 2755 2495 2778 2504 2786 2502 2769 2492 2785 2499 2786 2502 2785 2499 2755 2495 2787 2505 2768 2503 2786 2502 2787 2505 2786 2502 2778 2504 2788 2506 2767 2507 2768 2503 2788 2506 2778 2504 2779 2508 2788 2506 2768 2503 2787 2505 2788 2506 2787 2505 2778 2504 2789 2509 2767 2507 2788 2506 2789 2509 2788 2506 2779 2508 2790 2510 2766 2511 2767 2507 2790 2510 2779 2508 2780 2512 2790 2510 2767 2507 2789 2509 2790 2510 2789 2509 2779 2508 2791 2513 2766 2511 2790 2510 2791 2513 2790 2510 2780 2512 2792 2514 2765 2515 2766 2511 2792 2514 2780 2512 2781 2516 2792 2514 2791 2513 2780 2512 2792 2514 2766 2511 2791 2513 2793 2517 2792 2514 2781 2516 2793 2517 2765 2515 2792 2514 2794 2518 2781 2516 2782 2519 2794 2518 2793 2517 2781 2516 2794 2518 2765 2515 2793 2517 2795 2520 2764 2521 2765 2515 2795 2520 2782 2519 2783 2522 2795 2520 2765 2515 2794 2518 2795 2520 2794 2518 2782 2519 2796 2523 2795 2520 2783 2522 2796 2523 2764 2521 2795 2520 2797 2524 2763 2525 2764 2521 2797 2524 2783 2522 2784 2526 2797 2524 2796 2523 2783 2522 2797 2524 2764 2521 2796 2523 2798 2527 2770 2528 2763 2525 2798 2527 2771 2529 2770 2528 2798 2527 2772 2530 2771 2529 2798 2527 2773 2531 2772 2530 2798 2527 2763 2525 2797 2524 2798 2527 2797 2524 2784 2526 2799 2532 2773 2531 2798 2527 2799 2532 2798 2527 2784 2526 2800 2533 2799 2532 2784 2526 2800 2533 2774 2534 2773 2531 2800 2533 2775 2535 2774 2534 2800 2533 2776 2536 2775 2535 2800 2533 2777 2537 2776 2536 2800 2533 2784 2526 2777 2537 2800 2533 2773 2531 2799 2532 2802 2538 2813 2539 2812 2540 2802 2538 2801 2541 2813 2539 2807 2542 2802 2538 2812 2540 2806 2543 2812 2540 2811 2544 2806 2543 2807 2542 2812 2540 2805 2545 2810 2546 2809 2547 2805 2545 2811 2544 2810 2546 2805 2545 2806 2543 2811 2544 2804 2548 2809 2547 2808 2549 2804 2548 2805 2545 2809 2547 2803 2550 2804 2548 2808 2549 2826 2551 2815 2552 2814 2553 2821 2554 2816 2555 2815 2552 2821 2554 2815 2552 2826 2551 2825 2556 2821 2554 2826 2551 2820 2557 2821 2554 2825 2556 2824 2558 2820 2557 2825 2556 2819 2559 2820 2557 2824 2558 2823 2560 2819 2559 2824 2558 2818 2561 2819 2559 2823 2560 2822 2562 2818 2561 2823 2560 2817 2563 2818 2561 2822 2562 2830 2564 2834 2565 2829 2566 2835 2567 2834 2565 2830 2564 2831 2568 2835 2567 2830 2564 2836 2569 2835 2567 2831 2568 2832 2570 2836 2569 2831 2568 2837 2571 2836 2569 2832 2570 2833 2572 2827 2573 2837 2571 2833 2572 2837 2571 2832 2570 2828 2574 2827 2573 2833 2572 2850 2575 2839 2576 2838 2577 2845 2578 2840 2579 2839 2576 2845 2578 2839 2576 2850 2575 2844 2580 2850 2575 2849 2581 2844 2580 2845 2578 2850 2575 2843 2582 2849 2581 2848 2583 2843 2582 2844 2580 2849 2581 2842 2584 2848 2583 2847 2585 2842 2584 2843 2582 2848 2583 2841 2586 2847 2585 2846 2587 2841 2586 2842 2584 2847 2585 2859 2588 2853 2589 2854 2590 2859 2588 2858 2591 2853 2589 2860 2592 2854 2590 2855 2593 2860 2592 2859 2588 2854 2590 2861 2594 2855 2593 2856 2595 2861 2594 2860 2592 2855 2593 2862 2596 2856 2595 2857 2597 2862 2596 2861 2594 2856 2595 2851 2598 2857 2597 2852 2599 2851 2598 2862 2596 2857 2597 2890 2600 2889 2601 2864 2602 2863 2603 2890 2600 2864 2602 2891 2604 2871 2605 2872 2606 2891 2604 2872 2606 2873 2607 2891 2604 2873 2607 2874 2608 2891 2604 2886 2609 2871 2605 2892 2610 2886 2609 2891 2604 2892 2610 2891 2604 2874 2608 2893 2611 2865 2612 2866 2613 2893 2611 2874 2608 2875 2614 2893 2611 2875 2614 2876 2615 2893 2611 2876 2615 2877 2616 2893 2611 2877 2616 2878 2617 2893 2611 2878 2617 2865 2612 2893 2611 2886 2609 2892 2610 2893 2611 2892 2610 2874 2608 2894 2618 2885 2619 2886 2609 2894 2618 2886 2609 2893 2611 2894 2618 2893 2611 2866 2613 2895 2620 2885 2619 2894 2618 2895 2620 2894 2618 2866 2613 2896 2621 2866 2613 2867 2622 2896 2621 2884 2623 2885 2619 2896 2621 2895 2620 2866 2613 2896 2621 2885 2619 2895 2620 2897 2624 2884 2623 2896 2621 2897 2624 2896 2621 2867 2622 2898 2625 2867 2622 2868 2626 2898 2625 2883 2627 2884 2623 2898 2625 2884 2623 2897 2624 2898 2625 2897 2624 2867 2622 2899 2628 2898 2625 2868 2626 2899 2628 2883 2627 2898 2625 2900 2629 2882 2630 2883 2627 2900 2629 2899 2628 2868 2626 2900 2629 2883 2627 2899 2628 2901 2631 2868 2626 2869 2632 2901 2631 2881 2633 2882 2630 2901 2631 2882 2630 2900 2629 2901 2631 2900 2629 2868 2626 2902 2634 2901 2631 2869 2632 2902 2634 2881 2633 2901 2631 2903 2635 2869 2632 2870 2636 2903 2635 2880 2637 2881 2633 2903 2635 2902 2634 2869 2632 2903 2635 2881 2633 2902 2634 2904 2638 2903 2635 2870 2636 2904 2638 2880 2637 2903 2635 2905 2639 2870 2636 2864 2602 2905 2639 2879 2640 2880 2637 2905 2639 2887 2641 2879 2640 2905 2639 2888 2642 2887 2641 2905 2639 2889 2601 2888 2642 2905 2639 2864 2602 2889 2601 2905 2639 2904 2638 2870 2636 2905 2639 2880 2637 2904 2638 2906 2643 2907 2644 2917 2645 2908 2646 2917 2645 2918 2647 2908 2646 2906 2643 2917 2645 2909 2648 2918 2647 2919 2649 2909 2648 2908 2646 2918 2647 2910 2650 2919 2649 2920 2651 2910 2650 2909 2648 2919 2649 2911 2652 2920 2651 2921 2653 2911 2652 2910 2650 2920 2651 2912 2654 2921 2653 2922 2655 2912 2654 2911 2652 2921 2653 2913 2656 2912 2654 2922 2655 2914 2657 2922 2655 2923 2658 2914 2657 2913 2656 2922 2655 2915 2659 2923 2658 2916 2660 2915 2659 2914 2657 2923 2658 2924 2661 2925 2662 2946 2663 2947 2664 2935 2665 2936 2666 2947 2664 2936 2666 2937 2667 2947 2664 2937 2667 2938 2668 2947 2664 2938 2668 2939 2669 2948 2670 2935 2665 2947 2664 2948 2670 2947 2664 2931 2671 2949 2672 2931 2671 2932 2673 2949 2672 2932 2673 2933 2674 2949 2672 2933 2674 2934 2675 2949 2672 2934 2675 2935 2665 2949 2672 2948 2670 2931 2671 2949 2672 2935 2665 2948 2670 2950 2676 2930 2677 2931 2671 2950 2676 2939 2669 2940 2678 2950 2676 2947 2664 2939 2669 2950 2676 2931 2671 2947 2664 2951 2679 2929 2680 2930 2677 2951 2679 2930 2677 2950 2676 2951 2679 2950 2676 2940 2678 2952 2681 2951 2679 2940 2678 2952 2681 2929 2680 2951 2679 2953 2682 2928 2683 2929 2680 2953 2682 2940 2678 2941 2684 2953 2682 2952 2681 2940 2678 2953 2682 2929 2680 2952 2681 2954 2685 2928 2683 2953 2682 2954 2685 2953 2682 2941 2684 2955 2686 2927 2687 2928 2683 2955 2686 2941 2684 2942 2688 2955 2686 2954 2685 2941 2684 2955 2686 2928 2683 2954 2685 2956 2689 2927 2687 2955 2686 2956 2689 2955 2686 2942 2688 2957 2690 2926 2691 2927 2687 2957 2690 2942 2688 2943 2692 2957 2690 2927 2687 2956 2689 2957 2690 2956 2689 2942 2688 2958 2693 2926 2691 2957 2690 2958 2693 2957 2690 2943 2692 2959 2694 2925 2662 2926 2691 2959 2694 2943 2692 2944 2695 2959 2694 2926 2691 2958 2693 2959 2694 2958 2693 2943 2692 2960 2696 2925 2662 2959 2694 2960 2696 2959 2694 2944 2695 2961 2697 2944 2695 2945 2698 2961 2697 2945 2698 2946 2663 2961 2697 2960 2696 2944 2695 2961 2697 2946 2663 2925 2662 2961 2697 2925 2662 2960 2696 2981 2699 2968 2700 2967 2701 2981 2699 2969 2702 2968 2700 2970 2703 2963 2704 2962 2705 2978 2706 2979 2707 2980 2708 2977 2709 2978 2706 2980 2708 2972 2710 2973 2711 2971 2712 2982 2713 2964 2714 2963 2704 2982 2713 2965 2715 2964 2714 2982 2713 2966 2716 2965 2715 2982 2713 2967 2701 2966 2716 2982 2713 2981 2699 2967 2701 2982 2713 2963 2704 2970 2703 2983 2717 2970 2703 2971 2712 2983 2717 2980 2708 2981 2699 2983 2717 2982 2713 2970 2703 2983 2717 2981 2699 2982 2713 2984 2718 2973 2711 2974 2719 2984 2718 2974 2719 2975 2720 2984 2718 2975 2720 2976 2721 2984 2718 2976 2721 2977 2709 2984 2718 2977 2709 2980 2708 2984 2718 2980 2708 2983 2717 2984 2718 2983 2717 2971 2712 2984 2718 2971 2712 2973 2711 3018 2722 3000 2723 3001 2724 3018 2722 3001 2724 3002 2725 3018 2722 3002 2725 3003 2726 3018 2722 3003 2726 3004 2727 3019 2728 3000 2723 3018 2722 3019 2728 3018 2722 3004 2727 3020 2729 3004 2727 3005 2730 3020 2729 3005 2730 3006 2731 3020 2729 3006 2731 3007 2732 3020 2729 3007 2732 3008 2733 3020 2729 3008 2733 3009 2734 3020 2729 3000 2723 3019 2728 3020 2729 3019 2728 3004 2727 3021 2735 3020 2729 3009 2734 3021 2735 3000 2723 3020 2729 3022 2736 2999 2737 3000 2723 3022 2736 3000 2723 3021 2735 3022 2736 3021 2735 3009 2734 3023 2738 2999 2737 3022 2736 3023 2738 2998 2739 2999 2737 3023 2738 3009 2734 3010 2740 3023 2738 3022 2736 3009 2734 3024 2741 3023 2738 3010 2740 3024 2741 2998 2739 3023 2738 3025 2742 2997 2743 2998 2739 3025 2742 3010 2740 3011 2744 3025 2742 2998 2739 3024 2741 3025 2742 3024 2741 3010 2740 3026 2745 2997 2743 3025 2742 3026 2745 3025 2742 3011 2744 3027 2746 2996 2747 2997 2743 3027 2746 3011 2744 3012 2748 3027 2746 2997 2743 3026 2745 3027 2746 3026 2745 3011 2744 3028 2749 2996 2747 3027 2746 3028 2749 3027 2746 3012 2748 3029 2750 2995 2751 2996 2747 3029 2750 3012 2748 3013 2752 3029 2750 3028 2749 3012 2748 3029 2750 2996 2747 3028 2749 3030 2753 2995 2751 3029 2750 3030 2753 3029 2750 3013 2752 3031 2754 3013 2752 3014 2755 3031 2754 2995 2751 3030 2753 3031 2754 3030 2753 3013 2752 3032 2756 3031 2754 3014 2755 3032 2756 2994 2757 2995 2751 3032 2756 3014 2755 3015 2758 3032 2756 2995 2751 3031 2754 3033 2759 2994 2757 3032 2756 3033 2759 3032 2756 3015 2758 3034 2760 2993 2761 2994 2757 3034 2760 3033 2759 3015 2758 3034 2760 3015 2758 3016 2762 3034 2760 2994 2757 3033 2759 3035 2763 2993 2761 3034 2760 3035 2763 3034 2760 3016 2762 3036 2764 2985 2765 2993 2761 3036 2764 3035 2763 3016 2762 3036 2764 3016 2762 3017 2766 3036 2764 2993 2761 3035 2763 3037 2767 2986 2768 2985 2765 3037 2767 2987 2769 2986 2768 3037 2767 2988 2770 2987 2769 3037 2767 3036 2764 3017 2766 3037 2767 2985 2765 3036 2764 3038 2771 2989 2772 2988 2770 3038 2771 3037 2767 3017 2766 3038 2771 2988 2770 3037 2767 3039 2773 2990 2774 2989 2772 3039 2773 2991 2775 2990 2774 3039 2773 2992 2776 2991 2775 3039 2773 2989 2772 3038 2771 3039 2773 3038 2771 3017 2766 3039 2773 3017 2766 2992 2776 3048 2777 3041 2778 3040 2779 3049 2780 3042 2781 3041 2778 3049 2780 3041 2778 3048 2777 3050 2782 3043 2783 3042 2781 3050 2782 3042 2781 3049 2780 3051 2784 3044 2785 3043 2783 3051 2784 3043 2783 3050 2782 3052 2786 3045 2787 3044 2785 3052 2786 3044 2785 3051 2784 3053 2788 3046 2789 3045 2787 3053 2788 3045 2787 3052 2786 3054 2790 3047 2791 3046 2789 3054 2790 3046 2789 3053 2788 3070 2792 3065 2793 3064 2794 3070 2792 3066 2795 3065 2793 3062 2796 3069 2797 3068 2798 3062 2796 3063 2799 3069 2797 3061 2800 3062 2796 3068 2798 3080 2801 3076 2802 3077 2803 3080 2801 3077 2803 3078 2804 3081 2805 3075 2806 3076 2802 3081 2805 3076 2802 3080 2801 3079 2807 3080 2801 3078 2804 3055 2808 3056 2809 3082 2810 3083 2811 3060 2812 3061 2800 3083 2811 3067 2813 3066 2795 3083 2811 3068 2798 3067 2813 3083 2811 3066 2795 3070 2792 3083 2811 3061 2800 3068 2798 3084 2814 3059 2815 3060 2812 3084 2814 3070 2792 3071 2816 3084 2814 3083 2811 3070 2792 3084 2814 3060 2812 3083 2811 3085 2817 3084 2814 3071 2816 3085 2817 3059 2815 3084 2814 3086 2818 3058 2819 3059 2815 3086 2818 3071 2816 3072 2820 3086 2818 3059 2815 3085 2817 3086 2818 3085 2817 3071 2816 3087 2821 3058 2819 3086 2818 3087 2821 3086 2818 3072 2820 3088 2822 3057 2823 3058 2819 3088 2822 3072 2820 3073 2824 3088 2822 3087 2821 3072 2820 3088 2822 3058 2819 3087 2821 3089 2825 3056 2809 3057 2823 3089 2825 3088 2822 3073 2824 3089 2825 3057 2823 3088 2822 3090 2826 3073 2824 3074 2827 3090 2826 3074 2827 3075 2806 3090 2826 3081 2805 3082 2810 3090 2826 3056 2809 3089 2825 3090 2826 3082 2810 3056 2809 3090 2826 3075 2806 3081 2805 3090 2826 3089 2825 3073 2824 3113 2828 3112 2829 3110 2830 3111 2831 3113 2828 3110 2830 3114 2832 3094 2833 3095 2834 3114 2832 3105 2835 3106 2836 3115 2837 3100 2838 3101 2839 3115 2837 3101 2839 3102 2840 3115 2837 3102 2840 3103 2841 3115 2837 3103 2841 3104 2842 3115 2837 3104 2842 3105 2835 3116 2843 3099 2844 3100 2838 3116 2843 3100 2838 3115 2837 3116 2843 3115 2837 3096 2845 3117 2846 3096 2845 3097 2847 3117 2846 3097 2847 3098 2848 3117 2846 3098 2848 3099 2844 3117 2846 3099 2844 3116 2843 3117 2846 3116 2843 3096 2845 3118 2849 3095 2834 3096 2845 3118 2849 3096 2845 3115 2837 3118 2849 3115 2837 3105 2835 3119 2850 3105 2835 3114 2832 3119 2850 3114 2832 3095 2834 3119 2850 3095 2834 3118 2849 3119 2850 3118 2849 3105 2835 3120 2851 3114 2832 3106 2836 3120 2851 3094 2833 3114 2832 3121 2852 3093 2853 3094 2833 3121 2852 3106 2836 3107 2854 3121 2852 3094 2833 3120 2851 3121 2852 3120 2851 3106 2836 3122 2855 3093 2853 3121 2852 3122 2855 3121 2852 3107 2854 3123 2856 3092 2857 3093 2853 3123 2856 3107 2854 3108 2858 3123 2856 3122 2855 3107 2854 3123 2856 3093 2853 3122 2855 3124 2859 3092 2857 3123 2856 3124 2859 3123 2856 3108 2858 3125 2860 3108 2858 3109 2861 3125 2860 3124 2859 3108 2858 3125 2860 3092 2857 3124 2859 3126 2862 3091 2863 3092 2857 3126 2862 3109 2861 3110 2830 3126 2862 3092 2857 3125 2860 3126 2862 3125 2860 3109 2861 3127 2864 3112 2829 3091 2863 3127 2864 3091 2863 3126 2862 3127 2864 3110 2830 3112 2829 3127 2864 3126 2862 3110 2830 3137 2865 3138 2866 3139 2867 3137 2865 3139 2867 3140 2868 3146 2869 3143 2870 3144 2871 3146 2869 3144 2871 3145 2872 3129 2873 3128 2874 3136 2875 3130 2876 3129 2873 3136 2875 3134 2877 3133 2878 3147 2879 3135 2880 3134 2877 3147 2879 3148 2881 3140 2868 3141 2882 3148 2881 3141 2882 3142 2883 3148 2881 3142 2883 3143 2870 3148 2881 3137 2865 3140 2868 3148 2881 3143 2870 3146 2869 3149 2884 3136 2875 3137 2865 3149 2884 3146 2869 3147 2879 3149 2884 3148 2881 3146 2869 3149 2884 3137 2865 3148 2881 3150 2885 3131 2886 3130 2876 3150 2885 3132 2887 3131 2886 3150 2885 3133 2878 3132 2887 3150 2885 3136 2875 3149 2884 3150 2885 3149 2884 3147 2879 3150 2885 3130 2876 3136 2875 3150 2885 3147 2879 3133 2878 3184 2888 3156 2889 3155 2890 3184 2888 3157 2891 3156 2889 3184 2888 3158 2892 3157 2891 3184 2888 3183 2893 3158 2892 3185 2894 3184 2888 3155 2890 3185 2894 3183 2893 3184 2888 3186 2895 3152 2896 3151 2897 3186 2895 3153 2898 3152 2896 3186 2895 3154 2899 3153 2898 3186 2895 3155 2890 3154 2899 3186 2895 3151 2897 3159 2900 3186 2895 3183 2893 3185 2894 3186 2895 3185 2894 3155 2890 3187 2901 3182 2902 3183 2893 3187 2901 3183 2893 3186 2895 3187 2901 3186 2895 3159 2900 3188 2903 3187 2901 3159 2900 3188 2903 3182 2902 3187 2901 3189 2904 3188 2903 3159 2900 3189 2904 3159 2900 3160 2905 3189 2904 3181 2906 3182 2902 3189 2904 3182 2902 3188 2903 3190 2907 3189 2904 3160 2905 3190 2907 3181 2906 3189 2904 3191 2908 3160 2905 3161 2909 3191 2908 3180 2910 3181 2906 3191 2908 3190 2907 3160 2905 3191 2908 3181 2906 3190 2907 3192 2911 3191 2908 3161 2909 3192 2911 3180 2910 3191 2908 3193 2912 3161 2909 3162 2913 3193 2912 3179 2914 3180 2910 3193 2912 3192 2911 3161 2909 3193 2912 3180 2910 3192 2911 3194 2915 3193 2912 3162 2913 3194 2915 3179 2914 3193 2912 3195 2916 3162 2913 3163 2917 3195 2916 3178 2918 3179 2914 3195 2916 3194 2915 3162 2913 3195 2916 3179 2914 3194 2915 3196 2919 3195 2916 3163 2917 3196 2919 3178 2918 3195 2916 3197 2920 3163 2917 3164 2921 3197 2920 3177 2922 3178 2918 3197 2920 3196 2919 3163 2917 3197 2920 3178 2918 3196 2919 3198 2923 3177 2922 3197 2920 3198 2923 3197 2920 3164 2921 3199 2924 3198 2923 3164 2921 3199 2924 3164 2921 3165 2925 3199 2924 3176 2926 3177 2922 3199 2924 3177 2922 3198 2923 3200 2927 3199 2924 3165 2925 3200 2927 3176 2926 3199 2924 3201 2928 3200 2927 3165 2925 3201 2928 3176 2926 3200 2927 3201 2928 3165 2925 3166 2929 3202 2930 3176 2926 3201 2928 3202 2930 3201 2928 3166 2929 3202 2930 3171 2931 3172 2932 3202 2930 3172 2932 3173 2933 3202 2930 3173 2933 3174 2934 3202 2930 3174 2934 3175 2935 3202 2930 3175 2935 3176 2926 3203 2936 3170 2937 3171 2931 3203 2936 3202 2930 3166 2929 3203 2936 3171 2931 3202 2930 3204 2938 3170 2937 3203 2936 3204 2938 3203 2936 3166 2929 3205 2939 3166 2929 3167 2940 3205 2939 3167 2940 3168 2941 3205 2939 3168 2941 3169 2942 3205 2939 3169 2942 3170 2937 3205 2939 3170 2937 3204 2938 3205 2939 3204 2938 3166 2929 3219 2943 3218 2944 3217 2945 3221 2946 3219 2943 3217 2945 3220 2947 3219 2943 3221 2946 3222 2948 3206 2949 3207 2950 3222 2948 3207 2950 3208 2951 3222 2948 3208 2951 3209 2952 3222 2948 3209 2952 3210 2953 3223 2954 3210 2953 3211 2955 3223 2954 3222 2948 3210 2953 3223 2954 3216 2956 3222 2948 3224 2957 3211 2955 3212 2958 3224 2957 3212 2958 3213 2959 3224 2957 3213 2959 3214 2960 3224 2957 3214 2960 3215 2961 3224 2957 3215 2961 3216 2956 3224 2957 3216 2956 3223 2954 3224 2957 3223 2954 3211 2955 3225 2962 3206 2949 3222 2948 3225 2962 3222 2948 3216 2956 3226 2963 3216 2956 3217 2945 3226 2963 3218 2944 3206 2949 3226 2963 3225 2962 3216 2956 3226 2963 3206 2949 3225 2962 3226 2963 3217 2945 3218 2944 3253 2964 3228 2965 3227 2966 3253 2964 3229 2967 3228 2965 3253 2964 3230 2968 3229 2967 3253 2964 3231 2969 3230 2968 3253 2964 3227 2966 3248 2970 3254 2971 3253 2964 3239 2972 3254 2971 3231 2969 3253 2964 3255 2973 3232 2974 3231 2969 3255 2973 3233 2975 3232 2974 3255 2973 3239 2972 3233 2975 3255 2973 3231 2969 3254 2971 3255 2973 3254 2971 3239 2972 3256 2976 3253 2964 3248 2970 3256 2976 3239 2972 3253 2964 3257 2977 3238 2978 3239 2972 3257 2977 3239 2972 3256 2976 3257 2977 3256 2976 3248 2970 3258 2979 3237 2980 3238 2978 3258 2979 3248 2970 3249 2981 3258 2979 3238 2978 3257 2977 3258 2979 3257 2977 3248 2970 3259 2982 3237 2980 3258 2979 3259 2982 3258 2979 3249 2981 3260 2983 3236 2984 3237 2980 3260 2983 3249 2981 3250 2985 3260 2983 3237 2980 3259 2982 3260 2983 3259 2982 3249 2981 3261 2986 3236 2984 3260 2983 3261 2986 3260 2983 3250 2985 3262 2987 3235 2988 3236 2984 3262 2987 3250 2985 3251 2989 3262 2987 3261 2986 3250 2985 3262 2987 3236 2984 3261 2986 3263 2990 3262 2987 3251 2989 3263 2990 3235 2988 3262 2987 3264 2991 3251 2989 3252 2992 3264 2991 3263 2990 3251 2989 3264 2991 3235 2988 3263 2990 3265 2993 3244 2994 3243 2995 3265 2993 3245 2996 3244 2994 3265 2993 3246 2997 3245 2996 3265 2993 3247 2998 3246 2997 3265 2993 3252 2992 3247 2998 3266 2999 3243 2995 3242 3000 3266 2999 3265 2993 3243 2995 3266 2999 3252 2992 3265 2993 3267 3001 3234 3002 3235 2988 3267 3001 3240 3003 3234 3002 3267 3001 3241 3004 3240 3003 3267 3001 3242 3000 3241 3004 3267 3001 3235 2988 3264 2991 3267 3001 3266 2999 3242 3000 3267 3001 3264 2991 3252 2992 3267 3001 3252 2992 3266 2999 3277 3005 3268 3006 3269 3007 3277 3005 3269 3007 3270 3008 3278 3009 3270 3008 3271 3010 3278 3009 3277 3005 3270 3008 3279 3011 3271 3010 3272 3012 3279 3011 3278 3009 3271 3010 3280 3013 3272 3012 3273 3014 3280 3013 3279 3011 3272 3012 3281 3015 3273 3014 3274 3016 3281 3015 3280 3013 3273 3014 3282 3017 3274 3016 3275 3018 3282 3017 3281 3015 3274 3016 3276 3019 3282 3017 3275 3018 3303 3020 3285 3021 3286 3022 3303 3020 3302 3023 3301 3024 3303 3020 3286 3022 3302 3023 3304 3025 3301 3024 3300 3026 3304 3025 3303 3020 3301 3024 3304 3025 3285 3021 3303 3020 3305 3027 3295 3028 3296 3029 3305 3027 3298 3030 3295 3028 3305 3027 3299 3031 3298 3030 3305 3027 3300 3026 3299 3031 3305 3027 3285 3021 3304 3025 3305 3027 3304 3025 3300 3026 3306 3032 3284 3033 3285 3021 3306 3032 3305 3027 3296 3029 3306 3032 3285 3021 3305 3027 3307 3034 3306 3032 3296 3029 3307 3034 3284 3033 3306 3032 3308 3035 3296 3029 3297 3036 3308 3035 3284 3033 3307 3034 3308 3035 3307 3034 3296 3029 3309 3037 3283 3038 3284 3033 3309 3037 3291 3039 3292 3040 3309 3037 3292 3040 3293 3041 3309 3037 3293 3041 3294 3042 3309 3037 3294 3042 3283 3038 3309 3037 3308 3035 3297 3036 3309 3037 3284 3033 3308 3035 3310 3043 3290 3044 3291 3039 3310 3043 3291 3039 3309 3037 3310 3043 3309 3037 3297 3036 3311 3045 3310 3043 3297 3036 3311 3045 3290 3044 3310 3043 3312 3046 3287 3047 3288 3048 3312 3046 3288 3048 3289 3049 3312 3046 3289 3049 3290 3044 3312 3046 3297 3036 3287 3047 3312 3046 3290 3044 3311 3045 3312 3046 3311 3045 3297 3036 3319 3050 3314 3051 3318 3052 3320 3053 3314 3051 3319 3050 3313 3054 3314 3051 3320 3053 3316 3055 3313 3054 3320 3053 3328 3056 3314 3051 3315 3057 3328 3056 3317 3058 3318 3052 3328 3056 3321 3059 3317 3058 3328 3056 3322 3060 3321 3059 3328 3056 3323 3061 3322 3060 3328 3056 3324 3062 3323 3061 3328 3056 3325 3063 3324 3062 3328 3056 3326 3064 3325 3063 3328 3056 3327 3065 3326 3064 3328 3056 3315 3057 3327 3065 3328 3056 3318 3052 3314 3051 3343 3066 3341 3067 3340 3068 3343 3066 3340 3068 3344 3069 3342 3070 3341 3067 3343 3066 3345 3071 3329 3072 3330 3073 3345 3071 3330 3073 3331 3074 3345 3071 3331 3074 3332 3075 3345 3071 3332 3075 3333 3076 3346 3077 3333 3076 3334 3078 3346 3077 3329 3072 3345 3071 3346 3077 3345 3071 3333 3076 3347 3079 3329 3072 3346 3077 3347 3079 3346 3077 3334 3078 3348 3080 3334 3078 3335 3081 3348 3080 3335 3081 3336 3082 3348 3080 3336 3082 3337 3083 3348 3080 3337 3083 3338 3084 3348 3080 3338 3084 3339 3085 3348 3080 3329 3072 3347 3079 3348 3080 3347 3079 3334 3078 3349 3086 3329 3072 3348 3080 3349 3086 3348 3080 3339 3085 3350 3087 3339 3085 3344 3069 3350 3087 3340 3068 3329 3072 3350 3087 3329 3072 3349 3086 3350 3087 3349 3086 3339 3085 3350 3087 3344 3069 3340 3068 3378 3088 3359 3089 3360 3090 3378 3088 3365 3091 3359 3089 3378 3088 3366 3092 3365 3091 3378 3088 3367 3093 3366 3092 3378 3088 3368 3094 3367 3093 3379 3095 3369 3096 3368 3094 3379 3095 3378 3088 3377 3097 3379 3095 3368 3094 3378 3088 3380 3098 3370 3099 3369 3096 3380 3098 3371 3100 3370 3099 3380 3098 3372 3101 3371 3100 3380 3098 3377 3097 3372 3101 3380 3098 3369 3096 3379 3095 3380 3098 3379 3095 3377 3097 3381 3102 3376 3103 3377 3097 3381 3102 3377 3097 3378 3088 3381 3102 3378 3088 3360 3090 3382 3104 3376 3103 3381 3102 3382 3104 3381 3102 3360 3090 3383 3105 3360 3090 3361 3106 3383 3105 3375 3107 3376 3103 3383 3105 3382 3104 3360 3090 3383 3105 3376 3103 3382 3104 3384 3108 3375 3107 3383 3105 3384 3108 3383 3105 3361 3106 3385 3109 3361 3106 3362 3110 3385 3109 3374 3111 3375 3107 3385 3109 3375 3107 3384 3108 3385 3109 3384 3108 3361 3106 3386 3112 3374 3111 3385 3109 3386 3112 3385 3109 3362 3110 3387 3113 3362 3110 3363 3114 3387 3113 3373 3115 3374 3111 3387 3113 3386 3112 3362 3110 3387 3113 3374 3111 3386 3112 3388 3116 3363 3114 3364 3117 3388 3116 3387 3113 3363 3114 3388 3116 3373 3115 3387 3113 3389 3118 3388 3116 3364 3117 3389 3118 3373 3115 3388 3116 3390 3119 3356 3120 3355 3121 3390 3119 3357 3122 3356 3120 3390 3119 3358 3123 3357 3122 3390 3119 3364 3117 3358 3123 3391 3124 3355 3121 3354 3125 3391 3124 3390 3119 3355 3121 3391 3124 3364 3117 3390 3119 3392 3126 3352 3127 3351 3128 3392 3126 3353 3129 3352 3127 3392 3126 3354 3125 3353 3129 3392 3126 3351 3128 3373 3115 3392 3126 3373 3115 3389 3118 3392 3126 3391 3124 3354 3125 3392 3126 3389 3118 3364 3117 3392 3126 3364 3117 3391 3124 3402 3130 3393 3131 3394 3132 3402 3130 3394 3132 3395 3133 3403 3134 3395 3133 3396 3135 3403 3134 3402 3130 3395 3133 3404 3136 3396 3135 3397 3137 3404 3136 3403 3134 3396 3135 3405 3138 3404 3136 3397 3137 3406 3139 3397 3137 3398 3140 3406 3139 3405 3138 3397 3137 3407 3141 3398 3140 3399 3142 3407 3141 3406 3139 3398 3140 3408 3143 3399 3142 3400 3144 3408 3143 3407 3141 3399 3142 3401 3145 3408 3143 3400 3144 3429 3146 3413 3147 3414 3148 3429 3146 3414 3148 3415 3149 3429 3146 3415 3149 3416 3150 3429 3146 3423 3151 3413 3147 3430 3152 3423 3151 3429 3146 3430 3152 3429 3146 3416 3150 3431 3153 3416 3150 3417 3154 3431 3153 3423 3151 3430 3152 3431 3153 3430 3152 3416 3150 3432 3155 3409 3156 3410 3157 3432 3155 3417 3154 3418 3158 3432 3155 3418 3158 3419 3159 3432 3155 3419 3159 3420 3160 3432 3155 3420 3160 3409 3156 3432 3155 3423 3151 3431 3153 3432 3155 3431 3153 3417 3154 3433 3161 3422 3162 3423 3151 3433 3161 3423 3151 3432 3155 3433 3161 3432 3155 3410 3157 3434 3163 3422 3162 3433 3161 3434 3163 3433 3161 3410 3157 3435 3164 3410 3157 3411 3165 3435 3164 3434 3163 3410 3157 3435 3164 3422 3162 3434 3163 3436 3166 3421 3167 3422 3162 3436 3166 3424 3168 3421 3167 3436 3166 3425 3169 3424 3168 3436 3166 3426 3170 3425 3169 3436 3166 3422 3162 3435 3164 3436 3166 3435 3164 3411 3165 3437 3171 3411 3165 3412 3172 3437 3171 3427 3173 3426 3170 3437 3171 3428 3174 3427 3173 3437 3171 3412 3172 3428 3174 3437 3171 3426 3170 3436 3166 3437 3171 3436 3166 3411 3165 3438 3175 3451 3176 3442 3177 3439 3055 3438 3175 3442 3177 3454 3178 3447 3179 3446 3180 3454 3178 3448 3181 3447 3179 3454 3178 3449 3182 3448 3181 3454 3178 3450 3183 3449 3182 3454 3178 3453 3184 3450 3183 3455 3185 3454 3178 3446 3180 3455 3185 3453 3184 3454 3178 3456 3186 3443 3187 3440 3188 3456 3186 3444 3189 3443 3187 3456 3186 3445 3190 3444 3189 3456 3186 3446 3180 3445 3190 3456 3186 3455 3185 3446 3180 3456 3186 3453 3184 3455 3185 3457 3191 3440 3188 3441 3192 3457 3191 3452 3193 3453 3184 3457 3191 3453 3184 3456 3186 3457 3191 3456 3186 3440 3188 3458 3194 3441 3192 3442 3177 3458 3194 3451 3176 3452 3193 3458 3194 3457 3191 3441 3192 3458 3194 3452 3193 3457 3191 3458 3194 3442 3177 3451 3176 3461 3195 3459 3196 3460 3197 3462 3198 3459 3196 3461 3195 3473 3199 3471 3200 3472 3201 3468 3202 3469 3203 3470 3204 3468 3202 3470 3204 3471 3200 3468 3202 3473 3199 3474 3205 3468 3202 3471 3200 3473 3199 3467 3206 3474 3205 3475 3207 3467 3206 3475 3207 3476 3208 3467 3206 3476 3208 3477 3209 3467 3206 3468 3202 3474 3205 3466 3210 3477 3209 3478 3211 3466 3210 3467 3206 3477 3209 3465 3212 3478 3211 3479 3213 3465 3212 3479 3213 3480 3214 3465 3212 3466 3210 3478 3211 3463 3215 3480 3214 3464 3216 3463 3215 3465 3212 3480 3214 3486 3217 3482 3218 3481 3219 3486 3217 3481 3219 3485 3220 3487 3221 3483 3222 3482 3218 3487 3221 3482 3218 3486 3217 3488 3223 3484 3224 3483 3222 3488 3223 3483 3222 3487 3221 3491 3225 3495 3226 3496 3227 3491 3225 3496 3227 3492 3228 3490 3229 3494 3230 3495 3226 3490 3229 3495 3226 3491 3225 3489 3231 3493 3232 3494 3230 3489 3231 3494 3230 3490 3229 3500 3233 3503 3234 3504 3235 3499 3236 3502 3237 3503 3234 3499 3236 3503 3234 3500 3233 3498 3238 3501 3239 3502 3237 3498 3238 3502 3237 3499 3236 3497 3240 3501 3239 3498 3238 3506 3241 3505 3242 3509 3243 3510 3244 3506 3241 3509 3243 3526 3245 3508 3246 3507 3247 3525 3248 3507 3247 3506 3241 3525 3248 3526 3245 3507 3247 3524 3249 3506 3241 3510 3244 3524 3249 3525 3248 3506 3241 3523 3250 3510 3244 3511 3251 3523 3250 3524 3249 3510 3244 3522 3252 3511 3251 3512 3253 3522 3252 3512 3253 3513 3254 3522 3252 3523 3250 3511 3251 3521 3255 3513 3254 3514 3256 3521 3255 3522 3252 3513 3254 3516 3257 3514 3256 3515 3258 3517 3259 3521 3255 3514 3256 3517 3259 3514 3256 3516 3257 3518 3260 3521 3255 3517 3259 3519 3261 3521 3255 3518 3260 3520 3262 3521 3255 3519 3261 3534 3263 3528 3264 3527 3265 3534 3263 3527 3265 3533 3266 3535 3267 3529 3268 3528 3264 3535 3267 3530 3269 3529 3268 3535 3267 3528 3264 3534 3263 3536 3270 3531 3271 3530 3269 3536 3270 3530 3269 3535 3267 3537 3272 3532 3273 3531 3271 3537 3272 3531 3271 3536 3270 3538 3274 3532 3273 3537 3272 3546 3275 3540 3276 3539 3277 3546 3275 3539 3277 3545 3278 3547 3279 3541 3280 3540 3276 3547 3279 3540 3276 3546 3275 3548 3281 3542 3282 3541 3280 3548 3281 3541 3280 3547 3279 3549 3283 3543 3284 3542 3282 3549 3283 3542 3282 3548 3281 3550 3285 3544 3286 3543 3284 3550 3285 3543 3284 3549 3283 3557 3287 3552 3288 3551 3289 3558 3290 3553 3291 3552 3288 3558 3290 3552 3288 3557 3287 3559 3292 3554 3293 3553 3291 3559 3292 3553 3291 3558 3290 3560 3294 3555 3295 3554 3293 3560 3294 3554 3293 3559 3292 3561 3296 3556 3297 3555 3295 3561 3296 3555 3295 3560 3294 3568 3298 3563 3299 3562 3300 3568 3298 3562 3300 3567 3301 3569 3302 3564 3303 3563 3299 3569 3302 3563 3299 3568 3298 3570 3304 3565 3305 3564 3303 3570 3304 3564 3303 3569 3302 3571 3306 3566 3307 3565 3305 3571 3306 3565 3305 3570 3304 3573 3308 3572 3309 3577 3310 3578 3311 3573 3308 3577 3310 3574 3312 3573 3308 3578 3311 3579 3313 3574 3312 3578 3311 3575 3314 3574 3312 3579 3313 3580 3315 3575 3314 3579 3313 3576 3316 3575 3314 3580 3315 3581 3317 3576 3316 3580 3315 3588 3318 3583 3319 3582 3320 3588 3318 3582 3320 3587 3321 3589 3322 3584 3323 3583 3319 3589 3322 3583 3319 3588 3318 3590 3324 3585 3325 3584 3323 3590 3324 3584 3323 3589 3322 3592 3326 3586 3327 3585 3325 3592 3326 3585 3325 3590 3324 3591 3328 3592 3326 3590 3324 3601 3329 3602 3330 3597 3331 3596 3332 3601 3329 3597 3331 3600 3333 3601 3329 3596 3332 3595 3334 3600 3333 3596 3332 3599 3335 3600 3333 3595 3334 3594 3336 3599 3335 3595 3334 3598 3337 3599 3335 3594 3336 3593 3338 3598 3337 3594 3336 3611 3339 3612 3340 3607 3341 3606 3342 3611 3339 3607 3341 3605 3343 3610 3344 3611 3339 3605 3343 3611 3339 3606 3342 3604 3345 3609 3346 3610 3344 3604 3345 3610 3344 3605 3343 3603 3347 3608 3348 3609 3346 3603 3347 3609 3346 3604 3345 3617 3349 3622 3350 3623 3351 3616 3352 3621 3353 3622 3350 3616 3352 3622 3350 3617 3349 3615 3354 3620 3355 3621 3353 3615 3354 3621 3353 3616 3352 3614 3356 3619 3357 3620 3355 3614 3356 3620 3355 3615 3354 3613 3358 3618 3359 3619 3357 3613 3358 3619 3357 3614 3356 3628 3360 3633 3361 3634 3362 3628 3360 3634 3362 3635 3363 3628 3360 3635 3363 3629 3364 3627 3365 3632 3366 3633 3361 3627 3365 3633 3361 3628 3360 3626 3367 3631 3368 3632 3366 3626 3367 3632 3366 3627 3365 3625 3369 3630 3370 3631 3368 3625 3369 3631 3368 3626 3367 3624 3371 3630 3370 3625 3369 3641 3372 3646 3373 3647 3374 3640 3375 3645 3376 3646 3373 3640 3375 3646 3373 3641 3372 3639 3377 3644 3378 3645 3376 3639 3377 3645 3376 3640 3375 3638 3379 3643 3380 3644 3378 3638 3379 3644 3378 3639 3377 3637 3381 3642 3382 3643 3380 3637 3381 3643 3380 3638 3379 3636 3383 3642 3382 3637 3381 3654 3384 3649 3385 3648 3386 3667 3387 3650 3388 3649 3385 3667 3387 3651 3389 3650 3388 3667 3387 3652 3390 3651 3389 3667 3387 3653 3391 3652 3390 3667 3387 3649 3385 3654 3384 3666 3392 3654 3384 3655 3393 3666 3392 3667 3387 3654 3384 3665 3394 3655 3393 3656 3395 3665 3394 3666 3392 3655 3393 3660 3396 3657 3397 3658 3398 3660 3396 3658 3398 3659 3399 3664 3400 3656 3395 3657 3397 3664 3400 3665 3394 3656 3395 3664 3400 3657 3397 3660 3396 3663 3401 3664 3400 3660 3396 3661 3402 3663 3401 3660 3396 3662 3403 3663 3401 3661 3402 3673 3404 3669 3405 3668 3406 3673 3404 3668 3406 3672 3407 3674 3408 3670 3409 3669 3405 3674 3408 3669 3405 3673 3404 3675 3410 3671 3411 3670 3409 3675 3410 3670 3409 3674 3408 3680 3412 3677 3413 3676 3414 3681 3415 3678 3416 3677 3413 3681 3415 3677 3413 3680 3412 3682 3417 3679 3418 3678 3416 3682 3417 3678 3416 3681 3415 3683 3419 3679 3418 3682 3417 3687 3420 3690 3421 3691 3422 3686 3423 3689 3424 3690 3421 3686 3423 3690 3421 3687 3420 3685 3425 3688 3426 3689 3424 3685 3425 3689 3424 3686 3423 3684 3427 3688 3426 3685 3425 3708 3428 3693 3429 3692 3430 3708 3428 3694 3431 3693 3429 3708 3428 3695 3432 3694 3431 3708 3428 3692 3430 3696 3433 3707 3434 3696 3433 3697 3435 3707 3434 3708 3428 3696 3433 3706 3436 3707 3434 3697 3435 3705 3437 3706 3436 3697 3435 3704 3438 3697 3435 3698 3439 3704 3438 3705 3437 3697 3435 3703 3440 3698 3439 3699 3441 3703 3440 3704 3438 3698 3439 3702 3442 3699 3441 3700 3443 3702 3442 3703 3440 3699 3441 3701 3444 3702 3442 3700 3443 3713 3445 3709 3446 3710 3447 3713 3445 3710 3447 3711 3448 3713 3445 3711 3448 3712 3449 3713 3445 3712 3449 3709 3446 3723 3450 3715 3451 3714 3452 3716 3453 3715 3451 3723 3450 3722 3454 3716 3453 3723 3450 3717 3455 3716 3453 3722 3454 3721 3456 3718 3457 3717 3455 3721 3456 3717 3455 3722 3454 3720 3458 3719 3459 3718 3457 3720 3458 3718 3457 3721 3456 3729 3460 3725 3461 3724 3462 3733 3463 3729 3460 3724 3462 3728 3464 3729 3460 3733 3463 3732 3465 3728 3464 3733 3463 3731 3466 3727 3467 3728 3464 3731 3466 3728 3464 3732 3465 3730 3468 3726 3469 3727 3467 3730 3468 3727 3467 3731 3466 3734 3470 3735 3471 3740 3472 3734 3470 3740 3472 3741 3473 3734 3470 3741 3473 3742 3474 3734 3470 3742 3474 3739 3475 3738 3476 3734 3470 3739 3475 3737 3477 3738 3476 3739 3475 3736 3478 3737 3477 3739 3475 3744 3479 3743 3480 3751 3481 3744 3479 3751 3481 3752 3482 3749 3483 3752 3482 3753 3484 3749 3483 3753 3484 3748 3485 3749 3483 3744 3479 3752 3482 3745 3486 3744 3479 3749 3483 3750 3487 3745 3486 3749 3483 3746 3488 3745 3486 3750 3487 3747 3055 3746 3488 3750 3487 3757 3489 3756 3490 3762 3491 3758 3492 3757 3489 3762 3491 3773 3493 3759 3494 3760 3495 3773 3493 3763 3496 3764 3497 3773 3493 3764 3497 3765 3498 3773 3493 3765 3498 3766 3499 3773 3493 3766 3499 3767 3500 3773 3493 3767 3500 3768 3501 3773 3493 3768 3501 3769 3502 3773 3493 3769 3502 3759 3494 3773 3493 3772 3503 3763 3496 3774 3504 3772 3503 3773 3493 3774 3504 3773 3493 3760 3495 3775 3505 3771 3506 3772 3503 3775 3505 3772 3503 3774 3504 3775 3505 3774 3504 3760 3495 3776 3507 3760 3495 3761 3508 3776 3507 3770 3509 3771 3506 3776 3507 3771 3506 3775 3505 3776 3507 3775 3505 3760 3495 3777 3510 3776 3507 3761 3508 3777 3510 3770 3509 3776 3507 3778 3511 3755 3512 3754 3513 3778 3511 3756 3490 3755 3512 3778 3511 3761 3508 3762 3491 3778 3511 3754 3513 3770 3509 3778 3511 3777 3510 3761 3508 3778 3511 3770 3509 3777 3510 3778 3511 3762 3491 3756 3490 3799 3514 3800 3515 3783 3516 3784 3517 3799 3514 3783 3516 3803 3518 3779 3519 3780 3520 3803 3518 3785 3521 3779 3519 3803 3518 3786 3522 3785 3521 3803 3518 3787 3523 3786 3522 3803 3518 3788 3524 3787 3523 3803 3518 3789 3525 3788 3524 3804 3526 3790 3527 3789 3525 3804 3526 3791 3528 3790 3527 3804 3526 3795 3529 3791 3528 3804 3526 3789 3525 3803 3518 3804 3526 3803 3518 3780 3520 3805 3530 3804 3526 3780 3520 3805 3530 3795 3529 3804 3526 3806 3531 3794 3532 3795 3529 3806 3531 3805 3530 3780 3520 3806 3531 3795 3529 3805 3530 3807 3533 3780 3520 3781 3534 3807 3533 3806 3531 3780 3520 3807 3533 3794 3532 3806 3531 3808 3535 3807 3533 3781 3534 3808 3535 3794 3532 3807 3533 3809 3536 3793 3537 3794 3532 3809 3536 3794 3532 3808 3535 3810 3538 3793 3537 3809 3536 3811 3539 3781 3534 3782 3540 3811 3539 3810 3538 3781 3534 3811 3539 3793 3537 3810 3538 3812 3541 3793 3537 3811 3539 3812 3541 3811 3539 3782 3540 3813 3542 3792 3543 3793 3537 3813 3542 3793 3537 3812 3541 3814 3544 3792 3543 3813 3542 3815 3545 3782 3540 3783 3516 3815 3545 3814 3544 3782 3540 3815 3545 3792 3543 3814 3544 3816 3546 3800 3515 3801 3547 3816 3546 3783 3516 3800 3515 3817 3548 3801 3547 3802 3549 3817 3548 3816 3546 3801 3547 3817 3548 3783 3516 3816 3546 3818 3550 3817 3548 3802 3549 3818 3550 3783 3516 3817 3548 3819 3551 3802 3549 3796 3552 3819 3551 3818 3550 3802 3549 3819 3551 3783 3516 3818 3550 3820 3553 3796 3552 3797 3554 3820 3553 3797 3554 3798 3555 3820 3553 3798 3555 3792 3543 3820 3553 3815 3545 3783 3516 3820 3553 3792 3543 3815 3545 3820 3553 3819 3551 3796 3552 3820 3553 3783 3516 3819 3551 3821 3556 3810 3538 3809 3536 3821 3556 3809 3536 3808 3535 3821 3556 3781 3534 3810 3538 3821 3556 3808 3535 3781 3534 3822 3557 3812 3541 3782 3540 3822 3557 3782 3540 3814 3544 3822 3557 3813 3542 3812 3541 3822 3557 3814 3544 3813 3542 3833 3558 3826 3559 3825 3560 3834 3561 3827 3562 3826 3559 3834 3561 3826 3559 3833 3558 3830 3563 3828 3564 3827 3562 3830 3563 3827 3562 3834 3561 3829 3565 3830 3563 3834 3561 3842 3566 3824 3567 3823 3568 3842 3566 3831 3569 3832 3570 3842 3566 3823 3568 3835 3571 3842 3566 3835 3571 3836 3572 3842 3566 3836 3572 3837 3573 3842 3566 3837 3573 3838 3574 3842 3566 3838 3574 3839 3575 3842 3566 3839 3575 3840 3576 3842 3566 3840 3576 3841 3577 3842 3566 3841 3577 3831 3569 3842 3566 3843 3578 3824 3567 3842 3566 3832 3570 3843 3578 3844 3579 3824 3567 3843 3578 3844 3579 3843 3578 3832 3570 3845 3580 3825 3560 3824 3567 3845 3580 3832 3570 3833 3558 3845 3580 3844 3579 3832 3570 3845 3580 3833 3558 3825 3560 3845 3580 3824 3567 3844 3579 3847 3581 3853 3582 3851 3583 3847 3581 3846 3584 3853 3582 3852 3585 3847 3581 3851 3583 3848 3586 3847 3581 3852 3585 3850 3587 3849 3588 3848 3586 3850 3587 3848 3586 3852 3585 3858 3589 3854 3590 3855 3591 3857 3592 3858 3589 3855 3591 3856 3593 3860 3594 3859 3595 3856 3593 3855 3591 3860 3594 3856 3593 3857 3592 3855 3591 3869 3596 3866 3597 3863 3598 3868 3599 3869 3596 3863 3598 3867 3600 3868 3599 3863 3598 3862 3601 3863 3598 3864 3602 3862 3601 3864 3602 3865 3603 3862 3601 3865 3603 3861 3604 3862 3601 3867 3600 3863 3598 3884 3605 3875 3606 3876 3607 3884 3605 3876 3607 3877 3608 3884 3605 3877 3608 3878 3609 3885 3610 3886 3611 3873 3612 3874 3613 3885 3610 3873 3612 3888 3614 3870 3615 3871 3616 3888 3614 3878 3609 3879 3617 3888 3614 3879 3617 3880 3618 3888 3614 3880 3618 3870 3615 3888 3614 3884 3605 3878 3609 3889 3619 3883 3620 3884 3605 3889 3619 3884 3605 3888 3614 3889 3619 3888 3614 3871 3616 3890 3621 3871 3616 3872 3622 3890 3621 3882 3623 3883 3620 3890 3621 3883 3620 3889 3619 3890 3621 3889 3619 3871 3616 3891 3624 3882 3623 3890 3621 3891 3624 3890 3621 3872 3622 3892 3625 3872 3622 3873 3612 3892 3625 3881 3626 3882 3623 3892 3625 3886 3611 3887 3627 3892 3625 3887 3627 3881 3626 3892 3625 3891 3624 3872 3622 3892 3625 3882 3623 3891 3624 3892 3625 3873 3612 3886 3611 3900 3628 3896 3629 3895 3630 3900 3628 3897 3631 3896 3629 3903 3632 3894 3633 3893 3634 3903 3632 3895 3630 3894 3633 3903 3632 3900 3628 3895 3630 3902 3635 3899 3636 3900 3628 3902 3635 3900 3628 3903 3632 3901 3637 3898 3638 3899 3636 3901 3637 3899 3636 3902 3635 3920 3639 3914 3640 3915 3641 3921 3642 3913 3643 3914 3640 3921 3642 3914 3640 3920 3639 3922 3644 3913 3643 3921 3642 3918 3645 3912 3646 3913 3643 3918 3645 3913 3643 3922 3644 3917 3647 3918 3645 3922 3644 3923 3648 3916 3649 3904 3650 3924 3651 3923 3648 3919 3652 3924 3651 3916 3649 3923 3648 3925 3653 3915 3641 3916 3649 3925 3653 3919 3652 3920 3639 3925 3653 3924 3651 3919 3652 3925 3653 3920 3639 3915 3641 3925 3653 3916 3649 3924 3651 3926 3654 3904 3650 3905 3655 3926 3654 3905 3655 3906 3656 3926 3654 3906 3656 3907 3657 3926 3654 3907 3657 3908 3658 3926 3654 3908 3658 3909 3659 3926 3654 3909 3659 3910 3660 3926 3654 3910 3660 3911 3661 3926 3654 3911 3661 3919 3652 3926 3654 3919 3652 3923 3648 3926 3654 3923 3648 3904 3650 3944 3662 3950 3663 3945 3664 3946 3665 3945 3664 3950 3663 3947 3666 3928 3667 3927 3668 3951 3669 3929 3670 3928 3667 3951 3669 3930 3671 3929 3670 3951 3669 3931 3672 3930 3671 3951 3669 3932 3673 3931 3672 3951 3669 3935 3674 3932 3673 3951 3669 3928 3667 3947 3666 3952 3675 3935 3674 3951 3669 3952 3675 3951 3669 3947 3666 3953 3676 3952 3675 3947 3666 3953 3676 3935 3674 3952 3675 3954 3677 3934 3678 3935 3674 3954 3677 3935 3674 3953 3676 3954 3677 3953 3676 3947 3666 3955 3679 3933 3680 3934 3678 3955 3679 3939 3681 3933 3680 3955 3679 3934 3678 3954 3677 3955 3679 3954 3677 3947 3666 3956 3682 3955 3679 3947 3666 3956 3682 3939 3681 3955 3679 3957 3683 3947 3666 3948 3684 3957 3683 3939 3681 3956 3682 3957 3683 3956 3682 3947 3666 3958 3685 3938 3686 3939 3681 3958 3685 3939 3681 3957 3683 3958 3685 3957 3683 3948 3684 3959 3687 3958 3685 3948 3684 3959 3687 3938 3686 3958 3685 3960 3688 3937 3689 3938 3686 3960 3688 3938 3686 3959 3687 3961 3690 3937 3689 3960 3688 3962 3691 3948 3684 3949 3692 3962 3691 3961 3690 3948 3684 3962 3691 3937 3689 3961 3690 3963 3693 3962 3691 3949 3692 3963 3693 3937 3689 3962 3691 3964 3694 3949 3692 3950 3663 3964 3694 3963 3693 3949 3692 3965 3695 3937 3689 3963 3693 3965 3695 3963 3693 3964 3694 3966 3696 3936 3697 3937 3689 3966 3696 3937 3689 3965 3695 3967 3698 3942 3699 3941 3700 3967 3698 3943 3701 3942 3699 3967 3698 3944 3662 3943 3701 3967 3698 3950 3663 3944 3662 3968 3702 3967 3698 3941 3700 3968 3702 3950 3663 3967 3698 3969 3703 3940 3704 3936 3697 3969 3703 3941 3700 3940 3704 3969 3703 3936 3697 3966 3696 3969 3703 3968 3702 3941 3700 3970 3705 3959 3687 3948 3684 3970 3705 3960 3688 3959 3687 3970 3705 3948 3684 3961 3690 3970 3705 3961 3690 3960 3688 3971 3706 3968 3702 3969 3703 3971 3706 3964 3694 3950 3663 3971 3706 3965 3695 3964 3694 3971 3706 3966 3696 3965 3695 3971 3706 3950 3663 3968 3702 3971 3706 3969 3703 3966 3696 3979 3707 3973 3708 3972 3709 3979 3707 3974 3710 3973 3708 3976 3711 3974 3710 3979 3707 3978 3712 3976 3711 3979 3707 3975 3713 3976 3711 3978 3712 3977 3714 3975 3713 3978 3712 3980 3715 3981 3716 3985 3717 3980 3715 3985 3717 3986 3718 3980 3715 3986 3718 3984 3719 3982 3720 3980 3715 3984 3719 3983 3721 3982 3720 3984 3719 4007 3722 4006 3723 4048 3724 4005 3725 4049 3726 4048 3724 4005 3725 4048 3724 4006 3723 4008 3727 4007 3722 4048 3724 4009 3728 4047 3729 4046 3730 4009 3728 4048 3724 4047 3729 4009 3728 4008 3727 4048 3724 4004 3731 4049 3726 4005 3725 4003 3732 4049 3726 4004 3731 4002 3733 4049 3726 4003 3732 4045 3734 4010 3735 4009 3728 4045 3734 4011 3736 4010 3735 4045 3734 4012 3737 4011 3736 4045 3734 4009 3728 4046 3730 4001 3738 4049 3726 4002 3733 4001 3738 4050 3739 4049 3726 4000 3740 4050 3739 4001 3738 4051 3741 4050 3739 4000 3740 4044 3742 4012 3737 4045 3734 4044 3742 4013 3743 4012 3737 4044 3742 4014 3744 4013 3743 4044 3742 4015 3745 4014 3744 4044 3742 4016 3746 4015 3745 4044 3742 4017 3747 4016 3746 3993 3748 4051 3741 4000 3740 3999 3749 3993 3748 4000 3740 4043 3750 4017 3747 4044 3742 4043 3750 4018 3751 4017 3747 4043 3750 4019 3752 4018 3751 3994 3753 4051 3741 3993 3748 3994 3753 4052 3754 4051 3741 4021 3755 4020 3756 4019 3752 4042 3757 4019 3752 4043 3750 4042 3757 4021 3755 4019 3752 3995 3758 4052 3754 3994 3753 3995 3758 4053 3759 4052 3754 4027 3760 4021 3755 4042 3757 4041 3761 4027 3760 4042 3757 3996 3762 4053 3759 3995 3758 3996 3762 4054 3763 4053 3759 4026 3764 4027 3760 4041 3761 4040 3765 4026 3764 4041 3761 3997 3766 4054 3763 3996 3762 3997 3766 4055 3767 4054 3763 4025 3768 4026 3764 4040 3765 4039 3769 4025 3768 4040 3765 3998 3770 4055 3767 3997 3766 3998 3770 4056 3771 4055 3767 4024 3772 4025 3768 4039 3769 4038 3773 4024 3772 4039 3769 3992 3774 4057 3775 4056 3771 3992 3774 4056 3771 3998 3770 4023 3776 4024 3772 4038 3773 4037 3777 4023 3776 4038 3773 4022 3778 4023 3776 4037 3777 3988 3779 3992 3774 3987 3780 3988 3779 4058 3781 4057 3775 3988 3779 4057 3775 3992 3774 4032 3782 4028 3783 4022 3778 4036 3784 4032 3782 4022 3778 4036 3784 4022 3778 4037 3777 3989 3785 4059 3786 4058 3781 3989 3785 4058 3781 3988 3779 3990 3787 4059 3786 3989 3785 4060 3788 4059 3786 3990 3787 4035 3789 4032 3782 4036 3784 4035 3789 4031 3790 4032 3782 4030 3791 4031 3790 4035 3789 3991 3792 4060 3788 3990 3787 4034 3793 4030 3791 4035 3789 4029 3794 4030 3791 4034 3793 4033 3795 4029 3794 4034 3793</p>
        </triangles>
        <triangles material="black_plastic-material" count="1429">
          <input semantic="VERTEX" source="#middle_intermediate-mesh-vertices" offset="0"/>
          <input semantic="NORMAL" source="#middle_intermediate-mesh-normals" offset="1"/>
          <p>4072 3796 4073 3797 4077 3798 4078 3799 4076 3800 4075 3801 4078 3799 4077 3798 4076 3800 4078 3799 4072 3796 4077 3798 4079 3802 4075 3801 4074 3803 4079 3802 4078 3799 4075 3801 4079 3802 4074 3803 4080 3804 4081 3805 4079 3802 4080 3804 4081 3805 4080 3804 4082 3806 4083 3807 4078 3799 4079 3802 4083 3807 4079 3802 4081 3805 4084 3808 4063 3809 4062 3810 4085 3811 4071 3812 4072 3796 4085 3811 4072 3796 4078 3799 4085 3811 4078 3799 4083 3807 4086 3813 4065 3814 4066 3815 4086 3813 4066 3815 4067 3816 4086 3813 4067 3816 4068 3817 4086 3813 4087 3818 4088 3819 4089 3820 4068 3817 4069 3821 4089 3820 4069 3821 4070 3822 4089 3820 4086 3813 4068 3817 4089 3820 4087 3818 4086 3813 4090 3823 4074 3803 4063 3809 4090 3823 4082 3806 4080 3804 4090 3823 4084 3808 4082 3806 4090 3823 4080 3804 4074 3803 4090 3823 4063 3809 4084 3808 4091 3824 4081 3805 4082 3806 4092 3825 4071 3812 4085 3811 4092 3825 4083 3807 4081 3805 4092 3825 4081 3805 4091 3824 4092 3825 4091 3824 4071 3812 4092 3825 4085 3811 4083 3807 4093 3826 4082 3806 4084 3808 4093 3826 4084 3808 4094 3827 4093 3826 4091 3824 4082 3806 4095 3828 4084 3808 4062 3810 4095 3828 4094 3827 4084 3808 4095 3828 4096 3829 4094 3827 4095 3828 4097 3830 4096 3829 4098 3831 4070 3822 4071 3812 4098 3831 4096 3829 4070 3822 4098 3831 4071 3812 4091 3824 4098 3831 4094 3827 4096 3829 4098 3831 4091 3824 4093 3826 4098 3831 4093 3826 4094 3827 4099 3832 4095 3828 4062 3810 4099 3832 4088 3819 4097 3830 4099 3832 4097 3830 4095 3828 4100 3833 4070 3822 4096 3829 4100 3833 4096 3829 4097 3830 4101 3834 4097 3830 4088 3819 4101 3834 4100 3833 4097 3830 4102 3835 4062 3810 4061 3836 4102 3835 4061 3836 4064 3837 4102 3835 4064 3837 4065 3814 4102 3835 4065 3814 4086 3813 4102 3835 4099 3832 4062 3810 4102 3835 4086 3813 4088 3819 4102 3835 4088 3819 4099 3832 4103 3838 4070 3822 4100 3833 4103 3838 4100 3833 4101 3834 4104 3839 4070 3822 4103 3838 4104 3839 4103 3838 4101 3834 4105 3840 4101 3834 4088 3819 4105 3840 4070 3822 4104 3839 4105 3840 4104 3839 4101 3834 4105 3840 4088 3819 4087 3818 4105 3840 4089 3820 4070 3822 4105 3840 4087 3818 4089 3820 4108 3841 4106 3842 4107 3843 4108 3841 4118 3844 4106 3842 4115 3845 4116 3846 4117 3847 4109 3848 4119 3849 4118 3844 4109 3848 4118 3844 4108 3841 4110 3850 4120 3851 4119 3849 4110 3850 4119 3849 4109 3848 4111 3852 4120 3851 4110 3850 4122 3853 4111 3852 4112 3854 4122 3853 4112 3854 4113 3855 4122 3853 4121 3856 4120 3851 4122 3853 4120 3851 4111 3852 4123 3857 4113 3855 4114 3858 4123 3857 4114 3858 4115 3845 4123 3857 4117 3847 4121 3856 4123 3857 4115 3845 4117 3847 4123 3857 4122 3853 4113 3855 4123 3857 4121 3856 4122 3853 4134 3859 4131 3860 4130 3861 4129 3862 4133 3863 4134 3859 4129 3862 4134 3859 4130 3861 4132 3864 4133 3863 4129 3862 4128 3865 4125 3866 4132 3864 4128 3865 4132 3864 4129 3862 4126 3867 4124 3868 4125 3866 4127 3869 4126 3867 4125 3866 4127 3869 4125 3866 4128 3865 4145 3870 4136 3871 4135 3872 4145 3870 4137 3873 4136 3871 4145 3870 4138 3874 4137 3873 4145 3870 4139 3875 4138 3874 4145 3870 4140 3876 4139 3875 4145 3870 4141 3877 4140 3876 4145 3870 4146 3878 4141 3877 4147 3879 4135 3872 4142 3880 4147 3879 4142 3880 4143 3881 4147 3879 4143 3881 4144 3882 4147 3879 4144 3882 4145 3870 4147 3879 4145 3870 4135 3872 4166 3883 4149 3884 4148 3885 4167 3886 4151 3887 4150 3888 4167 3886 4152 3889 4151 3887 4168 3890 4154 3891 4153 3892 4168 3890 4155 3893 4154 3891 4169 3894 4153 3892 4152 3889 4169 3894 4168 3890 4153 3892 4170 3895 4152 3889 4167 3886 4170 3895 4167 3886 4171 3896 4170 3895 4169 3894 4152 3889 4172 3897 4150 3888 4149 3884 4172 3897 4149 3884 4166 3883 4172 3897 4167 3886 4150 3888 4172 3897 4171 3896 4167 3886 4173 3898 4168 3890 4169 3894 4174 3899 4169 3894 4170 3895 4174 3899 4173 3898 4169 3894 4175 3900 4174 3899 4170 3895 4176 3901 4170 3895 4171 3896 4176 3901 4175 3900 4170 3895 4177 3902 4171 3896 4172 3897 4177 3902 4172 3897 4166 3883 4177 3902 4176 3901 4171 3896 4178 3903 4157 3904 4155 3893 4178 3903 4168 3890 4173 3898 4178 3903 4155 3893 4168 3890 4179 3905 4160 3906 4159 3907 4179 3905 4161 3908 4160 3906 4179 3905 4162 3909 4161 3908 4179 3905 4181 3910 4180 3911 4182 3912 4163 3913 4162 3909 4182 3912 4164 3914 4163 3913 4182 3912 4162 3909 4179 3905 4182 3912 4179 3905 4180 3911 4183 3915 4173 3898 4174 3899 4183 3915 4174 3899 4175 3900 4183 3915 4175 3900 4176 3901 4184 3916 4165 3917 4185 3918 4184 3916 4185 3918 4183 3915 4186 3919 4184 3916 4183 3915 4186 3919 4166 3883 4165 3917 4186 3919 4177 3902 4166 3883 4186 3919 4176 3901 4177 3902 4186 3919 4183 3915 4176 3901 4186 3919 4165 3917 4184 3916 4187 3920 4178 3903 4173 3898 4187 3920 4188 3921 4178 3903 4187 3920 4173 3898 4183 3915 4187 3920 4183 3915 4185 3918 4189 3922 4157 3904 4178 3903 4189 3922 4178 3903 4188 3921 4189 3922 4188 3921 4190 3923 4189 3922 4190 3923 4191 3924 4192 3925 4188 3921 4187 3920 4192 3925 4165 3917 4164 3914 4192 3925 4185 3918 4165 3917 4192 3925 4187 3920 4185 3918 4192 3925 4164 3914 4190 3923 4192 3925 4190 3923 4188 3921 4193 3926 4189 3922 4191 3924 4193 3926 4157 3904 4189 3922 4193 3926 4191 3924 4181 3910 4194 3927 4190 3923 4164 3914 4194 3927 4191 3924 4190 3923 4195 3928 4181 3910 4191 3924 4195 3928 4191 3924 4194 3927 4196 3929 4156 3930 4157 3904 4196 3929 4158 3931 4156 3930 4196 3929 4159 3907 4158 3931 4196 3929 4157 3904 4193 3926 4196 3929 4193 3926 4181 3910 4196 3929 4179 3905 4159 3907 4196 3929 4181 3910 4179 3905 4197 3932 4195 3928 4194 3927 4197 3932 4194 3927 4164 3914 4198 3933 4195 3928 4197 3932 4198 3933 4197 3932 4164 3914 4199 3934 4181 3910 4195 3928 4199 3934 4195 3928 4198 3933 4199 3934 4198 3933 4164 3914 4199 3934 4180 3911 4181 3910 4199 3934 4164 3914 4182 3912 4199 3934 4182 3912 4180 3911 4208 3935 4205 3936 4204 3937 4208 3935 4206 3938 4205 3936 4208 3935 4207 3939 4206 3938 4215 3940 4200 3941 4216 3942 4209 3943 4204 3937 4203 3944 4209 3943 4208 3935 4204 3937 4210 3945 4203 3944 4202 3946 4210 3945 4209 3943 4203 3944 4211 3947 4210 3945 4202 3946 4217 3948 4202 3946 4201 3949 4217 3948 4212 3950 4211 3947 4217 3948 4213 3951 4212 3950 4217 3948 4211 3947 4202 3946 4218 3952 4201 3949 4200 3941 4218 3952 4214 3953 4213 3951 4218 3952 4215 3940 4214 3953 4218 3952 4213 3951 4217 3948 4218 3952 4217 3948 4201 3949 4218 3952 4200 3941 4215 3940 4220 3954 4229 3955 4219 3956 4228 3957 4220 3954 4221 3958 4228 3957 4229 3955 4220 3954 4222 3959 4228 3957 4221 3958 4227 3960 4222 3959 4223 3961 4227 3960 4228 3957 4222 3959 4225 3962 4223 3961 4224 3963 4226 3964 4227 3960 4223 3961 4226 3964 4223 3961 4225 3962 4242 3965 4231 3966 4230 3967 4242 3965 4232 3968 4231 3966 4242 3965 4233 3969 4232 3968 4242 3965 4234 3970 4233 3969 4242 3965 4235 3971 4234 3970 4242 3965 4236 3972 4235 3971 4242 3965 4237 3973 4236 3972 4242 3965 4238 3974 4237 3973 4243 3975 4239 3976 4238 3974 4243 3975 4240 3977 4239 3976 4243 3975 4241 3978 4240 3977 4243 3975 4242 3965 4241 3978 4243 3975 4238 3974 4242 3965 4252 3979 4250 3980 4249 3981 4253 3982 4251 3983 4252 3979 4254 3984 4249 3981 4248 3985 4254 3984 4252 3979 4249 3981 4254 3984 4253 3982 4252 3979 4255 3986 4254 3984 4248 3985 4246 3987 4248 3985 4247 3988 4246 3987 4255 3986 4248 3985 4245 3989 4255 3986 4246 3987 4244 3990 4245 3989 4246 3987 4259 3991 4264 3992 4268 3993 4259 3991 4269 3994 4260 3995 4259 3991 4270 3996 4269 3994 4259 3991 4268 3993 4270 3996 4265 3997 4259 3991 4258 3998 4265 3997 4264 3992 4259 3991 4262 3999 4267 4000 4261 4001 4263 4002 4267 4000 4262 3999 4271 4003 4258 3998 4257 4004 4271 4003 4266 4005 4265 3997 4271 4003 4265 3997 4258 3998 4271 4003 4257 4004 4266 4005 4272 4006 4257 4004 4256 4007 4272 4006 4256 4007 4261 4001 4272 4006 4267 4000 4266 4005 4272 4006 4266 4005 4257 4004 4272 4006 4261 4001 4267 4000 4280 4008 4274 4009 4273 4010 4280 4008 4275 4011 4274 4009 4280 4008 4276 4012 4275 4011 4280 4008 4273 4010 4284 4013 4285 4014 4279 4015 4280 4008 4285 4014 4280 4008 4284 4013 4282 4016 4281 4017 4287 4018 4283 4019 4282 4016 4287 4018 4288 4020 4278 4021 4279 4015 4288 4020 4285 4014 4286 4022 4288 4020 4279 4015 4285 4014 4288 4020 4286 4022 4278 4021 4289 4023 4277 4024 4278 4021 4289 4023 4281 4017 4277 4024 4289 4023 4286 4022 4287 4018 4289 4023 4278 4021 4286 4022 4289 4023 4287 4018 4281 4017 4295 4025 4296 4026 4290 4027 4293 4028 4295 4025 4292 4029 4294 4030 4295 4025 4293 4028 4297 4031 4290 4027 4291 4032 4297 4031 4291 4032 4292 4029 4297 4031 4295 4025 4290 4027 4297 4031 4292 4029 4295 4025 4300 4033 4302 4034 4301 4035 4307 4036 4304 4037 4303 4038 4307 4036 4305 4039 4304 4037 4307 4036 4306 4040 4305 4039 4298 4041 4303 4038 4302 4034 4298 4041 4302 4034 4300 4033 4298 4041 4307 4036 4303 4038 4308 4042 4307 4036 4298 4041 4299 4043 4308 4042 4298 4041 4321 4044 4319 4045 4320 4046 4322 4047 4318 4048 4319 4045 4322 4047 4319 4045 4321 4044 4323 4049 4318 4048 4322 4047 4317 4050 4323 4049 4324 4051 4317 4050 4324 4051 4325 4052 4317 4050 4325 4052 4316 4053 4317 4050 4318 4048 4323 4049 4315 4054 4299 4043 4318 4048 4315 4054 4318 4048 4317 4050 4326 4055 4310 4056 4308 4042 4326 4055 4315 4054 4314 4057 4326 4055 4308 4042 4299 4043 4326 4055 4299 4043 4315 4054 4327 4058 4326 4055 4314 4057 4327 4058 4310 4056 4326 4055 4328 4059 4309 4060 4310 4056 4328 4059 4313 4061 4309 4060 4328 4059 4327 4058 4314 4057 4328 4059 4310 4056 4327 4058 4329 4062 4311 4063 4312 4064 4329 4062 4312 4064 4313 4061 4329 4062 4314 4057 4311 4063 4329 4062 4328 4059 4314 4057 4329 4062 4313 4061 4328 4059 4331 4065 4359 4066 4332 4067 4347 4068 4334 4069 4333 4070 4347 4068 4335 4071 4334 4069 4360 4072 4357 4073 4358 4074 4360 4072 4358 4074 4359 4066 4360 4072 4359 4066 4331 4065 4361 4075 4331 4065 4330 4076 4361 4075 4340 4077 4339 4078 4361 4075 4330 4076 4340 4077 4361 4075 4360 4072 4331 4065 4361 4075 4357 4073 4360 4072 4362 4079 4356 4080 4357 4073 4362 4079 4357 4073 4361 4075 4363 4081 4336 4082 4335 4071 4363 4081 4337 4083 4336 4082 4363 4081 4338 4084 4337 4083 4363 4081 4339 4078 4338 4084 4363 4081 4347 4068 4346 4085 4363 4081 4361 4075 4339 4078 4363 4081 4335 4071 4347 4068 4363 4081 4364 4086 4362 4079 4363 4081 4362 4079 4361 4075 4365 4087 4355 4088 4356 4080 4365 4087 4356 4080 4362 4079 4365 4087 4362 4079 4364 4086 4366 4089 4346 4085 4345 4090 4366 4089 4364 4086 4363 4081 4366 4089 4363 4081 4346 4085 4367 4091 4355 4088 4365 4087 4368 4092 4351 4093 4352 4094 4368 4092 4352 4094 4353 4095 4368 4092 4353 4095 4354 4096 4368 4092 4354 4096 4355 4088 4368 4092 4355 4088 4367 4091 4369 4097 4345 4090 4344 4098 4369 4097 4364 4086 4366 4089 4369 4097 4366 4089 4345 4090 4370 4099 4350 4100 4351 4093 4370 4099 4367 4091 4365 4087 4370 4099 4368 4092 4367 4091 4370 4099 4351 4093 4368 4092 4370 4099 4365 4087 4364 4086 4371 4101 4344 4098 4343 4102 4371 4101 4369 4097 4344 4098 4371 4101 4364 4086 4369 4097 4372 4103 4349 4104 4350 4100 4372 4103 4350 4100 4370 4099 4372 4103 4364 4086 4371 4101 4372 4103 4370 4099 4364 4086 4373 4105 4371 4101 4343 4102 4373 4105 4372 4103 4371 4101 4374 4106 4342 4107 4341 4108 4374 4106 4343 4102 4342 4107 4374 4106 4341 4108 4348 4109 4374 4106 4348 4109 4349 4104 4374 4106 4373 4105 4343 4102 4374 4106 4349 4104 4372 4103 4374 4106 4372 4103 4373 4105 4377 4110 4389 4111 4384 4112 4378 4113 4388 4114 4389 4111 4378 4113 4389 4111 4377 4110 4379 4115 4387 4116 4388 4114 4379 4115 4388 4114 4378 4113 4380 4117 4386 4118 4387 4116 4380 4117 4387 4116 4379 4115 4381 4119 4385 4120 4386 4118 4381 4119 4386 4118 4380 4117 4382 4121 4385 4120 4381 4119 4383 4122 4376 4123 4385 4120 4383 4122 4385 4120 4382 4121 4375 4124 4376 4123 4383 4122 4398 4125 4394 4126 4395 4127 4398 4125 4395 4127 4396 4128 4391 4129 4392 4130 4393 4131 4397 4132 4393 4131 4394 4126 4397 4132 4394 4126 4398 4125 4397 4132 4391 4129 4393 4131 4390 4133 4391 4129 4397 4132 4405 4134 4404 4135 4407 4136 4402 4137 4401 4138 4405 4134 4402 4137 4407 4136 4406 4139 4402 4137 4405 4134 4407 4136 4403 4140 4406 4139 4399 4141 4403 4140 4402 4137 4406 4139 4400 4142 4403 4140 4399 4141 4409 4143 4432 4144 4408 4145 4419 4146 4418 4147 4425 4148 4419 4146 4425 4148 4426 4149 4415 4150 4413 4151 4414 4152 4424 4153 4423 4154 4416 4155 4417 4156 4424 4153 4416 4155 4433 4157 4409 4143 4410 4158 4433 4157 4431 4159 4432 4144 4433 4157 4432 4144 4409 4143 4434 4160 4430 4161 4431 4159 4434 4160 4431 4159 4433 4157 4435 4162 4410 4158 4411 4163 4435 4162 4434 4160 4433 4157 4435 4162 4433 4157 4410 4158 4436 4164 4427 4165 4428 4166 4436 4164 4428 4166 4429 4167 4436 4164 4429 4167 4430 4161 4436 4164 4430 4161 4434 4160 4437 4168 4435 4162 4411 4163 4437 4168 4434 4160 4435 4162 4437 4168 4436 4164 4434 4160 4438 4169 4420 4170 4419 4146 4438 4169 4426 4149 4427 4165 4438 4169 4427 4165 4436 4164 4438 4169 4436 4164 4437 4168 4438 4169 4419 4146 4426 4149 4439 4171 4420 4170 4438 4169 4439 4171 4437 4168 4411 4163 4439 4171 4438 4169 4437 4168 4440 4172 4411 4163 4412 4173 4440 4172 4412 4173 4413 4151 4440 4172 4415 4150 4416 4155 4440 4172 4439 4171 4411 4163 4440 4172 4413 4151 4415 4150 4441 4174 4421 4175 4420 4170 4441 4174 4422 4176 4421 4175 4441 4174 4423 4154 4422 4176 4441 4174 4420 4170 4439 4171 4441 4174 4439 4171 4440 4172 4441 4174 4416 4155 4423 4154 4441 4174 4440 4172 4416 4155 4463 4177 4457 4178 4442 4179 4463 4177 4458 4180 4457 4178 4463 4177 4459 4181 4458 4180 4463 4177 4460 4182 4459 4181 4464 4183 4442 4179 4443 4184 4464 4183 4463 4177 4442 4179 4465 4185 4463 4177 4464 4183 4466 4186 4461 4187 4460 4182 4466 4186 4463 4177 4465 4185 4466 4186 4460 4182 4463 4177 4467 4188 4462 4189 4461 4187 4467 4188 4461 4187 4466 4186 4468 4190 4462 4189 4467 4188 4468 4190 4467 4188 4455 4191 4469 4192 4455 4191 4456 4193 4469 4192 4456 4193 4462 4189 4469 4192 4468 4190 4455 4191 4469 4192 4462 4189 4468 4190 4470 4194 4443 4184 4444 4195 4470 4194 4444 4195 4453 4196 4471 4197 4454 4198 4455 4191 4471 4197 4466 4186 4472 4199 4471 4197 4455 4191 4467 4188 4471 4197 4467 4188 4466 4186 4471 4197 4472 4199 4473 4200 4474 4201 4450 4202 4449 4203 4474 4201 4451 4204 4450 4202 4474 4201 4452 4205 4451 4204 4474 4201 4453 4196 4452 4205 4474 4201 4470 4194 4453 4196 4474 4201 4475 4206 4470 4194 4476 4207 4449 4203 4448 4208 4476 4207 4474 4201 4449 4203 4476 4207 4475 4206 4474 4201 4477 4209 4448 4208 4447 4210 4477 4209 4471 4197 4473 4200 4477 4209 4476 4207 4448 4208 4477 4209 4473 4200 4476 4207 4478 4211 4446 4212 4445 4213 4478 4211 4447 4210 4446 4212 4478 4211 4445 4213 4454 4198 4478 4211 4454 4198 4471 4197 4478 4211 4477 4209 4447 4210 4478 4211 4471 4197 4477 4209 4479 4214 4472 4199 4466 4186 4479 4214 4465 4185 4464 4183 4479 4214 4464 4183 4443 4184 4479 4214 4466 4186 4465 4185 4480 4215 4479 4214 4443 4184 4481 4216 4480 4215 4443 4184 4482 4217 4472 4199 4479 4214 4482 4217 4473 4200 4472 4199 4482 4217 4479 4214 4480 4215 4482 4217 4480 4215 4481 4216 4483 4218 4443 4184 4470 4194 4483 4218 4470 4194 4475 4206 4483 4218 4476 4207 4473 4200 4483 4218 4475 4206 4476 4207 4483 4218 4481 4216 4443 4184 4483 4218 4473 4200 4482 4217 4483 4218 4482 4217 4481 4216 4495 4219 4491 4220 4490 4221 4496 4222 4490 4221 4489 4223 4496 4222 4495 4219 4490 4221 4497 4224 4489 4223 4488 4225 4497 4224 4496 4222 4489 4223 4494 4226 4485 4227 4484 4228 4492 4229 4500 4230 4493 4231 4501 4232 4487 4233 4486 4234 4501 4232 4488 4225 4487 4233 4501 4232 4498 4235 4497 4224 4501 4232 4499 4236 4498 4235 4501 4232 4497 4224 4488 4225 4502 4237 4486 4234 4485 4227 4502 4237 4494 4226 4493 4231 4502 4237 4500 4230 4499 4236 4502 4237 4499 4236 4501 4232 4502 4237 4501 4232 4486 4234 4502 4237 4485 4227 4494 4226 4502 4237 4493 4231 4500 4230 4520 4238 4515 4239 4516 4240 4520 4238 4516 4240 4517 4241 4521 4242 4522 4243 4520 4238 4523 4244 4513 4245 4514 4246 4523 4244 4514 4246 4515 4239 4523 4244 4520 4238 4522 4243 4523 4244 4515 4239 4520 4238 4524 4247 4512 4248 4513 4245 4525 4249 4508 4250 4507 4251 4525 4249 4509 4252 4508 4250 4526 4253 4507 4251 4506 4254 4526 4253 4506 4254 4512 4248 4526 4253 4525 4249 4507 4251 4526 4253 4527 4255 4525 4249 4528 4256 4503 4257 4504 4258 4528 4256 4517 4241 4518 4259 4528 4256 4518 4259 4519 4260 4528 4256 4519 4260 4503 4257 4528 4256 4520 4238 4517 4241 4528 4256 4521 4242 4520 4238 4529 4261 4530 4262 4521 4242 4529 4261 4528 4256 4504 4258 4529 4261 4521 4242 4528 4256 4531 4263 4530 4262 4529 4261 4531 4263 4529 4261 4504 4258 4532 4264 4522 4243 4521 4242 4532 4264 4523 4244 4522 4243 4532 4264 4513 4245 4523 4244 4533 4265 4532 4264 4521 4242 4533 4265 4513 4245 4532 4264 4534 4266 4521 4242 4530 4262 4534 4266 4533 4265 4521 4242 4535 4267 4524 4247 4530 4262 4535 4267 4536 4268 4524 4247 4535 4267 4530 4262 4531 4263 4537 4269 4538 4270 4536 4268 4537 4269 4531 4263 4504 4258 4537 4269 4536 4268 4535 4267 4537 4269 4535 4267 4531 4263 4539 4271 4530 4262 4524 4247 4539 4271 4524 4247 4513 4245 4539 4271 4534 4266 4530 4262 4539 4271 4513 4245 4533 4265 4539 4271 4533 4265 4534 4266 4540 4272 4536 4268 4538 4270 4541 4273 4512 4248 4524 4247 4541 4273 4524 4247 4536 4268 4541 4273 4536 4268 4540 4272 4542 4274 4504 4258 4505 4275 4542 4274 4510 4276 4509 4252 4542 4274 4511 4277 4510 4276 4542 4274 4505 4275 4511 4277 4542 4274 4537 4269 4504 4258 4542 4274 4527 4255 4538 4270 4542 4274 4509 4252 4525 4249 4542 4274 4525 4249 4527 4255 4542 4274 4538 4270 4537 4269 4543 4278 4526 4253 4512 4248 4543 4278 4538 4270 4527 4255 4543 4278 4512 4248 4541 4273 4543 4278 4527 4255 4526 4253 4543 4278 4540 4272 4538 4270 4543 4278 4541 4273 4540 4272 4562 4279 4555 4280 4556 4281 4562 4279 4556 4281 4557 4282 4563 4283 4554 4284 4555 4280 4563 4283 4561 4285 4554 4284 4563 4283 4555 4280 4562 4279 4564 4286 4563 4283 4562 4279 4565 4287 4557 4282 4558 4288 4565 4287 4558 4288 4559 4289 4565 4287 4562 4279 4557 4282 4566 4290 4564 4286 4562 4279 4566 4290 4562 4279 4565 4287 4567 4291 4566 4290 4565 4287 4567 4291 4565 4287 4559 4289 4568 4292 4545 4293 4544 4294 4568 4292 4544 4294 4561 4285 4569 4295 4559 4289 4560 4296 4569 4295 4567 4291 4559 4289 4569 4295 4570 4297 4567 4291 4569 4295 4552 4298 4570 4297 4571 4299 4546 4300 4545 4293 4571 4299 4547 4301 4546 4300 4571 4299 4548 4302 4547 4301 4571 4299 4568 4292 4572 4303 4571 4299 4545 4293 4568 4292 4573 4304 4553 4305 4552 4298 4573 4304 4560 4296 4553 4305 4573 4304 4569 4295 4560 4296 4573 4304 4552 4298 4569 4295 4574 4306 4549 4307 4548 4302 4574 4306 4548 4302 4571 4299 4574 4306 4571 4299 4572 4303 4575 4308 4550 4309 4549 4307 4575 4308 4549 4307 4574 4306 4575 4308 4570 4297 4552 4298 4575 4308 4574 4306 4570 4297 4576 4310 4550 4309 4575 4308 4576 4310 4575 4308 4552 4298 4577 4311 4551 4312 4550 4309 4577 4311 4552 4298 4551 4312 4577 4311 4550 4309 4576 4310 4577 4311 4576 4310 4552 4298 4578 4313 4566 4290 4567 4291 4578 4313 4563 4283 4564 4286 4578 4313 4561 4285 4563 4283 4578 4313 4564 4286 4566 4290 4578 4313 4567 4291 4570 4297 4579 4314 4561 4285 4578 4313 4579 4314 4578 4313 4570 4297 4580 4315 4572 4303 4568 4292 4580 4315 4568 4292 4561 4285 4580 4315 4561 4285 4579 4314 4580 4315 4570 4297 4574 4306 4580 4315 4574 4306 4572 4303 4580 4315 4579 4314 4570 4297 4582 4316 4586 4317 4587 4318 4582 4316 4587 4318 4588 4319 4582 4316 4588 4319 4589 4320 4585 4321 4586 4317 4582 4316 4584 4322 4585 4321 4582 4316 4583 4323 4584 4322 4582 4316 4581 4324 4583 4323 4582 4316 4596 4325 4590 4326 4583 4323 4596 4325 4583 4323 4581 4324 4597 4327 4591 4328 4590 4326 4597 4327 4590 4326 4596 4325 4593 4329 4592 4330 4591 4328 4594 4331 4591 4328 4597 4327 4594 4331 4593 4329 4591 4328 4595 4332 4594 4331 4597 4327 4616 4333 4598 4334 4599 4335 4616 4333 4610 4336 4598 4334 4616 4333 4611 4337 4610 4336 4616 4333 4612 4338 4611 4337 4617 4339 4613 4340 4612 4338 4617 4339 4612 4338 4616 4333 4618 4341 4599 4335 4600 4342 4618 4341 4604 4343 4603 4344 4618 4341 4605 4345 4604 4343 4618 4341 4606 4346 4605 4345 4618 4341 4600 4342 4606 4346 4618 4341 4617 4339 4616 4333 4618 4341 4603 4344 4617 4339 4618 4341 4616 4333 4599 4335 4619 4347 4617 4339 4603 4344 4619 4347 4613 4340 4617 4339 4620 4348 4608 4349 4607 4350 4620 4348 4614 4351 4613 4340 4620 4348 4615 4352 4614 4351 4620 4348 4607 4350 4615 4352 4620 4348 4613 4340 4619 4347 4621 4353 4603 4344 4602 4354 4621 4353 4619 4347 4603 4344 4621 4353 4620 4348 4619 4347 4621 4353 4608 4349 4620 4348 4622 4355 4602 4354 4601 4356 4622 4355 4609 4357 4608 4349 4622 4355 4601 4356 4609 4357 4622 4355 4608 4349 4621 4353 4622 4355 4621 4353 4602 4354 4631 4358 4626 4359 4625 4360 4631 4358 4630 4361 4626 4359 4628 4362 4625 4360 4624 4363 4628 4362 4631 4358 4625 4360 4629 4364 4628 4362 4624 4363 4623 4365 4629 4364 4624 4363 4627 4366 4629 4364 4623 4365 4651 4367 4643 4368 4644 4369 4651 4367 4644 4369 4645 4370 4652 4371 4645 4370 4646 4372 4652 4371 4651 4367 4645 4370 4653 4373 4650 4374 4643 4368 4653 4373 4643 4368 4651 4367 4654 4375 4653 4373 4651 4367 4655 4376 4651 4367 4652 4371 4655 4376 4654 4375 4651 4367 4656 4377 4648 4378 4649 4379 4657 4380 4656 4377 4649 4379 4658 4381 4642 4382 4641 4383 4658 4381 4649 4379 4642 4382 4658 4381 4641 4383 4657 4380 4658 4381 4657 4380 4649 4379 4659 4384 4639 4385 4650 4374 4660 4386 4662 4387 4661 4388 4660 4386 4640 4389 4662 4387 4663 4390 4634 4391 4635 4392 4663 4390 4635 4392 4636 4393 4663 4390 4636 4393 4637 4394 4663 4390 4637 4394 4638 4395 4663 4390 4638 4395 4639 4385 4663 4390 4639 4385 4659 4384 4664 4396 4634 4391 4663 4390 4664 4396 4662 4387 4640 4389 4664 4396 4663 4390 4659 4384 4665 4397 4633 4398 4634 4391 4665 4397 4634 4391 4664 4396 4665 4397 4664 4396 4640 4389 4666 4399 4632 4400 4633 4398 4666 4399 4640 4389 4632 4400 4666 4399 4633 4398 4665 4397 4666 4399 4665 4397 4640 4389 4667 4401 4646 4372 4647 4402 4667 4401 4647 4402 4648 4378 4667 4401 4652 4371 4646 4372 4667 4401 4648 4378 4656 4377 4668 4403 4652 4371 4667 4401 4668 4403 4667 4401 4656 4377 4669 4404 4670 4405 4655 4376 4669 4404 4655 4376 4652 4371 4669 4404 4656 4377 4670 4405 4669 4404 4652 4371 4668 4403 4669 4404 4668 4403 4656 4377 4671 4406 4650 4374 4653 4373 4671 4406 4655 4376 4670 4405 4671 4406 4653 4373 4654 4375 4671 4406 4654 4375 4655 4376 4671 4406 4670 4405 4661 4388 4672 4407 4650 4374 4671 4406 4672 4407 4671 4406 4661 4388 4673 4408 4650 4374 4672 4407 4674 4409 4662 4387 4673 4408 4674 4409 4673 4408 4672 4407 4674 4409 4661 4388 4662 4387 4674 4409 4672 4407 4661 4388 4675 4410 4673 4408 4662 4387 4675 4410 4659 4384 4650 4374 4675 4410 4650 4374 4673 4408 4675 4410 4662 4387 4664 4396 4675 4410 4664 4396 4659 4384 4676 4411 4641 4383 4640 4389 4676 4411 4657 4380 4641 4383 4676 4411 4656 4377 4657 4380 4676 4411 4670 4405 4656 4377 4676 4411 4661 4388 4670 4405 4676 4411 4640 4389 4660 4386 4676 4411 4660 4386 4661 4388 4691 4412 4686 4413 4687 4414 4684 4415 4687 4414 4683 4416 4684 4415 4690 4417 4691 4412 4684 4415 4691 4412 4687 4414 4685 4418 4689 4419 4690 4417 4685 4418 4690 4417 4684 4415 4681 4420 4688 4421 4689 4419 4681 4420 4689 4419 4685 4418 4682 4422 4688 4421 4681 4420 4692 4423 4677 4424 4678 4425 4692 4423 4678 4425 4679 4426 4692 4423 4679 4426 4680 4427 4692 4423 4682 4422 4677 4424 4692 4423 4680 4427 4688 4421 4692 4423 4688 4421 4682 4422 4697 4428 4701 4429 4699 4430 4698 4431 4700 4432 4701 4429 4698 4431 4701 4429 4697 4428 4694 4433 4693 4434 4700 4432 4695 4435 4700 4432 4698 4431 4695 4435 4694 4433 4700 4432 4696 4436 4695 4435 4698 4431 4703 4437 4718 4438 4704 4439 4719 4440 4715 4441 4716 4442 4719 4440 4716 4442 4717 4443 4719 4440 4717 4443 4718 4438 4719 4440 4718 4438 4703 4437 4720 4444 4703 4437 4702 4445 4720 4444 4711 4446 4710 4447 4720 4444 4702 4445 4711 4446 4721 4448 4709 4449 4708 4450 4721 4448 4710 4447 4709 4449 4721 4448 4720 4444 4710 4447 4721 4448 4703 4437 4720 4444 4721 4448 4719 4440 4703 4437 4722 4451 4712 4452 4713 4453 4722 4451 4713 4453 4714 4454 4723 4455 4706 4456 4705 4457 4723 4455 4705 4457 4712 4452 4723 4455 4712 4452 4722 4451 4723 4455 4722 4451 4706 4456 4724 4458 4714 4454 4715 4441 4724 4458 4722 4451 4714 4454 4724 4458 4715 4441 4719 4440 4725 4459 4707 4460 4706 4456 4725 4459 4708 4450 4707 4460 4725 4459 4721 4448 4708 4450 4725 4459 4706 4456 4722 4451 4725 4459 4722 4451 4724 4458 4725 4459 4724 4458 4719 4440 4725 4459 4719 4440 4721 4448 4736 4461 4735 4462 4740 4463 4734 4464 4733 4465 4736 4461 4734 4464 4740 4463 4739 4466 4734 4464 4736 4461 4740 4463 4732 4467 4739 4466 4738 4468 4732 4467 4734 4464 4739 4466 4731 4469 4738 4468 4737 4470 4731 4469 4732 4467 4738 4468 4730 4471 4731 4469 4737 4470 4728 4472 4737 4470 4729 4473 4728 4472 4730 4471 4737 4470 4727 4474 4730 4471 4728 4472 4726 4475 4730 4471 4727 4474 4751 4476 4750 4477 4757 4478 4744 4479 4752 4480 4745 4481 4758 4482 4741 4483 4742 4484 4758 4482 4753 4485 4741 4483 4759 4486 4753 4485 4758 4482 4760 4487 4754 4488 4753 4485 4760 4487 4755 4489 4754 4488 4760 4487 4753 4485 4759 4486 4761 4490 4756 4491 4755 4489 4761 4490 4757 4478 4756 4491 4761 4490 4755 4489 4760 4487 4761 4490 4751 4476 4757 4478 4762 4492 4742 4484 4743 4493 4762 4492 4749 4494 4748 4495 4762 4492 4743 4493 4749 4494 4763 4496 4748 4495 4747 4497 4763 4496 4762 4492 4748 4495 4764 4498 4747 4497 4746 4499 4764 4498 4763 4496 4747 4497 4765 4500 4752 4480 4751 4476 4765 4500 4751 4476 4761 4490 4765 4500 4761 4490 4766 4501 4765 4500 4766 4501 4767 4502 4768 4503 4746 4499 4745 4481 4768 4503 4752 4480 4765 4500 4768 4503 4764 4498 4746 4499 4768 4503 4745 4481 4752 4480 4768 4503 4767 4502 4764 4498 4768 4503 4765 4500 4767 4502 4769 4504 4760 4487 4759 4486 4769 4504 4759 4486 4758 4482 4769 4504 4758 4482 4742 4484 4770 4505 4761 4490 4760 4487 4770 4505 4760 4487 4769 4504 4770 4505 4766 4501 4761 4490 4770 4505 4769 4504 4742 4484 4771 4506 4742 4484 4762 4492 4771 4506 4763 4496 4764 4498 4771 4506 4762 4492 4763 4496 4771 4506 4764 4498 4767 4502 4771 4506 4770 4505 4742 4484 4772 4507 4767 4502 4766 4501 4772 4507 4766 4501 4770 4505 4772 4507 4771 4506 4767 4502 4772 4507 4770 4505 4771 4506 4778 4508 4773 4509 4779 4510 4776 4511 4775 4512 4778 4508 4777 4513 4776 4511 4778 4508 4780 4514 4774 4515 4773 4509 4780 4514 4775 4512 4774 4515 4780 4514 4773 4509 4778 4508 4780 4514 4778 4508 4775 4512 4788 4516 4784 4517 4783 4518 4788 4516 4785 4519 4784 4517 4789 4520 4782 4521 4781 4522 4787 4523 4783 4518 4782 4521 4787 4523 4788 4516 4783 4518 4787 4523 4782 4521 4789 4520 4786 4524 4787 4523 4789 4520 4815 4525 4818 4526 4816 4527 4803 4528 4790 4529 4791 4530 4803 4528 4791 4530 4792 4531 4819 4532 4795 4533 4796 4534 4819 4532 4814 4535 4813 4536 4819 4532 4815 4525 4814 4535 4819 4532 4796 4534 4817 4537 4819 4532 4817 4537 4818 4526 4819 4532 4818 4526 4815 4525 4820 4538 4813 4536 4812 4539 4820 4538 4819 4532 4813 4536 4821 4540 4812 4539 4811 4541 4821 4540 4822 4542 4820 4538 4821 4540 4820 4538 4812 4539 4823 4543 4792 4531 4793 4544 4823 4543 4801 4545 4802 4546 4823 4543 4802 4546 4803 4528 4823 4543 4803 4528 4792 4531 4824 4547 4821 4540 4811 4541 4825 4548 4808 4549 4807 4550 4825 4548 4809 4551 4808 4549 4825 4548 4810 4552 4809 4551 4825 4548 4811 4541 4810 4552 4825 4548 4824 4547 4811 4541 4826 4553 4800 4554 4801 4545 4826 4553 4823 4543 4822 4542 4826 4553 4801 4545 4823 4543 4827 4555 4807 4550 4806 4556 4827 4555 4821 4540 4824 4547 4827 4555 4824 4547 4825 4548 4827 4555 4825 4548 4807 4550 4827 4555 4822 4542 4821 4540 4828 4557 4799 4558 4800 4554 4828 4557 4826 4553 4822 4542 4828 4557 4800 4554 4826 4553 4829 4559 4806 4556 4805 4560 4829 4559 4822 4542 4827 4555 4829 4559 4828 4557 4822 4542 4829 4559 4827 4555 4806 4556 4830 4561 4828 4557 4829 4559 4830 4561 4799 4558 4828 4557 4831 4562 4797 4563 4798 4564 4831 4562 4798 4564 4799 4558 4831 4562 4804 4565 4797 4563 4831 4562 4805 4560 4804 4565 4831 4562 4830 4561 4829 4559 4831 4562 4799 4558 4830 4561 4831 4562 4829 4559 4805 4560 4832 4566 4793 4544 4794 4567 4832 4566 4794 4567 4795 4533 4832 4566 4820 4538 4822 4542 4832 4566 4819 4532 4820 4538 4832 4566 4822 4542 4823 4543 4832 4566 4823 4543 4793 4544 4832 4566 4795 4533 4819 4532 4841 4568 4839 4569 4838 4570 4842 4571 4838 4570 4837 4572 4842 4571 4841 4568 4838 4570 4843 4573 4837 4572 4836 4574 4843 4573 4842 4571 4837 4572 4844 4575 4836 4574 4835 4576 4844 4575 4843 4573 4836 4574 4845 4577 4835 4576 4834 4578 4845 4577 4844 4575 4835 4576 4846 4579 4845 4577 4834 4578 4847 4580 4834 4578 4833 4581 4847 4580 4846 4579 4834 4578 4840 4582 4847 4580 4833 4581 4853 4583 4856 4584 4852 4585 4849 4586 4853 4583 4848 4587 4849 4586 4855 4588 4856 4584 4849 4586 4856 4584 4853 4583 4850 4589 4854 4590 4855 4588 4850 4589 4855 4588 4849 4586 4851 4591 4854 4590 4850 4589 4876 4592 4875 4593 4874 4594 4858 4595 4857 4596 4880 4597 4862 4598 4868 4599 4861 4600 4862 4598 4869 4601 4868 4599 4867 4602 4859 4603 4866 4604 4860 4605 4859 4603 4867 4602 4881 4606 4874 4594 4873 4607 4881 4606 4877 4608 4876 4592 4881 4606 4876 4592 4874 4594 4882 4609 4873 4607 4872 4610 4882 4609 4881 4606 4873 4607 4883 4611 4878 4612 4877 4608 4883 4611 4881 4606 4882 4609 4883 4611 4877 4608 4881 4606 4884 4613 4871 4614 4870 4615 4884 4613 4872 4610 4871 4614 4884 4613 4882 4609 4872 4610 4885 4616 4878 4612 4883 4611 4885 4616 4882 4609 4884 4613 4885 4616 4883 4611 4882 4609 4886 4617 4862 4598 4863 4618 4886 4617 4870 4615 4869 4601 4886 4617 4885 4616 4884 4613 4886 4617 4884 4613 4870 4615 4886 4617 4869 4601 4862 4598 4887 4619 4878 4612 4885 4616 4887 4619 4886 4617 4863 4618 4887 4619 4885 4616 4886 4617 4888 4620 4859 4603 4858 4595 4888 4620 4879 4621 4878 4612 4888 4620 4880 4597 4879 4621 4888 4620 4878 4612 4887 4619 4888 4620 4858 4595 4880 4597 4889 4622 4863 4618 4864 4623 4889 4622 4864 4623 4865 4624 4889 4622 4865 4624 4866 4604 4889 4622 4859 4603 4888 4620 4889 4622 4888 4620 4887 4619 4889 4622 4887 4619 4863 4618 4889 4622 4866 4604 4859 4603 4910 4625 4902 4626 4903 4627 4910 4625 4903 4627 4904 4628 4910 4625 4904 4628 4905 4629 4910 4625 4905 4629 4906 4630 4911 4631 4909 4632 4902 4626 4911 4631 4902 4626 4910 4625 4912 4633 4911 4631 4910 4625 4913 4634 4906 4630 4907 4635 4913 4634 4912 4633 4910 4625 4913 4634 4910 4625 4906 4630 4914 4636 4907 4635 4908 4637 4914 4636 4913 4634 4907 4635 4915 4638 4914 4636 4908 4637 4915 4638 4900 4639 4914 4636 4916 4640 4901 4641 4900 4639 4916 4640 4908 4637 4901 4641 4916 4640 4900 4639 4915 4638 4916 4640 4915 4638 4908 4637 4917 4642 4898 4643 4909 4632 4918 4644 4900 4639 4899 4645 4918 4644 4919 4646 4913 4634 4918 4644 4914 4636 4900 4639 4918 4644 4913 4634 4914 4636 4918 4644 4920 4647 4919 4646 4921 4648 4895 4649 4896 4650 4921 4648 4896 4650 4897 4651 4921 4648 4897 4651 4898 4643 4921 4648 4917 4642 4922 4652 4921 4648 4898 4643 4917 4642 4921 4648 4922 4652 4923 4653 4924 4654 4893 4655 4894 4656 4924 4654 4894 4656 4895 4649 4924 4654 4895 4649 4921 4648 4924 4654 4921 4648 4923 4653 4925 4657 4893 4655 4924 4654 4925 4657 4920 4647 4918 4644 4925 4657 4924 4654 4923 4653 4926 4658 4890 4659 4891 4660 4926 4658 4891 4660 4892 4661 4926 4658 4892 4661 4893 4655 4926 4658 4899 4645 4890 4659 4926 4658 4918 4644 4899 4645 4926 4658 4925 4657 4918 4644 4926 4658 4893 4655 4925 4657 4927 4662 4913 4634 4919 4646 4927 4662 4911 4631 4912 4633 4927 4662 4909 4632 4911 4631 4927 4662 4912 4633 4913 4634 4928 4663 4909 4632 4927 4662 4929 4664 4909 4632 4928 4663 4930 4665 4927 4662 4919 4646 4930 4665 4919 4646 4920 4647 4930 4665 4928 4663 4927 4662 4930 4665 4929 4664 4928 4663 4931 4666 4922 4652 4917 4642 4931 4666 4917 4642 4909 4632 4931 4666 4923 4653 4922 4652 4931 4666 4920 4647 4925 4657 4931 4666 4925 4657 4923 4653 4931 4666 4909 4632 4929 4664 4931 4666 4930 4665 4920 4647 4931 4666 4929 4664 4930 4665 4936 4667 4948 4668 4942 4669 4937 4670 4947 4671 4948 4668 4937 4670 4948 4668 4936 4667 4938 4672 4946 4673 4947 4671 4938 4672 4947 4671 4937 4670 4934 4674 4935 4675 4943 4676 4932 4677 4933 4678 4941 4679 4949 4680 4938 4672 4939 4681 4949 4680 4939 4681 4940 4682 4949 4680 4944 4683 4945 4684 4949 4680 4945 4684 4946 4673 4949 4680 4946 4673 4938 4672 4950 4685 4933 4678 4934 4674 4950 4685 4940 4682 4941 4679 4950 4685 4943 4676 4944 4683 4950 4685 4949 4680 4940 4682 4950 4685 4934 4674 4943 4676 4950 4685 4944 4683 4949 4680 4950 4685 4941 4679 4933 4678 4968 4686 4962 4687 4961 4688 4968 4686 4963 4689 4962 4687 4969 4690 4968 4686 4970 4691 4971 4692 4960 4693 4959 4694 4971 4692 4961 4688 4960 4693 4971 4692 4970 4691 4968 4686 4971 4692 4968 4686 4961 4688 4972 4695 4959 4694 4958 4696 4973 4697 4952 4698 4953 4699 4973 4697 4953 4699 4954 4700 4974 4701 4951 4702 4952 4698 4974 4701 4958 4696 4951 4702 4974 4701 4952 4698 4973 4697 4974 4701 4973 4697 4975 4703 4976 4704 4964 4705 4963 4689 4976 4704 4965 4706 4964 4705 4976 4704 4966 4707 4965 4706 4976 4704 4967 4708 4966 4707 4976 4704 4963 4689 4968 4686 4976 4704 4968 4686 4969 4690 4977 4709 4969 4690 4978 4710 4977 4709 4967 4708 4976 4704 4977 4709 4976 4704 4969 4690 4979 4711 4977 4709 4978 4710 4979 4711 4967 4708 4977 4709 4980 4712 4969 4690 4970 4691 4980 4712 4970 4691 4971 4692 4980 4712 4971 4692 4959 4694 4981 4713 4969 4690 4980 4712 4981 4713 4980 4712 4959 4694 4982 4714 4978 4710 4969 4690 4982 4714 4969 4690 4981 4713 4983 4715 4978 4710 4972 4695 4983 4715 4972 4695 4984 4716 4983 4715 4979 4711 4978 4710 4985 4717 4984 4716 4986 4718 4985 4717 4967 4708 4979 4711 4985 4717 4983 4715 4984 4716 4985 4717 4979 4711 4983 4715 4987 4719 4972 4695 4978 4710 4987 4719 4959 4694 4972 4695 4987 4719 4978 4710 4982 4714 4987 4719 4981 4713 4959 4694 4987 4719 4982 4714 4981 4713 4988 4720 4986 4718 4984 4716 4989 4721 4972 4695 4958 4696 4989 4721 4984 4716 4972 4695 4989 4721 4988 4720 4984 4716 4990 4722 4954 4700 4955 4723 4990 4722 4955 4723 4956 4724 4990 4722 4956 4724 4957 4725 4990 4722 4957 4725 4967 4708 4990 4722 4967 4708 4985 4717 4990 4722 4986 4718 4975 4703 4990 4722 4973 4697 4954 4700 4990 4722 4975 4703 4973 4697 4990 4722 4985 4717 4986 4718 4991 4726 4958 4696 4974 4701 4991 4726 4975 4703 4986 4718 4991 4726 4989 4721 4958 4696 4991 4726 4974 4701 4975 4703 4991 4726 4986 4718 4988 4720 4991 4726 4988 4720 4989 4721 5010 4727 5005 4728 5004 4729 5010 4727 5006 4730 5005 4728 5011 4731 4994 4732 4993 4733 5011 4731 5004 4729 4994 4732 5011 4731 5010 4727 5004 4729 5012 4734 5010 4727 5011 4731 5013 4735 5007 4736 5006 4730 5013 4735 5008 4737 5007 4736 5013 4735 5006 4730 5010 4727 5014 4738 5013 4735 5010 4727 5014 4738 5010 4727 5012 4734 5015 4739 5013 4735 5014 4738 5015 4739 5008 4737 5013 4735 5016 4740 4993 4733 4992 4741 5016 4740 4992 4741 4995 4742 5017 4743 5009 4744 5008 4737 5017 4743 5008 4737 5015 4739 5017 4743 5015 4739 5018 4745 5017 4743 5018 4745 5002 4746 5019 4747 4995 4742 4996 4748 5019 4747 4996 4748 4997 4749 5019 4747 4997 4749 4998 4750 5019 4747 5020 4751 5016 4740 5019 4747 5016 4740 4995 4742 5021 4752 5002 4746 5003 4753 5021 4752 5003 4753 5009 4744 5021 4752 5009 4744 5017 4743 5021 4752 5017 4743 5002 4746 5022 4754 4998 4750 4999 4755 5022 4754 5019 4747 4998 4750 5022 4754 5020 4751 5019 4747 5023 4756 4999 4755 5000 4757 5023 4756 5022 4754 4999 4755 5023 4756 5002 4746 5018 4745 5023 4756 5018 4745 5022 4754 5024 4758 5023 4756 5000 4757 5024 4758 5002 4746 5023 4756 5025 4759 5000 4757 5001 4760 5025 4759 5001 4760 5002 4746 5025 4759 5024 4758 5000 4757 5025 4759 5002 4746 5024 4758 5026 4761 5015 4739 5014 4738 5026 4761 5012 4734 5011 4731 5026 4761 5011 4731 4993 4733 5026 4761 5014 4738 5012 4734 5026 4761 5018 4745 5015 4739 5027 4762 5026 4761 4993 4733 5027 4762 5018 4745 5026 4761 5028 4763 5016 4740 5020 4751 5028 4763 4993 4733 5016 4740 5028 4763 5027 4762 4993 4733 5028 4763 5022 4754 5018 4745 5028 4763 5020 4751 5022 4754 5028 4763 5018 4745 5027 4762 5033 4764 5038 4765 5037 4766 5033 4764 5039 4767 5038 4765 5033 4764 5040 4768 5039 4767 5036 4769 5033 4764 5037 4766 5035 4770 5033 4764 5036 4769 5034 4771 5033 4764 5035 4770 5029 4772 5033 4764 5034 4771 5030 4773 5034 4771 5041 4774 5030 4773 5029 4772 5034 4771 5031 4775 5041 4774 5042 4776 5031 4775 5030 4773 5041 4774 5044 4777 5042 4776 5043 4778 5045 4779 5031 4775 5042 4776 5045 4779 5042 4776 5044 4777 5032 4780 5031 4775 5045 4779 5064 4781 5056 4782 5057 4783 5064 4781 5057 4783 5058 4784 5064 4781 5058 4784 5059 4785 5064 4781 5063 4786 5056 4782 5065 4787 5059 4785 5060 4788 5065 4787 5064 4781 5059 4785 5066 4789 5048 4790 5049 4791 5066 4789 5049 4791 5050 4792 5066 4789 5050 4792 5051 4793 5066 4789 5051 4793 5052 4794 5066 4789 5052 4794 5063 4786 5066 4789 5064 4781 5065 4787 5066 4789 5063 4786 5064 4781 5066 4789 5065 4787 5048 4790 5067 4795 5048 4790 5065 4787 5067 4795 5065 4787 5060 4788 5068 4796 5053 4797 5054 4798 5068 4796 5060 4788 5061 4799 5068 4796 5061 4799 5062 4800 5068 4796 5062 4800 5053 4797 5068 4796 5067 4795 5060 4788 5069 4801 5047 4802 5048 4790 5069 4801 5048 4790 5067 4795 5069 4801 5067 4795 5068 4796 5069 4801 5068 4796 5054 4798 5070 4803 5046 4804 5047 4802 5070 4803 5054 4798 5055 4805 5070 4803 5055 4805 5046 4804 5070 4803 5069 4801 5054 4798 5070 4803 5047 4802 5069 4801 5076 4806 5077 4807 5075 4808 5076 4806 5079 4809 5077 4807 5073 4810 5078 4811 5079 4809 5073 4810 5079 4809 5076 4806 5074 4812 5078 4811 5073 4810 5072 4813 5078 4811 5074 4812 5071 4814 5072 4813 5074 4812 5099 4815 5093 4816 5080 4817 5099 4815 5094 4818 5093 4816 5100 4819 5095 4820 5094 4818 5100 4819 5094 4818 5099 4815 5101 4821 5080 4817 5081 4822 5101 4821 5099 4815 5080 4817 5102 4823 5099 4815 5101 4821 5103 4824 5100 4819 5099 4815 5103 4824 5099 4815 5102 4823 5104 4825 5098 4826 5097 4827 5105 4828 5098 4826 5104 4825 5106 4829 5091 4830 5092 4831 5106 4829 5092 4831 5098 4826 5106 4829 5105 4828 5091 4830 5106 4829 5098 4826 5105 4828 5107 4832 5081 4822 5082 4833 5108 4834 5109 4835 5110 4836 5108 4834 5110 4836 5090 4837 5111 4838 5086 4839 5085 4840 5111 4838 5087 4841 5086 4839 5111 4838 5088 4842 5087 4841 5111 4838 5089 4843 5088 4842 5111 4838 5082 4833 5089 4843 5111 4838 5107 4832 5082 4833 5112 4844 5111 4838 5085 4840 5112 4844 5090 4837 5110 4836 5112 4844 5107 4832 5111 4838 5113 4845 5085 4840 5084 4846 5113 4845 5112 4844 5085 4840 5113 4845 5090 4837 5112 4844 5114 4847 5084 4846 5083 4848 5114 4847 5083 4848 5090 4837 5114 4847 5113 4845 5084 4846 5114 4847 5090 4837 5113 4845 5115 4849 5096 4850 5095 4820 5115 4849 5097 4827 5096 4850 5115 4849 5104 4825 5097 4827 5115 4849 5095 4820 5100 4819 5116 4851 5115 4849 5100 4819 5116 4851 5104 4825 5115 4849 5117 4852 5103 4824 5118 4853 5117 4852 5118 4853 5104 4825 5117 4852 5100 4819 5103 4824 5117 4852 5116 4851 5100 4819 5117 4852 5104 4825 5116 4851 5119 4854 5101 4821 5081 4822 5119 4854 5118 4853 5103 4824 5119 4854 5102 4823 5101 4821 5119 4854 5103 4824 5102 4823 5119 4854 5109 4835 5118 4853 5120 4855 5119 4854 5081 4822 5120 4855 5109 4835 5119 4854 5121 4856 5120 4855 5081 4822 5122 4857 5120 4855 5121 4856 5122 4857 5110 4836 5109 4835 5122 4857 5121 4856 5110 4836 5122 4857 5109 4835 5120 4855 5123 4858 5081 4822 5107 4832 5123 4858 5110 4836 5121 4856 5123 4858 5112 4844 5110 4836 5123 4858 5107 4832 5112 4844 5123 4858 5121 4856 5081 4822 5124 4859 5090 4837 5091 4830 5124 4859 5105 4828 5104 4825 5124 4859 5104 4825 5118 4853 5124 4859 5091 4830 5105 4828 5124 4859 5118 4853 5109 4835 5124 4859 5108 4834 5090 4837 5124 4859 5109 4835 5108 4834 5129 4860 5139 4861 5130 4862 5137 4863 5129 4860 5128 4864 5137 4863 5136 4865 5139 4861 5137 4863 5139 4861 5129 4860 5138 4866 5128 4864 5127 4867 5138 4866 5137 4863 5128 4864 5134 4868 5127 4867 5126 4869 5134 4868 5138 4866 5127 4867 5135 4870 5134 4868 5126 4869 5140 4871 5126 4869 5125 4872 5140 4871 5132 4873 5131 4874 5140 4871 5133 4875 5132 4873 5140 4871 5125 4872 5133 4875 5140 4871 5131 4874 5135 4870 5140 4871 5135 4870 5126 4869 5148 4876 5144 4877 5143 4878 5149 4879 5143 4878 5142 4880 5149 4879 5148 4876 5143 4878 5145 4881 5142 4880 5141 4882 5146 4883 5149 4879 5142 4880 5146 4883 5142 4880 5145 4881 5147 4884 5149 4879 5146 4883 5166 4885 5165 4886 5164 4887 5167 4888 5162 4889 5161 4890 5167 4888 5163 4891 5162 4889 5167 4888 5164 4887 5163 4891 5167 4888 5166 4885 5164 4887 5168 4892 5155 4893 5156 4894 5168 4892 5156 4894 5157 4895 5168 4892 5157 4895 5166 4885 5169 4896 5153 4897 5154 4898 5169 4896 5154 4898 5155 4893 5169 4896 5168 4892 5166 4885 5169 4896 5155 4893 5168 4892 5169 4896 5166 4885 5167 4888 5170 4899 5159 4900 5158 4901 5170 4899 5160 4902 5159 4900 5171 4903 5150 4904 5151 4905 5171 4903 5158 4901 5150 4904 5171 4903 5151 4905 5170 4899 5171 4903 5170 4899 5158 4901 5172 4906 5161 4890 5160 4902 5172 4906 5160 4902 5170 4899 5172 4906 5167 4888 5161 4890 5173 4907 5151 4905 5152 4908 5173 4907 5152 4908 5153 4897 5173 4907 5153 4897 5169 4896 5173 4907 5170 4899 5151 4905 5173 4907 5172 4906 5170 4899 5173 4907 5167 4888 5172 4906 5173 4907 5169 4896 5167 4888 5181 4909 5186 4910 5180 4911 5179 4912 5181 4909 5178 4913 5179 4912 5185 4914 5186 4910 5179 4912 5186 4910 5181 4909 5177 4915 5184 4916 5185 4914 5177 4915 5185 4914 5179 4912 5176 4917 5183 4918 5184 4916 5176 4917 5184 4916 5177 4915 5175 4919 5183 4918 5176 4917 5188 4920 5182 4921 5183 4918 5188 4920 5183 4918 5175 4919 5187 4922 5188 4920 5175 4919 5174 4923 5187 4922 5175 4919 5197 4924 5204 4925 5196 4926 5189 4927 5190 4928 5198 4929 5206 4930 5199 4931 5200 4932 5206 4930 5205 4933 5199 4931 5207 4934 5206 4930 5200 4932 5208 4935 5200 4932 5201 4936 5208 4935 5201 4936 5202 4937 5208 4935 5207 4934 5200 4932 5209 4938 5202 4937 5203 4939 5209 4938 5203 4939 5204 4925 5209 4938 5208 4935 5202 4937 5209 4938 5204 4925 5197 4924 5210 4940 5193 4941 5194 4942 5210 4940 5194 4942 5195 4943 5210 4940 5195 4943 5205 4933 5211 4944 5192 4945 5193 4941 5211 4944 5193 4941 5210 4940 5212 4946 5191 4947 5192 4945 5212 4946 5192 4945 5211 4944 5213 4948 5197 4924 5198 4929 5213 4948 5209 4938 5197 4924 5213 4948 5214 4949 5209 4938 5213 4948 5215 4950 5214 4949 5216 4951 5190 4928 5191 4947 5216 4951 5213 4948 5198 4929 5216 4951 5191 4947 5212 4946 5216 4951 5198 4929 5190 4928 5216 4951 5212 4946 5215 4950 5216 4951 5215 4950 5213 4948 5217 4952 5207 4934 5208 4935 5217 4952 5206 4930 5207 4934 5217 4952 5205 4933 5206 4930 5218 4953 5209 4938 5214 4949 5218 4953 5208 4935 5209 4938 5218 4953 5217 4952 5208 4935 5218 4953 5205 4933 5217 4952 5219 4954 5210 4940 5205 4933 5219 4954 5211 4944 5210 4940 5219 4954 5212 4946 5211 4944 5219 4954 5215 4950 5212 4946 5219 4954 5205 4933 5218 4953 5220 4955 5218 4953 5214 4949 5220 4955 5214 4949 5215 4950 5220 4955 5219 4954 5218 4953 5220 4955 5215 4950 5219 4954</p>
        </triangles>
      </mesh>
    </geometry>
  </library_geometries>
  <library_visual_scenes>
    <visual_scene id="Scene" name="Scene">
      <node id="middle_intermediate" name="middle_intermediate" type="NODE">
        <matrix sid="transform">1 0 0 0 0 1 0 0 0 0 1 0 0 0 0 1</matrix>
        <instance_geometry url="#middle_intermediate-mesh" name="middle_intermediate">
          <bind_material>
            <technique_common>
              <instance_material symbol="white_plastic-material" target="#white_plastic-material"/>
              <instance_material symbol="metal-material" target="#metal-material"/>
              <instance_material symbol="black_plastic-material" target="#black_plastic-material"/>
            </technique_common>
          </bind_material>
        </instance_geometry>
      </node>
    </visual_scene>
  </library_visual_scenes>
  <scene>
    <instance_visual_scene url="#Scene"/>
  </scene>
</COLLADA>