<?xml version="1.0" encoding="utf-8"?>
<COLLADA xmlns="http://www.collada.org/2005/11/COLLADASchema" version="1.4.1" xmlns:xsi="http://www.w3.org/2001/XMLSchema-instance">
  <asset>
    <contributor>
      <author>Blender User</author>
      <authoring_tool>Blender 3.0.1</authoring_tool>
    </contributor>
    <created>2025-08-11T13:02:17</created>
    <modified>2025-08-11T13:02:17</modified>
    <unit name="meter" meter="1"/>
    <up_axis>Z_UP</up_axis>
  </asset>
  <library_effects>
    <effect id="black_plastic-effect">
      <profile_COMMON>
        <technique sid="common">
          <lambert>
            <emission>
              <color sid="emission">0 0 0 1</color>
            </emission>
            <diffuse>
              <color sid="diffuse">0.01434867 0.01434867 0.01434867 1</color>
            </diffuse>
            <reflectivity>
              <float sid="specular">0.2</float>
            </reflectivity>
            <index_of_refraction>
              <float sid="ior">1.45</float>
            </index_of_refraction>
          </lambert>
        </technique>
      </profile_COMMON>
    </effect>
  </library_effects>
  <library_images/>
  <library_materials>
    <material id="black_plastic-material" name="black_plastic">
      <instance_effect url="#black_plastic-effect"/>
    </material>
  </library_materials>
  <library_geometries>
    <geometry id="¾µв4_4_1-mesh" name="¾µв4(4)1">
      <mesh>
        <source id="¾µв4_4_1-mesh-positions">
          <float_array id="¾µв4_4_1-mesh-positions-array" count="4326">0.04482001 0.01295578 -0.03368884 0.04482001 0.002955794 -0.0336889 0.04313147 0.002955794 -0.03616851 0.04345268 0.002955794 -0.03633457 0.04380434 0.002955794 -0.03641885 0.04416596 0.002955794 -0.03641659 0.0445165 0.002955794 -0.03632783 0.04483562 0.002955794 -0.03615778 0.0451048 0.002955794 -0.03591626 0.04530829 0.002955794 -0.03561741 0.04543441 0.002955794 -0.03527849 0.04547572 0.002955794 -0.03491926 0.04542988 0.002955794 -0.03456056 0.04529953 0.002955794 -0.03422325 0.04509222 0.002955794 -0.03392696 0.04313147 0.01295578 -0.03616851 0.04345268 0.01295578 -0.03633457 0.04380434 0.01295578 -0.03641885 0.04416596 0.01295578 -0.03641659 0.0445165 0.01295578 -0.03632783 0.04483562 0.01295578 -0.03615778 0.0451048 0.01295578 -0.03591626 0.04530829 0.01295578 -0.03561741 0.04543441 0.01295578 -0.03527849 0.04547572 0.01295578 -0.0349192 0.04542988 0.01295578 -0.03456056 0.04529953 0.01295578 -0.03422325 0.04509222 0.01295578 -0.03392696 0.04427206 0.01295578 -0.03194338 0.04301398 0.01295578 -0.03173679 0.04179239 0.01295578 -0.03137189 0.04062718 0.01295578 -0.03085446 0.04566431 0.01295578 -0.032449 0.04523056 0.01295578 -0.03220373 0.04476213 0.01295578 -0.03203362 0.04435163 0.01295578 -0.03790503 0.04505342 0.01295578 -0.03772842 0.0456925 0.01295578 -0.03738892 0.04623168 0.01295578 -0.03690624 0.04663962 0.01295578 -0.03630852 0.04689252 0.01295578 -0.03563046 0.04697567 0.01295578 -0.03491157 0.04688429 0.01295578 -0.03419369 0.0466237 0.01295578 -0.03351861 0.04620897 0.01295578 -0.03292554 0.03955048 0.01295578 -0.03950572 0.04070407 0.01295578 -0.03896921 0.04187995 0.01295578 -0.03849786 0.03977596 0.01295578 -0.02999836 0.03925263 0.01295578 -0.03421175 0.03926932 0.01295578 -0.03686678 0.04028671 0.01295578 -0.03062951 0.03999894 0.01295578 -0.03034013 0.04482001 0.01295578 -0.03368884 0.0444988 0.01295578 -0.03352284 0.04414713 0.01295578 -0.0334385 0.04378557 0.01295578 -0.03344082 0.04343497 0.01295578 -0.03352957 0.04311585 0.01295578 -0.03369963 0.04284673 0.01295578 -0.03394109 0.04264318 0.01295578 -0.03424 0.04251712 0.01295578 -0.03457891 0.04247575 0.01295578 -0.03493815 0.04252165 0.01295578 -0.03529685 0.04265201 0.01295578 -0.03563416 0.04285925 0.01295578 -0.03593045 0.04313147 0.01295578 -0.03616851 0.04345268 0.01295578 -0.03633457 0.04380434 0.01295578 -0.03641885 0.04416596 0.01295578 -0.03641659 0.0445165 0.01295578 -0.03632783 0.04483562 0.01295578 -0.03615778 0.0451048 0.01295578 -0.03591626 0.04530829 0.01295578 -0.03561741 0.04543441 0.01295578 -0.03527849 0.04547572 0.01295578 -0.0349192 0.04542988 0.01295578 -0.03456056 0.04529953 0.01295578 -0.03422325 0.04509222 0.01295578 -0.03392696 0.04435163 0.01295578 -0.03790503 0.04505342 0.01295578 -0.03772842 0.0456925 0.01295578 -0.03738892 0.04623168 0.01295578 -0.03690624 0.04663962 0.01295578 -0.03630852 0.04689252 0.01295578 -0.03563046 0.04697567 0.01295578 -0.03491157 0.04688429 0.01295578 -0.03419369 0.0466237 0.01295578 -0.03351861 0.04620897 0.01295578 -0.03292554 0.04566431 0.01295578 -0.032449 0.04566431 0.002955794 -0.03244906 0.04435163 0.002955794 -0.03790503 0.04505342 0.002955794 -0.03772848 0.0456925 0.002955794 -0.03738892 0.04623168 0.002955794 -0.03690624 0.04663962 0.002955794 -0.03630852 0.04689252 0.002955794 -0.03563046 0.04697567 0.002955794 -0.03491157 0.04688429 0.002955794 -0.03419369 0.0466237 0.002955794 -0.03351861 0.04620897 0.002955794 -0.03292554 0.04445827 0.00514549 -0.03788965 0.04445827 0.01076585 -0.03788965 0.03955048 0.002955794 -0.03950572 0.03922909 0.002955794 -0.03527528 0.03936481 0.002955794 -0.03262233 0.03977596 0.002955794 -0.02999842 0.03999894 0.002955794 -0.03034013 0.04028671 0.002955794 -0.03062951 0.04062718 0.002955794 -0.03085446 0.04179239 0.002955794 -0.03137189 0.04301398 0.002955794 -0.03173685 0.04427206 0.002955794 -0.03194338 0.04566431 0.002955794 -0.03244906 0.04523056 0.002955794 -0.03220373 0.04476213 0.002955794 -0.03203362 0.04435163 0.002955794 -0.03790503 0.04505342 0.002955794 -0.03772848 0.0456925 0.002955794 -0.03738892 0.04623168 0.002955794 -0.03690624 0.04663962 0.002955794 -0.03630852 0.04689252 0.002955794 -0.03563046 0.04697567 0.002955794 -0.03491157 0.04688429 0.002955794 -0.03419369 0.0466237 0.002955794 -0.03351861 0.04620897 0.002955794 -0.03292554 0.04269117 0.002955794 -0.0382418 0.04109781 0.002955794 -0.0387994 0.04313147 0.002955794 -0.03616851 0.04345268 0.002955794 -0.03633457 0.04380434 0.002955794 -0.03641885 0.04416596 0.002955794 -0.03641659 0.0445165 0.002955794 -0.03632783 0.04483562 0.002955794 -0.03615778 0.0451048 0.002955794 -0.03591626 0.04530829 0.002955794 -0.03561741 0.04543441 0.002955794 -0.03527849 0.04547572 0.002955794 -0.03491926 0.04542988 0.002955794 -0.03456056 0.04529953 0.002955794 -0.03422325 0.04509222 0.002955794 -0.03392696 0.04482001 0.002955794 -0.0336889 0.0444988 0.002955794 -0.03352284 0.04414713 0.002955794 -0.0334385 0.04378557 0.002955794 -0.03344082 0.04343497 0.002955794 -0.03352957 0.04311585 0.002955794 -0.03369963 0.04284673 0.002955794 -0.03394114 0.04264318 0.002955794 -0.03424 0.04251712 0.002955794 -0.03457891 0.04247575 0.002955794 -0.03493815 0.04252165 0.002955794 -0.03529685 0.04265201 0.002955794 -0.03563416 0.04285925 0.002955794 -0.03593045 0.04566431 0.01295578 -0.032449 0.04566431 0.002955794 -0.03244906 0.04523056 0.01295578 -0.03220373 0.04476213 0.01295578 -0.03203362 0.04427206 0.01295578 -0.03194338 0.04427206 0.002955794 -0.03194338 0.04523056 0.002955794 -0.03220373 0.04476213 0.002955794 -0.03203362 0.04482001 0.002955794 -0.0336889 0.0444988 0.002955794 -0.03352284 0.04414713 0.002955794 -0.0334385 0.04378557 0.002955794 -0.03344082 0.04343497 0.002955794 -0.03352957 0.04311585 0.002955794 -0.03369963 0.04284673 0.002955794 -0.03394114 0.04264318 0.002955794 -0.03424 0.04251712 0.002955794 -0.03457891 0.04247575 0.002955794 -0.03493815 0.04252165 0.002955794 -0.03529685 0.04265201 0.002955794 -0.03563416 0.04285925 0.002955794 -0.03593045 0.04313147 0.002955794 -0.03616851 0.04482001 0.01295578 -0.03368884 0.0444988 0.01295578 -0.03352284 0.04414713 0.01295578 -0.0334385 0.04378557 0.01295578 -0.03344082 0.04343497 0.01295578 -0.03352957 0.04311585 0.01295578 -0.03369963 0.04284673 0.01295578 -0.03394109 0.04264318 0.01295578 -0.03424 0.04251712 0.01295578 -0.03457891 0.04247575 0.01295578 -0.03493815 0.04252165 0.01295578 -0.03529685 0.04265201 0.01295578 -0.03563416 0.04285925 0.01295578 -0.03593045 0.04313147 0.01295578 -0.03616851 0.03955048 0.01295578 -0.03950572 0.03944522 0.01296824 -0.03954786 0.03938084 0.0129882 -0.03956651 0.0393185 0.01301747 -0.03957802 0.03926473 0.01305162 -0.03958153 0.03921496 0.0130918 -0.03957813 0.03917038 0.01313692 -0.0395677 0.03913182 0.01318538 -0.0395509 0.03908985 0.01325327 -0.0395202 0.03905564 0.01333141 -0.03947699 0.03903758 0.01339352 -0.03943806 0.03902721 0.0134558 -0.03939592 0.03912466 0.01240205 -0.03998684 0.03919094 0.01125419 -0.04034453 0.0392223 0.01005131 -0.04050379 0.04445827 0.01076585 -0.03788965 0.04255014 0.01051455 -0.03840166 0.04078149 0.01027309 -0.0392847 0.04435163 0.01295578 -0.03790503 0.04070407 0.01295578 -0.03896921 0.04187995 0.01295578 -0.03849786 0.03507077 0.01641702 -0.03448593 0.03505545 0.01672112 -0.03362554 0.03488212 0.01738631 -0.029679 0.03890645 0.01738584 -0.03220903 0.03873217 0.0167104 -0.03491365 0.03878754 0.01557594 -0.03717076 0.03889369 0.01461994 -0.03838056 0.03902721 0.0134558 -0.03939592 0.03912466 0.01240205 -0.03998684 0.03919094 0.01125419 -0.04034453 0.0392223 0.01005131 -0.04050379 0.03503042 0.01005131 -0.03891056 0.0350306 0.01012247 -0.03890508 0.03503918 0.01206827 -0.03861129 0.03505253 0.01342588 -0.03808653 0.03506416 0.0143457 -0.03746718 0.035075 0.01514297 -0.03667032 0.03507918 0.01584321 -0.03566539 0.03902721 0.0134558 -0.03939592 0.03873473 0.0134558 -0.03479182 0.03890955 0.0134558 -0.03218239 0.03926515 0.0134558 -0.02999627 0.03926515 0.01760154 -0.02999627 0.03890645 0.01738584 -0.03220903 0.03873217 0.0167104 -0.03491365 0.03878754 0.01557594 -0.03717076 0.03889369 0.01461994 -0.03838056 0.0350306 0.01012247 -0.03890508 0.03302526 0.009948015 -0.03815448 0.03302526 0.009883403 -0.03815954 0.03503042 0.01005131 -0.03891056 0.03302526 0.009948015 -0.03815448 0.03121781 0.009947955 -0.03747439 0.03302526 0.009883403 -0.03815954 0.03302526 0.006028175 -0.03815954 0.03302526 0.005963623 -0.03815448 0.03121781 0.005963623 -0.03747439 0.03289115 0.01611471 -0.0334348 0.03210663 0.01527148 -0.03506076 0.03172481 0.01451086 -0.03592664 0.0314756 0.01364594 -0.03655421 0.03132975 0.01269841 -0.03698062 0.03124558 0.01142835 -0.03729957 0.03121781 0.009947955 -0.03747439 0.03302526 0.009948015 -0.03815448 0.03302747 0.01217746 -0.0377807 0.03302747 0.01322144 -0.03734594 0.03302097 0.014225 -0.03662657 0.03299963 0.01505571 -0.03566324 0.03295785 0.01566725 -0.03458833 0.03503042 0.005860269 -0.03891056 0.03302526 0.006028175 -0.03815954 0.03302526 0.005963623 -0.03815448 0.0350306 0.005789101 -0.03890508 0.03488212 0.01738631 -0.029679 0.0345394 0.01731127 -0.02972537 0.03354305 0.01691675 -0.02980077 0.03308349 0.01680016 -0.02983009 0.03252136 0.01673185 -0.02987021 0.03276115 0.01648032 -0.03187131 0.03289115 0.01611471 -0.0334348 0.0336259 0.01621747 -0.03346663 0.03433561 0.01647633 -0.03354823 0.03469038 0.01662725 -0.03359597 0.03488445 0.01668959 -0.03361564 0.03505545 0.01672112 -0.03362554 0.03488564 0.01738256 -0.02973204 0.035075 0.01514297 -0.03667032 0.03507918 0.01584321 -0.03566539 0.03507077 0.01641702 -0.03448593 0.03505545 0.01672112 -0.03362554 0.03289115 0.01611471 -0.0334348 0.0336259 0.01621747 -0.03346663 0.03433561 0.01647633 -0.03354823 0.03469038 0.01662725 -0.03359597 0.03488445 0.01668959 -0.03361564 0.03302526 0.009948015 -0.03815448 0.03302747 0.01217746 -0.0377807 0.03302747 0.01322144 -0.03734594 0.03302097 0.014225 -0.03662657 0.03299963 0.01505571 -0.03566324 0.03295785 0.01566725 -0.03458833 0.0350306 0.01012247 -0.03890508 0.03503918 0.01206827 -0.03861129 0.03505253 0.01342588 -0.03808653 0.03506416 0.0143457 -0.03746718 0.03302526 0.009948015 -0.03815448 0.03302526 0.009883403 -0.03815954 0.03503042 0.01005131 -0.03891056 0.03302526 0.006028175 -0.03815954 0.03503042 0.005860269 -0.03891056 0.03250735 0.01674026 -0.02977347 0.03252136 0.01673185 -0.02987021 0.03488212 0.01738631 -0.029679 0.0345394 0.01731127 -0.02972537 0.03354305 0.01691675 -0.02980077 0.03308349 0.01680016 -0.02983009 0.03453516 0.01731473 -0.02967762 0.03353214 0.01692414 -0.02970379 0.0330711 0.01680809 -0.02973169 -0.001117885 0.005963563 -0.01772046 0.01233899 0.005963563 -0.02714127 0.02280008 0.005963504 -0.03346222 0.02840507 0.005963563 -0.03631126 0.03121781 0.005963623 -0.03747439 -0.001117885 0.009947955 -0.01772046 -0.001062333 0.007956445 -0.01785516 0.03121781 0.009947955 -0.03747439 0.02766895 0.009948074 -0.03597027 0.02334123 0.009948074 -0.03375852 0.0127418 0.009948015 -0.02740246 0.03289115 -2.03094e-4 -0.0334348 0.03298741 6.17659e-4 -0.03529328 0.03301846 0.001521885 -0.03646826 0.03302699 0.002492189 -0.03723216 0.03302764 0.003530263 -0.03771442 0.03302639 0.004732608 -0.03801035 0.03302526 0.005963623 -0.03815448 0.03121781 0.005963623 -0.03747439 0.03129869 0.003543734 -0.03708577 0.03141915 0.002561211 -0.03671061 0.03163838 0.001647174 -0.03613609 0.03196817 8.71451e-4 -0.03536617 0.03238785 2.66306e-4 -0.03446096 0.03121781 0.009947955 -0.03747439 0.02766895 0.009948074 -0.03597027 0.02334123 0.009948074 -0.03375852 0.0127418 0.009948015 -0.02740246 -0.001117885 0.009947955 -0.01772046 -0.001639068 0.01498055 -0.0131002 -0.001672983 0.01403307 -0.01504087 -0.001537859 0.01303875 -0.01627182 -0.001344323 0.01199996 -0.01707446 -0.001199424 0.01099979 -0.0175085 -0.0011518 0.01048082 -0.01763468 -0.001742899 0.01610308 -0.007228612 -0.001529097 0.01578086 -0.009866833 -0.001558542 0.0154556 -0.01150333 0.003967881 0.01635879 -0.00927174 0.03220731 0.01685589 -0.02802443 0.03230148 0.01682901 -0.02851569 0.03250735 0.01674026 -0.02977347 0.03252136 0.01673185 -0.02987021 0.03276115 0.01648032 -0.03187131 0.03289115 0.01611471 -0.0334348 0.03210663 0.01527148 -0.03506076 0.03172481 0.01451086 -0.03592664 0.0314756 0.01364594 -0.03655421 0.03132975 0.01269841 -0.03698062 0.03124558 0.01142835 -0.03729957 0.004967868 0.01501911 -0.01781946 0.003630518 0.01412004 -0.01874202 0.003623545 0.01344388 -0.01962149 0.003585815 0.01259762 -0.02033084 0.006237924 0.01356196 -0.02132314 0.008199214 0.01473498 -0.0208044 0.006231784 0.01310521 -0.02178657 0.006110548 0.01235705 -0.02226108 0.00602889 0.01169246 -0.02253037 0.01424348 0.01363295 -0.02662152 0.01447272 0.01485979 -0.02483695 0.02039158 0.01584744 -0.02600967 0.02980178 0.01606941 -0.03177106 0.02995514 0.01592016 -0.03238582 0.02889209 0.01525443 -0.03337073 0.02701884 0.01394051 -0.03408825 0.02661889 0.01518684 -0.03210252 0.03007143 0.01579332 -0.03283894 0.02897208 0.01515614 -0.03360253 0.02919155 0.01489824 -0.03415763 0.02920931 0.01487779 -0.03419858 0.03030389 0.01557797 -0.0335316 0.02961581 0.0144205 -0.03501671 0.03052806 0.01447081 -0.03543633 0.03219324 0.01574468 -0.03416568 0.02993184 0.01262414 -0.03643369 0.02990216 0.01203972 -0.03662174 0.004083096 0.0158903 -0.01357805 0.005631864 0.01582604 -0.01515358 0.008944809 0.01588749 -0.0173341 0.008598387 0.0155816 -0.01854872 0.008734405 0.01239281 -0.02404087 0.009842693 0.01170808 -0.02513068 0.00992608 0.01199954 -0.02505898 0.0114817 0.0125817 -0.02575576 0.01391452 0.01200604 -0.02766907 0.01799201 0.01320463 -0.02943211 0.0197547 0.01420629 -0.02942341 0.01753991 0.01140689 -0.03016507 0.01971507 0.01296877 -0.03067934 0.01954114 0.01208084 -0.03111308 0.02207612 0.01380342 -0.03134483 0.02410882 0.01511025 -0.0306636 0.02389574 0.0138517 -0.03237915 0.02912282 0.01636648 -0.02993184 0.0253899 0.01218271 -0.03437197 0.02627325 0.0115149 -0.03505307 0.02744978 0.01222366 -0.03541564 0.0123285 0.01137298 -0.0268895 0.02197253 0.01243138 -0.0323587 0.02182906 0.01162558 -0.03262293 0.02298504 0.01213753 -0.03307843 0.02134501 0.0168389 -0.01629835 0.01287192 0.01664942 -0.01270413 0.003967881 0.01635879 -0.00927174 0.03220731 0.01685589 -0.02802443 0.0315203 0.0169475 -0.02559119 0.03039211 0.01697623 -0.02333331 0.0288611 0.01696676 -0.02132427 0.02701759 0.01693958 -0.01958632 0.02429586 0.01689338 -0.01774603 -0.001117885 0.009947955 -0.01772046 -0.001062333 0.007956445 -0.01785516 -0.001117885 0.005963563 -0.01772046 -0.001639068 9.31044e-4 -0.0131002 -0.001672983 0.001878499 -0.01504087 -0.001537859 0.002872824 -0.01627182 -0.001344323 0.003911614 -0.01707446 -0.001199424 0.00491178 -0.0175085 -0.0011518 0.005430757 -0.01763468 -0.001639068 0.01498055 -0.0131002 -0.001672983 0.01403307 -0.01504087 -0.001537859 0.01303875 -0.01627182 -0.001344323 0.01199996 -0.01707446 -0.001199424 0.01099979 -0.0175085 -0.0011518 0.01048082 -0.01763468 0.03507077 -5.05391e-4 -0.03448593 0.03507912 6.84196e-5 -0.03566533 0.03507494 7.68615e-4 -0.03667026 0.03506153 0.00176233 -0.03762257 0.03504759 0.002913832 -0.03829371 0.0350365 0.00425136 -0.03870558 0.0350306 0.005789101 -0.03890508 0.03302526 0.005963623 -0.03815448 0.03289115 -2.03094e-4 -0.0334348 0.03298741 6.17659e-4 -0.03529328 0.03301846 0.001521885 -0.03646826 0.03302699 0.002492189 -0.03723216 0.03302764 0.003530263 -0.03771442 0.03302639 0.004732608 -0.03801035 0.0336259 -3.05873e-4 -0.03346663 0.03433561 -5.64724e-4 -0.03354829 0.03469038 -7.15626e-4 -0.03359597 0.03488445 -7.7798e-4 -0.03361564 0.03505545 -8.09547e-4 -0.03362554 0.03289115 -2.03094e-4 -0.0334348 0.0336259 -3.05873e-4 -0.03346663 0.03433561 -5.64724e-4 -0.03354829 0.03469038 -7.15626e-4 -0.03359597 0.03488445 -7.7798e-4 -0.03361564 0.03505545 -8.09547e-4 -0.03362554 0.03276115 -5.68732e-4 -0.03187131 0.03252136 -8.20265e-4 -0.02987027 0.03332054 -9.40062e-4 -0.02981531 0.03409731 -0.001222729 -0.02977555 0.03448659 -0.001379251 -0.02975684 0.03469812 -0.001441359 -0.0297448 0.03488564 -0.001470923 -0.02973204 0.03503042 0.005860269 -0.03891056 0.0392223 0.005860269 -0.04050379 0.03503042 0.01005131 -0.03891056 0.0392223 0.01005131 -0.04050379 0.03472763 0.01748889 -0.02770078 0.03432106 0.01740694 -0.02775388 0.03327435 0.01702499 -0.02788293 0.03220731 0.01685589 -0.02802443 0.03230148 0.01682901 -0.02851569 0.03250735 0.01674026 -0.02977347 0.03488212 0.01738631 -0.029679 0.03453516 0.01731473 -0.02967762 0.03353214 0.01692414 -0.02970379 0.0330711 0.01680809 -0.02973169 -0.002517282 0.01670742 -0.004636108 -0.002307832 0.0166133 -0.005132734 -0.001976013 0.01627475 -0.006148397 -0.001742899 0.01610308 -0.007228612 0.003967881 0.01635879 -0.00927174 0.004400134 0.01649075 -0.008516967 0.004819512 0.01676994 -0.007779181 0.005065381 0.01693934 -0.007346332 0.005244731 0.01700025 -0.00703293 0.03457832 0.01753133 -0.02620244 0.03392678 0.01753312 -0.02294069 0.03288865 0.01748353 -0.02080124 0.03113341 0.01742064 -0.01866012 0.02843165 0.01736301 -0.01651293 0.02609151 0.01733326 -0.0151661 0.02379971 0.01731008 -0.01408541 0.01497995 0.01719856 -0.01045471 0.005244731 0.01700025 -0.00703293 0.003967881 0.01635879 -0.00927174 0.004400134 0.01649075 -0.008516967 0.004819512 0.01676994 -0.007779181 0.005065381 0.01693934 -0.007346332 0.02134501 0.0168389 -0.01629835 0.01287192 0.01664942 -0.01270413 0.03220731 0.01685589 -0.02802443 0.0315203 0.0169475 -0.02559119 0.03039211 0.01697623 -0.02333331 0.0288611 0.01696676 -0.02132427 0.02701759 0.01693958 -0.01958632 0.02429586 0.01689338 -0.01774603 0.03472763 0.01748889 -0.02770078 0.03432106 0.01740694 -0.02775388 0.03327435 0.01702499 -0.02788293 0.003967881 -4.47235e-4 -0.00927174 0.03220731 -9.44293e-4 -0.02802449 -0.001742899 -1.91515e-4 -0.007228612 -0.001639068 9.31044e-4 -0.0131002 -0.001530468 2.46443e-4 -0.01052474 -0.001561999 -1.35424e-5 -0.0088768 -0.001672983 0.001878499 -0.01504087 -0.001537859 0.002872824 -0.01627182 -0.001344323 0.003911614 -0.01707446 -0.001199424 0.00491178 -0.0175085 -0.0011518 0.005430757 -0.01763468 -0.001117885 0.005963563 -0.01772046 0.01233899 0.005963563 -0.02714127 0.02280008 0.005963504 -0.03346222 0.02840507 0.005963563 -0.03631126 0.03121781 0.005963623 -0.03747439 0.03129869 0.003543734 -0.03708577 0.03141915 0.002561211 -0.03671061 0.03163838 0.001647174 -0.03613609 0.03196817 8.71451e-4 -0.03536617 0.03238785 2.66306e-4 -0.03446096 0.03289115 -2.03094e-4 -0.0334348 0.03276115 -5.68732e-4 -0.03187131 0.03252136 -8.20265e-4 -0.02987027 0.03250735 -8.28675e-4 -0.02977347 0.03230148 -9.17412e-4 -0.02851575 0.003451228 0.001658916 -0.01839828 0.004799067 7.95197e-4 -0.01741999 0.003479182 0.002469599 -0.01952117 0.003438591 0.003315567 -0.02022719 0.00597465 0.002120137 -0.02085947 0.007992923 0.001180291 -0.02066862 0.006017863 0.002809107 -0.02164059 0.005892872 0.003556847 -0.02211093 0.005808353 0.004220902 -0.02237719 0.01386278 0.00228554 -0.02638161 0.01408863 0.001060128 -0.02459543 0.02015119 7.04415e-5 -0.02586233 0.03011894 -1.65804e-4 -0.03195279 0.03025197 -1.57049e-5 -0.03255337 0.02933746 6.45211e-4 -0.03361445 0.02636176 7.3267e-4 -0.03195685 0.02719694 0.001965939 -0.03418278 0.03035241 1.1187e-4 -0.03299564 0.02940529 7.44102e-4 -0.03383785 0.03055733 3.28722e-4 -0.03366988 0.02959322 0.001003503 -0.03437131 0.02960854 0.001024067 -0.03441059 0.02996033 0.001484513 -0.03519219 0.0321244 2.46063e-4 -0.03431797 0.03068947 0.001521766 -0.03560322 0.03017711 0.00345987 -0.03660696 0.004029273 -5.71832e-6 -0.01336383 0.005525946 8.74195e-5 -0.01508331 0.008735537 2.80999e-5 -0.01719743 0.008390426 3.33987e-4 -0.01841288 0.008453428 0.003424406 -0.02379047 0.009526968 0.004206418 -0.02491998 0.009626328 0.003760576 -0.02478128 0.01113706 0.003238022 -0.02546375 0.0135256 0.003910064 -0.02742159 0.01752829 0.002715885 -0.02915167 0.01934546 0.001715302 -0.02917915 0.01706808 0.004509389 -0.02987825 0.01922285 0.002952516 -0.03038865 0.01904761 0.003838062 -0.03082191 0.02167189 0.002118408 -0.03111159 0.02324742 0.001612842 -0.03146463 0.02899342 -4.51421e-4 -0.02985489 0.02466911 0.002832114 -0.03348618 0.02554136 0.002531826 -0.03375172 0.02525275 0.003731548 -0.0343002 0.02650052 0.004393398 -0.03516691 0.02792775 0.003678739 -0.03564763 0.0285843 0.002857446 -0.0355876 0.02912521 0.003374516 -0.03610044 0.01197189 0.004484891 -0.02664011 0.02149569 0.003489136 -0.0320881 0.02131015 0.004292905 -0.03232908 0.02252 0.003782272 -0.03282028 -0.003039121 0.01675188 -0.00359714 -0.003039121 -8.40327e-4 -0.00359714 -0.002517282 0.01670742 -0.004636108 -0.002307832 0.0166133 -0.005132734 -0.001976013 0.01627475 -0.006148397 -0.001742899 0.01610308 -0.007228612 -0.001529097 0.01578086 -0.009866833 -0.001558542 0.0154556 -0.01150333 -0.001639068 0.01498055 -0.0131002 -0.001639068 9.31044e-4 -0.0131002 -0.001530468 2.46443e-4 -0.01052474 -0.001561999 -1.35424e-5 -0.0088768 -0.001742899 -1.91515e-4 -0.007228612 -0.001929581 -3.17668e-4 -0.006327629 -0.002182483 -5.87309e-4 -0.005473732 -0.002337336 -7.23244e-4 -0.005057811 -0.002517282 -7.95867e-4 -0.004636168 0.03252136 -8.20265e-4 -0.02987027 0.03332054 -9.40062e-4 -0.02981531 0.03409731 -0.001222729 -0.02977555 0.03448659 -0.001379251 -0.02975684 0.03469812 -0.001441359 -0.0297448 0.03488564 -0.001470923 -0.02973204 0.03250735 -8.28675e-4 -0.02977347 0.03330874 -9.47802e-4 -0.02971565 0.03408789 -0.00123018 -0.02967262 0.03447842 -0.001386702 -0.02965223 0.03469061 -0.00144881 -0.02963936 0.03487861 -0.001478374 -0.02962595 0.02134501 -9.27298e-4 -0.01629835 0.02459245 -9.86967e-4 -0.0179165 0.02714502 -0.001029968 -0.01969075 0.02951139 -0.001061916 -0.02209019 0.03111791 -0.00105381 -0.02465122 0.03176909 -0.00101608 -0.0263037 0.03220731 -9.44293e-4 -0.02802449 0.003967881 -4.47235e-4 -0.00927174 0.01288044 -7.38052e-4 -0.01270759 0.03507494 7.68615e-4 -0.03667026 0.03506153 0.00176233 -0.03762257 0.03504759 0.002913832 -0.03829371 0.0350365 0.00425136 -0.03870558 0.0350306 0.005789101 -0.03890508 0.03503042 0.005860269 -0.03891056 0.0392223 0.005860269 -0.04050379 0.03917342 0.004271507 -0.0402528 0.03910988 0.003324329 -0.03990292 0.03902721 0.00245577 -0.03939592 0.03887039 0.001093387 -0.03816229 0.03875958 2.40617e-5 -0.03667068 0.03873133 -7.65778e-4 -0.03500086 0.03878211 -0.001192927 -0.03362518 0.03890645 -0.001474201 -0.03220909 0.03488564 -0.001470923 -0.02973204 0.03505545 -8.09547e-4 -0.03362554 0.03507077 -5.05391e-4 -0.03448593 0.03507912 6.84196e-5 -0.03566533 0.03926515 0.00245577 -0.02999627 0.03877717 0.00245577 -0.03370869 0.03875148 0.00245577 -0.03648418 0.03902721 0.00245577 -0.03939592 0.03887039 0.001093387 -0.03816229 0.03875958 2.40617e-5 -0.03667068 0.03873133 -7.65778e-4 -0.03500086 0.03878211 -0.001192927 -0.03362518 0.03890645 -0.001474201 -0.03220909 0.03926515 -0.00168991 -0.02999627 0.04229444 0.01727557 -0.02257543 0.04099214 0.01753771 -0.02491867 0.03998315 0.01764833 -0.027408 0.03926515 0.01760154 -0.02999627 0.03890645 0.01738584 -0.03220903 0.03488212 0.01738631 -0.029679 0.03974795 0.01725351 -0.02041816 0.03722 0.01760149 -0.02495527 0.04698753 0.01585251 -0.0180701 0.04554849 0.01636487 -0.01903808 0.04422992 0.01676905 -0.02018803 0.04425317 0.01677525 -0.02025818 0.04319703 0.01705276 -0.02134412 0.04229444 0.01727557 -0.02257543 0.03974795 0.01725351 -0.02041816 0.04532086 0.01053541 -0.01057595 0.04518342 0.01242446 -0.01087445 0.04502707 0.01322919 -0.01117664 0.0447632 0.01400858 -0.0116648 0.04438179 0.01470655 -0.01235204 0.04389071 0.01530569 -0.01322311 0.04299885 0.01602047 -0.01478725 0.04184448 0.01661336 -0.01679617 0.05564671 0.01053541 -0.01926088 0.05173075 0.01053541 -0.01555997 0.05549454 0.01175218 -0.01941448 0.05530357 0.0124095 -0.0196138 0.05491739 0.0131964 -0.02002394 0.05451077 0.0137484 -0.02046096 0.05399566 0.01426911 -0.02101916 0.04945886 0.01531988 -0.01869511 0.05180275 0.01479643 -0.01968008 0.04808539 0.01231253 -0.01306909 0.04896587 0.01350259 -0.0146141 0.04604166 0.01504653 -0.01454138 0.05125588 0.01322042 -0.01630991 0.05430209 0.01153498 -0.0180127 0.0524739 0.01289308 -0.01710146 0.05164539 0.01379448 -0.01736205 0.05378121 0.01270419 -0.01817405 0.04821389 0.01482224 -0.01602989 0.05564671 0.01053541 -0.01926088 0.05549454 0.01175218 -0.01941448 0.05530357 0.0124095 -0.0196138 0.05491739 0.0131964 -0.02002394 0.05451077 0.0137484 -0.02046096 0.05399566 0.01426911 -0.02101916 0.05966806 0.01053547 -0.02451044 0.05956399 0.0114929 -0.02463632 0.05943709 0.01197761 -0.02479135 0.05918329 0.01255238 -0.02510577 0.05891853 0.01295745 -0.02543854 0.05858546 0.01334339 -0.02586281 0.05853283 0.01338267 -0.02589064 0.05623584 0.01374375 -0.0229482 0.05746203 0.01349902 -0.02435195 0.05831104 0.01205182 -0.02332144 0.05873876 0.01185679 -0.02375835 0.05966806 0.01053547 -0.02451044 0.05973184 0.01053547 -0.02459311 0.05858546 0.01334339 -0.02586281 0.05901974 0.01293605 -0.02554225 0.05934178 0.01245701 -0.02518874 0.0595588 0.01189416 -0.02488338 0.05968171 0.01123446 -0.02468204 0.05956399 0.0114929 -0.02463632 0.05943709 0.01197761 -0.02479135 0.05918329 0.01255238 -0.02510577 0.05891853 0.01295745 -0.02543854 0.05853283 0.01338267 -0.02589064 0.05858546 0.01334339 -0.02586281 0.05901974 0.01293605 -0.02554225 0.05934178 0.01245701 -0.02518874 0.0595588 0.01189416 -0.02488338 0.05968171 0.01123446 -0.02468204 0.05973184 0.01053547 -0.02459311 0.05973184 0.0053761 -0.02459311 0.05858546 0.002568185 -0.02586281 0.05902022 0.002976059 -0.0255419 0.05934238 0.003455698 -0.02518796 0.0595594 0.004019439 -0.02488255 0.05968189 0.004678606 -0.02468174 0.05853283 0.002528905 -0.02589064 0.05858546 0.002568185 -0.02586281 0.05902022 0.002976059 -0.0255419 0.05934238 0.003455698 -0.02518796 0.0595594 0.004019439 -0.02488255 0.05968189 0.004678606 -0.02468174 0.05973184 0.0053761 -0.02459311 0.05966806 0.0053761 -0.02451044 0.05909425 0.003208756 -0.02521723 0.05937391 0.003760993 -0.02486914 0.05953645 0.004288554 -0.02466988 0.05962669 0.004839003 -0.02456027 0.05973184 0.01053547 -0.02459311 0.05973184 0.0053761 -0.02459311 0.05966806 0.0053761 -0.02451044 0.05564671 0.0053761 -0.01926088 0.05564671 0.01053541 -0.01926088 0.05966806 0.01053547 -0.02451044 6.06685e-4 0.01646411 0.007480919 0.01738637 0.0167523 -0.003606975 0.03232848 0.01707279 -0.01449114 0.03974795 0.01725351 -0.02041816 0.01173907 0.01053541 0.01094317 0.01148241 0.01159793 0.01094096 0.01113098 0.012317 0.01093399 0.01060467 0.01295065 0.0109145 0.009964525 0.01347094 0.0108754 0.009023368 0.01402908 0.0107848 0.007222831 0.01479494 0.01048827 0.005265533 0.01541858 0.009952127 0.002860963 0.01602256 0.008921563 0.03220665 0.01053541 -0.001658022 0.04097366 0.01053541 -0.007492959 0.04532086 0.01053541 -0.01057595 0.04518342 0.01242446 -0.01087445 0.04502707 0.01322919 -0.01117664 0.0447632 0.01400858 -0.0116648 0.04438179 0.01470655 -0.01235204 0.04389071 0.01530569 -0.01322311 0.04299885 0.01602047 -0.01478725 0.04184448 0.01661336 -0.01679617 0.01263737 0.01516908 0.006495594 0.01328945 0.01490837 0.006755173 0.01156795 0.01549494 0.006155312 0.01510578 0.0153048 0.004695773 0.01380354 0.01463168 0.007030904 0.0146892 0.01548695 0.004390418 0.01424056 0.01563727 0.004147708 0.0136314 0.01579976 0.003896176 0.01255255 0.01602691 0.003545939 0.02852308 0.01597994 -0.005486547 0.04367363 0.01200145 -0.009634137 0.04360663 0.01247954 -0.00974363 0.04361099 0.01446324 -0.01136606 0.04318541 0.01395678 -0.01043611 0.04339987 0.01337373 -0.01007914 0.04351514 0.01294136 -0.009891033 0.03879535 0.01676636 -0.01567602 0.03790944 0.01534163 -0.009210765 0.04038101 0.0156185 -0.01155191 0.03820502 0.01694679 -0.01665306 0.01261711 0.01244115 0.01000529 0.01229178 0.01296341 0.009914696 0.01313561 0.0128386 0.009494125 0.01284497 0.01327049 0.009363412 0.01706117 0.01250994 0.007322192 0.01603341 0.01330769 0.007439434 0.02150684 0.01419854 0.003161072 0.02258723 0.01194441 0.004163801 0.02735757 0.01265335 9.226e-4 0.01801478 0.01577138 0.001487076 0.02700871 0.01355719 5.16126e-4 0.02603411 0.01501506 -0.001065373 0.01963585 0.01590687 2.09035e-5 0.02182877 0.01565152 -3.13909e-4 0.02958011 0.01318776 -8.00916e-4 0.02943992 0.01433545 -0.001919865 0.03102749 0.0139392 -0.002404212 0.03191596 0.01439803 -0.003567516 0.03325593 0.01326501 -0.003206431 0.03347456 0.01521062 -0.006098031 0.03443229 0.01354557 -0.004190802 0.03470987 0.01247286 -0.00370419 0.03659421 0.01408231 -0.006142556 0.03710526 0.01190286 -0.005092442 0.0391128 0.0125541 -0.006662786 0.03886669 0.01365643 -0.007199406 0.03988617 0.01342093 -0.007688879 0.03296929 0.01644015 -0.01025503 0.0402131 0.01427459 -0.008766114 0.04116874 0.01360952 -0.00871092 0.0419979 0.01353693 -0.009220778 0.04210096 0.01465469 -0.01059156 0.04150652 0.01590663 -0.0132271 0.04177927 0.01617842 -0.01447826 0.04298853 0.01575493 -0.01378673 0.03183686 0.01242387 -0.001820623 0.03501063 0.01550859 -0.007830977 0.005244731 0.01700025 -0.00703293 -0.002517282 0.01670742 -0.004636108 -0.003039121 0.01675188 -0.00359714 -0.002267539 0.01681667 0.004691421 -0.003134787 0.01687133 0.003498315 -0.003680527 0.0168938 0.002281665 -0.003940403 0.01689314 0.001116871 -0.00400424 0.01687389 -8.22656e-5 -0.003882229 0.01683932 -0.001273036 -0.003555297 0.01679497 -0.002469003 6.06685e-4 0.01646411 0.007480919 0.01738637 0.0167523 -0.003606975 0.03232848 0.01707279 -0.01449114 0.03974795 0.01725351 -0.02041816 0.03722 0.01760149 -0.02495527 0.03488212 0.01738631 -0.029679 0.03472763 0.01748889 -0.02770078 0.03457832 0.01753133 -0.02620244 0.03392678 0.01753312 -0.02294069 0.03288865 0.01748353 -0.02080124 0.03113341 0.01742064 -0.01866012 0.02843165 0.01736301 -0.01651293 0.02609151 0.01733326 -0.0151661 0.02379971 0.01731008 -0.01408541 0.01497995 0.01719856 -0.01045471 -7.44319e-4 0.01694136 -0.00137031 -9.99381e-4 0.01693779 -0.001151025 -0.00119841 0.01693576 -8.81541e-4 -0.001332938 0.01693493 -5.73994e-4 -0.001395761 0.01693475 -2.43524e-4 -0.001383423 0.01693451 9.17753e-5 -0.001296997 0.01693367 4.157e-4 -0.001140177 0.01693201 7.13284e-4 -9.21301e-4 0.0169295 9.67889e-4 -6.52047e-4 0.01692646 0.001167237 -3.44404e-4 0.01692348 0.001301944 -1.46967e-5 0.01692122 0.001365005 3.2054e-4 0.01692038 0.001353144 6.45779e-4 0.01692157 0.00126636 7.99817e-4 0.01692301 0.001195967 9.44259e-4 0.01692503 0.001109302 0.001197934 0.01693069 8.91177e-4 0.001396894 0.01693803 6.22997e-4 0.0015316 0.01694649 3.1666e-4 0.001595199 0.01695495 -1.18697e-5 0.00158441 0.01696252 -3.45926e-4 0.001499474 0.01696836 -6.70198e-4 0.001345336 0.0169717 -9.66576e-4 0.001128554 0.01697224 -0.001222312 8.60923e-4 0.01697009 -0.00142318 5.55994e-4 0.01696568 -0.001559436 2.27439e-4 0.01695966 -0.001624941 -1.07129e-4 0.01695311 -0.00161606 -4.30639e-4 0.01694685 -0.001533329 -5.92462e-4 0.01694393 -0.001460969 0.03705304 0.01742362 -0.02103769 0.03729087 0.01747274 -0.02191197 -7.44317e-4 -0.001029789 -0.00137031 -7.44319e-4 0.01694136 -0.00137031 9.44259e-4 0.01692503 0.001109302 0.001197934 0.01693069 8.91177e-4 0.001396894 0.01693803 6.22997e-4 0.0015316 0.01694649 3.1666e-4 0.001595199 0.01695495 -1.18697e-5 0.00158441 0.01696252 -3.45926e-4 0.001499474 0.01696836 -6.70198e-4 0.001345336 0.0169717 -9.66576e-4 0.001128554 0.01697224 -0.001222312 8.60923e-4 0.01697009 -0.00142318 5.55994e-4 0.01696568 -0.001559436 2.27439e-4 0.01695966 -0.001624941 -1.07129e-4 0.01695311 -0.00161606 -4.30639e-4 0.01694685 -0.001533329 -5.92462e-4 0.01694393 -0.001460969 9.44261e-4 -0.001013457 0.001109242 -4.46823e-4 -0.001034915 -0.001527309 -1.2319e-4 -0.001041173 -0.001613795 2.12192e-4 -0.00104779 -0.001626312 5.4264e-4 -0.001053869 -0.001563727 8.50093e-4 -0.001058399 -0.001429498 0.001119792 -0.001060664 -0.001230418 0.001339316 -0.001060187 -9.7554e-4 0.001496016 -0.001056849 -6.78637e-4 0.00158298 -0.001051127 -3.55105e-4 0.001595675 -0.001043558 -1.95811e-5 0.001533687 -0.001035034 3.10223e-4 0.001399993 -0.00102657 6.17747e-4 0.001200199 -0.00101912 8.88583e-4 0.001078069 -0.00101602 0.001006364 -0.002267539 0.01681667 0.004691421 -0.002267539 -9.05141e-4 0.004691421 -0.003134787 0.01687133 0.003498315 -0.003680527 0.0168938 0.002281665 -0.003940403 0.01689314 0.001116871 -0.00400424 0.01687389 -8.22656e-5 -0.003882229 0.01683932 -0.001273036 -0.003555297 0.01679497 -0.002469003 -0.003039121 0.01675188 -0.00359714 -0.003039121 -8.40327e-4 -0.00359714 -0.003134787 -9.5976e-4 0.003498256 -0.003680527 -9.82229e-4 0.002281606 -0.003940343 -9.81562e-4 0.001116871 -0.00400424 -9.62315e-4 -8.22786e-5 -0.003882229 -9.2778e-4 -0.001273095 -0.003555297 -8.83413e-4 -0.002469003 -0.001742899 -1.91515e-4 -0.007228612 -0.001929581 -3.17668e-4 -0.006327629 -0.002182483 -5.87309e-4 -0.005473732 -0.002337336 -7.23244e-4 -0.005057811 -0.002517282 -7.95867e-4 -0.004636168 0.005244731 -0.001088678 -0.00703293 0.005137324 -0.001061558 -0.007220268 0.005015909 -9.98911e-4 -0.007433295 0.004499256 -6.32281e-4 -0.00834304 0.003967881 -4.47235e-4 -0.00927174 0.03250735 -8.28675e-4 -0.02977347 0.03330874 -9.47802e-4 -0.02971565 0.03408789 -0.00123018 -0.02967262 0.03447842 -0.001386702 -0.02965223 0.03469061 -0.00144881 -0.02963936 0.03487861 -0.001478374 -0.02962595 0.03230148 -9.17412e-4 -0.02851575 0.03220731 -9.44293e-4 -0.02802449 0.03305673 -0.001055657 -0.02791076 0.03388673 -0.001334846 -0.02780735 0.03430283 -0.00148952 -0.02775621 0.03472763 -0.001577258 -0.02770078 0.02379971 -0.001398503 -0.01408541 0.02824968 -0.001448631 -0.01639527 0.03143173 -0.001517891 -0.01896262 0.03298074 -0.001576006 -0.02094793 0.03386908 -0.001618683 -0.02277815 0.03432923 -0.001635551 -0.02445435 0.03457832 -0.001619756 -0.02620244 0.03472763 -0.001577258 -0.02770078 0.03220731 -9.44293e-4 -0.02802449 0.03305673 -0.001055657 -0.02791076 0.03388673 -0.001334846 -0.02780735 0.03430283 -0.00148952 -0.02775621 0.02134501 -9.27298e-4 -0.01629835 0.02459245 -9.86967e-4 -0.0179165 0.02714502 -0.001029968 -0.01969075 0.02951139 -0.001061916 -0.02209019 0.03111791 -0.00105381 -0.02465122 0.03176909 -0.00101608 -0.0263037 0.003967881 -4.47235e-4 -0.00927174 0.01288044 -7.38052e-4 -0.01270759 0.005244731 -0.001088678 -0.00703293 0.005137324 -0.001061558 -0.007220268 0.005015909 -9.98911e-4 -0.007433295 0.004499256 -6.32281e-4 -0.00834304 0.01498222 -0.001286983 -0.0104556 0.03926515 -0.00168991 -0.02999627 0.0402922 -0.00171554 -0.02655541 0.04119038 -0.001592934 -0.02451097 0.04229444 -0.001363933 -0.02257543 0.03974795 -0.001341879 -0.02041816 0.03487861 -0.001478374 -0.02962595 0.03724086 -0.001689136 -0.0249148 0.03488564 -0.001470923 -0.02973204 0.03890645 -0.001474201 -0.03220909 0.03963071 0.002678155 -0.02853226 0.03926515 0.00245577 -0.02999627 0.03926515 -0.00168991 -0.02999627 0.0402922 -0.00171554 -0.02655541 0.04119038 -0.001592934 -0.02451097 0.04229444 -0.001363933 -0.02257543 0.0431959 -0.001141428 -0.02134549 0.04425317 -8.63682e-4 -0.02025818 0.04425317 0.01677525 -0.02025818 0.04319703 0.01705276 -0.02134412 0.04229444 0.01727557 -0.02257543 0.04099214 0.01753771 -0.02491867 0.03998315 0.01764833 -0.027408 0.03926515 0.01760154 -0.02999627 0.03926515 0.0134558 -0.02999627 0.03963071 0.01323342 -0.02853226 0.04206585 0.01568716 -0.02293449 0.0410946 0.01514309 -0.02470541 0.04153829 0.01500433 -0.02384358 0.04153829 0.009726703 -0.02384358 0.04077368 0.0108956 -0.02539384 0.04239666 0.006196558 -0.02242141 0.04206556 2.24354e-4 -0.02293509 0.04153829 9.07258e-4 -0.02384358 0.04109412 7.68373e-4 -0.02470636 0.05853283 0.002528905 -0.02589064 0.05858546 0.002568185 -0.02586281 0.05909425 0.003208756 -0.02521723 0.05937391 0.003760993 -0.02486914 0.05953645 0.004288554 -0.02466988 0.05962669 0.004839003 -0.02456027 0.05966806 0.0053761 -0.02451044 0.05564671 0.0053761 -0.01926088 0.05399566 0.001642405 -0.02101922 0.05478096 0.002509713 -0.02017015 0.0552079 0.00326538 -0.01971477 0.05545324 0.003984212 -0.01945722 0.05558788 0.004713773 -0.01931911 0.05722928 0.002370953 -0.02406066 0.05570691 0.002049267 -0.02242898 0.05663925 0.003414511 -0.02144116 0.05864781 0.003628611 -0.02400708 0.04532086 0.01053541 -0.01057595 0.04532086 0.0053761 -0.01057595 0.05564671 0.01053541 -0.01926088 0.05173075 0.01053541 -0.01555997 0.05564671 0.0053761 -0.01926088 0.05173075 0.0053761 -0.01555997 0.054524 0.007955789 -0.01785308 0.01173907 0.0053761 0.01094317 0.01195335 0.007669687 0.01094323 0.011913 0.009108066 0.01094341 0.01173907 0.01053541 0.01094317 0.03220665 0.01053541 -0.001658022 0.04097366 0.01053541 -0.007492959 0.04532086 0.01053541 -0.01057595 0.04532086 0.0053761 -0.01057595 0.03426569 0.0053761 -0.002995848 0.04380422 0.007955789 -0.009343683 0.01173907 0.0053761 0.01094317 0.01148241 0.004313588 0.01094096 0.01113098 0.003594517 0.01093399 0.01060467 0.00296086 0.0109145 0.009964525 0.002440571 0.0108754 0.009023368 0.001882433 0.0107848 0.007222831 0.001116573 0.01048827 0.005265533 4.92958e-4 0.009952127 0.002860963 -1.11003e-4 0.008921563 6.06687e-4 -5.52572e-4 0.007480919 0.01195335 0.007669687 0.01094323 0.011913 0.009108066 0.01094341 0.01173907 0.01053541 0.01094317 0.01148241 0.01159793 0.01094096 0.01113098 0.012317 0.01093399 0.01060467 0.01295065 0.0109145 0.009964525 0.01347094 0.0108754 0.009023368 0.01402908 0.0107848 0.007222831 0.01479494 0.01048827 0.005265533 0.01541858 0.009952127 0.002860963 0.01602256 0.008921563 6.06685e-4 0.01646411 0.007480919 -0.002267539 0.01681667 0.004691421 -0.002267539 -9.05141e-4 0.004691421 0.008318543 0.01226329 0.01068913 0.00833559 0.01154416 0.0106917 0.00833559 0.004081308 0.0106917 6.06687e-4 -5.52572e-4 0.007480919 0.01738637 -8.40707e-4 -0.003607034 0.03232848 -0.001161158 -0.01449114 0.03974795 -0.001341879 -0.02041816 -0.002267539 -9.05141e-4 0.004691421 -0.003134787 -9.5976e-4 0.003498256 -0.003680527 -9.82229e-4 0.002281606 -0.003940343 -9.81562e-4 0.001116871 -0.00400424 -9.62315e-4 -8.22786e-5 -0.003882229 -9.2778e-4 -0.001273095 -0.003555297 -8.83413e-4 -0.002469003 -0.003039121 -8.40327e-4 -0.00359714 -0.002517282 -7.95867e-4 -0.004636168 0.005244731 -0.001088678 -0.00703293 0.01498222 -0.001286983 -0.0104556 0.02379971 -0.001398503 -0.01408541 0.02824968 -0.001448631 -0.01639527 0.03143173 -0.001517891 -0.01896262 0.03298074 -0.001576006 -0.02094793 0.03386908 -0.001618683 -0.02277815 0.03432923 -0.001635551 -0.02445435 0.03457832 -0.001619756 -0.02620244 0.03472763 -0.001577258 -0.02770078 0.03487861 -0.001478374 -0.02962595 0.03724086 -0.001689136 -0.0249148 -7.44317e-4 -0.001029789 -0.00137031 -4.46823e-4 -0.001034915 -0.001527309 -1.2319e-4 -0.001041173 -0.001613795 2.12192e-4 -0.00104779 -0.001626312 5.4264e-4 -0.001053869 -0.001563727 8.50093e-4 -0.001058399 -0.001429498 0.001119792 -0.001060664 -0.001230418 0.001339316 -0.001060187 -9.7554e-4 0.001496016 -0.001056849 -6.78637e-4 0.00158298 -0.001051127 -3.55105e-4 0.001595675 -0.001043558 -1.95811e-5 0.001533687 -0.001035034 3.10223e-4 0.001399993 -0.00102657 6.17747e-4 0.001200199 -0.00101912 8.88583e-4 0.001078069 -0.00101602 0.001006364 9.44261e-4 -0.001013457 0.001109242 6.48329e-4 -0.00101 0.001265406 3.25843e-4 -0.001008808 0.00135231 -8.63755e-6 -0.001009583 0.001365363 -3.37707e-4 -0.001011848 0.00130409 -6.4461e-4 -0.001014828 0.001171588 -9.15196e-4 -0.001017868 9.73727e-4 -0.001134395 -0.001020371 7.21659e-4 -0.001292884 -0.00102204 4.262e-4 -0.001381635 -0.001022875 1.03582e-4 -0.001396656 -0.001023113 -2.30099e-4 -0.00133717 -0.001023352 -5.5983e-4 -0.001206219 -0.001024127 -8.67885e-4 -0.001010537 -0.001026093 -0.001138508 -8.84107e-4 -0.001027703 -0.001262426 0.03707706 -0.00151515 -0.02109563 0.03728073 -0.00155723 -0.02184349 0.05399566 0.001642405 -0.02101922 0.05478096 0.002509713 -0.02017015 0.0552079 0.00326538 -0.01971477 0.05545324 0.003984212 -0.01945722 0.05558788 0.004713773 -0.01931911 0.05564671 0.0053761 -0.01926088 0.05173075 0.0053761 -0.01555997 0.04532086 0.0053761 -0.01057595 0.03974795 -0.001341879 -0.02041816 0.04245191 -4.21812e-4 -0.01574051 0.04373079 4.51068e-4 -0.0135048 0.04446464 0.00133264 -0.01220387 0.0448572 0.002136766 -0.01149266 0.04506224 0.002826392 -0.01111 0.04523128 0.003881752 -0.01077699 0.04528707 0.004600107 -0.01065617 0.04229444 -0.001363933 -0.02257543 0.0431959 -0.001141428 -0.02134549 0.04425317 -8.63682e-4 -0.02025818 0.04422992 -8.57469e-4 -0.02018809 0.04554849 -4.53306e-4 -0.01903808 0.04698753 5.90906e-5 -0.01807016 0.05181062 0.001116931 -0.01968419 0.0494579 5.91514e-4 -0.01869481 0.04810661 0.003738462 -0.01302832 0.0490005 0.002488315 -0.01456373 0.04612445 9.56753e-4 -0.0144031 0.0512554 0.00269097 -0.01630967 0.05247837 0.003019511 -0.01710462 0.05427026 0.004251539 -0.01802694 0.05164819 0.002117693 -0.0173639 0.05374151 0.003126025 -0.01820611 0.04824447 0.001121044 -0.0159865 0.04948478 0.001449525 -0.01646029 6.06687e-4 -5.52572e-4 0.007480919 0.01738637 -8.40707e-4 -0.003607034 0.03232848 -0.001161158 -0.01449114 0.03974795 -0.001341879 -0.02041816 0.04245191 -4.21812e-4 -0.01574051 0.04373079 4.51068e-4 -0.0135048 0.04446464 0.00133264 -0.01220387 0.0448572 0.002136766 -0.01149266 0.04506224 0.002826392 -0.01111 0.04523128 0.003881752 -0.01077699 0.04528707 0.004600107 -0.01065617 0.04532086 0.0053761 -0.01057595 0.03426569 0.0053761 -0.002995848 0.01173907 0.0053761 0.01094317 0.01148241 0.004313588 0.01094096 0.01113098 0.003594517 0.01093399 0.01060467 0.00296086 0.0109145 0.009964525 0.002440571 0.0108754 0.009023368 0.001882433 0.0107848 0.007222831 0.001116573 0.01048827 0.005265533 4.92958e-4 0.009952127 0.002860963 -1.11003e-4 0.008921563 0.01380354 0.00127983 0.007030844 0.01328945 0.001003146 0.006755173 0.01263737 7.42497e-4 0.006495594 0.01156795 4.16597e-4 0.006155312 0.01546305 8.12619e-4 0.005036294 0.01423925 0.001604139 0.007338702 0.01510584 6.06751e-4 0.004695713 0.0146892 4.24623e-4 0.004390418 0.01424056 2.74264e-4 0.004147708 0.0136314 1.11793e-4 0.003896176 0.01255255 -1.15337e-4 0.003545939 0.02925515 -8.71392e-5 -0.00599724 0.03444254 6.73142e-4 -0.006769299 0.04147547 0.003605484 -0.008182287 0.03850638 -9.47326e-4 -0.01615518 0.0392276 -6.98914e-4 -0.01495695 0.01272112 0.003620922 0.01000583 0.0130189 0.00284475 0.009415149 0.0133019 0.00328958 0.00951457 0.0175895 0.003513813 0.007052719 0.01651108 0.002807438 0.007309615 0.02255165 0.001883566 0.002754926 0.02377116 0.004042327 0.003453671 0.01853358 2.26406e-4 0.001498818 0.02899956 0.003357529 -6.61816e-5 0.02019023 4.91748e-5 -1.235e-4 0.02850842 0.002396643 -3.85455e-4 0.02721565 8.67583e-4 -0.001850664 0.02260375 2.85387e-4 -6.86181e-4 0.03125327 0.00268954 -0.001889765 0.03079956 0.00154221 -0.002821803 0.03245586 0.001937389 -0.003351569 0.03318589 0.001479923 -0.004421651 0.03475821 0.002612769 -0.004204452 0.0373215 0.002907395 -0.005692183 0.03648847 0.002038657 -0.005840241 0.03885513 0.003122925 -0.006598353 0.0405544 0.002156436 -0.008422732 0.03932148 0.001021087 -0.009141683 0.03558617 -1.47561e-4 -0.01004618 0.0406509 0.001162111 -0.009766995 0.03600692 -4.71291e-4 -0.01175749 0.04125666 0.001238346 -0.01004636 0.04015821 -2.71026e-4 -0.01340174 0.04283231 0.001492679 -0.01074677 0.03602015 -9.93918e-4 -0.01506155 0.04302412 6.9255e-4 -0.01232802 0.03976577 -4.69476e-4 -0.01405858 0.0335825 0.00345838 -0.002961158 0.03621047 7.78209e-4 -0.007638216 0.03782463 -2.53506e-4 -0.01185625 0.04369211 0.00330317 -0.009857356 0.04446852 0.003168225 -0.0104795 0.04440248 0.002858102 -0.01059478 -7.44319e-4 0.01694136 -0.00137031 -9.99381e-4 0.01693779 -0.001151025 -0.00119841 0.01693576 -8.81541e-4 -0.001332938 0.01693493 -5.73994e-4 -0.001395761 0.01693475 -2.43524e-4 -0.001383423 0.01693451 9.17753e-5 -0.001296997 0.01693367 4.157e-4 -0.001140177 0.01693201 7.13284e-4 -9.21301e-4 0.0169295 9.67889e-4 -6.52047e-4 0.01692646 0.001167237 -3.44404e-4 0.01692348 0.001301944 -1.46967e-5 0.01692122 0.001365005 3.2054e-4 0.01692038 0.001353144 6.45779e-4 0.01692157 0.00126636 7.99817e-4 0.01692301 0.001195967 9.44259e-4 0.01692503 0.001109302 -7.44317e-4 -0.001029789 -0.00137031 9.44261e-4 -0.001013457 0.001109242 6.48329e-4 -0.00101 0.001265406 3.25843e-4 -0.001008808 0.00135231 -8.63755e-6 -0.001009583 0.001365363 -3.37707e-4 -0.001011848 0.00130409 -6.4461e-4 -0.001014828 0.001171588 -9.15196e-4 -0.001017868 9.73727e-4 -0.001134395 -0.001020371 7.21659e-4 -0.001292884 -0.00102204 4.262e-4 -0.001381635 -0.001022875 1.03582e-4 -0.001396656 -0.001023113 -2.30099e-4 -0.00133717 -0.001023352 -5.5983e-4 -0.001206219 -0.001024127 -8.67885e-4 -0.001010537 -0.001026093 -0.001138508 -8.84107e-4 -0.001027703 -0.001262426 0.05399566 0.001642405 -0.02101922 0.05181062 0.001116931 -0.01968419 0.0494579 5.91514e-4 -0.01869481 0.04698753 5.90906e-5 -0.01807016 0.05853283 0.002528905 -0.02589064 0.05722928 0.002370953 -0.02406066 0.05570691 0.002049267 -0.02242898 0.05853283 0.01338267 -0.02589064 0.05399566 0.01426911 -0.02101916 0.05623584 0.01374375 -0.0229482 0.05746203 0.01349902 -0.02435195 0.04698753 0.01585251 -0.0180701 0.04945886 0.01531988 -0.01869511 0.05180275 0.01479643 -0.01968008 0.04422992 -8.57469e-4 -0.02018809 0.04422992 -8.57469e-4 -0.02018809 0.04425317 -8.63682e-4 -0.02025818 0.04422992 0.01676905 -0.02018803 0.04425317 0.01677525 -0.02025818 0.04425317 0.01677525 -0.02025818 0.04698753 0.01585251 -0.0180701 0.04554849 0.01636487 -0.01903808 0.04422992 0.01676905 -0.02018803 0.04698753 5.90906e-5 -0.01807016 0.04422992 -8.57469e-4 -0.02018809 0.04554849 -4.53306e-4 -0.01903808 0.0392223 0.01005131 -0.04050379 0.0392223 0.005860269 -0.04050379 0.04445827 0.00514549 -0.03788965 0.04255014 0.005396962 -0.03840166 0.04078149 0.005638301 -0.0392847 0.04445827 0.01076585 -0.03788965 0.04255014 0.01051455 -0.03840166 0.04078149 0.01027309 -0.0392847 0.04445827 0.005145609 -0.03788965 0.04445827 0.00514549 -0.03788965 0.04435163 0.002955794 -0.03790503 0.04255014 0.005396962 -0.03840166 0.04078149 0.005638301 -0.0392847 0.0392223 0.005860269 -0.04050379 0.03917342 0.004271507 -0.0402528 0.03910988 0.003324329 -0.03990292 0.03902721 0.00245577 -0.03939592 0.03905224 0.002570569 -0.0394712 0.03910452 0.002684414 -0.03953284 0.03916841 0.00277245 -0.03956705 0.03921741 0.002821981 -0.03957849 0.03927981 0.00287044 -0.03958123 0.03934794 0.002909243 -0.03957349 0.03941172 0.002934157 -0.03955835 0.03946959 0.002948403 -0.03953927 0.03951013 0.002953946 -0.03952336 0.03955048 0.002955794 -0.03950572 0.04269117 0.002955794 -0.0382418 0.04109781 0.002955794 -0.0387994 0.04062718 0.002955794 -0.03085446 0.04062718 0.01295578 -0.03085446 0.04427206 0.01295578 -0.03194338 0.04301398 0.01295578 -0.03173679 0.04179239 0.01295578 -0.03137189 0.04427206 0.002955794 -0.03194338 0.04179239 0.002955794 -0.03137189 0.04301398 0.002955794 -0.03173685 0.03963071 0.002678155 -0.02853226 0.03926515 0.00245577 -0.02999627 0.03958392 0.002671241 -0.02873551 0.0395587 0.002705454 -0.02894002 0.03955757 0.002782166 -0.02920681 0.03959828 0.00287187 -0.02950209 0.03966933 0.002930939 -0.02975207 0.03977596 0.002955794 -0.02999842 0.03955048 0.002955794 -0.03950572 0.03922909 0.002955794 -0.03527528 0.03936481 0.002955794 -0.03262233 0.03902721 0.00245577 -0.03939592 0.03905224 0.002570569 -0.0394712 0.03910452 0.002684414 -0.03953284 0.03916841 0.00277245 -0.03956705 0.03921741 0.002821981 -0.03957849 0.03927981 0.00287044 -0.03958123 0.03934794 0.002909243 -0.03957349 0.03941172 0.002934157 -0.03955835 0.03946959 0.002948403 -0.03953927 0.03951013 0.002953946 -0.03952336 0.03877717 0.00245577 -0.03370869 0.03875148 0.00245577 -0.03648418 0.03938728 0.002742409 -0.02985662 0.03941929 0.002809345 -0.02997559 0.03917539 0.002809345 -0.0313034 0.03896212 0.002809345 -0.03315156 0.03888869 0.002809345 -0.03449553 0.03888016 0.002809345 -0.03587663 0.03900355 0.002809345 -0.03802257 0.03924065 0.002852141 -0.03949862 0.03927832 0.002874672 -0.03953295 0.03918647 0.002809345 -0.03946781 0.03922271 0.002836763 -0.03950709 0.03977596 0.01295578 -0.02999836 0.03965812 0.012986 -0.02971994 0.03958499 0.01305884 -0.02943468 0.03955471 0.01314806 -0.02914702 0.03956675 0.0132246 -0.02885353 0.0395919 0.0132426 -0.0286929 0.03963071 0.01323342 -0.02853226 0.03926515 0.0134558 -0.02999627 0.03902721 0.0134558 -0.03939592 0.03873473 0.0134558 -0.03479182 0.03890955 0.0134558 -0.03218239 0.03955048 0.01295578 -0.03950572 0.03944522 0.01296824 -0.03954786 0.03938084 0.0129882 -0.03956651 0.0393185 0.01301747 -0.03957802 0.03926473 0.01305162 -0.03958153 0.03921496 0.0130918 -0.03957813 0.03917038 0.01313692 -0.0395677 0.03913182 0.01318538 -0.0395509 0.03908985 0.01325327 -0.0395202 0.03905564 0.01333141 -0.03947699 0.03903758 0.01339352 -0.03943806 0.03925263 0.01295578 -0.03421175 0.03926932 0.01295578 -0.03686678 0.03891658 0.01310223 -0.03687566 0.03928428 0.01303178 -0.03951895 0.03924536 0.01305621 -0.03950101 0.03921562 0.01307791 -0.03948497 0.03918647 0.01310223 -0.03946781 0.03901422 0.01310259 -0.03813338 0.03887933 0.01310259 -0.03584289 0.03888869 0.01310223 -0.03449589 0.0389586 0.01310223 -0.03319615 0.03921425 0.01310223 -0.03105837 0.03941929 0.01310223 -0.02997571 0.0393849 0.01317709 -0.02984178 0.04062718 0.002955794 -0.03085446 0.04062718 0.01295578 -0.03085446 0.03977596 0.002955794 -0.02999842 0.03999894 0.002955794 -0.03034013 0.04028671 0.002955794 -0.03062951 0.03963071 0.002678155 -0.02853226 0.03958392 0.002671241 -0.02873551 0.0395587 0.002705454 -0.02894002 0.03955757 0.002782166 -0.02920681 0.03959828 0.00287187 -0.02950209 0.03966933 0.002930939 -0.02975207 0.03963071 0.01323342 -0.02853226 0.03977596 0.01295578 -0.02999836 0.03965812 0.012986 -0.02971994 0.03958499 0.01305884 -0.02943468 0.03955471 0.01314806 -0.02914702 0.03956675 0.0132246 -0.02885353 0.0395919 0.0132426 -0.0286929 0.04028671 0.01295578 -0.03062951 0.03999894 0.01295578 -0.03034013</float_array>
          <technique_common>
            <accessor source="#¾µв4_4_1-mesh-positions-array" count="1442" stride="3">
              <param name="X" type="float"/>
              <param name="Y" type="float"/>
              <param name="Z" type="float"/>
            </accessor>
          </technique_common>
        </source>
        <source id="¾µв4_4_1-mesh-normals">
          <float_array id="¾µв4_4_1-mesh-normals-array" count="4305">0.3486966 -6.23212e-7 0.9372357 0.5628814 -7.41812e-7 0.8265377 0.5628814 -5.82684e-7 0.8265378 0.3486909 -7.58831e-7 0.9372379 0.1142753 -7.02545e-7 0.9934492 0.1142598 -7.54178e-7 0.9934509 -0.1268011 -6.77721e-7 0.9919282 -0.1267952 -7.52348e-7 0.991929 -0.3605071 -6.38484e-7 0.9327565 -0.3604851 -7.59037e-7 0.932765 -0.573247 -3.47305e-7 0.8193827 -0.5732403 -8.86759e-7 0.8193873 -0.7526854 -7.48412e-7 0.6583804 -0.7526796 -2.53363e-7 0.6583871 -0.8883728 -2.58219e-7 0.459123 -0.8883727 -4.64697e-7 0.4591231 -0.9724345 -1.56106e-7 0.2331768 -0.9724324 0 0.2331852 -0.9999802 -3.21383e-7 -0.006310045 -0.9999801 4.8653e-7 -0.006310045 -0.9694136 -3.50402e-7 -0.2454329 -0.9694123 5.06717e-7 -0.2454383 -0.8825031 2.53907e-7 -0.4703066 -0.8825057 2.77121e-7 -0.4703017 -0.7443136 3.76809e-7 -0.6678303 -0.7443057 7.5073e-7 -0.6678391 -0.5628539 2.12375e-7 -0.8265565 -0.5628349 9.98718e-7 -0.8265694 -3.17046e-7 1 4.22024e-7 0 1 -2.1102e-6 0 1 6.75557e-6 5.1259e-7 1 2.53214e-6 5.83338e-7 1 -6.75584e-6 0 1 -2.11023e-7 0 1 0 -4.53687e-7 1 2.53211e-6 5.12447e-7 1 0 5.97388e-7 1 2.95436e-6 6.08692e-7 1 0 6.13416e-7 1 0 8.23525e-7 1 1.68901e-6 3.39043e-7 1 3.37651e-6 4.26848e-7 1 0 5.67155e-7 1 3.33609e-6 -4.1722e-7 1 -1.68825e-6 -4.17581e-7 1 3.37724e-6 0 1 0 -2.25296e-6 1 4.16511e-6 1.83474e-6 1 0 0 1 4.20773e-7 0 1 1.6885e-6 1.13402e-6 1 -1.68835e-6 0 1 4.58325e-7 2.25933e-6 1 2.73195e-6 -2.57747e-6 1 -8.44229e-7 -4.92112e-7 1 1.41291e-6 3.23451e-6 1 1.90881e-6 -8.13588e-7 1 1.23375e-6 2.46851e-7 1 8.25675e-7 -6.6429e-7 1 5.42612e-7 -1.25059e-7 1 4.12039e-7 -5.47944e-6 1 1.65888e-6 2.37924e-7 1 0 1.61724e-7 1 0 2.08462e-7 1 0 0 1 9.37571e-7 -1.86453e-6 1 3.13138e-6 6.07908e-7 1 -3.41932e-7 -2.37025e-6 1 1.62643e-6 0 1 1.38081e-6 0 1 -2.39261e-6 0 1 0 3.4305e-7 1 2.88866e-6 2.16378e-7 1 6.24695e-7 4.82678e-7 1 -3.66832e-6 2.33359e-7 1 8.40066e-7 -3.12769e-7 1 1.13862e-6 0.359234 3.62073e-5 -0.9332476 0.1609014 5.00353e-6 -0.9869705 0.1252999 -6.00331e-6 -0.992119 0.3592175 4.50108e-6 -0.933254 0.1253041 6.78375e-6 -0.9921185 0.1609256 -3.75557e-6 -0.9869666 0.5722545 5.78153e-7 -0.8200761 0.5722463 5.04583e-7 -0.820082 0.7519797 3.76144e-7 -0.6591864 0.7519778 5.02155e-7 -0.6591885 0.8879553 4.09116e-7 -0.4599298 0.8879515 2.64432e-7 -0.4599372 0.972256 2.14692e-7 -0.2339198 0.9722546 0 -0.2339252 0.9999838 -1.21812e-7 0.005698502 0.9999838 0 0.005699515 0.9695246 0 0.2449939 0.9695237 -4.83564e-7 0.2449976 0.8826496 -2.85742e-7 0.4700319 0.8826481 -7.59612e-7 0.4700344 0.7444117 -5.09577e-7 0.667721 0.7444137 -5.75306e-7 0.6677188 0.5628653 5.11281e-6 0.8265487 0.5629394 -6.35679e-6 0.8264982 3.17046e-7 -1 -1.16056e-6 0 -1 -9.49591e-7 3.17196e-7 -1 -1.68889e-6 -2.56295e-7 -1 -2.11012e-7 3.17685e-7 -1 -2.53344e-6 0 -1 -3.16535e-7 0 -1 0 2.26844e-7 -1 -6.33027e-7 -2.56224e-7 -1 0 -2.98694e-7 -1 -9.49617e-7 -3.04346e-7 -1 0 4.68338e-7 -1 -1.22094e-6 -4.11762e-7 -1 -4.22252e-7 -1.69522e-7 -1 -4.22063e-7 -3.20132e-7 -1 -3.06288e-7 -4.25372e-7 -1 -1.25103e-6 0 -1 -1.26619e-6 2.08791e-7 -1 8.44309e-7 0 -1 -9.16804e-7 1.05455e-6 -1 -1.04128e-6 -3.11874e-7 -1 -8.4415e-7 -7.70339e-7 -1 -8.44287e-7 0 -1 -5.25967e-7 1.53466e-7 -1 -4.22126e-7 -4.14358e-7 -1 -1.26626e-6 0 -1 -5.72907e-7 -1.0676e-6 -1 -1.02448e-6 1.29267e-6 -1 -6.33172e-7 3.69084e-7 -1 -7.06454e-7 -1.04296e-6 -1 -8.22498e-7 1.25892e-7 -1 -9.90811e-7 8.30362e-7 -1 -1.35653e-7 2.36498e-7 -1 -1.02884e-6 -3.13792e-7 -1 -6.15249e-7 -1.36884e-6 -1 -3.09411e-7 -4.97083e-7 -1 -5.09724e-7 0 -1 -7.6022e-7 1.89857e-6 -1 -1.52715e-6 8.06599e-7 -1 -9.40026e-7 -4.81161e-7 -1 -4.0596e-7 6.92804e-7 -1 -1.02669e-6 -1.77612e-7 -1 -3.35224e-7 0 -1 -8.49833e-7 3.60024e-7 -1 2.16121e-7 0 -1 -8.43254e-7 0 -1 -1.75105e-6 -1.41548e-7 -1 4.33545e-7 -1.41788e-7 -1 -8.72345e-7 -2.17401e-7 -1 -7.1851e-7 0 -1 -6.71413e-7 0.4182689 -8.38227e-7 0.9083233 0.562883 3.27043e-6 0.8265367 0.5628747 -4.34493e-6 0.8265423 0.4182741 -3.75156e-7 0.9083209 0.2621312 -8.20558e-7 0.9650323 0.2621414 -5.49427e-7 0.9650295 0.09883892 -4.72164e-6 0.9951035 0.09883898 3.23661e-6 0.9951035 -0.3487017 6.8608e-7 -0.9372338 -0.5628378 7.52336e-7 -0.8265674 -0.5628774 5.82222e-7 -0.8265404 -0.3487014 6.98393e-7 -0.9372339 -0.114275 7.6122e-7 -0.9934492 -0.1142668 6.92781e-7 -0.9934502 0.1268098 6.33428e-7 -0.9919272 0.1268024 8.0264e-7 -0.9919281 0.360499 7.5887e-7 -0.9327597 0.3604984 6.32346e-7 -0.9327598 0.5732529 6.40824e-7 -0.8193786 0.5732384 6.34598e-7 -0.8193886 0.7526882 3.04357e-7 -0.6583771 0.7526797 7.48422e-7 -0.658387 0.8883726 0 -0.4591233 0.8883721 7.56188e-7 -0.4591243 0.9724345 0 -0.2331765 0.972433 2.53364e-7 -0.2331827 0.9999801 0 0.006310045 0.9999801 0 0.006309986 0.9694142 -1.77341e-7 0.2454305 0.9694139 0 0.2454315 0.8825023 -5.68066e-7 0.4703081 0.8825058 0 0.4703018 0.7443085 -8.75252e-7 0.667836 0.7443054 0 0.6678394 0.5628878 -9.32176e-7 0.8265334 0.5628293 0 0.8265732 0.3517056 0.02450829 -0.9357898 0.1253247 1.17905e-6 -0.9921158 0.1608514 2.26405e-6 -0.9869787 0.3300777 0.1102208 -0.9374968 0.5286381 0.0485171 -0.8474597 0.3976857 0.2063112 -0.8940257 0.6383691 0.1792918 -0.7485582 0.6844058 0.07150632 -0.7255864 0.4749125 0.3791744 -0.7941568 0.3879346 0.376867 -0.8411172 0.3749931 0.4010692 -0.8357774 0.3627312 0.4184603 -0.8326566 0.3468316 0.4376258 -0.8295732 0.3289912 0.4559758 -0.8269528 0.3089942 0.4744558 -0.8242659 0.2864838 0.4929614 -0.8215328 0.262719 0.510649 -0.8186675 0.1419672 0.5768273 -0.804435 0.1665464 0.56637 -0.8071478 0.1932826 0.5529088 -0.8105145 0.2295843 0.532547 -0.8146685 -0.1086028 0.9491885 -0.2953754 -0.07261222 0.9944683 -0.07589805 -0.05308002 0.9883267 -0.1428038 -0.1058663 0.9340993 -0.3409559 -0.1237037 0.9200422 -0.3717793 -0.1532362 0.8536801 -0.497744 -0.1605678 0.8170111 -0.5538151 -0.2392001 0.6208693 -0.7465284 -0.1925625 0.7540772 -0.6279229 -0.2132755 0.6998946 -0.6816606 -0.2880629 0.4558272 -0.8421646 -0.2824343 0.5286864 -0.8004509 -0.3351569 0.2398239 -0.9111281 -0.3305036 0.3524834 -0.8755128 -0.3527782 0.1749037 -0.9192151 -0.3524388 0.0737729 -0.9329227 -0.356854 0.07130551 -0.9314348 -0.3524538 0.07114988 -0.9331206 0.9780044 -2.11402e-4 -0.208584 0.9934588 9.67499e-7 -0.114192 0.978003 1.85718e-6 -0.208591 0.9933558 -8.3631e-6 -0.1150835 0.9998764 5.08502e-7 -0.01572465 0.9998018 -1.70404e-5 -0.01991337 0.9978944 1.25915e-5 0.06486165 0.9938881 5.86733e-6 0.1103916 0.988601 -5.62519e-6 0.1505592 -0.3514963 0.07269746 -0.9333625 -0.3523778 0.07341164 -0.9329741 -0.3525013 0.07152205 -0.9330742 -0.3513653 0.07449531 -0.93327 -0.3510467 -0.07481402 -0.9333645 -0.351431 -0.0723946 -0.9334107 -0.3514152 -0.07489782 -0.9332191 -0.351435 0.07239341 -0.9334092 -0.3510503 0.07481533 -0.933363 -0.3514196 0.07489871 -0.9332173 -0.1566236 0.8393743 -0.5204999 -0.0986917 0.9460201 -0.3087168 -0.1310282 0.8958407 -0.4246188 -0.176021 0.8072235 -0.5633887 -0.217375 0.700388 -0.6798565 -0.2360244 0.656451 -0.7164947 -0.2772524 0.5202192 -0.8077767 -0.2949521 0.4569931 -0.8391428 -0.319995 0.3408036 -0.8840001 -0.3317334 0.276277 -0.9020112 -0.3449475 0.172587 -0.9226186 -0.3513145 0.07490485 -0.9332563 -0.3510491 0.07489645 -0.9333569 -0.3514852 -0.07269775 -0.9333666 -0.3523833 -0.07341104 -0.932972 -0.3513538 -0.07449561 -0.9332743 -0.3525072 -0.07152146 -0.933072 -0.1119401 0.9772751 -0.1800081 -0.2455524 0.8933857 -0.3762527 -0.0988627 0.9460899 -0.308448 -0.4226365 0.8405026 -0.3390188 -0.3662205 0.8782997 -0.3073634 -0.3011149 0.949157 -0.09182035 -0.2603461 0.9184018 -0.2979228 -0.3042698 0.9466255 -0.1063957 -0.1705111 0.9801481 -0.1011714 -0.08246737 0.9916212 -0.09943151 -0.07274419 0.9944039 -0.07661062 -0.07271093 0.9944383 -0.0761947 -0.1086885 0.9491692 -0.2954059 -0.3319176 0.2765768 -0.9018515 -0.2881144 0.4560238 -0.8420407 -0.33513 0.2394061 -0.9112479 -0.2947714 0.4569846 -0.8392109 -0.2396459 0.6203622 -0.746807 -0.2363578 0.6563963 -0.7164349 -0.1927619 0.7543194 -0.6275708 -0.1758511 0.8073067 -0.5633226 -0.1532797 0.8535223 -0.498001 -0.2604067 0.9210172 -0.2896821 -0.1085779 0.9491803 -0.2954114 -0.1239255 0.920027 -0.3717428 -0.3664123 0.8885221 -0.2761715 -0.4235801 0.8686614 -0.2569193 -0.131169 0.8958116 -0.4246367 -0.2465863 0.9307793 -0.2698984 -0.0989288 0.9459885 -0.3087378 -0.7580535 -0.4159309 -0.5023508 -0.3055461 -0.2814108 -0.9096426 -0.3524335 0.07377898 -0.9329241 -0.3514259 0.07239979 -0.9334121 -0.352452 -0.07121664 -0.9331163 -0.3514214 -0.07239806 -0.933414 -0.3524564 0.07121807 -0.9331144 -0.3007051 0.9494398 -0.09022516 -0.07258331 0.9945478 -0.07487684 -0.3008901 0.9492879 -0.09120213 -0.3042822 0.9466526 -0.1061195 -0.3028751 0.9472772 -0.1045589 -0.1705212 0.9801842 -0.1008045 -0.1691286 0.9806132 -0.09896105 -0.0811237 0.991979 -0.09693634 -0.08261758 0.9916427 -0.09909188 -0.4124972 -0.07387697 -0.9079583 -0.3510491 0.07480454 -0.9333643 -0.3510506 -0.07478994 -0.9333648 -0.4254765 0.07379269 -0.901956 -0.4812412 -0.07359319 -0.8734936 -0.4765588 0.07362604 -0.8760543 -0.54154 0.0743137 -0.8373841 -0.5433992 -0.07432073 -0.8361781 -0.5996528 1.61747e-6 -0.8002603 -0.5983003 -0.07478982 -0.7977741 -0.5982984 0.07479202 -0.7977752 -0.1583762 -0.8443774 -0.5118045 -0.1285646 -0.8935055 -0.4302547 -0.17513 -0.8007054 -0.5728879 -0.09867471 -0.9460266 -0.3087021 -0.2246566 -0.6883994 -0.6896635 -0.236025 -0.6497819 -0.7225481 -0.2850922 -0.4957274 -0.8203517 -0.2932881 -0.4603518 -0.8378894 -0.3264716 -0.307685 -0.8937261 -0.3294824 -0.2884055 -0.8990349 -0.3468211 -0.1548986 -0.9250522 -0.3510518 -0.07479608 -0.9333639 -0.3514134 -0.07479172 -0.9332283 -0.2379265 0.9129737 -0.3314668 -0.1706068 0.9595296 -0.2240456 -0.1264015 0.9788951 -0.1605833 -0.3564144 0.7879717 -0.5020651 -0.3781664 0.7703289 -0.5134039 -0.2394738 0.916013 -0.3218271 -0.433368 0.6619871 -0.6115272 -0.5063103 0.4866952 -0.7118833 -0.4927642 0.5616388 -0.6646393 -0.5627747 0.3416812 -0.7526876 -0.5914335 0.1701864 -0.7881897 -0.5965581 0.1098938 -0.7950106 -0.4144141 0.686905 -0.5970113 -0.2777723 0.8741822 -0.3983066 -0.4569832 0.5975779 -0.6588377 -0.5119528 0.4423884 -0.7363402 -0.5446998 0.304003 -0.7815909 -0.5415647 0.07417732 -0.8373801 -0.598289 0.07480835 -0.7977807 -0.3949375 0.6888397 -0.6078851 -0.2713724 0.8746998 -0.4015687 -0.1688696 0.9572929 -0.2346771 -0.06817007 0.9946138 -0.07807809 -0.06345278 0.9959161 -0.0642246 -0.1707068 0.9517714 -0.2549321 -0.08127254 0.9919844 -0.09675723 -0.08255773 0.9916189 -0.09937953 -0.1897611 0.9366278 -0.2944809 -0.1120746 0.9772549 -0.1800341 -0.2665176 0.8564096 -0.442189 -0.3727601 0.6466031 -0.6655483 -0.2697605 0.8615489 -0.4300732 -0.204949 0.9222599 -0.3277692 -0.2766552 0.8407395 -0.4654235 -0.3008807 0.7961602 -0.524976 -0.3026646 0.7924165 -0.5295947 -0.2287415 0.8943771 -0.3844049 -0.3358708 0.7025972 -0.6273341 -0.3206081 0.7012542 -0.6367519 -0.2165663 0.7003669 -0.6801362 -0.2761706 0.5202192 -0.8081472 -0.3188189 0.3407923 -0.8844293 -0.1670805 0.9085754 -0.3828511 -0.09923774 0.9460431 -0.308471 -0.1565322 0.8393312 -0.5205967 -0.3816393 0.3468621 -0.8567603 -0.3816438 0.256304 -0.8880633 -0.3510367 0.07489061 -0.9333621 -0.4254745 0.07380563 -0.9019557 -0.3443756 0.1725979 -0.9228301 -0.1216105 0.9801818 -0.1563801 -0.08658778 0.9908878 -0.1031708 -0.1326864 0.9758512 -0.1735191 -0.1317135 0.9760791 -0.1729777 -0.1699694 0.9577496 -0.2320048 -0.4999688 0.4538691 -0.7375867 -0.5288825 0.311512 -0.7894578 -0.5164358 0.3719074 -0.7713488 -0.4788628 0.4939227 -0.7257623 -0.5006544 0.3721115 -0.7815871 -0.4226246 0.5974006 -0.6815431 -0.3471319 0.7586296 -0.5513443 -0.5039491 0.2466284 -0.827774 -0.4765502 0.07361024 -0.8760603 -0.4336005 0.5441191 -0.7182793 -0.4745706 0.3714795 -0.7979887 -0.3807182 0.675568 -0.6313965 -0.2702181 0.8659835 -0.4207788 -0.3782621 0.6674135 -0.6414648 -0.1281904 0.9767058 -0.1720846 -0.067128 0.9952737 -0.07017391 -0.439673 0.3460153 -0.8288312 -0.4402615 0.2253824 -0.8691219 -0.4209036 0.3258385 -0.8465633 -0.5289175 0.2459905 -0.8122408 -0.4513773 0.4255045 -0.7843498 -0.4751271 0.272516 -0.8366538 -0.4559094 0.3608889 -0.8135761 -0.04803967 0.9979496 -0.04229456 -0.02641057 0.9995687 -0.01284933 -0.03495717 0.9990887 -0.02449309 -0.06345605 0.9959157 -0.0642305 -0.02208846 0.9997301 -0.007209777 -0.06811463 0.9946244 -0.07799124 -0.04262638 0.9982598 -0.04074823 -0.02536636 0.999588 -0.01343983 -0.02171093 0.9997373 -0.007364571 -0.9322899 1.34483e-6 -0.361712 -0.9834211 7.27177e-6 -0.1813369 -0.957765 -4.52995e-6 -0.2875521 -0.9385073 6.25104e-6 -0.3452597 -0.9279379 -6.31902e-6 -0.3727349 -0.999025 1.31726e-5 -0.04415005 -0.9209156 -1.11852e-5 -0.3897623 -0.9986385 7.70949e-6 0.05216634 -0.99864 1.4905e-5 0.05213797 -0.9990246 -9.98378e-7 -0.04415762 -0.9279327 1.98185e-6 -0.3727479 -0.9577655 6.72787e-6 -0.2875505 -0.9322906 -2.04146e-6 -0.3617103 -0.9385102 -7.4245e-6 -0.3452518 -0.983421 -7.59959e-6 -0.1813374 -0.1239352 -0.9200262 -0.3717419 -0.3664094 -0.8885207 -0.2761798 -0.4235807 -0.8686629 -0.2569126 -0.2604199 -0.9210121 -0.2896866 -0.1085983 -0.9491869 -0.2953823 -0.2465984 -0.9307668 -0.2699306 -0.1581798 -0.844319 -0.5119615 -0.1532928 -0.8535399 -0.4979669 -0.1928694 -0.7543265 -0.6275292 -0.09894871 -0.9459801 -0.3087571 -0.224914 -0.688488 -0.6894912 -0.2506784 -0.5853833 -0.7710297 -0.2849716 -0.4955053 -0.8205277 -0.306682 -0.3820846 -0.8717554 -0.3266644 -0.3081923 -0.8934808 -0.3426675 -0.1886059 -0.9203297 -0.3467089 -0.1542009 -0.9252109 -0.3524389 -0.07380962 -0.9329196 -0.3514128 -0.07490694 -0.9332192 -0.2603513 -0.9183961 -0.297936 -0.07268869 -0.9944394 -0.07620114 -0.218039 -0.972155 -0.08586961 -0.1086893 -0.9491909 -0.295336 -0.3662253 -0.8782926 -0.307378 -0.322816 -0.9418166 -0.09365516 -0.1118728 -0.9772702 -0.1800766 -0.2400757 -0.9651272 -0.1043703 -0.08254826 -0.9916197 -0.0993793 -0.3881384 -0.9158422 -0.1028681 -0.422639 -0.8404995 -0.3390235 -0.2455524 -0.893386 -0.3762518 -0.09885758 -0.9460922 -0.3084427 -0.3524583 0.07109963 -0.9331228 -0.3568542 -0.07122141 -0.9314412 -0.3524585 -0.07109802 -0.9331229 -0.356854 0.07122308 -0.9314412 -0.05509436 0.997583 -0.04234093 -0.073206 0.9946105 -0.07342386 -0.3004331 0.9495694 -0.08976691 -0.2895486 0.9545845 -0.07021361 -0.302757 0.9473183 -0.104529 -0.2728711 0.9580187 -0.08798587 -0.06706619 0.9952735 -0.07023471 -0.1691652 0.9806207 -0.09882396 -0.08117693 0.9920004 -0.09667205 -0.0634334 0.9959183 -0.06421059 -0.1471388 0.9306174 -0.3351142 -0.07236391 0.9940226 -0.08174699 -0.03887939 0.9986528 -0.0343675 -0.1430794 0.9438784 -0.2976945 -0.1072109 0.9656196 -0.2368218 -0.08657455 0.9908915 -0.1031451 -0.1084895 0.9723221 -0.2069296 -0.06804001 0.9946234 -0.07806986 -0.1409407 0.9346167 -0.3265386 -0.04031008 0.9989027 -0.02384734 -0.05507785 0.9975836 -0.04234886 -0.2895368 0.9545869 -0.07022994 -0.2728747 0.9580177 -0.08798563 -0.04813683 0.9979469 -0.04224705 -0.01135671 0.9998579 0.01246392 -0.06347209 0.9959148 -0.0642277 -0.03504347 0.9990872 -0.02443045 0.002441585 0.999561 0.02953165 -0.02641284 0.9995685 -0.01285696 0.01037991 0.9991557 0.03975301 -0.02214294 0.9997283 -0.007281959 0.01168203 0.9990636 0.04165911 -0.02170592 0.9997375 -0.007343471 0.00832802 0.9992703 0.03727716 -0.02537333 0.9995877 -0.0134496 0.003477275 0.9995285 0.03051108 -0.04264146 0.9982587 -0.04076021 -0.01340043 0.9998975 0.00503695 -0.1072001 0.965615 -0.2368457 -0.0388087 0.9986544 -0.03440123 -0.1408346 0.934626 -0.3265576 -0.1083921 0.9723247 -0.2069687 -0.06803125 0.994625 -0.07805734 -0.3397559 -0.8102204 -0.4776075 -0.1418059 -0.9728913 -0.1826842 -0.2394837 -0.9160093 -0.3218303 -0.3781716 -0.7703218 -0.5134109 -0.2246946 -0.9233627 -0.3113097 -0.434004 -0.6613904 -0.6117216 -0.5070108 -0.4860036 -0.7118571 -0.4927793 -0.5616104 -0.6646521 -0.5627581 -0.3417665 -0.7526613 -0.5914214 -0.1701942 -0.7881971 -0.5965341 -0.1100062 -0.7950131 -0.390897 -0.7293888 -0.5614193 -0.2780531 -0.8740622 -0.398374 -0.4579104 -0.5968071 -0.6588926 -0.5129683 -0.4413777 -0.73624 -0.545646 -0.3033264 -0.7811938 -0.5983092 -0.07479375 -0.7977669 -0.5433991 -0.07432097 -0.8361781 -0.395886 -0.6888028 -0.6073097 -0.2715901 -0.8748161 -0.4011678 -0.1688167 -0.9573226 -0.2345944 -0.06343865 -0.9959178 -0.06421422 -0.0681644 -0.9946151 -0.07806819 -0.1699682 -0.9515742 -0.2561587 -0.08245193 -0.9916227 -0.0994293 -0.08118277 -0.9920006 -0.09666544 -0.1885903 -0.9363427 -0.2961351 -0.1120815 -0.9772536 -0.180037 -0.2648966 -0.8552891 -0.4453206 -0.2698669 -0.8620579 -0.4289852 -0.3722626 -0.6450882 -0.6672943 -0.2035913 -0.9218778 -0.329685 -0.2748959 -0.8393891 -0.4688905 -0.2266966 -0.893811 -0.3869248 -0.2986852 -0.7941913 -0.5291951 -0.3004168 -0.7904157 -0.5338473 -0.3323022 -0.6993972 -0.6327866 -0.1740738 -0.8986953 -0.4025484 -0.1746896 -0.8007309 -0.5729867 -0.1289048 -0.893495 -0.4301748 -0.09923547 -0.9460447 -0.3084671 -0.3210847 -0.6827871 -0.6562823 -0.2921867 -0.460405 -0.8382448 -0.2352771 -0.6497039 -0.7228622 -0.3755744 -0.3134154 -0.8721896 -0.4125059 -0.07388705 -0.9079535 -0.351049 -0.07479214 -0.9333653 -0.3283033 -0.2884096 -0.8994649 -0.1180939 -0.9814484 -0.1510393 -0.0865848 -0.9908866 -0.1031836 -0.1080234 -0.9850851 -0.1339337 -0.1326847 -0.9758529 -0.1735107 -0.1316795 -0.9760871 -0.1729584 -0.1700856 -0.9577218 -0.2320342 -0.4952204 -0.4733808 -0.7284691 -0.5302866 -0.3106757 -0.7888453 -0.51058 -0.4036651 -0.7591856 -0.4740937 -0.5127731 -0.7157506 -0.502394 -0.3715767 -0.7807248 -0.4239441 -0.5980821 -0.6801244 -0.3474896 -0.7593757 -0.5500904 -0.5064051 -0.2466968 -0.8262533 -0.4812264 -0.07370227 -0.8734925 -0.4352378 -0.5452871 -0.7164008 -0.4770475 -0.3723029 -0.7961258 -0.3812268 -0.6770691 -0.6294788 -0.3449771 -0.7491973 -0.5654151 -0.1282933 -0.9767273 -0.1718859 -0.0670076 -0.9952833 -0.07015126 -0.4172142 -0.5199283 -0.7453904 -0.4026171 -0.5635976 -0.7212886 -0.4406756 -0.3471023 -0.8278437 -0.4376352 -0.2240786 -0.8707837 -0.4154504 -0.3198843 -0.8515134 -0.3981203 -0.4527161 -0.7978399 -0.3971647 -0.3489136 -0.8488343 -0.5290194 -0.256239 -0.8089995 -0.4536663 -0.4273018 -0.7820486 -0.4785115 -0.2736946 -0.8343369 -0.4586802 -0.3629046 -0.8111182 -0.9658941 -9.89065e-6 -0.258938 -0.8860732 -6.54533e-6 -0.4635452 -0.9106256 1.87159e-5 -0.4132325 -0.9318588 -1.48118e-5 -0.3628211 -0.9450376 1.95205e-6 -0.3269618 -0.8860725 6.6134e-6 -0.4635469 -0.9287173 -3.69549e-6 -0.3707886 -0.9106211 -2.68817e-5 -0.4132423 -0.9702532 6.4238e-7 -0.2420922 -0.986208 2.24914e-7 -0.1655112 -0.9862136 1.30793e-7 -0.1654778 -0.9982961 3.60829e-7 -0.05835133 -0.9999405 1.44751e-6 -0.01091945 -0.9999002 1.41897e-6 0.01412796 -0.9991609 -4.48432e-7 0.04095834 -0.9986401 1.17766e-6 0.05213594 -0.9986394 0 0.05214798 -0.2173489 -0.9725218 -0.08343183 -0.07282239 -0.9944556 -0.07586103 -0.07248318 -0.9946546 -0.07354259 -0.2181285 -0.9721724 -0.08544528 -0.3217527 -0.94238 -0.09162634 -0.3227455 -0.9418798 -0.09326159 -0.3881164 -0.9158759 -0.1026494 -0.3867911 -0.9166083 -0.1011036 -0.2401095 -0.9651374 -0.1041991 -0.2386294 -0.9656933 -0.1024338 -0.08120197 -0.9919767 -0.09689372 -0.08260422 -0.9916422 -0.09910786 -0.05262237 -0.9974364 -0.04849362 -0.02928632 -0.9994314 -0.01671302 -0.02226817 -0.9997242 -0.007470667 -0.04232889 -0.9985096 -0.0344538 -0.06345421 -0.9959161 -0.06422585 -0.02156406 -0.9997432 -0.006969749 -0.02536237 -0.9995881 -0.01343381 -0.06810313 -0.9946265 -0.07797539 -0.04259073 -0.9982637 -0.04069054 -0.1086043 -0.9491854 -0.2953845 -0.0530861 -0.9883265 -0.1428033 -0.07277095 -0.9944256 -0.07630246 -0.08150613 -0.967924 -0.2376551 -0.1237643 -0.9200099 -0.371839 -0.1075255 -0.9311073 -0.3485364 -0.1532623 -0.8536637 -0.4977639 -0.1453024 -0.8515771 -0.50369 -0.1925246 -0.7540868 -0.6279231 -0.2017112 -0.7257095 -0.6577677 -0.2503539 -0.5858824 -0.770756 -0.2824334 -0.5286868 -0.8004509 -0.3064073 -0.381505 -0.8721058 -0.3238847 -0.3839209 -0.8646985 -0.3426831 -0.189279 -0.9201857 -0.3484808 -0.2293151 -0.9088321 -0.3524383 -0.0737819 -0.9329221 -0.3568524 -0.07130056 -0.9314358 -0.352456 -0.07115 -0.9331198 0.99346 -1.73645e-6 -0.1141805 0.9982931 1.42753e-5 -0.05840533 0.9780082 -8.02488e-7 -0.2085668 0.9780031 -1.66846e-6 -0.2085907 0.9981175 -1.18592e-6 -0.06133109 0.9999205 2.60072e-6 -0.01261198 0.9989113 2.68407e-6 0.04665195 0.9992018 1.64155e-5 0.03994756 0.9947838 1.03097e-5 0.1020058 0.9885998 1.86265e-7 0.1505673 0.04524093 0.9975154 0.0540027 -0.01265472 0.9996121 0.02481067 0.05842071 0.9937755 0.09485459 0.0869084 0.9916474 0.09530121 0.0151726 0.9998384 0.009644448 -0.01577824 0.9985633 -0.05120992 -0.07253813 0.9945631 -0.0747168 -0.05302423 0.9883406 -0.1427284 0.1868865 0.9675652 0.1699742 0.1415442 0.9782097 0.1518918 0.2157433 0.950313 0.2244104 0.1467125 0.9798337 0.1356523 0.1154623 0.9867498 0.1139882 0.1464593 0.97997 0.134939 0.05844891 0.9937715 0.09487819 0.08685958 0.991661 0.09520483 0.4251245 0.852824 0.3032497 0.3515333 0.8895894 0.2916422 0.5029138 0.7786635 0.375181 0.586416 0.3223193 0.7431195 0.5770218 0.2965041 0.7610067 0.5893538 0.08780318 0.8030896 0.5445592 0.4746813 0.6914717 0.477233 0.6629776 0.5768096 0.6356554 0.09071511 0.7666245 0.5087108 0.6173285 0.6000991 0.3326916 0.8703854 0.362968 0.2366827 0.9459738 0.2216192 0.3907599 0.8042863 0.4476944 0.309394 0.889115 0.3372682 0.5343346 0.5917085 0.6036288 0.6743821 0.2370136 0.6993092 0.7917637 0.08980965 0.6041892 0.7543584 0.2960088 0.585937 0.5684568 0.5356792 0.6244236 0.4714565 0.7303838 0.4942352 0.2908055 0.9197039 0.2637745 0.6010774 0.5188943 0.6078279 0.6953912 0.4703867 0.5432932 0.5887775 0.6696929 0.4526064 0.3519108 0.8582482 0.3735892 0.4966679 0.8101295 0.3114665 0.6957635 0.4702841 0.5429053 0.7549347 0.2960157 0.5851909 0.5887022 0.6697112 0.4526773 0.5028144 0.7786886 0.3752626 0.4250177 0.8528116 0.3034344 0.5383605 0.7579938 0.3682571 0.5145345 0.8056201 0.2936505 0.6135863 0.6524152 0.4448217 0.4655056 0.8365854 0.2888419 0.4702495 0.8312751 0.2963906 0.7302067 0.4290624 0.5316989 0.7917958 0.08982479 0.6041448 0.7888122 0.08677953 0.6084773 0.7429087 0.3831971 0.5488595 0.7590992 0.2868043 0.5843901 0.7078964 0.4586969 0.5371032 0.7746935 0.2074198 0.5973501 0.788798 0.08679395 0.6084936 0.7887265 0.0867682 0.6085903 0.7597072 0.2867245 0.5836386 0.7186385 0.4306771 0.5459633 0.7086223 0.458585 0.5362409 0.6288406 0.6271871 0.4595605 0.6140891 0.6522806 0.444325 0.5394156 0.7564887 0.3698049 0.5384662 0.7580202 0.3680483 0.4703241 0.8312296 0.2963996 0.8400696 -1.75089e-5 -0.5424787 0.6827948 -2.30074e-5 -0.7306102 0.786122 7.58022e-5 -0.6180716 0.8661549 3.94881e-7 -0.499776 0.4823908 -2.90573e-5 -0.8759562 0.8759466 -1.08428e-6 -0.4824083 0.451891 4.69796e-5 -0.8920733 0.8759472 -4.60446e-6 -0.482407 0.4518478 5.34434e-5 -0.8920951 0.4823083 2.2769e-4 -0.8760016 0.8662082 -1.50129e-5 -0.4996834 0.6829149 -9.20892e-6 -0.730498 0.8401903 -1.06692e-5 -0.5422918 0.7862094 2.73138e-5 -0.6179602 0.7810146 -0.1647954 0.6023777 0.78873 -0.08681648 0.6085786 0.7888666 -0.08678573 0.6084059 0.7747824 -0.2069927 0.5973828 0.7489483 -0.3310871 0.5739842 0.7188518 -0.4299844 0.5462286 0.6833451 -0.5206083 0.5118656 0.6289858 -0.6268802 0.4597806 0.5860381 -0.6950641 0.4164676 0.5393884 -0.7564247 0.3699755 0.4703021 -0.8312454 0.2963902 0.7888683 0.08678847 0.6084034 0.7887367 -0.08670759 0.6085855 0.7887321 0.08670634 0.6085916 0.7888656 -0.08681905 0.6084024 0.7917876 0.08969563 0.6041749 0.7917876 -0.0896961 0.6041747 0.2000779 0.9162901 0.34696 0.3237225 0.7616032 0.5613952 0.2290694 0.8898999 0.3944688 0.1660394 0.9421159 0.2912877 0.2317506 0.8827382 0.4087359 0.1658407 0.9401959 0.2975376 0.1097647 0.9732789 0.2016928 0.1896936 0.925893 0.3267087 0.2614977 0.855233 0.447432 0.1708779 0.9397577 0.2960681 0.1558742 0.9496819 0.2716758 0.1401187 0.9590583 0.2461179 0.1187266 0.9701834 0.2113013 0.06277298 0.9909926 0.1182929 0.06728166 0.9893592 0.1290031 0.1422017 0.960456 0.2393804 0.05556941 0.9931547 0.1027426 0.5678296 0.2180905 0.7937293 0.5659911 0.08218479 0.8203048 0.5893515 0.08781462 0.80309 0.5774217 0.2964891 0.7607092 0.5541837 0.3021885 0.7756047 0.383826 0.7592005 0.525635 0.5449086 0.4745993 0.6912527 0.4773029 0.6629734 0.5767569 0.3905832 0.8043054 0.4478144 0.4398857 0.6490198 0.6207045 0.5002136 0.5055994 0.7029621 0.5318679 0.4013805 0.745661 0.08892583 0.9853553 0.1454897 0.2305443 0.9035098 0.3612746 0.2074878 0.9255241 0.316787 0.07245016 0.9897666 0.1229355 0.05844485 0.9937716 0.09488105 0.4764195 0.3527951 0.8053324 0.4996989 0.1816004 0.8469489 0.5067875 0.08641779 0.8577286 0.4796314 0.3246734 0.8151939 0.4422714 0.4917808 0.7500318 0.4399845 0.4919143 0.7512884 0.3895032 0.6326606 0.6693488 0.453354 0.4561091 0.7657902 0.4161598 0.5739026 0.7052991 0.4803705 0.3643121 0.7978227 0.4190335 0.5770831 0.7009894 0.3296092 0.7719545 0.5435476 0.5094227 0.2372944 0.8271518 0.5407244 0.07999497 0.8373876 0.4905899 0.3874995 0.7804907 0.1480622 0.9553756 0.2556073 0.4172901 0.6159089 0.6682255 0.2398494 0.8871201 0.3943226 0.1375094 0.9616115 0.2374757 0.1645125 0.9460239 0.279239 0.4585494 0.5158075 0.7236541 0.331844 0.7796816 0.5310143 0.385245 0.6938884 0.6083627 0.3309667 0.7845199 0.5243945 0.4618021 0.5237853 0.7158128 0.2334719 0.8972879 0.3746535 0.4393349 0.5889075 0.6783604 0.516474 0.3314936 0.7895358 0.3869048 0.7052258 0.5941054 0.5414128 0.2169083 0.812295 0.527529 0.3341059 0.7810804 0.4453265 0.5962019 0.6680027 0.4732491 0.5332888 0.7011693 0.1062192 0.9777265 0.1810206 0.3793826 0.731217 0.5669133 0.4621656 0.5732767 0.6765772 0.4744965 0.55141 0.6861488 0.3414221 0.7981172 0.4964274 0.1829698 0.945991 0.2676247 0.1603236 0.9615557 0.2229506 0.1407002 0.9782464 0.1524384 0.2237155 0.9335145 0.2801825 0.308955 0.8891723 0.3375197 0.2149176 0.9504022 0.2248244 0.5111422 0.3274151 0.7946906 0.2025904 0.9234316 0.3259313 8.05757e-4 0.999687 0.02500897 0.003722667 0.9995951 0.02821195 0.01726579 0.9986755 0.04847073 0.002828538 0.9996056 0.02794039 0.004272401 0.9995328 0.03026837 0.06733089 0.9893454 0.1290819 -0.001585662 0.9997724 0.02127748 -0.008414626 0.9999089 0.01055985 0.005077779 0.9994868 0.03162759 0.005291938 0.9994757 0.03194165 -0.004379332 0.999848 0.01687908 0.005276441 0.999471 0.0320931 -0.007384598 0.999893 0.01262754 -0.01988714 0.9997847 -0.005929768 0.00489819 0.9994911 0.03152215 -0.01043039 0.9999141 0.007948458 0.003868043 0.9995417 0.0300253 -0.01350229 0.999903 0.003416717 -0.03236407 0.99919 -0.02391552 -0.01646071 0.9998642 -8.92555e-4 -0.01900839 0.9998087 -0.00462234 -0.04516458 0.9980825 -0.04232656 -0.02091586 0.9997537 -0.007432103 -0.02218306 0.9997107 -0.009308576 -0.05704385 0.9965901 -0.05961751 -0.02258658 0.9996961 -0.009884476 -0.06603354 0.9951709 -0.07262611 -0.02249157 0.9996996 -0.009747564 -0.07235574 0.9940242 -0.08173489 -0.02090036 0.9997539 -0.007439732 -0.01899874 0.9998089 -0.004630565 -0.0221374 0.9997124 -0.009228885 0.06282609 0.9909788 0.1183807 0.002376317 0.9996147 0.02765792 2.63028e-4 0.9996994 0.02451688 -0.002085149 0.9997795 0.02089625 -0.03890103 0.9986515 -0.03437823 -0.004851102 0.9998484 0.01672363 -0.007731735 0.9998947 0.01227945 -0.01077127 0.9999114 0.007818341 -0.01371371 0.9999006 0.00328499 -0.01646196 0.9998641 -8.75247e-4 -0.01334464 0.999898 0.005096673 0.003538429 0.9995254 0.03060245 0.05562472 0.9931426 0.1028283 0.008389115 0.999266 0.03737878 0.0117284 0.9990598 0.04173827 0.0104314 0.9991517 0.03983908 0.002444326 0.999561 0.02952849 -0.05494511 0.9975926 -0.04230934 -0.04021584 0.9989053 -0.02389538 -0.0124858 0.999617 0.02470201 -0.07236975 0.9945934 -0.07447618 0.0317806 0.9972034 0.06764298 0.05842459 0.9937756 0.09485089 -0.01117801 0.9998587 0.01255917 0.02510511 0.9978838 0.05998128 -0.562945 0.001375138 -0.8264933 -0.652159 6.55078e-7 -0.7580822 -0.562867 -4.53091e-7 -0.8265475 -0.7321079 -1.15219e-6 -0.6811887 -0.7336382 1.91579e-6 -0.6795402 -0.8646713 1.52664e-5 -0.5023382 -0.866689 -8.71646e-7 -0.4988487 -0.9545564 -5.44813e-7 -0.2980303 -0.955861 1.79073e-7 -0.2938196 -0.9968628 -9.85063e-6 -0.07914924 -0.9972535 -7.41824e-7 -0.07406485 -0.9896385 -1.96646e-5 0.143582 -0.9887409 -2.20415e-6 0.1496378 -0.9329606 -8.7393e-6 0.3599786 -0.9307677 7.01741e-6 0.3656112 -0.830138 -2.14636e-5 0.557558 -0.8260849 6.82768e-5 0.5635459 -0.685502 2.00609e-5 0.7280707 -0.6802062 7.29651e-5 0.7330209 -0.5074699 -1.54323e-5 0.8616695 -0.5000988 1.18618e-5 0.8659685 -0.3041046 -9.97902e-6 0.9526387 -0.2951872 4.43051e-6 0.9554395 -0.08515679 -9.88468e-6 0.9963676 -0.07483476 4.32985e-7 0.997196 0.1380667 -5.22399e-6 0.990423 0.148796 -5.22203e-7 0.988868 0.3537875 -2.44786e-6 0.9353258 0.3645381 5.80665e-6 0.9311885 0.4614069 -5.54505e-6 0.8871887 0.5627694 -0.001196205 0.8266131 0.56287 -4.09153e-7 0.8265455 -0.8613351 -7.59901e-7 0.5080372 -0.7685037 -2.4385e-6 0.6398454 -0.7685039 1.32225e-6 0.639845 -0.861338 -1.84227e-7 0.5080323 -0.9521728 -5.6482e-6 0.3055602 -0.9521723 -5.07644e-7 0.3055616 -0.9911589 -1.75336e-7 0.1326806 -0.9911585 -2.22112e-7 0.1326839 -0.9996973 0 -0.02460724 -0.9996972 -1.52002e-7 -0.02460724 -0.9836452 0 -0.1801168 -0.9836719 0 -0.1799714 -0.9379978 -6.22182e-7 -0.3466414 -0.9380165 5.63014e-7 -0.3465905 -0.8860827 -2.76331e-6 -0.4635273 -0.8860826 3.2481e-6 -0.4635274 -0.03880465 -0.9986539 -0.03441989 -0.1630928 -0.9095136 -0.3823424 -0.1306124 -0.9583996 -0.2537927 -0.1402817 -0.9394094 -0.3127796 -0.07237386 -0.9940212 -0.0817551 -0.08498996 -0.9815098 -0.1715085 -0.11907 -0.9555031 -0.2698819 -0.08658617 -0.990888 -0.1031696 -0.122733 -0.960284 -0.2505818 -0.06811308 -0.9946243 -0.07799535 -0.2173762 -0.972514 -0.08345186 -0.05507802 -0.9975844 -0.04233157 -0.2956955 -0.9526598 -0.07073587 -0.07245182 -0.9946713 -0.07334846 -0.3216768 -0.9424053 -0.09163177 -0.3591077 -0.9293845 -0.08535915 -0.3867879 -0.9165933 -0.1012526 -0.2161509 -0.9729413 -0.08163273 -0.06713396 -0.9952733 -0.07017272 -0.06346708 -0.995915 -0.06422787 -0.2386775 -0.9656944 -0.1023102 -0.08119744 -0.9919995 -0.09666466 -0.01340043 -0.9998976 0.005025684 -0.03880947 -0.9986538 -0.03441989 -0.08497232 -0.9815075 -0.1715307 -0.119063 -0.9554992 -0.2698986 -0.1227293 -0.9602832 -0.2505864 -0.04264563 -0.9982574 -0.0407862 -0.0681042 -0.9946263 -0.07797789 0.003495812 -0.9995273 0.03054445 -0.02543145 -0.9995849 -0.01354175 -0.02147507 -0.9997448 -0.007009148 0.01148802 -0.9990769 0.0413953 -0.0222615 -0.9997244 -0.007462084 0.009684741 -0.999202 0.03875082 -0.02930486 -0.9994307 -0.01672309 0.001684248 -0.9995898 0.02859061 -0.01012939 -0.9998521 0.01390671 -0.04229962 -0.9985136 -0.03437137 -0.02389854 -0.999709 -0.003308176 -0.2957974 -0.9526317 -0.07069003 -0.05507254 -0.9975844 -0.04233872 -0.04033017 -0.9989016 -0.02385431 -0.3591307 -0.9293745 -0.0853706 -0.05262821 -0.9974361 -0.04849427 -0.2161473 -0.9729566 -0.08146023 -0.0634728 -0.9959143 -0.06423467 0.05122911 -0.9968113 0.06118005 0.08694362 -0.9916426 0.09531986 0.05843085 -0.9937738 0.09486567 -0.01201087 -0.9996005 0.02558612 0.0248003 -0.9993743 0.02521717 -0.01576423 -0.9985634 -0.05121111 -0.07243525 -0.994674 -0.07332795 -0.07271218 -0.9944379 -0.07619881 -0.05302661 -0.9883422 -0.1427168 0.9614585 1.71782e-6 -0.27495 0.9780054 2.6077e-7 -0.2085797 0.9464287 5.37746e-6 -0.3229131 0.9780055 8.75318e-7 -0.2085792 0.9780101 2.94381e-6 -0.2085575 0.9780057 2.35625e-7 -0.2085788 0.9614667 5.76279e-6 -0.2749215 0.9335531 1.38069e-6 -0.3584393 0.8501955 6.34976e-6 -0.5264673 0.7699204 -1.11237e-5 -0.63814 0.6478373 2.26509e-7 -0.7617788 0.8366045 -1.57324e-6 -0.5478075 0.9037287 -8.44244e-7 -0.4281058 0.8991174 3.44869e-6 -0.4377077 0.8782149 1.2625e-5 -0.4782662 0.878267 -3.17864e-6 -0.4781706 0.9132532 4.67245e-6 -0.4073926 0.8302065 8.50123e-6 -0.5574561 0.6478262 1.09524e-6 -0.7617883 0.8502119 2.08057e-6 -0.5264407 0.8366052 -3.77856e-5 -0.5478063 0.8947917 -3.97675e-6 -0.4464839 0.7700456 -1.10552e-4 -0.6379889 0.8782157 2.27283e-6 -0.4782647 0.8991644 1.09498e-5 -0.4376112 0.4819686 -0.8180989 0.3137205 0.556988 -0.7138959 0.4244021 0.4249879 -0.8528349 0.3034108 0.46554 -0.8365535 0.2888785 0.4703007 -0.8311904 0.2965466 0.5856775 -0.6951624 0.4168106 0.6893197 -0.510601 0.5139311 0.7888052 -0.08680313 0.6084831 0.7917986 -0.08980715 0.6041437 0.6669594 -0.5337803 0.5198498 0.742155 -0.3408143 0.5771062 0.7815423 -0.1725099 0.5995265 0.5140371 -0.8043117 0.2980747 0.6922448 -0.5292087 0.490648 0.6826114 -0.5207179 0.5127325 0.7482834 -0.3311837 0.5747951 0.7807587 -0.1648085 0.6027058 0.5893599 0.08768755 0.8030976 0.5893599 -0.08768784 0.8030976 0.635667 -0.09059947 0.7666285 0.6356574 0.09068202 0.7666267 0.6925648 -1.92318e-6 0.7213557 0.7917114 0.08979988 0.6042591 0.7917116 -0.08980041 0.604259 0.5407193 0.07971006 0.837418 0.5456041 -0.07948261 0.8342654 0.5660049 0.08178663 0.8203349 0.506783 -0.08631205 0.857742 0.5091138 -0.009397864 0.8606479 0.5086534 0.03789728 0.8601369 0.5067065 0.08629417 0.8577889 0.5795979 5.06313e-6 0.8149027 0.5893614 0.08768415 0.8030968 0.5893543 -0.08772259 0.803098 -0.6068556 4.25614e-7 0.7948122 -0.4664233 -9.94653e-6 0.8845616 -0.6068453 -1.84798e-6 0.7948201 -0.4664325 -1.98763e-5 0.8845568 -0.7685153 -7.52602e-6 0.6398314 -0.7685157 6.31894e-6 0.6398311 -0.1519487 -5.93718e-7 0.9883884 -0.02665591 -7.99447e-6 0.9996448 -0.04765719 -1.29677e-5 0.9988638 -0.07460659 5.80586e-6 0.9972131 -0.1174802 -3.52971e-7 0.9930753 -0.2090428 1.04085e-5 0.9779066 -0.320071 1.4022e-5 0.9473936 -0.15112 -2.00421e-6 0.9885154 0.003584086 -2.11946e-6 0.9999936 0.002226829 -2.90573e-7 0.9999976 -0.003966689 -7.82311e-6 0.9999922 -0.01328688 2.10479e-7 0.9999117 -0.1511346 6.53788e-7 0.9885133 -0.01336783 -4.02331e-6 0.9999107 -0.003944277 2.06288e-7 0.9999922 -0.02663034 -2.75113e-6 0.9996454 -0.0475673 4.83356e-6 0.9988681 -0.07468813 1.50688e-5 0.9972069 -0.1174863 -2.54717e-7 0.9930745 -0.2090386 -1.30534e-5 0.9779074 -0.3200855 4.93228e-6 0.9473887 8.8132e-4 -0.9996889 0.02492654 0.01728951 -0.9986746 0.04847937 0.003741145 -0.9995941 0.02824479 0.002825558 -0.9996047 0.0279746 0.004273474 -0.9995329 0.0302636 0.06733942 -0.9893445 0.1290849 -0.00157535 -0.9997655 0.02159982 -0.008418679 -0.9999068 0.01075381 0.00507462 -0.9994875 0.03160911 -0.004264354 -0.9998443 0.01712679 0.005272805 -0.9994716 0.03207576 0.005156219 -0.9994773 0.03191387 -0.007355272 -0.9998922 0.01271206 -0.01985818 -0.9997853 -0.00591576 0.004875421 -0.9994918 0.03150087 -0.01029878 -0.9999142 0.00810337 0.003835797 -0.9995437 0.02996426 -0.01341098 -0.9999038 0.003571212 -0.03237807 -0.9991894 -0.02392077 -0.01634722 -0.9998662 -7.27565e-4 -0.01887339 -0.9998121 -0.004443526 -0.04515463 -0.9980831 -0.0423246 -0.02084761 -0.9997557 -0.00734198 -0.02213788 -0.9997123 -0.009238123 -0.05707663 -0.9965872 -0.05963546 -0.02247804 -0.9997 -0.00973314 -0.06600886 -0.9951733 -0.07261544 -0.02219671 -0.9997103 -0.00932306 -0.02258127 -0.9996961 -0.00988996 -0.07235217 -0.9940244 -0.08173638 -0.02087408 -0.9997534 -0.007587432 -0.01905083 -0.9998075 -0.004710793 0.06283122 -0.9909791 0.1183751 2.44386e-4 -0.9996994 0.02451413 -0.002189338 -0.9997826 0.02073764 0.002233982 -0.9996157 0.02762889 -0.03890204 -0.9986513 -0.03438341 -0.01656818 -0.9998622 -0.00105971 -0.01383072 -0.9998995 0.003117382 -0.01079493 -0.999913 0.007590413 -0.007764995 -0.9998957 0.01218569 -0.004893779 -0.9998496 0.01663756 -0.01334834 -0.999898 0.005096316 0.003556847 -0.9995245 0.03062915 0.05562651 -0.9931421 0.102832 0.01161843 -0.9990677 0.04157853 0.009753048 -0.9991978 0.03884279 0.001694023 -0.9995894 0.02860486 -0.05493843 -0.9975929 -0.04231131 -0.01174557 -0.999608 0.02541249 -0.0402351 -0.9989043 -0.02390384 -0.07245558 -0.9946714 -0.07334196 0.03137302 -0.9972455 0.06720989 0.058425 -0.9937751 0.09485614 -0.009949862 -0.9998523 0.01401507 -0.0237677 -0.9997122 -0.003287553 0.02570158 -0.9978274 0.06066411 0.1466813 -0.979836 0.1356693 0.1869603 -0.9675322 0.1700806 0.1764561 -0.9670297 0.1836217 0.1154721 -0.9867516 0.1139628 0.0584408 -0.9937729 0.09486997 0.14649 -0.9799637 0.1349514 0.08686155 -0.9916581 0.09523284 0.4251626 -0.8527836 0.3033098 0.5570285 -0.7139301 0.4242914 0.3517408 -0.8895221 0.2915971 0.5907045 -0.2939968 0.7514215 0.6356539 -0.09068787 0.7666289 0.5893436 -0.08779627 0.8030978 0.5528388 -0.4401124 0.7075806 0.5013341 -0.607914 0.6157147 0.5834721 -0.227207 0.7797034 0.5879982 -0.1368954 0.7971938 0.5164339 -0.5989885 0.6119713 0.3443751 -0.8589919 0.3788651 0.2885813 -0.9056618 0.3106407 0.4076724 -0.7816842 0.4719884 0.2366852 -0.9459739 0.2216154 0.5343397 -0.5916844 0.6036479 0.5685588 -0.535598 0.6244003 0.6700205 -0.2644597 0.693638 0.741628 -0.340807 0.5777877 0.7811955 -0.1725095 0.5999786 0.7917075 -0.08980286 0.6042637 0.4715144 -0.7302719 0.4943453 0.2907499 -0.9197467 0.2636865 0.5936152 -0.5391834 0.597413 0.6668342 -0.5338153 0.5199744 0.3558095 -0.8542767 0.3789605 0.3928305 -0.8191113 0.4180203 0.2615041 -0.8552198 0.4474539 0.3894986 -0.632695 0.669319 0.3237264 -0.7616202 0.5613697 0.2290665 -0.8898923 0.3944872 0.2000776 -0.9162911 0.3469579 0.1660395 -0.9421167 0.2912855 0.2317503 -0.8827386 0.4087351 0.1658406 -0.940196 0.2975372 0.1097646 -0.9732792 0.2016916 0.2117775 -0.9075226 0.3627024 0.3010101 -0.804619 0.5118409 0.1896029 -0.9259437 0.3266177 0.1708894 -0.9397715 0.296018 0.1558619 -0.9496809 0.2716864 0.1402178 -0.9590653 0.2460343 0.118723 -0.9701846 0.2112979 0.06728148 -0.9893593 0.1290016 0.06275558 -0.9909967 0.1182685 0.1414495 -0.9609773 0.2377282 0.0554856 -0.993153 0.1028035 0.2326282 -0.8986155 0.3719869 0.5474901 -0.2755901 0.7901296 0.5892744 -0.08779621 0.8031486 0.5455873 -0.07990729 0.8342358 0.08036661 -0.987747 0.1337808 0.05842453 -0.9937745 0.09486269 0.1755775 -0.9670978 0.1841042 0.1036018 -0.9806961 0.1658375 0.4833261 -0.3161755 0.8163511 0.5066879 -0.08638149 0.8577912 0.4995948 -0.1815961 0.8470112 0.47963 -0.3246857 0.8151897 0.4399777 -0.491935 0.7512786 0.4350935 -0.5184941 0.7361096 0.4679028 -0.3979995 0.7890903 0.4864954 -0.3364962 0.8062831 0.438752 -0.5216259 0.7317125 0.3528845 -0.7355884 0.5782579 0.5130783 -0.223308 0.8287847 0.1568521 -0.9501162 0.2695863 0.4990558 -0.3614798 0.7875759 0.1422609 -0.9590831 0.2447887 0.4253855 -0.6012994 0.6763774 0.2388927 -0.8887097 0.3913124 0.1679902 -0.9438784 0.2843816 0.459878 -0.5196005 0.7200886 0.3313292 -0.7823403 0.5274132 0.3853719 -0.6969138 0.6048137 0.3306011 -0.7869332 0.5209981 0.4636055 -0.526567 0.7125989 0.4954189 -0.443844 0.7467013 0.4114086 -0.6585703 0.6301017 0.5147426 -0.3868005 0.7651311 0.4434515 -0.6116945 0.6551188 0.2935548 -0.8442875 0.448335 0.1456969 -0.9599847 0.2391691 0.3190611 -0.8184919 0.4777774 0.1159349 -0.9742947 0.1931554 0.3329304 -0.8038036 0.4930082 0.1464675 -0.9630329 0.2260865 0.3792001 -0.7515646 0.5397759 0.07120716 -0.9895986 0.1249976 0.2790864 -0.8808196 0.3824494 0.1260058 -0.9722092 0.1973116 0.2881127 -0.9056958 0.3109763 0.4075846 -0.7816814 0.4720689 0.5142361 -0.3301318 0.7915644 0.2505897 -0.883691 0.3953416 0.1402642 -0.9637957 0.2267683 0.5499362 -0.3279883 0.7681106 0.5520836 -0.356585 0.7536914 0.5532391 -0.4401039 0.707273 0.5838752 -0.2271001 0.7794327 0.5881646 -0.1367967 0.7970879 0.5351313 -0.4271891 0.7287963 0.501468 -0.607912 0.6156078 0.5628714 3.13204e-6 0.8265446 0.6562424 2.60417e-5 0.7545502 0.5628669 -3.72904e-6 0.8265476 0.7328215 -3.03963e-5 0.680421 0.7405186 1.2934e-6 0.6720359 0.8655213 -9.00577e-5 0.5008722 0.8706957 9.39543e-5 0.4918222 0.9552807 -8.60499e-5 0.2957006 0.9581442 8.86447e-5 0.2862861 0.9971451 -7.88106e-5 0.0755093 0.9977687 7.737e-5 0.06676715 0.9889769 -7.3921e-5 -0.1480701 0.9877644 6.87165e-5 -0.1559537 0.9313628 -7.00844e-5 -0.3640927 0.9286248 6.3768e-5 -0.3710204 0.8269385 -6.49408e-5 -0.5622926 0.8228737 -9.39897e-6 -0.5682245 0.680781 4.88629e-6 -0.732487 0.6767204 -1.97314e-5 -0.7362402 0.5013257 -5.78398e-6 -0.8652588 0.4964378 2.61249e-6 -0.8680723 0.2961935 -2.68785e-6 -0.955128 0.2920491 4.04655e-5 -0.9564034 0.0764265 -5.62256e-6 -0.9970752 0.0727216 3.9886e-5 -0.9973523 -0.1471156 -7.06897e-6 -0.9891194 -0.1505763 2.45803e-5 -0.9885984 -0.3638786 1.2026e-6 -0.9314464 -0.3654723 -3.83018e-5 -0.9308222 -0.466542 4.8229e-7 -0.8844991 -0.5628492 -1.16031e-6 -0.8265596 -0.5628748 2.04714e-6 -0.8265423 -0.1719151 4.62495e-6 -0.9851118 -0.3171958 3.04193e-7 -0.9483601 -0.1718908 3.92882e-6 -0.9851161 -0.3172965 1.09058e-6 -0.9483265 -0.4551021 4.56581e-7 -0.8904393 -0.4556403 8.9244e-7 -0.890164 -0.584147 -3.38565e-6 -0.8116479 -0.5841735 5.08968e-7 -0.8116289 -0.6848368 0 -0.7286965 -0.7159455 0 -0.6981562 -0.7743312 1.75262e-5 -0.6327806 -0.7880751 1.98939e-6 -0.6155793 -0.8510567 4.16301e-7 -0.525074 -0.851058 -3.63951e-7 -0.5250718 0.949393 -3.49316e-7 0.3140907 0.9493919 0 0.3140941 0.507834 6.93833e-7 -0.861455 0.5078322 0 -0.861456 0.6078426 6.18631e-7 -0.7940575 0.6078739 1.26427e-7 -0.7940337 0.7042561 4.91049e-7 -0.7099462 0.7042516 4.48897e-7 -0.7099505 0.5285513 0.04900908 -0.8474855 0.3517081 -0.02459543 -0.9357866 0.5285536 -0.04861319 -0.847507 0.3517065 0.02502208 -0.9357759 0.6844329 0.07130241 -0.7255808 0.6844159 -0.07140374 -0.725587 0.999856 -0.01026707 -0.01351141 0.1743462 0.01343172 -0.9845928 0.1608424 4.36779e-6 -0.9869801 0.3517054 -0.02509397 -0.9357744 0.1608482 1.13761e-6 -0.9869793 0.1253188 7.48783e-7 -0.9921166 0.2682034 -0.0648812 -0.961175 0.3794905 -0.1686097 -0.909702 0.4298182 -0.4160955 -0.8013244 0.2848083 -0.4942757 -0.8213257 0.2419848 -0.5244711 -0.816317 0.3096482 -0.4738836 -0.8243496 0.3340069 -0.4510425 -0.8276473 0.3542735 -0.4289268 -0.8309707 0.3686992 -0.4103341 -0.8340785 0.3785391 -0.3952129 -0.8369677 0.383947 -0.3856511 -0.8389624 0.3879306 -0.3768203 -0.8411398 0.5285449 -0.04920297 -0.8474783 0.6023285 -0.2381942 -0.7618818 0.6844305 -0.07149726 -0.725564 0.1893985 -0.554912 -0.8100624 0.1417505 -0.576669 -0.8045866 0.2245848 -6.54383e-7 0.9744547 0.09880977 -8.41972e-7 0.9951063 0.09880566 -6.6593e-7 0.9951068 0.2245877 -8.48376e-7 0.9744539 0.3467443 -6.33731e-7 0.9379597 0.3467452 -8.48334e-7 0.9379594 0.4632803 -6.40821e-7 0.8862119 0.4632803 -8.54296e-7 0.8862118 0.9782343 -6.13928e-6 -0.2075039 0.8826318 -0.4307527 -0.1881841 0.8760894 -0.4445002 -0.1867805 0.8473526 -0.4993422 -0.1806961 0.7409024 -0.6527621 -0.1580041 0.8013534 -0.5732255 -0.1710126 0.542435 -0.8320925 -0.1156987 0.3046087 -0.9502647 -0.06488978 0.6915761 -0.7070966 -0.1474347 -7.80821e-6 -1 8.65758e-6 0.698912 -0.7071315 -0.1071776 -1.33216e-5 -1 7.37607e-6 0.9983054 2.13683e-5 -0.05819106 0.7048931 -0.7071218 -0.05571901 0.7067924 -0.7070888 -0.02167874 1.44035e-4 -1 4.0764e-5 0.9991973 1.24276e-5 0.04005998 0.7070337 -0.7070608 0.01298046 0.7037602 -0.7071069 0.06871271 -3.44515e-5 -1 -3.30694e-5 0.9885742 -1.88202e-5 0.1507356 0.6020705 -0.7927756 0.09496295 0.2869854 -0.956811 0.04639339 0.1680683 -0.985402 0.02713078 0.08403521 -0.9963729 0.01338231 0.539193 -0.8377742 0.08605355 0.6721065 -0.7324836 0.1083542 0.5513948 -0.8294663 0.08916044 0.4160849 -0.9068239 0.06740796 0.6986406 -0.7070953 0.1091681 0.9617159 -0.2294957 0.1497805 0.8783357 -0.4573638 0.139086 0.7641891 -0.6332517 0.1225052 0.639752 -0.7618983 0.1011357 0.8672227 0.4622989 -0.1849446 0.7707882 0.6155301 -0.1643422 0.9780316 3.8743e-6 -0.2084565 0.8847374 0.4262124 -0.1886339 0.8760423 0.4446195 -0.1867173 0.7060745 0.7070948 0.03841686 0.9885734 -1.82688e-5 0.1507399 0.9998018 1.13249e-5 -0.01991057 0.5232931 0.8480838 0.08317565 1.94684e-5 1 -2.563e-6 0.2184209 0.97522 0.03519052 0.349765 0.9351333 0.05648261 0.4748438 0.876705 0.07688748 0.5809001 0.8085482 0.09383511 0.5936829 0.7992095 0.09383374 0.6769023 0.7279463 0.1090761 0.6469402 0.7557251 0.1017258 0.7605544 0.6377136 0.1219778 0.6986202 0.7071087 0.1092113 0.8306741 0.5407896 0.1323909 0.9030845 0.4051413 0.1424752 0.9570168 0.2488361 0.1489945 0.9806102 0.1244496 0.1513802 0.7041733 0.7063873 0.07181203 0.001787185 0.9999985 1.11334e-4 0.7077268 0.7063814 0.0121783 1.21683e-4 1 2.90046e-5 0.7068111 0.7070726 -0.02159482 0.7050321 0.7070692 -0.05461657 0.9933289 -6.25849e-6 -0.1153155 0.6977793 0.7071023 -0.1145012 -1.90735e-5 1 1.65403e-5 0.6915709 0.7071021 -0.1474328 0.3385703 0.9381675 -0.07219409 0.812067 0.5573018 -0.1730949 0.5950077 0.7936369 -0.1269116 0.9614805 -6.28061e-7 -0.2748733 0.9808626 -1.82306e-6 -0.1947014 0.9614955 0 -0.2748207 0.9848744 3.03249e-6 -0.17327 0.9934642 -2.14088e-7 -0.1141437 0.9974708 1.09593e-5 -0.07107818 0.9994723 -1.4992e-6 0.03248369 0.9980518 -5.30621e-7 0.06239032 0.9843298 -6.54953e-7 0.1763371 0.9776965 0 0.2100226 0.9477511 6.45174e-7 0.3190112 0.9422021 -8.23027e-7 0.335045 0.8888543 -7.54721e-7 0.45819 0.8888706 -7.54714e-7 0.4581584 0.7773517 -2.35682e-7 0.6290664 0.7773594 -6.72141e-7 0.6290568 0.6334899 -4.53748e-7 0.773751 0.6334982 -6.6569e-7 0.7737442 0.4632585 -9.82252e-7 0.8862232 0.4632487 -6.7629e-7 0.8862284</float_array>
          <technique_common>
            <accessor source="#¾µв4_4_1-mesh-normals-array" count="1435" stride="3">
              <param name="X" type="float"/>
              <param name="Y" type="float"/>
              <param name="Z" type="float"/>
            </accessor>
          </technique_common>
        </source>
        <vertices id="¾µв4_4_1-mesh-vertices">
          <input semantic="POSITION" source="#¾µв4_4_1-mesh-positions"/>
        </vertices>
        <triangles material="black_plastic-material" count="1598">
          <input semantic="VERTEX" source="#¾µв4_4_1-mesh-vertices" offset="0"/>
          <input semantic="NORMAL" source="#¾µв4_4_1-mesh-normals" offset="1"/>
          <p>3 0 15 1 2 2 3 0 16 3 15 1 4 4 17 5 16 3 4 4 16 3 3 0 5 6 18 7 17 5 5 6 17 5 4 4 6 8 19 9 18 7 6 8 18 7 5 6 7 10 20 11 19 9 7 10 21 12 20 11 7 10 19 9 6 8 8 13 22 14 21 12 8 13 21 12 7 10 9 15 22 14 8 13 10 16 23 17 22 14 10 16 22 14 9 15 11 18 24 19 23 17 11 18 23 17 10 16 12 20 25 21 24 19 12 20 26 22 25 21 12 20 24 19 11 18 13 23 26 22 12 20 14 24 27 25 26 22 14 24 26 22 13 23 1 26 0 27 27 25 1 26 27 25 14 24 76 28 43 28 42 28 75 29 42 29 41 29 75 30 76 30 42 30 77 31 44 31 43 31 77 32 43 32 76 32 74 33 41 33 40 33 74 34 75 34 41 34 78 35 32 35 44 35 78 36 44 36 77 36 73 37 40 37 39 37 73 38 74 38 40 38 53 39 33 39 32 39 53 40 32 40 78 40 72 41 39 41 38 41 72 34 73 34 39 34 54 42 34 42 33 42 54 43 33 43 53 43 71 44 38 44 37 44 71 45 72 45 38 45 55 46 28 46 34 46 55 47 34 47 54 47 70 34 37 34 36 34 70 48 71 48 37 48 56 49 28 49 55 49 69 50 70 50 36 50 35 51 69 51 36 51 29 52 28 52 56 52 29 53 56 53 57 53 68 54 69 54 35 54 58 55 29 55 57 55 67 56 68 56 35 56 59 57 29 57 58 57 30 58 29 58 59 58 30 59 59 59 60 59 47 60 67 60 35 60 47 61 64 61 65 61 47 62 65 62 66 62 47 63 66 63 67 63 49 64 31 64 30 64 49 65 30 65 60 65 49 66 51 66 31 66 49 67 52 67 51 67 49 68 48 68 52 68 49 69 60 69 61 69 49 70 61 70 62 70 49 71 62 71 63 71 50 72 47 72 46 72 50 73 64 73 47 73 50 74 63 74 64 74 50 75 49 75 63 75 45 76 50 76 46 76 80 77 102 78 79 79 92 80 91 81 101 82 92 80 101 82 102 78 92 80 102 78 80 77 93 83 80 77 81 84 93 83 92 80 80 77 94 85 81 84 82 86 94 85 93 83 81 84 95 87 82 86 83 88 95 87 94 85 82 86 96 89 83 88 84 90 96 89 95 87 83 88 97 91 84 90 85 92 97 91 96 89 84 90 98 93 85 92 86 94 98 93 97 91 85 92 99 95 86 94 87 96 99 95 87 96 88 97 99 95 98 93 86 94 100 98 99 95 88 97 90 99 88 97 89 100 90 99 100 98 88 97 138 101 123 101 124 101 137 102 122 102 123 102 137 103 123 103 138 103 139 104 124 104 125 104 139 105 138 105 124 105 136 106 121 106 122 106 136 107 122 107 137 107 140 108 125 108 113 108 140 109 139 109 125 109 135 110 120 110 121 110 135 111 121 111 136 111 141 112 113 112 114 112 141 113 140 113 113 113 134 114 119 114 120 114 134 107 120 107 135 107 142 115 114 115 115 115 142 116 141 116 114 116 133 117 118 117 119 117 133 118 119 118 134 118 143 119 115 119 112 119 143 120 142 120 115 120 132 121 117 121 118 121 132 122 118 122 133 122 144 123 143 123 112 123 131 124 117 124 132 124 116 125 117 125 131 125 111 126 144 126 112 126 111 127 145 127 144 127 130 128 116 128 131 128 146 129 145 129 111 129 147 130 146 130 111 130 110 131 147 131 111 131 110 132 148 132 147 132 126 133 116 133 130 133 126 134 129 134 128 134 126 135 130 135 129 135 126 136 128 136 153 136 127 137 126 137 153 137 127 138 153 138 152 138 105 139 107 139 106 139 105 140 108 140 107 140 105 141 109 141 108 141 105 142 110 142 109 142 105 143 148 143 110 143 105 144 149 144 148 144 104 145 149 145 105 145 104 146 150 146 149 146 104 147 151 147 150 147 104 148 152 148 151 148 104 149 127 149 152 149 103 150 127 150 104 150 160 151 155 152 154 153 160 151 154 153 156 154 161 155 156 154 157 156 161 155 157 156 158 157 161 155 160 151 156 154 159 158 161 155 158 157 163 159 176 160 162 161 163 159 177 162 176 160 164 163 178 164 177 162 164 163 179 165 178 164 164 163 177 162 163 159 165 166 179 165 164 163 166 167 180 168 179 165 166 167 179 165 165 166 167 169 181 170 180 168 167 169 180 168 166 167 168 171 182 172 181 170 168 171 181 170 167 169 169 173 183 174 182 172 169 173 182 172 168 171 170 175 184 176 183 174 170 175 185 177 184 176 170 175 183 174 169 173 171 178 185 177 170 175 172 179 186 180 185 177 172 179 185 177 171 178 173 181 187 182 186 180 173 181 186 180 172 179 174 183 188 184 187 182 174 183 187 182 173 181 175 185 189 186 188 184 175 185 188 184 174 183 206 187 208 188 205 189 210 190 206 187 207 191 210 190 208 188 206 187 209 192 210 190 207 191 203 193 207 191 204 194 203 193 209 192 207 191 202 195 190 196 209 192 202 195 209 192 203 193 191 197 190 196 202 195 192 198 191 197 202 195 193 199 192 198 202 195 194 200 193 199 202 195 195 201 194 200 202 195 196 202 195 201 202 195 197 203 196 202 202 195 201 204 200 205 202 195 200 205 199 206 202 195 199 206 198 207 202 195 198 207 197 203 202 195 212 208 213 209 214 210 215 211 211 212 212 208 215 211 228 213 211 212 215 211 212 208 214 210 216 214 226 215 227 216 216 214 227 216 228 213 216 214 228 213 215 211 217 217 225 218 226 215 217 217 226 215 216 214 218 219 224 220 225 218 218 219 225 218 217 217 219 221 224 220 218 219 220 222 223 223 224 220 220 222 224 220 219 221 221 224 222 225 223 223 221 224 223 223 220 222 232 226 234 227 233 228 231 229 235 230 234 227 231 229 234 227 232 226 230 231 235 230 231 229 236 232 235 230 230 231 237 233 236 232 230 231 229 234 237 233 230 231 240 235 238 236 241 237 239 238 238 236 240 235 247 239 245 240 246 241 244 242 245 240 247 239 243 243 242 244 244 242 243 243 244 242 247 239 249 245 248 246 260 247 259 248 250 249 249 245 259 248 249 245 260 247 258 250 251 251 250 249 258 250 250 249 259 248 257 252 252 253 251 251 257 252 251 251 258 250 256 254 253 255 252 253 256 254 252 253 257 252 255 256 254 257 253 255 255 256 253 255 256 254 262 258 264 259 263 260 262 258 261 261 264 259 270 262 272 263 271 264 270 262 273 265 272 263 270 262 274 266 273 265 266 267 275 268 274 266 266 267 274 266 270 262 267 269 266 267 270 262 268 270 267 269 270 262 269 271 268 270 270 262 277 272 266 267 265 273 277 272 276 274 275 268 277 272 265 273 276 274 277 272 275 268 266 267 288 275 295 276 294 277 289 278 296 279 295 276 289 278 295 276 288 275 290 280 278 281 296 279 290 280 296 279 289 278 291 282 279 283 278 281 291 282 278 281 290 280 286 284 281 285 280 286 285 287 286 284 280 286 284 288 285 287 280 286 292 289 280 286 279 283 292 289 279 283 291 282 283 290 280 286 292 289 283 290 284 288 280 286 282 291 283 290 292 289 297 292 287 293 288 275 297 292 293 294 287 293 297 292 294 277 293 294 297 292 288 275 294 277 298 295 301 296 300 297 298 295 299 298 301 296 308 299 304 300 305 301 306 302 308 299 305 301 309 303 308 299 306 302 307 304 309 303 306 302 310 305 309 303 307 304 302 306 307 304 303 307 302 306 310 305 307 304 314 308 318 309 315 310 319 311 318 309 314 308 313 312 319 311 314 308 320 313 319 311 313 312 321 314 313 312 312 315 321 314 320 313 313 312 317 316 312 315 311 317 317 316 321 314 312 315 316 318 321 314 317 316 323 319 334 320 333 321 323 319 322 322 334 320 324 323 333 321 332 324 324 323 323 319 333 321 325 325 332 324 331 326 325 325 324 323 332 324 326 327 331 326 330 328 326 327 325 325 331 326 327 329 330 328 329 330 327 329 326 327 330 328 328 331 327 329 329 330 361 332 348 333 347 334 362 335 341 336 340 337 362 335 340 337 348 333 362 335 348 333 361 332 363 338 341 336 362 335 364 339 342 340 341 336 364 339 343 341 342 340 364 339 344 342 343 341 364 339 345 343 344 342 364 339 341 336 363 338 365 344 362 335 361 332 365 344 363 338 362 335 366 345 365 344 361 332 367 346 363 338 365 344 368 347 364 339 363 338 368 347 363 338 367 346 369 348 338 349 339 350 369 348 339 350 345 343 369 348 364 339 368 347 369 348 345 343 364 339 370 351 366 345 371 352 372 353 349 354 350 355 373 356 352 357 353 358 374 359 353 358 354 360 374 359 373 356 353 358 375 361 376 362 377 363 375 361 373 356 374 359 378 364 375 361 374 359 378 364 374 359 354 360 379 365 375 361 378 364 379 365 376 362 375 361 380 366 376 362 379 365 380 366 379 365 378 364 381 367 376 362 380 366 382 368 378 364 354 360 382 368 381 367 380 366 382 368 380 366 378 364 383 369 376 362 381 367 383 369 381 367 382 368 384 370 383 369 382 368 384 370 357 371 358 372 384 370 358 372 359 373 385 374 357 371 384 370 385 374 384 370 382 368 385 374 354 360 355 375 385 374 355 375 356 376 385 374 356 376 357 371 385 374 382 368 354 360 386 377 383 369 384 370 386 377 384 370 359 373 387 378 335 379 336 380 387 378 359 373 360 381 387 378 386 377 359 373 387 378 360 381 335 379 388 382 347 334 346 383 388 382 346 383 349 354 388 382 361 332 347 334 389 384 361 332 388 382 389 384 388 382 349 354 389 384 366 345 361 332 390 385 389 384 349 354 390 385 349 354 372 353 390 385 372 353 371 352 391 386 366 345 389 384 391 386 389 384 390 385 391 386 390 385 371 352 391 386 371 352 366 345 392 387 368 347 367 346 392 387 369 348 368 347 392 387 365 344 366 345 392 387 367 346 365 344 393 388 392 387 394 389 393 388 369 348 392 387 393 388 338 349 369 348 395 390 394 389 392 387 395 390 392 387 366 345 395 390 366 345 370 351 396 391 395 390 370 351 397 392 370 351 371 352 398 393 397 392 371 352 398 393 371 352 372 353 399 394 337 395 338 349 399 394 370 351 397 392 399 394 338 349 396 391 399 394 396 391 370 351 400 396 397 392 398 393 401 397 399 394 397 392 401 397 397 392 400 396 402 398 398 393 372 353 403 399 402 398 372 353 403 399 377 363 376 362 404 400 402 398 403 399 404 400 403 399 376 362 405 401 350 355 351 402 405 401 351 402 352 357 405 401 372 353 350 355 405 401 403 399 372 353 405 401 377 363 403 399 405 401 352 357 373 356 405 401 375 361 377 363 405 401 373 356 375 361 406 403 404 400 376 362 407 404 336 380 337 395 407 404 337 395 406 403 407 404 406 403 376 362 408 405 376 362 383 369 408 405 383 369 386 377 408 405 387 378 336 380 408 405 386 377 387 378 408 405 336 380 407 404 408 405 407 404 376 362 409 406 394 389 395 390 409 406 393 388 394 389 409 406 338 349 393 388 409 406 396 391 338 349 409 406 395 390 396 391 410 407 398 393 402 398 410 407 400 396 398 393 411 408 400 396 410 407 411 408 337 395 399 394 411 408 401 397 400 396 411 408 399 394 401 397 412 409 411 408 410 407 412 409 402 398 404 400 412 409 410 407 402 398 412 409 406 403 337 395 412 409 404 400 406 403 412 409 337 395 411 408 417 410 419 411 418 412 416 413 420 414 419 411 416 413 419 411 417 410 416 413 415 415 414 416 416 413 414 416 413 417 416 413 413 417 421 418 416 413 421 418 420 414 436 419 433 420 434 421 436 419 434 421 435 422 422 423 432 424 433 420 422 423 433 420 436 419 423 425 431 426 432 424 423 425 432 424 422 423 425 427 431 426 423 425 426 428 423 425 424 429 426 428 425 427 423 425 428 430 430 431 429 432 427 433 424 429 430 431 427 433 426 428 424 429 427 433 430 431 428 430 437 434 453 435 452 436 437 434 454 437 453 435 437 434 455 438 454 437 451 439 437 434 452 436 446 440 438 441 437 434 446 440 439 442 438 441 446 440 451 439 445 443 446 440 437 434 451 439 447 444 440 445 439 442 447 444 439 442 446 440 448 446 441 447 440 445 448 446 440 445 447 444 449 448 442 449 441 447 449 448 441 447 448 446 450 450 443 451 442 449 450 450 442 449 449 448 444 452 443 451 450 450 460 453 468 454 467 455 460 453 461 456 468 454 459 457 467 455 466 458 459 457 460 453 467 455 462 459 464 460 463 461 462 459 465 462 464 460 462 459 466 458 465 462 462 459 459 457 466 458 458 463 459 457 462 459 457 464 458 463 462 459 456 465 457 464 462 459 471 466 470 467 469 468 471 466 472 469 470 467 473 470 479 471 480 472 474 473 480 472 481 474 474 473 473 470 480 472 475 475 474 473 481 474 477 476 481 474 482 477 477 476 482 477 478 478 477 476 475 475 481 474 476 479 475 475 477 476 484 480 483 481 491 482 485 483 491 482 490 484 485 483 484 480 491 482 486 485 488 486 487 487 486 485 489 488 488 486 486 485 490 484 489 488 486 485 485 483 490 484 492 489 513 490 514 491 515 492 492 489 514 491 508 493 493 494 492 489 508 493 515 492 507 495 508 493 492 489 515 492 509 496 494 497 493 494 509 496 493 494 508 493 510 498 495 499 494 497 510 498 494 497 509 496 511 500 496 501 495 499 511 500 495 499 510 498 512 502 497 503 496 501 512 502 496 501 511 500 505 504 498 505 497 503 505 504 497 503 512 502 506 506 499 507 498 505 506 506 498 505 505 504 504 508 500 509 499 507 503 510 504 508 499 507 502 511 499 507 506 506 502 511 503 510 499 507 501 512 502 511 506 506 542 513 520 514 519 515 542 513 519 515 522 516 542 513 543 517 520 514 544 518 542 513 522 516 545 519 522 516 523 520 545 519 523 520 524 521 545 519 524 521 525 522 545 519 525 522 526 523 545 519 544 518 522 516 546 524 542 513 544 518 546 524 543 517 542 513 547 525 543 517 546 524 548 526 546 524 544 518 549 527 544 518 545 519 549 527 548 526 544 518 550 528 526 523 527 529 550 528 527 529 528 530 550 528 549 527 545 519 550 528 545 519 526 523 551 531 552 532 547 525 553 533 517 534 516 535 554 536 539 537 540 538 555 539 538 540 539 537 555 539 539 537 554 536 556 541 555 539 554 536 556 541 557 542 558 543 559 544 538 540 555 539 559 544 555 539 556 541 560 545 559 544 556 541 560 545 556 541 558 543 561 546 538 540 559 544 561 546 559 544 560 545 562 547 561 546 560 545 563 548 561 546 562 547 564 549 561 546 563 548 565 550 538 540 561 546 565 550 535 551 536 552 565 550 536 552 537 553 565 550 537 553 538 540 566 554 565 550 561 546 566 554 561 546 564 549 566 554 535 551 565 550 566 554 533 555 534 556 566 554 534 556 535 551 567 557 566 554 564 549 567 557 530 558 531 559 567 557 531 559 532 560 567 557 532 560 533 555 567 557 533 555 566 554 568 561 516 535 518 562 568 561 521 563 520 514 568 561 518 562 521 563 568 561 520 514 543 517 569 564 568 561 543 517 569 564 516 535 568 561 570 565 516 535 569 564 570 565 553 533 516 535 570 565 552 532 553 533 571 566 569 564 543 517 571 566 552 532 570 565 571 566 543 517 547 525 571 566 570 565 569 564 571 566 547 525 552 532 572 567 548 526 549 527 572 567 549 527 550 528 572 567 546 524 548 526 573 568 574 569 572 567 573 568 550 528 528 530 573 568 572 567 550 528 575 570 572 567 574 569 575 570 546 524 572 567 575 570 547 525 546 524 575 570 551 531 547 525 576 571 551 531 575 570 577 572 552 532 551 531 578 573 552 532 577 572 578 573 553 533 552 532 579 574 528 530 529 575 579 574 576 571 528 530 579 574 551 531 576 571 579 574 577 572 551 531 580 576 578 573 577 572 581 577 577 572 579 574 581 577 580 576 577 572 582 578 553 533 578 573 583 579 553 533 582 578 583 579 557 542 553 533 584 580 540 538 541 581 584 580 541 581 517 534 584 580 517 534 553 533 584 580 554 536 540 538 584 580 556 541 554 536 584 580 553 533 557 542 584 580 557 542 556 541 585 582 583 579 582 578 586 583 557 542 583 579 586 583 583 579 585 582 586 583 558 543 557 542 587 584 586 583 585 582 588 585 529 575 530 558 588 585 587 584 529 575 588 585 558 543 586 583 588 585 586 583 587 584 589 586 588 585 530 558 589 586 558 543 588 585 590 587 562 547 560 545 590 587 560 545 558 543 590 587 563 548 562 547 590 587 564 549 563 548 590 587 558 543 589 586 591 588 567 557 564 549 591 588 530 558 567 557 591 588 589 586 530 558 591 588 564 549 590 587 591 588 590 587 589 586 592 589 574 569 573 568 592 589 575 570 574 569 592 589 573 568 528 530 592 589 528 530 576 571 592 589 576 571 575 570 593 590 582 578 578 573 593 590 578 573 580 576 594 591 579 574 529 575 594 591 581 577 579 574 594 591 593 590 580 576 594 591 580 576 581 577 595 592 594 591 529 575 595 592 593 590 594 591 595 592 582 578 593 590 595 592 529 575 587 584 595 592 585 582 582 578 595 592 587 584 585 582 600 593 596 594 598 595 600 593 598 595 599 596 610 597 597 598 596 594 610 597 611 599 612 600 610 597 612 600 597 598 610 597 596 594 600 593 609 601 600 593 601 602 609 601 610 597 600 593 608 603 609 601 601 602 607 604 601 602 602 605 607 604 608 603 601 602 606 606 602 605 603 607 606 606 607 604 602 605 605 608 603 607 604 609 605 608 606 606 603 607 623 610 618 611 624 612 617 613 618 611 623 610 622 614 617 613 623 610 616 615 617 613 622 614 615 616 622 614 621 617 615 616 616 615 622 614 614 618 621 617 620 619 614 618 615 616 621 617 619 620 614 618 620 619 613 621 614 618 619 620 630 622 628 623 627 624 630 622 629 625 628 623 631 626 626 627 625 628 631 626 627 624 626 627 631 626 630 622 627 624 632 629 631 626 633 630 633 630 631 626 625 628 650 631 648 632 649 633 647 634 650 631 651 635 647 634 648 632 650 631 646 636 651 635 652 637 646 636 647 634 651 635 645 638 652 637 634 639 645 638 646 636 652 637 644 640 634 639 635 641 644 640 645 638 634 639 643 642 635 641 636 643 643 642 644 640 635 641 642 644 636 643 637 645 642 644 643 642 636 643 641 646 637 645 638 647 641 646 642 644 637 645 640 648 638 647 639 649 640 648 641 646 638 647 661 650 654 651 653 652 661 650 653 652 662 653 660 654 654 651 661 650 659 655 654 651 660 654 658 656 655 657 654 651 658 656 654 651 659 655 657 658 656 659 655 657 657 658 655 657 658 656 664 660 670 661 669 662 664 660 669 662 663 663 665 664 670 661 664 660 666 665 668 666 670 661 666 665 670 661 665 664 667 667 668 666 666 665 672 668 685 669 684 670 673 671 685 669 672 668 675 672 673 671 674 673 675 672 677 674 685 669 675 672 685 669 673 671 676 675 677 674 675 672 692 676 694 677 691 678 695 679 679 680 678 681 695 679 680 682 679 680 695 679 681 683 680 682 695 679 678 681 687 684 696 685 681 683 695 679 697 686 671 687 672 668 697 686 682 688 681 683 697 686 683 689 682 688 697 686 684 670 683 689 697 686 672 668 684 670 697 686 681 683 696 685 698 690 695 679 687 684 698 690 696 685 695 679 699 691 687 684 686 692 699 691 686 692 688 693 700 694 687 684 699 691 700 694 698 690 687 684 701 695 694 677 693 696 701 695 698 690 700 694 702 697 688 693 689 698 702 697 689 698 690 699 702 697 690 699 691 678 702 697 699 691 688 693 702 697 694 677 701 695 702 697 700 694 699 691 702 697 701 695 700 694 702 697 691 678 694 677 703 700 693 696 671 687 703 700 696 685 698 690 703 700 697 686 696 685 703 700 698 690 701 695 703 700 701 695 693 696 703 700 671 687 697 686 717 701 706 702 705 703 717 701 707 704 706 702 717 701 708 705 707 704 717 701 709 706 708 705 714 707 718 708 713 709 716 710 714 707 715 711 716 710 718 708 714 707 719 712 705 703 704 713 719 712 704 713 710 714 719 712 718 708 717 701 719 712 717 701 705 703 720 715 710 714 711 716 720 715 711 716 712 717 720 715 712 717 713 709 720 715 719 712 710 714 720 715 718 708 719 712 720 715 713 709 718 708 727 718 721 719 722 720 728 721 721 719 727 718 726 722 729 723 728 721 726 722 728 721 727 718 725 724 730 725 729 723 725 724 729 723 726 722 724 726 731 727 730 725 724 726 730 725 725 724 723 728 731 727 724 726 736 729 734 730 735 731 737 732 733 733 734 730 737 732 734 730 736 729 738 734 732 735 733 733 738 734 733 733 737 732 739 736 732 735 738 734 745 737 732 735 739 736 740 738 739 736 744 739 740 738 745 737 739 736 741 740 743 741 742 742 741 740 744 739 743 741 741 740 740 738 744 739 756 743 751 744 752 745 750 746 751 744 756 743 755 747 750 746 756 743 749 748 750 746 755 747 754 749 749 748 755 747 748 750 749 748 754 749 753 751 748 750 754 749 747 752 748 750 753 751 746 753 747 752 753 751 762 754 758 755 757 756 762 754 759 757 758 755 761 758 760 759 759 757 761 758 759 757 762 754 786 760 772 761 787 762 788 763 773 764 772 761 788 763 774 765 773 764 788 763 775 766 774 765 788 763 772 761 786 760 789 767 787 762 790 768 789 767 786 760 787 762 791 769 786 760 789 767 792 770 786 760 791 769 793 771 788 763 786 760 793 771 786 760 792 770 794 772 764 773 763 774 794 772 763 774 775 766 794 772 775 766 788 763 794 772 788 763 793 771 795 775 765 776 764 773 796 777 777 778 778 779 796 777 778 779 779 780 797 781 796 777 779 780 798 782 779 780 780 783 798 782 780 783 781 784 798 782 781 784 782 785 798 782 799 786 800 787 798 782 797 781 779 780 798 782 801 788 797 781 798 782 800 787 801 788 802 789 803 790 804 791 802 789 765 776 803 790 805 792 766 793 765 776 805 792 765 776 802 789 806 794 768 795 767 796 806 794 769 797 768 795 807 798 770 799 769 797 807 798 771 800 770 799 807 798 769 797 806 794 808 801 807 798 806 794 809 802 772 761 771 800 809 802 807 798 808 801 809 802 771 800 807 798 809 802 790 768 787 762 809 802 787 762 772 761 810 803 808 801 806 794 810 803 806 794 767 796 811 804 808 801 810 803 811 804 809 802 808 801 811 804 790 768 809 802 811 804 810 803 812 805 811 804 812 805 789 767 811 804 789 767 790 768 813 806 767 796 776 807 813 806 812 805 810 803 813 806 810 803 767 796 814 808 812 805 813 806 814 808 813 806 776 807 815 809 764 773 794 772 815 809 793 771 792 770 815 809 789 767 812 805 815 809 791 769 789 767 815 809 792 770 791 769 815 809 794 772 793 771 816 810 812 805 814 808 816 810 817 811 812 805 818 812 815 809 812 805 818 812 764 773 815 809 819 813 818 812 812 805 819 813 764 773 818 812 819 813 795 775 764 773 819 813 812 805 817 811 819 813 817 811 795 775 820 814 814 808 776 807 820 814 816 810 814 808 821 815 817 811 816 810 821 815 816 810 820 814 821 815 795 775 817 811 822 816 821 815 820 814 823 817 795 775 821 815 823 817 822 816 824 818 823 817 821 815 822 816 823 817 825 819 795 775 826 820 824 818 827 821 826 820 823 817 824 818 826 820 825 819 823 817 826 820 828 822 825 819 829 823 776 807 777 778 829 823 827 821 776 807 829 823 826 820 827 821 829 823 828 822 826 820 830 824 828 822 829 823 830 824 829 823 777 778 831 825 828 822 830 824 831 825 803 790 828 822 832 826 830 824 777 778 832 826 831 825 830 824 833 827 765 776 795 775 833 827 803 790 765 776 833 827 795 775 825 819 834 828 804 791 803 790 834 828 831 825 832 826 834 828 803 790 831 825 835 829 834 828 832 826 835 829 804 791 834 828 835 829 832 826 777 778 836 830 777 778 796 777 836 830 835 829 777 778 836 830 796 777 797 781 836 830 804 791 835 829 836 830 797 781 801 788 836 830 801 788 800 787 837 831 800 787 799 786 837 831 804 791 836 830 837 831 836 830 800 787 838 832 799 786 798 782 838 832 837 831 799 786 838 832 804 791 837 831 838 832 802 789 804 791 839 833 805 792 802 789 839 833 785 834 766 793 839 833 766 793 805 792 839 833 802 789 838 832 839 833 838 832 798 782 840 835 839 833 798 782 840 835 782 785 783 836 840 835 783 836 784 837 840 835 784 837 785 834 840 835 798 782 782 785 840 835 785 834 839 833 841 838 820 814 776 807 841 838 822 816 820 814 841 838 824 818 822 816 841 838 776 807 827 821 841 838 827 821 824 818 842 839 803 790 833 827 842 839 825 819 828 822 842 839 833 827 825 819 842 839 828 822 803 790 878 840 847 841 846 842 878 840 846 842 879 843 880 844 846 842 853 845 880 844 879 843 846 842 877 846 848 847 847 841 877 846 847 841 878 840 881 848 880 844 853 845 882 849 881 848 853 845 876 850 848 847 877 846 883 851 882 849 853 845 875 852 849 853 848 847 875 852 848 847 876 850 884 854 883 851 853 845 874 855 849 853 875 852 885 856 884 854 853 845 873 857 850 858 849 853 873 857 849 853 874 855 872 859 850 858 873 857 871 860 850 858 872 859 851 861 850 858 871 860 870 862 851 861 871 860 869 863 851 861 870 862 852 864 851 861 869 863 852 864 869 863 868 865 845 866 852 864 868 865 845 866 868 865 897 867 844 868 845 866 897 867 844 868 895 869 894 870 844 868 896 871 895 869 844 868 897 867 896 871 854 872 886 873 885 856 854 872 887 874 886 873 854 872 888 875 887 874 854 872 885 856 853 845 843 876 888 875 854 872 843 876 844 868 894 870 843 876 889 877 888 875 843 876 890 878 889 877 843 876 891 879 890 878 843 876 892 880 891 879 843 876 893 881 892 880 843 876 894 870 893 881 867 882 843 876 854 872 866 883 867 882 854 872 855 884 865 885 866 883 855 884 866 883 854 872 864 886 865 885 855 884 863 887 864 886 855 884 862 888 863 887 855 884 859 889 860 890 857 891 858 892 859 889 857 891 898 893 855 884 856 894 898 893 861 895 862 888 898 893 862 888 855 884 899 896 861 895 898 893 899 896 856 894 857 891 899 896 860 890 861 895 899 896 857 891 860 890 899 896 898 893 856 894 902 897 931 898 917 899 903 900 930 901 931 898 903 900 931 898 902 897 904 902 929 903 930 901 904 902 930 901 903 900 905 904 928 905 929 903 905 904 929 903 904 902 906 906 927 907 928 905 906 906 928 905 905 904 907 908 926 909 927 907 907 908 927 907 906 906 908 910 925 911 926 909 908 910 926 909 907 908 909 912 924 913 925 911 909 912 925 911 908 910 910 914 923 915 924 913 910 914 924 913 909 912 911 916 922 917 923 915 911 916 923 915 910 914 912 918 921 919 922 917 912 918 922 917 911 916 913 920 920 921 921 919 913 920 921 919 912 918 914 922 919 923 920 921 914 922 920 921 913 920 915 924 918 925 919 923 915 924 919 923 914 922 916 926 900 927 918 925 916 926 918 925 915 924 901 928 900 927 916 926 942 929 933 930 932 931 942 929 932 931 934 932 942 929 934 932 935 933 943 934 935 933 936 935 943 934 942 929 935 933 944 936 943 934 936 935 945 937 936 935 937 938 945 937 944 936 936 935 946 939 937 938 938 940 946 939 945 937 937 938 947 941 938 940 939 942 947 941 939 942 940 943 947 941 946 939 938 940 941 944 947 941 940 943 953 945 950 946 949 947 953 945 951 948 950 946 953 945 952 949 951 948 954 950 953 945 949 947 955 951 949 947 948 952 955 951 954 950 949 947 956 953 955 951 948 952 957 954 956 953 948 952 962 955 969 956 968 957 962 955 963 958 969 956 961 959 968 957 967 960 961 959 962 955 968 957 960 961 967 960 966 962 960 961 961 959 967 960 964 963 966 962 965 964 959 965 966 962 964 963 959 965 960 961 966 962 958 966 959 965 964 963 994 967 990 968 991 969 994 967 991 969 992 970 994 967 992 970 993 971 989 972 993 971 988 973 989 972 994 967 993 971 970 974 994 967 989 972 982 975 970 974 989 972 983 976 971 977 970 974 983 976 970 974 982 975 984 978 972 979 971 977 984 978 971 977 983 976 985 980 973 981 972 979 985 980 974 982 973 981 985 980 972 979 984 978 986 983 975 984 974 982 986 983 974 982 985 980 981 985 977 986 976 987 980 988 981 985 976 987 987 989 976 987 975 984 987 989 975 984 986 983 979 990 976 987 987 989 979 990 980 988 976 987 978 991 979 990 987 989 997 992 998 993 999 994 997 992 999 994 1001 995 996 996 997 992 1001 995 995 997 1001 995 1000 998 995 997 1000 998 1002 999 995 997 996 996 1001 995 1003 1000 995 997 1002 999 1019 1001 1017 1002 1016 1003 1018 1004 1017 1002 1019 1001 1006 1005 1005 1006 1004 1007 1006 1005 1004 1007 1007 1008 1020 1009 1013 1010 1012 1011 1020 1009 1014 1012 1013 1010 1020 1009 1015 1013 1014 1012 1021 1014 1016 1003 1015 1013 1021 1014 1015 1013 1020 1009 1021 1014 1019 1001 1016 1003 1021 1014 1020 1009 1022 1015 1023 1016 1022 1015 1020 1009 1023 1016 1020 1009 1012 1011 1024 1017 1004 1007 1019 1001 1024 1017 1022 1015 1023 1016 1024 1017 1023 1016 1004 1007 1024 1017 1019 1001 1021 1014 1024 1017 1021 1014 1022 1015 1025 1018 1012 1011 1011 1019 1025 1018 1004 1007 1023 1016 1025 1018 1023 1016 1012 1011 1026 1020 1009 1021 1008 1022 1026 1020 1010 1023 1009 1021 1026 1020 1011 1019 1010 1023 1026 1020 1025 1018 1011 1019 1027 1024 1025 1018 1026 1020 1027 1024 1026 1020 1008 1022 1028 1025 1008 1022 1007 1008 1028 1025 1004 1007 1025 1018 1028 1025 1025 1018 1027 1024 1028 1025 1027 1024 1008 1022 1028 1025 1007 1008 1004 1007 1043 1026 1038 1027 1037 1028 1029 1029 1030 1030 1031 1031 1044 1032 1035 1033 1036 1034 1044 1032 1039 1035 1038 1027 1044 1032 1040 1036 1039 1035 1044 1032 1041 1037 1040 1036 1044 1032 1036 1034 1041 1037 1044 1032 1043 1026 1042 1038 1044 1032 1038 1027 1043 1026 1045 1039 1031 1031 1032 1040 1045 1039 1032 1040 1033 1041 1045 1039 1033 1041 1034 1042 1045 1039 1034 1042 1035 1033 1045 1039 1042 1038 1029 1029 1045 1039 1044 1032 1042 1038 1045 1039 1029 1029 1031 1031 1045 1039 1035 1033 1044 1032 1046 1043 1047 1044 1051 1045 1046 1043 1051 1045 1049 1046 1052 1047 1048 1048 1049 1046 1052 1047 1050 1049 1048 1048 1052 1047 1051 1045 1050 1049 1052 1047 1049 1046 1051 1045 1057 1050 1061 1051 1058 1052 1053 1053 1061 1051 1057 1050 1054 1054 1053 1053 1057 1050 1055 1055 1054 1054 1057 1050 1056 1056 1055 1055 1057 1050 1062 1057 1059 1058 1058 1052 1062 1057 1060 1059 1059 1058 1062 1057 1061 1051 1060 1059 1062 1057 1058 1052 1061 1051 1072 1060 1083 1061 1084 1062 1072 1060 1071 1063 1083 1061 1086 1064 1084 1062 1085 1065 1086 1064 1072 1060 1084 1062 1087 1066 1077 1067 1078 1068 1087 1066 1078 1068 1079 1069 1087 1066 1079 1069 1080 1070 1087 1066 1080 1070 1081 1071 1087 1066 1081 1071 1082 1072 1088 1073 1073 1074 1074 1075 1088 1073 1074 1075 1075 1076 1088 1073 1075 1076 1076 1077 1088 1073 1076 1077 1077 1067 1088 1073 1082 1072 1083 1061 1088 1073 1087 1066 1082 1072 1088 1073 1083 1061 1071 1063 1088 1073 1077 1067 1087 1066 1089 1078 1064 1079 1063 1080 1089 1078 1065 1081 1064 1079 1089 1078 1066 1082 1065 1081 1089 1078 1067 1083 1066 1082 1089 1078 1068 1084 1067 1083 1089 1078 1069 1085 1068 1084 1089 1078 1070 1086 1069 1085 1089 1078 1071 1063 1070 1086 1089 1078 1063 1080 1073 1074 1089 1078 1088 1073 1071 1063 1089 1078 1073 1074 1088 1073 1134 1087 1094 1088 1095 1089 1134 1087 1133 1090 1094 1088 1132 1091 1090 1092 1094 1088 1132 1091 1094 1088 1133 1090 1135 1093 1095 1089 1096 1094 1135 1093 1134 1087 1095 1089 1131 1095 1090 1092 1132 1091 1136 1096 1135 1093 1096 1094 1130 1097 1090 1092 1131 1095 1129 1098 1090 1092 1130 1097 1137 1099 1096 1094 1097 1100 1137 1099 1136 1096 1096 1094 1128 1101 1090 1092 1129 1098 1138 1102 1137 1099 1097 1100 1127 1103 1090 1092 1128 1101 1139 1104 1097 1100 1098 1105 1139 1104 1138 1102 1097 1100 1140 1106 1139 1104 1098 1105 1141 1107 1140 1106 1098 1105 1099 1108 1141 1107 1098 1105 1142 1109 1141 1107 1099 1108 1143 1110 1142 1109 1099 1108 1100 1111 1143 1110 1099 1108 1100 1111 1144 1112 1143 1110 1101 1113 1116 1114 1115 1115 1101 1113 1144 1112 1100 1111 1101 1113 1115 1115 1144 1112 1102 1116 1117 1117 1116 1114 1102 1116 1118 1118 1117 1117 1102 1116 1116 1114 1101 1113 1091 1119 1125 1120 1124 1121 1091 1119 1126 1122 1125 1120 1091 1119 1127 1103 1126 1122 1091 1119 1090 1092 1127 1103 1103 1123 1091 1119 1124 1121 1103 1123 1119 1124 1118 1118 1103 1123 1120 1125 1119 1124 1103 1123 1121 1126 1120 1125 1103 1123 1122 1127 1121 1126 1103 1123 1123 1128 1122 1127 1103 1123 1124 1121 1123 1128 1103 1123 1118 1118 1102 1116 1104 1129 1091 1119 1103 1123 1105 1130 1091 1119 1104 1129 1092 1131 1091 1119 1105 1130 1106 1132 1092 1131 1105 1130 1107 1133 1092 1131 1106 1132 1108 1134 1092 1131 1107 1133 1112 1135 1114 1136 1111 1137 1113 1138 1114 1136 1112 1135 1145 1139 1093 1140 1092 1131 1145 1139 1108 1134 1109 1141 1145 1139 1109 1141 1110 1142 1145 1139 1092 1131 1108 1134 1146 1143 1110 1142 1111 1137 1146 1143 1114 1136 1093 1140 1146 1143 1093 1140 1145 1139 1146 1143 1111 1137 1114 1136 1146 1143 1145 1139 1110 1142 1166 1144 1167 1145 1156 1146 1164 1147 1156 1146 1155 1148 1164 1147 1165 1149 1166 1144 1164 1147 1166 1144 1156 1146 1163 1150 1164 1147 1155 1148 1147 1151 1148 1152 1169 1153 1171 1154 1153 1155 1154 1156 1171 1154 1160 1157 1159 1158 1171 1154 1161 1159 1160 1157 1171 1154 1162 1160 1161 1159 1171 1154 1154 1156 1162 1160 1172 1161 1171 1154 1159 1158 1173 1162 1157 1163 1156 1146 1173 1162 1158 1164 1157 1163 1173 1162 1159 1158 1158 1164 1173 1162 1167 1145 1168 1165 1173 1162 1172 1161 1159 1158 1173 1162 1156 1146 1167 1145 1174 1166 1171 1154 1172 1161 1174 1166 1153 1155 1171 1154 1175 1167 1153 1155 1174 1166 1176 1168 1150 1169 1151 1170 1176 1168 1151 1170 1152 1171 1176 1168 1152 1171 1153 1155 1176 1168 1153 1155 1175 1167 1177 1172 1170 1173 1169 1153 1177 1172 1175 1167 1174 1166 1178 1174 1148 1152 1149 1175 1178 1174 1149 1175 1150 1169 1178 1174 1150 1169 1176 1168 1178 1174 1177 1172 1169 1153 1178 1174 1175 1167 1177 1172 1178 1174 1176 1168 1175 1167 1178 1174 1169 1153 1148 1152 1179 1176 1168 1165 1170 1173 1179 1176 1173 1162 1168 1165 1179 1176 1172 1161 1173 1162 1180 1177 1172 1161 1179 1176 1180 1177 1174 1166 1172 1161 1180 1177 1177 1172 1174 1166 1180 1177 1179 1176 1170 1173 1180 1177 1170 1173 1177 1172 1203 1178 1198 1179 1199 1180 1204 1181 1203 1178 1199 1180 1205 1182 1204 1181 1199 1180 1206 1183 1199 1180 1200 1184 1206 1183 1200 1184 1201 1185 1206 1183 1201 1185 1202 1186 1206 1183 1205 1182 1199 1180 1207 1187 1208 1188 1203 1178 1207 1187 1203 1178 1204 1181 1209 1189 1207 1187 1204 1181 1209 1189 1204 1181 1205 1182 1210 1190 1209 1189 1205 1182 1211 1191 1210 1190 1205 1182 1212 1192 1211 1191 1205 1182 1212 1192 1205 1182 1206 1183 1213 1193 1181 1194 1182 1195 1213 1193 1202 1186 1181 1194 1213 1193 1212 1192 1206 1183 1213 1193 1206 1183 1202 1186 1214 1196 1182 1195 1183 1197 1215 1198 1214 1196 1183 1197 1216 1199 1192 1200 1193 1201 1217 1202 1184 1203 1185 1204 1217 1202 1185 1204 1218 1205 1219 1206 1194 1207 1195 1208 1219 1206 1195 1208 1196 1209 1219 1206 1196 1209 1197 1210 1220 1211 1219 1206 1197 1210 1220 1211 1221 1212 1219 1206 1220 1211 1197 1210 1198 1179 1220 1211 1203 1178 1208 1188 1220 1211 1198 1179 1203 1178 1222 1213 1219 1206 1221 1212 1222 1213 1194 1207 1219 1206 1223 1214 1222 1213 1221 1212 1223 1214 1220 1211 1208 1188 1223 1214 1224 1215 1222 1213 1223 1214 1208 1188 1207 1187 1223 1214 1221 1212 1220 1211 1223 1214 1207 1187 1224 1215 1225 1216 1194 1207 1222 1213 1225 1216 1193 1201 1194 1207 1225 1216 1222 1213 1224 1215 1226 1217 1209 1189 1210 1190 1226 1217 1213 1193 1182 1195 1226 1217 1207 1187 1209 1189 1226 1217 1210 1190 1211 1191 1226 1217 1211 1191 1212 1192 1226 1217 1212 1192 1213 1193 1226 1217 1224 1215 1207 1187 1227 1218 1193 1201 1225 1216 1228 1219 1224 1215 1226 1217 1228 1219 1226 1217 1182 1195 1229 1220 1225 1216 1224 1215 1229 1220 1224 1215 1230 1221 1229 1220 1227 1218 1225 1216 1231 1222 1224 1215 1228 1219 1231 1222 1228 1219 1182 1195 1231 1222 1182 1195 1214 1196 1231 1222 1230 1221 1224 1215 1231 1222 1214 1196 1230 1221 1232 1223 1193 1201 1227 1218 1232 1223 1227 1218 1229 1220 1233 1224 1232 1223 1229 1220 1233 1224 1229 1220 1230 1221 1233 1224 1230 1221 1214 1196 1234 1225 1232 1223 1233 1224 1235 1226 1233 1224 1214 1196 1235 1226 1234 1225 1233 1224 1235 1226 1215 1198 1236 1227 1235 1226 1214 1196 1215 1198 1235 1226 1236 1227 1234 1225 1237 1228 1193 1201 1236 1227 1238 1229 1236 1227 1215 1198 1238 1229 1237 1228 1236 1227 1239 1230 1193 1201 1237 1228 1239 1230 1237 1228 1238 1229 1239 1230 1216 1199 1193 1201 1240 1231 1239 1230 1241 1232 1240 1231 1216 1199 1239 1230 1242 1233 1215 1198 1183 1197 1243 1234 1240 1231 1241 1232 1244 1235 1242 1233 1183 1197 1245 1236 1240 1231 1243 1234 1245 1236 1216 1199 1240 1231 1245 1236 1243 1234 1246 1237 1247 1238 1245 1236 1246 1237 1248 1239 1184 1203 1217 1202 1248 1239 1183 1197 1184 1203 1248 1239 1217 1202 1218 1205 1248 1239 1244 1235 1183 1197 1249 1240 1250 1241 1218 1205 1249 1240 1185 1204 1186 1242 1249 1240 1186 1242 1187 1243 1249 1240 1247 1238 1246 1237 1249 1240 1246 1237 1250 1241 1249 1240 1218 1205 1185 1204 1251 1244 1193 1201 1232 1223 1251 1244 1232 1223 1234 1225 1251 1244 1236 1227 1193 1201 1251 1244 1234 1225 1236 1227 1252 1245 1238 1229 1215 1198 1252 1245 1239 1230 1238 1229 1252 1245 1241 1232 1239 1230 1252 1245 1215 1198 1242 1233 1252 1245 1242 1233 1241 1232 1253 1246 1218 1205 1250 1241 1253 1246 1241 1232 1242 1233 1253 1246 1243 1234 1241 1232 1253 1246 1246 1237 1243 1234 1253 1246 1242 1233 1244 1235 1253 1246 1244 1235 1248 1239 1253 1246 1250 1241 1246 1237 1253 1246 1248 1239 1218 1205 1254 1247 1216 1199 1245 1236 1254 1247 1192 1200 1216 1199 1254 1247 1245 1236 1247 1238 1255 1248 1189 1249 1190 1250 1255 1248 1190 1250 1191 1251 1255 1248 1191 1251 1192 1200 1255 1248 1192 1200 1254 1247 1256 1252 1187 1243 1188 1253 1256 1252 1188 1253 1189 1249 1256 1252 1189 1249 1255 1248 1256 1252 1249 1240 1187 1243 1256 1252 1247 1238 1249 1240 1256 1252 1254 1247 1247 1238 1256 1252 1255 1248 1254 1247 1257 1254 1288 1255 1273 1256 1258 1257 1287 1258 1288 1255 1258 1257 1288 1255 1257 1254 1259 1259 1286 1260 1287 1258 1259 1259 1287 1258 1258 1257 1260 1261 1285 1262 1286 1260 1260 1261 1286 1260 1259 1259 1261 1263 1284 1264 1285 1262 1261 1263 1285 1262 1260 1261 1262 1265 1283 1266 1284 1264 1262 1265 1284 1264 1261 1263 1263 1267 1282 1268 1283 1266 1263 1267 1283 1266 1262 1265 1264 1269 1281 1270 1282 1268 1264 1269 1282 1268 1263 1267 1265 1271 1280 1272 1281 1270 1265 1271 1281 1270 1264 1269 1266 1273 1279 1274 1280 1272 1266 1273 1280 1272 1265 1271 1267 1275 1278 1276 1279 1274 1267 1275 1279 1274 1266 1273 1268 1277 1277 1278 1278 1276 1268 1277 1278 1276 1267 1275 1269 1279 1276 1280 1277 1278 1269 1279 1277 1278 1268 1277 1270 1281 1275 1282 1276 1280 1270 1281 1276 1280 1269 1279 1271 1283 1274 1284 1275 1282 1271 1283 1275 1282 1270 1281 1272 1285 1274 1284 1271 1283 1300 1286 1291 1287 1292 1288 1301 1289 1291 1287 1300 1286 1302 1290 1290 1291 1291 1287 1302 1290 1291 1287 1301 1289 1297 1292 1289 1293 1290 1291 1297 1292 1295 1294 1289 1293 1297 1292 1290 1291 1302 1290 1298 1295 1294 1296 1295 1294 1298 1295 1295 1294 1297 1292 1299 1297 1293 1298 1294 1296 1299 1297 1294 1296 1298 1295 1296 1299 1293 1298 1299 1297 1304 1300 1308 1300 1306 1300 1305 1301 1307 1301 1303 1301 1309 1302 1312 1303 1314 1304 1310 1305 1314 1304 1313 1306 1310 1305 1309 1302 1314 1304 1311 1307 1310 1305 1313 1306 1322 1308 1318 1309 1319 1310 1322 1308 1321 1311 1318 1309 1315 1312 1319 1310 1316 1313 1315 1312 1322 1308 1319 1310 1323 1314 1317 1315 1318 1309 1323 1314 1320 1316 1317 1315 1323 1314 1321 1311 1320 1316 1323 1314 1318 1309 1321 1311 1326 1317 1324 1318 1325 1319 1326 1317 1325 1319 1342 1320 1326 1317 1342 1320 1343 1321 1330 1322 1334 1323 1333 1324 1330 1322 1335 1325 1334 1323 1330 1322 1336 1326 1335 1325 1330 1322 1337 1327 1336 1326 1330 1322 1338 1328 1337 1327 1330 1322 1339 1329 1338 1328 1330 1322 1340 1330 1339 1329 1330 1322 1341 1331 1340 1330 1327 1332 1326 1317 1343 1321 1329 1333 1343 1321 1341 1331 1329 1333 1341 1331 1330 1322 1329 1333 1327 1332 1343 1321 1328 1334 1327 1332 1329 1333 1330 1322 1332 1335 1331 1336 1330 1322 1333 1324 1332 1335 1347 1337 1349 1338 1346 1339 1347 1337 1351 1340 1349 1338 1348 1341 1350 1342 1351 1340 1348 1341 1351 1340 1347 1337 1345 1343 1344 1344 1350 1342 1345 1343 1350 1342 1348 1341 1353 1345 1354 1346 1352 1347 1353 1345 1355 1348 1354 1346 1353 1345 1356 1349 1355 1348 1375 1350 1357 1351 1356 1349 1375 1350 1358 1352 1357 1351 1375 1350 1356 1349 1353 1345 1376 1353 1359 1354 1358 1352 1376 1353 1358 1352 1375 1350 1376 1353 1375 1350 1353 1345 1377 1355 1362 1356 1359 1354 1377 1355 1353 1345 1373 1357 1377 1355 1376 1353 1353 1345 1377 1355 1359 1354 1376 1353 1378 1358 1362 1356 1377 1355 1378 1358 1377 1355 1373 1357 1379 1359 1361 1360 1362 1356 1379 1359 1373 1357 1374 1361 1379 1359 1378 1358 1373 1357 1379 1359 1362 1356 1378 1358 1380 1362 1361 1360 1379 1359 1380 1362 1379 1359 1374 1361 1381 1363 1360 1364 1361 1360 1381 1363 1374 1361 1363 1365 1381 1363 1361 1360 1380 1362 1381 1363 1380 1362 1374 1361 1382 1366 1370 1367 1371 1368 1382 1366 1371 1368 1372 1369 1382 1366 1372 1369 1360 1364 1383 1370 1367 1371 1368 1372 1383 1370 1368 1372 1369 1373 1383 1370 1369 1373 1370 1367 1383 1370 1370 1367 1382 1366 1384 1374 1363 1365 1364 1375 1384 1374 1364 1375 1365 1376 1384 1374 1365 1376 1366 1377 1384 1374 1381 1363 1363 1365 1384 1374 1360 1364 1381 1363 1384 1374 1382 1366 1360 1364 1385 1378 1366 1377 1367 1371 1385 1378 1384 1374 1366 1377 1385 1378 1383 1370 1382 1366 1385 1378 1367 1371 1383 1370 1385 1378 1382 1366 1384 1374 1390 1379 1389 1380 1393 1381 1391 1382 1390 1379 1393 1381 1392 1383 1391 1382 1393 1381 1410 1384 1394 1385 1395 1386 1411 1387 1397 1388 1398 1389 1411 1387 1398 1389 1399 1390 1411 1387 1399 1390 1400 1391 1411 1387 1400 1391 1401 1392 1412 1393 1401 1392 1402 1394 1412 1393 1397 1388 1411 1387 1412 1393 1411 1387 1401 1392 1413 1395 1402 1394 1403 1396 1413 1395 1397 1388 1412 1393 1413 1395 1412 1393 1402 1394 1414 1397 1403 1396 1404 1398 1414 1397 1404 1398 1405 1399 1414 1397 1405 1399 1406 1400 1414 1397 1406 1400 1407 1401 1414 1397 1407 1401 1394 1385 1414 1397 1397 1388 1413 1395 1414 1397 1413 1395 1403 1396 1415 1402 1409 1403 1397 1388 1415 1402 1397 1388 1414 1397 1415 1402 1414 1397 1394 1385 1415 1402 1410 1384 1409 1403 1415 1402 1394 1385 1410 1384 1416 1404 1408 1405 1409 1403 1416 1404 1410 1384 1395 1386 1416 1404 1409 1403 1410 1384 1417 1406 1416 1404 1395 1386 1417 1406 1408 1405 1416 1404 1418 1407 1395 1386 1396 1408 1418 1407 1408 1405 1417 1406 1418 1407 1417 1406 1395 1386 1419 1409 1396 1408 1393 1381 1419 1409 1386 1410 1408 1405 1419 1409 1408 1405 1418 1407 1419 1409 1418 1407 1396 1408 1420 1411 1387 1412 1386 1410 1420 1411 1419 1409 1393 1381 1420 1411 1386 1410 1419 1409 1421 1413 1388 1414 1387 1412 1421 1413 1389 1380 1388 1414 1421 1413 1387 1412 1420 1411 1421 1413 1393 1381 1389 1380 1421 1413 1420 1411 1393 1381 1427 1415 1439 1416 1433 1417 1428 1418 1438 1419 1439 1416 1428 1418 1439 1416 1427 1415 1429 1420 1437 1421 1438 1419 1429 1420 1438 1419 1428 1418 1430 1422 1436 1423 1437 1421 1430 1422 1437 1421 1429 1420 1431 1424 1435 1425 1436 1423 1431 1424 1436 1423 1430 1422 1432 1426 1434 1427 1435 1425 1432 1426 1435 1425 1431 1424 1424 1428 1441 1429 1434 1427 1424 1428 1434 1427 1432 1426 1425 1430 1440 1431 1441 1429 1425 1430 1441 1429 1424 1428 1426 1432 1440 1431 1425 1430 1422 1433 1423 1434 1440 1431 1422 1433 1440 1431 1426 1432</p>
        </triangles>
      </mesh>
    </geometry>
  </library_geometries>
  <library_visual_scenes>
    <visual_scene id="Scene" name="Scene">
      <node id="left_thumb_proximal" name="left_thumb_proximal" type="NODE">
        <matrix sid="transform">1 0 0 0 0 1 0 0 0 0 1 0 0 0 0 1</matrix>
        <instance_geometry url="#¾µв4_4_1-mesh" name="left_thumb_proximal">
          <bind_material>
            <technique_common>
              <instance_material symbol="black_plastic-material" target="#black_plastic-material"/>
            </technique_common>
          </bind_material>
        </instance_geometry>
      </node>
    </visual_scene>
  </library_visual_scenes>
  <scene>
    <instance_visual_scene url="#Scene"/>
  </scene>
</COLLADA>