<?xml version="1.0" encoding="utf-8"?>
<COLLADA xmlns="http://www.collada.org/2005/11/COLLADASchema" version="1.4.1" xmlns:xsi="http://www.w3.org/2001/XMLSchema-instance">
  <asset>
    <contributor>
      <author>Blender User</author>
      <authoring_tool>Blender 3.0.1</authoring_tool>
    </contributor>
    <created>2025-08-11T13:02:15</created>
    <modified>2025-08-11T13:02:15</modified>
    <unit name="meter" meter="1"/>
    <up_axis>Z_UP</up_axis>
  </asset>
  <library_effects>
    <effect id="black_plastic-effect">
      <profile_COMMON>
        <technique sid="common">
          <lambert>
            <emission>
              <color sid="emission">0 0 0 1</color>
            </emission>
            <diffuse>
              <color sid="diffuse">0.01434867 0.01434867 0.01434867 1</color>
            </diffuse>
            <reflectivity>
              <float sid="specular">0.2</float>
            </reflectivity>
            <index_of_refraction>
              <float sid="ior">1.45</float>
            </index_of_refraction>
          </lambert>
        </technique>
      </profile_COMMON>
    </effect>
  </library_effects>
  <library_images/>
  <library_materials>
    <material id="black_plastic-material" name="black_plastic">
      <instance_effect url="#black_plastic-effect"/>
    </material>
  </library_materials>
  <library_geometries>
    <geometry id="__4_-mesh" name="4(4)">
      <mesh>
        <source id="__4_-mesh-positions">
          <float_array id="__4_-mesh-positions-array" count="4338">0.0447883 0.01285868 0.03281015 0.0447883 0.002858698 0.03281015 0.04446744 0.002858698 0.03264337 0.04411602 0.002858698 0.0325582 0.04375439 0.002858698 0.03255963 0.04340362 0.002858698 0.03264755 0.04308408 0.002858698 0.03281682 0.04281437 0.002858698 0.03305768 0.0426101 0.002858698 0.03335607 0.04248321 0.002858698 0.03369468 0.04244101 0.002858698 0.0340538 0.04248601 0.002858698 0.03441262 0.04261559 0.002858698 0.03475022 0.04282218 0.002858698 0.03504705 0.04309374 0.002858698 0.03528577 0.04309374 0.01285868 0.03528577 0.04446744 0.01285868 0.03264337 0.04411602 0.01285868 0.0325582 0.04375439 0.01285868 0.03255963 0.04340362 0.01285868 0.03264755 0.04308408 0.01285868 0.03281682 0.04281437 0.01285868 0.03305768 0.0426101 0.01285868 0.03335607 0.04248321 0.01285868 0.03369468 0.04244101 0.01285868 0.03405386 0.04248601 0.01285868 0.03441262 0.04261559 0.01285868 0.03475022 0.04282218 0.01285868 0.03504705 0.04563558 0.01285868 0.03157234 0.04520237 0.01285868 0.03132599 0.04473441 0.01285868 0.03115475 0.04424452 0.01285868 0.03106337 0.04563558 0.002858698 0.03157234 0.04520237 0.002858698 0.03132599 0.04473441 0.002858698 0.03115475 0.04424452 0.002858698 0.03106337 -6.98331e-4 -0.001126825 3.82336e-4 -6.98333e-4 0.01684433 3.82345e-4 -9.52867e-4 0.01684075 1.62414e-4 -0.001151263 0.01683872 -1.07557e-4 -0.001285076 0.01683789 -4.15426e-4 -0.001347064 0.01683765 -7.46045e-4 -0.001333951 0.01683741 -0.001081287 -0.00124675 0.01683664 -0.001405 -0.001089155 0.01683497 -0.001702189 -8.697e-4 0.01683247 -0.001956284 -5.99968e-4 0.01682943 -0.002155065 -2.92003e-4 0.01682645 -0.002288997 3.7855e-5 0.01682418 -0.002351284 3.73063e-4 0.01682335 -0.002338588 6.98092e-4 0.01682454 -0.002251029 8.5196e-4 0.01682597 -0.002180278 9.96194e-4 0.016828 -0.002093195 9.96196e-4 -0.001110494 -0.002093255 7.00641e-4 -0.001107037 -0.002250075 3.78363e-4 -0.001105844 -0.002337753 4.39151e-5 -0.001106619 -0.002351641 -2.853e-4 -0.001108884 -0.002291142 -5.9252e-4 -0.001111865 -0.002159357 -8.63581e-4 -0.001114904 -0.001962125 -0.001083374 -0.001117408 -0.001710593 -0.001242578 -0.001119077 -0.001415491 -0.001332104 -0.001119911 -0.001093089 -0.001347899 -0.00112015 -7.59495e-4 -0.001289188 -0.001120388 -4.29623e-4 -0.001159012 -0.001121163 -1.21254e-4 -9.64052e-4 -0.00112313 1.49885e-4 -8.37861e-4 -0.001124739 2.74061e-4 0.03887832 0.01728874 0.03131616 0.03869754 0.0166133 0.03402036 0.03874742 0.01547884 0.03627753 0.03885072 0.01452285 0.03748762 0.03898179 0.01335871 0.03850328 0.0387004 0.01335871 0.03389847 0.03888142 0.01335871 0.03128951 0.03924232 0.01335871 0.02910423 0.03924232 0.01750445 0.02910423 0.03924232 0.002358675 0.02910423 0.03924232 -0.001787006 0.02910423 0.03874534 0.002358675 0.03281545 0.03871303 0.002358675 0.03559088 0.03898179 0.002358675 0.03850328 0.03882795 9.96347e-4 0.03726923 0.03872072 -7.30315e-5 0.03577739 0.03869646 -8.62869e-4 0.0341075 0.03875052 -0.001290023 0.03273195 0.03887832 -0.001571297 0.03131616 0.03974807 -0.001438915 0.01952731 0.0424633 -5.18878e-4 0.01485615 0.04374754 3.54005e-4 0.01262354 0.04448449 0.001235544 0.01132434 0.04487878 0.00203973 0.01061409 0.04508471 0.002729356 0.01023197 0.04525458 0.003784716 0.009899318 0.04531061 0.004503071 0.009778678 0.04534465 0.005279064 0.00969851 0.03430765 0.005279064 0.002091884 0.01181459 0.005279064 -0.01190119 0.01155793 0.004216551 -0.01189959 0.0112065 0.003497481 -0.01189345 0.01068013 0.002863883 -0.01187521 0.01003992 0.002343535 -0.01183766 0.009098529 0.001785397 -0.01174932 0.007297277 0.001019597 -0.01145714 0.005338668 3.95928e-4 -0.01092565 0.002931654 -2.08035e-4 -0.009900927 6.73922e-4 -6.49606e-4 -0.008465707 0.01742696 -9.37755e-4 0.002662479 0.03234285 -0.001258254 0.01358252 0.01386964 0.001182794 -0.007983922 0.01335489 9.06164e-4 -0.007709443 0.01270222 6.45462e-4 -0.007451474 0.01163196 3.19561e-4 -0.007113754 0.01552432 7.15582e-4 -0.005985379 0.01430606 0.001507103 -0.008290708 0.01516634 5.09714e-4 -0.005645692 0.01474899 3.27585e-4 -0.005341351 0.01429975 1.77226e-4 -0.005099713 0.01368999 1.47549e-5 -0.004849672 0.01261031 -2.12376e-4 -0.004502058 0.02928996 -1.84192e-4 0.005081236 0.0344755 5.76088e-4 0.005865752 0.04150497 0.003508448 0.007295608 0.03851675 -0.001044392 0.01526135 0.03924083 -7.95978e-4 0.0140649 0.01279437 0.003523886 -0.01096147 0.01309072 0.002747774 -0.01037013 0.01337397 0.003192543 -0.01046884 0.01765567 0.003416836 -0.007996737 0.01657789 0.002710402 -0.008256196 0.0226075 0.00178653 -0.003687024 0.02382868 0.003945291 -0.004382848 0.01858639 1.29364e-4 -0.002440571 0.02904856 0.003260433 -8.50419e-4 0.02023911 -4.787e-5 -8.14259e-4 0.0285567 0.002299606 -5.3233e-4 0.02726042 7.70536e-4 9.29819e-4 0.02265131 1.88341e-4 -2.45784e-4 0.03129792 0.002592504 9.78573e-4 0.03084194 0.001445174 0.001909494 0.03249698 0.001840293 0.002443253 0.03322446 0.001382887 0.003515064 0.03479725 0.002515733 0.00330162 0.03735703 0.002810359 0.004795551 0.03652364 0.001941621 0.004941582 0.03888845 0.003025889 0.005705356 0.04058337 0.0020594 0.007533848 0.03934872 9.24031e-4 0.008249819 0.03561127 -2.44618e-4 0.009145379 0.04067659 0.001065075 0.00887835 0.0360279 -5.68351e-4 0.01085764 0.0412817 0.001141309 0.009159147 0.04017519 -3.68089e-4 0.01251184 0.04285562 0.001395583 0.009863317 0.03603315 -0.001090943 0.01416176 0.04304367 5.95488e-4 0.01144504 0.03978115 -5.66539e-4 0.01316773 0.03362458 0.003361284 0.002055525 0.03624129 6.81154e-4 0.006738901 0.03784531 -3.50568e-4 0.01096075 0.04371762 0.003206074 0.008976042 0.04449248 0.003071188 0.009599983 0.0444262 0.002761065 0.009715139 0.05564957 0.005279064 0.01840823 0.05174249 0.005279064 0.0146979 0.04534465 0.005279064 0.00969851 0.03974807 -0.001438915 0.01952731 0.0424633 -5.18878e-4 0.01485615 0.04374754 3.54005e-4 0.01262354 0.04448449 0.001235544 0.01132434 0.04487878 0.00203973 0.01061409 0.04508471 0.002729356 0.01023197 0.04525458 0.003784716 0.009899318 0.04531061 0.004503071 0.009778678 0.04228943 -0.001461029 0.02169072 0.04319381 -0.001238524 0.02046293 0.04425364 -9.60754e-4 0.01937812 0.04423063 -9.5454e-4 0.01930797 0.04555189 -5.50376e-4 0.01816117 0.04699331 -3.79793e-5 0.01719665 0.05399435 0.001545369 0.02016252 0.05181246 0.001019895 0.01882231 0.04946213 4.94444e-4 0.01782727 0.05478161 0.002412676 0.01931536 0.05520969 0.003168344 0.01886105 0.05545568 0.003887116 0.01860409 0.05559062 0.004616677 0.01846629 0.04812449 0.003641426 0.01215755 0.04901468 0.002391278 0.01369512 0.04613906 8.59689e-4 0.01352757 0.05126535 0.002593934 0.01544642 0.05248641 0.002922415 0.01624435 0.0542761 0.004154503 0.01717096 0.05165565 0.002020597 0.0165016 0.05374693 0.003028988 0.01734888 0.0482552 0.001023948 0.01511603 0.04949438 0.001352429 0.01559281 6.73922e-4 -6.49606e-4 -0.008465707 -0.00220704 -0.001002132 -0.005683124 -0.003077149 -0.00105679 -0.004492044 -0.00362575 -0.001079261 -0.003276705 -0.003888428 -0.001078546 -0.002112567 -0.003955185 -0.001059353 -9.13576e-4 -0.003835976 -0.001024782 2.7753e-4 -0.003511965 -9.8046e-4 0.001474261 -0.00299853 -9.37373e-4 0.00260359 -0.002479135 -8.92917e-4 0.00364387 0.005277156 -0.001185715 0.006059288 0.0150029 -0.00138396 0.009503901 0.02381515 -0.00149554 0.01315629 0.02884799 -0.001555085 0.01586925 0.03106623 -0.00160408 0.01767927 0.03286015 -0.001667737 0.01985114 0.03389096 -0.00171709 0.02194887 0.03432995 -0.001732707 0.02360349 0.03456461 -0.001716792 0.02529919 0.03471034 -0.001674354 0.02679789 0.03485661 -0.001575469 0.02872335 0.03723025 -0.001786231 0.02401787 0.03974807 -0.001438915 0.01952731 0.01742696 -9.37755e-4 0.002662479 0.03234285 -0.001258254 0.01358252 9.96196e-4 -0.001110494 -0.002093255 7.00641e-4 -0.001107037 -0.002250075 3.78363e-4 -0.001105844 -0.002337753 4.39151e-5 -0.001106619 -0.002351641 -2.853e-4 -0.001108884 -0.002291142 -5.9252e-4 -0.001111865 -0.002159357 -8.63581e-4 -0.001114904 -0.001962125 -0.001083374 -0.001117408 -0.001710593 -0.001242578 -0.001119077 -0.001415491 -0.001332104 -0.001119911 -0.001093089 -0.001347899 -0.00112015 -7.59495e-4 -0.001289188 -0.001120388 -4.29623e-4 -0.001159012 -0.001121163 -1.21254e-4 -9.64052e-4 -0.00112313 1.49885e-4 -8.37861e-4 -0.001124739 2.74061e-4 -6.98331e-4 -0.001126825 3.82336e-4 -4.01214e-4 -0.001131951 5.40013e-4 -7.77906e-5 -0.00113821 6.27278e-4 2.57561e-4 -0.001144826 6.40617e-4 5.88158e-4 -0.001150906 5.78813e-4 8.95932e-4 -0.001155436 4.45313e-4 0.001166164 -0.001157701 2.46922e-4 0.001386225 -0.001157224 -7.4869e-6 0.0015437 -0.001153945 -3.04013e-4 0.001631379 -0.001148164 -6.27334e-4 0.001644909 -0.001140594 -9.62826e-4 0.001583695 -0.001132071 -0.001292765 0.001450717 -0.001123666 -0.001600623 0.001251637 -0.001116216 -0.001871883 0.001129806 -0.001113057 -0.00199002 0.0370444 -0.001608133 0.0201236 0.0372824 -0.001656115 0.02097851 0.01181459 0.005279064 -0.01190119 0.01202887 0.00757265 -0.01190072 0.01198852 0.00901103 -0.01190096 0.01181459 0.01043838 -0.01190119 0.01155793 0.01150089 -0.01189959 0.0112065 0.01221996 -0.01189345 0.01068013 0.01285362 -0.01187521 0.01003992 0.01337391 -0.01183766 0.009098529 0.01393204 -0.01174932 0.007297277 0.0146979 -0.01145714 0.005338668 0.01532155 -0.01092565 0.002931654 0.01592552 -0.009900867 6.7392e-4 0.01636707 -0.008465707 -0.00220704 0.01671963 -0.005683124 -0.00220704 -0.001002132 -0.005683124 6.73922e-4 -6.49606e-4 -0.008465707 0.01155793 0.004216551 -0.01189959 0.0112065 0.003497481 -0.01189345 0.01068013 0.002863883 -0.01187521 0.01003992 0.002343535 -0.01183766 0.009098529 0.001785397 -0.01174932 0.007297277 0.001019597 -0.01145714 0.005338668 3.95928e-4 -0.01092565 0.002931654 -2.08035e-4 -0.009900927 0.008393466 0.01216626 -0.01165533 0.008410513 0.01144713 -0.01165789 0.008410513 0.003984272 -0.01165789 0.04534465 0.005279064 0.00969851 0.03430765 0.005279064 0.002091884 0.01181459 0.005279064 -0.01190119 0.01202887 0.00757265 -0.01190072 0.01198852 0.00901103 -0.01190096 0.01181459 0.01043838 -0.01190119 0.03225189 0.01043838 7.49141e-4 0.04100483 0.01043838 0.006605088 0.04534465 0.01043838 0.00969851 0.04383093 0.007858693 0.008462607 0.05564957 0.005279064 0.01840823 0.05174249 0.005279064 0.0146979 0.04534465 0.005279064 0.00969851 0.04534465 0.01043838 0.00969851 0.05564957 0.01043838 0.01840823 0.05174249 0.01043838 0.0146979 0.05453026 0.007858693 0.01699775 0.05857247 0.002471089 0.0250172 0.0590828 0.00311166 0.02437281 0.0593633 0.003663897 0.02402544 0.05952632 0.004191458 0.02382653 0.05961686 0.004741907 0.02371716 0.05965828 0.005279064 0.02366739 0.05564957 0.005279064 0.01840823 0.05399435 0.001545369 0.02016252 0.05478161 0.002412676 0.01931536 0.05520969 0.003168344 0.01886105 0.05545568 0.003887116 0.01860409 0.05559062 0.004616677 0.01846629 0.05851978 0.002431809 0.02504491 0.05722063 0.002273857 0.02321177 0.0557022 0.00195223 0.02157646 0.05663686 0.003317475 0.02059084 0.05863928 0.003531515 0.02316159 0.03961139 0.01313632 0.02764111 0.03961139 0.002581059 0.02764111 0.03924232 0.002358675 0.02910423 0.03924232 -0.001787006 0.02910423 0.0402776 -0.001812636 0.02566587 0.04118072 -0.00169003 0.02362358 0.04228943 -0.001461029 0.02169072 0.04319381 -0.001238524 0.02046293 0.04425364 -9.60754e-4 0.01937812 0.04425364 0.01667821 0.01937818 0.04319494 0.01695567 0.02046155 0.04228943 0.01717847 0.02169072 0.04098147 0.01744067 0.0240308 0.03996652 0.01755124 0.02651768 0.03924232 0.01750445 0.02910423 0.03924232 0.01335871 0.02910423 0.04205995 0.01559007 0.02204924 0.0410844 0.015046 0.02381777 0.04153019 0.01490724 0.02295702 0.04153019 0.009629666 0.02295702 0.04076188 0.01079851 0.02450543 0.04239195 0.006099522 0.02153688 0.0420596 1.27279e-4 0.02204978 0.04153019 8.10181e-4 0.02295702 0.04108399 6.71296e-4 0.02381873 0.03974807 -0.001438915 0.01952731 0.04228943 -0.001461029 0.02169072 0.03485661 -0.001575469 0.02872335 0.03723025 -0.001786231 0.02401787 0.03486341 -0.001568019 0.02882951 0.03887832 -0.001571297 0.03131616 0.03924232 -0.001787006 0.02910423 0.0402776 -0.001812636 0.02566587 0.04118072 -0.00169003 0.02362358 0.005277156 -0.001185715 0.006059288 0.0150029 -0.00138396 0.009503901 0.02381515 -0.00149554 0.01315629 0.02884799 -0.001555085 0.01586925 0.03106623 -0.00160408 0.01767927 0.03286015 -0.001667737 0.01985114 0.03389096 -0.00171709 0.02194887 0.03432995 -0.001732707 0.02360349 0.03456461 -0.001716792 0.02529919 0.03471034 -0.001674354 0.02679789 0.03218919 -0.001041352 0.02711546 0.03303891 -0.001152753 0.02700382 0.03386908 -0.001431941 0.02690243 0.03428536 -0.001586616 0.02685225 0.02135509 -0.001024305 0.01536333 0.02572011 -0.001103341 0.01769804 0.02894425 -0.00115323 0.02050215 0.03053569 -0.0011608 0.02266657 0.03134226 -0.001141965 0.02426594 0.0318548 -0.00110197 0.02572447 0.003994882 -5.44291e-4 0.008294999 0.01288318 -8.34694e-4 0.01174581 0.005169272 -0.001158595 0.006246387 0.005047321 -0.00109595 0.006459057 0.004528522 -7.29335e-4 0.00736761 0.03471034 -0.001674354 0.02679789 0.03485661 -0.001575469 0.02872335 0.032485 -9.25758e-4 0.02886521 0.03328657 -0.001044869 0.0288093 0.03406584 -0.001327276 0.02876812 0.03445637 -0.001483798 0.02874869 0.03466862 -0.001545906 0.02873635 0.03228223 -0.001014471 0.02760696 0.03218919 -0.001041352 0.02711546 0.03303891 -0.001152753 0.02700382 0.03386908 -0.001431941 0.02690243 0.03428536 -0.001586616 0.02685225 0.003994882 -5.44291e-4 0.008294999 -0.00171101 -2.88567e-4 0.006238162 -0.001895546 -4.14718e-4 0.005336761 -0.002146303 -6.84359e-4 0.004482269 -0.002300202 -8.20294e-4 0.00406593 -0.002479135 -8.92917e-4 0.00364387 0.005277156 -0.001185715 0.006059288 0.005169272 -0.001158595 0.006246387 0.005047321 -0.00109595 0.006459057 0.004528522 -7.29335e-4 0.00736761 -0.00220704 0.01671963 -0.005683124 -0.003077149 0.01677429 -0.004492044 -0.00362575 0.01679676 -0.003276705 -0.003888428 0.01679611 -0.002112567 -0.003955185 0.01677685 -9.13567e-4 -0.003835976 0.01674228 2.7754e-4 -0.003511965 0.01669794 0.001474261 -0.00299853 0.01665484 0.00260359 -0.00299853 -9.37373e-4 0.00260359 -0.00220704 -0.001002132 -0.005683124 -0.003077149 -0.00105679 -0.004492044 -0.00362575 -0.001079261 -0.003276705 -0.003888428 -0.001078546 -0.002112567 -0.003955185 -0.001059353 -9.13576e-4 -0.003835976 -0.001024782 2.7753e-4 -0.003511965 -9.8046e-4 0.001474261 -0.002479135 0.01661038 0.00364387 -0.00299853 0.01665484 0.00260359 -0.00220704 0.01671963 -0.005683124 -0.003077149 0.01677429 -0.004492044 -0.00362575 0.01679676 -0.003276705 -0.003888428 0.01679611 -0.002112567 -0.003955185 0.01677685 -9.13567e-4 -0.003835976 0.01674228 2.7754e-4 -0.003511965 0.01669794 0.001474261 6.7392e-4 0.01636707 -0.008465707 0.01742696 0.0166552 0.002662539 0.03234285 0.01697576 0.01358252 0.03974807 0.01715642 0.01952731 0.03720921 0.01750445 0.02405834 0.03486001 0.01728922 0.02877646 0.03471034 0.0173918 0.02679789 0.03456461 0.01743429 0.02529919 0.03406298 0.01744246 0.02248209 0.03316432 0.01739901 0.02035462 0.03192967 0.01734876 0.018601 0.03041124 0.01730442 0.01707756 0.02810829 0.01726096 0.0153802 0.02600425 0.0172351 0.01419132 0.02381509 0.01721304 0.01315629 0.01500368 0.01710146 0.009504199 0.005277156 0.01690322 0.006059288 9.96194e-4 0.016828 -0.002093195 0.001249372 0.0168336 -0.001874506 0.001447677 0.01684099 -0.001605808 0.001581609 0.01684939 -0.001299142 0.001644432 0.01685792 -9.70517e-4 0.001632869 0.01686549 -6.36487e-4 0.001547157 0.01687133 -3.1242e-4 0.001392304 0.01687467 -1.64136e-5 0.001174867 0.0168752 2.38838e-4 9.06778e-4 0.01687306 4.39034e-4 6.01522e-4 0.01686865 5.74599e-4 2.7281e-4 0.01686263 6.39317e-4 -6.17341e-5 0.01685601 6.29622e-4 -3.85046e-4 0.01684975 5.46092e-4 -5.46693e-4 0.01684689 4.7334e-4 -6.98333e-4 0.01684433 3.82345e-4 -9.52867e-4 0.01684075 1.62414e-4 -0.001151263 0.01683872 -1.07557e-4 -0.001285076 0.01683789 -4.15426e-4 -0.001347064 0.01683765 -7.46045e-4 -0.001333951 0.01683741 -0.001081287 -0.00124675 0.01683664 -0.001405 -0.001089155 0.01683497 -0.001702189 -8.697e-4 0.01683247 -0.001956284 -5.99968e-4 0.01682943 -0.002155065 -2.92003e-4 0.01682645 -0.002288997 3.7855e-5 0.01682418 -0.002351284 3.73063e-4 0.01682335 -0.002338588 6.98092e-4 0.01682454 -0.002251029 8.5196e-4 0.01682597 -0.002180278 0.03712248 0.0173366 0.02032327 0.03730875 0.01738637 0.02120476 0.01181459 0.01043838 -0.01190119 0.01155793 0.01150089 -0.01189959 0.0112065 0.01221996 -0.01189345 0.01068013 0.01285362 -0.01187521 0.01003992 0.01337391 -0.01183766 0.009098529 0.01393204 -0.01174932 0.007297277 0.0146979 -0.01145714 0.005338668 0.01532155 -0.01092565 0.002931654 0.01592552 -0.009900867 6.7392e-4 0.01636707 -0.008465707 0.03225189 0.01043838 7.49141e-4 0.04100483 0.01043838 0.006605088 0.04534465 0.01043838 0.00969851 0.04520648 0.01232743 0.009996652 0.04504942 0.01313215 0.01029849 0.0447843 0.01391154 0.01078605 0.04440128 0.01460951 0.0114724 0.04390811 0.01520866 0.01234221 0.04301249 0.01592344 0.01390421 0.0418533 0.01651626 0.01591038 0.03974807 0.01715642 0.01952731 0.01742696 0.0166552 0.002662539 0.03234285 0.01697576 0.01358252 0.01270222 0.01507204 -0.007451474 0.01335489 0.01481133 -0.007709443 0.01163196 0.0153979 -0.007113754 0.01516634 0.01520776 -0.005645692 0.01386964 0.01453465 -0.007983922 0.01474899 0.01538991 -0.005341351 0.01429975 0.01554024 -0.005099713 0.01368999 0.01570272 -0.004849672 0.01261031 0.01592987 -0.004502058 0.02855908 0.01588284 0.004568815 0.04369968 0.01190441 0.008752763 0.04363238 0.01238244 0.008862078 0.0436328 0.0143662 0.01048451 0.04320949 0.01385968 0.009553551 0.04342478 0.01327669 0.009197115 0.04354053 0.01284432 0.009009242 0.03880685 0.01666927 0.0147829 0.0379365 0.0152446 0.008315563 0.04040241 0.01552146 0.01066261 0.0382142 0.01684969 0.01575851 0.01269042 0.01234412 -0.01096117 0.01236486 0.01286643 -0.01087135 0.01320767 0.01274156 -0.01044881 0.01291668 0.01317346 -0.01031875 0.01712793 0.0124129 -0.008267402 0.01610052 0.01321065 -0.008387088 0.02156364 0.0141015 -0.004095673 0.02264642 0.01184737 -0.005095779 0.02740895 0.01255631 -0.001843094 0.01806753 0.01567435 -0.002430021 0.02705913 0.01346009 -0.001437485 0.02608072 0.01491802 1.41703e-4 0.01968514 0.01580983 -9.59973e-4 0.02187722 0.01555448 -6.19896e-4 0.02962738 0.01309072 -1.14281e-4 0.02948451 0.01423835 0.001004338 0.03107094 0.01384216 0.0014925 0.03195661 0.014301 0.002657949 0.03329741 0.01316797 0.002300083 0.03350907 0.01511353 0.00519222 0.03447139 0.01344853 0.003287255 0.03475016 0.01237583 0.002801299 0.03662866 0.01398521 0.005244195 0.03714221 0.01180583 0.004195272 0.039146 0.01245701 0.005770504 0.03889858 0.0135594 0.006306469 0.03991687 0.0133239 0.006798386 0.03299385 0.01634305 0.009347975 0.04024124 0.01417756 0.007876455 0.041197 0.01351249 0.007823526 0.04202491 0.01343983 0.008335351 0.04212468 0.01455765 0.009706377 0.04152393 0.01580959 0.01234054 0.04179364 0.01608133 0.01359236 0.04300457 0.0156579 0.01290374 0.03188169 0.01232683 9.10873e-4 0.03504103 0.01541149 0.006928801 0.05965828 0.01043838 0.02366739 0.05972188 0.01043838 0.02375024 0.05972188 0.005279064 0.02375018 0.05965828 0.005279064 0.02366739 0.05564957 0.005279064 0.01840823 0.05564957 0.01043838 0.01840823 0.04425364 0.01667821 0.01937818 0.04423063 0.01667201 0.01930797 0.04319494 0.01695567 0.02046155 0.04228943 0.01717847 0.02169072 0.03974807 0.01715642 0.01952731 0.04534465 0.01043838 0.00969851 0.04520648 0.01232743 0.009996652 0.04504942 0.01313215 0.01029849 0.0447843 0.01391154 0.01078605 0.04440128 0.01460951 0.0114724 0.04390811 0.01520866 0.01234221 0.04301249 0.01592344 0.01390421 0.0418533 0.01651626 0.01591038 0.05564957 0.01043838 0.01840823 0.05174249 0.01043838 0.0146979 0.05549705 0.01165509 0.01856142 0.0553056 0.01231241 0.01876032 0.05491846 0.01309931 0.0191695 0.05451071 0.01365131 0.01960557 0.05399435 0.01417207 0.02016258 0.04699331 0.01575541 0.01719665 0.04946309 0.01522278 0.01782757 0.05180466 0.01469933 0.01881819 0.04555189 0.01626783 0.01816117 0.04810315 0.01221549 0.01219826 0.04897993 0.0134055 0.01374542 0.04605591 0.0149495 0.01366567 0.05126583 0.01312333 0.01544672 0.05430793 0.01143795 0.01715677 0.05248194 0.01279604 0.01624119 0.05165284 0.01369738 0.01649981 0.05378669 0.01260715 0.01731693 0.0482245 0.01472514 0.01515936 0.05972188 0.005279064 0.02375018 0.05965828 0.005279064 0.02366739 0.05857247 0.002471089 0.0250172 0.0590828 0.00311166 0.02437281 0.0593633 0.003663897 0.02402544 0.05952632 0.004191458 0.02382653 0.05961686 0.004741907 0.02371716 0.05900794 0.002878963 0.0246973 0.05933099 0.003358662 0.02434414 0.05954873 0.003922402 0.02403926 0.05967175 0.004581511 0.02383875 0.05857247 0.01324629 0.0250172 0.05900752 0.01283895 0.02469766 0.0593304 0.01235997 0.02434492 0.05954819 0.01179707 0.0240401 0.05967158 0.01113742 0.02383905 0.05972188 0.01043838 0.02375024 0.05972188 0.005279064 0.02375018 0.05857247 0.002471089 0.0250172 0.05900794 0.002878963 0.0246973 0.05933099 0.003358662 0.02434414 0.05954873 0.003922402 0.02403926 0.05967175 0.004581511 0.02383875 0.05851978 0.002431809 0.02504491 0.05851978 0.01328557 0.02504491 0.05564957 0.01043838 0.01840823 0.05965828 0.01043838 0.02366739 0.05955392 0.01139581 0.0237931 0.05942672 0.01188051 0.02394783 0.05917215 0.01245534 0.02426159 0.05890655 0.01286041 0.02459371 0.05857247 0.01324629 0.0250172 0.05851978 0.01328557 0.02504491 0.05399435 0.01417207 0.02016258 0.05622988 0.01364672 0.02209699 0.05745267 0.01340192 0.0235036 0.05549705 0.01165509 0.01856142 0.0553056 0.01231241 0.01876032 0.05491846 0.01309931 0.0191695 0.05451071 0.01365131 0.01960557 0.05624103 0.01210641 0.01980996 0.05748713 0.01147747 0.0210877 0.05830413 0.01195472 0.02247518 0.05873084 0.01175969 0.02291309 0.03924232 0.01750445 0.02910423 0.03887832 0.01728874 0.03131616 0.03486001 0.01728922 0.02877646 0.03974807 0.01715642 0.01952731 0.03720921 0.01750445 0.02405834 0.04228943 0.01717847 0.02169072 0.04098147 0.01744067 0.0240308 0.03996652 0.01755124 0.02651768 0.03498619 0.005763173 0.03800833 0.03498637 0.005692005 0.0380029 0.03917419 0.005763173 0.03961163 0.03912591 0.004174411 0.03936052 0.03906327 0.003227233 0.03901046 0.03898179 0.002358675 0.03850328 0.03882795 9.96347e-4 0.03726923 0.03872072 -7.30315e-5 0.03577739 0.03869646 -8.62869e-4 0.0341075 0.03875052 -0.001290023 0.03273195 0.03887832 -0.001571297 0.03131616 0.03486341 -0.001568019 0.02882951 0.03502392 -9.06636e-4 0.03272336 0.03503715 -6.02481e-4 0.03358381 0.03504276 -5.06733e-5 0.03472584 0.03503602 6.71522e-4 0.03576815 0.035021 0.001663982 0.03671962 0.03500443 0.002853393 0.03740727 0.03499221 0.004247367 0.03782171 0.003994882 -5.44291e-4 0.008294999 0.01288318 -8.34694e-4 0.01174581 0.02135509 -0.001024305 0.01536333 0.03218919 -0.001041352 0.02711546 0.02572011 -0.001103341 0.01769804 0.02894425 -0.00115323 0.02050215 0.03053569 -0.0011608 0.02266657 0.03134226 -0.001141965 0.02426594 0.0318548 -0.00110197 0.02572447 0.03486341 -0.001568019 0.02882951 0.03485661 -0.001575469 0.02872335 0.03249883 -9.17348e-4 0.02896201 0.03329813 -0.00103712 0.02890896 0.03407496 -0.001319766 0.02887105 0.03446429 -0.001476347 0.02885335 0.03467589 -0.001538395 0.02884179 0.032485 -9.25758e-4 0.02886521 0.03328657 -0.001044869 0.0288093 0.03406584 -0.001327276 0.02876812 0.03445637 -0.001483798 0.02874869 0.03466862 -0.001545906 0.02873635 -0.002479135 0.01661038 0.00364387 -0.00299853 0.01665484 0.00260359 -0.002270877 0.01651626 0.004140973 -0.001941502 0.01617771 0.005157411 -0.00171101 0.01600605 0.006238162 -0.001503467 0.01568377 0.008876919 -0.001536846 0.01535856 0.01051336 -0.001621246 0.01488345 0.01210999 -0.001621246 8.33983e-4 0.01210999 -0.001506447 1.49386e-4 0.009534776 -0.001534044 -1.10597e-4 0.007886826 -0.00171101 -2.88567e-4 0.006238162 -0.001895546 -4.14718e-4 0.005336761 -0.002146303 -6.84359e-4 0.004482269 -0.002300202 -8.20294e-4 0.00406593 -0.002479135 -8.92917e-4 0.00364387 -0.00299853 -9.37373e-4 0.00260359 0.003994882 -5.44291e-4 0.008294999 -0.00171101 -2.88567e-4 0.006238162 -0.001621246 8.33983e-4 0.01210999 -0.001506447 1.49386e-4 0.009534776 -0.001534044 -1.10597e-4 0.007886826 -0.00165987 0.001781404 0.0140506 -0.001527667 0.002775728 0.01528185 -0.001336038 0.003814518 0.01608496 -0.001192212 0.004814684 0.01651936 -0.001144826 0.005333721 0.01664566 -0.001111149 0.005866527 0.0167315 0.01232302 0.005866467 0.02618461 0.02276897 0.005866408 0.03253066 0.02836704 0.005866467 0.03539311 0.03117698 0.005866527 0.03656303 0.03125882 0.003446638 0.03617459 0.03138017 0.002464115 0.03579974 0.03160077 0.001550078 0.03522568 0.03193241 7.7436e-4 0.03445661 0.03235429 1.69216e-4 0.03355234 0.03286004 -3.00182e-4 0.03252744 0.03271412 -7.00207e-4 0.03075802 0.03249883 -9.17348e-4 0.02896201 0.032485 -9.25758e-4 0.02886521 0.03228223 -0.001014471 0.02760696 0.03218919 -0.001041352 0.02711546 0.003456294 0.00156188 0.01742029 0.004806458 6.98131e-4 0.01644521 0.003481566 0.002372562 0.01854324 0.003439307 0.003218531 0.01924914 0.005973815 0.002023041 0.01988756 0.007992565 0.001083254 0.01970154 0.006015181 0.002712011 0.02066874 0.005888998 0.003459751 0.02113878 0.005803883 0.004123866 0.02140486 0.01384866 0.002188503 0.02542859 0.01407885 9.63106e-4 0.02364295 0.02013832 -2.66368e-5 0.02492445 0.0300914 -2.6289e-4 0.03103876 0.03022301 -1.12792e-4 0.03163969 0.02930593 5.48122e-4 0.03269857 0.02633422 6.35583e-4 0.03103381 0.02716404 0.001868844 0.03326177 0.03032237 1.4782e-5 0.0320822 0.02937322 6.47013e-4 0.03292214 0.03050178 2.08731e-4 0.03268933 0.02955991 9.06439e-4 0.03345602 0.0295751 9.27025e-4 0.03349536 0.02988493 0.001336157 0.03419888 0.03209048 1.13489e-4 0.03332787 0.03063607 0.001389324 0.03464496 0.03013843 0.003362774 0.0356931 0.00404644 -1.02779e-4 0.01238727 0.005539 -9.64291e-6 0.01411032 0.008743524 -6.89663e-5 0.01623207 0.008395493 2.3692e-4 0.01744675 0.00844556 0.003327369 0.02282446 0.009516358 0.004109323 0.02395653 0.009616076 0.00366348 0.02381807 0.01112514 0.003140926 0.02450424 0.01350897 0.003812968 0.02646774 0.01750755 0.002618789 0.02820748 0.0193246 0.001618206 0.0282393 0.01704561 0.004412293 0.02893292 0.01919913 0.00285542 0.0294485 0.01902282 0.003741025 0.02988129 0.02164638 0.002021312 0.03017729 0.02322107 0.001515746 0.03053408 0.02897089 -5.48505e-4 0.02893817 0.02463787 0.002735018 0.03255903 0.02550953 0.00243473 0.03282672 0.02521961 0.003634452 0.03337454 0.02646529 0.004296302 0.03424417 0.02789139 0.003581643 0.03472834 0.02852863 0.002738177 0.03464752 0.02906358 0.003240942 0.0351575 0.01195716 0.004387795 0.02568256 0.02146786 0.00339204 0.03115344 0.02128177 0.004195809 0.03139394 0.02249044 0.003685176 0.03188806 0.03471034 0.0173918 0.02679789 0.03456461 0.01743429 0.02529919 0.03406298 0.01744246 0.02248209 0.03316432 0.01739901 0.02035462 0.03192967 0.01734876 0.018601 0.03041124 0.01730442 0.01707756 0.02810829 0.01726096 0.0153802 0.02600425 0.0172351 0.01419132 0.02381509 0.01721304 0.01315629 0.01500368 0.01710146 0.009504199 0.005277156 0.01690322 0.006059288 0.003994882 0.01626175 0.008295059 0.004428923 0.01639366 0.007541298 0.004850089 0.01667284 0.006804466 0.005097031 0.0168423 0.006372272 0.02135509 0.01674181 0.01536333 0.01289027 0.01655232 0.01174867 0.03218919 0.01675879 0.02711552 0.03134232 0.01685947 0.02426594 0.029935 0.01687908 0.0217452 0.02844202 0.01686424 0.01996284 0.02520436 0.01681196 0.01735931 0.02324539 0.01677739 0.01625287 0.0343036 0.01730984 0.02685004 0.03325659 0.01692789 0.02697652 0.005277156 0.01690322 0.006059288 -0.002479135 0.01661038 0.00364387 -0.002270877 0.01651626 0.004140973 -0.001941502 0.01617771 0.005157411 -0.00171101 0.01600605 0.006238162 0.003994882 0.01626175 0.008295059 0.004428923 0.01639366 0.007541298 0.004850089 0.01667284 0.006804466 0.005097031 0.0168423 0.006372272 0.03486001 0.01728922 0.02877646 0.03471034 0.0173918 0.02679789 0.0343036 0.01730984 0.02685004 0.03325659 0.01692789 0.02697652 0.03218919 0.01675879 0.02711552 0.03228223 0.01673191 0.02760696 0.032485 0.01664322 0.02886521 0.03451311 0.01721763 0.02877426 0.03351002 0.01682704 0.02879804 0.03304886 0.01671099 0.0288248 0.05857247 0.01324629 0.0250172 0.05900752 0.01283895 0.02469766 0.0593304 0.01235997 0.02434492 0.05954819 0.01179707 0.0240401 0.05967158 0.01113742 0.02383905 0.05972188 0.01043838 0.02375024 0.05965828 0.01043838 0.02366739 0.05955392 0.01139581 0.0237931 0.05942672 0.01188051 0.02394783 0.05917215 0.01245534 0.02426159 0.05890655 0.01286041 0.02459371 0.03498619 0.005763173 0.03800833 0.03498619 0.009954214 0.03800833 0.03917419 0.009954214 0.03961163 0.03917419 0.005763173 0.03961163 0.03502392 0.01662409 0.03272336 0.03486001 0.01728922 0.02877646 0.03887832 0.01728874 0.03131616 0.03869754 0.0166133 0.03402036 0.03874742 0.01547884 0.03627753 0.03885072 0.01452285 0.03748762 0.03898179 0.01335871 0.03850328 0.03907781 0.01230496 0.03909444 0.03914326 0.01115709 0.03945231 0.03917419 0.009954214 0.03961163 0.03498619 0.009954214 0.03800833 0.03498637 0.01002538 0.0380029 0.03499507 0.01189291 0.03772926 0.03500837 0.01318454 0.03725892 0.03502321 0.0141927 0.03661096 0.03503614 0.01504594 0.03576827 0.03504276 0.01576811 0.03472584 0.03503715 0.01631999 0.03358381 0.03486341 -0.001568019 0.02882951 0.03502392 -9.06636e-4 0.03272336 0.03286004 -3.00182e-4 0.03252744 0.03359472 -4.02962e-4 0.032561 0.0343042 -6.61814e-4 0.03264439 0.0346589 -8.12716e-4 0.03269296 0.03485286 -8.7507e-4 0.03271311 0.03271412 -7.00207e-4 0.03075802 0.03249883 -9.17348e-4 0.02896201 0.03329813 -0.00103712 0.02890896 0.03407496 -0.001319766 0.02887105 0.03446429 -0.001476347 0.02885335 0.03467589 -0.001538395 0.02884179 0.03502392 -9.06636e-4 0.03272336 0.03503715 -6.02481e-4 0.03358381 0.03504276 -5.06733e-5 0.03472584 0.03503602 6.71522e-4 0.03576815 0.035021 0.001663982 0.03671962 0.03500443 0.002853393 0.03740727 0.03499221 0.004247367 0.03782171 0.03498637 0.005692005 0.0380029 0.03298282 0.005866527 0.03724747 0.03286004 -3.00182e-4 0.03252744 0.0329532 5.45285e-4 0.03442716 0.03298056 0.001466095 0.03560197 0.03298652 0.002388596 0.03632134 0.03298622 0.003379046 0.03678828 0.03298443 0.004544734 0.03708791 0.03359472 -4.02962e-4 0.032561 0.0343042 -6.61814e-4 0.03264439 0.0346589 -8.12716e-4 0.03269296 0.03485286 -8.7507e-4 0.03271311 -0.001621246 8.33983e-4 0.01210999 -0.00165987 0.001781404 0.0140506 -0.001527667 0.002775728 0.01528185 -0.001336038 0.003814518 0.01608496 -0.001192212 0.004814684 0.01651936 -0.001144826 0.005333721 0.01664566 -0.001111149 0.005866527 0.0167315 -0.001621246 0.01488345 0.01210999 -0.00165987 0.01393598 0.0140506 -0.001527667 0.01294165 0.01528185 -0.001336038 0.01190286 0.01608496 -0.001192212 0.0109027 0.01651936 -0.001144826 0.01038372 0.01664566 -0.001111149 0.009850919 0.0167315 -0.001055896 0.007859349 0.01686638 -0.001621246 0.01488345 0.01210999 -0.00165987 0.01393598 0.0140506 -0.001527667 0.01294165 0.01528185 -0.001336038 0.01190286 0.01608496 -0.001192212 0.0109027 0.01651936 -0.001144826 0.01038372 0.01664566 -0.001111149 0.009850919 0.0167315 -0.00171101 0.01600605 0.006238162 -0.001503467 0.01568377 0.008876919 -0.001536846 0.01535856 0.01051336 0.003994882 0.01626175 0.008295059 0.03218919 0.01675879 0.02711552 0.03228223 0.01673191 0.02760696 0.032485 0.01664322 0.02886521 0.03249883 0.01663476 0.02896201 0.03271412 0.01641762 0.03075802 0.03286004 0.01601761 0.03252744 0.03207159 0.01517444 0.03415149 0.03168773 0.01441377 0.03501647 0.03143703 0.01354891 0.03564345 0.03129017 0.01260137 0.03606951 0.03120523 0.01133126 0.03638827 0.03117698 0.009850859 0.03656303 0.02763181 0.009850978 0.03505039 0.0233094 0.009850978 0.03282827 0.01272529 0.009850919 0.02644675 0.004974305 0.01492208 0.0168451 0.00363475 0.014023 0.01776444 0.00362569 0.01334679 0.01864391 0.003586232 0.01250052 0.01935315 0.006235957 0.01346486 0.02035182 0.008198559 0.01463788 0.01983779 0.006228744 0.01300817 0.02081525 0.006106376 0.01225996 0.02128946 0.006024062 0.01159542 0.02155858 0.01422882 0.01353585 0.02566945 0.01446235 0.01476275 0.02388542 0.02037829 0.01575034 0.02507239 0.02977466 0.01597231 0.03085631 0.02992659 0.01582306 0.03147143 0.02886116 0.0151574 0.03245377 0.02698624 0.01384341 0.03316676 0.026591 0.01508975 0.03118008 0.03004175 0.01569628 0.03192484 0.02894061 0.01505905 0.03268581 0.02915877 0.01480114 0.03324139 0.03024572 0.01550364 0.03254848 0.02917641 0.0147807 0.03328239 0.02953475 0.01437431 0.03401863 0.03047263 0.01440817 0.03447508 0.03216016 0.01568168 0.03317427 0.02989351 0.01252704 0.03551924 0.02986341 0.01194262 0.03570723 0.004099786 0.01579326 0.01260161 0.005644738 0.01572901 0.01418083 0.008952379 0.0157904 0.01636934 0.008603096 0.01548457 0.01758313 0.008725941 0.01229572 0.02307558 0.009831607 0.01161098 0.02416807 0.009915173 0.01190245 0.02409654 0.01146912 0.01248466 0.02479702 0.01389729 0.01190894 0.02671623 0.01797056 0.01310759 0.02848905 0.01973325 0.01410925 0.02848458 0.01751673 0.0113098 0.02922087 0.01969057 0.01287168 0.02974039 0.01951569 0.01198375 0.03017371 0.02205002 0.01370632 0.03041154 0.02408438 0.01501315 0.0297352 0.02386718 0.0137546 0.03145021 0.02910017 0.01626938 0.02901548 0.02535653 0.01208567 0.0334466 0.02623826 0.0114178 0.03412979 0.02741396 0.01212656 0.03449523 0.01231318 0.01127594 0.02593278 0.02194404 0.01233428 0.03142517 0.02179998 0.01152855 0.03168904 0.02295482 0.01204043 0.03214728 0.03117698 0.005866527 0.03656303 0.03125882 0.003446638 0.03617459 0.03138017 0.002464115 0.03579974 0.03160077 0.001550078 0.03522568 0.03193241 7.7436e-4 0.03445661 0.03235429 1.69216e-4 0.03355234 0.03286004 -3.00182e-4 0.03252744 0.03298282 0.005866527 0.03724747 0.0329532 5.45285e-4 0.03442716 0.03298056 0.001466095 0.03560197 0.03298652 0.002388596 0.03632134 0.03298622 0.003379046 0.03678828 0.03298443 0.004544734 0.03708791 -0.001111149 0.009850919 0.0167315 -0.001055896 0.007859349 0.01686638 -0.001111149 0.005866527 0.0167315 0.03117698 0.009850859 0.03656303 0.02763181 0.009850978 0.03505039 0.0233094 0.009850978 0.03282827 0.01272529 0.009850919 0.02644675 0.03117698 0.005866527 0.03656303 0.01232302 0.005866467 0.02618461 0.02276897 0.005866408 0.03253066 0.02836704 0.005866467 0.03539311 0.03218919 0.01675879 0.02711552 0.03134232 0.01685947 0.02426594 0.029935 0.01687908 0.0217452 0.02844202 0.01686424 0.01996284 0.02520436 0.01681196 0.01735931 0.02324539 0.01677739 0.01625287 0.02135509 0.01674181 0.01536333 0.003994882 0.01626175 0.008295059 0.01289027 0.01655232 0.01174867 0.03486001 0.01728922 0.02877646 0.03451311 0.01721763 0.02877426 0.03351002 0.01682704 0.02879804 0.03304886 0.01671099 0.0288248 0.032485 0.01664322 0.02886521 0.03249883 0.01663476 0.02896201 0.03451716 0.01721417 0.028822 0.03352063 0.01681965 0.02889502 0.03306102 0.01670312 0.02892327 0.03498619 0.005763173 0.03800833 0.03498619 0.009954214 0.03800833 0.03298276 0.009786307 0.03725254 0.03298276 0.005931079 0.03725254 0.03498637 0.01002538 0.0380029 0.03499507 0.01189291 0.03772926 0.03500837 0.01318454 0.03725892 0.03502321 0.0141927 0.03661096 0.03503614 0.01504594 0.03576827 0.03504276 0.01576811 0.03472584 0.03503715 0.01631999 0.03358381 0.03502392 0.01662409 0.03272336 0.03286004 0.01601761 0.03252744 0.03359472 0.01612037 0.03256106 0.0343042 0.01637923 0.03264439 0.0346589 0.01653015 0.03269296 0.03485286 0.0165925 0.03271311 0.03298282 0.009850919 0.03724747 0.03298604 0.0121299 0.03685802 0.03298664 0.01314735 0.03642648 0.03298258 0.0140863 0.03575724 0.03296434 0.01492667 0.03480219 0.03292608 0.0155487 0.03372639 0.03298282 0.009850919 0.03724747 0.03502392 0.01662409 0.03272336 0.03486001 0.01728922 0.02877646 0.03451716 0.01721417 0.028822 0.03352063 0.01681965 0.02889502 0.03306102 0.01670312 0.02892327 0.03249883 0.01663476 0.02896201 0.03271412 0.01641762 0.03075802 0.03286004 0.01601761 0.03252744 0.03359472 0.01612037 0.03256106 0.0343042 0.01637923 0.03264439 0.0346589 0.01653015 0.03269296 0.03485286 0.0165925 0.03271311 0.03486341 0.01728546 0.02882951 0.03498619 0.005763173 0.03800833 0.03498637 0.005692005 0.0380029 0.03298276 0.005931079 0.03725254 0.03298282 0.005866527 0.03724747 0.03298282 0.009850919 0.03724747 0.03298604 0.0121299 0.03685802 0.03298664 0.01314735 0.03642648 0.03298258 0.0140863 0.03575724 0.03296434 0.01492667 0.03480219 0.03292608 0.0155487 0.03372639 0.03286004 0.01601761 0.03252744 0.03117698 0.009850859 0.03656303 0.03207159 0.01517444 0.03415149 0.03168773 0.01441377 0.03501647 0.03143703 0.01354891 0.03564345 0.03129017 0.01260137 0.03606951 0.03120523 0.01133126 0.03638827 0.03298276 0.009786307 0.03725254 0.03298282 0.009850919 0.03724747 0.03298276 0.005931079 0.03725254 0.03298282 0.005866527 0.03724747 0.03117698 0.005866527 0.03656303 0.03117698 0.009850859 0.03656303 0.03498637 0.01002538 0.0380029 0.03498619 0.009954214 0.03800833 0.03298282 0.009850919 0.03724747 0.03298276 0.009786307 0.03725254 9.96194e-4 0.016828 -0.002093195 0.001249372 0.0168336 -0.001874506 0.001447677 0.01684099 -0.001605808 0.001581609 0.01684939 -0.001299142 0.001644432 0.01685792 -9.70517e-4 0.001632869 0.01686549 -6.36487e-4 0.001547157 0.01687133 -3.1242e-4 0.001392304 0.01687467 -1.64136e-5 0.001174867 0.0168752 2.38838e-4 9.06778e-4 0.01687306 4.39034e-4 6.01522e-4 0.01686865 5.74599e-4 2.7281e-4 0.01686263 6.39317e-4 -6.17341e-5 0.01685601 6.29622e-4 -3.85046e-4 0.01684975 5.46092e-4 -5.46693e-4 0.01684689 4.7334e-4 -6.98333e-4 0.01684433 3.82345e-4 -6.98331e-4 -0.001126825 3.82336e-4 -4.01214e-4 -0.001131951 5.40013e-4 -7.77906e-5 -0.00113821 6.27278e-4 2.57561e-4 -0.001144826 6.40617e-4 5.88158e-4 -0.001150906 5.78813e-4 8.95932e-4 -0.001155436 4.45313e-4 0.001166164 -0.001157701 2.46922e-4 0.001386225 -0.001157224 -7.4869e-6 0.0015437 -0.001153945 -3.04013e-4 0.001631379 -0.001148164 -6.27334e-4 0.001644909 -0.001140594 -9.62826e-4 0.001583695 -0.001132071 -0.001292765 0.001450717 -0.001123666 -0.001600623 0.001251637 -0.001116216 -0.001871883 0.001129806 -0.001113057 -0.00199002 9.96196e-4 -0.001110494 -0.002093255 0.04699331 0.01575541 0.01719665 0.04946309 0.01522278 0.01782757 0.05180466 0.01469933 0.01881819 0.05399435 0.01417207 0.02016258 0.05622988 0.01364672 0.02209699 0.05745267 0.01340192 0.0235036 0.05851978 0.01328557 0.02504491 0.05851978 0.002431809 0.02504491 0.05722063 0.002273857 0.02321177 0.0557022 0.00195223 0.02157646 0.05399435 0.001545369 0.02016252 0.05181246 0.001019895 0.01882231 0.04946213 4.94444e-4 0.01782727 0.04699331 -3.79793e-5 0.01719665 0.04425364 0.01667821 0.01937818 0.04425364 0.01667821 0.01937818 0.04423063 0.01667201 0.01930797 0.04423063 -9.5454e-4 0.01930797 0.04423063 -9.5454e-4 0.01930797 0.04425364 -9.60754e-4 0.01937812 0.04699331 0.01575541 0.01719665 0.04555189 0.01626783 0.01816117 0.04423063 0.01667201 0.01930797 0.04423063 -9.5454e-4 0.01930797 0.04555189 -5.50376e-4 0.01816117 0.04699331 -3.79793e-5 0.01719665 0.04424452 0.01285868 0.03106337 0.04298692 0.01285868 0.0308538 0.04176622 0.01285868 0.03048592 0.0406022 0.01285868 0.02996569 0.04026228 0.01285868 0.02973991 0.03997528 0.01285868 0.02944988 0.03975307 0.01285868 0.02910757 0.03921967 0.01285868 0.03331965 0.03922992 0.01285868 0.03597474 0.03950476 0.01285868 0.03861433 0.04065966 0.01285868 0.03808057 0.04183667 0.01285868 0.03761208 0.04430973 0.01285868 0.03702521 0.04501193 0.01285868 0.03685033 0.04565185 0.01285868 0.03651231 0.04619222 0.01285868 0.03603094 0.04660159 0.01285868 0.03543418 0.0468561 0.01285868 0.03475672 0.04694098 0.01285868 0.03403806 0.04685133 0.01285868 0.03331995 0.04659235 0.01285868 0.03264421 0.04617905 0.01285868 0.03205019 0.04563558 0.01285868 0.03157234 0.04520237 0.01285868 0.03132599 0.04473441 0.01285868 0.03115475 0.0447883 0.01285868 0.03281015 0.04446744 0.01285868 0.03264337 0.04411602 0.01285868 0.0325582 0.04375439 0.01285868 0.03255963 0.04340362 0.01285868 0.03264755 0.04308408 0.01285868 0.03281682 0.04281437 0.01285868 0.03305768 0.0426101 0.01285868 0.03335607 0.04248321 0.01285868 0.03369468 0.04244101 0.01285868 0.03405386 0.04248601 0.01285868 0.03441262 0.04261559 0.01285868 0.03475022 0.04282218 0.01285868 0.03504705 0.04309374 0.01285868 0.03528577 0.04341459 0.01285868 0.03545254 0.04376602 0.01285868 0.03553771 0.04412764 0.01285868 0.03553628 0.04447841 0.01285868 0.03544837 0.04479795 0.01285868 0.03527909 0.04506766 0.01285868 0.03503823 0.04527193 0.01285868 0.03473985 0.04539883 0.01285868 0.03440123 0.04544103 0.01285868 0.03404211 0.04539602 0.01285868 0.0336833 0.04526644 0.01285868 0.03334569 0.04505991 0.01285868 0.03304892 0.04430973 0.002858698 0.03702521 0.04501193 0.002858698 0.03685027 0.04565185 0.002858698 0.03651231 0.04619222 0.002858698 0.03603094 0.04660159 0.002858698 0.03543418 0.0468561 0.002858698 0.03475672 0.04694098 0.002858698 0.03403806 0.04685133 0.002858698 0.03331995 0.04659235 0.002858698 0.03264421 0.04617905 0.002858698 0.03205019 0.04563558 0.002858698 0.03157234 0.04520237 0.002858698 0.03132599 0.04473441 0.002858698 0.03115475 0.04424452 0.002858698 0.03106337 0.0406022 0.002858698 0.02996569 0.04176622 0.002858698 0.03048592 0.04298692 0.002858698 0.0308538 0.03975307 0.002858698 0.02910757 0.03997528 0.002858698 0.02944988 0.04026228 0.002858698 0.02973991 0.03950476 0.002858698 0.03861433 0.03919351 0.002858698 0.03438311 0.0393356 0.002858698 0.03173053 0.04264849 0.002858698 0.03735792 0.04105377 0.002858698 0.03791177 0.04309374 0.002858698 0.03528577 0.04341459 0.002858698 0.03545254 0.04376602 0.002858698 0.03553771 0.04412764 0.002858698 0.03553628 0.04447841 0.002858698 0.03544837 0.04479795 0.002858698 0.03527909 0.04506766 0.002858698 0.03503823 0.04527193 0.002858698 0.03473985 0.04539883 0.002858698 0.03440123 0.04544103 0.002858698 0.03404211 0.04539602 0.002858698 0.0336833 0.04526644 0.002858698 0.03334569 0.04505991 0.002858698 0.03304886 0.0447883 0.002858698 0.03281015 0.04446744 0.002858698 0.03264337 0.04411602 0.002858698 0.0325582 0.04375439 0.002858698 0.03255963 0.04340362 0.002858698 0.03264755 0.04308408 0.002858698 0.03281682 0.04281437 0.002858698 0.03305768 0.0426101 0.002858698 0.03335607 0.04248321 0.002858698 0.03369468 0.04244101 0.002858698 0.0340538 0.04248601 0.002858698 0.03441262 0.04261559 0.002858698 0.03475022 0.04282218 0.002858698 0.03504705 0.04563558 0.01285868 0.03157234 0.04563558 0.002858698 0.03157234 0.04430973 0.01285868 0.03702521 0.04501193 0.01285868 0.03685033 0.04565185 0.01285868 0.03651231 0.04619222 0.01285868 0.03603094 0.04660159 0.01285868 0.03543418 0.0468561 0.01285868 0.03475672 0.04694098 0.01285868 0.03403806 0.04685133 0.01285868 0.03331995 0.04659235 0.01285868 0.03264421 0.04617905 0.01285868 0.03205019 0.04441642 0.01066875 0.03701007 0.04441642 0.005048394 0.03701007 0.04430973 0.002858698 0.03702521 0.04501193 0.002858698 0.03685027 0.04565185 0.002858698 0.03651231 0.04619222 0.002858698 0.03603094 0.04660159 0.002858698 0.03543418 0.0468561 0.002858698 0.03475672 0.04694098 0.002858698 0.03403806 0.04685133 0.002858698 0.03331995 0.04659235 0.002858698 0.03264421 0.04617905 0.002858698 0.03205019 0.04309374 0.002858698 0.03528577 0.04341459 0.002858698 0.03545254 0.04376602 0.002858698 0.03553771 0.04412764 0.002858698 0.03553628 0.04447841 0.002858698 0.03544837 0.04479795 0.002858698 0.03527909 0.04506766 0.002858698 0.03503823 0.04527193 0.002858698 0.03473985 0.04539883 0.002858698 0.03440123 0.04544103 0.002858698 0.03404211 0.04539602 0.002858698 0.0336833 0.04526644 0.002858698 0.03334569 0.04505991 0.002858698 0.03304886 0.0447883 0.002858698 0.03281015 0.0447883 0.01285868 0.03281015 0.04309374 0.01285868 0.03528577 0.04341459 0.01285868 0.03545254 0.04376602 0.01285868 0.03553771 0.04412764 0.01285868 0.03553628 0.04447841 0.01285868 0.03544837 0.04479795 0.01285868 0.03527909 0.04506766 0.01285868 0.03503823 0.04527193 0.01285868 0.03473985 0.04539883 0.01285868 0.03440123 0.04544103 0.01285868 0.03404211 0.04539602 0.01285868 0.0336833 0.04526644 0.01285868 0.03334569 0.04505991 0.01285868 0.03304892 0.04430973 0.01285868 0.03702521 0.04441642 0.01066875 0.03701007 0.04250705 0.0104174 0.03751754 0.04073631 0.01017606 0.03839629 0.03917419 0.009954214 0.03961163 0.03898179 0.01335871 0.03850328 0.03907781 0.01230496 0.03909444 0.03914326 0.01115709 0.03945231 0.03950476 0.01285868 0.03861433 0.03939944 0.01287114 0.03865623 0.03933501 0.01289111 0.03867471 0.03927266 0.01292037 0.03868609 0.03921884 0.01295453 0.03868949 0.03916907 0.0129947 0.03868597 0.03912454 0.01303982 0.03867542 0.03908598 0.01308828 0.03865849 0.03904414 0.01315617 0.03862774 0.03900998 0.01323431 0.03858447 0.03899204 0.01329642 0.03854548 0.04065966 0.01285868 0.03808057 0.04183667 0.01285868 0.03761208 0.04441642 0.01066875 0.03701007 0.04441642 0.005048394 0.03701007 0.04250705 0.005299806 0.03751748 0.04073631 0.005541265 0.03839629 0.03917419 0.005763173 0.03961163 0.03917419 0.009954214 0.03961163 0.04250705 0.0104174 0.03751754 0.04073631 0.01017606 0.03839629 0.04441642 0.005048513 0.03701007 0.03898179 0.002358675 0.03850328 0.03900665 0.002473473 0.03857862 0.03905874 0.002587318 0.03864043 0.03912258 0.002675354 0.03867477 0.03917157 0.002724885 0.03868633 0.03923392 0.002773344 0.03868919 0.03930211 0.002812147 0.03868162 0.03936588 0.002837061 0.0386666 0.03942382 0.002851307 0.03864771 0.03946441 0.00285685 0.03863191 0.03950476 0.002858698 0.03861433 0.03917419 0.005763173 0.03961163 0.03912591 0.004174411 0.03936052 0.03906327 0.003227233 0.03901046 0.04441642 0.005048394 0.03701007 0.04250705 0.005299806 0.03751748 0.04073631 0.005541265 0.03839629 0.04430973 0.002858698 0.03702521 0.04264849 0.002858698 0.03735792 0.04105377 0.002858698 0.03791177 0.04424452 0.002858698 0.03106337 0.04424452 0.01285868 0.03106337 0.04298692 0.01285868 0.0308538 0.04176622 0.01285868 0.03048592 0.0406022 0.01285868 0.02996569 0.0406022 0.002858698 0.02996569 0.04176622 0.002858698 0.03048592 0.04298692 0.002858698 0.0308538 0.03898179 0.002358675 0.03850328 0.03900665 0.002473473 0.03857862 0.03905874 0.002587318 0.03864043 0.03912258 0.002675354 0.03867477 0.03917157 0.002724885 0.03868633 0.03923392 0.002773344 0.03868919 0.03930211 0.002812147 0.03868162 0.03936588 0.002837061 0.0386666 0.03942382 0.002851307 0.03864771 0.03946441 0.00285685 0.03863191 0.03950476 0.002858698 0.03861433 0.03919351 0.002858698 0.03438311 0.0393356 0.002858698 0.03173053 0.03975307 0.002858698 0.02910757 0.03961139 0.002581059 0.02764111 0.03956407 0.002574145 0.02784425 0.03953838 0.002608358 0.02804869 0.03953659 0.002685129 0.02831548 0.03957659 0.002774775 0.02861088 0.03964704 0.002833902 0.02886104 0.03924232 0.002358675 0.02910423 0.03874534 0.002358675 0.03281545 0.03871303 0.002358675 0.03559088 0.03936475 0.002645313 0.02896487 0.03939646 0.002712249 0.0290839 0.03914934 0.002712249 0.03041112 0.03893166 0.002712249 0.03225874 0.03885501 0.002712249 0.03360253 0.03884321 0.002712249 0.03498363 0.03896141 0.002712249 0.03712987 0.03914088 0.002712249 0.03857553 0.03917706 0.002739667 0.03861492 0.039195 0.002755045 0.03860646 0.03923261 0.002777576 0.03864097 0.03950476 0.01285868 0.03861433 0.03939944 0.01287114 0.03865623 0.03933501 0.01289111 0.03867471 0.03927266 0.01292037 0.03868609 0.03921884 0.01295453 0.03868949 0.03916907 0.0129947 0.03868597 0.03912454 0.01303982 0.03867542 0.03908598 0.01308828 0.03865849 0.03904414 0.01315617 0.03862774 0.03900998 0.01323431 0.03858447 0.03899204 0.01329642 0.03854548 0.03898179 0.01335871 0.03850328 0.0387004 0.01335871 0.03389847 0.03888142 0.01335871 0.03128951 0.03924232 0.01335871 0.02910423 0.03961139 0.01313632 0.02764111 0.03975307 0.01285868 0.02910757 0.03963589 0.0128889 0.02882885 0.03956347 0.01296174 0.02854347 0.03953391 0.01305097 0.0282557 0.03954666 0.01312756 0.02796226 0.03957217 0.01314556 0.02780163 0.03921967 0.01285868 0.03331965 0.03922992 0.01285868 0.03597474 0.03887718 0.01300513 0.03598278 0.03914088 0.01300513 0.03857553 0.03916996 0.01298081 0.03859281 0.03919965 0.01295912 0.0386089 0.03923857 0.01293468 0.0386269 0.03897184 0.01300549 0.03724074 0.03884243 0.01300549 0.03494995 0.03885501 0.01300519 0.03360295 0.03892803 0.01300519 0.03230339 0.03918886 0.01300513 0.0301662 0.03939646 0.01300513 0.02908408 0.03936243 0.01308006 0.02895003 0.03975307 0.01285868 0.02910757 0.03963589 0.0128889 0.02882885 0.03956347 0.01296174 0.02854347 0.03953391 0.01305097 0.0282557 0.03954666 0.01312756 0.02796226 0.03957217 0.01314556 0.02780163 0.03961139 0.01313632 0.02764111 0.03961139 0.002581059 0.02764111 0.03956407 0.002574145 0.02784425 0.03953838 0.002608358 0.02804869 0.03953659 0.002685129 0.02831548 0.03957659 0.002774775 0.02861088 0.03964704 0.002833902 0.02886104 0.03975307 0.002858698 0.02910757 0.03997528 0.002858698 0.02944988 0.04026228 0.002858698 0.02973991 0.0406022 0.002858698 0.02996569 0.0406022 0.01285868 0.02996569 0.04026228 0.01285868 0.02973991 0.03997528 0.01285868 0.02944988</float_array>
          <technique_common>
            <accessor source="#__4_-mesh-positions-array" count="1446" stride="3">
              <param name="X" type="float"/>
              <param name="Y" type="float"/>
              <param name="Z" type="float"/>
            </accessor>
          </technique_common>
        </source>
        <source id="__4_-mesh-normals">
          <float_array id="__4_-mesh-normals-array" count="4293">0.7459033 2.33864e-7 -0.6660543 0.5648618 4.99923e-7 -0.8251856 0.5648129 2.55751e-7 -0.825219 0.7459107 2.55688e-7 -0.666046 0.8836313 2.39166e-7 -0.4681836 0.8836377 0 -0.4681715 0.9699987 1.37011e-7 -0.2431102 0.9999924 0 -0.0039137 0.9700003 0 -0.243104 0.9999924 0 -0.003909945 0.9718715 0 0.235512 0.9718704 -2.4753e-7 0.2355163 0.8872679 0 0.4612545 0.8872666 -3.72143e-7 0.461257 0.7511008 -2.76221e-7 0.6601877 0.7511009 0 0.6601876 0.5712763 -4.16787e-7 0.8207579 0.5712763 -1.29755e-7 0.8207579 0.3582541 -4.39283e-7 0.9336242 0.3582541 -2.54633e-7 0.9336242 0.1244174 -3.68828e-7 0.99223 -0.1166595 -3.14723e-7 0.993172 0.1244174 -3.14723e-7 0.9922301 -0.1166519 -4.38489e-7 0.9931729 -0.3509343 -2.58381e-7 0.9364001 -0.3509468 -4.71565e-7 0.9363954 -0.5648371 -4.24839e-7 0.8252025 -0.5648432 -2.49679e-7 0.8251983 0.2644576 3.6951e-7 -0.9643973 0.1012374 -3.77332e-6 -0.9948623 0.2644524 2.73366e-7 -0.9643988 0.1012374 4.45214e-6 -0.9948624 0.420445 2.97818e-7 -0.9073181 0.4204536 3.65416e-7 -0.9073141 0.5648497 4.27995e-6 -0.8251938 0.5648748 -3.62918e-6 -0.8251767 -0.4686656 -6.64402e-7 0.8833757 -0.5648336 -2.3029e-6 0.825205 -0.5648536 -6.83511e-4 0.8251909 -0.3677063 -3.94985e-5 0.9299421 -0.3661152 -1.18312e-4 0.9305696 -0.1529486 2.33105e-5 0.9882342 -0.149488 -8.36142e-6 0.9887636 0.07032603 3.85833e-5 0.997524 0.07393819 -1.80066e-6 0.9972628 0.2897501 3.92542e-5 0.9571024 0.2938982 -3.9192e-6 0.9558368 0.494351 1.76906e-6 0.8692624 0.4992493 -7.23099e-6 0.8664584 0.6749511 -2.06583e-5 0.7378625 0.6790198 3.88601e-6 0.73412 0.8215073 -1.01827e-5 0.5701981 0.8255852 -6.56818e-5 0.5642777 0.9277312 6.32693e-5 0.3732491 0.9304857 -7.0561e-5 0.3663282 0.9873871 6.85018e-5 0.1583251 0.9886184 -7.41126e-5 0.1504448 0.9979261 7.74418e-5 -0.06437075 0.9973236 -7.87039e-5 -0.07311379 0.9588289 8.90206e-5 -0.2839844 0.9559877 -8.56756e-5 -0.2934067 0.8718731 9.45922e-5 -0.4897318 0.8667211 -8.94046e-5 -0.4987931 0.7421306 2.28257e-4 -0.6702553 0.7344542 -2.94803e-5 -0.6786584 0.6580533 2.70539e-5 -0.7529714 0.5648564 3.45123e-6 -0.8251892 0.5648513 7.02474e-4 -0.8251925 0.9775012 1.15056e-6 0.21093 0.9774994 1.8389e-6 0.2109385 0.9931817 0 0.1165769 0.9930872 -3.86518e-5 0.1173793 0.9998358 3.40398e-7 0.01812523 0.999751 -1.56714e-5 0.02231436 0.9980471 1.5283e-5 -0.0624668 0.9941503 6.85081e-6 -0.1080058 0.9889597 -5.54696e-6 -0.1481855 0.9931833 -9.05246e-7 0.116564 0.9774994 -2.00117e-6 0.2109382 0.9775046 -9.52743e-7 0.210914 0.99815 1.43629e-5 0.06080073 0.9979674 2.08872e-6 0.0637266 0.9998873 5.66058e-6 0.01501435 0.9990203 3.19816e-6 -0.04425328 0.9992949 1.52481e-5 -0.0375486 0.9950261 1.0686e-5 -0.09961605 0.9889585 3.76254e-7 -0.1481929 0.2625716 -0.8552207 -0.4468265 0.3250733 -0.7616193 -0.5605921 0.3911044 -0.6326938 -0.6683831 0.2300126 -0.8898922 -0.3939369 0.2009096 -0.9162907 -0.3464774 0.166738 -0.9421164 -0.2908871 0.2327312 -0.8827382 -0.4081783 0.1665546 -0.9401957 -0.2971392 0.1102486 -0.9732788 -0.2014287 0.2126504 -0.9075224 -0.3621916 0.3022342 -0.8046191 -0.5111191 0.1903866 -0.925943 -0.3261634 0.1715849 -0.9397596 -0.295653 0.156514 -0.9496803 -0.2713129 0.1408084 -0.9590647 -0.2456986 0.1192302 -0.9701843 -0.2110137 0.06759107 -0.9893591 -0.1288409 0.06303948 -0.9909965 -0.1181187 0.1420215 -0.9609775 -0.2373859 0.05580741 -0.9931568 -0.1025924 0.2335211 -0.898615 -0.3714286 0.5493881 -0.2755887 -0.7888116 0.5475892 -0.0799061 -0.8329233 0.5912687 -0.08780777 -0.8016803 0.08068722 -0.9877468 -0.1335885 0.1760199 -0.9670972 -0.1836843 0.05865216 -0.9937744 -0.09472346 0.1039376 -0.9806921 -0.1656503 0.4852841 -0.3161737 -0.8151893 0.5016264 -0.1815947 -0.8458099 0.5087457 -0.08638101 -0.8565725 0.4815858 -0.3246827 -0.8140372 0.4417796 -0.4919341 -0.7502211 0.4368556 -0.5184924 -0.7350667 0.4697976 -0.3979979 -0.7879645 0.4884302 -0.3364956 -0.8051128 0.4405116 -0.5216244 -0.7306556 0.3542752 -0.7355872 -0.5774084 0.5150669 -0.2233075 -0.8275505 0.1574985 -0.9501157 -0.2692109 0.5009431 -0.3614786 -0.7863774 0.1428464 -0.9590826 -0.2444495 0.4270067 -0.6012972 -0.6753569 0.2398312 -0.8887091 -0.3907393 0.1686788 -0.9438912 -0.2839313 0.4616041 -0.519599 -0.7189844 0.3325943 -0.7823399 -0.5266169 0.3868178 -0.6969116 -0.6038928 0.3318499 -0.7869336 -0.520203 0.4653151 -0.5265667 -0.711484 0.4972115 -0.4438425 -0.7455096 0.4129261 -0.6585665 -0.6291123 0.5165802 -0.3867967 -0.7638934 0.445025 -0.6116909 -0.6540544 0.2946298 -0.8442873 -0.4476295 0.1462726 -0.9599828 -0.2388248 0.3202066 -0.8184928 -0.4770085 0.116398 -0.9742945 -0.1928776 0.3341107 -0.8038044 -0.492208 0.1470093 -0.9630332 -0.2257332 0.3804965 -0.7515643 -0.538863 0.07150888 -0.9895983 -0.1248271 0.2800396 -0.8807731 -0.3818594 0.1264778 -0.9722099 -0.1970064 0.2888566 -0.9056977 -0.3102801 0.4087159 -0.7816818 -0.4710893 0.5161378 -0.3301298 -0.7903266 0.2515416 -0.8836916 -0.3947356 0.1408082 -0.9637954 -0.2264323 0.5517755 -0.3279844 -0.7667921 0.553894 -0.3565831 -0.7523629 0.5857471 -0.2270982 -0.7780276 0.5549347 -0.4401034 -0.7059437 0.5900708 -0.1367982 -0.7956775 0.5368719 -0.4271851 -0.7275174 0.5029497 -0.6079029 -0.6144068 0.1470084 -0.9798357 -0.1353164 0.1768952 -0.9670291 -0.1832016 0.1873682 -0.967532 -0.1696324 0.1157453 -0.9867515 -0.1136865 0.05866819 -0.9937727 -0.09473079 0.14682 -0.9799635 -0.1345937 0.08708959 -0.991658 -0.09502518 0.4258878 -0.852785 -0.3022868 0.3524399 -0.8895219 -0.2907525 0.5580447 -0.7139301 -0.422954 0.5925059 -0.2939971 -0.7500016 0.5912709 -0.08779299 -0.8016802 0.6374933 -0.09068632 -0.7651003 0.5028107 -0.6079146 -0.6145089 0.5545365 -0.4401103 -0.7062522 0.5853419 -0.2272078 -0.7783004 0.5899109 -0.1368973 -0.7957791 0.5179007 -0.5989892 -0.6107298 0.3452838 -0.8589913 -0.3780386 0.289327 -0.9056611 -0.3099483 0.4088054 -0.7816826 -0.4710099 0.2372161 -0.9459739 -0.2210473 0.5357876 -0.5916833 -0.6023641 0.5700616 -0.5355949 -0.6230311 0.6716844 -0.2644619 -0.692026 0.7931553 -0.08980554 -0.6023618 0.7826339 -0.1725082 -0.5981014 0.7430138 -0.3408042 -0.5760062 0.4727044 -0.730269 -0.4932117 0.2913825 -0.9197462 -0.2629889 0.5950542 -0.539182 -0.5959811 0.6680802 -0.5338135 -0.5183745 0.3567169 -0.8542768 -0.3781062 0.3938328 -0.8191109 -0.4170771 9.43645e-4 -0.9996888 -0.02492719 0.003808617 -0.9995941 -0.0282374 0.01740568 -0.9986746 -0.0484389 0.002894401 -0.9996047 -0.02797007 0.00434482 -0.9995328 -0.03025448 0.06764906 -0.9893444 -0.128924 -0.001523911 -0.9997655 -0.02160477 -0.008392691 -0.9999068 -0.0107758 0.00515002 -0.9994874 -0.03159797 -0.004223644 -0.9998443 -0.01713758 0.005345642 -0.9994716 -0.03206408 0.005231976 -0.9994773 -0.03190255 -0.007324934 -0.9998922 -0.01273036 -0.01987218 -0.9997854 0.005866944 0.004952609 -0.9994918 -0.03149056 -0.01027899 -0.9999141 -0.008129477 0.003907859 -0.9995436 -0.02995598 -0.0134021 -0.9999038 -0.003605246 -0.03243553 -0.9991895 0.02384209 -0.01634883 -0.9998661 6.86621e-4 -0.01888394 -0.9998121 0.004397094 -0.04525643 -0.9980831 0.04221451 -0.02086549 -0.9997558 0.007290005 -0.02215999 -0.9997124 0.009183704 -0.05721956 -0.9965872 0.05949711 -0.02250093 -0.9997 0.00967884 -0.06618362 -0.9951733 0.07245534 -0.02260589 -0.9996961 0.009833812 -0.02221965 -0.9997102 0.009268105 -0.0725488 -0.9940244 0.08156085 -0.02089214 -0.9997534 0.007535994 -0.01906144 -0.9998075 0.00466299 0.06311607 -0.9909789 -0.1182254 -0.002140045 -0.9997826 -0.02074301 3.03704e-4 -0.9996994 -0.02451694 0.002300322 -0.9996158 -0.02762573 -0.03898459 -0.9986514 0.03428816 -0.01656949 -0.9998623 0.001017391 -0.01382273 -0.9998996 -0.003152191 -0.01077646 -0.999913 -0.00761795 -0.007736802 -0.9998956 -0.01220518 -0.004855215 -0.9998496 -0.01664954 -0.01333332 -0.999898 -0.005129516 0.003617167 -0.9995252 -0.03060132 0.05586248 -0.9931442 -0.1026843 0.0120508 -0.9990435 -0.04203593 0.01064419 -0.9991438 -0.03998225 0.002756714 -0.9995499 -0.02987462 -0.05503982 -0.997593 0.04217851 -0.0403003 -0.9989039 0.02380955 -0.01169526 -0.9996079 -0.02544301 -0.07263135 -0.9946715 0.07316696 0.03201305 -0.9971951 -0.06765609 -0.01046377 -0.9998559 -0.01336586 -0.02425503 -0.9996988 0.003750145 0.0586549 -0.9937747 -0.09471887 0.02547627 -0.9978593 -0.06023079 -0.6049456 1.48732e-6 -0.7962669 -0.6049352 -8.25618e-7 -0.7962748 -0.4642983 -8.47131e-6 -0.885679 -0.4643073 -1.8796e-5 -0.8856743 -0.7669767 -6.63009e-6 -0.6416749 -0.7669769 7.12276e-6 -0.6416749 -0.1495774 1.59419e-6 -0.9887501 -0.04515051 1.64621e-5 -0.9989803 -0.02425521 -7.38725e-6 -0.9997059 -0.07221114 7.16001e-6 -0.9973894 -0.1150944 5.06174e-7 -0.9933546 -0.2066955 1.07549e-5 -0.9784054 -0.3177942 1.64211e-5 -0.9481598 -0.1487461 -2.25939e-6 -0.9888755 0.004626989 1.01444e-6 -0.9999893 0.005984783 -1.0184e-6 -0.9999822 -0.001566052 -5.67827e-6 -0.9999989 -0.01088601 2.32644e-6 -0.9999408 -0.1487601 3.23355e-6 -0.9888734 -0.001543402 5.64381e-7 -0.9999988 -0.01096689 -3.16463e-6 -0.9999399 -0.02422946 1.60187e-7 -0.9997065 -0.04516822 7.17118e-6 -0.9989794 -0.07229346 1.6002e-5 -0.9973834 -0.1151011 1.57207e-6 -0.9933539 -0.2066912 -1.0401e-5 -0.9784063 -0.3178098 5.88596e-6 -0.9481546 0.5427525 0.07970839 -0.836102 0.5679562 0.08179169 -0.8189846 0.5476103 -0.0794816 -0.83295 0.5088411 -0.08631002 -0.8565228 0.5111789 -0.009395897 -0.8594231 0.5107173 0.03789812 -0.8589131 0.5087648 0.08629423 -0.8565697 0.5815525 4.82809e-6 -0.8135089 0.5912811 -0.08772212 -0.8016805 0.5912883 0.08768475 -0.8016793 0.5912864 0.08768814 -0.8016803 0.6375037 -0.09059852 -0.765102 0.5912864 -0.08768784 -0.8016803 0.6374992 0.09068298 -0.7650957 0.6942945 2.12528e-6 -0.719691 0.7931595 -0.08979862 -0.6023572 0.7931596 0.08980035 -0.6023568 0.4827212 -0.818098 -0.3125639 0.4257153 -0.8528339 -0.3023917 0.5580055 -0.7138954 -0.4230642 0.4662522 -0.8365442 -0.2877547 0.5866768 -0.6951636 -0.4154008 0.4711452 -0.8311021 -0.2954515 0.6905518 -0.5105988 -0.5122765 0.7932487 -0.08980458 -0.602239 0.7902653 -0.08680325 -0.6065857 0.668206 -0.5337797 -0.5182472 0.7435382 -0.3408154 -0.5753225 0.7829817 -0.17251 -0.5976454 0.5147507 -0.8043119 -0.2968405 0.6934233 -0.5292056 -0.4889843 0.6838402 -0.5207152 -0.5110952 0.7496635 -0.3311737 -0.5729998 0.7822065 -0.1648041 -0.6008267 0.9607957 1.25071e-6 0.2772579 0.9456503 4.54858e-6 0.3251855 0.9775015 0 0.210929 0.9775022 -2.51457e-7 0.2109254 0.9775062 2.0694e-6 0.2109066 0.9608038 5.0969e-6 0.2772295 0.9775021 -8.79455e-7 0.2109258 0.9326896 2.14926e-6 0.3606801 0.848928 1.38395e-6 0.5285086 0.6460063 -1.80304e-6 0.7633322 0.7683861 -1.53035e-5 0.6399866 0.8352861 -3.0708e-6 0.5498155 0.9026983 -3.48227e-6 0.4302742 0.8980637 0 0.4398657 0.8770645 1.24667e-5 0.4803727 0.8771162 -3.99817e-6 0.4802784 0.9122722 4.15184e-6 0.4095846 0.8288655 7.21565e-6 0.559448 0.645996 2.12773e-6 0.7633409 0.8489451 4.89317e-6 0.5284812 0.8937169 -2.13785e-6 0.4486314 0.8352873 -3.80634e-5 0.5498138 0.7685118 -1.0591e-4 0.6398357 0.877064 2.92668e-6 0.4803737 0.89811 9.76585e-6 0.4397711 0.05137586 -0.9968112 -0.06105822 0.05865842 -0.9937738 -0.09472656 0.08717197 -0.9916424 -0.09511232 -0.01190161 -0.9996014 -0.02560555 0.02486085 -0.9993743 -0.02515882 -0.01588737 -0.9985635 0.05117189 -0.07261079 -0.994674 0.07315337 -0.07289385 -0.994438 0.07602381 -0.05336946 -0.9883423 0.1425879 -0.01338803 -0.9998976 -0.005063056 -0.08529675 -0.9815045 0.1713869 -0.03889322 -0.9986536 0.0343275 -0.1197064 -0.9554997 0.2696121 -0.1233313 -0.9602847 0.2502852 -0.04273217 -0.9982596 0.04064464 -0.06829684 -0.9946262 0.07780885 0.003549933 -0.9995284 -0.03050589 -0.02545672 -0.9995852 0.01347458 0.01213663 -0.9990444 -0.04198938 -0.02133548 -0.9997521 0.006381392 0.01063877 -0.9991438 -0.03998255 -0.02679795 -0.9995526 0.01329094 0.002761363 -0.9995501 -0.02986955 -0.03633517 -0.9989971 0.02616477 -0.01053535 -0.9998564 -0.01327836 -0.04559463 -0.9982137 0.03860938 -0.02431571 -0.999697 0.003832161 -0.2959598 -0.9526337 0.06997859 -0.04034876 -0.9989036 0.0237438 -0.05516958 -0.9975847 0.04220396 -0.359333 -0.9293754 0.08450609 -0.0548346 -0.9971779 0.05127745 -0.2162491 -0.9729717 0.08100914 -0.06362891 -0.9959146 0.06407457 -0.217571 -0.9725155 0.08292597 -0.05518293 -0.9975842 0.04219883 -0.07261055 -0.994673 0.07316708 -0.2958668 -0.952659 0.07002705 -0.321896 -0.9424054 0.0908581 -0.3593125 -0.9293843 0.08449524 -0.3870253 -0.9165942 0.1003325 -0.2163478 -0.9729412 0.08111238 -0.06730389 -0.9952732 0.0700103 -0.06362432 -0.9959148 0.06407558 -0.2389239 -0.9656943 0.1017352 -0.08143085 -0.9919995 0.0964688 -0.03896021 -0.9986535 0.03425538 -0.1312214 -0.9583999 0.253477 -0.1640106 -0.9095136 0.3819498 -0.1410321 -0.9394099 0.3124406 -0.07256978 -0.9940215 0.08157891 -0.08540183 -0.9815102 0.1713024 -0.1197169 -0.9555042 0.2695919 -0.08683371 -0.9908881 0.1029593 -0.1233344 -0.9602845 0.250285 -0.06830012 -0.9946244 0.07782953 -0.860113 0 -0.5101037 -0.8601155 4.77448e-7 -0.5100993 -0.7669652 2.14011e-6 -0.6416889 -0.9514502 2.78131e-7 -0.3078029 -0.7669657 -1.61561e-6 -0.6416882 -0.9514787 5.43629e-6 -0.3077148 -0.9908374 0 -0.1350603 -0.990837 -3.50046e-7 -0.1350636 -0.9997535 -1.95478e-7 0.02220088 -0.9997532 -1.65437e-7 0.02221566 -0.9840749 -2.41413e-7 0.1777548 -0.9841012 -1.23466e-7 0.1776093 -0.9388272 0 0.3443888 -0.9388459 -1.89163e-6 0.3443378 -0.887193 -3.32971e-6 0.4613986 -0.887193 2.66141e-6 0.4613986 8.63338e-4 0.999687 -0.02500426 0.0173819 0.9986755 -0.04842758 0.003790438 0.9995952 -0.02820158 0.002893924 0.9996057 -0.02792924 0.004347741 0.9995328 -0.03025549 0.0676409 0.9893457 -0.1289185 -0.001534163 0.9997725 -0.02127808 -0.008389234 0.9999089 -0.01057839 0.005147874 0.9994869 -0.03161394 0.005372524 0.9994758 -0.03192722 -0.004338324 0.9998481 -0.01688474 0.00535655 0.999471 -0.03207916 -0.007353961 0.999893 -0.01264947 -0.01990121 0.9997847 0.005882978 0.004971444 0.9994912 -0.0315088 -0.01041197 0.9999141 -0.007971644 0.003939926 0.9995418 -0.03001517 -0.01349431 0.9999031 -0.003442943 -0.03242111 0.99919 0.02383679 -0.0164619 0.9998642 8.54853e-4 -0.01901942 0.9998086 0.004582226 -0.04526591 0.9980824 0.04221922 -0.02093315 0.9997537 0.007389426 -0.02220654 0.9997107 0.009255647 -0.05718684 0.9965901 0.05948132 -0.02260702 0.9996961 0.009835481 -0.06620663 0.995171 0.07246822 -0.02251213 0.9996996 0.009692907 -0.07255089 0.9940242 0.08156198 -0.0190097 0.9998088 0.004584014 -0.02091825 0.999754 0.007391691 -0.02208447 0.9997133 0.009250521 0.06311041 0.990979 -0.1182285 0.002442181 0.9996148 -0.0276485 3.20591e-4 0.9996995 -0.02451312 -0.002034544 0.9997794 -0.02090716 -0.03898328 0.9986515 0.0342859 -0.004807889 0.9998484 -0.01673561 -0.007695794 0.9998948 -0.01229828 -0.01075094 0.9999115 -0.007846057 -0.0137096 0.9999006 -0.00331217 -0.01646536 0.9998641 8.37558e-4 -0.0133326 0.9998981 -0.005127787 0.003627061 0.9995248 -0.03061401 0.05587953 0.993141 -0.1027063 0.00830388 0.9992772 -0.03709894 0.01153773 0.9990807 -0.04128903 0.01175111 0.9990728 -0.04141819 0.008111238 0.9992959 -0.03663372 7.51987e-5 0.9996491 -0.026488 -0.05504685 0.9975925 0.04217958 -0.01234936 0.999616 -0.02481073 -0.04028606 0.9989046 0.02380573 -0.0725488 0.9945932 0.07430464 0.03076308 0.9973326 -0.06619286 0.05865556 0.9937748 -0.09471726 -0.01463812 0.9998593 -0.008193254 0.02344721 0.9980405 -0.05801212 0.2009103 0.9162911 -0.3464766 0.2301031 0.889901 -0.393864 0.3250768 0.7616023 -0.5606132 0.1667381 0.9421169 -0.2908854 0.2327311 0.8827388 -0.408177 0.1665544 0.9401964 -0.2971371 0.1102489 0.9732789 -0.2014281 0.1904727 0.925893 -0.3262549 0.2625681 0.8552335 -0.4468041 0.1715887 0.9397579 -0.295656 0.1564937 0.9496774 -0.2713348 0.1407096 0.9590589 -0.2457782 0.1192329 0.9701839 -0.2110138 0.06759148 0.9893592 -0.1288408 0.06305676 0.9909928 -0.1181408 0.1427785 0.9604564 -0.2390351 0.05581593 0.9931548 -0.1026078 0.5697339 0.2180906 -0.7923635 0.5912777 0.08781915 -0.8016724 0.5679588 0.08218753 -0.8189433 0.5792467 0.2964898 -0.7593202 0.5560494 0.302187 -0.7742688 0.3850871 0.7592031 -0.5247081 0.5465655 0.4746003 -0.6899425 0.4786854 0.6629766 -0.5756061 0.3916563 0.8043043 -0.4468781 0.5019049 0.5055841 -0.7017666 0.4413751 0.6490187 -0.6196473 0.5336479 0.4014019 -0.7443766 0.08927458 0.9853555 -0.1452748 0.2082483 0.9255243 -0.3162869 0.2313953 0.9035516 -0.3606256 0.07274496 0.989767 -0.1227582 0.05867266 0.9937717 -0.09473866 0.4783531 0.3527955 -0.8041852 0.5088446 0.08641946 -0.8565097 0.5017302 0.1816021 -0.8457468 0.4815875 0.3246735 -0.8140396 0.4440705 0.4917824 -0.748967 0.4417858 0.4919142 -0.7502305 0.3911093 0.6326593 -0.668413 0.4551924 0.4561089 -0.7646992 0.417862 0.5739033 -0.7042915 0.4822853 0.3643156 -0.7966649 0.4207222 0.5770835 -0.6999768 0.3308669 0.7720218 -0.5426872 0.5114142 0.2372959 -0.8259215 0.5427318 0.07999706 -0.8360877 0.4924643 0.3874996 -0.7793093 0.148675 0.9553758 -0.2552508 0.4188919 0.615909 -0.6672224 0.2407963 0.8871204 -0.3937444 0.138079 0.9616118 -0.2371439 0.1651826 0.9460243 -0.278842 0.4602888 0.515809 -0.7225478 0.3331159 0.7796822 -0.5302165 0.3867031 0.6938894 -0.6074358 0.3322206 0.7845211 -0.5235994 0.4635174 0.5237847 -0.7147036 0.2343701 0.8972882 -0.3740915 0.4409621 0.5889078 -0.6773034 0.5183671 0.3314952 -0.7882934 0.3883305 0.705227 -0.593173 0.5433675 0.2169091 -0.8109886 0.5294042 0.334106 -0.7798106 0.4469276 0.5962017 -0.6669328 0.4749315 0.5332896 -0.7000303 0.1066536 0.9777267 -0.1807637 0.3807514 0.7312119 -0.5660014 0.4637895 0.5732817 -0.6754609 0.4761418 0.5514148 -0.6850042 0.3426124 0.7981157 -0.4956089 0.1836119 0.9459916 -0.2671827 0.1608589 0.9615565 -0.2225618 0.1410675 0.9782466 -0.1520976 0.2243868 0.9335144 -0.2796453 0.309762 0.8891687 -0.3367886 0.2154539 0.950402 -0.2243115 0.513049 0.3274165 -0.7934603 0.2033734 0.9234321 -0.325442 0.7903313 0.08679026 -0.6065014 0.7902004 0.08670717 -0.6066838 0.790205 -0.08670759 -0.6066778 0.7903289 -0.08681875 -0.6065005 0.7932359 0.08969652 -0.6022719 0.7932361 -0.0896961 -0.6022718 0.1872941 0.9675652 -0.169524 0.2162809 0.9503138 -0.2238895 0.1419077 0.97821 -0.1515501 0.1470382 0.979833 -0.1353045 0.1157354 0.98675 -0.1137091 0.1467835 0.979967 -0.1346085 0.05867624 0.9937717 -0.09473627 0.08708685 0.9916616 -0.09499114 0.4258518 0.8528267 -0.3022202 0.5038101 0.7786682 -0.3739669 0.3522331 0.8895894 -0.2907968 0.5881989 0.3223202 -0.7417087 0.5912805 0.08780533 -0.8016718 0.578847 0.2965057 -0.7596187 0.5462179 0.4746809 -0.6901624 0.4786153 0.6629802 -0.5756602 0.6374938 0.09071666 -0.7650963 0.5101501 0.6173284 -0.598876 0.3335951 0.870359 -0.3622009 0.3918294 0.804291 -0.4467505 0.3102036 0.8891152 -0.3365235 0.2372141 0.945974 -0.2210491 0.5357857 0.5917085 -0.6023411 0.6760584 0.2370158 -0.6976881 0.7932441 0.0898056 -0.6022449 0.7557641 0.2960076 -0.5841234 0.5699514 0.5356804 -0.6230585 0.4726428 0.7303841 -0.4931004 0.291438 0.9197043 -0.2630741 0.6025358 0.518895 -0.6063817 0.6966944 0.4703857 -0.5416219 0.5898562 0.6697027 -0.4511852 0.352732 0.8582527 -0.3728039 0.7824546 -0.1647939 -0.6005063 0.7903462 -0.08678489 -0.6064829 0.7902062 -0.0868147 -0.6066609 0.7762088 -0.2069992 -0.5955262 0.7503213 -0.3310817 -0.5721914 0.7201499 -0.4299867 -0.5445141 0.6845617 -0.5206222 -0.5102235 0.6300918 -0.6268824 -0.4582607 0.5870289 -0.6950699 -0.4150602 0.5402697 -0.7564213 -0.3686941 0.4710085 -0.8312412 -0.2952783 0.8387688 -2.12789e-5 0.5444878 0.7846227 -3.27975e-5 0.6199736 0.6810409 -2.09808e-5 0.7322454 0.8649582 1.52737e-6 0.5018441 0.4800882 -6.42538e-5 0.8772203 0.8747851 -4.63426e-6 0.4845113 0.4496707 -2.9498e-5 0.8931945 0.874786 -2.1193e-6 0.4845095 0.4497461 -1.86898e-5 0.8931565 0.4802914 9.54568e-5 0.877109 0.8650016 8.66875e-6 0.5017692 0.6811754 -1.84178e-5 0.7321203 0.7847433 -7.44164e-5 0.619821 0.8388816 2.15247e-5 0.5443141 0.4974536 0.8100735 -0.3103559 0.5037307 0.7786824 -0.3740442 0.425745 0.8528121 -0.3024116 0.5392402 0.7579969 -0.3669619 0.6146523 0.6524152 -0.4433477 0.5152378 0.8056209 -0.2924125 0.4661968 0.836586 -0.2877229 0.4709228 0.831301 -0.2952465 0.7234277 0.4160791 -0.5509361 0.7932451 0.08981961 -0.6022415 0.7563493 0.2958801 -0.5834303 0.6969901 0.4703013 -0.5413147 0.5897791 0.6697135 -0.4512699 0.7722421 0.2519009 -0.5832566 0.7903281 0.08680146 -0.6065039 0.7315076 0.4289994 -0.5299587 0.7442123 0.3831974 -0.5470905 0.7604979 0.2868149 -0.5825636 0.7091835 0.4586979 -0.5354019 0.04545527 0.9975147 -0.05383509 0.05864864 0.9937756 -0.09471243 -0.01259464 0.9996121 -0.02483969 0.08713465 0.9916475 -0.0950939 0.01519602 0.9998385 -0.009606242 -0.01590079 0.9985633 0.05117309 -0.07271701 0.9945631 0.07454341 -0.0533663 0.9883404 0.142602 -0.109313 -0.949186 0.2951216 -0.07295405 -0.9944258 0.07612627 -0.053429 -0.9883266 0.1426744 -0.08207654 -0.9679245 0.2374566 -0.1245841 -0.9200453 0.3714774 -0.108299 -0.9311473 0.34819 -0.1533358 -0.856434 0.4929594 -0.1464859 -0.8515071 0.5034655 -0.1940519 -0.7540737 0.6274685 -0.2032896 -0.7257125 0.6572783 -0.2521836 -0.5861429 0.7699611 -0.2843526 -0.52869 0.799769 -0.3101938 -0.3752851 0.873465 -0.3259599 -0.3839253 0.8639165 -0.3462046 -0.1788925 0.9209451 -0.3506609 -0.2293155 0.9079931 -0.3546747 -0.0738303 0.9320703 -0.3590876 -0.0713014 0.9305763 -0.3546962 -0.07120716 0.9322662 -0.05486035 -0.9971763 0.05128139 -0.02126044 -0.9997543 0.00627464 -0.02674561 -0.9995549 0.01322042 -0.0363205 -0.998998 0.02615386 -0.04557788 -0.9982147 0.03860479 -0.06361103 -0.995916 0.06407076 -0.02541446 -0.9995871 0.01340639 -0.06831365 -0.9946222 0.07784593 -0.04273825 -0.9982585 0.04066163 -0.2175474 -0.972522 0.08291119 -0.07266271 -0.9946527 0.07339 -0.07300621 -0.9944556 0.07568532 -0.2181386 -0.9722189 0.08488863 -0.3219707 -0.9423855 0.09079945 -0.3229644 -0.9418819 0.09247952 -0.3883441 -0.9158838 0.1017147 -0.3870149 -0.9166168 0.1001654 -0.2403624 -0.9651314 0.1036703 -0.2388745 -0.9656929 0.1018638 -0.08143275 -0.9919769 0.09669893 -0.08284002 -0.9916424 0.09890961 -0.9665129 -1.04569e-5 0.256618 -0.9116138 1.66297e-5 0.4110478 -0.887184 -7.88006e-6 0.461416 -0.9326681 2.5332e-6 0.360736 -0.9458208 -9.27597e-7 0.3246895 -0.9116115 -1.33812e-5 0.411053 -0.9296058 1.66893e-6 0.3685555 -0.8871829 7.07433e-6 0.4614179 -0.9708319 3.55067e-7 0.2397611 -0.9866026 0 0.1631426 -0.9866081 0 0.1631092 -0.9984334 3.24566e-7 0.05595439 -0.9999638 1.48616e-6 0.008518159 -0.9998635 7.76374e-7 -0.01652824 -0.9990597 -4.63799e-7 -0.04335737 -0.998512 1.1839e-6 -0.05453377 -0.9985113 0 -0.05454593 -0.3409858 -0.8102167 0.4767364 -0.240256 -0.9160097 0.3212528 -0.1422443 -0.9728916 0.1823421 -0.3794031 -0.7703223 0.5125006 -0.2254413 -0.9233631 0.3107681 -0.4354715 -0.661391 0.6106772 -0.508717 -0.4860039 0.7106387 -0.4943742 -0.561611 0.663466 -0.5645639 -0.3417676 0.7513073 -0.5933127 -0.1701954 0.7867742 -0.598442 -0.1100067 0.7935779 -0.3922434 -0.7293888 0.5604794 -0.2789654 -0.874113 0.3976239 -0.4594921 -0.5968077 0.65779 -0.5147348 -0.4413786 0.7350056 -0.547432 -0.3033235 0.7799444 -0.6002234 -0.07479476 0.7963277 -0.5454057 -0.07432252 0.8348706 -0.3973446 -0.6888012 0.6063583 -0.2725473 -0.8748384 0.4004694 -0.1693783 -0.957323 0.2341876 -0.06835186 -0.9946151 0.07790321 -0.06359261 -0.9959178 0.06406033 -0.1705929 -0.9515742 0.2557434 -0.08269405 -0.9916219 0.09923636 -0.1095145 -0.9795383 0.168853 -0.08147919 -0.9919869 0.0965569 -0.1892927 -0.9363455 0.2956782 -0.2659794 -0.8552857 0.4446814 -0.3738675 -0.6450996 0.6663856 -0.2708957 -0.8620586 0.4283348 -0.2043594 -0.9218814 0.3291991 -0.2760272 -0.8393919 0.4682202 -0.2253063 -0.8969969 0.3803074 -0.299966 -0.794195 0.5284646 -0.3016718 -0.7904338 0.5331121 -0.3309146 -0.7100701 0.6215271 -0.1747406 -0.903311 0.3917845 -0.1299381 -0.8934985 0.4298565 -0.1760755 -0.8007401 0.5725494 -0.09986925 -0.946038 0.308283 -0.321235 -0.6903097 0.6482906 -0.2369971 -0.6497086 0.7222958 -0.2941871 -0.4604012 0.8375468 -0.3776798 -0.3133292 0.871311 -0.35329 -0.07479292 0.9325194 -0.4146832 -0.07388585 0.9069612 -0.3304679 -0.2884149 0.89867 -0.1184566 -0.9814485 0.1507543 -0.08683216 -0.9908868 0.1029739 -0.1083444 -0.9850854 0.1336724 -0.1331011 -0.9758531 0.1731907 -0.1320959 -0.9760874 0.1726386 -0.170644 -0.9577218 0.2316243 -0.496968 -0.4733815 0.7272777 -0.5321788 -0.3106763 0.7875697 -0.5121304 -0.4036253 0.7581618 -0.4758111 -0.5127735 0.7146098 -0.5042284 -0.3716087 0.7795259 -0.4255763 -0.5980862 0.6791007 -0.3488091 -0.7593769 0.5492533 -0.5083873 -0.246698 0.8250347 -0.4833228 -0.07370305 0.8723343 -0.4369545 -0.5452862 0.7153558 -0.4789561 -0.3723034 0.7949789 -0.3827362 -0.6770703 0.6285609 -0.3463371 -0.7491967 0.564584 -0.1287416 -0.976717 0.1716086 -0.06717556 -0.9952834 0.0699892 -0.4190016 -0.5199297 0.7443862 -0.4043507 -0.5635977 0.7203182 -0.4426625 -0.3471021 0.8267829 -0.439728 -0.2240788 0.8697287 -0.4174057 -0.3198815 0.8505576 -0.3998162 -0.4571923 0.7944319 -0.399268 -0.3557175 0.8450149 -0.5309526 -0.2561952 0.8077459 -0.4555443 -0.4273055 0.7809542 -0.4805092 -0.2736971 0.8331872 -0.4606273 -0.3629064 0.8100133 -0.04037934 0.9989023 0.02374804 -0.2897043 0.954587 0.06953614 -0.05513465 0.9975904 0.04211634 -0.2730631 0.958024 0.08733093 -0.04558885 0.998214 0.03860723 -0.01475375 0.9998579 -0.008166491 -0.06358772 0.9959176 0.06406861 -0.03176701 0.9992944 0.0200411 -5.69671e-5 0.9996498 -0.02646589 -0.02508187 0.9996252 0.01096791 0.008049547 0.9992994 -0.0365538 0.01174443 0.999073 -0.04141598 -0.0212897 0.9997524 0.006494283 0.01155471 0.9990801 -0.04129952 -0.0227642 0.9997003 0.009007751 0.008247613 0.9992803 -0.03702509 -0.02539455 0.9995881 0.0133745 0.003549158 0.9995284 -0.03050333 -0.04273849 0.9982587 0.04065829 -0.01338869 0.9998976 -0.005068898 -0.1077675 0.9656153 0.2365866 -0.03889042 0.9986543 0.03431022 -0.1416429 0.93461 0.3262539 -0.1088884 0.9723247 0.2067077 -0.06821906 0.9946249 0.07789438 -0.1479427 0.9306173 0.3347603 -0.03896164 0.9986528 0.03427451 -0.07255953 0.9940229 0.08157026 -0.1437936 0.9438773 0.2973535 -0.1077791 0.9656196 0.236564 -0.08682197 0.9908915 0.1029368 -0.06822741 0.9946235 0.07790458 -0.108986 0.9723217 0.2066705 -0.1417186 0.9346153 0.3262059 -0.0551964 0.997583 0.04220896 -0.3006505 0.9495685 0.08904653 -0.0733872 0.99461 0.07325011 -0.2897132 0.9545863 0.06950819 -0.3030059 0.9473189 0.1038005 -0.2730818 0.9580186 0.08733129 -0.06723368 0.9952735 0.07007318 -0.1693977 0.980622 0.09841257 -0.08140802 0.9920004 0.09647828 -0.06358814 0.9959186 0.06405383 0.7761395 0.2074097 -0.5954735 0.7902067 0.08679139 -0.6066637 0.7902771 0.08681356 -0.6065688 0.7611202 0.2867294 -0.5817923 0.7199569 0.4306833 -0.5442187 0.709916 0.4585921 -0.5345209 0.6299332 0.6271949 -0.458051 0.615145 0.6522889 -0.4428496 0.5403027 0.7564887 -0.3685078 0.5393514 0.7580176 -0.3667555 0.4710345 0.8312314 -0.2952643 -0.3546984 0.07109802 0.9322737 -0.3590902 -0.07122302 0.9305813 -0.35909 0.07122141 0.9305816 -0.3546985 -0.07109957 0.9322735 -0.1093157 0.9491878 0.2951149 -0.05342227 0.9883265 0.1426779 -0.07279384 0.9944682 0.07572579 -0.1066864 0.9341019 0.3406929 -0.1246615 0.9200154 0.3715254 -0.1533433 0.8564292 0.4929657 -0.1618584 0.8170286 0.5534131 -0.1940336 0.7540956 0.6274478 -0.2149173 0.6998881 0.6811514 -0.2442169 0.6110149 0.7530066 -0.296706 0.4303665 0.8524965 -0.2844493 0.5287032 0.799726 -0.3326238 0.3524978 0.8747038 -0.3390153 0.2295095 0.9123563 -0.3549768 0.1749075 0.9183675 -0.3546758 0.07380253 0.9320721 -0.3590905 0.07130903 0.9305747 -0.3546954 0.07120817 0.9322664 -0.2610578 -0.9184007 0.2973027 -0.07287853 -0.9944386 0.07602977 -0.1093844 -0.9491946 0.2950674 -0.2182466 -0.9721544 0.0853483 -0.3669686 -0.8782894 0.3064996 -0.32302 -0.941822 0.09289515 -0.10985 -0.9795147 0.1687716 -0.08269506 -0.9916234 0.09922033 -0.2404099 -0.9650986 0.1038643 -0.388429 -0.9158117 0.1020388 -0.4234443 -0.8405014 0.3380124 -0.2464296 -0.8933987 0.3756479 -0.099608 -0.9460883 0.3082128 -0.1248326 -0.9200318 0.3714274 -0.4242032 -0.8686579 0.2559007 -0.3670659 -0.8885231 0.2752987 -0.2611052 -0.921016 0.2890563 -0.1092912 -0.9491897 0.2951176 -0.2472335 -0.9307781 0.2693098 -0.1612637 -0.8405959 0.5171 -0.1532644 -0.8563319 0.493159 -0.1943756 -0.7543342 0.6270552 -0.0996946 -0.9459819 0.3085114 -0.2294868 -0.6804836 0.6959009 -0.2521855 -0.585698 0.770299 -0.2865314 -0.4966984 0.8192622 -0.3101608 -0.3758876 0.8732175 -0.3272155 -0.3169127 0.8902227 -0.3462767 -0.1782239 0.9210477 -0.3481942 -0.1629846 0.9231451 -0.3546754 -0.07378125 0.9320739 -0.353659 -0.07481938 0.9323773 -0.9331576 8.27015e-7 0.3594675 -0.9584525 -4.26918e-6 0.2852525 -0.9838536 6.4522e-6 0.1789752 -0.939332 1.0591e-5 0.3430092 -0.9288305 -6.45593e-6 0.3705051 -0.9991281 1.30385e-5 0.04175126 -0.9218488 -1.18017e-5 0.3875498 -0.9985103 7.79654e-6 -0.05456399 -0.9985119 1.50446e-5 -0.05453604 -0.9991278 -7.59959e-7 0.04175823 -0.928825 1.52923e-6 0.3705188 -0.9584529 5.67734e-6 0.285251 -0.9393382 -9.61311e-6 0.3429926 -0.9331564 -1.76765e-6 0.3594707 -0.9838535 -7.7337e-6 0.1789755 -0.2387205 0.9129737 0.3308953 -0.1267868 0.9788951 0.1602799 -0.1711438 0.9595294 0.2236363 -0.3576151 0.787971 0.5012117 -0.2402462 0.9160122 0.321253 -0.379398 0.7703285 0.5124951 -0.4348541 0.6619395 0.6105228 -0.5080161 0.4866935 0.7106681 -0.494358 0.5616381 0.6634552 -0.5645806 0.3416796 0.7513347 -0.5933254 0.1701862 0.7867667 -0.5984625 0.1099931 0.7935642 -0.4158496 0.6869067 0.5960104 -0.2787324 0.8741812 0.3976377 -0.4585655 0.5975764 0.6577386 -0.5137197 0.4423881 0.7351088 -0.5465825 0.3040035 0.7802754 -0.6002905 0.07480216 0.7962765 -0.5435731 0.07417702 0.8360779 -0.3963646 0.6888928 0.6068953 -0.2723366 0.8746989 0.4009172 -0.1694367 0.9572922 0.234271 -0.06360721 0.9959164 0.06406807 -0.06835705 0.9946138 0.0779156 -0.171319 0.9517726 0.2545167 -0.0827977 0.9916191 0.09917742 -0.08150237 0.9919846 0.09656012 -0.1904632 0.9366276 0.2940282 -0.1095931 0.9795384 0.1688017 -0.267571 0.8564119 0.4415479 -0.2707939 0.8615484 0.4294241 -0.3743554 0.646611 0.6646445 -0.2057247 0.9222582 0.3272878 -0.2777771 0.8407337 0.4647654 -0.302137 0.7961589 0.524256 -0.2272682 0.8975165 0.3779067 -0.303975 0.7924025 0.5288643 -0.3342921 0.7131093 0.6162174 -0.3204152 0.7084102 0.6288793 -0.2782254 0.520178 0.8074687 -0.218236 0.7003715 0.6795976 -0.320949 0.3407906 0.8836592 -0.1676399 0.9127993 0.3724169 -0.09989345 0.9460387 0.3082729 -0.1577963 0.8393458 0.5201913 -0.3836846 0.3468947 0.8558331 -0.3837721 0.2563041 0.8871456 -0.3465914 0.1725975 0.9220003 -0.3532773 0.07489109 0.9325163 -0.4276382 0.07380402 0.900932 -0.1219844 0.9801816 0.1560893 -0.08683526 0.9908877 0.1029635 -0.1331014 0.9758509 0.1732025 -0.1320886 0.976089 0.1726353 -0.1705235 0.9577491 0.2315996 -0.5017362 0.4538687 0.7363858 -0.5304294 0.311425 0.7884536 -0.5182871 0.371905 0.7701073 -0.4806006 0.4939216 0.7246134 -0.5025294 0.3721104 0.7803834 -0.4242597 0.5973998 0.6805272 -0.3484522 0.7586275 0.5505138 -0.5059346 0.2466283 0.826562 -0.4786494 0.07370609 0.8749071 -0.4353235 0.544117 0.7172379 -0.4764735 0.3715239 0.7968331 -0.3822321 0.6755686 0.6304805 -0.2712282 0.8659827 0.4201301 -0.3798019 0.6674128 0.640555 -0.1286046 0.9767056 0.1717765 -0.06729733 0.9952738 0.07000887 -0.4416599 0.346013 0.8277752 -0.4423468 0.2253812 0.8680627 -0.4229307 0.3258026 0.8455663 -0.5308656 0.2459893 0.8109691 -0.4532533 0.4255023 0.7832685 -0.4771342 0.2725141 0.8355113 -0.4578634 0.3608879 0.8124784 -0.1614186 -0.8406504 0.5169631 -0.1765072 -0.8007041 0.5724667 -0.1296105 -0.8935046 0.4299427 -0.099415 -0.9460231 0.3084751 -0.2291902 -0.6804904 0.6959918 -0.2377652 -0.6497809 0.7219783 -0.2867335 -0.4970117 0.8190014 -0.2952948 -0.4603356 0.837193 -0.327077 -0.3163043 0.8904899 -0.3316387 -0.2884061 0.8982415 -0.3483543 -0.1637107 0.9229562 -0.3532964 -0.07491326 0.9325073 -0.3536499 -0.07478129 0.9323837 -0.4146846 -0.07387846 0.9069612 -0.3532947 -0.07479161 0.9325177 -0.3532902 0.07480299 0.9325185 -0.4276385 0.07379174 0.900933 -0.4833265 -0.07359284 0.8723414 -0.4786412 0.07362419 0.8749184 -0.5435673 0.07431215 0.8360697 -0.5454056 -0.07432174 0.8348708 -0.6015728 3.32948e-7 0.798818 -0.6002144 -0.07479172 0.7963347 -0.6002123 0.07479137 0.7963363 -0.06360268 0.9959173 0.0640577 -0.04558277 0.9982142 0.03860801 -0.03173995 0.9992964 0.01998072 -0.02507138 0.9996256 0.01095521 -0.0212987 0.9997521 0.006508588 -0.0427249 0.9982596 0.04064929 -0.06830245 0.9946241 0.07783114 -0.02541249 0.9995872 0.01340603 -0.0227732 0.9997 0.009021759 -0.3009045 0.9494531 0.08941745 -0.3010938 0.949301 0.09038943 -0.07276469 0.9945483 0.07469201 -0.3045312 0.9466531 0.1053984 -0.303123 0.9472765 0.1038442 -0.1707637 0.9801843 0.1003923 -0.1693665 0.9806135 0.09855109 -0.0813623 0.991978 0.09674686 -0.08286195 0.9916413 0.09890145 -0.3546935 0.0712167 0.9322664 -0.353663 -0.07239997 0.9325668 -0.3546887 -0.07121872 0.9322682 -0.3536681 0.07239866 0.9325649 -0.3328599 0.2841038 0.8991604 -0.3389669 0.2289944 0.9125037 -0.2967535 0.4308011 0.8522605 -0.2957573 0.4613934 0.8364471 -0.244282 0.6104831 0.7534167 -0.2408115 0.6482196 0.7223719 -0.1942644 0.7543218 0.6271045 -0.1797119 0.8020833 0.5695315 -0.1532275 0.856332 0.4931704 -0.2611171 0.92101 0.2890651 -0.1248089 0.9200289 0.3714425 -0.1093128 0.9491784 0.2951459 -0.3670631 0.8885248 0.2752969 -0.4241958 0.8686602 0.255905 -0.1337517 0.8931365 0.4294388 -0.2472491 0.9307664 0.2693362 -0.09970009 0.9459779 0.3085219 0.453873 -0.8253781 0.3357831 -0.3546775 0.07379496 0.932072 -0.4860723 -0.2420362 0.8397336 -0.301344 0.9491531 0.0911051 -0.3669633 0.8782883 0.3065086 -0.2610608 0.9184044 0.2972891 -0.1097197 0.9795204 0.1688235 -0.09960657 0.9460874 0.3082165 -0.2464437 0.8933929 0.3756524 -0.4234381 0.840503 0.338016 -0.3045235 0.9466261 0.1056631 -0.1707043 0.9801654 0.1006781 -0.08270812 0.9916198 0.09924501 -0.07289016 0.9944159 0.07631605 -0.1094654 0.9491813 0.29508 -0.07286942 0.9944363 0.07607054 -0.3537331 -0.07272356 0.932515 -0.3546215 -0.07336461 0.9321274 -0.3547453 -0.07147347 0.9322271 -0.3536017 -0.07452309 0.9324228 -0.1579797 0.8393876 0.5200682 -0.133669 0.8931261 0.4294862 -0.09942966 0.9460218 0.3084748 -0.1798076 0.8019932 0.5696282 -0.2189896 0.7003856 0.6793406 -0.240581 0.6482858 0.7223894 -0.2791845 0.5202123 0.8071154 -0.2959367 0.4614107 0.8363742 -0.3221042 0.3407001 0.8832737 -0.3327469 0.2836914 0.8993324 -0.3471414 0.1726149 0.9217901 -0.3536543 0.07488244 0.932374 -0.3532869 0.07489997 0.9325119 -0.3532826 -0.07481747 0.9325202 -0.3536467 -0.07497078 0.9323698 -0.353663 -0.07243227 0.9325642 -0.353667 0.07242983 0.9325629 -0.353281 0.07481491 0.932521 -0.3536565 0.07497286 0.9323659 -0.3537399 0.07272237 0.9325125 -0.3547433 0.07147431 0.9322279 -0.3546196 0.07336539 0.932128 -0.3536087 0.07452183 0.9324203 0.4635361 -1.32713e-5 -0.8860782 0.5648432 -1.17871e-6 -0.8251982 0.5648503 1.20897e-7 -0.8251935 0.3667742 7.12034e-6 -0.9303101 0.3560336 -3.94764e-7 -0.9344732 0.1511716 6.11217e-7 -0.9885076 0.1404435 -3.78517e-6 -0.9900887 -0.07244008 1.6336e-6 -0.9973728 -0.08276563 -8.58968e-6 -0.9965692 -0.2928937 5.59648e-6 -0.9561451 -0.301816 -8.75164e-6 -0.9533662 -0.4980162 1.30022e-5 -0.8671677 -0.505399 -1.43041e-5 -0.8628859 -0.678444 7.39283e-5 -0.7346521 -0.6837519 2.10122e-5 -0.7297146 -0.8247299 6.9023e-5 -0.5655271 -0.8287965 -2.07118e-5 -0.5595504 -0.9298871 7.56367e-6 -0.3678452 -0.9320935 -8.24945e-6 -0.3622178 -0.9883788 -1.99568e-6 -0.1520113 -0.9892908 1.4179e-6 -0.1459582 -0.9974285 1.33582e-5 0.07166844 -0.9970501 0 0.0767551 -0.9565641 -8.48969e-6 0.2915223 -0.9552691 -1.31395e-6 0.2957381 -0.8678839 5.25589e-6 0.4967671 -0.8658744 -1.12646e-6 0.5002615 -0.7352676 -1.65246e-6 0.6777771 -0.7337417 -2.04654e-6 0.6794286 -0.6539756 -3.27933e-7 0.7565158 -0.5648396 7.909e-7 0.8252008 -0.5648474 -1.7538e-6 0.8251954 -0.7895502 1.18837e-6 0.613686 -0.8523162 -6.34546e-7 0.523027 -0.8523162 -9.77423e-7 0.5230271 -0.7758493 1.63917e-5 0.6309185 -0.7176189 -9.4797e-7 0.6964361 -0.6865848 -1.28546e-6 0.7270498 -0.5860952 -4.44788e-6 0.8102423 -0.5861207 -6.22123e-7 0.8102239 -0.4577755 -4.34031e-6 0.889068 -0.4572401 -1.12003e-6 0.8893433 -0.3194706 -1.32481e-7 0.9475963 -0.3195729 0 0.9475617 -0.1742798 3.40338e-6 0.9846963 -0.1742544 2.71294e-6 0.9847007 0.9501515 3.40638e-7 -0.3117888 0.9501523 0 -0.3117862 0.6059669 -8.31438e-7 0.79549 0.7025479 -6.88036e-7 0.7116366 0.7025471 0 0.7116373 0.6059331 0 0.7955157 0.5057632 0 0.8626724 0.5057642 -6.44537e-7 0.8626719 -2.09585e-7 1 7.869e-7 -2.89575e-7 1 6.26281e-7 -4.06259e-7 1 6.83874e-7 -5.70037e-7 1 0 0 1 1.83328e-6 1.22977e-7 1 0 0 1 2.44478e-6 0 1 0 2.44935e-7 1 -1.41291e-6 1.65269e-6 1 1.22515e-6 -1.4529e-7 1 -3.33218e-6 6.20932e-7 1 1.32108e-6 4.05691e-7 1 0 0 1 -1.22093e-6 0 1 0 0 1 7.5006e-7 6.63182e-7 1 0 0 1 8.44024e-7 -5.13436e-7 1 8.44041e-7 1.72733e-6 1 0 -2.94014e-7 1 0 3.14034e-7 1 2.95418e-6 -5.83884e-7 1 0 2.97614e-7 1 0 0 1 -6.75552e-6 0 1 1.68013e-6 -2.41554e-7 1 1.74683e-7 3.13918e-7 1 3.37635e-6 0 1 4.22192e-7 0 1 -3.37642e-6 0 1 -8.44335e-7 0 1 -1.68865e-6 0 1 1.6885e-6 -1.66457e-7 1 0 0 1 0 -1.13585e-6 1 0 0 1 -8.32927e-7 1.23808e-7 1 8.24076e-7 2.56873e-6 1 0 -2.3858e-7 1 -9.75911e-7 -1.62478e-7 1 9.51279e-7 -3.45744e-7 1 2.31093e-6 3.11153e-7 1 1.13862e-6 -1.24334e-7 -1 -5.02833e-7 6.58943e-7 -1 -4.7001e-7 -7.81772e-7 -1 -9.4723e-7 2.37359e-7 -1 -2.56676e-7 0 -1 -4.5832e-7 -1.22966e-7 -1 -1.366e-6 0 -1 -6.11194e-7 0 -1 -8.41524e-7 -2.44946e-7 -1 -3.53227e-7 -7.18932e-7 -1 -9.18863e-7 1.45302e-7 -1 -4.16522e-7 -1.86047e-7 -1 -6.60539e-7 1.2476e-6 -1 -4.11238e-7 1.54004e-7 -1 0 1.42442e-7 -1 0 -1.22313e-7 -1 -5.66556e-7 -6.63199e-7 -1 -5.42601e-7 -4.31591e-7 -1 -4.22012e-7 2.06457e-7 -1 0 -3.59703e-7 -1 -1.38322e-6 0 -1 -6.3244e-7 5.13443e-7 -1 -4.22021e-7 -1.72734e-6 -1 -1.68901e-6 -1.3306e-7 -1 0 -3.14034e-7 -1 -7.38546e-7 5.83884e-7 -1 0 0 -1 -1.5415e-6 0 -1 0 0 -1 1.68884e-6 -1.56956e-7 -1 -8.44087e-7 0 -1 -7.38836e-7 0 -1 -4.22168e-7 -2.08234e-7 -1 -6.33245e-7 1.71111e-7 -1 -8.44118e-7 7.73454e-7 -1 -1.05537e-6 0 -1 -8.44127e-7 -1.4608e-7 -1 -4.22075e-7 0 -1 -4.22125e-7 0 -1 -8.44236e-7 4.92317e-7 -1 -8.44161e-7 0 -1 -6.00157e-7 3.15257e-7 -1 -6.15266e-7 -1.04546e-6 -1 -1.23761e-6 4.9842e-7 -1 -5.09713e-7 0 -1 -6.38675e-7 -8.23358e-7 -1 -4.07245e-7 -2.15563e-7 -1 -7.91893e-7 0 -1 -5.37138e-7 0.7460125 2.4935e-7 -0.6659319 0.5649267 6.08254e-6 -0.8251412 0.5648525 -5.27305e-6 -0.825192 0.7460144 2.58154e-7 -0.6659299 0.8837742 5.62541e-7 -0.4679138 0.8837735 -5.06409e-7 -0.4679151 0.9701098 -4.59829e-7 -0.2426663 0.97011 5.06406e-7 -0.2426658 0.9999946 0 -0.003298163 0.9999946 0 -0.003298103 0.9716914 0 0.2362536 0.9716916 0 0.2362533 0.8868454 0 0.4620665 0.886849 0 0.4620596 0.7503914 -2.48564e-7 0.6609939 0.7503937 -1.52353e-7 0.6609913 0.5702759 -3.9855e-7 0.8214533 0.5702782 -2.53202e-7 0.8214518 0.3569958 3.43025e-5 0.9341059 0.1584747 3.70251e-6 0.9873631 0.12292 -7.93114e-6 0.9924166 0.3569709 4.82099e-6 0.9341155 0.1585613 -4.92344e-6 0.9873492 0.1229262 8.56398e-6 0.9924159 -0.7459097 -1.41243e-7 0.6660472 -0.5648185 -4.89794e-7 0.8252153 -0.5648279 -2.73177e-7 0.8252088 -0.8836311 0 0.4681839 -0.7459118 -2.53363e-7 0.6660448 -0.8836308 -1.49076e-7 0.4681845 -0.9699999 -1.60282e-7 0.2431057 -0.9699976 0 0.2431147 -0.9999924 0 0.003903746 -0.9999924 0 0.003907501 -0.9718693 0 -0.2355212 -0.8872661 0 -0.4612579 -0.9718686 0 -0.2355235 -0.8872644 0 -0.4612612 -0.7510952 2.58739e-7 -0.660194 -0.7511051 2.51012e-7 -0.6601828 -0.5712864 2.83271e-7 -0.8207508 -0.3582552 5.01961e-7 -0.9336237 -0.5712742 5.06722e-7 -0.8207594 -0.3582533 2.99899e-7 -0.9336245 -0.1244117 3.63103e-7 -0.9922307 0.1166592 3.78152e-7 -0.9931721 -0.1244266 4.414e-7 -0.9922289 0.1166512 3.82069e-7 -0.993173 0.3509436 4.03299e-7 -0.9363966 0.3509632 3.18601e-7 -0.9363893 0.5648477 4.1165e-7 -0.8251952 0.5648811 2.49674e-7 -0.8251724 0.5265982 0.04851877 0.8487287 0.6365692 0.179292 0.7500895 0.6826624 0.07151162 0.7272264 0.3729865 0.4010581 0.8366801 0.4730057 0.3791698 0.7952963 0.3859153 0.3768564 0.8420504 0.3607056 0.41849 0.8335212 0.3448257 0.4376347 0.8304043 0.3270549 0.4559638 0.8277271 0.3955412 0.2063109 0.8949766 0.3069313 0.4744709 0.8250277 0.2847518 0.4929079 0.8221669 0.2606244 0.5106924 0.8193095 0.2273372 0.532476 0.8153449 0.1917622 0.5528655 0.810905 0.3278274 0.1102211 0.938286 0.3494552 0.0245077 0.9366325 0.1642978 0.5663802 0.8076013 0.1229418 9.79751e-7 0.9924139 0.1584827 -9.16421e-7 0.9873619 0.1398636 0.5769109 0.8047435 0.6826859 0.07130366 0.7272247 0.6826707 -0.0714035 0.7272292 0.5265219 -0.04861462 0.8487704 0.5265098 0.04900807 0.8487554 0.3494534 -0.02459686 0.9366309 0.3494575 0.02502095 0.9366182 0.1433602 -0.02399015 0.9893798 0.1534526 -0.01301014 0.9880704 0.1584795 1.56183e-6 0.9873623 0.4278822 -0.4160979 0.8023588 0.14023 -0.5767602 0.8047878 0.187734 -0.5549572 0.8104187 0.2400004 -0.52447 0.8169033 0.2828136 -0.4943141 0.8219916 0.3076022 -0.4739209 0.8250939 0.3319978 -0.4510185 0.8284684 0.3523068 -0.4289112 0.8318145 0.3667717 -0.4102666 0.834961 0.3766355 -0.3952103 0.8378273 0.3819906 -0.3854884 0.8399297 0.3859152 -0.3767767 0.8420859 0.6004946 -0.2381963 0.7633274 0.3773064 -0.1686108 0.9106099 0.5265076 -0.04920411 0.8487454 0.6826819 -0.07149809 0.7272094 0.3494581 -0.0250951 0.936616 0.2658957 -0.06488215 0.9618159 0.1229345 -4.54299e-6 0.9924149 0.1584786 0 0.9873625 0.3489933 3.43463e-7 -0.9371253 0.4654067 5.22934e-7 -0.885097 0.4654049 2.41079e-7 -0.885098 0.348997 4.34231e-7 -0.9371239 0.2269228 4.12895e-7 -0.9739128 0.2269257 2.91267e-7 -0.9739122 0.1011947 4.04988e-7 -0.9948667 0.1011947 2.84765e-7 -0.9948667 0.9777333 -1.84178e-5 0.2098515 0.875558 -0.4446744 0.1888459 0.882112 -0.4309005 0.1902712 0.8469675 -0.4992519 0.1827397 0.7404878 -0.6528013 0.159776 0.8009676 -0.5731758 0.1729758 0.5421644 -0.8320866 0.1170035 0.3044436 -0.9502673 0.06562119 0.6912219 -0.7070948 0.1490953 -9.17912e-6 -1 -9.79006e-6 0.6986844 -0.7070932 0.1089007 -1.60933e-5 -1 -8.51974e-6 0.9981629 1.16527e-5 0.06058806 0.7047637 -0.7071154 0.05741095 0.7067387 -0.7070884 0.02337718 1.42694e-4 -1 -4.14774e-5 0.9992921 1.35303e-5 -0.03762316 0.7070629 -0.7070607 -0.0112847 0.7039174 -0.7071127 -0.06702244 -7.24941e-6 -1 2.27541e-5 0.988935 -2.84612e-5 -0.1483497 0.6988915 -0.7071026 -0.1075016 0.9620853 -0.2294957 -0.1473895 0.8786961 -0.4573023 -0.136996 0.7644504 -0.6332832 -0.1206978 0.6399732 -0.7619162 -0.09958988 0.6723908 -0.7324668 -0.1066914 0.6023532 -0.792732 -0.09352445 0.168215 -0.9853896 -0.02666699 0.2870879 -0.9568111 -0.04575192 0.08413416 -0.9963675 -0.01316905 0.5392857 -0.8378562 -0.08466446 0.5515901 -0.8294865 -0.08775293 0.4163234 -0.906787 -0.06642514 0.8667395 0.4623767 0.1870039 0.9775286 2.98023e-7 0.2108032 0.7703507 0.6155828 0.1661859 0.8844032 0.4259603 0.1907586 0.875728 0.444348 0.1888263 0.7061722 0.7070865 -0.03673738 0.9997511 4.67896e-6 0.02231299 0.9889473 -5.69224e-6 -0.1482676 0.6989002 0.7070903 -0.1075263 0.8309924 0.540804 -0.1303183 0.760797 0.6377702 -0.1201546 0.9034299 0.4051128 -0.1403499 0.9573528 0.2488986 -0.1467148 0.9809941 0.1244375 -0.1488825 0.6472729 0.7556467 -0.1001793 0.6771386 0.7279683 -0.1074507 1.22488e-5 1 -5.37187e-6 0.5940356 0.799112 -0.09242284 0.5810734 0.8085823 -0.092458 0.5234302 0.8481231 -0.08190435 0.2184746 0.9752246 -0.03472912 0.3498084 0.9351742 -0.05552798 0.4750441 0.8766976 -0.07572555 0.7043522 0.7063786 -0.07012295 0.001793265 0.9999985 -1.06521e-4 0.7077429 0.7063924 -0.01048344 1.20133e-4 1 -2.72617e-5 0.7067566 0.7070732 0.02329498 0.7048936 0.7070745 0.05630922 0.9930489 -1.88947e-5 0.1177029 0.6975089 0.7070957 0.1161772 -2.11596e-5 1 -1.15782e-5 0.6912154 0.7071017 0.1490924 0.3383896 0.9381696 0.07300847 0.8116456 0.5573093 0.1750371 0.5947239 0.7936134 0.1283797 0.6353654 2.77665e-7 -0.7722117 0.4653809 4.36617e-7 -0.8851105 0.465391 1.36055e-7 -0.8851053 0.6353534 2.29369e-7 -0.7722216 0.7788715 3.65111e-7 -0.6271835 0.7788655 0 -0.6271911 0.8899628 0 -0.4560333 0.8899518 -1.12026e-4 -0.4560548 0.943001 3.06056e-7 -0.3327901 0.9485132 1.17326e-6 -0.3167378 0.9781989 9.53209e-7 -0.2076704 0.9847503 -3.66243e-7 -0.1739738 0.9981986 -2.6077e-7 -0.05999732 0.9995477 -1.10781e-6 -0.03007751 0.9972975 1.07968e-5 0.07346946 0.9931873 -6.12577e-7 0.1165296 0.9844571 2.93792e-6 0.1756255 0.9803942 -2.34678e-6 0.1970462 0.9608232 -4.2719e-7 0.2771618 0.9608361 -6.24917e-7 0.2771173</float_array>
          <technique_common>
            <accessor source="#__4_-mesh-normals-array" count="1431" stride="3">
              <param name="X" type="float"/>
              <param name="Y" type="float"/>
              <param name="Z" type="float"/>
            </accessor>
          </technique_common>
        </source>
        <vertices id="__4_-mesh-vertices">
          <input semantic="POSITION" source="#__4_-mesh-positions"/>
        </vertices>
        <triangles material="black_plastic-material" count="1604">
          <input semantic="VERTEX" source="#__4_-mesh-vertices" offset="0"/>
          <input semantic="NORMAL" source="#__4_-mesh-normals" offset="1"/>
          <p>13 0 15 1 14 2 13 0 27 3 15 1 12 4 26 5 27 3 12 4 27 3 13 0 11 6 24 7 25 8 11 6 25 8 26 5 11 6 26 5 12 4 10 9 23 10 24 7 10 9 24 7 11 6 9 11 22 12 23 10 9 11 23 10 10 9 8 13 22 12 9 11 7 14 21 15 22 12 7 14 22 12 8 13 6 16 20 17 21 15 6 16 21 15 7 14 5 18 19 19 20 17 5 18 20 17 6 16 4 20 17 21 18 22 4 20 18 22 19 19 4 20 19 19 5 18 3 23 16 24 17 21 3 23 17 21 4 20 2 25 16 24 3 23 1 26 0 27 16 24 1 26 16 24 2 25 34 28 31 29 30 30 34 28 35 31 31 29 33 32 30 30 29 33 33 32 34 28 30 30 32 34 29 33 28 35 32 34 33 32 29 33 51 36 53 37 52 38 51 36 54 39 53 37 50 40 55 41 54 39 50 40 54 39 51 36 49 42 56 43 55 41 49 42 55 41 50 40 48 44 57 45 56 43 48 44 56 43 49 42 47 46 58 47 57 45 47 46 57 45 48 44 46 48 59 49 58 47 46 48 58 47 47 46 45 50 60 51 59 49 45 50 59 49 46 48 44 52 61 53 60 51 44 52 60 51 45 50 43 54 62 55 61 53 43 54 61 53 44 52 42 56 63 57 62 55 42 56 62 55 43 54 41 58 64 59 63 57 41 58 63 57 42 56 40 60 65 61 64 59 40 60 64 59 41 58 39 62 66 63 65 61 39 62 65 61 40 60 38 64 67 65 66 63 38 64 66 63 39 62 37 66 36 67 67 65 37 66 67 65 38 64 75 68 76 69 68 70 74 71 68 70 69 72 74 71 75 68 68 70 73 73 74 71 69 72 70 74 73 73 69 72 71 75 73 73 70 74 72 76 73 73 71 75 86 77 78 78 77 79 86 77 77 79 79 80 85 81 86 77 79 80 84 82 85 81 79 80 83 83 79 80 80 84 83 83 84 82 79 80 82 85 80 84 81 86 82 85 83 83 80 84 109 87 102 88 101 89 110 90 102 88 109 87 111 91 102 88 110 90 112 92 103 93 102 88 112 92 104 94 103 93 112 92 105 95 104 94 112 92 102 88 111 91 113 96 109 87 114 97 113 96 110 90 109 87 115 98 110 90 113 96 115 98 111 91 110 90 116 99 111 91 115 98 117 100 111 91 116 99 118 101 111 91 117 100 118 101 112 92 111 91 119 102 106 103 105 95 119 102 107 104 106 103 119 102 112 92 118 101 119 102 105 95 112 92 120 105 108 106 107 104 121 107 108 106 120 105 122 108 96 109 95 110 123 111 88 112 87 113 123 111 124 114 88 112 125 115 98 116 97 117 125 115 99 118 98 116 125 115 100 119 99 118 126 120 100 119 125 115 126 120 125 115 127 121 126 120 101 89 100 119 126 120 114 97 109 87 126 120 109 87 101 89 128 122 127 121 125 115 128 122 125 115 97 117 129 123 127 121 128 122 129 123 114 97 126 120 129 123 128 122 130 124 129 123 113 96 114 97 129 123 126 120 127 121 129 123 130 124 113 96 131 125 97 117 96 109 131 125 130 124 128 122 131 125 128 122 97 117 132 126 116 99 115 98 132 126 117 100 116 99 132 126 115 98 113 96 132 126 118 101 117 100 132 126 107 104 119 102 132 126 119 102 118 101 132 126 113 96 130 124 133 127 131 125 96 109 134 128 132 126 130 124 134 128 107 104 132 126 135 129 130 124 131 125 135 129 131 125 133 127 135 129 136 130 130 124 137 131 107 104 134 128 137 131 134 128 130 124 137 131 120 105 107 104 137 131 130 124 136 130 137 131 136 130 120 105 138 132 133 127 96 109 138 132 135 129 133 127 139 133 135 129 138 132 139 133 136 130 135 129 139 133 120 105 136 130 140 134 139 133 138 132 141 135 120 105 139 133 141 135 139 133 140 134 141 135 142 136 121 107 141 135 121 107 120 105 141 135 140 134 142 136 143 137 142 136 96 109 144 138 121 107 142 136 144 138 142 136 143 137 145 139 143 137 96 109 145 139 144 138 143 137 145 139 96 109 122 108 146 140 147 141 145 139 146 140 145 139 122 108 148 142 108 106 121 107 149 143 147 141 146 140 150 144 108 106 148 142 151 145 146 140 122 108 151 145 152 146 149 143 151 145 149 143 146 140 153 147 152 146 151 145 154 148 124 114 123 111 154 148 87 113 108 106 154 148 123 111 87 113 154 148 108 106 150 144 155 149 124 114 156 150 155 149 89 151 88 112 155 149 90 152 89 151 155 149 152 146 153 147 155 149 88 112 124 114 155 149 156 150 152 146 157 153 138 132 96 109 157 153 140 134 138 132 157 153 96 109 142 136 157 153 142 136 140 134 158 154 121 107 144 138 158 154 144 138 145 139 158 154 145 139 147 141 158 154 148 142 121 107 158 154 147 141 148 142 159 155 156 150 124 114 159 155 149 143 152 146 159 155 148 142 147 141 159 155 147 141 149 143 159 155 150 144 148 142 159 155 154 148 150 144 159 155 124 114 154 148 159 155 152 146 156 150 160 156 151 145 122 108 160 156 122 108 95 110 160 156 153 147 151 145 161 157 93 158 92 159 161 157 94 160 93 158 161 157 95 110 94 160 161 157 160 156 95 110 162 161 91 162 90 152 162 161 92 159 91 162 162 161 161 157 92 159 162 161 155 149 153 147 162 161 90 152 155 149 162 161 153 147 160 156 162 161 160 156 161 157 177 163 167 164 178 165 175 166 166 167 167 164 175 166 177 163 176 168 175 166 167 164 177 163 174 169 166 167 175 166 180 170 181 171 183 172 187 173 165 174 164 175 187 173 170 176 171 177 187 173 171 177 172 178 187 173 172 178 173 179 187 173 173 179 165 174 188 180 170 176 187 173 189 181 167 164 168 182 189 181 168 182 169 183 189 181 169 183 170 176 189 181 179 184 178 165 189 181 178 165 167 164 189 181 170 176 188 180 190 185 187 173 164 175 190 185 188 180 187 173 191 186 190 185 164 175 192 187 164 175 163 188 192 187 186 189 185 190 192 187 163 188 186 189 192 187 191 186 164 175 193 191 181 171 182 192 193 191 190 185 191 186 194 193 184 194 183 172 194 193 185 190 184 194 194 193 192 187 185 190 194 193 181 171 193 191 194 193 191 186 192 187 194 193 193 191 191 186 194 193 183 172 181 171 195 195 182 192 179 184 195 195 179 184 189 181 195 195 189 181 188 180 196 196 188 180 190 185 196 196 182 192 195 195 196 196 190 185 193 191 196 196 193 191 182 192 196 196 195 195 188 180 226 197 199 198 198 199 226 197 198 199 225 200 224 201 198 199 197 202 224 201 225 200 198 199 227 203 200 204 199 198 227 203 199 198 226 197 223 205 224 201 197 202 228 206 200 204 227 203 222 207 223 205 197 202 251 208 222 207 197 202 229 209 201 210 200 204 229 209 200 204 228 206 250 211 251 208 197 202 230 212 201 210 229 209 249 213 250 211 197 202 231 214 202 215 201 210 231 214 201 210 230 212 232 216 202 215 231 214 233 217 202 215 232 216 203 218 202 215 233 217 234 219 203 218 233 217 235 220 203 218 234 219 204 221 203 218 235 220 204 221 235 220 236 222 205 223 204 221 236 222 205 223 236 222 237 224 205 223 237 224 238 225 206 226 205 223 238 225 206 226 238 225 239 227 206 226 239 227 240 228 220 229 246 230 247 231 220 229 247 231 248 232 220 229 248 232 249 213 220 229 249 213 197 202 207 233 206 226 240 228 207 233 240 228 241 234 207 233 241 234 242 235 207 233 242 235 243 236 207 233 243 236 244 237 207 233 244 237 245 238 207 233 245 238 246 230 207 233 246 230 220 229 208 239 207 233 220 229 209 240 208 239 220 229 221 241 209 240 220 229 210 242 209 240 221 241 211 243 210 242 221 241 212 244 211 243 221 241 216 245 215 246 218 247 217 248 216 245 218 247 252 249 213 250 212 244 252 249 214 251 213 250 252 249 221 241 219 252 252 249 212 244 221 241 253 253 215 246 214 251 253 253 252 249 219 252 253 253 219 252 218 247 253 253 218 247 215 246 253 253 214 251 252 249 269 254 266 255 265 256 269 254 265 256 277 257 268 258 267 259 266 255 268 258 266 255 269 254 278 260 260 261 259 262 278 260 261 263 260 261 278 260 262 264 261 263 278 260 263 265 262 264 278 260 264 266 263 265 279 267 256 268 255 269 279 267 257 270 256 268 279 267 258 271 257 270 279 267 259 262 258 271 279 267 265 256 264 266 279 267 278 260 259 262 279 267 264 266 278 260 279 267 277 257 265 256 280 272 255 269 254 273 280 272 254 273 270 274 280 272 270 274 271 275 280 272 271 275 272 276 280 272 272 276 273 277 280 272 273 277 274 278 280 272 274 278 275 279 280 272 275 279 276 280 280 272 276 280 277 257 280 272 277 257 279 267 280 272 279 267 255 269 287 281 288 282 282 283 283 284 287 281 282 283 284 285 287 281 283 284 285 286 287 281 284 285 286 287 287 281 285 286 290 288 281 289 282 283 290 288 288 282 289 290 290 288 289 290 281 289 290 288 282 283 288 282 294 291 292 292 293 293 294 291 296 294 292 292 297 295 291 296 292 292 297 295 296 294 295 297 297 295 295 297 291 296 297 295 292 292 296 294 312 298 305 299 306 300 310 301 299 302 298 303 313 304 304 305 303 306 313 304 306 300 307 307 313 304 307 307 308 308 313 304 308 308 309 309 313 304 309 309 304 305 313 304 311 310 312 298 313 304 312 298 306 300 314 311 300 312 299 302 314 311 301 313 300 312 314 311 302 314 301 313 314 311 303 306 302 314 314 311 310 301 311 310 314 311 311 310 313 304 314 311 299 302 310 301 314 311 313 304 303 306 315 315 328 316 329 317 330 318 315 315 329 317 318 319 316 320 317 321 318 319 319 322 316 320 331 323 324 324 325 325 331 323 325 325 326 326 331 323 326 326 327 327 332 328 327 327 328 316 332 328 328 316 315 315 332 328 331 323 327 327 332 328 333 329 331 323 334 330 324 324 331 323 334 330 331 323 333 329 335 331 315 315 316 320 335 331 316 320 334 330 335 331 332 328 315 315 335 331 333 329 332 328 335 331 334 330 333 329 336 332 323 333 324 324 336 332 324 324 334 330 336 332 334 330 316 320 337 334 320 335 321 336 337 334 321 336 322 337 337 334 322 337 323 333 337 334 323 333 336 332 338 338 337 334 336 332 338 338 320 335 337 334 339 339 319 322 320 335 339 339 320 335 338 338 339 339 316 320 319 322 339 339 336 332 316 320 339 339 338 338 336 332 348 340 340 341 341 342 348 340 343 343 340 341 347 344 343 343 348 340 346 345 342 346 343 343 346 345 344 347 342 346 346 345 343 343 347 344 345 348 344 347 346 345 350 349 371 350 349 351 350 349 372 352 371 350 350 349 373 353 372 352 370 354 369 355 373 353 370 354 373 353 350 349 351 356 370 354 350 349 363 357 370 354 351 356 352 358 363 357 351 356 364 359 352 358 353 360 364 359 363 357 352 358 365 361 353 360 354 362 365 361 364 359 353 360 366 363 354 362 355 364 366 363 365 361 354 362 367 365 355 364 356 366 367 365 366 363 355 364 362 367 357 368 358 369 361 370 357 368 362 367 368 371 356 366 357 368 368 371 367 365 356 366 360 372 368 371 357 368 360 372 357 368 361 370 359 373 368 371 360 372 380 374 374 375 375 376 380 374 385 377 374 375 379 378 384 379 385 377 379 378 385 377 380 374 378 380 383 381 384 379 378 380 384 379 379 378 381 382 382 383 383 381 377 384 381 382 383 381 377 384 383 381 378 380 376 385 381 382 377 384 392 386 388 387 389 388 392 386 389 388 390 389 392 386 390 389 391 390 393 391 388 387 392 386 394 392 387 393 388 387 394 392 388 387 393 391 395 394 387 393 394 392 386 395 387 393 395 394 406 396 397 397 396 398 406 396 398 399 397 397 406 396 396 398 405 400 407 401 398 399 406 396 408 402 399 403 398 399 408 402 400 404 399 403 408 402 398 399 407 401 409 405 400 404 408 402 410 406 401 407 400 404 410 406 400 404 409 405 411 408 402 409 401 407 411 408 403 410 402 409 411 408 401 407 410 406 404 411 403 410 411 408 463 412 414 413 415 414 463 412 464 415 414 413 465 416 421 417 414 413 465 416 414 413 464 415 462 418 415 414 416 419 462 418 463 412 415 414 466 420 421 417 465 416 467 421 421 417 466 420 461 422 462 418 416 419 438 423 421 417 467 421 460 424 416 419 417 425 460 424 461 422 416 419 439 426 421 417 438 423 459 427 460 424 417 425 440 428 421 417 439 426 458 429 417 425 418 430 458 429 459 427 417 425 457 431 458 429 418 430 456 432 457 431 418 430 419 433 456 432 418 430 455 434 456 432 419 433 454 435 455 434 419 433 420 436 454 435 419 433 420 436 453 437 454 435 413 438 453 437 420 436 413 438 452 439 453 437 412 440 452 439 413 438 412 440 449 441 450 442 412 440 450 442 451 443 412 440 451 443 452 439 422 444 440 428 441 445 422 444 441 445 442 446 422 444 442 446 443 447 422 444 421 417 440 428 437 448 422 444 443 447 437 448 449 441 412 440 437 448 443 447 444 449 437 448 444 449 445 450 437 448 445 450 446 451 437 448 446 451 447 452 437 448 447 452 448 453 437 448 448 453 449 441 436 454 422 444 437 448 435 455 422 444 436 454 423 456 435 455 434 457 423 456 422 444 435 455 433 458 423 456 434 457 432 459 423 456 433 458 431 460 423 456 432 459 430 461 423 456 431 460 427 462 425 463 428 464 426 465 425 463 427 462 468 466 424 467 423 456 468 466 430 461 429 468 468 466 423 456 430 461 469 469 468 466 429 468 469 469 425 463 424 467 469 469 429 468 428 464 469 469 428 464 425 463 469 469 424 467 468 466 493 470 494 471 475 472 495 473 475 472 476 474 495 473 476 474 477 475 495 473 477 475 478 476 495 473 493 470 475 472 496 477 497 478 494 471 496 477 494 471 493 470 498 479 496 477 493 470 499 480 498 479 493 470 500 481 493 470 495 473 500 481 499 480 493 470 501 482 478 476 479 483 501 482 479 483 491 484 501 482 500 481 495 473 501 482 495 473 478 476 502 485 491 484 492 486 503 487 482 488 481 489 503 487 483 490 482 488 504 491 483 490 503 487 505 492 484 493 483 490 505 492 485 494 484 493 505 492 486 495 485 494 505 492 507 496 506 497 505 492 483 490 504 491 505 492 504 491 508 498 505 492 508 498 507 496 509 499 511 500 510 501 509 499 510 501 492 486 512 502 509 499 492 486 512 502 492 486 490 503 513 504 470 505 471 506 513 504 471 506 472 507 514 508 472 507 473 509 514 508 473 509 474 510 514 508 513 504 472 507 515 511 513 504 514 508 516 512 474 510 475 472 516 512 515 511 514 508 516 512 514 508 474 510 516 512 494 471 497 478 516 512 475 472 494 471 517 513 513 504 515 511 517 513 470 505 513 504 518 514 517 513 515 511 518 514 515 511 516 512 518 514 516 512 497 478 518 514 519 515 517 513 518 514 497 478 496 477 518 514 496 477 519 515 520 516 480 517 470 505 520 516 470 505 517 513 520 516 517 513 519 515 521 518 480 517 520 516 521 518 520 516 519 515 522 519 499 480 500 481 522 519 496 477 498 479 522 519 501 482 491 484 522 519 519 515 496 477 522 519 498 479 499 480 522 519 500 481 501 482 523 520 521 518 519 515 523 520 519 515 524 521 525 522 522 519 491 484 525 522 519 515 522 519 526 523 525 522 491 484 526 523 519 515 525 522 526 523 524 521 519 515 526 523 491 484 502 485 526 523 502 485 524 521 527 524 480 517 521 518 527 524 521 518 523 520 528 525 523 520 524 521 528 525 527 524 523 520 528 525 524 521 502 485 529 526 527 524 528 525 530 527 529 526 528 525 530 527 528 525 502 485 530 527 531 528 529 526 530 527 502 485 532 529 533 530 534 531 531 528 533 530 531 528 530 527 533 530 530 527 532 529 533 530 532 529 535 532 536 533 481 489 480 517 536 533 534 531 533 530 536 533 480 517 534 531 536 533 533 530 535 532 537 534 536 533 535 532 537 534 481 489 536 533 538 535 537 534 535 532 538 535 535 532 510 501 539 536 481 489 537 534 539 536 537 534 538 535 540 537 492 486 510 501 540 537 502 485 492 486 540 537 532 529 502 485 541 538 510 501 511 500 541 538 539 536 538 535 541 538 538 535 510 501 542 539 539 536 541 538 542 539 541 538 511 500 542 539 481 489 539 536 543 540 542 539 511 500 543 540 503 487 481 489 543 540 481 489 542 539 543 540 504 491 503 487 543 540 508 498 504 491 543 540 507 496 508 498 544 541 506 497 507 496 544 541 507 496 543 540 544 541 543 540 511 500 545 542 511 500 509 499 545 542 505 492 506 497 545 542 506 497 544 541 545 542 544 541 511 500 546 543 509 499 512 502 546 543 512 502 490 503 546 543 490 503 489 544 546 543 545 542 509 499 546 543 505 492 545 542 547 545 546 543 489 544 547 545 505 492 546 543 547 545 487 546 486 495 547 545 488 547 487 546 547 545 489 544 488 547 547 545 486 495 505 492 548 548 527 524 529 526 548 548 529 526 531 528 548 548 534 531 480 517 548 548 531 528 534 531 548 548 480 517 527 524 549 549 535 532 532 529 549 549 532 529 540 537 549 549 540 537 510 501 549 549 510 501 535 532 550 550 551 551 552 552 550 550 552 552 553 553 555 554 553 553 554 555 555 554 550 550 553 553 579 556 567 557 568 558 557 559 579 556 568 558 558 560 556 561 557 559 558 560 568 558 560 562 558 560 557 559 568 558 559 563 558 560 560 562 575 564 574 565 578 566 580 567 561 568 562 569 580 567 562 569 563 570 580 567 563 570 564 571 580 567 570 572 561 568 581 573 580 567 564 571 582 574 564 571 565 575 582 574 565 575 566 576 582 574 566 576 567 557 582 574 579 556 576 577 582 574 567 557 579 556 582 574 581 573 564 571 583 578 570 572 580 567 583 578 580 567 581 573 584 579 569 580 570 572 584 579 571 581 569 580 585 582 584 579 570 572 585 582 570 572 583 578 586 583 577 584 578 566 586 583 585 582 583 578 587 585 572 586 571 581 587 585 573 587 572 586 587 585 574 565 573 587 587 585 571 581 584 579 587 585 586 583 578 566 587 585 584 579 585 582 587 585 585 582 586 583 587 585 578 566 574 565 588 588 576 577 577 584 588 588 582 574 576 577 588 588 583 578 581 573 588 588 581 573 582 574 588 588 586 583 583 578 588 588 577 584 586 583 595 589 590 590 589 591 599 592 595 589 589 591 594 593 595 589 599 592 598 594 594 593 599 592 593 595 594 593 598 594 597 596 593 595 598 594 592 597 593 595 597 596 596 598 592 597 597 596 591 599 592 597 596 598 603 600 602 601 601 602 604 603 601 602 600 604 604 603 603 600 601 602 605 605 600 604 613 606 605 605 604 603 600 604 606 607 605 605 613 606 612 608 606 607 613 606 607 609 611 610 606 607 607 609 606 607 612 608 608 611 609 612 610 613 608 611 610 613 611 610 608 611 611 610 607 609 623 614 628 615 622 616 619 617 618 618 624 619 621 620 620 621 619 617 621 620 619 617 624 619 629 622 614 623 625 624 629 622 625 624 626 625 629 622 626 625 627 626 629 622 627 626 628 615 629 622 628 615 623 614 630 627 615 628 614 623 630 627 614 623 629 622 630 627 629 622 623 614 631 629 623 614 624 619 631 629 630 627 623 614 632 630 616 631 615 628 632 630 617 632 616 631 632 630 618 618 617 632 632 630 615 628 630 627 632 630 630 627 631 629 632 630 624 619 618 618 632 630 631 629 624 619 639 633 636 634 637 635 639 633 638 636 636 634 640 637 639 633 637 635 633 638 637 635 635 639 633 638 640 637 637 635 634 640 633 638 635 639 653 641 652 642 651 643 650 644 654 645 653 641 650 644 653 641 651 643 649 646 655 647 654 645 649 646 654 645 650 644 648 648 656 649 655 647 648 648 655 647 649 646 647 650 657 651 656 649 647 650 656 649 648 648 646 652 658 653 657 651 646 652 657 651 647 650 645 654 659 655 658 653 645 654 658 653 646 652 644 656 642 657 659 655 644 656 659 655 645 654 643 658 641 659 642 657 643 658 642 657 644 656 668 660 664 661 665 662 668 660 665 662 666 663 668 660 666 663 667 664 663 665 662 666 664 661 663 665 664 661 668 660 660 667 661 668 663 665 661 668 662 666 663 665 680 669 670 670 669 671 675 672 680 669 669 671 679 673 680 669 675 672 674 674 679 673 675 672 673 675 678 676 679 673 673 675 679 673 674 674 672 677 677 678 678 676 672 677 678 676 673 675 676 679 677 678 672 677 671 680 676 679 672 677 684 681 681 682 682 683 684 681 683 684 681 682 694 685 696 686 695 687 694 685 697 688 696 686 694 685 682 683 697 688 694 685 684 681 682 683 693 689 685 690 684 681 693 689 684 681 694 685 692 691 685 690 693 689 691 692 686 693 685 690 691 692 685 690 692 691 690 694 687 695 686 693 690 694 686 693 691 692 689 696 688 697 687 695 689 696 687 695 690 694 724 698 700 699 701 700 724 698 703 701 700 699 724 698 701 700 725 702 726 703 703 701 724 698 727 704 704 705 703 701 727 704 705 706 704 705 727 704 706 707 705 706 727 704 707 708 706 707 727 704 703 701 726 703 728 709 726 703 724 698 728 709 724 698 725 702 729 710 728 709 725 702 730 711 726 703 728 709 731 712 727 704 726 703 731 712 726 703 730 711 732 713 708 714 707 708 732 713 709 715 708 714 732 713 727 704 731 712 732 713 707 708 727 704 733 716 729 710 734 717 735 718 698 719 723 720 736 721 720 722 719 723 736 721 721 724 720 722 737 725 736 721 719 723 738 726 736 721 737 725 738 726 740 727 739 728 741 729 737 725 719 723 741 729 738 726 737 725 742 730 738 726 741 729 742 730 740 727 738 726 743 731 741 729 719 723 743 731 742 730 741 729 744 732 742 730 743 731 745 733 744 732 743 731 746 734 745 733 743 731 747 735 743 731 719 723 747 735 717 736 716 737 747 735 718 738 717 736 747 735 719 723 718 738 748 739 743 731 747 735 748 739 746 734 743 731 748 739 715 740 714 741 748 739 747 735 716 737 748 739 716 737 715 740 749 742 712 743 711 744 749 742 713 745 712 743 749 742 714 741 713 745 749 742 746 734 748 739 749 742 748 739 714 741 750 746 699 747 698 719 750 746 701 700 702 748 750 746 702 748 699 747 750 746 725 702 701 700 751 749 725 702 750 746 751 749 750 746 698 719 752 750 751 749 698 719 752 750 698 719 735 718 752 750 735 718 734 717 753 751 725 702 751 749 753 751 751 749 752 750 753 751 752 750 734 717 753 751 729 710 725 702 753 751 734 717 729 710 754 752 731 712 730 711 754 752 732 713 731 712 754 752 730 711 728 709 755 753 709 715 732 713 755 753 754 752 756 754 755 753 732 713 754 752 757 755 754 752 728 709 757 755 756 754 754 752 757 755 728 709 729 710 757 755 729 710 733 716 758 756 757 755 733 716 759 757 733 716 734 717 760 758 759 757 734 717 760 758 734 717 735 718 761 759 710 760 709 715 761 759 709 715 758 756 761 759 758 756 733 716 761 759 733 716 759 757 762 761 759 757 760 758 763 762 761 759 759 757 763 762 759 757 762 761 764 763 760 758 735 718 765 764 764 763 735 718 765 764 735 718 739 728 766 765 722 766 721 724 766 765 723 720 722 766 766 765 721 724 736 721 766 765 735 718 723 720 766 765 739 728 735 718 766 765 736 721 738 726 766 765 738 726 739 728 767 767 764 763 765 764 768 768 765 764 739 728 768 768 767 767 765 764 768 768 739 728 740 727 769 769 767 767 768 768 770 770 711 744 710 760 770 770 710 760 769 769 770 770 768 768 740 727 770 770 769 769 768 768 771 771 711 744 770 770 771 771 770 770 740 727 772 772 742 730 744 732 772 772 740 727 742 730 772 772 744 732 745 733 772 772 745 733 746 734 772 772 771 771 740 727 773 773 711 744 771 771 773 773 771 771 772 772 773 773 749 742 711 744 773 773 746 734 749 742 773 773 772 772 746 734 774 774 709 715 755 753 774 774 755 753 756 754 774 774 756 754 757 755 774 774 758 756 709 715 774 774 757 755 758 756 775 775 762 761 760 758 775 775 760 758 764 763 776 776 762 761 775 775 776 776 710 760 761 759 776 776 763 762 762 761 776 776 761 759 763 762 777 777 710 760 776 776 777 777 764 763 767 767 777 777 776 776 775 775 777 777 769 769 710 760 777 777 775 775 764 763 777 777 767 767 769 769 779 778 801 779 778 780 802 781 801 779 779 778 796 782 779 778 780 783 796 782 795 784 802 781 796 782 802 781 779 778 797 785 780 783 781 786 797 785 796 782 780 783 798 787 781 786 782 788 798 787 782 788 783 789 798 787 797 785 781 786 799 790 783 789 784 791 799 790 798 787 783 789 800 792 784 791 785 793 800 792 799 790 784 791 793 794 785 793 786 795 793 794 800 792 785 793 794 796 786 795 787 797 794 796 793 794 786 795 792 798 787 797 788 799 791 800 787 797 792 798 790 801 794 796 787 797 790 801 787 797 791 800 789 802 794 796 790 801 805 803 803 804 804 805 806 806 811 807 803 804 806 806 803 804 805 803 807 808 808 809 809 810 807 808 809 810 810 811 807 808 810 811 811 807 807 808 811 807 806 806 813 812 819 813 812 814 814 815 820 816 819 813 814 815 819 813 813 812 815 817 820 816 814 815 817 818 821 819 820 816 817 818 818 820 821 819 817 818 820 816 815 817 816 821 817 818 815 817 826 822 827 823 828 824 829 825 826 822 828 824 825 826 829 825 830 827 825 826 826 822 829 825 824 828 830 827 831 829 824 828 825 826 830 827 823 830 831 829 832 831 823 830 824 828 831 829 822 832 823 830 832 831 834 833 836 834 835 835 834 833 833 836 836 834 837 837 839 838 838 839 840 840 854 841 853 842 840 840 837 837 854 841 840 840 839 838 837 837 841 843 853 842 852 844 841 843 840 840 853 842 842 845 851 846 850 847 842 845 852 844 851 846 842 845 841 843 852 844 843 848 842 845 850 847 844 849 850 847 849 850 844 849 843 848 850 847 845 851 849 850 848 852 845 851 844 849 849 850 846 853 848 852 847 854 846 853 845 851 848 852 861 855 855 856 856 857 861 855 867 858 855 856 860 859 866 860 867 858 860 859 867 858 861 855 862 861 863 862 864 863 862 861 864 863 865 864 862 861 865 864 866 860 862 861 866 860 860 859 859 865 862 861 860 859 858 866 862 861 859 865 857 867 862 861 858 866 869 868 884 869 885 870 869 868 885 870 886 871 869 868 886 871 868 872 883 873 884 869 869 868 878 874 869 868 870 875 878 874 870 875 871 876 878 874 877 877 883 873 878 874 883 873 869 868 879 878 871 876 872 879 879 878 878 874 871 876 880 880 872 879 873 881 880 880 879 878 872 879 881 882 873 881 874 883 881 882 880 880 873 881 882 884 874 883 875 885 882 884 881 882 874 883 876 886 882 884 875 885 899 887 897 888 896 889 899 887 898 890 897 888 900 891 896 889 895 892 900 891 899 887 896 889 901 893 895 892 894 894 901 893 900 891 895 892 887 895 901 893 894 894 888 896 893 897 901 893 888 896 901 893 887 895 890 898 891 899 892 900 889 901 892 900 893 897 889 901 893 897 888 896 889 901 890 898 892 900 928 902 910 903 911 904 929 905 902 906 903 907 929 905 911 904 902 906 929 905 928 902 911 904 930 908 929 905 903 907 931 909 903 907 904 910 931 909 904 910 905 911 931 909 905 911 906 912 931 909 906 912 907 913 931 909 930 908 903 907 932 914 928 902 929 905 932 914 929 905 930 908 933 915 928 902 932 914 934 916 932 914 930 908 935 917 930 908 931 909 935 917 934 916 930 908 936 918 907 913 908 919 936 918 908 919 927 920 936 918 935 917 931 909 936 918 931 909 907 913 937 921 938 922 933 915 939 923 913 924 912 925 940 926 916 927 915 928 941 929 917 930 916 927 941 929 916 927 940 926 942 931 944 932 943 933 942 931 941 929 940 926 945 934 941 929 942 931 945 934 917 930 941 929 946 935 945 934 942 931 946 935 942 931 943 933 947 936 946 935 943 933 948 937 917 930 945 934 948 937 946 935 947 936 948 937 945 934 946 935 949 938 947 936 943 933 949 938 948 937 947 936 950 939 949 938 943 933 950 939 948 937 949 938 951 940 948 937 950 939 951 940 921 941 920 942 951 940 922 943 921 941 952 944 918 945 917 930 952 944 919 946 918 945 952 944 920 942 919 946 952 944 917 930 948 937 952 944 948 937 951 940 952 944 951 940 920 942 953 947 922 943 951 940 953 947 951 940 950 939 954 948 922 943 953 947 954 948 923 949 922 943 954 948 924 950 923 949 954 948 925 951 924 950 955 952 909 953 910 903 955 952 912 925 909 953 955 952 910 903 928 902 956 954 955 952 928 902 956 954 912 925 955 952 956 954 928 902 933 915 957 955 912 925 956 954 957 955 939 923 912 925 957 955 938 922 939 923 958 956 957 955 956 954 958 956 956 954 933 915 958 956 938 922 957 955 958 956 933 915 938 922 959 957 934 916 935 917 959 957 933 915 932 914 959 957 935 917 936 918 959 957 932 914 934 916 960 958 961 959 959 957 960 958 959 957 936 918 960 958 936 918 927 920 962 960 933 915 959 957 962 960 959 957 961 959 962 960 937 921 933 915 963 961 937 921 962 960 964 962 938 922 937 921 965 963 938 922 964 962 965 963 939 923 938 922 966 964 927 920 926 965 966 964 964 962 937 921 966 964 963 961 927 920 966 964 937 921 963 961 967 966 965 963 964 962 968 967 964 962 966 964 968 967 967 966 964 962 969 968 939 923 965 963 970 969 939 923 969 968 970 969 943 933 944 932 971 970 970 969 969 968 971 970 943 933 970 969 972 971 914 972 913 924 972 971 915 928 914 972 972 971 913 924 939 923 972 971 940 926 915 928 972 971 939 923 970 969 972 971 970 969 944 932 972 971 944 932 942 931 972 971 942 931 940 926 973 973 943 933 971 970 974 974 926 965 925 951 974 974 973 973 926 965 974 974 943 933 973 973 975 975 950 939 943 933 975 975 953 947 950 939 975 975 954 948 953 947 975 975 925 951 954 948 975 975 974 974 925 951 975 975 943 933 974 974 976 976 962 960 961 959 976 976 961 959 960 958 976 976 960 958 927 920 976 976 927 920 963 961 976 976 963 961 962 960 977 977 969 968 965 963 977 977 965 963 967 966 978 978 977 977 967 966 978 978 966 964 926 965 978 978 967 966 968 967 978 978 968 967 966 964 979 979 977 977 978 978 979 979 926 965 973 973 979 979 971 970 969 968 979 979 969 968 977 977 979 979 973 973 971 970 979 979 978 978 926 965 988 980 984 981 985 982 988 980 985 982 986 983 989 984 983 985 984 981 989 984 984 981 988 980 990 986 982 987 983 985 990 986 983 985 989 984 991 988 981 989 982 987 991 988 982 987 990 986 992 990 980 991 981 989 992 990 981 989 991 988 987 992 980 991 992 990 1003 993 1000 994 996 995 997 996 1003 993 996 995 1002 997 1003 993 997 996 998 998 1002 997 997 996 999 999 1001 1000 1002 997 999 999 1002 997 998 998 994 1001 995 1002 1001 1000 994 1001 1001 1000 999 999 993 1003 994 1001 999 999 1004 1004 1005 1005 1006 1006 1004 1004 1006 1006 1007 1007 1004 1004 1007 1007 1008 1008 1004 1004 1012 1009 1011 1010 1004 1004 1010 1011 1012 1009 1004 1004 1009 1012 1010 1011 1004 1004 1008 1008 1009 1012 1014 1013 1019 1014 1013 1015 1020 1016 1019 1014 1014 1013 1015 1017 1020 1016 1014 1013 1021 1018 1020 1016 1015 1017 1016 1019 1021 1018 1015 1017 1017 1020 1018 1021 1021 1018 1017 1020 1021 1018 1016 1019 1023 1022 1025 1023 1022 1024 1024 1025 1025 1023 1023 1022 1040 1026 1027 1027 1028 1028 1041 1029 1028 1028 1029 1030 1041 1029 1040 1026 1028 1028 1042 1031 1029 1030 1030 1032 1042 1031 1041 1029 1029 1030 1043 1033 1030 1032 1031 1034 1043 1033 1042 1031 1030 1032 1038 1035 1032 1036 1033 1037 1037 1038 1032 1036 1038 1035 1036 1039 1032 1036 1037 1038 1044 1040 1031 1034 1032 1036 1044 1040 1043 1033 1031 1034 1035 1041 1044 1040 1032 1036 1035 1041 1032 1036 1036 1039 1034 1042 1044 1040 1035 1041 1045 1043 1026 1044 1027 1027 1045 1043 1040 1026 1039 1045 1045 1043 1039 1045 1026 1044 1045 1043 1027 1027 1040 1026 1048 1046 1056 1047 1057 1048 1052 1049 1053 1050 1054 1051 1052 1049 1054 1051 1055 1052 1052 1049 1055 1052 1056 1047 1052 1049 1056 1047 1048 1046 1049 1053 1052 1049 1048 1046 1050 1054 1052 1049 1049 1053 1051 1055 1052 1049 1050 1054 1058 1056 1046 1057 1047 1058 1058 1056 1047 1058 1048 1046 1058 1056 1057 1048 1046 1057 1058 1056 1048 1046 1057 1048 1061 1059 1060 1060 1059 1061 1061 1059 1062 1062 1060 1060 1071 1063 1068 1064 1069 1065 1067 1066 1071 1063 1072 1067 1067 1066 1068 1064 1071 1063 1066 1068 1072 1067 1073 1069 1066 1068 1067 1066 1072 1067 1065 1070 1073 1069 1074 1071 1065 1070 1066 1068 1073 1069 1064 1072 1074 1071 1075 1073 1064 1072 1065 1070 1074 1071 1063 1074 1075 1073 1070 1075 1063 1074 1064 1072 1075 1073 1080 1076 1079 1077 1078 1078 1076 1079 1080 1076 1078 1078 1081 1080 1076 1079 1077 1081 1081 1080 1080 1076 1076 1079 1085 1082 1083 1083 1082 1084 1084 1085 1085 1082 1082 1084 1100 1086 1102 1087 1101 1088 1100 1086 1103 1089 1102 1087 1099 1090 1104 1091 1103 1089 1099 1090 1103 1089 1100 1086 1098 1092 1105 1093 1104 1091 1098 1092 1104 1091 1099 1090 1097 1094 1106 1095 1105 1093 1097 1094 1105 1093 1098 1092 1096 1096 1107 1097 1106 1095 1096 1096 1106 1095 1097 1094 1095 1098 1108 1099 1107 1097 1095 1098 1107 1097 1096 1096 1094 1100 1109 1101 1108 1099 1094 1100 1108 1099 1095 1098 1093 1102 1110 1103 1109 1101 1093 1102 1109 1101 1094 1100 1092 1104 1111 1105 1110 1103 1092 1104 1110 1103 1093 1102 1091 1106 1112 1107 1111 1105 1091 1106 1111 1105 1092 1104 1090 1108 1113 1109 1112 1107 1090 1108 1112 1107 1091 1106 1089 1110 1114 1111 1113 1109 1089 1110 1113 1109 1090 1108 1088 1112 1115 1113 1114 1111 1088 1112 1114 1111 1089 1110 1087 1114 1116 1115 1115 1113 1087 1114 1115 1113 1088 1112 1086 1116 1117 1117 1116 1115 1086 1116 1116 1115 1087 1114 1123 1118 1125 1119 1124 1120 1123 1118 1126 1121 1125 1119 1122 1122 1127 1123 1126 1121 1122 1122 1126 1121 1123 1118 1121 1124 1128 1125 1127 1123 1121 1124 1129 1126 1128 1125 1121 1124 1127 1123 1122 1122 1120 1127 1130 1128 1129 1126 1120 1127 1129 1126 1121 1124 1119 1129 1130 1128 1120 1127 1118 1130 1131 1131 1130 1128 1118 1130 1130 1128 1119 1129 1133 1132 1136 1132 1134 1132 1132 1133 1137 1133 1135 1133 1139 1134 1140 1135 1141 1136 1139 1134 1141 1136 1142 1137 1138 1138 1142 1137 1143 1139 1138 1138 1139 1134 1142 1137 1151 1140 1146 1140 1147 1140 1151 1141 1147 1141 1148 1141 1151 1142 1148 1142 1149 1142 1151 1143 1149 1143 1150 1143 1172 1144 1144 1144 1145 1144 1173 1145 1172 1145 1145 1145 1171 1146 1168 1146 1144 1146 1171 1147 1144 1147 1172 1147 1174 1148 1173 1148 1145 1148 1170 1149 1167 1149 1168 1149 1170 1150 1168 1150 1171 1150 1175 1151 1145 1151 1146 1151 1175 1152 1174 1152 1145 1152 1169 1153 1166 1153 1167 1153 1169 1154 1167 1154 1170 1154 1176 1155 1146 1155 1151 1155 1176 1156 1175 1156 1146 1156 1194 1157 1165 1157 1166 1157 1194 1154 1166 1154 1169 1154 1177 1154 1176 1154 1151 1154 1193 1158 1164 1158 1165 1158 1193 1159 1165 1159 1194 1159 1178 1160 1177 1160 1151 1160 1192 1161 1163 1161 1164 1161 1192 1162 1164 1162 1193 1162 1179 1163 1178 1163 1151 1163 1191 1164 1163 1164 1192 1164 1162 1154 1163 1154 1191 1154 1190 1154 1162 1154 1191 1154 1152 1165 1179 1165 1151 1165 1152 1166 1180 1166 1179 1166 1161 1167 1162 1167 1190 1167 1161 1168 1190 1168 1189 1168 1160 1169 1161 1169 1189 1169 1160 1170 1189 1170 1188 1170 1159 1154 1160 1154 1188 1154 1159 1171 1188 1171 1187 1171 1158 1154 1187 1154 1186 1154 1158 1154 1159 1154 1187 1154 1157 1172 1186 1172 1185 1172 1157 1154 1158 1154 1186 1154 1156 1173 1184 1173 1183 1173 1156 1174 1185 1174 1184 1174 1156 1175 1157 1175 1185 1175 1155 1176 1180 1176 1152 1176 1155 1177 1156 1177 1183 1177 1155 1178 1181 1178 1180 1178 1155 1179 1182 1179 1181 1179 1155 1180 1183 1180 1182 1180 1154 1181 1155 1181 1152 1181 1153 1182 1154 1182 1152 1182 1217 1183 1209 1183 1210 1183 1217 1184 1212 1184 1213 1184 1217 1185 1213 1185 1214 1185 1217 1186 1214 1186 1209 1186 1236 1187 1211 1187 1208 1187 1237 1188 1211 1188 1236 1188 1235 1189 1208 1189 1207 1189 1235 1190 1236 1190 1208 1190 1238 1191 1211 1191 1237 1191 1234 1192 1207 1192 1206 1192 1234 1193 1235 1193 1207 1193 1239 1194 1210 1194 1211 1194 1239 1195 1211 1195 1238 1195 1233 1196 1206 1196 1205 1196 1233 1197 1234 1197 1206 1197 1240 1198 1217 1198 1210 1198 1240 1199 1210 1199 1239 1199 1232 1200 1205 1200 1204 1200 1232 1201 1233 1201 1205 1201 1241 1202 1217 1202 1240 1202 1216 1203 1217 1203 1241 1203 1231 1204 1204 1204 1203 1204 1231 1205 1232 1205 1204 1205 1242 1206 1216 1206 1241 1206 1230 1207 1203 1207 1202 1207 1230 1208 1231 1208 1203 1208 1243 1209 1216 1209 1242 1209 1229 1210 1230 1210 1202 1210 1244 1210 1216 1210 1243 1210 1201 1210 1229 1210 1202 1210 1228 1211 1229 1211 1201 1211 1200 1212 1228 1212 1201 1212 1200 1213 1227 1213 1228 1213 1199 1210 1227 1210 1200 1210 1199 1214 1226 1214 1227 1214 1198 1215 1225 1215 1226 1215 1198 1216 1226 1216 1199 1216 1197 1217 1224 1217 1225 1217 1197 1218 1225 1218 1198 1218 1196 1219 1224 1219 1197 1219 1196 1220 1223 1220 1224 1220 1195 1221 1222 1221 1223 1221 1195 1222 1223 1222 1196 1222 1218 1223 1222 1223 1195 1223 1218 1224 1220 1224 1221 1224 1218 1225 1221 1225 1222 1225 1218 1226 1245 1226 1220 1226 1219 1227 1216 1227 1244 1227 1219 1228 1244 1228 1245 1228 1219 1229 1245 1229 1218 1229 1215 1230 1216 1230 1219 1230 1269 1231 1247 1232 1246 1233 1269 1231 1246 1233 1257 1234 1268 1235 1256 1236 1255 1237 1268 1235 1257 1234 1256 1236 1268 1235 1269 1231 1257 1234 1267 1238 1255 1237 1254 1239 1267 1238 1268 1235 1255 1237 1266 1240 1254 1239 1253 1241 1266 1240 1267 1238 1254 1239 1265 1242 1253 1241 1252 1243 1265 1242 1266 1240 1253 1241 1264 1244 1252 1243 1251 1245 1264 1244 1265 1242 1252 1243 1263 1246 1264 1244 1251 1245 1262 1247 1250 1248 1249 1249 1262 1247 1251 1245 1250 1248 1262 1247 1263 1246 1251 1245 1258 1250 1249 1249 1248 1251 1261 1252 1262 1247 1249 1249 1261 1252 1249 1249 1258 1250 1259 1253 1261 1252 1258 1250 1260 1254 1261 1252 1259 1253 1282 1255 1284 1256 1283 1257 1282 1255 1296 1258 1297 1259 1282 1255 1297 1259 1284 1256 1281 1260 1296 1258 1282 1255 1280 1261 1295 1262 1296 1258 1280 1261 1296 1258 1281 1260 1279 1263 1294 1264 1295 1262 1279 1263 1295 1262 1280 1261 1278 1265 1292 1266 1293 1267 1278 1265 1293 1267 1294 1264 1278 1265 1294 1264 1279 1263 1277 1268 1292 1266 1278 1265 1276 1269 1291 1270 1292 1266 1276 1269 1292 1266 1277 1268 1275 1271 1289 1272 1290 1273 1275 1271 1290 1273 1291 1270 1275 1271 1291 1270 1276 1269 1274 1274 1289 1272 1275 1271 1273 1275 1287 1276 1288 1277 1273 1275 1288 1277 1289 1272 1273 1275 1289 1272 1274 1274 1272 1278 1287 1276 1273 1275 1271 1279 1286 1280 1287 1276 1271 1279 1287 1276 1272 1278 1270 1281 1285 1282 1286 1280 1270 1281 1286 1280 1271 1279 1301 1283 1305 1284 1302 1285 1307 1286 1304 1287 1306 1288 1308 1289 1304 1287 1307 1286 1309 1290 1304 1287 1308 1289 1310 1291 1304 1287 1309 1290 1317 1292 1304 1287 1305 1284 1317 1292 1305 1284 1301 1283 1317 1292 1306 1288 1304 1287 1311 1293 1304 1287 1310 1291 1312 1294 1304 1287 1311 1293 1313 1295 1304 1287 1312 1294 1314 1296 1304 1287 1313 1295 1315 1297 1304 1287 1314 1296 1318 1298 1301 1283 1300 1299 1318 1298 1317 1292 1301 1283 1316 1300 1304 1287 1315 1297 1298 1301 1300 1299 1299 1302 1298 1301 1318 1298 1300 1299 1304 1287 1316 1300 1303 1303 1324 1304 1323 1305 1322 1306 1326 1307 1322 1306 1321 1308 1326 1307 1324 1304 1322 1306 1325 1309 1326 1307 1321 1308 1327 1310 1320 1311 1319 1312 1327 1310 1321 1308 1320 1311 1327 1310 1319 1312 1325 1309 1327 1310 1325 1309 1321 1308 1341 1313 1328 1314 1329 1315 1341 1313 1329 1315 1330 1316 1341 1313 1330 1316 1331 1317 1341 1313 1331 1317 1332 1318 1341 1313 1332 1318 1333 1319 1341 1313 1333 1319 1334 1320 1335 1321 1341 1313 1334 1320 1336 1322 1341 1313 1335 1321 1337 1323 1341 1313 1336 1322 1338 1324 1341 1313 1337 1323 1340 1325 1341 1313 1338 1324 1347 1326 1340 1325 1338 1324 1344 1327 1339 1328 1340 1325 1344 1327 1340 1325 1347 1326 1343 1329 1347 1326 1346 1330 1343 1329 1344 1327 1347 1326 1345 1331 1343 1329 1346 1330 1342 1332 1343 1329 1345 1331 1351 1333 1353 1334 1352 1335 1351 1333 1354 1336 1353 1334 1350 1337 1355 1338 1354 1336 1350 1337 1354 1336 1351 1333 1349 1339 1348 1340 1355 1338 1349 1339 1355 1338 1350 1337 1376 1341 1370 1342 1371 1343 1376 1341 1371 1343 1372 1344 1376 1341 1372 1344 1373 1345 1379 1346 1373 1345 1374 1347 1379 1346 1374 1347 1375 1348 1379 1346 1376 1341 1373 1345 1380 1349 1375 1348 1369 1350 1380 1349 1379 1346 1375 1348 1380 1349 1376 1341 1379 1346 1381 1351 1369 1350 1368 1352 1381 1351 1377 1353 1376 1341 1381 1351 1380 1349 1369 1350 1381 1351 1376 1341 1380 1349 1382 1354 1377 1353 1381 1351 1382 1354 1381 1351 1368 1352 1383 1355 1368 1352 1367 1356 1383 1355 1378 1357 1377 1353 1383 1355 1377 1353 1382 1354 1383 1355 1382 1354 1368 1352 1384 1358 1383 1355 1367 1356 1384 1358 1378 1357 1383 1355 1385 1359 1367 1356 1366 1360 1385 1359 1356 1361 1378 1357 1385 1359 1384 1358 1367 1356 1385 1359 1378 1357 1384 1358 1386 1362 1357 1363 1356 1361 1386 1362 1358 1364 1357 1363 1386 1362 1359 1365 1358 1364 1386 1362 1385 1359 1366 1360 1386 1362 1356 1361 1385 1359 1387 1366 1360 1367 1359 1365 1387 1366 1359 1365 1386 1362 1388 1368 1364 1369 1363 1370 1388 1368 1365 1371 1364 1369 1388 1368 1366 1360 1365 1371 1388 1368 1386 1362 1366 1360 1388 1368 1387 1366 1386 1362 1389 1372 1361 1373 1360 1367 1389 1372 1362 1374 1361 1373 1389 1372 1363 1370 1362 1374 1389 1372 1360 1367 1387 1366 1389 1372 1388 1368 1363 1370 1389 1372 1387 1366 1388 1368 1410 1375 1404 1376 1409 1377 1411 1378 1404 1376 1410 1375 1405 1379 1404 1376 1411 1378 1414 1380 1402 1381 1401 1382 1415 1383 1397 1384 1396 1385 1415 1383 1398 1386 1397 1384 1415 1383 1399 1387 1398 1386 1415 1383 1400 1388 1399 1387 1415 1383 1401 1382 1400 1388 1416 1389 1396 1385 1395 1390 1416 1389 1390 1391 1415 1383 1416 1389 1415 1383 1396 1385 1417 1392 1395 1390 1394 1393 1417 1392 1390 1391 1416 1389 1417 1392 1416 1389 1395 1390 1418 1394 1391 1395 1390 1391 1418 1394 1392 1396 1391 1395 1418 1394 1393 1397 1392 1396 1418 1394 1394 1393 1393 1397 1418 1394 1417 1392 1394 1393 1418 1394 1390 1391 1417 1392 1419 1398 1390 1391 1413 1399 1419 1398 1415 1383 1390 1391 1419 1398 1413 1399 1414 1380 1419 1398 1414 1380 1401 1382 1419 1398 1401 1382 1415 1383 1420 1400 1413 1399 1412 1401 1420 1400 1414 1380 1413 1399 1420 1400 1402 1381 1414 1380 1421 1402 1402 1381 1420 1400 1421 1402 1420 1400 1412 1401 1422 1403 1403 1404 1402 1381 1422 1403 1402 1381 1421 1402 1422 1403 1421 1402 1412 1401 1423 1405 1404 1376 1403 1404 1423 1405 1412 1401 1406 1406 1423 1405 1403 1404 1422 1403 1423 1405 1422 1403 1412 1401 1424 1407 1406 1406 1407 1408 1424 1407 1404 1376 1423 1405 1424 1407 1423 1405 1406 1406 1425 1409 1407 1408 1408 1410 1425 1409 1408 1410 1409 1377 1425 1409 1424 1407 1407 1408 1425 1409 1409 1377 1404 1376 1425 1409 1404 1376 1424 1407 1441 1411 1443 1412 1442 1413 1441 1411 1444 1414 1443 1412 1440 1415 1445 1416 1444 1414 1440 1415 1444 1414 1441 1411 1439 1417 1426 1418 1445 1416 1439 1417 1445 1416 1440 1415 1438 1419 1427 1420 1426 1418 1438 1419 1426 1418 1439 1417 1437 1421 1428 1422 1427 1420 1437 1421 1427 1420 1438 1419 1436 1423 1429 1424 1428 1422 1436 1423 1428 1422 1437 1421 1435 1425 1430 1426 1429 1424 1435 1425 1429 1424 1436 1423 1434 1427 1431 1428 1430 1426 1434 1427 1430 1426 1435 1425 1433 1429 1432 1430 1431 1428 1433 1429 1431 1428 1434 1427</p>
        </triangles>
      </mesh>
    </geometry>
  </library_geometries>
  <library_visual_scenes>
    <visual_scene id="Scene" name="Scene">
      <node id="right_thumb_proximal" name="right_thumb_proximal" type="NODE">
        <matrix sid="transform">1 0 0 0 0 1 0 0 0 0 1 0 0 0 0 1</matrix>
        <instance_geometry url="#__4_-mesh" name="right_thumb_proximal">
          <bind_material>
            <technique_common>
              <instance_material symbol="black_plastic-material" target="#black_plastic-material"/>
            </technique_common>
          </bind_material>
        </instance_geometry>
      </node>
    </visual_scene>
  </library_visual_scenes>
  <scene>
    <instance_visual_scene url="#Scene"/>
  </scene>
</COLLADA>