<?xml version="1.0" encoding="utf-8"?>
<COLLADA xmlns="http://www.collada.org/2005/11/COLLADASchema" version="1.4.1" xmlns:xsi="http://www.w3.org/2001/XMLSchema-instance">
  <asset>
    <contributor>
      <author>Blender User</author>
      <authoring_tool>Blender 3.0.1</authoring_tool>
    </contributor>
    <created>2025-08-11T13:02:25</created>
    <modified>2025-08-11T13:02:25</modified>
    <unit name="meter" meter="1"/>
    <up_axis>Z_UP</up_axis>
  </asset>
  <library_effects>
    <effect id="metal-effect">
      <profile_COMMON>
        <technique sid="common">
          <lambert>
            <emission>
              <color sid="emission">0 0 0 1</color>
            </emission>
            <diffuse>
              <color sid="diffuse">0.7 0.7 0.7 1</color>
            </diffuse>
            <reflectivity>
              <float sid="specular">0.8</float>
            </reflectivity>
            <index_of_refraction>
              <float sid="ior">1.45</float>
            </index_of_refraction>
          </lambert>
        </technique>
      </profile_COMMON>
    </effect>
    <effect id="white_plastic-effect">
      <profile_COMMON>
        <technique sid="common">
          <lambert>
            <emission>
              <color sid="emission">0 0 0 1</color>
            </emission>
            <diffuse>
              <color sid="diffuse">1 1 1 1</color>
            </diffuse>
            <reflectivity>
              <float sid="specular">0.2</float>
            </reflectivity>
            <index_of_refraction>
              <float sid="ior">1.45</float>
            </index_of_refraction>
          </lambert>
        </technique>
      </profile_COMMON>
    </effect>
    <effect id="black_plastic-effect">
      <profile_COMMON>
        <technique sid="common">
          <lambert>
            <emission>
              <color sid="emission">0 0 0 1</color>
            </emission>
            <diffuse>
              <color sid="diffuse">0.01434867 0.01434867 0.01434867 1</color>
            </diffuse>
            <reflectivity>
              <float sid="specular">0.2</float>
            </reflectivity>
            <index_of_refraction>
              <float sid="ior">1.45</float>
            </index_of_refraction>
          </lambert>
        </technique>
      </profile_COMMON>
    </effect>
  </library_effects>
  <library_images/>
  <library_materials>
    <material id="metal-material" name="metal">
      <instance_effect url="#metal-effect"/>
    </material>
    <material id="white_plastic-material" name="white_plastic">
      <instance_effect url="#white_plastic-effect"/>
    </material>
    <material id="black_plastic-material" name="black_plastic">
      <instance_effect url="#black_plastic-effect"/>
    </material>
  </library_materials>
  <library_geometries>
    <geometry id="ָ¼ⷌ-½񋴲¿·Ղ-mesh" name="ָ¼ⷌ-½񋴲¿·Ղ">
      <mesh>
        <source id="ָ¼ⷌ-½񋴲¿·Ղ-mesh-positions">
          <float_array id="ָ¼ⷌ-½񋴲¿·Ղ-mesh-positions-array" count="19947">0.006842255 0.002392888 -0.004069626 0.006838619 0.002233564 -0.003873586 0.006836473 0.002115488 -0.003651618 0.006837904 0.001930058 -0.003002047 0.006850481 0.001859307 -0.002325415 0.006793498 0.001850068 -0.00230658 0.00673604 0.001844525 -0.002287566 0.006678342 0.001842737 -0.002268493 0.001541554 0.001842737 -0.00699687 0.002914786 0.001842737 -0.006514132 0.004162549 0.001842737 -0.005764484 0.005233526 0.001842737 -0.004778623 0.006083786 0.001842737 -0.00359714 0.001853346 0.001878678 -0.00719124 0.002159476 0.001989543 -0.007366836 0.002304732 0.002074956 -0.007445394 0.002439677 0.002182185 -0.007516026 0.003039896 0.002842724 -0.00755304 0.002850949 0.002610325 -0.007600665 0.002647638 0.002386689 -0.007589817 0.006742358 0.002842724 -0.004437923 0.005725681 0.002842724 -0.005717933 0.004474878 0.002842724 -0.006770253 0.006813049 0.002638936 -0.004286229 0.006836235 0.002514302 -0.004181325 0.002821743 0.002392888 -0.007526695 0.002125918 0.001930296 -0.007259547 0.002785027 0.002233684 -0.007433652 0.00205779 0.001859307 -0.00704205 0.002729117 0.002075016 -0.007291972 0.003294825 0.002392888 -0.007322371 0.002644181 0.001930296 -0.007076501 0.003252267 0.002233684 -0.007231891 0.003187477 0.002075016 -0.007094025 0.002560555 0.001859307 -0.006864488 0.003088951 0.001930296 -0.006884455 0.002991914 0.001859307 -0.006678223 0.004463016 0.002638936 -0.006752967 0.004414558 0.002392888 -0.006682038 0.004358172 0.002233684 -0.006599485 0.004272222 0.002075016 -0.00647372 0.004141569 0.001930296 -0.006282508 0.004013001 0.001859307 -0.006094276 0.005710601 0.002638936 -0.00570327 0.00564903 0.002392888 -0.005643427 0.005577325 0.002233684 -0.005573689 0.00546813 0.002075016 -0.005467534 0.005302071 0.001930296 -0.005306065 0.005138635 0.001859307 -0.005147218 0.006724715 0.002638936 -0.004426598 0.006652414 0.002392888 -0.004380166 0.006568312 0.002233684 -0.004326105 0.006440162 0.002075016 -0.004243731 0.006245315 0.001930296 -0.004118502 0.006705164 0.002075016 -0.003799796 0.006053626 0.001859307 -0.003995299 0.006502509 0.001930296 -0.003687679 0.006303071 0.001859307 -0.003577411 0.001998782 0.001842737 0.003108501 0.002243936 0.001842737 0.002922534 0.002473294 0.001842737 0.002717375 0.002685368 0.001842737 0.002494454 0.001731216 0.001842737 0.00327897 0.001821994 0.001842737 0.003224611 0.001911222 0.001842737 0.003167808 6.71163e-4 0.001842737 0.003691017 0.001158058 0.001842737 0.003549098 0.001450479 0.001842737 0.003426551 -0.002828478 0.001842737 0.002663552 -0.002241015 0.001842737 0.003145277 -0.00156933 0.001842737 0.003500282 -8.40425e-4 0.001842737 0.003714263 -8.34763e-5 0.001842737 0.003778755 0.001541554 0.001842737 -0.00699687 -5.49704e-5 0.001842737 -0.00595355 -0.001375913 0.001842737 -0.004577815 -0.002353608 0.001842737 -0.002940237 -0.002937972 0.001842737 -0.001124739 -0.003098964 0.001842737 7.75654e-4 0.002914786 0.001842737 -0.006514132 0.004162549 0.001842737 -0.005764484 0.005233526 0.001842737 -0.004778623 0.006083786 0.001842737 -0.00359714 0.006678342 0.001842737 -0.002268493 0.006755471 0.001842737 -0.002020299 0.006823599 0.001842737 -0.001769423 0.006882548 0.001842737 -0.001516282 0.006970822 0.001842737 -4.62092e-4 0.007172465 0.001842737 2.90811e-4 0.0070495 0.001842737 -3.47532e-5 0.006999671 0.001842737 -2.45757e-4 0.006707429 0.001842737 8.35881e-5 0.003724813 0.001842737 0.001073598 0.004948973 0.001842737 3.01871e-4 0.005628287 0.001842737 4.56013e-5 0.005879044 0.001842737 -1.46776e-6 0.006116211 0.001842737 -1.58474e-5 0.006415724 0.001842737 1.01067e-5 0.003247857 0.001842737 0.001656651 0.003377377 0.001842737 0.001439332 0.003537476 0.001842737 0.001243591 0.002994716 0.001842737 0.002093791 0.001994431 0.001842737 -7.19916e-4 0.001763284 0.001842737 -0.001210629 0.001421451 0.001842737 -0.001631736 9.88811e-4 0.001842737 -0.001958847 4.90427e-4 0.001842737 -0.002172946 -4.47035e-5 0.001842737 -0.002261519 -5.85496e-4 0.001842737 -0.002219438 -0.00110048 0.001842737 -0.002049148 -0.001559734 0.001842737 -0.001760601 -0.001936614 0.001842737 -0.001370489 -0.002209186 0.001842737 -9.01565e-4 -0.002361655 0.001842737 -3.81008e-4 -0.00238502 0.001842737 1.60903e-4 -0.002278089 0.001842737 6.92669e-4 -0.002047002 0.001842737 0.001183331 -0.001705169 0.001842737 0.001604497 -0.001272499 0.001842737 0.001931607 -7.74115e-4 0.001842737 0.002145707 -2.38985e-4 0.001842737 0.00223428 3.01793e-4 0.001842737 0.002192199 8.16792e-4 0.001842737 0.002021908 0.001276075 0.001842737 0.001733362 0.001652956 0.001842737 0.00134325 0.001925528 0.001842737 8.74314e-4 0.002077937 0.001842737 3.53761e-4 0.002101361 0.001842737 -1.88157e-4 0.001994431 0.007942736 -7.19916e-4 0.001994431 0.006243467 -7.19916e-4 0.00139153 0.006266355 -0.001660168 0.001643657 0.006259799 -0.001382648 0.001847445 0.00625205 -0.001064836 0.00139153 0.006442725 -0.001660168 -0.001902222 0.006442725 -0.001414835 -0.001526713 0.006442725 -0.001786887 -0.00107479 0.006442725 -0.002061069 -5.7137e-4 0.006442725 -0.002222239 -4.42266e-5 0.006442725 -0.002261459 4.77523e-4 0.006442725 -0.002176702 9.65074e-4 0.006442725 -0.001972496 -0.001902222 0.006251215 -0.001414835 -0.002200961 0.006237506 -9.20467e-4 -0.002067506 0.006244599 -0.001177251 -0.002390265 0.005236685 7.01807e-5 -0.002391219 0.0054726 4.19691e-5 -0.002391636 0.005694568 -4.10564e-5 -0.002386093 0.005890667 -1.74247e-4 -0.00237751 0.005983769 -2.66783e-4 -0.002356648 0.006088376 -4.09316e-4 -0.002333104 0.006148576 -5.24223e-4 -0.002301633 0.006193041 -6.44032e-4 -0.002256393 0.006224632 -7.82184e-4 -0.002390265 0.004548728 7.01807e-5 -0.002391219 0.004312813 4.19691e-5 -0.002391636 0.004090845 -4.10564e-5 -0.002386093 0.003894746 -1.74247e-4 -0.00237751 0.003801643 -2.66783e-4 -0.002356648 0.003697037 -4.09316e-4 -0.002333104 0.003636837 -5.24223e-4 -0.002301633 0.003592371 -6.44032e-4 -0.002256393 0.003560781 -7.82184e-4 -0.002200961 0.003547906 -9.20467e-4 -0.002067506 0.003540873 -0.001177251 -0.001902222 0.003534197 -0.001414835 -0.001902222 0.003342688 -0.001414835 -0.001526713 0.003342688 -0.001786887 -0.00107479 0.003342688 -0.002061069 -5.7137e-4 0.003342688 -0.002222239 -4.42266e-5 0.003342688 -0.002261459 4.77523e-4 0.003342688 -0.002176702 9.65074e-4 0.003342688 -0.001972496 0.00139153 0.003342688 -0.001660168 0.00139153 0.003519058 -0.001660168 0.001643657 0.003525614 -0.001382648 0.001847445 0.003533363 -0.001064836 0.001994431 0.003541946 -7.19916e-4 0.001994431 0.001842737 -7.19916e-4 0.001763284 0.001842737 -0.001210629 0.001421451 0.001842737 -0.001631736 9.88811e-4 0.001842737 -0.001958847 4.90427e-4 0.001842737 -0.002172946 -4.47035e-5 0.001842737 -0.002261519 -5.85496e-4 0.001842737 -0.002219438 -0.00110048 0.001842737 -0.002049148 -0.001559734 0.001842737 -0.001760601 -0.001936614 0.001842737 -0.001370489 -0.002209186 0.001842737 -9.01565e-4 -0.002361655 0.001842737 -3.81008e-4 -0.00238502 0.001842737 1.60903e-4 -0.002278089 0.001842737 6.92669e-4 -0.002278089 0.007942736 6.92669e-4 0.001763284 0.007942736 -0.001210629 0.001421451 0.007942736 -0.001631736 9.88811e-4 0.007942736 -0.001958847 4.90427e-4 0.007942736 -0.002172946 -4.47035e-5 0.007942736 -0.002261519 -5.85496e-4 0.007942736 -0.002219438 -0.00110048 0.007942736 -0.002049148 -0.001559734 0.007942736 -0.001760601 -0.001936614 0.007942736 -0.001370489 -0.002209186 0.007942736 -9.01565e-4 -0.002361655 0.007942736 -3.81008e-4 -0.00238502 0.007942736 1.60903e-4 0.008568644 0.006202578 0.001519203 0.008558332 0.006199896 0.001620352 0.001895487 0.006199896 9.4118e-4 0.001994431 0.006243467 -7.19916e-4 0.002098321 0.006230771 -2.23864e-4 0.002087295 0.00621736 2.91687e-4 0.002015173 0.006208419 6.26519e-4 0.00139153 0.006266355 -0.001660168 0.001643657 0.006259799 -0.001382648 0.001847445 0.00625205 -0.001064836 0.006972014 0.006291985 -0.002075791 0.007105767 0.006251096 -4.91936e-4 0.007212698 0.006238162 1.48825e-5 0.00743854 0.006226718 4.77035e-4 0.007649123 0.006220221 7.48988e-4 0.00790137 0.006214797 9.82866e-4 0.008077085 0.006211638 0.001121342 0.007071316 0.006392002 -0.002083182 0.007067799 0.006365656 -0.002082943 0.007061123 0.006347954 -0.002082407 0.007051229 0.006331801 -0.002081692 0.007033169 0.006313323 -0.002080321 0.007018625 0.006303846 -0.002079248 0.007003128 0.006297111 -0.002078115 0.006987988 0.006293356 -0.002076983 0.006972014 0.006291985 -0.002075791 0.007205128 0.006351053 -4.9774e-4 0.007202625 0.00632888 -4.98105e-4 0.007195234 0.00630778 -4.9803e-4 0.007183372 0.006288886 -4.9752e-4 0.007167696 0.006273031 -4.96592e-4 0.007148861 0.00626111 -4.95311e-4 0.007127881 0.006253659 -4.93739e-4 0.007105767 0.006251096 -4.91936e-4 0.00139153 0.003519058 -0.001660168 0.001643657 0.003525614 -0.001382648 0.001847445 0.003533363 -0.001064836 0.001994431 0.003541946 -7.19916e-4 0.002098321 0.003554642 -2.23864e-4 0.002087295 0.003568053 2.91687e-4 0.002015173 0.003576993 6.26519e-4 0.001895487 0.003585517 9.4118e-4 0.008558332 0.003585517 0.001620352 0.008568644 0.003582835 0.001519203 0.008077085 0.003573775 0.001121342 0.00790137 0.003570616 9.82866e-4 0.007105767 0.003534317 -4.91936e-4 0.007212698 0.003547251 1.48825e-5 0.00743854 0.003558695 4.77035e-4 0.007649123 0.003565251 7.48988e-4 0.006972014 0.003493428 -0.002075791 0.008568644 0.006202578 0.001519203 0.008558332 0.006199896 0.001620352 0.008683979 0.006183683 0.00163275 0.008642613 0.006192684 0.001628756 0.008600592 0.006198108 0.001624643 0.008568644 0.003582835 0.001519203 0.008683979 0.003601729 0.00163275 0.008558332 0.003585517 0.001620352 0.008600592 0.003587305 0.001624643 0.008642613 0.003592729 0.001628756 -0.002278089 0.001842737 6.92669e-4 -0.002047002 0.001842737 0.001183331 -0.001705169 0.001842737 0.001604497 -0.001272499 0.001842737 0.001931607 -7.74115e-4 0.001842737 0.002145707 -2.38985e-4 0.001842737 0.00223428 3.01793e-4 0.001842737 0.002192199 8.16792e-4 0.001842737 0.002021908 0.001276075 0.001842737 0.001733362 0.001652956 0.001842737 0.00134325 0.001925528 0.001842737 8.74314e-4 0.002077937 0.001842737 3.53761e-4 0.002101361 0.001842737 -1.88157e-4 0.001994431 0.001842737 -7.19916e-4 0.001994431 0.003541946 -7.19916e-4 0.002098321 0.003554642 -2.23864e-4 0.002087295 0.003568053 2.91687e-4 0.002015173 0.003576993 6.26519e-4 0.001895487 0.003585517 9.4118e-4 0.001607596 0.004085361 0.001401245 0.001615107 0.003987312 0.001392006 0.001635909 0.003894865 0.001365721 0.001667082 0.003810822 0.001324415 0.001705944 0.003737926 0.001270115 0.001749455 0.003678202 0.001204848 0.001795172 0.003632307 0.00113058 0.001841187 0.003601372 0.001048982 0.001868844 0.003590285 9.95964e-4 0.001607596 0.005700051 0.001401245 0.001895487 0.006199896 9.4118e-4 0.00183475 0.006180644 0.001060962 0.001771628 0.00613147 0.001169681 0.001710772 0.006054997 0.001263201 0.001662731 0.00596553 0.001330196 0.00162971 0.005870342 0.00137341 0.001613378 0.005786836 0.001394152 0.001994431 0.006243467 -7.19916e-4 0.002098321 0.006230771 -2.23864e-4 0.002087295 0.00621736 2.91687e-4 0.002015173 0.006208419 6.26519e-4 0.001994431 0.007942736 -7.19916e-4 -0.002278089 0.007942736 6.92669e-4 -0.002047002 0.007942736 0.001183331 -0.001705169 0.007942736 0.001604497 -0.001272499 0.007942736 0.001931607 -7.74115e-4 0.007942736 0.002145707 -2.38985e-4 0.007942736 0.00223428 3.01793e-4 0.007942736 0.002192199 8.16792e-4 0.007942736 0.002021908 0.001276075 0.007942736 0.001733362 0.001652956 0.007942736 0.00134325 0.001925528 0.007942736 8.74314e-4 0.002077937 0.007942736 3.53761e-4 0.002101361 0.007942736 -1.88157e-4 -0.002200961 0.006237506 -9.20467e-4 -0.003126859 0.006233334 -8.52812e-4 -0.003034353 0.00624597 -0.001330554 -0.001902222 0.006251215 -0.001414835 -0.002067506 0.006244599 -0.001177251 0.002685368 0.007942736 0.002494454 0.002994716 0.007942736 0.002093791 0.003247857 0.007942736 0.001656651 0.003377377 0.007942736 0.001439332 0.003537476 0.007942736 0.001243591 0.003724813 0.007942736 0.001073598 0.004948973 0.007942736 3.01871e-4 0.005628287 0.007942736 4.56013e-5 0.005879044 0.007942736 -1.46776e-6 0.006116211 0.007942736 -1.58474e-5 0.006415724 0.007942736 1.01067e-5 0.006707429 0.007942736 8.35881e-5 0.007172465 0.007942736 2.90811e-4 0.0070495 0.007942736 -3.47532e-5 0.006999671 0.007942736 -2.45757e-4 0.006970822 0.007942736 -4.62092e-4 0.006882548 0.007942736 -0.001516282 0.00637114 0.007942736 -0.003043651 0.005532264 0.007942736 -0.004418611 0.004408121 0.007942736 -0.005572199 0.003055214 0.007942736 -0.006446242 0.001541554 0.007942736 -0.00699687 -5.49704e-5 0.007942736 -0.00595355 -0.001375913 0.007942736 -0.004577815 -0.002353608 0.007942736 -0.002940237 -0.002937972 0.007942736 -0.001124739 -0.003098964 0.007942736 7.75654e-4 -0.002828478 0.007942736 0.002663552 -0.002241015 0.007942736 0.003145277 -0.00156933 0.007942736 0.003500282 -8.40425e-4 0.007942736 0.003714263 -8.34763e-5 0.007942736 0.003778755 6.71163e-4 0.007942736 0.003691017 0.001158058 0.007942736 0.003549098 0.001450479 0.007942736 0.003426551 0.001731216 0.007942736 0.00327897 0.001821994 0.007942736 0.003224611 0.001911222 0.007942736 0.003167808 0.001998782 0.007942736 0.003108501 0.002243936 0.007942736 0.002922534 0.002473294 0.007942736 0.002717375 0.001994431 0.007942736 -7.19916e-4 0.001763284 0.007942736 -0.001210629 0.001421451 0.007942736 -0.001631736 9.88811e-4 0.007942736 -0.001958847 4.90427e-4 0.007942736 -0.002172946 -4.47035e-5 0.007942736 -0.002261519 -5.85496e-4 0.007942736 -0.002219438 -0.00110048 0.007942736 -0.002049148 -0.001559734 0.007942736 -0.001760601 -0.001936614 0.007942736 -0.001370489 -0.002209186 0.007942736 -9.01565e-4 -0.002361655 0.007942736 -3.81008e-4 -0.00238502 0.007942736 1.60903e-4 -0.002278089 0.007942736 6.92669e-4 -0.002047002 0.007942736 0.001183331 -0.001705169 0.007942736 0.001604497 -0.001272499 0.007942736 0.001931607 -7.74115e-4 0.007942736 0.002145707 -2.38985e-4 0.007942736 0.00223428 3.01793e-4 0.007942736 0.002192199 8.16792e-4 0.007942736 0.002021908 0.001276075 0.007942736 0.001733362 0.001652956 0.007942736 0.00134325 0.001925528 0.007942736 8.74314e-4 0.002077937 0.007942736 3.53761e-4 0.002101361 0.007942736 -1.88157e-4 -0.002390265 0.004548728 7.01807e-5 -0.002390265 0.005236685 7.01807e-5 -0.003270387 0.004552781 1.34502e-4 -0.003279328 0.004892706 1.35146e-4 -0.003270387 0.005232632 1.34502e-4 0.006759524 0.006442725 -0.004411041 0.005735456 0.006442725 -0.0057078 0.004471719 0.006442725 -0.006772458 0.003019809 0.006442725 -0.007561504 0.006835281 0.006442725 -0.00426805 0.00688678 0.006442725 -0.004115462 0.006913185 0.006442725 -0.003955841 0.007070004 0.006442725 -0.002083063 0.00139153 0.006442725 -0.001660168 -0.001902222 0.006442725 -0.001414835 -0.001526713 0.006442725 -0.001786887 -0.00107479 0.006442725 -0.002061069 -5.7137e-4 0.006442725 -0.002222239 -4.42266e-5 0.006442725 -0.002261459 4.77523e-4 0.006442725 -0.002176702 9.65074e-4 0.006442725 -0.001972496 -0.003135561 0.006442725 -0.001322984 -0.002601146 0.006442725 -0.002960085 -0.00175333 0.006442725 -0.004459083 -6.25715e-4 0.006442725 -0.005760669 7.37205e-4 0.006442725 -0.006813347 0.002281486 0.006442725 -0.007575511 0.002500474 0.006442725 -0.007630586 0.00272727 0.006442725 -0.007634818 0.002876043 0.006442725 -0.007609367 -0.003103554 0.007747948 0.002373814 -0.003302335 0.007747948 4.89779e-4 -0.003085017 0.007747948 -0.001392185 -0.002462029 0.007747948 -0.003181397 -0.001463472 0.007747948 -0.004791378 -1.37538e-4 0.007747948 -0.006144523 0.001451849 0.007747948 -0.007175564 0.001751542 0.007720112 -0.007319748 0.002046406 0.007633268 -0.007449686 0.002187967 0.007564723 -0.007508277 0.002321302 0.007476389 -0.007561504 0.002281486 0.006442725 -0.007575511 -0.003135561 0.006442725 -0.001322984 -0.002601146 0.006442725 -0.002960085 -0.00175333 0.006442725 -0.004459083 -6.25715e-4 0.006442725 -0.005760669 7.37205e-4 0.006442725 -0.006813347 -0.003138124 0.006347894 -0.001322805 -0.003225743 0.006335914 -8.66342e-4 -0.003268122 0.006293714 -5.85474e-4 -0.003298282 0.006197094 -3.47573e-4 -0.003319025 0.006066203 -1.56734e-4 -0.00333476 0.005898356 2.92808e-6 -0.003346681 0.005700528 1.23877e-4 -0.003355681 0.005481421 2.01315e-4 -0.003359556 0.00535947 2.23167e-4 -0.003363013 0.005235254 2.30763e-4 -0.003371953 0.004895329 2.31426e-4 -0.00337243 0.004895329 8.19303e-4 -0.003333151 0.004895329 0.001405835 -0.003254413 0.004895329 0.00198841 -0.00315541 0.007308721 0.002179324 -0.00314635 0.007437825 0.002208113 -0.003127932 0.007599532 0.002277731 0.006913185 0.006442725 -0.003955841 0.007070004 0.006442725 -0.002083063 0.007070004 0.006442725 -0.002083063 0.006887018 0.007307767 -0.00399661 0.006900489 0.007446706 -0.003792047 0.006935775 0.007615923 -0.003317832 0.006935775 0.007615923 -0.003317832 0.006986498 0.007712483 -0.002681791 0.006986498 0.007712483 -0.002681791 0.007081747 0.007747948 -0.001532971 0.007170021 0.007747948 -4.78778e-4 0.007205128 0.006353676 -4.97676e-4 0.007071256 0.006394624 -0.002083182 -0.003034353 0.00624597 -0.001330554 -0.003034353 0.00624597 -0.001330554 -0.001902222 0.006251215 -0.001414835 -0.00306034 0.00624907 -0.001328587 -0.003086626 0.006259322 -0.00132662 -0.003107607 0.0062747 -0.00132507 -0.003124535 0.006295859 -0.001323819 -0.003124535 0.006295859 -0.001323819 -0.003135025 0.006320834 -0.001323044 -0.003138124 0.006347894 -0.001322805 -0.003138124 0.006347894 -0.001322805 -0.003135561 0.006442725 -0.001322984 -0.003135561 0.006442725 -0.001322984 -0.001902222 0.006442725 -0.001414835 0.007070004 0.006442725 -0.002083063 0.007070004 0.006442725 -0.002083063 0.007071256 0.006394624 -0.002083182 0.007071256 0.006394624 -0.002083182 0.007071316 0.006392002 -0.002083182 0.007071316 0.006392002 -0.002083182 0.007067799 0.006365656 -0.002082943 0.007067799 0.006365656 -0.002082943 0.007061123 0.006347954 -0.002082407 0.007061123 0.006347954 -0.002082407 0.007051229 0.006331801 -0.002081692 0.007051229 0.006331801 -0.002081692 0.007033169 0.006313323 -0.002080321 0.007018625 0.006303846 -0.002079248 0.007003128 0.006297111 -0.002078115 0.006987988 0.006293356 -0.002076983 0.006972014 0.006291985 -0.002075791 0.006972014 0.006291985 -0.002075791 0.006972014 0.006291985 -0.002075791 0.006972014 0.006291985 -0.002075791 0.006972014 0.006291985 -0.002075791 0.00139153 0.006266355 -0.001660168 0.00139153 0.006442725 -0.001660168 0.007170021 0.007747948 -4.78778e-4 0.007270634 0.007748365 1.28895e-6 0.007485568 0.007748425 4.43291e-4 0.00768572 0.007748246 7.02217e-4 0.007927834 0.007747948 9.2699e-4 0.007205128 0.006353676 -4.97676e-4 0.007962882 0.006317377 9.06873e-4 0.007617413 0.006326079 5.59255e-4 0.007366418 0.006336987 1.37214e-4 0.007260024 0.006345033 -1.71941e-4 0.003833889 0.01113057 0.001217901 0.003833889 0.01113051 0.001217901 0.00500071 0.01107752 4.76547e-4 0.005643188 0.01101148 2.25473e-4 0.006054997 0.0109511 1.61115e-4 0.006356894 0.01089495 1.7764e-4 0.006652653 0.01082795 2.47661e-4 0.006652891 0.01082795 2.47728e-4 0.006652653 0.01082789 2.47661e-4 0.006675899 0.00804007 1.78445e-4 0.006264686 0.00804007 9.11429e-5 0.005843102 0.00804007 1.0445e-4 0.005434751 0.00804007 2.06672e-4 0.004576861 0.00804007 6.19292e-4 0.003785073 0.00804007 0.001153349 0.003409624 0.01111501 0.00173664 0.003337502 0.00804007 0.001700878 0.003525018 0.01112449 0.001543521 0.003667354 0.01112961 0.001369476 0.003833889 0.01113051 0.001217901 0.003785073 0.00804007 0.001153349 0.003609359 0.00804007 0.00131309 0.003459095 0.00804007 0.001496851 0.00281912 0.01102399 0.002611994 0.002760529 0.00804007 0.002560377 0.003272116 0.01109439 0.001990258 0.003409624 0.01111501 0.00173664 0.003409624 0.01111501 0.00173664 0.003337502 0.00804007 0.001700878 0.003077805 0.00804007 0.002149343 0.002760529 0.00804007 0.002560377 0.002542853 0.00804007 0.002789139 0.002307534 0.00804007 0.002999663 0.002055943 0.00804007 0.003190517 0.00281912 0.01102399 0.002611994 0.00281912 0.01102399 0.002611994 0.002099037 0.01091694 0.003252327 0.002055943 0.00804007 0.003190517 0.001966118 0.00804007 0.003251314 0.001874625 0.00804007 0.003309607 0.001781582 0.00804007 0.003365337 0.002099037 0.01091694 0.003252327 0.001818835 0.01086759 0.003429293 7.06971e-4 0.01060408 0.003854274 6.92591e-4 0.00804007 0.00378865 0.001491189 0.01080131 0.003597497 0.001818716 0.01086759 0.003429412 0.001818835 0.01086759 0.003429293 0.001781582 0.00804007 0.003365337 0.001314342 0.00804007 0.00359553 0.001007795 0.00804007 0.00370562 7.06971e-4 0.01060408 0.003854274 6.92591e-4 0.00804007 0.00378865 7.06807e-4 0.01060414 0.003854274 -0.002769231 0.00804007 0.002858757 -0.001976311 0.009001433 0.003448247 -0.00105828 0.009752273 0.003815889 -1.93089e-4 0.01025378 0.003936827 2.50712e-4 0.01044642 0.00392282 -2.32145e-4 0.00804007 0.003878116 -0.00115174 0.00804007 0.003745853 -0.002013802 0.00804007 0.003399491 -0.002390265 0.005236685 7.01807e-5 -0.002391219 0.0054726 4.19691e-5 -0.002391636 0.005694568 -4.10564e-5 -0.002386093 0.005890667 -1.74247e-4 -0.00237751 0.005983769 -2.66783e-4 -0.002356648 0.006088376 -4.09316e-4 -0.002333104 0.006148576 -5.24223e-4 -0.002301633 0.006193041 -6.44032e-4 -0.002256393 0.006224632 -7.82184e-4 -0.002200961 0.006237506 -9.20467e-4 -0.003126859 0.006233334 -8.52812e-4 -0.003270387 0.005232632 1.34502e-4 -0.0032624 0.005465805 1.05724e-4 -0.003251492 0.005684733 2.40207e-5 -0.003236591 0.005878627 -1.05198e-4 -0.003216266 0.006036877 -2.75783e-4 -0.003189086 0.006151854 -4.77884e-4 -0.003160536 0.006210327 -6.61612e-4 0.001541554 0.007942736 -0.00699687 -5.49704e-5 0.007942736 -0.00595355 -0.001375913 0.007942736 -0.004577815 -0.002353608 0.007942736 -0.002940237 -0.002937972 0.007942736 -0.001124739 -0.003098964 0.007942736 7.75654e-4 -0.002828478 0.007942736 0.002663552 0.001521885 0.007937848 -0.00703603 0.001503229 0.007923543 -0.007073223 0.001486361 0.007900476 -0.007106721 0.001472234 0.00786972 -0.007134914 0.001461446 0.007832825 -0.007156431 0.001454532 0.007791578 -0.0071702 0.001451849 0.007747948 -0.007175564 -0.003103554 0.007747948 0.002373814 -0.003302335 0.007747948 4.89779e-4 -0.003085017 0.007747948 -0.001392185 -0.002462029 0.007747948 -0.003181397 -0.001463472 0.007747948 -0.004791378 -1.37538e-4 0.007747948 -0.006144523 -0.003086924 0.007790267 0.002422928 -0.00306344 0.007829964 0.002461194 -0.003033697 0.007866859 0.002486884 -0.002995491 0.007899403 0.002506792 -0.002952158 0.007922708 0.002529025 -0.002925574 0.007931649 0.002546906 -0.002896726 0.007937908 0.002572596 -0.002871692 0.007940888 0.002602756 -0.002855896 0.007941961 0.002625167 -1.33961e-4 0.007790267 -0.006140112 -1.24902e-4 0.007830023 -0.006129026 -1.10239e-4 0.007866859 -0.006111145 -8.95858e-5 0.007899463 -0.006085872 -6.61612e-5 0.007922708 -0.006057262 -3.86834e-5 0.007937848 -0.006023645 -0.001459002 0.007790267 -0.004787862 -0.001447737 0.007830023 -0.00477904 -0.001429557 0.007866859 -0.004764735 -0.001403868 0.007899463 -0.004744589 -0.001374781 0.007922708 -0.00472176 -0.001340627 0.007937848 -0.004694998 -0.002456903 0.007790267 -0.003178954 -0.002443969 0.007830023 -0.003172755 -0.002423107 0.007866859 -0.003162801 -0.002393662 0.007899463 -0.003148734 -0.002360284 0.007922708 -0.00313282 -0.002321124 0.007937848 -0.003114163 -0.003079473 0.007790267 -0.001390933 -0.003065526 0.007830023 -0.001387774 -0.003042936 0.007866859 -0.001382589 -0.003011167 0.007899463 -0.001375317 -0.002975106 0.007922708 -0.001367032 -0.002932786 0.007937848 -0.001357376 -0.003296673 0.007790267 4.89801e-4 -0.003282368 0.007830023 4.89876e-4 -0.003259181 0.007866859 4.89984e-4 -0.003226578 0.007899463 4.90151e-4 -0.003189563 0.007922708 4.9033e-4 -0.003146171 0.007937848 4.90542e-4 -0.003255724 0.007866859 7.80191e-4 -0.003223121 0.007899463 7.79241e-4 -0.003186166 0.007922708 7.78168e-4 -0.003142774 0.007937848 7.76924e-4 -0.003098011 0.007790267 0.002372622 -0.003084003 0.007830023 0.002369523 -0.003061413 0.007866859 0.002364575 -0.003029525 0.007899463 0.002357661 -0.002993404 0.007922708 0.002349734 0.007081747 0.007747948 -0.001532971 0.007170021 0.007747948 -4.78778e-4 0.007075786 0.007791578 -0.001532435 0.007060468 0.007832825 -0.001531183 0.007036507 0.00786972 -0.001529157 0.007005035 0.007900476 -0.001526534 0.006967663 0.007923543 -0.001523375 0.006926178 0.007937848 -0.001519918 0.006882548 0.007942736 -0.001516282 0.006970822 0.007942736 -4.62092e-4 0.007164061 0.007791578 -4.78268e-4 0.007148742 0.007832825 -4.7699e-4 0.007124781 0.00786972 -4.74978e-4 0.00709331 0.007900476 -4.72348e-4 0.007055938 0.007923543 -4.69211e-4 0.007014453 0.007937848 -4.6574e-4 0.007172465 0.007942736 2.90811e-4 0.0070495 0.007942736 -3.47532e-5 0.006999671 0.007942736 -2.45757e-4 0.006970822 0.007942736 -4.62092e-4 0.007550835 0.007871448 6.1525e-4 0.007927834 0.007747948 9.2699e-4 0.007170021 0.007747948 -4.78778e-4 0.007270634 0.007748365 1.28895e-6 0.007485568 0.007748425 4.43291e-4 0.00768572 0.007748246 7.02217e-4 0.007164061 0.007791578 -4.78268e-4 0.007148742 0.007832825 -4.7699e-4 0.007124781 0.00786972 -4.74978e-4 0.00709331 0.007900476 -4.72348e-4 0.007055938 0.007923543 -4.69211e-4 0.007014453 0.007937848 -4.6574e-4 0.007083475 0.0079149 -3.66773e-4 0.007102429 0.007902085 -3.69318e-4 0.007169783 0.007886052 -1.23817e-4 0.007197916 0.007886111 -2.62223e-5 0.00725311 0.007886111 1.27237e-4 0.007362663 0.007886111 3.5635e-4 6.71163e-4 0.007942736 0.003691017 6.75842e-4 0.00794512 0.003712415 6.80313e-4 0.007952272 0.00373274 6.84336e-4 0.007963836 0.003751039 6.87718e-4 0.007979214 0.003766477 6.90296e-4 0.007997632 0.003778219 6.91935e-4 0.008018255 0.003785729 6.92591e-4 0.00804007 0.00378865 -2.32145e-4 0.00804007 0.003878116 -0.00115174 0.00804007 0.003745853 -0.002013802 0.00804007 0.003399491 -0.002769231 0.00804007 0.002858757 -0.002871155 0.007972955 0.002722203 -0.00282377 0.008001208 0.002795934 -0.002876996 0.007969856 0.002711951 -0.002828478 0.007942736 0.002663552 -0.00284177 0.007944464 0.002676844 -0.002854585 0.007949769 0.002689599 -0.002866446 0.007958292 0.002701401 -0.002241015 0.007942736 0.003145277 -0.00156933 0.007942736 0.003500282 -8.40425e-4 0.007942736 0.003714263 -8.34763e-5 0.007942736 0.003778755 -0.002748012 0.007969856 0.002835512 -0.002762019 0.007997632 0.00285083 -0.002767205 0.008018255 0.002856552 -0.002251386 0.007944464 0.003160953 -0.0022614 0.007949769 0.003175973 -0.002270698 0.007958292 0.00318998 -0.002278923 0.007969856 0.003202378 -0.002290427 0.007997632 0.003219664 -0.002294659 0.008018255 0.003226041 -0.001998662 0.007969856 0.003371894 -0.002008616 0.007997632 0.003390133 -0.002012372 0.008018255 0.003396868 -0.001576423 0.007944464 0.003517687 -0.001583218 0.007949769 0.003534436 -0.001589536 0.007958292 0.003549993 -0.001595139 0.007969856 0.003563761 -0.001602947 0.007997632 0.003583014 -0.001605868 0.008018255 0.003590106 -0.001143574 0.007969856 0.003715515 -0.001148939 0.007997632 0.003735542 -0.001150965 0.008018255 0.003742992 -8.43883e-4 0.007944464 0.00373274 -8.4722e-4 0.007949769 0.003750503 -8.50305e-4 0.007958292 0.003767013 -8.53047e-4 0.007969856 0.003781616 -8.56876e-4 0.007997632 0.003802001 -8.58292e-4 0.008018255 0.00380963 -2.31415e-4 0.007969856 0.003846645 -2.31907e-4 0.007997632 0.003867387 -2.32071e-4 0.008018255 0.003875136 6.71163e-4 0.007942736 0.003691017 0.001158058 0.007942736 0.003549098 0.001450479 0.007942736 0.003426551 0.001731216 0.007942736 0.00327897 0.001742243 0.00794512 0.003297865 0.001752734 0.007952272 0.003315865 0.001762211 0.007963836 0.003332078 0.001770138 0.007979214 0.003345727 0.001776218 0.007997632 0.003356099 0.001780092 0.008018255 0.003362774 0.001781582 0.00804007 0.003365337 0.001314342 0.00804007 0.00359553 0.001007795 0.00804007 0.00370562 6.92591e-4 0.00804007 0.00378865 6.75842e-4 0.00794512 0.003712415 6.80313e-4 0.007952272 0.00373274 6.84336e-4 0.007963836 0.003751039 6.87718e-4 0.007979214 0.003766477 6.90296e-4 0.007997632 0.003778219 6.91935e-4 0.008018255 0.003785729 0.001624882 0.007971107 0.00341767 0.001620531 0.007963061 0.003409385 0.00161612 0.007956683 0.003400921 0.001392006 0.007971107 0.003529667 0.001242697 0.007971227 0.003591477 0.001090824 0.007971227 0.003646671 8.47101e-4 0.007989585 0.003735661 8.45403e-4 0.007980227 0.003729224 8.43286e-4 0.007971107 0.003721177 0.001731216 0.007942736 0.00327897 0.001821994 0.007942736 0.003224611 0.001911222 0.007942736 0.003167808 0.001998782 0.007942736 0.003108501 0.002011299 0.00794512 0.003126442 0.00202322 0.007952272 0.003143548 0.002033948 0.007963836 0.003158926 0.002042949 0.007979214 0.003171861 0.002049863 0.007997632 0.003181755 0.002054274 0.008018255 0.003188073 0.002055943 0.00804007 0.003190517 0.001966118 0.00804007 0.003251314 0.001874625 0.00804007 0.003309607 0.001781582 0.00804007 0.003365337 0.001742243 0.00794512 0.003297865 0.001752734 0.007952272 0.003315865 0.001762211 0.007963836 0.003332078 0.001770138 0.007979214 0.003345727 0.001776218 0.007997632 0.003356099 0.001780092 0.008018255 0.003362774 0.001833498 0.00794512 0.003243267 0.001844406 0.007952272 0.00326097 0.0018543 0.007963836 0.003276944 0.001862585 0.007979214 0.003290355 0.001868903 0.007997632 0.003300547 0.001923203 0.00794512 0.003186047 0.001872956 0.008018255 0.003307104 0.001934647 0.007952272 0.003203511 0.001944959 0.007963836 0.003219187 0.001953601 0.007979214 0.003232359 0.001960217 0.007997632 0.003242433 0.001964449 0.008018255 0.00324881 0.002685368 0.007942736 0.002494454 0.002701818 0.00794512 0.002508878 0.002717435 0.007952272 0.002522587 0.002731561 0.007963836 0.002534985 0.002743422 0.007979214 0.002545356 0.002752482 0.007997632 0.002553343 0.002758264 0.008018255 0.00255841 0.002760529 0.00804007 0.002560377 0.002542853 0.00804007 0.002789139 0.002307534 0.00804007 0.002999663 0.002055943 0.00804007 0.003190517 0.001998782 0.007942736 0.003108501 0.002011299 0.00794512 0.003126442 0.00202322 0.007952272 0.003143548 0.002033948 0.007963836 0.003158926 0.002042949 0.007979214 0.003171861 0.002049863 0.007997632 0.003181755 0.002054274 0.008018255 0.003188073 0.002243936 0.007942736 0.002922534 0.002473294 0.007942736 0.002717375 0.002257883 0.00794512 0.002939403 0.002271115 0.007952272 0.002955496 0.002283036 0.007963836 0.00296992 0.00229305 0.007979214 0.002982139 0.002300679 0.007997632 0.002991378 0.002305626 0.008018255 0.002997338 0.002488493 0.00794512 0.002733111 0.002503037 0.007952272 0.002748072 0.00251609 0.007963836 0.002761483 0.002527058 0.007979214 0.002772867 0.002535402 0.007997632 0.00278145 0.002540767 0.008018255 0.002786993 0.002685368 0.007942736 0.002494454 0.002994716 0.007942736 0.002093791 0.003247857 0.007942736 0.001656651 0.003267467 0.00794512 0.001666307 0.003286123 0.007952272 0.001675546 0.003302991 0.007963836 0.001683831 0.003317117 0.007979214 0.001690804 0.003327906 0.007997632 0.001696109 0.00333482 0.008018255 0.001699507 0.003337502 0.00804007 0.001700878 0.003077805 0.00804007 0.002149343 0.002760529 0.00804007 0.002560377 0.002701818 0.00794512 0.002508878 0.002717435 0.007952272 0.002522587 0.002731561 0.007963836 0.002534985 0.002743422 0.007979214 0.002545356 0.002752482 0.007997632 0.002553343 0.002758264 0.008018255 0.00255841 0.003052592 0.007971167 0.002132534 0.003247857 0.007942736 0.001656651 0.003377377 0.007942736 0.001439332 0.003537476 0.007942736 0.001243591 0.003724813 0.007942736 0.001073598 0.003741443 0.00794661 0.001095592 0.003756284 0.007957398 0.001115262 0.003768801 0.007974386 0.001131832 0.00377804 0.007995843 0.001144051 0.003783106 0.008017301 0.001150786 0.003785073 0.00804007 0.001153349 0.003609359 0.00804007 0.00131309 0.003459095 0.00804007 0.001496851 0.003337502 0.00804007 0.001700878 0.003267467 0.00794512 0.001666307 0.003286123 0.007952272 0.001675546 0.003302991 0.007963836 0.001683831 0.003317117 0.007979214 0.001690804 0.003327906 0.007997632 0.001696109 0.00333482 0.008018255 0.001699507 0.003434836 0.007971048 0.001479744 0.003507912 0.007971048 0.001383423 0.00358808 0.007971048 0.001292288 0.003724813 0.007942736 0.001073598 0.004948973 0.007942736 3.01871e-4 0.005628287 0.007942736 4.56013e-5 0.005879044 0.007942736 -1.46776e-6 0.006116211 0.007942736 -1.58474e-5 0.006415724 0.007942736 1.01067e-5 0.006707429 0.007942736 8.35881e-5 0.006700515 0.00794512 1.0436e-4 0.006693959 0.007952272 1.24123e-4 0.006688058 0.007963836 1.41922e-4 0.006683051 0.007979214 1.56883e-4 0.006679236 0.007997632 1.68297e-4 0.006676852 0.008018255 1.75595e-4 0.006675899 0.00804007 1.78445e-4 0.006264686 0.00804007 9.11429e-5 0.005843102 0.00804007 1.0445e-4 0.005434751 0.00804007 2.06672e-4 0.004576861 0.00804007 6.19292e-4 0.003785073 0.00804007 0.001153349 0.003741443 0.00794661 0.001095592 0.003756284 0.007957398 0.001115262 0.003768801 0.007974386 0.001131832 0.00377804 0.007995843 0.001144051 0.003783106 0.008017301 0.001150786 0.006314456 0.007971107 6.60084e-5 0.006544947 0.007971048 1.09106e-4 0.006547272 0.007963001 1.00039e-4 0.006549656 0.007956624 9.07928e-5 0.006191849 0.007971107 5.58868e-5 0.005976736 0.007971107 5.88074e-5 0.005863189 0.007971107 7.10264e-5 0.005741536 0.007971107 9.17576e-5 0.005534529 0.007971107 1.43386e-4 0.005199134 0.007971107 2.64574e-4 0.004768133 0.007971107 4.73943e-4 0.004168987 0.007994234 8.65895e-4 0.004164576 0.007982671 8.59804e-4 0.004158675 0.007971107 8.5149e-4 0.006707429 0.007942736 8.35881e-5 0.007172465 0.007942736 2.90811e-4 0.007161855 0.00794512 3.09955e-4 0.007151782 0.007952272 3.28176e-4 0.007142722 0.007963836 3.44586e-4 0.007135033 0.007979214 3.58384e-4 0.007129251 0.007997632 3.68912e-4 0.007125496 0.008018255 3.7564e-4 0.007124066 0.00804007 3.7827e-4 0.006675899 0.00804007 1.78445e-4 0.006700515 0.00794512 1.0436e-4 0.006693959 0.007952272 1.24123e-4 0.006688058 0.007963836 1.41922e-4 0.006683051 0.007979214 1.56883e-4 0.006679236 0.007997632 1.68297e-4 0.006676852 0.008018255 1.75595e-4 0.007172465 0.007942736 2.90811e-4 0.007161855 0.00794512 3.09955e-4 0.007151782 0.007952272 3.28176e-4 0.007142722 0.007963836 3.44586e-4 0.007135033 0.007979214 3.58384e-4 0.007129251 0.007997632 3.68912e-4 0.007125496 0.008018255 3.7564e-4 0.007124066 0.00804007 3.7827e-4 0.007550835 0.007871448 6.1525e-4 0.007927834 0.007747948 9.2699e-4 0.007927834 0.007747948 9.2699e-4 0.007545351 0.007936477 6.44118e-4 0.007319211 0.008015096 4.93657e-4 0.00722903 0.007971227 4.10929e-4 0.007226586 0.007979691 4.1702e-4 0.007224738 0.007988214 4.22001e-4 0.01070958 0.005894184 0.003325879 0.01070857 0.005893945 0.003301858 0.01070183 0.005893409 0.003278791 0.01068985 0.005892574 0.003257989 0.01067322 0.005891561 0.003240644 0.01066929 0.005941867 0.003239154 0.01070517 0.005950093 0.003324329 0.01070427 0.005948722 0.003300309 0.01069766 0.005946815 0.003277242 0.0106858 0.00594449 0.00325644 0.009194016 0.004895329 0.00187391 0.009177029 0.004895627 0.00186187 0.009157955 0.004895865 0.001853585 0.00913757 0.004895925 0.001849412 0.009116768 0.004895865 0.001849591 0.009096562 0.004896461 0.001854062 0.009076535 0.004895269 0.001863181 0.009059071 0.004894793 0.001876413 0.009044885 0.004894196 0.001893162 0.009045124 0.005693674 0.001914739 0.009191453 0.005694627 0.00189954 0.009172081 0.005694985 0.001886188 0.009150087 0.005695223 0.001877665 0.009126722 0.005695223 0.001874566 0.009103298 0.005695044 0.001877009 0.009081125 0.005694746 0.001884877 0.009061336 0.00569427 0.001897692 0.009191453 0.005694627 0.00189954 0.009172081 0.005694985 0.001886188 0.009150087 0.005695223 0.001877665 0.009126722 0.005695223 0.001874566 0.009103298 0.005695044 0.001877009 0.009081125 0.005694746 0.001884877 0.009061336 0.00569427 0.001897692 0.009045124 0.005693674 0.001914739 0.009040057 0.00577557 0.001909315 0.009022593 0.005851805 0.001894831 0.008992731 0.005925238 0.001871168 0.008955776 0.005986928 0.001842379 0.008909404 0.00604397 0.001806676 0.008854508 0.006094455 0.001764833 0.00878185 0.006142973 0.001708149 0.008733808 0.00616604 0.001671016 0.008683979 0.006183683 0.00163275 0.008568644 0.006202578 0.001519203 0.008632004 0.006305158 0.001444697 0.008630514 0.006282806 0.001446008 0.008625924 0.006261408 0.001451134 0.008618414 0.006242096 0.001459777 0.008608341 0.006225883 0.001471579 0.008596301 0.006213486 0.001485884 0.00858283 0.006205558 0.001502037 0.009180903 0.00580883 0.001894235 0.009151339 0.005917012 0.001872003 0.009117305 0.005993306 0.001844882 0.009075939 0.006060898 0.001811325 0.009011149 0.006138503 0.001758098 0.008928358 0.006208121 0.001689672 0.00883758 0.006259143 0.00161457 0.008742153 0.006291389 0.001535654 0.008687496 0.006301164 0.001490533 0.008725047 0.00621289 0.001563131 0.008752346 0.006207466 0.001582682 0.008794069 0.006189584 0.001619219 0.008820474 0.006180107 0.001638352 0.008860468 0.006155669 0.001673281 0.008900523 0.0061329 0.001702547 0.008936941 0.006100714 0.001734137 0.00896722 0.006075739 0.001756012 0.008995711 0.006041169 0.001780569 0.009021162 0.006011545 0.001798987 0.009039461 0.005981862 0.001814544 0.009059786 0.005949199 0.001829385 0.009074807 0.00591588 0.001841902 0.009091317 0.0058766 0.001853942 0.009104669 0.005829811 0.001864552 0.00911343 0.005788505 0.00187081 0.008632004 0.006305158 0.001444697 0.008630514 0.006282806 0.001446008 0.008625924 0.006261408 0.001451134 0.008618414 0.006242096 0.001459777 0.008608341 0.006225883 0.001471579 0.008596301 0.006213486 0.001485884 0.00858283 0.006205558 0.001502037 0.008568644 0.006202578 0.001519203 0.008077085 0.006211638 0.001121342 0.008138716 0.006314218 0.001045465 0.008137345 0.006291866 0.001046836 0.008132874 0.006270468 0.001052081 0.008125603 0.006251156 0.001060962 0.008115828 0.006234943 0.001072943 0.008104085 0.006222546 0.001087546 0.008090972 0.006214618 0.001103937 0.008138716 0.006314218 0.001045465 0.008137345 0.006291866 0.001046836 0.008132874 0.006270468 0.001052081 0.008125603 0.006251156 0.001060962 0.008115828 0.006234943 0.001072943 0.008104085 0.006222546 0.001087546 0.008090972 0.006214618 0.001103937 0.008077085 0.006211638 0.001121342 0.00790137 0.006214797 9.82866e-4 0.007962882 0.006317377 9.06873e-4 0.007961452 0.006294965 9.08211e-4 0.007956981 0.006273627 9.13426e-4 0.00794965 0.006254315 9.22278e-4 0.007939934 0.006238043 9.34318e-4 0.007928192 0.006225705 9.48939e-4 0.007915139 0.006217777 9.65394e-4 0.007962882 0.006317377 9.06873e-4 0.007961452 0.006294965 9.08211e-4 0.007956981 0.006273627 9.13426e-4 0.00794965 0.006254315 9.22278e-4 0.007939934 0.006238043 9.34318e-4 0.007928192 0.006225705 9.48939e-4 0.007915139 0.006217777 9.65394e-4 0.00790137 0.006214797 9.82866e-4 0.007105767 0.006251096 -4.91936e-4 0.007212698 0.006238162 1.48825e-5 0.00743854 0.006226718 4.77035e-4 0.007649123 0.006220221 7.48988e-4 0.007205128 0.006351053 -4.9774e-4 0.007202625 0.00632888 -4.98105e-4 0.007195234 0.00630778 -4.9803e-4 0.007183372 0.006288886 -4.9752e-4 0.007167696 0.006273031 -4.96592e-4 0.007148861 0.00626111 -4.95311e-4 0.007127881 0.006253659 -4.93739e-4 0.007205128 0.006353676 -4.97676e-4 0.007205128 0.006352782 -4.97699e-4 0.007205128 0.006351947 -4.97725e-4 0.007617413 0.006326079 5.59255e-4 0.007366418 0.006336987 1.37214e-4 0.007260024 0.006345033 -1.71941e-4 0.007805168 0.006232857 8.33135e-4 0.007811784 0.006239712 8.26217e-4 0.007818162 0.006248295 8.19501e-4 0.007646918 0.006252646 6.3967e-4 0.007545053 0.006255865 5.08115e-4 0.007413029 0.006261169 2.95863e-4 0.007308542 0.006266891 7.03e-5 0.0072546 0.006270885 -8.65757e-5 0.007197916 0.006277143 -3.30191e-4 0.007206022 0.00628668 -3.31312e-4 0.0072124 0.006296455 -3.32147e-4 0.007071316 0.006392002 -0.002083182 0.007205128 0.006351053 -4.9774e-4 0.007071256 0.006394624 -0.002083182 0.007205128 0.006353676 -4.97676e-4 0.007205128 0.006352782 -4.97699e-4 0.007205128 0.006351947 -4.97725e-4 -0.003034353 0.00624597 -0.001330554 -0.00306034 0.00624907 -0.001328587 -0.003086626 0.006259322 -0.00132662 -0.003107607 0.0062747 -0.00132507 -0.003124535 0.006295859 -0.001323819 -0.003135025 0.006320834 -0.001323044 -0.003138124 0.006347894 -0.001322805 -0.003126859 0.006233334 -8.52812e-4 -0.003225743 0.006335914 -8.66342e-4 -0.003223717 0.006313264 -8.66611e-4 -0.003216624 0.006291627 -8.66018e-4 -0.003204941 0.006272196 -8.64618e-4 -0.003189206 0.006255865 -8.62468e-4 -0.003170311 0.006243586 -8.59678e-4 -0.003149151 0.006235957 -8.56407e-4 -0.003225743 0.006335914 -8.66342e-4 -0.003223717 0.006313264 -8.66611e-4 -0.003216624 0.006291627 -8.66018e-4 -0.003204941 0.006272196 -8.64618e-4 -0.003189206 0.006255865 -8.62468e-4 -0.003170311 0.006243586 -8.59678e-4 -0.003149151 0.006235957 -8.56407e-4 -0.003126859 0.006233334 -8.52812e-4 -0.003270387 0.005232632 1.34502e-4 -0.0032624 0.005465805 1.05724e-4 -0.003251492 0.005684733 2.40207e-5 -0.003236591 0.005878627 -1.05198e-4 -0.003216266 0.006036877 -2.75783e-4 -0.003189086 0.006151854 -4.77884e-4 -0.003160536 0.006210327 -6.61612e-4 -0.003363013 0.005235254 2.30763e-4 -0.003359198 0.005235135 2.06739e-4 -0.003349721 0.005234837 1.84331e-4 -0.003335118 0.00523442 1.64881e-4 -0.003316283 0.005233883 1.49541e-4 -0.003294229 0.005233287 1.39207e-4 -0.003268122 0.006293714 -5.85474e-4 -0.003298282 0.006197094 -3.47573e-4 -0.003319025 0.006066203 -1.56734e-4 -0.00333476 0.005898356 2.92808e-6 -0.003346681 0.005700528 1.23877e-4 -0.003355681 0.005481421 2.01315e-4 -0.003359556 0.00535947 2.23167e-4 -0.003195345 0.006241679 -7.62723e-4 -0.003204882 0.006248533 -7.63368e-4 -0.003234565 0.00623393 -6.32703e-4 -0.003248393 0.006205856 -5.36524e-4 -0.003263354 0.006160259 -4.25063e-4 -0.003276467 0.006102025 -3.19201e-4 -0.003286838 0.006039619 -2.30409e-4 -0.003296792 0.005959749 -1.39739e-4 -0.003304481 0.005879223 -6.68168e-5 -0.003311932 0.005781233 3.66196e-6 -0.003317713 0.005686342 5.70342e-5 -0.003323256 0.00557512 1.04405e-4 -0.003327548 0.005470454 1.35906e-4 -0.003329634 0.005413591 1.48114e-4 -0.003342092 0.005293726 1.732e-4 -0.003279328 0.004892706 1.35146e-4 -0.003270387 0.005232632 1.34502e-4 -0.003287136 0.004892945 1.36033e-4 -0.003294825 0.004893124 1.37519e-4 -0.003303408 0.004894912 1.39963e-4 -0.003303945 0.004893362 1.40127e-4 -0.003305554 0.004893422 1.40678e-4 -0.003307163 0.004892706 1.41256e-4 -0.003307878 0.004893481 1.41546e-4 -0.003308653 0.004893481 1.41833e-4 -0.003309428 0.004892706 1.42146e-4 -0.003329634 0.004894077 1.53139e-4 -0.003346741 0.004894554 1.68473e-4 -0.003359973 0.004894912 1.87315e-4 -0.003368496 0.00489521 2.08676e-4 -0.003371953 0.004895329 2.31426e-4 -0.003363013 0.005235254 2.30763e-4 -0.003359198 0.005235135 2.06739e-4 -0.003349721 0.005234837 1.84331e-4 -0.003335118 0.00523442 1.64881e-4 -0.003316283 0.005233883 1.49541e-4 -0.003294229 0.005233287 1.39207e-4 -0.003602206 0.004897952 0.004499137 -0.003602206 0.004897952 0.004499137 -0.003532648 0.005908608 0.004465997 -0.003532648 0.005908608 0.004465997 -0.003532648 0.005908608 0.004465997 -0.003302633 0.006895184 0.004486143 -0.002935349 0.00766611 0.004562616 -0.002935349 0.00766611 0.004562616 -0.002423226 0.008345305 0.004691064 -0.002423226 0.008345305 0.004691064 -0.001608967 0.00911349 0.004912495 -5.59658e-4 0.009797453 0.005214691 -5.59658e-4 0.009797453 0.005214691 4.26397e-4 0.01019412 0.005512237 4.26397e-4 0.01019412 0.005512237 0.001474142 0.01040154 0.005840122 0.001474142 0.01040154 0.005840122 0.001665413 0.01042848 0.005900621 0.001665413 0.01042848 0.005900621 0.001668453 0.01061594 0.005891263 0.001504123 0.01059275 0.005839347 0.001504123 0.01059275 0.005839347 0.001504123 0.01059275 0.005839347 4.12613e-5 0.01025062 0.005384325 -0.001304924 0.009528398 0.004988133 -0.001304924 0.009528398 0.004988133 -0.002458333 0.008501231 0.004671156 -0.002458333 0.008501231 0.004671156 -0.002986073 0.007800161 0.004538834 -0.002986073 0.007800161 0.004538834 -0.003363966 0.007004737 0.004460275 -0.003363966 0.007004737 0.004460275 -0.003620088 0.005818307 0.004442632 -0.003620088 0.005818307 0.004442632 -0.003624498 0.005764186 0.004444241 -0.003624498 0.005764186 0.004444241 -0.003624498 0.005764186 0.004444241 -0.003668963 0.004897952 0.0044775 -0.003602266 0.004887461 0.004499137 -0.003668963 0.004887461 0.0044775 -0.003602206 0.004897952 0.004499137 -0.003668963 0.004897952 0.0044775 -0.003668963 0.004894435 0.00447762 -0.003668963 0.004890978 0.00447762 -0.002200961 0.003547906 -9.20467e-4 -0.003126859 0.003552138 -8.52812e-4 -0.002067506 0.003540873 -0.001177251 -0.001902222 0.003534197 -0.001414835 -0.003034353 0.003539443 -0.001330554 0.003019809 0.003342688 -0.007561504 0.004471719 0.003342688 -0.006772458 0.005735456 0.003342688 -0.0057078 0.006759524 0.003342688 -0.004411041 0.002803027 0.003342688 -0.007624864 0.002576589 0.003342688 -0.007637679 0.002426922 0.003342688 -0.00761789 0.002281486 0.003342688 -0.007575511 -0.003135561 0.003342688 -0.001322984 -0.002601146 0.003342688 -0.002960085 -0.00175333 0.003342688 -0.004459083 -6.25715e-4 0.003342688 -0.005760669 7.37205e-4 0.003342688 -0.006813347 -0.001902222 0.003342688 -0.001414835 -0.001526713 0.003342688 -0.001786887 -0.00107479 0.003342688 -0.002061069 -5.7137e-4 0.003342688 -0.002222239 -4.42266e-5 0.003342688 -0.002261459 4.77523e-4 0.003342688 -0.002176702 9.65074e-4 0.003342688 -0.001972496 0.00139153 0.003342688 -0.001660168 0.007070004 0.003342688 -0.002083063 0.006913185 0.003342688 -0.003955841 0.00688678 0.003342688 -0.004115462 0.006835281 0.003342688 -0.00426805 -0.003135561 0.003342688 -0.001322984 -0.002601146 0.003342688 -0.002960085 -0.00175333 0.003342688 -0.004459083 -6.25715e-4 0.003342688 -0.005760669 7.37205e-4 0.003342688 -0.006813347 0.002281486 0.003342688 -0.007575511 0.002321302 0.002309083 -0.007561504 0.002075672 0.002164542 -0.007461965 0.001811325 0.002077877 -0.007346987 0.001632153 0.002047419 -0.007263779 0.001451849 0.002037465 -0.007175564 -0.003103554 0.002037465 0.002373814 -0.003302335 0.002037465 4.89779e-4 -0.003085017 0.002037465 -0.001392185 -0.002462029 0.002037465 -0.003181397 -0.001463472 0.002037465 -0.004791378 -1.37538e-4 0.002037465 -0.006144523 -0.00315541 0.002476692 0.002179324 -0.00314635 0.002347588 0.002208113 -0.003127932 0.002185881 0.002277731 -0.003254413 0.004890084 0.00198841 -0.003333151 0.004890084 0.001405835 -0.00337243 0.004890084 8.19303e-4 -0.003371953 0.004890084 2.31426e-4 -0.003363013 0.004550158 2.30763e-4 -0.003225743 0.003449499 -8.66342e-4 -0.003268122 0.003491699 -5.85474e-4 -0.003298282 0.003588318 -3.47573e-4 -0.003319025 0.00371921 -1.56734e-4 -0.00333476 0.003887057 2.92808e-6 -0.003346681 0.004084885 1.23877e-4 -0.003355681 0.004303991 2.01315e-4 -0.003359556 0.004425942 2.23167e-4 -0.003138124 0.003437519 -0.001322805 0.007081747 0.002037465 -0.001532971 0.007170021 0.002037465 -4.78778e-4 0.006980359 0.002079963 -0.002757012 0.006917357 0.002239227 -0.00355941 0.006900727 0.002337098 -0.003788948 0.006893098 0.002403199 -0.003900527 0.006887018 0.002477645 -0.00399661 0.006913185 0.003342688 -0.003955841 0.007070004 0.003342688 -0.002083063 0.007071256 0.003390789 -0.002083182 0.007205128 0.003431737 -4.97676e-4 0.007071256 0.003390789 -0.002083182 0.007071316 0.003393411 -0.002083182 0.007205128 0.00343436 -4.9774e-4 0.007205128 0.003431737 -4.97676e-4 0.007205128 0.003432631 -4.97699e-4 0.007205128 0.003433525 -4.97725e-4 -0.003034353 0.003539443 -0.001330554 -0.003034353 0.003539443 -0.001330554 -0.001902222 0.003534197 -0.001414835 -0.001902222 0.003342688 -0.001414835 -0.003135561 0.003342688 -0.001322984 -0.003135561 0.003342688 -0.001322984 -0.003138124 0.003437519 -0.001322805 -0.003138124 0.003437519 -0.001322805 -0.003138124 0.003437519 -0.001322805 -0.00306034 0.003536343 -0.001328587 -0.00306034 0.003536343 -0.001328587 -0.003086626 0.003526091 -0.00132662 -0.003107607 0.003510713 -0.00132507 -0.003124535 0.003489553 -0.001323819 -0.003124535 0.003489553 -0.001323819 -0.003135025 0.003464579 -0.001323044 0.007070004 0.003342688 -0.002083063 0.007070004 0.003342688 -0.002083063 0.007071256 0.003390789 -0.002083182 0.007071256 0.003390789 -0.002083182 0.00139153 0.003342688 -0.001660168 0.00139153 0.003519058 -0.001660168 0.006972014 0.003493428 -0.002075791 0.006972014 0.003493428 -0.002075791 0.006972014 0.003493428 -0.002075791 0.006972014 0.003493428 -0.002075791 0.006972014 0.003493428 -0.002075791 0.006972014 0.003493428 -0.002075791 0.007071316 0.003393411 -0.002083182 0.007071316 0.003393411 -0.002083182 0.007067799 0.003419756 -0.002082943 0.007067799 0.003419756 -0.002082943 0.007061123 0.003437459 -0.002082407 0.007061123 0.003437459 -0.002082407 0.007051229 0.003453612 -0.002081692 0.007051229 0.003453612 -0.002081692 0.007033169 0.003472089 -0.002080321 0.007018625 0.003481566 -0.002079248 0.007003128 0.003488302 -0.002078115 0.006987988 0.003492057 -0.002076983 0.007962882 0.003468036 9.06873e-4 0.007617413 0.003459334 5.59255e-4 0.007366418 0.003448426 1.37214e-4 0.007260024 0.00344038 -1.71941e-4 0.007205128 0.003431737 -4.97676e-4 0.007170021 0.002037465 -4.78778e-4 0.007270634 0.002037048 1.28895e-6 0.007485568 0.002036988 4.43291e-4 0.00768572 0.002037167 7.02217e-4 0.007927834 0.002037465 9.2699e-4 0.003409624 -0.001329481 0.00173664 0.003525018 -0.001339018 0.001543521 0.003667354 -0.001344144 0.001369476 0.003833889 -0.001345038 0.001217901 0.003785073 0.001745343 0.001153349 0.003609359 0.001745343 0.00131309 0.003459095 0.001745343 0.001496851 0.003337502 0.001745343 0.001700878 0.00281912 -0.001238524 0.002611994 0.003272116 -0.001308917 0.001990258 0.003409624 -0.001329541 0.00173664 0.003409624 -0.001329481 0.00173664 0.003337502 0.001745343 0.001700878 0.003077805 0.001745343 0.002149343 0.002760529 0.001745343 0.002560377 0.002099037 -0.001131474 0.003252327 0.00281912 -0.001238524 0.002611994 0.00281912 -0.001238524 0.002611994 0.002760529 0.001745343 0.002560377 0.002542853 0.001745343 0.002789139 0.002307534 0.001745343 0.002999663 0.002055943 0.001745343 0.003190517 0.001818835 -0.001082122 0.003429293 0.002099037 -0.001131474 0.003252327 0.002055943 0.001745343 0.003190517 0.001966118 0.001745343 0.003251314 0.001874625 0.001745343 0.003309607 0.001781582 0.001745343 0.003365337 7.06971e-4 -8.18656e-4 0.003854274 0.001491189 -0.001015841 0.003597497 0.001818716 -0.001082122 0.003429412 0.001818835 -0.001082122 0.003429293 0.001781582 0.001745343 0.003365337 0.001314342 0.001745343 0.00359553 0.001007795 0.001745343 0.00370562 6.92591e-4 0.001745343 0.00378865 -0.002769231 0.001745343 0.002858757 -0.001976311 7.83985e-4 0.003448247 -0.00105828 3.31448e-5 0.003815889 -1.93089e-4 -4.68321e-4 0.003936827 2.50712e-4 -6.60993e-4 0.00392282 7.06807e-4 -8.18667e-4 0.003854274 7.06971e-4 -8.18656e-4 0.003854274 6.92591e-4 0.001745343 0.00378865 -2.32145e-4 0.001745343 0.003878116 -0.00115174 0.001745343 0.003745853 -0.002013802 0.001745343 0.003399491 -0.003270387 0.004552781 1.34502e-4 -0.0032624 0.004319608 1.05724e-4 -0.003251492 0.00410068 2.40207e-5 -0.003236591 0.003906786 -1.05198e-4 -0.003216266 0.003748536 -2.75783e-4 -0.003189086 0.003633558 -4.77884e-4 -0.003160536 0.003575086 -6.61612e-4 -0.003126859 0.003552138 -8.52812e-4 -0.002200961 0.003547906 -9.20467e-4 -0.002390265 0.004548728 7.01807e-5 -0.002391219 0.004312813 4.19691e-5 -0.002391636 0.004090845 -4.10564e-5 -0.002386093 0.003894746 -1.74247e-4 -0.00237751 0.003801643 -2.66783e-4 -0.002356648 0.003697037 -4.09316e-4 -0.002333104 0.003636837 -5.24223e-4 -0.002301633 0.003592371 -6.44032e-4 -0.002256393 0.003560781 -7.82184e-4 -0.003103554 0.002037465 0.002373814 -0.003302335 0.002037465 4.89779e-4 -0.003085017 0.002037465 -0.001392185 -0.002462029 0.002037465 -0.003181397 -0.001463472 0.002037465 -0.004791378 -1.37538e-4 0.002037465 -0.006144523 0.001451849 0.002037465 -0.007175564 0.001454532 0.001993834 -0.0071702 0.001461446 0.001952588 -0.007156431 0.001472234 0.001915693 -0.007134914 0.001486361 0.001884937 -0.007106721 0.001503229 0.00186187 -0.007073223 0.001521885 0.001847565 -0.00703603 0.001541554 0.001842737 -0.00699687 -5.49704e-5 0.001842737 -0.00595355 -0.001375913 0.001842737 -0.004577815 -0.002353608 0.001842737 -0.002940237 -0.002937972 0.001842737 -0.001124739 -0.003098964 0.001842737 7.75654e-4 -0.002828478 0.001842737 0.002663552 -0.002855896 0.001843452 0.002625167 -0.002871692 0.001844525 0.002602756 -0.003086924 0.001995146 0.002422928 -0.00306344 0.001955449 0.002461194 -0.003033697 0.001918554 0.002486884 -0.002995491 0.00188601 0.002506792 -0.002952158 0.001862704 0.002529025 -0.002925574 0.001853764 0.002546906 -0.002896726 0.001847505 0.002572596 -0.003072857 0.001955389 0.002419769 -0.003050327 0.001918554 0.002414703 -0.003018498 0.00188595 0.00240755 -0.002982378 0.001862704 0.002399444 -0.002940058 0.001847565 0.002389907 -0.003255724 0.001918554 7.80191e-4 -0.003223121 0.00188595 7.79241e-4 -0.003186166 0.001862704 7.78168e-4 -0.003142774 0.001847565 7.76924e-4 -0.003296673 0.001995146 4.89801e-4 -0.003282368 0.001955389 4.89876e-4 -0.003259181 0.001918554 4.89984e-4 -0.003226578 0.00188595 4.90151e-4 -0.003189563 0.001862704 4.9033e-4 -0.003146171 0.001847565 4.90542e-4 -0.003091692 0.001918554 -0.001155555 -0.003059744 0.00188595 -0.001149177 -0.003023445 0.001862704 -0.001141905 -0.002980887 0.001847565 -0.001133322 -0.00249648 0.001918554 -0.003004848 -0.002466738 0.00188595 -0.002991437 -0.002433061 0.001862704 -0.002976179 -0.002393484 0.001847565 -0.002958297 -0.001518964 0.001955389 -0.004686951 -0.001500606 0.001918554 -0.004672944 -0.001474618 0.00188595 -0.004653155 -0.001445233 0.001862704 -0.004630684 -0.001410722 0.001847565 -0.004604399 -1.69829e-4 0.001955389 -0.006092071 -1.55047e-4 0.001918554 -0.006074249 -1.3423e-4 0.00188595 -0.006049156 -1.10626e-4 0.001862704 -0.006020665 -8.29101e-5 0.001847565 -0.005987226 0.006970822 0.001842737 -4.62092e-4 0.006882548 0.001842737 -0.001516282 0.006926178 0.001847565 -0.001519918 0.006967663 0.00186187 -0.001523375 0.007005035 0.001884937 -0.001526534 0.007036507 0.001915693 -0.001529157 0.007060468 0.001952588 -0.001531183 0.007075786 0.001993834 -0.001532435 0.007081747 0.002037465 -0.001532971 0.007170021 0.002037465 -4.78778e-4 0.007164061 0.001993834 -4.78268e-4 0.007148742 0.001952588 -4.7699e-4 0.007124781 0.001915693 -4.74978e-4 0.00709331 0.001884937 -4.72348e-4 0.007055938 0.00186187 -4.69211e-4 0.007014453 0.001847565 -4.6574e-4 0.007172465 0.001842737 2.90811e-4 0.0070495 0.001842737 -3.47532e-5 0.006999671 0.001842737 -2.45757e-4 0.006970822 0.001842737 -4.62092e-4 0.007170021 0.002037465 -4.78778e-4 0.007164061 0.001993834 -4.78268e-4 0.007148742 0.001952588 -4.7699e-4 0.007124781 0.001915693 -4.74978e-4 0.00709331 0.001884937 -4.72348e-4 0.007055938 0.00186187 -4.69211e-4 0.007014453 0.001847565 -4.6574e-4 0.007270634 0.002037048 1.28895e-6 0.007485568 0.002036988 4.43291e-4 0.00768572 0.002037167 7.02217e-4 0.007927834 0.002037465 9.2699e-4 0.007550835 0.001913964 6.1525e-4 0.007102429 0.001883327 -3.69318e-4 0.007083475 0.001870512 -3.66773e-4 0.007169783 0.001899361 -1.23817e-4 0.007197916 0.001899302 -2.62223e-5 0.00725311 0.001899302 1.27237e-4 0.007362663 0.001899302 3.5635e-4 -0.003543317 0.004892706 0.001952469 -0.003543317 0.004891812 0.001952469 -0.003543317 0.004890978 0.001952469 -0.003543317 0.004890084 0.001952469 -0.003424704 0.004892706 0.002074718 -0.003424704 0.004891812 0.002074718 -0.003424704 0.004890978 0.002074718 -0.003424704 0.004890084 0.002074778 -0.002828478 0.001842737 0.002663552 -0.002241015 0.001842737 0.003145277 -0.00156933 0.001842737 0.003500282 -8.40425e-4 0.001842737 0.003714263 -8.34763e-5 0.001842737 0.003778755 6.71163e-4 0.001842737 0.003691017 -0.00284177 0.001840949 0.002676844 -0.002854585 0.001835644 0.002689599 -0.002866446 0.00182712 0.002701401 -0.002876996 0.001815557 0.002711951 -0.002871155 0.001812458 0.002722203 -0.00282377 0.001784205 0.002795934 -0.002769231 0.001745343 0.002858757 6.92591e-4 0.001745343 0.00378865 -2.32145e-4 0.001745343 0.003878116 -0.00115174 0.001745343 0.003745853 -0.002013802 0.001745343 0.003399491 6.75842e-4 0.001840293 0.003712415 6.80313e-4 0.00183314 0.00373274 6.84336e-4 0.001821577 0.003751039 6.87718e-4 0.001806199 0.003766477 6.90296e-4 0.001787781 0.003778219 6.91935e-4 0.001767158 0.003785729 -8.31783e-5 0.001840949 0.003797471 -8.28952e-5 0.001835644 0.003815591 -8.26418e-5 0.00182712 0.00383234 -8.24183e-5 0.001815557 0.003847241 -8.20905e-5 0.001787781 0.003867983 -8.19713e-5 0.001767158 0.003875672 -8.43883e-4 0.001840949 0.00373274 -8.4722e-4 0.001835644 0.003750503 -8.50305e-4 0.00182712 0.003767013 -8.53047e-4 0.001815557 0.003781616 -8.56876e-4 0.001787781 0.003802001 -8.58292e-4 0.001767158 0.00380963 -0.001143574 0.001815557 0.003715515 -0.001148939 0.001787781 0.003735542 -0.001150965 0.001767158 0.003742992 -0.001576423 0.001840949 0.003517687 -0.001583218 0.001835644 0.003534436 -0.001589536 0.00182712 0.003549993 -0.001595139 0.001815557 0.003563761 -0.001602947 0.001787781 0.003583014 -0.001605868 0.001767158 0.003590106 -0.001998662 0.001815557 0.003371894 -0.002008616 0.001787781 0.003390133 -0.002012372 0.001767158 0.003396868 -0.002251386 0.001840949 0.003160953 -0.0022614 0.001835644 0.003175973 -0.002270698 0.00182712 0.00318998 -0.002278923 0.001815557 0.003202378 -0.002290427 0.001787781 0.003219664 -0.002294659 0.001767158 0.003226041 -0.002748012 0.001815557 0.002835512 -0.002762019 0.001787781 0.00285083 -0.002767205 0.001767158 0.002856552 0.001781582 0.001745343 0.003365337 0.001314342 0.001745343 0.00359553 0.001007795 0.001745343 0.00370562 6.92591e-4 0.001745343 0.00378865 0.001731216 0.001842737 0.00327897 0.001742243 0.001840293 0.003297865 0.001752734 0.00183314 0.003315865 0.001762211 0.001821577 0.003332078 0.001770138 0.001806199 0.003345727 0.001776218 0.001787781 0.003356099 0.001780092 0.001767158 0.003362774 6.71163e-4 0.001842737 0.003691017 0.001158058 0.001842737 0.003549098 0.001450479 0.001842737 0.003426551 6.75842e-4 0.001840293 0.003712415 6.80313e-4 0.00183314 0.00373274 6.84336e-4 0.001821577 0.003751039 6.87718e-4 0.001806199 0.003766477 6.90296e-4 0.001787781 0.003778219 6.91935e-4 0.001767158 0.003785729 0.00161612 0.00182873 0.003400921 0.001620531 0.001822352 0.003409385 0.001624882 0.001814305 0.00341767 0.001392006 0.001814305 0.003529667 0.001242697 0.001814186 0.003591477 0.001090824 0.001814186 0.003646671 8.43286e-4 0.001814305 0.003721177 8.45403e-4 0.001805186 0.003729224 8.47101e-4 0.001795828 0.003735661 0.002055943 0.001745343 0.003190517 0.001966118 0.001745343 0.003251314 0.001874625 0.001745343 0.003309607 0.001781582 0.001745343 0.003365337 0.001998782 0.001842737 0.003108501 0.002011299 0.001840293 0.003126442 0.00202322 0.00183314 0.003143548 0.002033948 0.001821577 0.003158926 0.002042949 0.001806199 0.003171861 0.002049863 0.001787781 0.003181755 0.002054274 0.001767158 0.003188073 0.001731216 0.001842737 0.00327897 0.001821994 0.001842737 0.003224611 0.001911222 0.001842737 0.003167808 0.001742243 0.001840293 0.003297865 0.001752734 0.00183314 0.003315865 0.001762211 0.001821577 0.003332078 0.001770138 0.001806199 0.003345727 0.001776218 0.001787781 0.003356099 0.001780092 0.001767158 0.003362774 0.001923263 0.001840293 0.003186047 0.001934707 0.00183314 0.003203451 0.001945018 0.001821577 0.003219127 0.001953661 0.001806199 0.0032323 0.001960277 0.001787781 0.003242373 0.001833617 0.001840293 0.003243148 0.001964449 0.001767158 0.00324881 0.001844525 0.00183314 0.00326091 0.001854419 0.001821577 0.003276824 0.001862704 0.001806199 0.003290235 0.001869022 0.001787781 0.003300487 0.001873075 0.001767158 0.003307044 0.001998782 0.001842737 0.003108501 0.002243936 0.001842737 0.002922534 0.002473294 0.001842737 0.002717375 0.002685368 0.001842737 0.002494454 0.002011299 0.001840293 0.003126442 0.00202322 0.00183314 0.003143548 0.002033948 0.001821577 0.003158926 0.002042949 0.001806199 0.003171861 0.002049863 0.001787781 0.003181755 0.002054274 0.001767158 0.003188073 0.002055943 0.001745343 0.003190517 0.002760529 0.001745343 0.002560377 0.002542853 0.001745343 0.002789139 0.002307534 0.001745343 0.002999663 0.002701818 0.001840293 0.002508878 0.002717435 0.00183314 0.002522587 0.002731561 0.001821577 0.002534985 0.002743422 0.001806199 0.002545356 0.002752482 0.001787781 0.002553343 0.002758264 0.001767158 0.00255841 0.002488493 0.001840293 0.002733111 0.002503037 0.00183314 0.002748072 0.00251609 0.001821577 0.002761483 0.002527058 0.001806199 0.002772867 0.002535402 0.001787781 0.00278145 0.002540767 0.001767158 0.002786993 0.002257883 0.001840293 0.002939403 0.002271115 0.00183314 0.002955496 0.002283036 0.001821577 0.00296992 0.00229305 0.001806199 0.002982139 0.002300679 0.001787781 0.002991378 0.002305626 0.001767158 0.002997338 0.003337502 0.001745343 0.001700878 0.003077805 0.001745343 0.002149343 0.002760529 0.001745343 0.002560377 0.003247857 0.001842737 0.001656651 0.003267467 0.001840293 0.001666307 0.003286123 0.00183314 0.001675546 0.003302991 0.001821577 0.001683831 0.003317117 0.001806199 0.001690804 0.003327906 0.001787781 0.001696109 0.00333482 0.001767158 0.001699507 0.002685368 0.001842737 0.002494454 0.002994716 0.001842737 0.002093791 0.002701818 0.001840293 0.002508878 0.002717435 0.00183314 0.002522587 0.002731561 0.001821577 0.002534985 0.002743422 0.001806199 0.002545356 0.002752482 0.001787781 0.002553343 0.002758264 0.001767158 0.00255841 0.003052592 0.001814246 0.002132534 0.003785073 0.001745343 0.001153349 0.003609359 0.001745343 0.00131309 0.003459095 0.001745343 0.001496851 0.003337502 0.001745343 0.001700878 0.003724813 0.001842737 0.001073598 0.003741443 0.001838803 0.001095592 0.003756284 0.001828014 0.001115262 0.003768801 0.001811027 0.001131832 0.00377804 0.001789569 0.001144051 0.003783106 0.001768112 0.001150786 0.003247857 0.001842737 0.001656651 0.003377377 0.001842737 0.001439332 0.003537476 0.001842737 0.001243591 0.003267467 0.001840293 0.001666307 0.003286123 0.00183314 0.001675546 0.003302991 0.001821577 0.001683831 0.003317117 0.001806199 0.001690804 0.003327906 0.001787781 0.001696109 0.00333482 0.001767158 0.001699507 0.003434836 0.001814365 0.001479744 0.003507912 0.001814365 0.001383423 0.00358808 0.001814365 0.001292288 0.006675899 0.001745343 1.78445e-4 0.006264746 0.001745343 9.11541e-5 0.005843281 0.001745343 1.04435e-4 0.00543493 0.001745343 2.06616e-4 0.004576981 0.001745343 6.19244e-4 0.003785073 0.001745343 0.001153349 0.006707429 0.001842737 8.35881e-5 0.006700515 0.001840293 1.0436e-4 0.006693959 0.00183314 1.24123e-4 0.006688058 0.001821577 1.41922e-4 0.006683051 0.001806199 1.56883e-4 0.006679236 0.001787781 1.68297e-4 0.006676852 0.001767158 1.75595e-4 0.003724813 0.001842737 0.001073598 0.004948973 0.001842737 3.01871e-4 0.005628287 0.001842737 4.56013e-5 0.005879044 0.001842737 -1.46776e-6 0.006116211 0.001842737 -1.58474e-5 0.006415724 0.001842737 1.01067e-5 0.003741443 0.001838803 0.001095592 0.003756284 0.001828014 0.001115262 0.003768801 0.001811027 0.001131832 0.00377804 0.001789569 0.001144051 0.003783106 0.001768112 0.001150786 0.006314456 0.001814365 6.60084e-5 0.006549656 0.001828789 9.07928e-5 0.006547272 0.001822412 1.00039e-4 0.006544947 0.001814365 1.09106e-4 0.006191909 0.001814365 5.58831e-5 0.005976796 0.001814365 5.88037e-5 0.005863249 0.001814305 7.10189e-5 0.005741596 0.001814305 9.17464e-5 0.005534589 0.001814305 1.43357e-4 0.005199193 0.001814305 2.64537e-4 0.004768192 0.001814305 4.73928e-4 0.004158735 0.001814365 8.51471e-4 0.004164636 0.001802742 8.59775e-4 0.004169046 0.001791179 8.65873e-4 0.007124066 0.001745343 3.7827e-4 0.006675899 0.001745343 1.78445e-4 0.007172465 0.001842737 2.90811e-4 0.007161855 0.001840293 3.09955e-4 0.007151782 0.00183314 3.28176e-4 0.007142722 0.001821577 3.44586e-4 0.007135033 0.001806199 3.58384e-4 0.007129251 0.001787781 3.68912e-4 0.007125496 0.001767158 3.7564e-4 0.006707429 0.001842737 8.35881e-5 0.006700515 0.001840293 1.0436e-4 0.006693959 0.00183314 1.24123e-4 0.006688058 0.001821577 1.41922e-4 0.006683051 0.001806199 1.56883e-4 0.006679236 0.001787781 1.68297e-4 0.006676852 0.001767158 1.75595e-4 0.007927834 0.002037465 9.2699e-4 0.007927834 0.002037465 9.2699e-4 0.007172465 0.001842737 2.90811e-4 0.007550835 0.001913964 6.1525e-4 0.007161855 0.001840293 3.09955e-4 0.007151782 0.00183314 3.28176e-4 0.007142722 0.001821577 3.44586e-4 0.007135033 0.001806199 3.58384e-4 0.007129251 0.001787781 3.68912e-4 0.007125496 0.001767158 3.7564e-4 0.007124066 0.001745343 3.7827e-4 0.007545351 0.001848936 6.44118e-4 0.007319211 0.001770317 4.93657e-4 0.007224738 0.001797199 4.22001e-4 0.007226586 0.001805722 4.1702e-4 0.00722903 0.001814186 4.10929e-4 0.003409624 -0.001329481 0.00173664 0.003525018 -0.001339018 0.001543521 0.003667354 -0.001344144 0.001369476 0.003833889 -0.001345038 0.001217901 0.003833889 -0.001345098 0.001217901 0.00390011 -0.001442074 0.001304209 0.003884136 -0.001440882 0.001283109 0.003867745 -0.001431882 0.001261591 0.003854572 -0.001417219 0.001244366 0.003843784 -0.001396596 0.001230359 0.003836691 -0.00137192 0.001221299 0.003743946 -0.00144118 0.00144571 0.003610432 -0.001436054 0.001608312 0.003502249 -0.001426577 0.001788914 0.003479123 -0.001424789 0.001777231 0.003455638 -0.001415491 0.001764953 0.003437042 -0.001400709 0.00175482 0.0034222 -0.001380264 0.001746118 0.003412783 -0.001355946 0.001739919 0.003409624 -0.001329541 0.00173664 0.003550231 -0.001410365 0.001564621 0.003616929 -0.001413643 0.001476764 0.003690183 -0.001415848 0.001393556 0.003502249 -0.001426577 0.001788914 0.003479123 -0.001424789 0.001777231 0.003455638 -0.001415491 0.001764953 0.003437042 -0.001400709 0.00175482 0.0034222 -0.001380264 0.001746118 0.003412783 -0.001355946 0.001739919 0.003409624 -0.001329541 0.00173664 0.003360629 -0.001405596 0.002052545 0.003360569 -0.001405596 0.002052545 0.003338098 -0.001404106 0.002039134 0.003315448 -0.001395106 0.002024769 0.003297567 -0.001380503 0.002012729 0.003283441 -0.001359939 0.002002239 0.003274738 -0.001335501 0.00199455 0.003272116 -0.001308917 0.001990258 0.00281912 -0.001238524 0.002611994 0.003272116 -0.001308917 0.001990258 0.003360569 -0.001405596 0.002052545 0.003338098 -0.001404106 0.002039134 0.003315448 -0.001395106 0.002024769 0.003297567 -0.001380503 0.002012729 0.003283441 -0.001359939 0.002002239 0.003274738 -0.001335501 0.00199455 0.003360569 -0.001405596 0.002052545 0.002892911 -0.001335263 0.002689182 0.00287348 -0.001333534 0.002671778 0.002854168 -0.001324236 0.002653539 0.002839207 -0.001309514 0.002638518 0.002827584 -0.001289069 0.002625703 0.00282073 -0.00126487 0.002616643 0.00281912 -0.001238524 0.002611994 0.002892911 -0.001335263 0.002689182 0.00287348 -0.001333534 0.002671778 0.002854168 -0.001324236 0.002653539 0.002839207 -0.001309514 0.002638518 0.002827584 -0.001289069 0.002625703 0.00282073 -0.00126487 0.002616643 0.00281912 -0.001238524 0.002611994 0.002147555 -0.001227915 0.003344833 0.002134919 -0.001226186 0.003326237 0.002123415 -0.00121957 0.003308057 0.002113521 -0.001208305 0.003291189 0.002105832 -0.001193046 0.003276467 0.002100706 -0.001174449 0.003264725 0.002098381 -0.001153588 0.003256559 0.002099037 -0.001131474 0.003252327 0.001818835 -0.001082122 0.003429293 0.002099037 -0.001131474 0.003252327 0.002147555 -0.001227915 0.003344833 0.002134919 -0.001226186 0.003326237 0.002123415 -0.00121957 0.003308057 0.002113521 -0.001208305 0.003291189 0.002105832 -0.001193046 0.003276467 0.002100706 -0.001174449 0.003264725 0.002098381 -0.001153588 0.003256559 0.001856863 -0.001178205 0.003526151 0.001843333 -0.001175045 0.003501594 0.001832067 -0.001164674 0.003478825 0.001823663 -0.001148104 0.003458857 0.001818716 -0.001126587 0.003443419 0.001817286 -0.00110507 0.003434181 0.001818716 -0.001082122 0.003429412 0.001856863 -0.001178205 0.003526151 0.001843333 -0.001175045 0.003501594 0.001832067 -0.001164674 0.003478825 0.001823663 -0.001148104 0.003458857 0.001818716 -0.001126587 0.003443419 0.001817286 -0.00110507 0.003434181 0.001818716 -0.001082122 0.003429412 0.001516878 -0.001111388 0.003698587 0.001507997 -0.00110954 0.003678143 0.001500368 -0.001102864 0.003658175 0.001494348 -0.001091659 0.003639698 0.001490294 -0.001076519 0.003623664 0.001488327 -0.00105822 0.003610908 0.001488626 -0.001037657 0.003602027 0.001491189 -0.001015841 0.003597497 7.06971e-4 -8.18656e-4 0.003854274 0.001491189 -0.001015841 0.003597497 0.001516878 -0.001111388 0.003698587 0.001507997 -0.00110954 0.003678143 0.001500368 -0.001102864 0.003658175 0.001494348 -0.001091659 0.003639698 0.001490294 -0.001076519 0.003623664 0.001488327 -0.00105822 0.003610908 0.001488626 -0.001037657 0.003602027 7.01725e-4 -9.11995e-4 0.003961503 6.96719e-4 -9.09099e-4 0.003933727 6.9426e-4 -8.99178e-4 0.003908097 6.94364e-4 -8.83051e-4 0.003885865 6.97002e-4 -8.62109e-4 0.003868937 7.01159e-4 -8.4108e-4 0.003859043 7.06807e-4 -8.18667e-4 0.003854274 0.009191453 0.004090785 0.00189954 0.009172081 0.004090428 0.001886188 0.009150087 0.004090189 0.001877665 0.009126722 0.004090189 0.001874566 0.009103298 0.004090368 0.001877009 0.009081125 0.004090666 0.001884877 0.009061336 0.004091143 0.001897692 0.009045124 0.004091739 0.001914739 0.009044885 0.004891216 0.001893162 0.00906074 0.004890561 0.001874864 0.009080588 0.004890024 0.001860857 0.009103178 0.004889667 0.001852095 0.009127199 0.004889488 0.001848995 0.009151279 0.004889547 0.001851737 0.009173989 0.004889726 0.001860201 0.009194016 0.004890084 0.00187391 0.008568644 0.003582835 0.001519203 0.008683979 0.003601729 0.00163275 0.008762657 0.003632485 0.001693248 0.008809447 0.003658711 0.001729547 0.008854091 0.0036906 0.001764476 0.008939087 0.003775835 0.001829504 0.008995354 0.00386548 0.001873195 0.009030699 0.003962218 0.001901447 0.009042203 0.004026234 0.001911282 0.009045124 0.004091739 0.001914739 0.009191453 0.004090785 0.00189954 0.009172081 0.004090428 0.001886188 0.009150087 0.004090189 0.001877665 0.009126722 0.004090189 0.001874566 0.009103298 0.004090368 0.001877009 0.009081125 0.004090666 0.001884877 0.009061336 0.004091143 0.001897692 0.009180903 0.003976583 0.001894235 0.009151339 0.003868401 0.001872003 0.009117305 0.003792107 0.001844882 0.009075939 0.003724515 0.001811325 0.009011149 0.00364691 0.001758098 0.008928358 0.003577351 0.001689672 0.00883758 0.00352627 0.00161457 0.008742153 0.003494024 0.001535654 0.008687496 0.003484249 0.001490533 0.008632004 0.003480255 0.001444697 0.008630514 0.003502607 0.001446008 0.008625924 0.003524005 0.001451134 0.008618414 0.003543317 0.001459777 0.008608341 0.003559529 0.001471579 0.008596301 0.003571927 0.001485884 0.00858283 0.003579854 0.001502037 0.008725047 0.003572523 0.001563131 0.008767127 0.00358802 0.001600205 0.008809864 0.003601253 0.001630604 0.008835971 0.003611743 0.001649677 0.008875429 0.003637611 0.001684129 0.008900284 0.003652334 0.001702368 0.008936643 0.003684461 0.001733958 0.008984386 0.003726124 0.001768648 0.009011805 0.003762304 0.001792132 0.009044885 0.003807365 0.00181663 0.009061336 0.003838896 0.001830518 0.009076178 0.003872394 0.001842916 0.009096443 0.003923952 0.001857817 0.009108483 0.003971159 0.001867234 0.009114742 0.00400573 0.001871764 0.008632004 0.003480255 0.001444697 0.008630514 0.003502607 0.001446008 0.008625924 0.003524005 0.001451134 0.008618414 0.003543317 0.001459777 0.008608341 0.003559529 0.001471579 0.008596301 0.003571927 0.001485884 0.00858283 0.003579854 0.001502037 0.008568644 0.003582835 0.001519203 0.008138716 0.003471195 0.001045465 0.008137345 0.003493547 0.001046836 0.008132874 0.003514945 0.001052081 0.008125603 0.003534257 0.001060962 0.008115828 0.003550469 0.001072943 0.008104085 0.003562867 0.001087546 0.008090972 0.003570795 0.001103937 0.008077085 0.003573775 0.001121342 0.008138716 0.003471195 0.001045465 0.008137345 0.003493547 0.001046836 0.008132874 0.003514945 0.001052081 0.008125603 0.003534257 0.001060962 0.008115828 0.003550469 0.001072943 0.008104085 0.003562867 0.001087546 0.008090972 0.003570795 0.001103937 0.008077085 0.003573775 0.001121342 0.007962882 0.003468036 9.06873e-4 0.007961452 0.003490447 9.08211e-4 0.007956981 0.003511786 9.13426e-4 0.00794965 0.003531098 9.22278e-4 0.007939934 0.00354737 9.34318e-4 0.007928192 0.003559708 9.48939e-4 0.007915139 0.003567636 9.65394e-4 0.00790137 0.003570616 9.82866e-4 0.007962882 0.003468036 9.06873e-4 0.007961452 0.003490447 9.08211e-4 0.007956981 0.003511786 9.13426e-4 0.00794965 0.003531098 9.22278e-4 0.007939934 0.00354737 9.34318e-4 0.007928192 0.003559708 9.48939e-4 0.007915139 0.003567636 9.65394e-4 0.00790137 0.003570616 9.82866e-4 0.007617413 0.003459334 5.59255e-4 0.007366418 0.003448426 1.37214e-4 0.007260024 0.00344038 -1.71941e-4 0.007205128 0.003431737 -4.97676e-4 0.007205128 0.003432631 -4.97699e-4 0.007205128 0.003433525 -4.97725e-4 0.007205128 0.00343436 -4.9774e-4 0.007202625 0.003456532 -4.98105e-4 0.007195234 0.003477632 -4.9803e-4 0.007183372 0.003496527 -4.9752e-4 0.007167696 0.003512382 -4.96592e-4 0.007148861 0.003524303 -4.95311e-4 0.007127881 0.003531754 -4.93739e-4 0.007105767 0.003534317 -4.91936e-4 0.007212698 0.003547251 1.48825e-5 0.00743854 0.003558695 4.77035e-4 0.007649123 0.003565251 7.48988e-4 0.007818162 0.003537118 8.19501e-4 0.007811784 0.003545701 8.26217e-4 0.007805168 0.003552556 8.33135e-4 0.007646918 0.003532767 6.3967e-4 0.007545053 0.003529548 5.08115e-4 0.007413029 0.003524243 2.95863e-4 0.007308542 0.003518521 7.03e-5 0.0072546 0.003514528 -8.65757e-5 0.0072124 0.003488957 -3.32147e-4 0.007206022 0.003498733 -3.31312e-4 0.007197916 0.003508269 -3.30191e-4 0.007071316 0.003393411 -0.002083182 0.007205128 0.00343436 -4.9774e-4 0.007067799 0.003419756 -0.002082943 0.007061123 0.003437459 -0.002082407 0.007051229 0.003453612 -0.002081692 0.007033169 0.003472089 -0.002080321 0.007018625 0.003481566 -0.002079248 0.007003128 0.003488302 -0.002078115 0.006987988 0.003492057 -0.002076983 0.006972014 0.003493428 -0.002075791 0.007105767 0.003534317 -4.91936e-4 0.007202625 0.003456532 -4.98105e-4 0.007195234 0.003477632 -4.9803e-4 0.007183372 0.003496527 -4.9752e-4 0.007167696 0.003512382 -4.96592e-4 0.007148861 0.003524303 -4.95311e-4 0.007127881 0.003531754 -4.93739e-4 -0.003034353 0.003539443 -0.001330554 -0.00306034 0.003536343 -0.001328587 -0.003086626 0.003526091 -0.00132662 -0.003107607 0.003510713 -0.00132507 -0.003124535 0.003489553 -0.001323819 -0.003135025 0.003464579 -0.001323044 -0.003138124 0.003437519 -0.001322805 -0.003225743 0.003449499 -8.66342e-4 -0.003223717 0.003472149 -8.66611e-4 -0.003216624 0.003493785 -8.66018e-4 -0.003204941 0.003513216 -8.64618e-4 -0.003189206 0.003529548 -8.62468e-4 -0.003170311 0.003541827 -8.59678e-4 -0.003149151 0.003549516 -8.56407e-4 -0.003126859 0.003552138 -8.52812e-4 -0.003225743 0.003449499 -8.66342e-4 -0.003223717 0.003472149 -8.66611e-4 -0.003216624 0.003493785 -8.66018e-4 -0.003204941 0.003513216 -8.64618e-4 -0.003189206 0.003529548 -8.62468e-4 -0.003170311 0.003541827 -8.59678e-4 -0.003149151 0.003549516 -8.56407e-4 -0.003126859 0.003552138 -8.52812e-4 -0.003268122 0.003491699 -5.85474e-4 -0.003298282 0.003588318 -3.47573e-4 -0.003319025 0.00371921 -1.56734e-4 -0.00333476 0.003887057 2.92808e-6 -0.003346681 0.004084885 1.23877e-4 -0.003355681 0.004303991 2.01315e-4 -0.003359556 0.004425942 2.23167e-4 -0.003363013 0.004550158 2.30763e-4 -0.003359198 0.004550278 2.06739e-4 -0.003349721 0.004550576 1.84331e-4 -0.003335118 0.004550993 1.64881e-4 -0.003316283 0.004551529 1.49541e-4 -0.003294229 0.004552125 1.39207e-4 -0.003270387 0.004552781 1.34502e-4 -0.0032624 0.004319608 1.05724e-4 -0.003251492 0.00410068 2.40207e-5 -0.003236591 0.003906786 -1.05198e-4 -0.003216266 0.003748536 -2.75783e-4 -0.003189086 0.003633558 -4.77884e-4 -0.003160536 0.003575086 -6.61612e-4 -0.003204882 0.003536939 -7.63368e-4 -0.003195345 0.003543734 -7.62723e-4 -0.003234565 0.003551483 -6.32703e-4 -0.003248393 0.003579556 -5.36524e-4 -0.003263354 0.003625154 -4.25063e-4 -0.003276467 0.003683388 -3.19201e-4 -0.003286838 0.003745794 -2.30409e-4 -0.003296792 0.003825664 -1.39739e-4 -0.003304481 0.00390619 -6.68168e-5 -0.003311932 0.00400418 3.66196e-6 -0.003317713 0.004099071 5.70342e-5 -0.003323256 0.004210293 1.04405e-4 -0.003327548 0.004314959 1.35906e-4 -0.003329634 0.004371821 1.48114e-4 -0.003342092 0.004491686 1.732e-4 -0.003363013 0.004550158 2.30763e-4 -0.003371953 0.004890084 2.31426e-4 -0.003368496 0.004890203 2.0875e-4 -0.003360033 0.004890501 1.87434e-4 -0.00334692 0.004890859 1.68625e-4 -0.003329873 0.004891335 1.53307e-4 -0.003309428 0.004892706 1.42146e-4 -0.003308892 0.004891932 1.41919e-4 -0.003307998 0.004891932 1.41583e-4 -0.003307163 0.004892706 1.41256e-4 -0.003298103 0.00489223 1.38335e-4 -0.003288745 0.004892468 1.36297e-4 -0.003279328 0.004892706 1.35146e-4 -0.003270387 0.004552781 1.34502e-4 -0.003359198 0.004550278 2.06739e-4 -0.003349721 0.004550576 1.84331e-4 -0.003335118 0.004550993 1.64881e-4 -0.003316283 0.004551529 1.49541e-4 -0.003294229 0.004552125 1.39207e-4 -0.003309428 0.004892706 1.42146e-4 -0.003329634 0.004894077 1.53139e-4 -0.003346741 0.004894554 1.68473e-4 -0.003359973 0.004894912 1.87315e-4 -0.003368496 0.00489521 2.08676e-4 -0.003371953 0.004895329 2.31426e-4 -0.003371953 0.004890084 2.31426e-4 -0.003368496 0.004890203 2.0875e-4 -0.003360033 0.004890501 1.87434e-4 -0.00334692 0.004890859 1.68625e-4 -0.003329873 0.004891335 1.53307e-4 -0.003371953 0.0048936 2.31426e-4 -0.003371953 0.004891812 2.31426e-4 -0.003334283 0.004892706 1.56607e-4 -0.003366887 0.004892706 2.0317e-4 -0.003309428 0.004892706 1.42146e-4 -0.003308892 0.004891932 1.41919e-4 -0.003307998 0.004891932 1.41583e-4 -0.003307163 0.004892706 1.41256e-4 -0.003307878 0.004893481 1.41546e-4 -0.003308653 0.004893481 1.41833e-4 -0.003303408 0.004894912 1.39963e-4 -0.003303945 0.004893362 1.40127e-4 -0.003305554 0.004893422 1.40678e-4 -0.003307163 0.004892706 1.41256e-4 -0.003303408 0.004892706 1.39933e-4 -0.003303408 0.004892706 1.39933e-4 -0.003303408 0.004894912 1.39963e-4 -0.003279328 0.004892706 1.35146e-4 -0.003287136 0.004892945 1.36033e-4 -0.003298103 0.00489223 1.38335e-4 -0.003288745 0.004892468 1.36297e-4 -0.003371953 0.004895329 2.31426e-4 -0.003371953 0.0048936 2.31426e-4 -0.003371953 0.004891812 2.31426e-4 -0.003371953 0.004890084 2.31426e-4 -0.003254413 0.004890084 0.00198841 -0.003333151 0.004890084 0.001405835 -0.00337243 0.004890084 8.19303e-4 -0.003254413 0.004895329 0.00198841 -0.003254413 0.0048936 0.00198841 -0.003254413 0.004891812 0.00198841 -0.00337243 0.004895329 8.19303e-4 -0.003333151 0.004895329 0.001405835 -0.00333321 0.0048936 0.001405835 -0.00333321 0.004891812 0.001405835 -0.00337243 0.0048936 8.19307e-4 -0.00337243 0.004891812 8.19307e-4 -0.003543317 0.004892706 0.001952469 -0.003424704 0.004892706 0.002074718 -0.003543317 0.004895329 0.001952469 -0.003543317 0.004894435 0.001952469 -0.003543317 0.0048936 0.001952469 -0.003424704 0.004895329 0.002074778 -0.003424704 0.004894435 0.002074718 -0.003424704 0.0048936 0.002074718 0.009044885 0.004891216 0.001893162 0.00906074 0.004890561 0.001874864 0.009080588 0.004890024 0.001860857 0.009103178 0.004889667 0.001852095 0.009127199 0.004889488 0.001848995 0.009151279 0.004889547 0.001851737 0.009173989 0.004889726 0.001860201 0.009194016 0.004890084 0.00187391 0.009044885 0.00489223 0.001893162 0.009044885 0.004893183 0.001893162 0.009044885 0.004894196 0.001893162 0.009096562 0.004896461 0.001854062 0.009076535 0.004895269 0.001863181 0.009059071 0.004894793 0.001876413 0.009096562 0.004892706 0.001853942 0.009096562 0.004892706 0.001853942 0.009096562 0.004896461 0.001854062 0.009194016 0.004895329 0.00187391 0.009177029 0.004895627 0.00186187 0.009157955 0.004895865 0.001853585 0.00913757 0.004895925 0.001849412 0.009116768 0.004895865 0.001849591 0.009194016 0.0048936 0.00187385 0.009194016 0.004891812 0.00187385 0.008579134 0.004883646 0.002111911 0.008579134 0.004883646 0.002111911 0.008592903 0.004119753 0.002113342 0.008579134 0.004901766 0.002111911 0.008579134 0.004901766 0.002111911 0.008579075 0.004895746 0.002111911 0.008579075 0.004895746 0.002111911 0.008579075 0.004895746 0.002111911 0.008579075 0.004889667 0.002111911 0.008579075 0.004889667 0.002111911 0.008592903 0.005665659 0.002113342 0.00850892 0.005700051 0.002104759 0.008552372 0.005686223 0.002109229 0.001607596 0.005700051 0.001401245 0.001607596 0.005700051 0.001401245 0.001607596 0.004085361 0.001401245 0.001607596 0.004085361 0.001401245 0.001607596 0.004085361 0.001401245 0.00850892 0.004085361 0.002104759 0.008552312 0.00409913 0.002109229 0.001607596 0.005700051 0.001401245 0.00850892 0.005700051 0.002104759 0.008510172 0.005809545 0.002092719 0.008513808 0.005913674 0.002057135 0.008519649 0.006007432 0.001999735 0.008527398 0.006086289 0.001923263 0.008536756 0.00614643 0.001831531 0.008547246 0.006184935 0.001728892 0.008558332 0.006199896 0.001620352 0.001895487 0.006199896 9.4118e-4 0.00183475 0.006180644 0.001060962 0.001771628 0.00613147 0.001169681 0.001710772 0.006054997 0.001263201 0.001662731 0.00596553 0.001330196 0.00162971 0.005870342 0.00137341 0.001613378 0.005786836 0.001394152 0.00850892 0.005700051 0.002104759 0.008537709 0.005806028 0.00209552 0.008567512 0.00590682 0.002062559 0.008596956 0.005997598 0.002007484 0.008624553 0.006073892 0.001932978 0.008649051 0.006132066 0.001842677 0.008669197 0.006169259 0.001740992 0.008683979 0.006183683 0.00163275 0.008642613 0.006192684 0.001628756 0.008600592 0.006198108 0.001624643 0.008558332 0.006199896 0.001620352 0.008510172 0.005809545 0.002092719 0.008513808 0.005913674 0.002057135 0.008519649 0.006007432 0.001999735 0.008527398 0.006086289 0.001923263 0.008536756 0.00614643 0.001831531 0.008547246 0.006184935 0.001728892 0.008640468 0.006175577 0.001739084 0.008616924 0.006115078 0.001880288 0.008526265 0.005979478 0.002020657 0.00850892 0.005700051 0.002104759 0.008552372 0.005686223 0.002109229 0.008592903 0.005665659 0.002113342 0.008644402 0.00576204 0.002106547 0.008695662 0.005853414 0.002076506 0.008744657 0.005936264 0.002024352 0.008788824 0.006006181 0.001952469 0.008825957 0.006059587 0.00186479 0.008854508 0.006094455 0.001764833 0.00878185 0.006142973 0.001708149 0.008733808 0.00616604 0.001671016 0.008683979 0.006183683 0.00163275 0.008537709 0.005806028 0.00209552 0.008567512 0.00590682 0.002062559 0.008596956 0.005997598 0.002007484 0.008624553 0.006073892 0.001932978 0.008649051 0.006132066 0.001842677 0.008669197 0.006169259 0.001740992 0.008683502 0.005989849 0.002000629 0.008592903 0.005665659 0.002113342 0.008592903 0.005665659 0.002113342 0.008644402 0.00576204 0.002106547 0.008695662 0.005853414 0.002076506 0.008744657 0.005936264 0.002024352 0.008788824 0.006006181 0.001952469 0.008825957 0.006059587 0.00186479 0.008854508 0.006094455 0.001764833 0.009045124 0.005693674 0.001914739 0.009040057 0.00577557 0.001909315 0.009022593 0.005851805 0.001894831 0.008992731 0.005925238 0.001871168 0.008955776 0.005986928 0.001842379 0.008909404 0.00604397 0.001806676 0.008700609 0.005672574 0.002112686 0.008797585 0.005678534 0.002091646 0.008881032 0.0056836 0.002056241 0.008949339 0.005687832 0.002012073 0.009003579 0.00569123 0.001963615 0.008999526 0.005747437 0.00196129 0.008989751 0.005801439 0.001954019 0.008950948 0.005738914 0.002005279 0.008953988 0.005901992 0.001927554 0.008941709 0.005786895 0.001999497 0.008900344 0.00599128 0.001888275 0.008910477 0.005876362 0.001978337 0.008868396 0.00603193 0.001865327 0.008841216 0.005717217 0.002072751 0.0088647 0.005958199 0.001947283 0.008834183 0.005751073 0.002069652 0.00883758 0.005997121 0.001929283 0.008812308 0.005815505 0.002058506 0.008719682 0.005692064 0.002109348 0.008781552 0.00587666 0.002042531 0.008716106 0.005709767 0.002108335 0.00876367 0.005906522 0.002033591 0.008745908 0.005934417 0.002024948 0.00870496 0.005744159 0.002104759 0.008689165 0.00577718 0.002099812 0.008679986 0.005793094 0.002097129 0.008592903 0.005665659 0.002113342 0.008579134 0.004901766 0.002111911 0.008687019 0.004899978 0.002111256 0.008792221 0.00489819 0.002087414 0.008889913 0.004896581 0.002041518 0.008975446 0.004895269 0.001975774 0.009044885 0.004894196 0.001893162 0.009045124 0.005693674 0.001914739 0.008700609 0.005672574 0.002112686 0.008797585 0.005678534 0.002091646 0.008881032 0.0056836 0.002056241 0.008949339 0.005687832 0.002012073 0.009003579 0.00569123 0.001963615 0.008579134 0.004901766 0.002111911 0.008579075 0.004895746 0.002111911 0.008579075 0.004889667 0.002111911 0.008579134 0.004883646 0.002111911 0.008687019 0.004885494 0.002111256 0.008792221 0.004887223 0.002087414 0.008889913 0.004888832 0.002041518 0.008975446 0.004890143 0.001975774 0.009044885 0.004891216 0.001893162 0.009044885 0.00489223 0.001893162 0.009044885 0.004893183 0.001893162 0.009044885 0.004894196 0.001893162 0.008687019 0.004899978 0.002111256 0.008792221 0.00489819 0.002087414 0.008889913 0.004896581 0.002041518 0.008975446 0.004895269 0.001975774 0.008686959 0.00489515 0.002111256 0.008686959 0.004890322 0.002111256 0.008792221 0.004894554 0.002087354 0.008792221 0.004890859 0.002087354 0.008889853 0.004894018 0.002041518 0.008889853 0.004891395 0.002041518 0.008975446 0.004893541 0.001975774 0.008975446 0.004891872 0.001975774 0.008579134 0.004883646 0.002111911 0.008592903 0.004119753 0.002113342 0.008705615 0.004112422 0.002111971 0.008815228 0.004105508 0.002085626 0.008915901 0.004099309 0.002035498 0.008985936 0.004095137 0.001980781 0.009045124 0.004091739 0.001914739 0.009044885 0.004891216 0.001893162 0.008687019 0.004885494 0.002111256 0.008792221 0.004887223 0.002087414 0.008889913 0.004888832 0.002041518 0.008975446 0.004890143 0.001975774 0.008592903 0.004119753 0.002113342 0.008592903 0.004119753 0.002113342 0.008705615 0.004112422 0.002111971 0.008815228 0.004105508 0.002085626 0.008915901 0.004099309 0.002035498 0.008985936 0.004095137 0.001980781 0.009045124 0.004091739 0.001914739 0.008854091 0.0036906 0.001764476 0.008939087 0.003775835 0.001829504 0.008995354 0.00386548 0.001873195 0.009030699 0.003962218 0.001901447 0.009042203 0.004026234 0.001911282 0.008648514 0.004015982 0.002105057 0.008689999 0.003941595 0.002080976 0.008743524 0.00385034 0.002025425 0.00877577 0.003798604 0.001976013 0.008807718 0.003750383 0.001910984 0.008832573 0.003716111 0.00184369 0.008868098 0.003753125 0.001865088 0.008900046 0.003793776 0.001888096 0.008837282 0.003787994 0.001929104 0.008953869 0.003883123 0.001927435 0.008864462 0.003826916 0.001947104 0.008989691 0.003983855 0.001954019 0.008910357 0.003908812 0.001978278 0.008999526 0.004037916 0.001961231 0.008763432 0.003878593 0.002033472 0.00894165 0.003998398 0.001999497 0.008781373 0.003908514 0.002042472 0.008950948 0.00404644 0.002005279 0.008812189 0.003969728 0.002058446 0.008679866 0.003992199 0.00209707 0.008834183 0.004034221 0.002069592 0.008689045 0.004008114 0.002099812 0.008841216 0.004068136 0.002072751 0.0087049 0.004041135 0.002104759 0.008716106 0.004075586 0.002108335 0.008719682 0.004093289 0.002109348 0.008592903 0.004119753 0.002113342 0.008552312 0.00409913 0.002109229 0.00850892 0.004085361 0.002104759 0.008537709 0.003979384 0.00209552 0.008567512 0.003878593 0.002062559 0.008596956 0.003787815 0.002007484 0.008624553 0.003711521 0.001932978 0.008649051 0.003653347 0.001842677 0.008669197 0.003616154 0.001740992 0.008683979 0.003601729 0.00163275 0.008762657 0.003632485 0.001693248 0.008809447 0.003658711 0.001729547 0.008854091 0.0036906 0.001764476 0.008648514 0.004015982 0.002105057 0.008689999 0.003941595 0.002080976 0.008743524 0.00385034 0.002025425 0.00877577 0.003798604 0.001976013 0.008807718 0.003750383 0.001910984 0.008832573 0.003716111 0.00184369 0.008684098 0.003796041 0.002000868 0.00850892 0.004085361 0.002104759 0.008510172 0.003975927 0.002092719 0.008513808 0.003871798 0.002057135 0.008519649 0.00377798 0.001999735 0.008527398 0.003699123 0.001923263 0.008536756 0.003638982 0.001831531 0.008547246 0.003600478 0.001728892 0.008558332 0.003585517 0.001620352 0.008600592 0.003587305 0.001624643 0.008642613 0.003592729 0.001628756 0.008683979 0.003601729 0.00163275 0.008537709 0.003979384 0.00209552 0.008567512 0.003878593 0.002062559 0.008596956 0.003787815 0.002007484 0.008624553 0.003711521 0.001932978 0.008649051 0.003653347 0.001842677 0.008669197 0.003616154 0.001740992 0.008640468 0.003609836 0.001739084 0.008526265 0.003805935 0.002020657 0.008616924 0.003670334 0.001880288 0.001895487 0.003585517 9.4118e-4 0.008558332 0.003585517 0.001620352 0.00850892 0.004085361 0.002104759 0.008510172 0.003975927 0.002092719 0.008513808 0.003871798 0.002057135 0.008519649 0.00377798 0.001999735 0.008527398 0.003699123 0.001923263 0.008536756 0.003638982 0.001831531 0.008547246 0.003600478 0.001728892 0.001607596 0.004085361 0.001401245 0.001615107 0.003987312 0.001392006 0.001635909 0.003894865 0.001365721 0.001667082 0.003810822 0.001324415 0.001705944 0.003737926 0.001270115 0.001749455 0.003678202 0.001204848 0.001795172 0.003632307 0.00113058 0.001841187 0.003601372 0.001048982 0.001868844 0.003590285 9.95964e-4 0.006742358 0.002842724 -0.004437923 0.005725681 0.002842724 -0.005717933 0.004474878 0.002842724 -0.006770253 0.003039896 0.002842724 -0.00755304 0.003019809 0.003342688 -0.007561504 0.004471719 0.003342688 -0.006772458 0.005735456 0.003342688 -0.0057078 0.006759524 0.003342688 -0.004411041 0.003039896 0.006942689 -0.00755304 0.004474878 0.006942689 -0.006770253 0.005725681 0.006942689 -0.005717933 0.006742358 0.006942689 -0.004437923 0.006759524 0.006442725 -0.004411041 0.005735456 0.006442725 -0.0057078 0.004471719 0.006442725 -0.006772458 0.003019809 0.006442725 -0.007561504 0.002281486 0.006442725 -0.007575511 0.002500474 0.006442725 -0.007630586 0.00272727 0.006442725 -0.007634818 0.002876043 0.006442725 -0.007609367 0.003019809 0.006442725 -0.007561504 0.002321302 0.007476389 -0.007561504 0.003039896 0.006942689 -0.00755304 0.002809703 0.007130801 -0.007617413 0.002566456 0.007311463 -0.007621824 0.002321302 0.007476389 -0.007561504 0.002349197 0.007513284 -0.007565021 0.002379298 0.007547974 -0.007558286 0.002409994 0.007578492 -0.007541656 0.002439677 0.007603228 -0.007516026 0.001451849 0.007747948 -0.007175564 0.001751542 0.007720112 -0.007319748 0.002046406 0.007633268 -0.007449686 0.002187967 0.007564723 -0.007508277 0.001541554 0.007942736 -0.00699687 0.001521885 0.007937848 -0.00703603 0.001503229 0.007923543 -0.007073223 0.001486361 0.007900476 -0.007106721 0.001472234 0.00786972 -0.007134914 0.001461446 0.007832825 -0.007156431 0.001454532 0.007791578 -0.0071702 0.002215027 0.007766366 -0.007397174 0.001970469 0.007873833 -0.007260143 0.001757144 0.007925689 -0.007133007 0.001744449 0.007852017 -0.007262885 0.001851916 0.007825076 -0.007316887 0.002004921 0.007772624 -0.007390737 0.002126514 0.00771737 -0.007447063 0.002199888 0.007677018 -0.007480144 0.003039896 0.006942689 -0.00755304 0.003039896 0.006942689 -0.00755304 0.002809703 0.007130801 -0.007617413 0.002566456 0.007311463 -0.007621824 0.002321302 0.007476389 -0.007561504 0.002349197 0.007513284 -0.007565021 0.002379298 0.007547974 -0.007558286 0.002409994 0.007578492 -0.007541656 0.002439677 0.007603228 -0.007516026 0.00285083 0.007175147 -0.007600665 0.002647638 0.007398724 -0.007589817 0.006882548 0.007942736 -0.001516282 0.006842076 0.007897078 -0.002698659 0.006835997 0.007795274 -0.003283739 0.006836831 0.007646799 -0.003702163 0.006838977 0.007536172 -0.003897011 0.006842255 0.007392525 -0.004069626 0.007081747 0.007747948 -0.001532971 0.007075786 0.007791578 -0.001532435 0.007060468 0.007832825 -0.001531183 0.007036507 0.00786972 -0.001529157 0.007005035 0.007900476 -0.001526534 0.006967663 0.007923543 -0.001523375 0.006926178 0.007937848 -0.001519918 0.006887018 0.007307767 -0.00399661 0.006900489 0.007446706 -0.003792047 0.006935775 0.007615923 -0.003317832 0.006986498 0.007712483 -0.002681791 0.006864726 0.007366538 -0.004047751 0.006879866 0.007337927 -0.004023075 0.007007122 0.007837355 -0.002108573 0.006944119 0.007827997 -0.002694666 0.006926953 0.007787406 -0.00298196 0.006908595 0.007717549 -0.00330615 0.006958067 0.007915198 -0.001813888 0.007042527 0.007843554 -0.00167489 0.006973326 0.007917523 -0.00159657 0.006882548 0.007942736 -0.001516282 0.00637114 0.007942736 -0.003043651 0.005532264 0.007942736 -0.004418611 0.004408121 0.007942736 -0.005572199 0.003055214 0.007942736 -0.006446242 0.001541554 0.007942736 -0.00699687 0.006842076 0.007897078 -0.002698659 0.006835997 0.007795274 -0.003283739 0.006836831 0.007646799 -0.003702163 0.006838977 0.007536172 -0.003897011 0.006842255 0.007392525 -0.004069626 0.006742358 0.006942689 -0.004437923 0.006813108 0.007146477 -0.004286229 0.006836295 0.007271051 -0.004181385 0.003039896 0.006942689 -0.00755304 0.004474878 0.006942689 -0.006770253 0.005725681 0.006942689 -0.005717933 0.00285083 0.007175147 -0.007600665 0.002647638 0.007398724 -0.007589817 0.002439677 0.007603228 -0.007516026 0.002215027 0.007766366 -0.007397174 0.001970469 0.007873833 -0.007260143 0.001757144 0.007925689 -0.007133007 0.006735682 0.00792545 -0.002657711 0.006692945 0.007873773 -0.003216683 0.006530106 0.00792545 -0.00314033 0.006719172 0.007603228 -0.0039981 0.006560444 0.007766246 -0.003905951 0.006385385 0.007873773 -0.003804266 0.006229877 0.00792545 -0.003713965 0.006237745 0.007392525 -0.004966318 0.00612533 0.007603228 -0.004879057 0.005980312 0.007766246 -0.004766464 0.005710601 0.007146477 -0.00570327 0.005820453 0.007873773 -0.004642367 0.00564903 0.007392525 -0.005643427 0.005678415 0.00792545 -0.004532098 0.005546987 0.007603228 -0.005544185 0.00541538 0.007766246 -0.005416214 0.005028247 0.007146477 -0.006329774 0.005270242 0.007873773 -0.00527513 0.004973828 0.007392525 -0.006263315 0.005141258 0.00792545 -0.005149781 0.004883706 0.007603228 -0.006153166 0.004463016 0.007146477 -0.006752967 0.004767417 0.007766246 -0.006011128 0.004414558 0.007392525 -0.006682038 0.004639208 0.007873773 -0.005854487 0.004525303 0.00792545 -0.00571531 0.00433427 0.007603228 -0.006564557 0.004230737 0.007766246 -0.006412923 0.004116535 0.007873773 -0.006245851 0.003490924 0.007146477 -0.007322967 0.004015088 0.00792545 -0.006097316 0.003452718 0.007392525 -0.007246017 0.003389358 0.007603228 -0.007118582 0.00330764 0.007766246 -0.006954193 0.002821683 0.007392525 -0.007526695 0.003217577 0.007873773 -0.006772935 0.00276947 0.007603228 -0.007394313 0.003137528 0.00792545 -0.006611883 0.002702057 0.007766246 -0.007223546 0.002627789 0.007873773 -0.007035255 0.002561807 0.00792545 -0.006867945 0.001920163 0.00792545 -0.007087469 0.006742358 0.006942689 -0.004437923 0.006742358 0.006942689 -0.004437923 0.006813108 0.007146477 -0.004286229 0.006836295 0.007271051 -0.004181385 0.006842255 0.007392525 -0.004069626 0.006864726 0.007366538 -0.004047751 0.006879866 0.007337927 -0.004023075 0.006887018 0.007307767 -0.00399661 0.006833672 0.007108211 -0.004253447 0.006869196 0.0072093 -0.004128277 0.006759524 0.006442725 -0.004411041 0.006835281 0.006442725 -0.00426805 0.00688678 0.006442725 -0.004115462 0.006913185 0.006442725 -0.003955841 0.006742358 0.006942689 -0.004437923 0.006833672 0.007108211 -0.004253447 0.006869196 0.0072093 -0.004128277 0.006887018 0.007307767 -0.00399661 0.006913185 0.003342688 -0.003955841 0.00688678 0.003342688 -0.004115462 0.006835281 0.003342688 -0.00426805 0.006759524 0.003342688 -0.004411041 0.006887018 0.002477645 -0.00399661 0.006742358 0.002842724 -0.004437923 0.006833732 0.002677202 -0.004253447 0.006869196 0.002576112 -0.004128277 0.006887018 0.002477645 -0.00399661 0.006879866 0.002447545 -0.004023075 0.006864726 0.002418875 -0.004047751 0.006842255 0.002392888 -0.004069626 0.007081747 0.002037465 -0.001532971 0.006980359 0.002079963 -0.002757012 0.006917357 0.002239227 -0.00355941 0.006900727 0.002337098 -0.003788948 0.006893098 0.002403199 -0.003900527 0.006882548 0.001842737 -0.001516282 0.006926178 0.001847565 -0.001519918 0.006967663 0.00186187 -0.001523375 0.007005035 0.001884937 -0.001526534 0.007036507 0.001915693 -0.001529157 0.007060468 0.001952588 -0.001531183 0.007075786 0.001993834 -0.001532435 0.006850481 0.001859307 -0.002325415 0.006838619 0.002233564 -0.003873586 0.006836473 0.002115488 -0.003651618 0.006837904 0.001930058 -0.003002047 0.006976425 0.001890659 -0.001928448 0.006993412 0.001906633 -0.00192964 0.00695312 0.001942157 -0.002548635 0.006932854 0.001982092 -0.002881884 0.006909191 0.002065002 -0.00329554 0.006742358 0.002842724 -0.004437923 0.006742358 0.002842724 -0.004437923 0.006833732 0.002677202 -0.004253447 0.006869196 0.002576112 -0.004128277 0.006887018 0.002477645 -0.00399661 0.006879866 0.002447545 -0.004023075 0.006864726 0.002418875 -0.004047751 0.006842255 0.002392888 -0.004069626 0.006813049 0.002638936 -0.004286229 0.006836235 0.002514302 -0.004181325 0.001541554 0.001842737 -0.00699687 0.001853346 0.001878678 -0.00719124 0.002159476 0.001989543 -0.007366836 0.002304732 0.002074956 -0.007445394 0.002439677 0.002182185 -0.007516026 0.001451849 0.002037465 -0.007175564 0.001454532 0.001993834 -0.0071702 0.001461446 0.001952588 -0.007156431 0.001472234 0.001915693 -0.007134914 0.001486361 0.001884937 -0.007106721 0.001503229 0.00186187 -0.007073223 0.001521885 0.001847565 -0.00703603 0.002321302 0.002309083 -0.007561504 0.002075672 0.002164542 -0.007461965 0.001811325 0.002077877 -0.007346987 0.001632153 0.002047419 -0.007263779 0.002409994 0.002206921 -0.007541656 0.002379298 0.002237439 -0.007558286 0.002349197 0.002272129 -0.007565021 0.001559138 0.001942455 -0.007197022 0.001731097 0.001930654 -0.007256031 0.001823902 0.001952588 -0.007302999 0.00197792 0.002002358 -0.007378041 0.002113938 0.002061724 -0.007441341 0.002186655 0.002100765 -0.007474243 0.001546442 0.001868724 -0.007108211 0.006850481 0.001859307 -0.002325415 0.006793498 0.001850068 -0.00230658 0.00673604 0.001844525 -0.002287566 0.006678342 0.001842737 -0.002268493 0.006882548 0.001842737 -0.001516282 0.006755471 0.001842737 -0.002020299 0.006823599 0.001842737 -0.001769423 0.006813824 0.001844525 -0.002037227 0.003039896 0.002842724 -0.00755304 0.003039896 0.002842724 -0.00755304 0.002850949 0.002610325 -0.007600665 0.002647638 0.002386689 -0.007589817 0.002439677 0.002182185 -0.007516026 0.002409994 0.002206921 -0.007541656 0.002379298 0.002237439 -0.007558286 0.002349197 0.002272129 -0.007565021 0.002321302 0.002309083 -0.007561504 0.002809762 0.002654671 -0.007617413 0.002566456 0.002474009 -0.007621824 0.003019809 0.003342688 -0.007561504 0.002803027 0.003342688 -0.007624864 0.002576589 0.003342688 -0.007637679 0.002426922 0.003342688 -0.00761789 0.002281486 0.003342688 -0.007575511 0.003039896 0.002842724 -0.00755304 0.002809762 0.002654671 -0.007617413 0.002566456 0.002474009 -0.007621824 0.002321302 0.002309083 -0.007561504 0.008074998 0.01023578 0.001125991 0.008138716 0.006314218 0.001045465 0.007962882 0.006317377 9.06873e-4 0.007927834 0.007747948 9.2699e-4 0.007545351 0.007936477 6.44118e-4 0.007319211 0.008015096 4.93657e-4 0.007124066 0.00804007 3.7827e-4 0.006675899 0.00804007 1.78445e-4 0.006652653 0.01082789 2.47661e-4 0.00665307 0.01082783 2.47784e-4 0.007052004 0.01071375 4.18752e-4 0.007587134 0.01050281 7.57348e-4 0.01067322 0.005891561 0.003240644 0.01072484 0.004895329 0.003249108 0.009194016 0.004895329 0.00187391 0.009191453 0.005694627 0.00189954 0.009180903 0.00580883 0.001894235 0.009151339 0.005917012 0.001872003 0.009117305 0.005993306 0.001844882 0.009075939 0.006060898 0.001811325 0.009011149 0.006138503 0.001758098 0.008928358 0.006208121 0.001689672 0.00883758 0.006259143 0.00161457 0.008742153 0.006291389 0.001535654 0.008687496 0.006301164 0.001490533 0.008632004 0.006305158 0.001444697 0.008138716 0.006314218 0.001045465 0.008074998 0.01023578 0.001125991 0.008074998 0.01023596 0.001125991 0.008293449 0.01010155 0.001296579 0.009394705 0.009262979 0.002211809 0.009848713 0.008716702 0.002636253 0.01012581 0.008208453 0.002863526 0.01033043 0.007642924 0.003017187 0.01066929 0.005941867 0.003239154 -0.00315541 0.007308721 0.002179324 -0.003153741 0.007306814 0.002202451 -0.003157496 0.007305085 0.002225339 -0.003166377 0.007303714 0.002246797 -0.003180027 0.007302761 0.002265572 -0.003197669 0.007302284 0.002280771 -0.003218293 0.007302284 0.0022915 -0.003240883 0.007302761 0.002297163 -0.003302037 0.007007062 0.002267301 -0.003350496 0.006711065 0.002219498 -0.003424704 0.004895329 0.002074778 -0.003254413 0.004895329 0.00198841 -0.003253519 0.004897534 0.002016663 -0.003257334 0.004898846 0.00203514 -0.003269076 0.004900336 0.002060413 -0.0032866 0.00490123 0.002080798 -0.00330764 0.004901528 0.002095043 -0.00333476 0.00490117 0.002104103 -0.003361225 0.004900217 0.002105236 -0.003386735 0.004898726 0.002099514 -0.00340712 0.004897117 0.002089262 -0.003239452 0.007153451 0.002283751 -0.00322771 0.007153213 0.002280473 -0.003215551 0.007153093 0.002275407 -0.003203034 0.007153153 0.002268016 -0.003190279 0.007153511 0.002257466 -0.00322026 0.007003426 0.002262473 -0.003339469 0.005805253 0.002174556 -0.003167092 0.00715506 0.002222836 -0.003295719 0.006856262 0.002259016 -0.003192603 0.006551802 0.002174496 -0.003329157 0.006254613 0.002208173 -0.003320932 0.006252944 0.002210378 -0.003328144 0.005804359 0.002176582 -0.00331515 0.005802869 0.002177178 -0.003300189 0.005800902 0.002175748 -0.003289103 0.005799353 0.002173125 -0.003270864 0.005796968 0.002165734 -0.003242492 0.005345165 0.00207901 -0.003233075 0.006701827 0.002238094 -0.003250181 0.006400763 0.0022161 -0.00324577 0.006400227 0.002213895 -0.003280103 0.005573093 0.002147972 -0.003268659 0.005572617 0.002141058 -0.00326246 0.005571961 0.002136349 -0.003333449 0.005116701 0.002122163 -0.003302037 0.006705403 0.002246856 -0.003271102 0.006627738 0.002242743 -0.003310441 0.00655502 0.00223416 -0.003222286 0.006588518 0.002219021 -0.003278613 0.005229711 0.002111017 -0.003317832 0.005118131 0.002119362 -0.003304421 0.005119562 0.002114832 -0.003291249 0.005120992 0.002108156 -0.003279983 0.005122125 0.002100169 -0.003252863 0.00500822 0.002043604 -0.003240525 0.006551146 0.002226591 -0.003281176 0.005061089 0.002094268 -0.003275334 0.005062162 0.002088963 -0.003282725 0.004953503 0.002083301 -0.003333687 0.004978835 0.0021106 -0.003350496 0.006711065 0.002219498 -0.003424704 0.004895329 0.002074778 -0.003424704 0.004895329 0.002074778 -0.003424704 0.004895329 0.002074778 -0.003543317 0.004895329 0.001952469 -0.003502905 0.005777537 0.002027332 -0.003502905 0.005777537 0.002027332 -0.003498971 0.005831003 0.002033412 -0.003498971 0.005831003 0.002033412 -0.00315541 0.007308721 0.002179324 -0.00314635 0.007437825 0.002208113 -0.003127932 0.007599532 0.002277731 -0.003103554 0.007747948 0.002373814 -0.003102838 0.007732808 0.002392709 -0.003107845 0.007718741 0.002411723 -0.003118336 0.007706522 0.002429783 -0.003133714 0.007696866 0.002445757 -0.003240883 0.007302761 0.002297163 -0.003230094 0.007360994 0.002306163 -0.003210604 0.007441639 0.002329051 -0.003174185 0.00757277 0.002381086 -0.003153741 0.007306814 0.002202451 -0.003157496 0.007305085 0.002225339 -0.003166377 0.007303714 0.002246797 -0.003180027 0.007302761 0.002265572 -0.003197669 0.007302284 0.002280771 -0.003218293 0.007302284 0.0022915 -0.003134429 0.007581532 0.002334535 -0.003144264 0.007513999 0.002303123 -0.003156065 0.007435321 0.002278029 -0.003160059 0.007392883 0.00226432 -0.003103554 0.007747948 0.002373814 -0.003086924 0.007790267 0.002422928 -0.00306344 0.007829964 0.002461194 -0.003033697 0.007866859 0.002486884 -0.002995491 0.007899403 0.002506792 -0.002952158 0.007922708 0.002529025 -0.002925574 0.007931649 0.002546906 -0.002896726 0.007937908 0.002572596 -0.002871692 0.007940888 0.002602756 -0.002886354 0.007940649 0.002616941 -0.002900898 0.007944464 0.00263065 -0.002914786 0.007952272 0.002643346 -0.003133714 0.007696866 0.002445757 -0.003085374 0.007804095 0.002510905 -0.003020167 0.007892906 0.002562046 -0.002981901 0.007924258 0.002585232 -0.002950787 0.007940351 0.00260663 -0.002931654 0.007947385 0.002623438 -0.003102838 0.007732808 0.002392709 -0.003107845 0.007718741 0.002411723 -0.003118336 0.007706522 0.002429783 -0.002871692 0.007940888 0.002602756 -0.002855896 0.007941961 0.002625167 -0.002871692 0.007942795 0.002640366 -0.00288707 0.007948338 0.002654969 -0.002901375 0.007958352 0.002668201 -0.002914786 0.007952272 0.002643346 -0.002886354 0.007940649 0.002616941 -0.002900898 0.007944464 0.00263065 -0.002855896 0.007941961 0.002625167 -0.002828478 0.007942736 0.002663552 -0.00284177 0.007944464 0.002676844 -0.002854585 0.007949769 0.002689599 -0.002866446 0.007958292 0.002701401 -0.002876996 0.007969856 0.002711951 -0.002901375 0.007958352 0.002668201 -0.002871692 0.007942795 0.002640366 -0.00288707 0.007948338 0.002654969 0.01076126 0.004897952 0.003334403 0.01070958 0.005894184 0.003325879 0.01076143 0.004897832 0.00332117 0.01075983 0.004897654 0.003308057 0.01075655 0.004897356 0.003295242 0.01074898 0.004896819 0.003277957 0.01073825 0.004896163 0.0032624 0.01072484 0.004895329 0.003249108 0.01067322 0.005891561 0.003240644 0.01070857 0.005893945 0.003301858 0.01070183 0.005893409 0.003278791 0.01068985 0.005892574 0.003257989 0.01075655 0.004888057 0.003295242 0.01075983 0.004887759 0.003308057 0.01076143 0.00488758 0.00332117 0.01076126 0.004887461 0.003334403 0.01075661 0.004889607 0.003295242 0.01075661 0.004891157 0.003295242 0.01075667 0.004892706 0.003295183 0.01075655 0.004897356 0.003295242 0.01075661 0.004895806 0.003295242 0.01075661 0.004894256 0.003295242 0.01076126 0.004897952 0.003334403 0.01076143 0.004897832 0.00332117 0.01075983 0.004897654 0.003308057 0.01076138 0.004894435 0.003334403 0.01076138 0.004890978 0.003334403 0.01076096 0.004892706 0.003314554 0.009171426 0.004897952 0.01896995 0.009119331 0.005905449 0.01896136 0.01070958 0.005894184 0.003325879 0.009889125 0.005916833 0.0124768 0.01076126 0.004897952 0.003334403 0.01007628 0.004897952 0.0111373 0.009114265 0.005905747 0.01899182 0.008738458 0.005898058 0.02063167 0.008435606 0.005889952 0.02148163 0.008083999 0.005944848 0.02217853 0.009119331 0.005905449 0.01896136 0.009171426 0.004897952 0.01896995 0.008100271 0.004897952 0.02225947 0.008598148 0.004897952 0.02121299 0.008938252 0.004897952 0.02010536 0.01070958 0.005894184 0.003325879 0.009889125 0.005916833 0.0124768 0.009119331 0.005905449 0.01896136 0.01070517 0.005950093 0.003324329 0.00911498 0.005961298 0.01896017 0.009885013 0.005972564 0.01247322 0.009118258 0.005924105 0.01896101 0.009116768 0.005942702 0.01896059 0.00911498 0.005961298 0.01896017 0.009885013 0.005972564 0.01247322 0.01070517 0.005950093 0.003324329 0.01036119 0.007670879 0.00310117 0.009544789 0.007673501 0.01235693 0.008729457 0.007670819 0.01911741 0.009109914 0.005961537 0.01899057 0.00927776 0.006822228 0.01678091 0.009544789 0.007673501 0.01235693 0.009331166 0.008192539 0.01237654 0.008991777 0.008669018 0.01240926 0.008556544 0.009069859 0.01245296 0.008026003 0.009419322 0.0125088 0.007120549 0.009823858 0.01261198 0.006183028 0.01007759 0.01273 0.006808042 0.01025772 0.007753968 0.007014036 0.01045995 0.004438102 0.007060647 0.01069205 0.001616775 0.008280277 0.01018536 0.001382589 0.008278667 0.01018637 0.001381278 0.008280336 0.01018536 0.001382589 0.01036119 0.007670879 0.00310117 0.01015233 0.008246064 0.002947211 0.009868144 0.008763492 0.002721369 0.009575724 0.009140193 0.002459228 0.009141385 0.009565711 0.002072393 0.00894773 0.008892297 0.01081138 0.008583486 0.009191751 0.01087534 0.008655667 0.009221374 0.01002418 0.008331775 0.009436964 0.01008558 0.00802046 0.009611308 0.01014351 0.009405612 0.008780121 0.007678925 0.009506464 0.009022355 0.004509985 0.009061992 0.009360074 0.005332231 0.008783042 0.009574651 0.005266904 0.008204102 0.009945034 0.004989147 0.009253442 0.009371459 0.003349542 0.008874177 0.009641528 0.003674089 0.008942067 0.009630501 0.003196239 0.008581399 0.009842336 0.00357443 0.00835216 0.009986281 0.003444433 0.008161604 0.009674251 0.00853151 0.008223593 0.009711265 0.007706403 0.008517861 0.009607732 0.006907582 0.001516938 0.01068544 0.005753993 0.001683413 0.01070904 0.005805671 0.001516878 0.01089686 0.003698587 0.001856863 0.01096367 0.003526151 0.002147555 0.01101338 0.003344833 0.002892911 0.01112073 0.002689182 0.003360569 0.01119107 0.002052545 0.003360569 0.01119107 0.002052545 0.003360629 0.01119107 0.002052545 0.005490362 0.0110228 0.001847743 0.007060647 0.01069205 0.001616775 0.006183028 0.01007759 0.01273 0.006808042 0.01025772 0.007753968 0.007014036 0.01045995 0.004438102 0.004015088 0.01033484 0.01311212 0.00427711 0.01042401 0.01071172 0.002417683 0.01076263 0.006096839 0.003009438 0.01074773 0.006499767 0.003452122 0.01070648 0.006960928 0.003806769 0.01065349 0.007496953 0.004068732 0.01059824 0.008079946 0.004243195 0.01054549 0.008698999 0.004342377 0.01048511 0.009547829 0.004331409 0.01045185 0.01013058 0.006378531 0.01073449 0.003075122 0.005229294 0.01087987 0.0035519 0.00493431 0.01075387 0.005265891 0.005256831 0.01070147 0.005458652 0.005471646 0.01065582 0.005684614 0.005630493 0.0106129 0.005948901 0.005490899 0.01024776 0.01175802 -0.003444314 0.007032394 0.002933859 -0.003007292 0.007955074 0.002772986 -0.002920448 0.008092105 0.002933025 -0.002955138 0.00803858 0.002890169 -0.002983987 0.007992863 0.00283569 7.01725e-4 0.01069742 0.003961503 -9.09716e-5 0.0104075 0.00404638 -8.43704e-4 0.01001799 0.003983676 -0.001525938 0.009554266 0.003799855 -0.002133607 0.009031236 0.003518342 -0.00255686 0.008578896 0.003240942 0.001516878 0.01089686 0.003698587 0.001516938 0.01068544 0.005753993 -0.003427684 0.007032036 0.004368424 -0.003044545 0.007840573 0.004446685 -0.002509713 0.008553862 0.004579782 -0.001660406 0.009357631 0.004809319 -5.59494e-4 0.01007306 0.005123436 4.55916e-4 0.01047754 0.005425512 -0.003030896 0.007915437 0.002680301 -0.003041744 0.007896721 0.002642273 -0.003056168 0.007871568 0.002609491 -0.003078758 0.007831454 0.002572596 -0.003115952 0.007763326 0.002527713 -0.003154814 0.007689595 0.002494692 -0.003024518 0.007926285 0.002708971 -0.003011107 0.007948756 0.002760291 -0.003007292 0.007955074 0.002772986 -0.003444314 0.007032394 0.002933859 -0.003432571 0.00703299 0.002356529 -0.003320276 0.00733298 0.002392888 -0.003444314 0.007032394 0.002933859 -0.003432571 0.00703299 0.002356529 -0.003702759 0.005827426 0.003078401 -0.003669798 0.005839586 0.00209558 -0.003518819 0.006733953 0.002284169 0.00390011 0.01122754 0.001304209 0.003743946 0.01122665 0.00144571 0.003610432 0.01122152 0.001608312 0.003502249 0.01121205 0.001788914 0.003360629 0.01119107 0.002052545 0.005490362 0.0110228 0.001847743 0.007060647 0.01069205 0.001616775 0.007031917 0.01080691 5.16318e-4 0.006643772 0.01092231 3.51567e-4 0.006250381 0.01101332 2.73116e-4 0.005889594 0.01107758 2.87682e-4 0.005400717 0.01114135 4.22385e-4 0.00484389 0.01118993 6.86359e-4 0.007060647 0.01069205 0.001616775 0.007031917 0.01080691 5.16318e-4 0.00805819 0.01032173 0.001215517 0.008280277 0.01018536 0.001382589 0.008729457 0.007670819 0.01911741 0.008309662 0.007663369 0.02079874 0.007855057 0.007636845 0.02189123 0.008081793 0.006000995 0.02217328 0.008434951 0.005945742 0.02147161 0.008734822 0.005953788 0.02062821 0.009109914 0.005961537 0.01899057 0.009544789 0.007673501 0.01235693 0.009331166 0.008192539 0.01237654 0.008991777 0.008669018 0.01240926 0.008556544 0.009069859 0.01245296 0.008026003 0.009419322 0.0125088 0.007120549 0.009823858 0.01261198 0.006183028 0.01007759 0.01273 0.008729457 0.007670819 0.01911741 0.004875004 0.01014918 0.01945954 0.006738245 0.009653031 0.01944679 0.007614493 0.009196221 0.01936334 0.008130788 0.008752942 0.01927834 0.008487224 0.00824815 0.01919329 0.008617699 0.00797075 0.01915407 0.00446695 0.01022195 0.01903402 0.005443453 0.01010268 0.0159865 0.008917629 0.008089959 0.01668971 0.008719801 0.008481919 0.01660549 0.008026421 0.009180724 0.01646262 0.007485866 0.009387433 0.01808756 0.006647825 0.009751796 0.01782602 0.006265521 0.009884715 0.0172525 0.00810194 0.008874654 0.01876568 0.004875004 0.01014918 0.01945954 0.006738245 0.009653031 0.01944679 0.007614493 0.009196221 0.01936334 0.008130788 0.008752942 0.01927834 0.008487224 0.00824815 0.01919329 0.008617699 0.00797075 0.01915407 0.008729457 0.007670819 0.01911741 0.008309662 0.007663369 0.02079874 0.007855057 0.007636845 0.02189123 0.005549371 0.01000249 0.02000856 0.006564438 0.009607136 0.02079463 0.007021427 0.009273707 0.02115905 0.007316052 0.008946537 0.02140134 0.007597863 0.008458554 0.02164435 0.007744669 0.008058488 0.02178037 0.004015088 0.01033484 0.01311212 0.003720641 0.0103144 0.01585841 0.003665685 0.01032197 0.01698297 0.003798723 0.01031279 0.01778846 0.004068434 0.01028305 0.01844793 0.00446695 0.01022195 0.01903402 0.006183028 0.01007759 0.01273 0.005443453 0.01010268 0.0159865 -0.003702759 0.005827426 0.003078401 -0.003702998 0.005827307 0.003114402 -0.003444314 0.007032394 0.002933859 -0.003427684 0.007032036 0.004368424 -0.003688633 0.005824267 0.004350721 0.008081793 0.006000995 0.02217328 0.008434951 0.005945742 0.02147161 0.008734822 0.005953788 0.02062821 0.009109914 0.005961537 0.01899057 0.008083999 0.005944848 0.02217853 0.009114265 0.005905747 0.01899182 0.008738458 0.005898058 0.02063167 0.008435606 0.005889952 0.02148163 0.009111702 0.00594294 0.01899105 0.009113192 0.005924344 0.01899147 0.009109914 0.005961537 0.01899057 0.009111702 0.00594294 0.01899105 0.009113192 0.005924344 0.01899147 0.009114265 0.005905747 0.01899182 0.009119331 0.005905449 0.01896136 0.009118258 0.005924105 0.01896101 0.009116768 0.005942702 0.01896059 0.00911498 0.005961298 0.01896017 -0.003669798 0.005839586 0.00209558 -0.003702759 0.005827426 0.003078401 -0.003674268 0.00578016 0.002089381 -0.003707587 0.005768239 0.003078103 -0.003704786 0.005807757 0.003078281 -0.003706395 0.005788028 0.003078162 -0.003707587 0.005768239 0.003078103 -0.003707587 0.005768239 0.003078103 -0.003674268 0.00578016 0.002089381 -0.003707826 0.00576812 0.003114044 -0.003753423 0.004897952 0.003113806 -0.003753423 0.004897952 0.003113806 -0.003714561 0.004897952 0.002013683 -0.003693521 0.005764186 0.004352033 -0.003707826 0.00576812 0.003114044 -0.003737986 0.004897952 0.004385411 -0.003753423 0.004897952 0.003113806 -0.003702759 0.005827426 0.003078401 -0.003704786 0.005807757 0.003078281 -0.003706395 0.005788028 0.003078162 -0.003707587 0.005768239 0.003078103 -0.003707826 0.00576812 0.003114044 -0.003702998 0.005827307 0.003114402 -0.003704965 0.005807578 0.003114283 -0.003706634 0.005787849 0.003114163 -0.003693521 0.005764186 0.004352033 -0.003707826 0.00576812 0.003114044 -0.003688633 0.005824267 0.004350721 -0.003702998 0.005827307 0.003114402 -0.003704965 0.005807578 0.003114283 -0.003706634 0.005787849 0.003114163 0.01070517 0.005950093 0.003324329 0.01070427 0.005948722 0.003300309 0.01069766 0.005946815 0.003277242 0.0106858 0.00594449 0.00325644 0.01066929 0.005941867 0.003239154 0.01033043 0.007642924 0.003017187 0.01036119 0.007670879 0.00310117 0.01036125 0.007665216 0.003075599 0.01035755 0.007660448 0.00305891 0.01035106 0.007654964 0.003043234 0.01034188 0.007649064 0.003029108 0.01036119 0.007670879 0.00310117 0.01036125 0.007665216 0.003075599 0.01035755 0.007660448 0.00305891 0.01035106 0.007654964 0.003043234 0.01034188 0.007649064 0.003029108 0.01033043 0.007642924 0.003017187 0.008293449 0.01010155 0.001296579 0.009394705 0.009262979 0.002211809 0.009848713 0.008716702 0.002636253 0.01012581 0.008208453 0.002863526 0.008278667 0.01018637 0.001381278 0.008291125 0.01017683 0.001358032 0.008296787 0.01016688 0.001343131 0.008300602 0.01014804 0.00132358 0.008299469 0.01012545 0.001307487 0.008280336 0.01018536 0.001382589 0.01015233 0.008246064 0.002947211 0.009868144 0.008763492 0.002721369 0.009575724 0.009140193 0.002459228 0.009141385 0.009565711 0.002072393 0.01002091 0.008494377 0.002799034 0.009869456 0.008744716 0.002673804 0.009729444 0.008939266 0.002550601 0.00949788 0.009210348 0.00233078 0.009283363 0.009422719 0.002135038 0.008739173 0.009864032 0.00167942 0.008278667 0.01018637 0.001381278 0.008291125 0.01017683 0.001358032 0.008296787 0.01016688 0.001343131 0.008300602 0.01014804 0.00132358 0.008299469 0.01012545 0.001307487 0.008293449 0.01010155 0.001296579 0.008074998 0.01023596 0.001125991 0.00805819 0.01032173 0.001215517 0.008070826 0.01031398 0.001192986 0.008079111 0.01030081 0.001171886 0.008082866 0.01028227 0.001152396 0.008081495 0.0102601 0.00113666 0.008280277 0.01018536 0.001382589 0.008074998 0.01023578 0.001125991 0.008074998 0.01023596 0.001125991 0.007052004 0.01071375 4.18752e-4 0.007587134 0.01050281 7.57348e-4 0.007031917 0.01080691 5.16318e-4 0.007040917 0.01080381 4.9717e-4 0.007048308 0.01079654 4.78461e-4 0.007053732 0.01078534 4.61057e-4 0.007056891 0.01077067 4.4575e-4 0.007057666 0.01075333 4.33236e-4 0.007055997 0.01073408 4.24098e-4 0.00805819 0.01032173 0.001215517 0.008070826 0.01031398 0.001192986 0.008079111 0.01030081 0.001171886 0.008082866 0.01028227 0.001152396 0.008081495 0.0102601 0.00113666 0.007331788 0.01067703 6.1512e-4 0.007333397 0.01066869 6.07338e-4 0.007334172 0.01066017 6.00729e-4 0.007840514 0.01043307 9.77069e-4 0.007842183 0.01042217 9.67022e-4 0.006652653 0.01082789 2.47661e-4 0.00665307 0.01082783 2.47784e-4 0.006652891 0.01082795 2.47728e-4 0.006643772 0.01092231 3.51567e-4 0.006651639 0.01091879 3.24633e-4 0.006655573 0.01091235 3.07418e-4 0.00665903 0.01089817 2.85454e-4 0.006659805 0.01087808 2.66921e-4 0.006657719 0.01085412 2.5402e-4 0.007031917 0.01080691 5.16318e-4 0.007040917 0.01080381 4.9717e-4 0.007048308 0.01079654 4.78461e-4 0.007053732 0.01078534 4.61057e-4 0.007056891 0.01077067 4.4575e-4 0.007057666 0.01075333 4.33236e-4 0.007055997 0.01073408 4.24098e-4 0.007052004 0.01071375 4.18752e-4 0.006652653 0.01082795 2.47661e-4 0.006652891 0.01082795 2.47728e-4 0.003833889 0.01113057 0.001217901 0.00500071 0.01107752 4.76547e-4 0.005643188 0.01101148 2.25473e-4 0.006054997 0.0109511 1.61115e-4 0.006356894 0.01089495 1.7764e-4 0.00390011 0.01122754 0.001304209 0.003884136 0.01122635 0.001283109 0.003867745 0.01121735 0.001261591 0.003854572 0.01120269 0.001244366 0.003843784 0.01118206 0.001230359 0.003836691 0.01115739 0.001221299 0.006643772 0.01092231 3.51567e-4 0.006250381 0.01101332 2.73116e-4 0.005889594 0.01107758 2.87682e-4 0.005400717 0.01114135 4.22385e-4 0.00484389 0.01118993 6.86359e-4 0.006651639 0.01091879 3.24633e-4 0.006655573 0.01091235 3.07418e-4 0.00665903 0.01089817 2.85454e-4 0.006659805 0.01087808 2.66921e-4 0.006657719 0.01085412 2.5402e-4 0.006488859 0.01093721 2.34675e-4 0.006308972 0.01097655 2.0409e-4 0.00616008 0.01100575 1.93857e-4 0.00597161 0.0110386 2.00432e-4 0.005767047 0.01106959 2.31672e-4 0.005514025 0.01110219 2.99871e-4 0.005193531 0.01113563 4.2396e-4 0.004912197 0.01115888 5.61178e-4 0.004319906 0.01119148 9.1818e-4 0.004327058 0.01120078 9.28342e-4 0.00433427 0.01120752 9.38583e-4 0.003409624 0.01111501 0.00173664 0.003525018 0.01112449 0.001543521 0.003667354 0.01112961 0.001369476 0.003833889 0.01113051 0.001217901 0.003409624 0.01111501 0.00173664 0.003502249 0.01121205 0.001788914 0.003479123 0.01121026 0.001777231 0.003455638 0.01120096 0.001764953 0.003437042 0.01118618 0.00175482 0.0034222 0.01116573 0.001746118 0.003412783 0.01114141 0.001739919 0.00390011 0.01122754 0.001304209 0.003743946 0.01122665 0.00144571 0.003610432 0.01122152 0.001608312 0.003884136 0.01122635 0.001283109 0.003867745 0.01121735 0.001261591 0.003854572 0.01120269 0.001244366 0.003843784 0.01118206 0.001230359 0.003836691 0.01115739 0.001221299 0.003833889 0.01113057 0.001217901 0.003550231 0.01119583 0.001564621 0.003616869 0.01119911 0.001476764 0.003690183 0.01120132 0.001393556 0.003502249 0.01121205 0.001788914 0.003479123 0.01121026 0.001777231 0.003455638 0.01120096 0.001764953 0.003437042 0.01118618 0.00175482 0.0034222 0.01116573 0.001746118 0.003412783 0.01114141 0.001739919 0.003409624 0.01111501 0.00173664 0.003272116 0.01109439 0.001990258 0.003360569 0.01119107 0.002052545 0.003338098 0.01118957 0.002039134 0.003315448 0.01118057 0.002024769 0.003297507 0.01116603 0.002012729 0.003283441 0.01114541 0.002002239 0.003274738 0.01112097 0.00199455 0.003360629 0.01119107 0.002052545 0.00281912 0.01102399 0.002611994 0.003272116 0.01109439 0.001990258 0.00281912 0.01102399 0.002611994 0.002892911 0.01112073 0.002689182 0.00287348 0.011119 0.002671778 0.002854168 0.0111097 0.002653539 0.002839207 0.01109498 0.002638518 0.002827584 0.01107454 0.002625703 0.00282073 0.01105034 0.002616643 0.003360569 0.01119107 0.002052545 0.003360569 0.01119107 0.002052545 0.003338098 0.01118957 0.002039134 0.003315448 0.01118057 0.002024769 0.003297507 0.01116603 0.002012729 0.003283441 0.01114541 0.002002239 0.003274738 0.01112097 0.00199455 0.002892911 0.01112073 0.002689182 0.00287348 0.011119 0.002671778 0.002854168 0.0111097 0.002653539 0.002839207 0.01109498 0.002638518 0.002827584 0.01107454 0.002625703 0.00282073 0.01105034 0.002616643 0.00281912 0.01102399 0.002611994 0.002099037 0.01091694 0.003252327 0.002147555 0.01101338 0.003344833 0.002134919 0.01101166 0.003326237 0.002123415 0.01100504 0.003308057 0.002113521 0.01099377 0.003291189 0.002105832 0.01097851 0.003276467 0.002100706 0.01095992 0.003264725 0.002098381 0.01093906 0.003256559 0.001818835 0.01086759 0.003429293 0.002099037 0.01091694 0.003252327 0.001818716 0.01086759 0.003429412 0.001856863 0.01096367 0.003526151 0.001843333 0.01096051 0.003501594 0.001832067 0.0109502 0.003478825 0.001823663 0.01093357 0.003458857 0.001818716 0.01091206 0.003443419 0.001817286 0.01089054 0.003434181 0.002147555 0.01101338 0.003344833 0.002134919 0.01101166 0.003326237 0.002123415 0.01100504 0.003308057 0.002113521 0.01099377 0.003291189 0.002105832 0.01097851 0.003276467 0.002100706 0.01095992 0.003264725 0.002098381 0.01093906 0.003256559 0.001856863 0.01096367 0.003526151 0.001843333 0.01096051 0.003501594 0.001832067 0.0109502 0.003478825 0.001823663 0.01093357 0.003458857 0.001818716 0.01091206 0.003443419 0.001817286 0.01089054 0.003434181 0.001818716 0.01086759 0.003429412 0.001491189 0.01080131 0.003597497 0.001516878 0.01089686 0.003698587 0.001507997 0.01089501 0.003678143 0.001500368 0.01088833 0.003658175 0.001494348 0.01087713 0.003639698 0.001490294 0.01086199 0.003623664 0.001488327 0.01084369 0.003610908 0.001488626 0.01082313 0.003602027 7.06971e-4 0.01060408 0.003854274 0.001491189 0.01080131 0.003597497 7.06807e-4 0.01060414 0.003854274 7.01725e-4 0.01069742 0.003961503 6.96719e-4 0.01069456 0.003933727 6.9426e-4 0.0106846 0.003908097 6.94364e-4 0.01066851 0.003885865 6.97002e-4 0.01064753 0.003868937 7.01159e-4 0.01062655 0.003859043 0.001516878 0.01089686 0.003698587 0.001507997 0.01089501 0.003678143 0.001500368 0.01088833 0.003658175 0.001494348 0.01087713 0.003639698 0.001490294 0.01086199 0.003623664 0.001488327 0.01084369 0.003610908 0.001488626 0.01082313 0.003602027 7.01725e-4 0.01069742 0.003961503 6.96719e-4 0.01069456 0.003933727 6.9426e-4 0.0106846 0.003908097 6.94364e-4 0.01066851 0.003885865 6.97002e-4 0.01064753 0.003868937 7.01159e-4 0.01062655 0.003859043 7.06807e-4 0.01060414 0.003854274 -0.002769231 0.00804007 0.002858757 -0.001976311 0.009001433 0.003448247 -0.00105828 0.009752273 0.003815889 -1.93089e-4 0.01025378 0.003936827 2.50712e-4 0.01044642 0.00392282 -0.002920448 0.008092105 0.002933025 -0.002912044 0.008099973 0.002912044 -0.002899348 0.008104205 0.002892255 -0.002883076 0.008104681 0.002874732 -0.002864122 0.008101284 0.002860546 -0.002843558 0.008094191 0.002850413 -0.002822637 0.008083879 0.002845048 -0.00280255 0.008070945 0.002844691 -0.002784371 0.008056044 0.00284934 -9.09716e-5 0.0104075 0.00404638 -8.43704e-4 0.01001799 0.003983676 -0.001525938 0.009554266 0.003799855 -0.002133607 0.009031236 0.003518342 -0.00255686 0.008578896 0.003240942 -0.002721428 0.008351206 0.003043949 -0.002063333 0.009044408 0.003451824 -0.002279341 0.008825123 0.003318727 -0.001774132 0.00930804 0.00360167 -0.001300513 0.009681344 0.003786742 -9.64969e-4 0.009909093 0.003877222 -5.2619e-4 0.01016652 0.003949224 -1.53214e-4 0.01035213 0.003971219 7.28667e-5 0.0104506 0.003967404 4.60103e-4 0.01059651 0.003930509 4.62189e-4 0.01058542 0.003919303 4.64693e-4 0.01057422 0.003910899 -0.002632439 0.008470594 0.003124713 -0.002695202 0.008347272 0.003019511 -0.002705335 0.008349776 0.003027498 -0.002713978 0.008350968 0.003035604 -0.002538979 0.008444786 0.003081381 -0.002722024 0.008195281 0.002922654 -0.002683281 0.00834316 0.003012001 -0.002427816 0.008713066 0.003278791 -0.002836644 0.008166551 0.002910494 -0.002824783 0.008164167 0.002901673 -0.002813518 0.00816071 0.002895057 -0.002724885 0.008281886 0.002971947 -0.002588331 0.008467078 0.003091752 -0.00256288 0.008532822 0.003145575 -0.002489328 0.008588612 0.003169596 -0.002784192 0.008103311 0.002864122 -0.002532124 0.008592963 0.003202795 -0.002920448 0.008092105 0.002933025 -0.002912044 0.008099973 0.002912044 -0.002899348 0.008104205 0.002892255 -0.002883076 0.008104681 0.002874732 -0.002864122 0.008101284 0.002860546 -0.002843558 0.008094191 0.002850413 -0.002822637 0.008083879 0.002845048 -0.00280255 0.008070945 0.002844691 -0.002784371 0.008056044 0.00284934 -0.002769231 0.00804007 0.002858757 -0.002871155 0.007972955 0.002722203 -0.00282377 0.008001208 0.002795934 -0.003007292 0.007955074 0.002772986 -0.002994537 0.00797075 0.002761185 -0.002977848 0.00798273 0.002749979 -0.002958059 0.00799036 0.002740085 -0.002936303 0.007993221 0.002731978 -0.002913773 0.007991194 0.002726078 -0.002891659 0.00798428 0.00272274 -0.002955138 0.00803858 0.002890169 -0.002983987 0.007992863 0.00283569 -0.002896785 0.008050262 0.002815961 -0.002889513 0.008009314 0.002761125 -0.002912521 0.008032321 0.002795398 -0.003007292 0.007955074 0.002772986 -0.002994537 0.00797075 0.002761185 -0.002977848 0.00798273 0.002749979 -0.002958059 0.00799036 0.002740085 -0.002936303 0.007993221 0.002731978 -0.002913773 0.007991194 0.002726078 -0.002891659 0.00798428 0.00272274 -0.002871155 0.007972955 0.002722203 -0.002876996 0.007969856 0.002711951 -0.003011107 0.007948756 0.002760291 -0.00299853 0.007964432 0.002749264 -0.002982139 0.007976591 0.002738833 -0.002962768 0.007984578 0.002729475 -0.00294137 0.007987916 0.002721786 -0.002919197 0.007986485 0.002716124 -0.002897381 0.007980406 0.002712786 -0.003011107 0.007948756 0.002760291 -0.00299853 0.007964432 0.002749264 -0.002982139 0.007976591 0.002738833 -0.002962768 0.007984578 0.002729475 -0.00294137 0.007987916 0.002721786 -0.002919197 0.007986485 0.002716124 -0.002897381 0.007980406 0.002712786 -0.002876996 0.007969856 0.002711951 -0.002901375 0.007958352 0.002668201 -0.003024518 0.007926285 0.002708971 -0.00301069 0.007943689 0.002699077 -0.00299257 0.007956981 0.002689719 -0.002971291 0.007965445 0.002681553 -0.002948105 0.007968604 0.002674996 -0.002924323 0.00796616 0.002670466 -0.003024518 0.007926285 0.002708971 -0.00301069 0.007943689 0.002699077 -0.00299257 0.007956981 0.002689719 -0.002971291 0.007965445 0.002681553 -0.002948105 0.007968604 0.002674996 -0.002924323 0.00796616 0.002670466 -0.002901375 0.007958352 0.002668201 -0.002914786 0.007952272 0.002643346 -0.003030896 0.007915437 0.002680301 -0.003017842 0.007932245 0.002671658 -0.003000974 0.007945477 0.002663493 -0.002981126 0.007954418 0.002656221 -0.00295937 0.00795865 0.00265026 -0.00293684 0.007957935 0.002645909 -0.003030896 0.007915437 0.002680301 -0.003017842 0.007932245 0.002671658 -0.003000974 0.007945477 0.002663493 -0.002981126 0.007954418 0.002656221 -0.00295937 0.00795865 0.00265026 -0.00293684 0.007957935 0.002645909 -0.002914786 0.007952272 0.002643346 -0.003133714 0.007696866 0.002445757 -0.003085374 0.007804095 0.002510905 -0.003020167 0.007892906 0.002562046 -0.002981901 0.007924258 0.002585232 -0.002950787 0.007940351 0.00260663 -0.002931654 0.007947385 0.002623438 -0.003154814 0.007689595 0.002494692 -0.003150463 0.007693707 0.002477586 -0.00314331 0.007696151 0.002461075 -0.003041744 0.007896721 0.002642273 -0.003056168 0.007871568 0.002609491 -0.003078758 0.007831454 0.002572596 -0.003115952 0.007763326 0.002527713 -0.003007054 0.007928967 0.002619862 -0.003154814 0.007689595 0.002494692 -0.003150463 0.007693707 0.002477586 -0.00314331 0.007696151 0.002461075 -0.003133714 0.007696866 0.002445757 -0.003240883 0.007302761 0.002297163 -0.003230094 0.007360994 0.002306163 -0.003210604 0.007441639 0.002329051 -0.003174185 0.00757277 0.002381086 -0.003320276 0.00733298 0.002392888 -0.003316938 0.007332265 0.002370059 -0.003308773 0.007329583 0.002348601 -0.003296375 0.007324993 0.002329647 -0.003280341 0.007318735 0.002314269 -0.003261446 0.007311224 0.002303242 -0.003279805 0.007350206 0.00232625 -0.003273546 0.007392048 0.002345085 -0.003320276 0.00733298 0.002392888 -0.003316938 0.007332265 0.002370059 -0.003308773 0.007329583 0.002348601 -0.003296375 0.007324993 0.002329647 -0.003280341 0.007318735 0.002314269 -0.003261446 0.007311224 0.002303242 -0.003240883 0.007302761 0.002297163 -0.003302037 0.007007062 0.002267301 -0.003432571 0.00703299 0.002356529 -0.003426194 0.00703603 0.002329707 -0.003413558 0.007036447 0.002305865 -0.003395974 0.00703442 0.002286255 -0.003374636 0.007030069 0.002272129 -0.003350734 0.007023692 0.002264082 -0.003325998 0.007015883 0.002262413 -0.003432571 0.00703299 0.002356529 -0.003426194 0.00703603 0.002329707 -0.003413558 0.007036447 0.002305865 -0.003395974 0.00703442 0.002286255 -0.003374636 0.007030069 0.002272129 -0.003350734 0.007023692 0.002264082 -0.003325998 0.007015883 0.002262413 -0.003302037 0.007007062 0.002267301 -0.003350496 0.006711065 0.002219498 -0.003518819 0.006733953 0.002284169 -0.003513693 0.00673902 0.002262592 -0.003503799 0.006742537 0.002242386 -0.003489732 0.006744265 0.002224624 -0.003472149 0.006744146 0.00221014 -0.003452003 0.006742179 0.002199769 -0.003430247 0.006738424 0.002194046 -0.003408133 0.006733179 0.002193272 -0.003386795 0.006726622 0.002197444 -0.003367245 0.006719112 0.002206325 -0.003518819 0.006733953 0.002284169 -0.003513693 0.00673902 0.002262592 -0.003503799 0.006742537 0.002242386 -0.003489732 0.006744265 0.002224624 -0.003472149 0.006744146 0.00221014 -0.003452003 0.006742179 0.002199769 -0.003430247 0.006738424 0.002194046 -0.003408133 0.006733179 0.002193272 -0.003386795 0.006726622 0.002197444 -0.003367245 0.006719112 0.002206325 -0.003350496 0.006711065 0.002219498 -0.003498971 0.005831003 0.002033412 -0.003669798 0.005839586 0.00209558 -0.003665208 0.005842268 0.002073347 -0.003655672 0.005844235 0.002052724 -0.003641724 0.005845427 0.002034723 -0.003624081 0.005845665 0.002020239 -0.003603696 0.00584501 0.002010107 -0.003581523 0.00584352 0.002004742 -0.003558874 0.005841255 0.002004563 -0.00353676 0.005838274 0.002009451 -0.003516435 0.005834817 0.002019286 -0.003669798 0.005839586 0.00209558 -0.003665208 0.005842268 0.002073347 -0.003655672 0.005844235 0.002052724 -0.003641724 0.005845427 0.002034723 -0.003624081 0.005845665 0.002020239 -0.003603696 0.00584501 0.002010107 -0.003581523 0.00584352 0.002004742 -0.003558874 0.005841255 0.002004563 -0.00353676 0.005838274 0.002009451 -0.003516435 0.005834817 0.002019286 -0.003498971 0.005831003 0.002033412 -0.003502905 0.005777537 0.002027332 -0.003674268 0.00578016 0.002089381 -0.003669857 0.005781829 0.002067029 -0.00366044 0.0057832 0.002046227 -0.003646552 0.005784094 0.002028048 -0.003628909 0.005784511 0.002013444 -0.003608465 0.005784451 0.002003252 -0.003586232 0.005783855 0.001998007 -0.003563344 0.005782842 0.001997888 -0.003541111 0.005781352 0.002002954 -0.003520607 0.005779564 0.002012908 -0.003543317 0.004895329 0.001952469 -0.003502905 0.005777537 0.002027332 -0.003560483 0.004897296 0.001938402 -0.003580391 0.004899024 0.001928508 -0.003602027 0.004900455 0.001923263 -0.00362432 0.004901528 0.001922905 -0.003646314 0.004902243 0.001927554 -0.003667235 0.004902243 0.001937329 -0.003685534 0.004901885 0.001951694 -0.003700017 0.004900991 0.001969933 -0.003709852 0.004899621 0.001990973 -0.003714561 0.004897952 0.002013683 -0.003674268 0.00578016 0.002089381 -0.003669857 0.005781829 0.002067029 -0.00366044 0.0057832 0.002046227 -0.003646552 0.005784094 0.002028048 -0.003628909 0.005784511 0.002013444 -0.003608465 0.005784451 0.002003252 -0.003586232 0.005783855 0.001998007 -0.003563344 0.005782842 0.001997888 -0.003541111 0.005781352 0.002002954 -0.003520607 0.005779564 0.002012908 -0.003737986 0.004897952 0.004385411 -0.003693521 0.005764186 0.004352033 -0.003737211 0.00489825 0.004395067 -0.003735542 0.004898548 0.004404544 -0.003732979 0.004898786 0.004413843 -0.003723025 0.004899084 0.004435002 -0.003708541 0.004899024 0.004453301 -0.003690123 0.004898667 0.004467725 -0.003668963 0.004897952 0.0044775 -0.003624498 0.005764186 0.004444241 -0.003689825 0.005764901 0.004376232 -0.003680348 0.005765259 0.004398763 -0.003665626 0.005765259 0.004418373 -0.003646671 0.005764901 0.00443381 -0.003733098 0.004892706 0.004413902 -0.003733098 0.004894733 0.004413902 -0.003733038 0.004896759 0.004413902 -0.003732979 0.004898786 0.004413843 -0.003733098 0.00489068 0.004413902 -0.003733038 0.004888653 0.004413902 -0.003732979 0.004886627 0.004413843 -0.003668963 0.004887461 0.0044775 -0.003690123 0.004886746 0.004467725 -0.003708541 0.004886388 0.004453301 -0.003723025 0.004886329 0.004435002 -0.003668963 0.004897952 0.0044775 -0.003668963 0.004894435 0.00447762 -0.003668963 0.004890978 0.00447762 -0.003723025 0.004899084 0.004435002 -0.003708541 0.004899024 0.004453301 -0.003690123 0.004898667 0.004467725 -0.003718852 0.004892706 0.004441618 0.001665413 0.01042848 0.005900621 0.001668453 0.01061594 0.005891263 0.004170894 0.0103296 0.01069587 0.004237174 0.01037335 0.009831368 0.004202187 0.01042115 0.00910151 0.003958821 0.01050657 0.008078396 0.003515601 0.01059222 0.007211208 0.00298196 0.01065069 0.006599724 0.00238353 0.01066857 0.006179809 0.002034485 0.01065349 0.006018221 0.004161953 0.01015764 0.01069492 0.002386152 0.01047831 0.006192505 0.002963066 0.01046204 0.006596207 0.0033921 0.01042133 0.007057428 0.003731966 0.01037025 0.007589876 0.003980517 0.0103175 0.008167982 0.004142582 0.01026773 0.00877887 0.004229068 0.01020467 0.009733378 -0.003302931 0.002782404 0.004480123 -0.003302931 0.002782404 0.004480123 -0.003302931 0.002782404 0.004480123 -0.00348407 0.003469884 0.004459321 -0.00348407 0.003469884 0.004459321 -0.00348407 0.003469884 0.004459321 -0.003577411 0.004176139 0.004467964 -0.003577411 0.004176139 0.004467964 -0.003577411 0.004176139 0.004467964 -0.003602266 0.004887461 0.004499137 -0.003668963 0.004887461 0.0044775 -0.003624498 0.004021227 0.004444241 -0.003624498 0.004021227 0.004444241 -0.003620088 0.003967106 0.004442632 -0.003620088 0.003967106 0.004442632 -0.003620088 0.003967106 0.004442632 -0.003363966 0.002780675 0.004460275 -0.003363966 0.002780675 0.004460275 0.001504123 -8.07302e-4 0.005839347 0.001504123 -8.07302e-4 0.005839347 0.001504123 -8.07302e-4 0.005839347 4.12613e-5 -4.6518e-4 0.005384325 4.12613e-5 -4.6518e-4 0.005384325 -0.001304924 2.5704e-4 0.004988133 -0.001304924 2.5704e-4 0.004988133 -0.001304924 2.5704e-4 0.004988133 -0.002458333 0.001284241 0.004671156 -0.002458333 0.001284241 0.004671156 -0.002458333 0.001284241 0.004671156 -0.002458333 0.001284241 0.004671156 -0.002986073 0.001985251 0.004538834 -0.002986073 0.001985251 0.004538834 -0.002986073 0.001985251 0.004538834 0.001668453 -8.30525e-4 0.005891263 0.001667141 -7.51643e-4 0.005895197 0.001667141 -7.51643e-4 0.005895197 0.001474022 -7.24495e-4 0.005834102 0.001474022 -7.24495e-4 0.005834102 4.0859e-5 -3.88501e-4 0.005388438 4.0859e-5 -3.88501e-4 0.005388438 4.0859e-5 -3.88501e-4 0.005388438 -0.001279115 3.16514e-4 0.004999756 -0.001279115 3.16514e-4 0.004999756 -0.001279115 3.16514e-4 0.004999756 -0.002411663 0.001318752 0.004688143 -0.002411663 0.001318752 0.004688143 -0.002930939 0.002003788 0.004557728 -0.002930939 0.002003788 0.004557728 0.004167556 -4.79602e-4 0.01069551 0.004233658 -5.21124e-4 0.009831845 0.004198729 -5.66264e-4 0.009103 0.003955543 -6.47175e-4 0.008080601 0.003512561 -7.28473e-4 0.007214009 0.002979397 -7.83924e-4 0.006603121 0.002381503 -8.01188e-4 0.006183564 0.002032876 -7.87336e-4 0.006022155 0.001667141 -7.51643e-4 0.005895197 0.001668453 -8.30525e-4 0.005891263 0.004170894 -5.44155e-4 0.01069587 0.004237174 -5.87923e-4 0.009831368 0.004202187 -6.35703e-4 0.00910151 0.003958821 -7.21098e-4 0.008078396 0.003515601 -8.06803e-4 0.007211208 0.00298196 -8.65262e-4 0.006599724 0.00238353 -8.83101e-4 0.006179809 0.002034485 -8.68056e-4 0.006018221 0.004161953 0.01015764 0.01069492 0.004170894 0.0103296 0.01069587 0.003909409 0.01024031 0.01309788 0.003909409 0.01024031 0.01309788 0.003614366 0.01021987 0.01584792 0.003605842 0.01005625 0.01584696 0.003605842 0.01005625 0.01584696 0.00390166 0.0100727 0.01308798 0.00390166 0.0100727 0.01308798 0.004374623 0.009970366 0.01911026 0.003916025 0.01003611 0.01841229 0.003634512 0.01006227 0.01762098 0.003543376 0.01006472 0.01673722 0.003605842 0.01005625 0.01584696 0.003614366 0.01021987 0.01584792 0.004374444 0.01012843 0.01909714 0.003919839 0.01019495 0.01840138 0.003641426 0.01022273 0.01761341 0.0035519 0.0102269 0.01673388 0.004790306 0.01005601 0.01953262 0.005465865 0.009910523 0.02008593 0.005460917 0.009753525 0.02009254 0.004891216 0.009879648 0.01963424 0.005460917 0.009753525 0.02009254 0.005460917 0.009753525 0.02009254 0.006434738 0.009368956 0.02085125 0.006434738 0.009368956 0.02085125 0.006870567 0.00904721 0.02120065 0.006870567 0.00904721 0.02120065 0.006870567 0.00904721 0.02120065 0.007230997 0.008619487 0.02150017 0.007230997 0.008619487 0.02150017 0.007230997 0.008619487 0.02150017 0.007230997 0.008619487 0.02150017 0.00750029 0.008073568 0.02173882 0.00750029 0.008073568 0.02173882 0.007595479 0.00777769 0.02182996 0.007595479 0.00777769 0.02182996 0.007595479 0.00777769 0.02182996 0.007673084 0.007472217 0.0219084 0.007673084 0.007472217 0.0219084 0.005465865 0.009910523 0.02008593 0.007710099 0.007612466 0.02192711 0.007710099 0.007612466 0.02192711 0.007710099 0.007612466 0.02192711 0.007710099 0.007612466 0.02192711 0.007537901 0.008218944 0.0217576 0.007537901 0.008218944 0.0217576 0.007302224 0.008715748 0.02154749 0.007302224 0.008715748 0.02154749 0.007015705 0.009090304 0.02130711 0.007015705 0.009090304 0.02130711 0.007015705 0.009090304 0.02130711 0.006672859 0.009387195 0.02102941 0.006672859 0.009387195 0.02102941 0.006089031 0.009705722 0.02056878 0.006089031 0.009705722 0.02056878 0.007935762 0.005995392 0.02220314 0.007935762 0.005995392 0.02220314 0.007937669 0.005944848 0.02220791 0.007937669 0.005944848 0.02220791 0.007953941 0.004897952 0.02228885 0.007915079 0.004897952 0.02225959 0.007915079 0.004897952 0.02225959 0.007854461 0.006367087 0.02211755 0.007854461 0.006367087 0.02211755 0.007854461 0.006367087 0.02211755 -0.003693521 0.005764186 0.004352033 -0.003689825 0.005764901 0.004376232 -0.003680348 0.005765259 0.004398763 -0.003665626 0.005765259 0.004418373 -0.003646671 0.005764901 0.00443381 -0.003624498 0.005764186 0.004444241 -0.003620088 0.005818307 0.004442632 -0.003688633 0.005824267 0.004350721 -0.003684878 0.005824327 0.004374861 -0.003675401 0.005823671 0.004397332 -0.003660857 0.00582242 0.004416882 -0.003642022 0.005820572 0.00443232 -0.003688633 0.005824267 0.004350721 -0.003684878 0.005824327 0.004374861 -0.003675401 0.005823671 0.004397332 -0.003660857 0.00582242 0.004416882 -0.003642022 0.005820572 0.00443232 -0.003620088 0.005818307 0.004442632 -0.003363966 0.007004737 0.004460275 -0.003427684 0.007032036 0.004368424 -0.003424584 0.007029592 0.004392564 -0.003416001 0.007025301 0.004415035 -0.003402411 0.007019519 0.004434585 -0.003384768 0.007012486 0.004449963 -0.003427684 0.007032036 0.004368424 -0.003424584 0.007029592 0.004392564 -0.003416001 0.007025301 0.004415035 -0.003402411 0.007019519 0.004434585 -0.003384768 0.007012486 0.004449963 -0.003363966 0.007004737 0.004460275 0.001504123 0.01059275 0.005839347 4.12613e-5 0.01025062 0.005384325 -0.001304924 0.009528398 0.004988133 -0.002458333 0.008501231 0.004671156 -0.002986073 0.007800161 0.004538834 0.001516938 0.01068544 0.005753993 0.001511156 0.0106796 0.005775272 0.001506567 0.01066899 0.005794942 0.001503467 0.01065415 0.005811929 0.001501977 0.01063579 0.005825459 0.001502215 0.01061499 0.005834758 -0.003044545 0.007840573 0.004446685 -0.002509713 0.008553862 0.004579782 -0.001660406 0.009357631 0.004809319 -5.59494e-4 0.01007306 0.005123436 4.55916e-4 0.01047754 0.005425512 9.72986e-4 0.01057755 0.005635976 9.71779e-4 0.01056909 0.005644798 2.3672e-4 0.01038098 0.005418241 -2.68757e-4 0.01018404 0.005266129 -9.52527e-4 0.009824156 0.005065262 -0.001494467 0.009456217 0.004910409 -0.002088963 0.008954763 0.004745781 -0.002496302 0.008535802 0.004637122 -0.002777695 0.008193016 0.00456494 -0.003028512 0.007826983 0.004504024 -0.003247141 0.007439792 0.004446089 0.001668453 0.01061594 0.005891263 0.001504123 0.01059275 0.005839347 0.001683413 0.01070904 0.005805671 0.001677393 0.01070332 0.005827069 0.001672506 0.01069277 0.005846858 0.001669049 0.01067787 0.005863964 0.001667141 0.01065939 0.005877494 0.001666963 0.01063841 0.005886733 0.001516938 0.01068544 0.005753993 0.001511156 0.0106796 0.005775272 0.001506567 0.01066899 0.005794942 0.001503467 0.01065415 0.005811929 0.001501977 0.01063579 0.005825459 0.001502215 0.01061499 0.005834758 0.001683413 0.01070904 0.005805671 0.001677393 0.01070332 0.005827069 0.001672506 0.01069277 0.005846858 0.001669049 0.01067787 0.005863964 0.001667141 0.01065939 0.005877494 0.001666963 0.01063841 0.005886733 0.001668453 0.01061594 0.005891263 0.004170894 0.0103296 0.01069587 0.004237174 0.01037335 0.009831368 0.004202187 0.01042115 0.00910151 0.003958821 0.01050657 0.008078396 0.003515601 0.01059222 0.007211208 0.00298196 0.01065069 0.006599724 0.00238353 0.01066857 0.006179809 0.002034485 0.01065349 0.006018221 0.00427711 0.01042401 0.01071172 0.004254579 0.01042312 0.01070922 0.004232823 0.0104171 0.0107066 0.004212975 0.01040637 0.01070392 0.004196107 0.01039135 0.01070141 0.004183053 0.01037293 0.01069915 0.00417453 0.01035195 0.0106973 0.002417683 0.01076263 0.006096839 0.003009438 0.01074773 0.006499767 0.003452122 0.01070648 0.006960928 0.003806769 0.01065349 0.007496953 0.004068732 0.01059824 0.008079946 0.004243195 0.01054549 0.008698999 0.004342377 0.01048511 0.009547829 0.004331409 0.01045185 0.01013058 0.004254579 0.01042664 0.01041549 0.004244446 0.01042062 0.01041424 0.004234373 0.01041281 0.01041287 0.004266142 0.01043492 0.009980201 0.004271805 0.01045143 0.009692251 0.0042575 0.01047474 0.009325385 0.004208087 0.01050478 0.008906543 0.004093229 0.01054668 0.008387923 0.003996193 0.0105732 0.008087217 0.003878235 0.01060026 0.007796525 0.003648459 0.0106427 0.007360458 0.003472626 0.01066863 0.007098197 0.003210783 0.01069861 0.00678277 0.002984881 0.01071691 0.006563961 0.00269103 0.01073062 0.00633502 0.002392292 0.01073205 0.006153523 0.00221765 0.01072669 0.006067156 0.001856386 0.01069998 0.00592488 0.001854717 0.01069027 0.005932688 0.00427711 0.01042401 0.01071172 0.004015088 0.01033484 0.01311212 0.004254579 0.01042312 0.01070922 0.004232823 0.0104171 0.0107066 0.004212975 0.01040637 0.01070392 0.004196107 0.01039135 0.01070141 0.004183053 0.01037293 0.01069915 0.00417453 0.01035195 0.0106973 0.004170894 0.0103296 0.01069587 0.003909409 0.01024031 0.01309788 0.003992617 0.01033377 0.01310968 0.00397098 0.01032769 0.01310718 0.003951311 0.01031684 0.01310467 0.003934562 0.01030188 0.01310247 0.003921568 0.01028347 0.0131005 0.003913044 0.0102626 0.01309895 0.004015088 0.01033484 0.01311212 0.003992617 0.01033377 0.01310968 0.00397098 0.01032769 0.01310718 0.003951311 0.01031684 0.01310467 0.003934562 0.01030188 0.01310247 0.003921568 0.01028347 0.0131005 0.003913044 0.0102626 0.01309895 0.003909409 0.01024031 0.01309788 0.003614366 0.01021987 0.01584792 0.003720641 0.0103144 0.01585841 0.00369817 0.01031339 0.01585602 0.003676474 0.01030731 0.01585376 0.003656685 0.01029652 0.01585173 0.003639817 0.0102815 0.01585006 0.003626763 0.01026308 0.01584881 0.003618121 0.01024216 0.0158481 0.003720641 0.0103144 0.01585841 0.00369817 0.01031339 0.01585602 0.003676474 0.01030731 0.01585376 0.003656685 0.01029652 0.01585173 0.003639817 0.0102815 0.01585006 0.003626763 0.01026308 0.01584881 0.003618121 0.01024216 0.0158481 0.003614366 0.01021987 0.01584792 0.004374444 0.01012843 0.01909714 0.003919839 0.01019495 0.01840138 0.003641426 0.01022273 0.01761341 0.0035519 0.0102269 0.01673388 0.00446695 0.01022195 0.01903402 0.004446566 0.01022148 0.01905077 0.004424989 0.01021331 0.01906746 0.004406869 0.01019942 0.01908046 0.004391431 0.01017928 0.01909035 0.004380345 0.01015502 0.01909607 0.003665685 0.01032197 0.01698297 0.003798723 0.01031279 0.01778846 0.004068434 0.01028305 0.01844793 0.004210054 0.01024943 0.01877814 0.004199385 0.01024299 0.01878464 0.004188656 0.01023405 0.01879101 0.003976643 0.01026278 0.01843607 0.003826677 0.01027953 0.01810437 0.003699421 0.01029121 0.01770806 0.003620684 0.01029658 0.01729911 0.003587067 0.01029729 0.01686024 0.003605604 0.0102936 0.01629 0.003596603 0.01028454 0.01628935 0.003589332 0.01027512 0.01628887 0.00446695 0.01022195 0.01903402 0.004446566 0.01022148 0.01905077 0.004424989 0.01021331 0.01906746 0.004406869 0.01019942 0.01908046 0.004391431 0.01017928 0.01909035 0.004380345 0.01015502 0.01909607 0.004374444 0.01012843 0.01909714 0.004790306 0.01005601 0.01953262 0.004875004 0.01014918 0.01945954 0.004857122 0.01014864 0.01947879 0.00483787 0.01014047 0.0194981 0.004821479 0.01012659 0.01951307 0.004807114 0.01010656 0.01952457 0.004796504 0.01008242 0.01953125 0.004875004 0.01014918 0.01945954 0.004857122 0.01014864 0.01947879 0.00483787 0.01014047 0.0194981 0.004821479 0.01012659 0.01951307 0.004807114 0.01010656 0.01952457 0.004796504 0.01008242 0.01953125 0.004790306 0.01005601 0.01953262 0.005465865 0.009910523 0.02008593 0.005549371 0.01000249 0.02000856 0.005535125 0.01000267 0.02002716 0.005520343 0.009997487 0.02004456 0.005505919 0.009987294 0.02005988 0.005492568 0.009972572 0.02007222 0.005481064 0.009954214 0.02008098 0.005471944 0.009933114 0.02008563 0.005549371 0.01000249 0.02000856 0.005535125 0.01000267 0.02002716 0.005520343 0.009997487 0.02004456 0.005505919 0.009987294 0.02005988 0.005492568 0.009972572 0.02007222 0.005481064 0.009954214 0.02008098 0.005471944 0.009933114 0.02008563 0.005465865 0.009910523 0.02008593 0.007710099 0.007612466 0.02192711 0.007537901 0.008218944 0.0217576 0.007302224 0.008715748 0.02154749 0.007015705 0.009090304 0.02130711 0.006672859 0.009387195 0.02102941 0.006089031 0.009705722 0.02056878 0.007855057 0.007636845 0.02189123 0.007842361 0.007638216 0.02190917 0.007825911 0.007638096 0.02192431 0.007801115 0.007635712 0.02193808 0.007775723 0.007631361 0.02194422 0.007750272 0.00762546 0.0219435 0.007729172 0.007619261 0.02193766 0.006564438 0.009607136 0.02079463 0.007021427 0.009273707 0.02115905 0.007316052 0.008946537 0.02140134 0.007597863 0.008458554 0.02164435 0.007744669 0.008058488 0.02178037 0.007498741 0.008526325 0.02166491 0.007771909 0.007849931 0.02187323 0.007760822 0.007848858 0.02188009 0.007749915 0.007847428 0.02188515 0.007737576 0.007845342 0.02188915 0.007647633 0.008152782 0.02180129 0.007575333 0.008351564 0.02173388 0.007314145 0.008849501 0.02150499 0.007167577 0.009043693 0.02138209 0.007019817 0.009203314 0.02126055 0.006845355 0.009358584 0.02111923 0.006617367 0.009522438 0.02093702 0.00632131 0.0096879 0.02070361 0.005816698 0.009888648 0.02031117 0.005808889 0.009879767 0.02031749 0.005802214 0.009870469 0.0203222 0.007855057 0.007636845 0.02189123 0.007842361 0.007638216 0.02190917 0.007825911 0.007638096 0.02192431 0.007801115 0.007635712 0.02193808 0.007775723 0.007631361 0.02194422 0.007750272 0.00762546 0.0219435 0.007729172 0.007619261 0.02193766 0.007710099 0.007612466 0.02192711 0.007935762 0.005995392 0.02220314 0.008081793 0.006000995 0.02217328 0.00806725 0.006002247 0.02219229 0.008048593 0.006002783 0.02220737 0.008026897 0.006002604 0.02221763 0.008003354 0.006001651 0.02222245 0.007979452 0.006000101 0.02222156 0.007956445 0.005997955 0.022215 0.008081793 0.006000995 0.02217328 0.00806725 0.006002247 0.02219229 0.008048593 0.006002783 0.02220737 0.008026897 0.006002604 0.02221763 0.008003354 0.006001651 0.02222245 0.007979452 0.006000101 0.02222156 0.007956445 0.005997955 0.022215 0.007935762 0.005995392 0.02220314 0.007937669 0.005944848 0.02220791 0.008083999 0.005944848 0.02217853 0.008069455 0.00594604 0.0221976 0.008050739 0.005946934 0.02221262 0.008029043 0.005947411 0.02222281 0.008005499 0.005947411 0.02222758 0.007981479 0.005946934 0.02222657 0.007958471 0.00594604 0.02221989 0.007953941 0.004897952 0.02228885 0.007937669 0.005944848 0.02220791 0.007974743 0.004899203 0.02230083 0.007997751 0.004900038 0.02230751 0.008021712 0.004900515 0.02230852 0.008045315 0.004900634 0.02230376 0.008067011 0.004900038 0.02229362 0.008085727 0.004899203 0.02227854 0.008100271 0.004897952 0.02225947 0.008083999 0.005944848 0.02217853 0.008069455 0.00594604 0.0221976 0.008050739 0.005946934 0.02221262 0.008029043 0.005947411 0.02222281 0.008005499 0.005947411 0.02222758 0.007981479 0.005946934 0.02222657 0.007958471 0.00594604 0.02221989 0.003614366 -4.34407e-4 0.01584792 0.003611445 -3.78276e-4 0.01584756 0.003611445 -3.78276e-4 0.01584756 0.003907442 -3.94741e-4 0.01308667 0.003907442 -3.94741e-4 0.01308667 0.004167556 -4.79602e-4 0.01069551 0.004170894 -5.44155e-4 0.01069587 0.004170894 -5.44155e-4 0.01069587 0.003909409 -4.54877e-4 0.01309788 0.003909409 -4.54877e-4 0.01309788 0.005464255 -7.51684e-5 0.02008807 0.004841148 -2.11506e-4 0.01958233 0.004377245 -2.92378e-4 0.01910454 0.003611445 -3.78276e-4 0.01584756 0.003555178 -3.87739e-4 0.01699119 0.003690958 -3.80451e-4 0.01781946 0.003965556 -3.52616e-4 0.01849555 0.003614366 -4.34407e-4 0.01584792 0.004374444 -3.43018e-4 0.01909714 0.003919839 -4.09517e-4 0.01840138 0.003641426 -4.37296e-4 0.01761341 0.0035519 -4.41483e-4 0.01673388 0.004790306 -2.70558e-4 0.01953262 0.005465865 -1.25105e-4 0.02008593 0.007953941 0.004887461 0.02228885 0.007915139 0.004887461 0.02225965 0.007915139 0.004887461 0.02225965 0.00786072 0.003343403 0.02211731 0.00786072 0.003343403 0.02211731 0.00786072 0.003343403 0.02211731 0.00786072 0.003343403 0.02211731 0.007675707 0.002205193 0.02190327 0.007675707 0.002205193 0.02190327 0.007503867 0.001606881 0.02173465 0.007503867 0.001606881 0.02173465 0.007503867 0.001606881 0.02173465 0.007503867 0.001606881 0.02173465 0.007238805 0.001066446 0.02149951 0.007238805 0.001066446 0.02149951 0.007238805 0.001066446 0.02149951 0.006873488 6.31129e-4 0.02119576 0.006873488 6.31129e-4 0.02119576 0.006873488 6.31129e-4 0.02119576 0.006437361 3.09199e-4 0.02084618 0.006437361 3.09199e-4 0.02084618 0.005962014 8.29413e-5 0.0204733 0.005962014 8.29413e-5 0.0204733 0.005464255 -7.51684e-5 0.02008807 0.005465865 -1.25105e-4 0.02008593 0.005465865 -1.25105e-4 0.02008593 0.007710099 0.002172946 0.02192711 0.007710099 0.002172946 0.02192711 0.007710099 0.002172946 0.02192711 0.007710099 0.002172946 0.02192711 0.007537901 0.001566469 0.0217576 0.007537901 0.001566469 0.0217576 0.007302224 0.001069664 0.02154749 0.007302224 0.001069664 0.02154749 0.007302224 0.001069664 0.02154749 0.007015705 6.95132e-4 0.02130711 0.007015705 6.95132e-4 0.02130711 0.006672859 3.98248e-4 0.02102941 0.006672859 3.98248e-4 0.02102941 0.006089031 7.96993e-5 0.02056878 0.006089031 7.96993e-5 0.02056878 0.007935762 0.00379002 0.02220314 0.007935762 0.00379002 0.02220314 0.007937669 0.003840565 0.02220791 0.007937669 0.003840565 0.02220791 0.007937669 0.003840565 0.02220791 0.008138716 0.003471195 0.001045465 0.007962882 0.003468036 9.06873e-4 0.007927834 0.002037465 9.2699e-4 0.007545351 0.001848936 6.44118e-4 0.007319211 0.001770317 4.93657e-4 0.007124066 0.001745343 3.7827e-4 0.006675899 0.001745343 1.78445e-4 0.006652653 -0.001042425 2.47661e-4 0.00665307 -0.001042366 2.47784e-4 0.007052004 -9.28295e-4 4.18752e-4 0.007587134 -7.17343e-4 7.57348e-4 0.008074998 -4.50315e-4 0.001125991 0.009191453 0.004090785 0.00189954 0.009180903 0.003976583 0.001894235 0.009151339 0.003868401 0.001872003 0.009117305 0.003792107 0.001844882 0.009075939 0.003724515 0.001811325 0.009011149 0.00364691 0.001758098 0.008928358 0.003577351 0.001689672 0.00883758 0.00352627 0.00161457 0.008742153 0.003494024 0.001535654 0.008687496 0.003484249 0.001490533 0.008632004 0.003480255 0.001444697 0.008138716 0.003471195 0.001045465 0.008074998 -4.50315e-4 0.001125991 0.008074998 -4.50492e-4 0.001125991 0.008293449 -3.16103e-4 0.001296579 0.009394705 5.22467e-4 0.002211809 0.009848713 0.001068711 0.002636253 0.01012581 0.00157696 0.002863526 0.01033043 0.002142488 0.003017187 0.01066929 0.003843545 0.003239154 0.01067322 0.003893852 0.003240644 0.01072484 0.004890084 0.003249108 0.009194016 0.004890084 0.00187391 0.003833889 -0.001345098 0.001217901 0.00500071 -0.001292049 4.76547e-4 0.005643188 -0.001225948 2.25473e-4 0.006054997 -0.001165568 1.61115e-4 0.006356894 -0.0011096 1.77655e-4 0.006652653 -0.001042485 2.47661e-4 0.006652891 -0.001042425 2.47728e-4 0.006652653 -0.001042425 2.47661e-4 0.006675899 0.001745343 1.78445e-4 0.006264746 0.001745343 9.11541e-5 0.005843281 0.001745343 1.04435e-4 0.00543493 0.001745343 2.06616e-4 0.004576981 0.001745343 6.19244e-4 0.003785073 0.001745343 0.001153349 0.003833889 -0.001345038 0.001217901 -0.003350496 0.003074347 0.002219498 -0.003302037 0.002778351 0.002267301 -0.003240883 0.002482652 0.002297163 -0.00315541 0.002476692 0.002179324 -0.003153741 0.002478599 0.002202451 -0.003157496 0.002480328 0.002225339 -0.003166377 0.002481698 0.002246797 -0.003180027 0.002482652 0.002265572 -0.003197669 0.002483129 0.002280771 -0.003218293 0.002483129 0.0022915 -0.003254413 0.004890084 0.00198841 -0.003424704 0.004890084 0.002074778 -0.003402471 0.004887878 0.002092123 -0.003385424 0.004886567 0.00209999 -0.003358006 0.004885077 0.002105474 -0.003331243 0.004884183 0.002103388 -0.003307282 0.004883885 0.002094864 -0.003283917 0.004884302 0.002078354 -0.003267347 0.004885196 0.002057671 -0.003256916 0.004886686 0.00203377 -0.003253102 0.004888296 0.002011239 -0.003190279 0.002631902 0.002257466 -0.003203034 0.00263226 0.002268016 -0.003215551 0.002632319 0.002275407 -0.00322771 0.0026322 0.002280473 -0.003239452 0.002631962 0.002283751 -0.00322026 0.002781987 0.002262473 -0.003349959 0.003979742 0.002171456 -0.003167092 0.002630352 0.002222836 -0.003295719 0.002929151 0.002259016 -0.003192603 0.003233611 0.002174496 -0.003320932 0.003532469 0.002210378 -0.003270864 0.003988444 0.002165734 -0.003285765 0.003986537 0.002172112 -0.003299355 0.00398463 0.002175569 -0.003313481 0.003982722 0.002177119 -0.003326475 0.003981232 0.002176702 -0.00333935 0.003980159 0.002174615 -0.003327727 0.003531098 0.00220859 -0.003242492 0.004440248 0.00207901 -0.003233075 0.003083586 0.002238094 -0.00324577 0.003385186 0.002213895 -0.003249406 0.003384768 0.002215743 -0.003274679 0.004212081 0.002145051 -0.003248989 0.004439175 0.002092242 -0.003293395 0.004211485 0.002153694 -0.003341197 0.00466758 0.002122759 -0.003302037 0.00308001 0.002246856 -0.003271102 0.003157675 0.002242743 -0.003222286 0.003196895 0.002219021 -0.003310084 0.003230452 0.00223428 -0.003288567 0.00455445 0.002117931 -0.003296732 0.004663407 0.002111434 -0.003311097 0.004664838 0.002117574 -0.003322124 0.004665911 0.002120554 -0.003255844 0.004777669 0.00205183 -0.003240346 0.003234267 0.002226471 -0.003295004 0.004723191 0.002104341 -0.003262221 0.004776597 0.002065002 -0.00330317 0.004832148 0.002097904 -0.003352105 0.004806458 0.002111792 -0.003356277 0.004860818 0.002107441 -0.003300249 0.004792749 0.002100288 -0.003543317 0.004890084 0.001952469 -0.003502905 0.004007875 0.002027332 -0.003502905 0.004007875 0.002027332 -0.003424704 0.004890084 0.002074778 -0.003424704 0.004890084 0.002074778 -0.003424704 0.004890084 0.002074778 -0.003350496 0.003074347 0.002219498 -0.003498971 0.00395441 0.002033412 -0.003498971 0.00395441 0.002033412 -0.003240883 0.002482652 0.002297163 -0.003230094 0.002424418 0.002306163 -0.003210604 0.002343773 0.002329051 -0.003174185 0.002212643 0.002381086 -0.003133714 0.002088546 0.002445757 -0.003103554 0.002037465 0.002373814 -0.003102838 0.002052605 0.002392709 -0.003107845 0.002066671 0.002411723 -0.003118336 0.00207889 0.002429783 -0.00315541 0.002476692 0.002179324 -0.00314635 0.002347588 0.002208113 -0.003127932 0.002185881 0.002277731 -0.003153741 0.002478599 0.002202451 -0.003157496 0.002480328 0.002225339 -0.003166377 0.002481698 0.002246797 -0.003180027 0.002482652 0.002265572 -0.003197669 0.002483129 0.002280771 -0.003218293 0.002483129 0.0022915 -0.003134429 0.002203941 0.002334535 -0.003144264 0.002271413 0.002303123 -0.003156065 0.002350091 0.002278029 -0.003160059 0.00239253 0.00226432 -0.003133714 0.002088546 0.002445757 -0.003085374 0.001981317 0.002510905 -0.003020167 0.001892507 0.002562046 -0.002981901 0.001861155 0.002585232 -0.002950787 0.001845061 0.00260663 -0.002931654 0.001838028 0.002623438 -0.002914786 0.0018332 0.002643346 -0.002871692 0.001844525 0.002602756 -0.002886354 0.001844763 0.002616941 -0.002900898 0.001840949 0.00263065 -0.003103554 0.002037465 0.002373814 -0.003086924 0.001995146 0.002422928 -0.00306344 0.001955449 0.002461194 -0.003033697 0.001918554 0.002486884 -0.002995491 0.00188601 0.002506792 -0.002952158 0.001862704 0.002529025 -0.002925574 0.001853764 0.002546906 -0.002896726 0.001847505 0.002572596 -0.003102838 0.002052605 0.002392709 -0.003107845 0.002066671 0.002411723 -0.003118336 0.00207889 0.002429783 -0.002914786 0.0018332 0.002643346 -0.002901375 0.001827061 0.002668201 -0.002855896 0.001843452 0.002625167 -0.002871692 0.001842617 0.002640366 -0.00288707 0.001837074 0.002654969 -0.002871692 0.001844525 0.002602756 -0.002886354 0.001844763 0.002616941 -0.002900898 0.001840949 0.00263065 -0.002901375 0.001827061 0.002668201 -0.002876996 0.001815557 0.002711951 -0.002828478 0.001842737 0.002663552 -0.00284177 0.001840949 0.002676844 -0.002854585 0.001835644 0.002689599 -0.002866446 0.00182712 0.002701401 -0.002855896 0.001843452 0.002625167 -0.002871692 0.001842617 0.002640366 -0.00288707 0.001837074 0.002654969 0.01067322 0.003893852 0.003240644 0.01072484 0.004890084 0.003249108 0.01073825 0.004889309 0.0032624 0.01074898 0.004888594 0.003277957 0.01075655 0.004888057 0.003295242 0.01075983 0.004887759 0.003308057 0.01076143 0.00488758 0.00332117 0.01076126 0.004887461 0.003334403 0.01070958 0.003891229 0.003325879 0.01070857 0.003891468 0.003301858 0.01070183 0.003892004 0.003278791 0.01068985 0.003892838 0.003257989 0.01076126 0.004887461 0.003334403 0.01070958 0.003891229 0.003325879 0.01007628 0.004887461 0.0111373 0.009171426 0.004887461 0.01896995 0.009119331 0.003879964 0.01896136 0.009889125 0.003868579 0.0124768 0.009171426 0.004887461 0.01896995 0.009119331 0.003879964 0.01896136 0.008783459 0.004887461 0.02066367 0.008467733 0.004887461 0.02153903 0.008100271 0.004887461 0.02225947 0.008083999 0.003840565 0.02217853 0.009114265 0.003879666 0.01899182 0.008738458 0.003887355 0.02063167 0.008435606 0.003895461 0.02148163 0.01070958 0.003891229 0.003325879 0.009889125 0.003868579 0.0124768 0.009119331 0.003879964 0.01896136 0.009118258 0.003861308 0.01896101 0.009116768 0.003842711 0.01896059 0.00911498 0.003824114 0.01896017 0.009885013 0.003812849 0.01247322 0.01070517 0.00383538 0.003324329 0.01070517 0.00383538 0.003324329 0.01036119 0.002114534 0.00310117 0.009544789 0.002111911 0.01235693 0.008729457 0.002114593 0.01911741 0.009109914 0.003823876 0.01899057 0.00911498 0.003824114 0.01896017 0.009885013 0.003812849 0.01247322 0.00927776 0.002963185 0.01678091 0.01036119 0.002114534 0.00310117 0.009544789 0.002111911 0.01235693 0.009331166 0.001592874 0.01237654 0.008991777 0.001116394 0.01240926 0.008556544 7.15602e-4 0.01245296 0.008026003 3.66122e-4 0.0125088 0.007120549 -3.84124e-5 0.01261198 0.006183028 -2.92146e-4 0.01273 0.006808042 -4.72274e-4 0.007753968 0.007014036 -6.74492e-4 0.004438102 0.007060647 -9.06632e-4 0.001616775 0.008280277 -3.99918e-4 0.001382589 0.008278667 -4.00908e-4 0.001381278 0.008280336 -3.99904e-4 0.001382589 0.01015233 0.001539349 0.002947211 0.009868144 0.001021921 0.002721369 0.009575724 6.45276e-4 0.002459228 0.009141385 2.19716e-4 0.002072393 0.00894773 8.93129e-4 0.01081138 0.008583486 5.93687e-4 0.01087534 0.008655667 5.64072e-4 0.01002418 0.008331775 3.4848e-4 0.01008558 0.00802046 1.74138e-4 0.01014351 0.009405612 0.001005291 0.007678925 0.009506464 7.63062e-4 0.004509985 0.009061992 4.25363e-4 0.005332231 0.008783042 2.10809e-4 0.005266904 0.008204102 -1.59567e-4 0.004989147 0.009253442 4.1397e-4 0.003349542 0.008874177 1.43898e-4 0.003674089 0.008942067 1.54921e-4 0.003196239 0.008581399 -5.69103e-5 0.00357443 0.00835216 -2.00852e-4 0.003444433 0.008161604 1.11172e-4 0.00853151 0.008223593 7.41743e-5 0.007706403 0.008517861 1.77701e-4 0.006907582 0.001683413 -9.23586e-4 0.005805671 0.002417683 -9.77187e-4 0.006096839 0.003009438 -9.62263e-4 0.006499767 0.003452122 -9.2106e-4 0.006960928 0.003806769 -8.68072e-4 0.007496953 0.004068732 -8.12791e-4 0.008079946 0.004243195 -7.60016e-4 0.008698999 0.004342377 -6.99679e-4 0.009547829 0.004331409 -6.66403e-4 0.01013058 0.00427711 -6.38545e-4 0.01071172 0.001516938 -8.99965e-4 0.005753993 0.001516878 -0.001111388 0.003698587 0.001856863 -0.001178205 0.003526151 0.002147555 -0.001227915 0.003344833 0.002892911 -0.001335263 0.002689182 0.003360569 -0.001405596 0.002052545 0.003360569 -0.001405596 0.002052545 0.003360629 -0.001405596 0.002052545 0.005490362 -0.001237332 0.001847743 0.007060647 -9.06632e-4 0.001616775 0.006183028 -2.92146e-4 0.01273 0.006808042 -4.72274e-4 0.007753968 0.007014036 -6.74492e-4 0.004438102 0.004015088 -5.49377e-4 0.01311212 0.006378531 -9.49051e-4 0.003075122 0.005229294 -0.0010944 0.0035519 0.00493431 -9.68399e-4 0.005265891 0.005256831 -9.16055e-4 0.005458652 0.005471646 -8.70391e-4 0.005684614 0.005630493 -8.27456e-4 0.005948901 0.005490899 -4.62317e-4 0.01175802 -0.003427684 0.002753376 0.004368424 -0.003444314 0.002753019 0.002933859 -0.003007292 0.001830339 0.002772986 -0.002920448 0.001693308 0.002933025 -0.002955138 0.001746833 0.002890169 -0.002983987 0.00179255 0.00283569 7.01725e-4 -9.11995e-4 0.003961503 -9.09716e-5 -6.22053e-4 0.00404638 -8.43704e-4 -2.32561e-4 0.003983676 -0.001525938 2.31208e-4 0.003799855 -0.002133607 7.54182e-4 0.003518342 -0.00255686 0.001206517 0.003240942 0.001516878 -0.001111388 0.003698587 0.001516938 -8.99965e-4 0.005753993 -0.003044426 0.001944601 0.004446685 -0.002509415 0.001231193 0.004579842 -0.00165981 4.27339e-4 0.004809498 -5.58525e-4 -2.8812e-4 0.005123734 4.56423e-4 -6.92253e-4 0.005425691 -0.003154814 0.002095818 0.002494692 -0.003320276 0.002452492 0.002392888 -0.003030896 0.001869976 0.002680301 -0.003041744 0.001888692 0.002642273 -0.003056168 0.001913845 0.002609491 -0.003078758 0.001954019 0.002572596 -0.003115952 0.002022087 0.002527713 -0.003024518 0.001859128 0.002708971 -0.003011107 0.001836657 0.002760291 -0.003007292 0.001830339 0.002772986 -0.003444314 0.002753019 0.002933859 -0.003432571 0.002752423 0.002356529 -0.003432571 0.002752423 0.002356529 -0.003518819 0.003051459 0.002284169 -0.003444314 0.002753019 0.002933859 -0.003702759 0.003957986 0.003078401 -0.003669798 0.003945827 0.00209558 0.003502249 -0.001426577 0.001788914 0.003360629 -0.001405596 0.002052545 0.005490362 -0.001237332 0.001847743 0.007060647 -9.06632e-4 0.001616775 0.007031917 -0.001021444 5.16318e-4 0.006643772 -0.001136779 3.51567e-4 0.006250381 -0.001227855 2.73116e-4 0.005889594 -0.001292109 2.87682e-4 0.005400717 -0.001355826 4.22385e-4 0.00484389 -0.001404464 6.86359e-4 0.00390011 -0.001442074 0.001304209 0.003743946 -0.00144118 0.00144571 0.003610432 -0.001436054 0.001608312 0.007060647 -9.06632e-4 0.001616775 0.008280277 -3.99918e-4 0.001382589 0.007031917 -0.001021444 5.16318e-4 0.00805819 -5.36262e-4 0.001215517 -0.003702998 0.003958106 0.003114402 -0.003688633 0.003961145 0.004350721 -0.003702759 0.003957986 0.003078401 -0.003444314 0.002753019 0.002933859 -0.003427684 0.002753376 0.004368424 0.003720641 -5.2893e-4 0.01585841 0.003665685 -5.36517e-4 0.01698297 0.003798723 -5.27365e-4 0.01778846 0.004068434 -4.97588e-4 0.01844793 0.00446695 -4.36505e-4 0.01903402 0.006183028 -2.92146e-4 0.01273 0.005443453 -3.17249e-4 0.0159865 0.004015088 -5.49377e-4 0.01311212 0.006183028 -2.92146e-4 0.01273 0.005443453 -3.17249e-4 0.0159865 0.00446695 -4.36505e-4 0.01903402 0.009544789 0.002111911 0.01235693 0.009331166 0.001592874 0.01237654 0.008991777 0.001116394 0.01240926 0.008556544 7.15602e-4 0.01245296 0.008026003 3.66122e-4 0.0125088 0.007120549 -3.84124e-5 0.01261198 0.008729457 0.002114593 0.01911741 0.004875004 -3.63757e-4 0.01945954 0.006738245 1.32435e-4 0.01944679 0.007614493 5.89218e-4 0.01936334 0.008130788 0.001032471 0.01927834 0.008487224 0.001537263 0.01919329 0.008617699 0.001814663 0.01915407 0.008917629 0.001695454 0.01668971 0.008719801 0.001303493 0.01660549 0.008026421 6.04738e-4 0.01646262 0.007485866 3.98033e-4 0.01808756 0.006647825 3.36617e-5 0.01782602 0.006265521 -9.92436e-5 0.0172525 0.00810194 9.10783e-4 0.01876568 0.004875004 -3.63757e-4 0.01945954 0.005549371 -2.17056e-4 0.02000856 0.006738245 1.32435e-4 0.01944679 0.007614493 5.89218e-4 0.01936334 0.008130788 0.001032471 0.01927834 0.008487224 0.001537263 0.01919329 0.008617699 0.001814663 0.01915407 0.008729457 0.002114593 0.01911741 0.008309662 0.002122044 0.02079874 0.007855057 0.002148568 0.02189123 0.006564438 1.78327e-4 0.02079463 0.007021427 5.11752e-4 0.02115905 0.007316052 8.38905e-4 0.02140134 0.007597863 0.001326858 0.02164435 0.007744669 0.001726925 0.02178037 0.007855057 0.002148568 0.02189123 0.008081793 0.003784418 0.02217328 0.008434951 0.003839671 0.02147161 0.008734822 0.003831624 0.02062821 0.009109914 0.003823876 0.01899057 0.008729457 0.002114593 0.01911741 0.008309662 0.002122044 0.02079874 0.008081793 0.003784418 0.02217328 0.008434951 0.003839671 0.02147161 0.008734822 0.003831624 0.02062821 0.009109914 0.003823876 0.01899057 0.009111702 0.003842473 0.01899105 0.009113192 0.003861069 0.01899147 0.009114265 0.003879666 0.01899182 0.008738458 0.003887355 0.02063167 0.008435606 0.003895461 0.02148163 0.008083999 0.003840565 0.02217853 0.009109914 0.003823876 0.01899057 0.00911498 0.003824114 0.01896017 0.009119331 0.003879964 0.01896136 0.009118258 0.003861308 0.01896101 0.009116768 0.003842711 0.01896059 0.009114265 0.003879666 0.01899182 0.009111702 0.003842473 0.01899105 0.009113192 0.003861069 0.01899147 -0.003669798 0.003945827 0.00209558 -0.003702759 0.003957986 0.003078401 -0.003704786 0.003977656 0.003078281 -0.003706395 0.003997385 0.003078162 -0.003707587 0.004017174 0.003078103 -0.003674268 0.004005253 0.002089381 -0.003707826 0.004017293 0.003114044 -0.003753423 0.004887461 0.003113806 -0.003753423 0.004887461 0.003113806 -0.003714561 0.004887461 0.002013683 -0.003674268 0.004005253 0.002089381 -0.003707587 0.004017174 0.003078103 -0.003707587 0.004017174 0.003078103 -0.003737986 0.004887461 0.004385411 -0.003693521 0.004021286 0.004352033 -0.003753423 0.004887461 0.003113806 -0.003707826 0.004017293 0.003114044 -0.003702759 0.003957986 0.003078401 -0.003704786 0.003977656 0.003078281 -0.003706395 0.003997385 0.003078162 -0.003707587 0.004017174 0.003078103 -0.003702998 0.003958106 0.003114402 -0.003704965 0.003977835 0.003114283 -0.003706634 0.003997564 0.003114163 -0.003707826 0.004017293 0.003114044 -0.003693521 0.004021286 0.004352033 -0.003707826 0.004017293 0.003114044 -0.003702998 0.003958106 0.003114402 -0.003704965 0.003977835 0.003114283 -0.003706634 0.003997564 0.003114163 -0.003688633 0.003961145 0.004350721 0.01070958 0.003891229 0.003325879 0.01070857 0.003891468 0.003301858 0.01070183 0.003892004 0.003278791 0.01068985 0.003892838 0.003257989 0.01067322 0.003893852 0.003240644 0.01070517 0.00383538 0.003324329 0.01070427 0.003836691 0.003300309 0.01069766 0.003838598 0.003277242 0.0106858 0.003840923 0.00325644 0.01066929 0.003843545 0.003239154 0.01070517 0.00383538 0.003324329 0.01070427 0.003836691 0.003300309 0.01069766 0.003838598 0.003277242 0.0106858 0.003840923 0.00325644 0.01066929 0.003843545 0.003239154 0.01036119 0.002114534 0.00310117 0.01036125 0.002120196 0.003075599 0.01035755 0.002124965 0.00305891 0.01035106 0.002130448 0.003043234 0.01034188 0.002136349 0.003029108 0.01033043 0.002142488 0.003017187 0.01036119 0.002114534 0.00310117 0.01036125 0.002120196 0.003075599 0.01035755 0.002124965 0.00305891 0.01035106 0.002130448 0.003043234 0.01034188 0.002136349 0.003029108 0.01033043 0.002142488 0.003017187 0.01015233 0.001539349 0.002947211 0.009868144 0.001021921 0.002721369 0.009575724 6.45276e-4 0.002459228 0.009141385 2.19716e-4 0.002072393 0.008280336 -3.99904e-4 0.001382589 0.008278667 -4.00908e-4 0.001381278 0.008291125 -3.91388e-4 0.001358032 0.008296787 -3.81458e-4 0.001343131 0.008300602 -3.6257e-4 0.00132358 0.008299469 -3.40014e-4 0.001307487 0.008293449 -3.16103e-4 0.001296579 0.009394705 5.22467e-4 0.002211809 0.009848713 0.001068711 0.002636253 0.01012581 0.00157696 0.002863526 0.01002091 0.001291036 0.002799034 0.009869456 0.001040697 0.002673804 0.009729444 8.46173e-4 0.002550601 0.00949788 5.75113e-4 0.00233078 0.009283363 3.62722e-4 0.002135038 0.008739173 -7.86027e-5 0.00167942 0.008278667 -4.00908e-4 0.001381278 0.008291125 -3.91388e-4 0.001358032 0.008296787 -3.81458e-4 0.001343131 0.008300602 -3.6257e-4 0.00132358 0.008299469 -3.40014e-4 0.001307487 0.008293449 -3.16103e-4 0.001296579 0.008280277 -3.99918e-4 0.001382589 0.00805819 -5.36262e-4 0.001215517 0.008070826 -5.28517e-4 0.001192986 0.008079111 -5.15369e-4 0.001171886 0.008082866 -4.96835e-4 0.001152396 0.008081495 -4.74669e-4 0.00113666 0.008074998 -4.50492e-4 0.001125991 0.008074998 -4.50315e-4 0.001125991 0.008074998 -4.50492e-4 0.001125991 0.00805819 -5.36262e-4 0.001215517 0.008070826 -5.28517e-4 0.001192986 0.008079111 -5.15369e-4 0.001171886 0.008082866 -4.96835e-4 0.001152396 0.008081495 -4.74669e-4 0.00113666 0.007031917 -0.001021444 5.16318e-4 0.007040917 -0.001018345 4.9717e-4 0.007048308 -0.001011073 4.78461e-4 0.007053732 -9.99867e-4 4.61057e-4 0.007056891 -9.8525e-4 4.4575e-4 0.007057666 -9.67904e-4 4.33236e-4 0.007055997 -9.48625e-4 4.24098e-4 0.007052004 -9.28295e-4 4.18752e-4 0.007587134 -7.17343e-4 7.57348e-4 0.007334172 -8.74702e-4 6.00729e-4 0.007333397 -8.83216e-4 6.07338e-4 0.007331788 -8.91575e-4 6.15127e-4 0.007842183 -6.36729e-4 9.67022e-4 0.007840514 -6.4764e-4 9.77069e-4 0.006652653 -0.001042425 2.47661e-4 0.00665307 -0.001042366 2.47784e-4 0.007052004 -9.28295e-4 4.18752e-4 0.007031917 -0.001021444 5.16318e-4 0.007040917 -0.001018345 4.9717e-4 0.007048308 -0.001011073 4.78461e-4 0.007053732 -9.99867e-4 4.61057e-4 0.007056891 -9.8525e-4 4.4575e-4 0.007057666 -9.67904e-4 4.33236e-4 0.007055997 -9.48625e-4 4.24098e-4 0.006643772 -0.001136779 3.51567e-4 0.006651639 -0.001133322 3.24633e-4 0.006655573 -0.001126885 3.07418e-4 0.00665903 -0.001112639 2.85454e-4 0.006659805 -0.001092612 2.66921e-4 0.006657719 -0.001068651 2.5402e-4 0.006652891 -0.001042425 2.47728e-4 0.006652653 -0.001042485 2.47661e-4 0.006652891 -0.001042425 2.47728e-4 0.006643772 -0.001136779 3.51567e-4 0.006651639 -0.001133322 3.24633e-4 0.006655573 -0.001126885 3.07418e-4 0.00665903 -0.001112639 2.85454e-4 0.006659805 -0.001092612 2.66921e-4 0.006657719 -0.001068651 2.5402e-4 0.006250381 -0.001227855 2.73116e-4 0.005889594 -0.001292109 2.87682e-4 0.005400717 -0.001355826 4.22385e-4 0.00484389 -0.001404464 6.86359e-4 0.00390011 -0.001442074 0.001304209 0.003884136 -0.001440882 0.001283109 0.003867745 -0.001431882 0.001261591 0.003854572 -0.001417219 0.001244366 0.003843784 -0.001396596 0.001230359 0.003836691 -0.00137192 0.001221299 0.003833889 -0.001345098 0.001217901 0.00500071 -0.001292049 4.76547e-4 0.005643188 -0.001225948 2.25473e-4 0.006054997 -0.001165568 1.61115e-4 0.006356894 -0.0011096 1.77655e-4 0.006488859 -0.00115174 2.34675e-4 0.006308972 -0.001191139 2.04168e-4 0.00616008 -0.001220226 1.93857e-4 0.00597161 -0.001253128 2.00432e-4 0.005767047 -0.001284122 2.31672e-4 0.005514025 -0.001316726 2.99871e-4 0.005193531 -0.001350164 4.2396e-4 0.004912197 -0.00137341 5.61178e-4 0.00433427 -0.001422047 9.38583e-4 0.004327058 -0.001415312 9.28342e-4 0.004319906 -0.001406013 9.1818e-4 7.01725e-4 -9.11995e-4 0.003961503 6.96719e-4 -9.09099e-4 0.003933727 6.9426e-4 -8.99178e-4 0.003908097 6.94364e-4 -8.83051e-4 0.003885865 6.97002e-4 -8.62109e-4 0.003868937 7.01159e-4 -8.4108e-4 0.003859043 7.06807e-4 -8.18667e-4 0.003854274 -9.09716e-5 -6.22053e-4 0.00404638 -8.43704e-4 -2.32561e-4 0.003983676 -0.001525938 2.31208e-4 0.003799855 -0.002133607 7.54182e-4 0.003518342 -0.00255686 0.001206517 0.003240942 -0.002920448 0.001693308 0.002933025 -0.002912044 0.00168544 0.002912044 -0.002899348 0.001681208 0.002892255 -0.002883076 0.001680731 0.002874732 -0.002864122 0.001684129 0.002860546 -0.002843558 0.001691222 0.002850413 -0.002822637 0.001701533 0.002845048 -0.00280255 0.001714468 0.002844691 -0.002784371 0.001729369 0.00284934 -0.002769231 0.001745343 0.002858757 -0.001976311 7.83985e-4 0.003448247 -0.00105828 3.31448e-5 0.003815889 -1.93089e-4 -4.68321e-4 0.003936827 2.50712e-4 -6.60993e-4 0.00392282 -0.002721428 0.001434206 0.003043949 -0.002063333 7.41062e-4 0.003451824 -0.002279341 9.60322e-4 0.003318727 -0.001774132 4.77433e-4 0.00360167 -0.001300513 1.04125e-4 0.003786742 -9.64969e-4 -1.23654e-4 0.003877222 -5.2619e-4 -3.81091e-4 0.003949224 -1.53214e-4 -5.667e-4 0.003971219 7.28667e-5 -6.65151e-4 0.003967404 4.64693e-4 -7.88771e-4 0.003910899 4.62189e-4 -7.99958e-4 0.003919303 4.60103e-4 -8.11071e-4 0.003930509 -0.002538979 0.001340627 0.003081381 -0.002722024 0.001590132 0.002922654 -0.002683281 0.001442253 0.003012001 -0.002632439 0.001314818 0.003124713 -0.002705335 0.001435637 0.003027498 -0.002695202 0.00143814 0.003019511 -0.002713978 0.001434445 0.003035604 -0.002427816 0.001072347 0.003278791 -0.002813518 0.001624703 0.002895057 -0.002824783 0.001621246 0.002901673 -0.002836644 0.001618862 0.002910494 -0.002724885 0.001503527 0.002971947 -0.002588331 0.001318335 0.003091752 -0.00256288 0.001252591 0.003145575 -0.002489328 0.001196801 0.003169596 -0.002784192 0.001682102 0.002864122 -0.002532124 0.00119245 0.003202795 -0.002920448 0.001693308 0.002933025 -0.002912044 0.00168544 0.002912044 -0.002899348 0.001681208 0.002892255 -0.002883076 0.001680731 0.002874732 -0.002864122 0.001684129 0.002860546 -0.002843558 0.001691222 0.002850413 -0.002822637 0.001701533 0.002845048 -0.00280255 0.001714468 0.002844691 -0.002784371 0.001729369 0.00284934 -0.002769231 0.001745343 0.002858757 -0.002955138 0.001746833 0.002890169 -0.002983987 0.00179255 0.00283569 -0.003007292 0.001830339 0.002772986 -0.002994537 0.001814663 0.002761185 -0.002977848 0.001802682 0.002749979 -0.002958059 0.001795053 0.002740085 -0.002936303 0.001792192 0.002731978 -0.002913773 0.001794219 0.002726078 -0.002891659 0.001801133 0.00272274 -0.002871155 0.001812458 0.002722203 -0.00282377 0.001784205 0.002795934 -0.002896785 0.00173515 0.002815961 -0.002912521 0.001753151 0.002795398 -0.002889513 0.001776099 0.002761125 -0.003007292 0.001830339 0.002772986 -0.003011107 0.001836657 0.002760291 -0.00299853 0.001820981 0.002749264 -0.002982139 0.001808822 0.002738833 -0.002962768 0.001800835 0.002729475 -0.00294137 0.001797497 0.002721786 -0.002919197 0.001798927 0.002716124 -0.002897381 0.001805007 0.002712786 -0.002876996 0.001815557 0.002711951 -0.002871155 0.001812458 0.002722203 -0.002994537 0.001814663 0.002761185 -0.002977848 0.001802682 0.002749979 -0.002958059 0.001795053 0.002740085 -0.002936303 0.001792192 0.002731978 -0.002913773 0.001794219 0.002726078 -0.002891659 0.001801133 0.00272274 -0.003011107 0.001836657 0.002760291 -0.00299853 0.001820981 0.002749264 -0.002982139 0.001808822 0.002738833 -0.002962768 0.001800835 0.002729475 -0.00294137 0.001797497 0.002721786 -0.002919197 0.001798927 0.002716124 -0.002897381 0.001805007 0.002712786 -0.002876996 0.001815557 0.002711951 -0.003024518 0.001859128 0.002708971 -0.00301069 0.001841723 0.002699077 -0.00299257 0.001828432 0.002689719 -0.002971291 0.001819968 0.002681553 -0.002948105 0.001816868 0.002674996 -0.002924323 0.001819252 0.002670466 -0.002901375 0.001827061 0.002668201 -0.003024518 0.001859128 0.002708971 -0.00301069 0.001841723 0.002699077 -0.00299257 0.001828432 0.002689719 -0.002971291 0.001819968 0.002681553 -0.002948105 0.001816868 0.002674996 -0.002924323 0.001819252 0.002670466 -0.002901375 0.001827061 0.002668201 -0.003030896 0.001869976 0.002680301 -0.003017842 0.001853168 0.002671658 -0.003000974 0.001839935 0.002663493 -0.002981126 0.001830995 0.002656221 -0.00295937 0.001826763 0.00265026 -0.00293684 0.001827538 0.002645909 -0.002914786 0.0018332 0.002643346 -0.003030896 0.001869976 0.002680301 -0.003017842 0.001853168 0.002671658 -0.003000974 0.001839935 0.002663493 -0.002981126 0.001830995 0.002656221 -0.00295937 0.001826763 0.00265026 -0.00293684 0.001827538 0.002645909 -0.002914786 0.0018332 0.002643346 -0.003041744 0.001888692 0.002642273 -0.003056168 0.001913845 0.002609491 -0.003078758 0.001954019 0.002572596 -0.003115952 0.002022087 0.002527713 -0.003154814 0.002095818 0.002494692 -0.003150463 0.002091705 0.002477586 -0.00314331 0.002089262 0.002461075 -0.003133714 0.002088546 0.002445757 -0.003085374 0.001981317 0.002510905 -0.003020167 0.001892507 0.002562046 -0.002981901 0.001861155 0.002585232 -0.002950787 0.001845061 0.00260663 -0.002931654 0.001838028 0.002623438 -0.003007054 0.001856446 0.002619862 -0.003154814 0.002095818 0.002494692 -0.003150463 0.002091705 0.002477586 -0.00314331 0.002089262 0.002461075 -0.003133714 0.002088546 0.002445757 -0.003320276 0.002452492 0.002392888 -0.003316938 0.002453148 0.002370059 -0.003308773 0.00245583 0.002348601 -0.003296375 0.00246042 0.002329647 -0.003280341 0.002466678 0.002314269 -0.003261446 0.002474188 0.002303242 -0.003240883 0.002482652 0.002297163 -0.003230094 0.002424418 0.002306163 -0.003210604 0.002343773 0.002329051 -0.003174185 0.002212643 0.002381086 -0.003279805 0.002435207 0.00232625 -0.003273546 0.002393364 0.002345085 -0.003320276 0.002452492 0.002392888 -0.003316938 0.002453148 0.002370059 -0.003308773 0.00245583 0.002348601 -0.003296375 0.00246042 0.002329647 -0.003280341 0.002466678 0.002314269 -0.003261446 0.002474188 0.002303242 -0.003240883 0.002482652 0.002297163 -0.003432571 0.002752423 0.002356529 -0.003426253 0.002749383 0.002329707 -0.003413558 0.002748966 0.002305865 -0.003395974 0.002751052 0.002286255 -0.003374636 0.002755343 0.002272129 -0.003350734 0.002761721 0.002264082 -0.003325998 0.002769529 0.002262413 -0.003302037 0.002778351 0.002267301 -0.003432571 0.002752423 0.002356529 -0.003426253 0.002749383 0.002329707 -0.003413558 0.002748966 0.002305865 -0.003395974 0.002751052 0.002286255 -0.003374636 0.002755343 0.002272129 -0.003350734 0.002761721 0.002264082 -0.003325998 0.002769529 0.002262413 -0.003302037 0.002778351 0.002267301 -0.003518819 0.003051459 0.002284169 -0.003513693 0.003046393 0.002262592 -0.003503799 0.003042876 0.002242386 -0.003489732 0.003041148 0.002224624 -0.003472149 0.003041267 0.00221014 -0.003452003 0.003043234 0.002199769 -0.003430247 0.003046989 0.002194046 -0.003408133 0.003052234 0.002193272 -0.003386795 0.003058791 0.002197444 -0.003367245 0.003066301 0.002206325 -0.003350496 0.003074347 0.002219498 -0.003518819 0.003051459 0.002284169 -0.003513693 0.003046393 0.002262592 -0.003503799 0.003042876 0.002242386 -0.003489732 0.003041148 0.002224624 -0.003472149 0.003041267 0.00221014 -0.003452003 0.003043234 0.002199769 -0.003430247 0.003046989 0.002194046 -0.003408133 0.003052234 0.002193272 -0.003386795 0.003058791 0.002197444 -0.003367245 0.003066301 0.002206325 -0.003350496 0.003074347 0.002219498 -0.003669798 0.003945827 0.00209558 -0.003665208 0.003943145 0.002073347 -0.003655672 0.003941178 0.002052724 -0.003641724 0.003939986 0.002034723 -0.003624081 0.003939747 0.002020239 -0.003603696 0.003940403 0.002010107 -0.003581523 0.003941893 0.002004742 -0.003558874 0.003944158 0.002004563 -0.00353676 0.003947138 0.002009451 -0.003516435 0.003950595 0.002019286 -0.003498971 0.00395441 0.002033412 -0.003669798 0.003945827 0.00209558 -0.003665208 0.003943145 0.002073347 -0.003655672 0.003941178 0.002052724 -0.003641724 0.003939986 0.002034723 -0.003624081 0.003939747 0.002020239 -0.003603696 0.003940403 0.002010107 -0.003581523 0.003941893 0.002004742 -0.003558874 0.003944158 0.002004563 -0.00353676 0.003947138 0.002009451 -0.003516435 0.003950595 0.002019286 -0.003498971 0.00395441 0.002033412 -0.003674268 0.004005253 0.002089381 -0.003669857 0.004003584 0.002067029 -0.00366044 0.004002213 0.002046227 -0.003646552 0.004001319 0.002028048 -0.003628909 0.004000902 0.002013444 -0.003608465 0.004000961 0.002003252 -0.003586232 0.004001557 0.001998007 -0.003563344 0.004002571 0.001997888 -0.003541111 0.004004061 0.002002954 -0.003520607 0.004005849 0.002012908 -0.003502905 0.004007875 0.002027332 -0.003674268 0.004005253 0.002089381 -0.003714561 0.004887461 0.002013683 -0.003710031 0.004885792 0.00199145 -0.003700494 0.004884481 0.001970767 -0.003686547 0.004883587 0.001952767 -0.003668904 0.00488317 0.001938343 -0.003648459 0.004883289 0.001928329 -0.003626286 0.004883825 0.001923143 -0.003603518 0.004884898 0.001923084 -0.003581345 0.004886329 0.00192815 -0.0035609 0.004888057 0.001938164 -0.003543317 0.004890084 0.001952469 -0.003502905 0.004007875 0.002027332 -0.003669857 0.004003584 0.002067029 -0.00366044 0.004002213 0.002046227 -0.003646552 0.004001319 0.002028048 -0.003628909 0.004000902 0.002013444 -0.003608465 0.004000961 0.002003252 -0.003586232 0.004001557 0.001998007 -0.003563344 0.004002571 0.001997888 -0.003541111 0.004004061 0.002002954 -0.003520607 0.004005849 0.002012908 -0.003624498 0.004021227 0.004444241 -0.003668963 0.004887461 0.0044775 -0.003690123 0.004886746 0.004467725 -0.003708541 0.004886388 0.004453301 -0.003723025 0.004886329 0.004435002 -0.003732979 0.004886627 0.004413843 -0.003735542 0.004886865 0.004404544 -0.003737211 0.004887163 0.004395067 -0.003737986 0.004887461 0.004385411 -0.003693521 0.004021286 0.004352033 -0.003689825 0.004020512 0.004376232 -0.003680348 0.004020154 0.004398763 -0.003665626 0.004020154 0.004418373 -0.003646671 0.004020512 0.00443381 -0.003693521 0.004021286 0.004352033 -0.003689825 0.004020512 0.004376232 -0.003680348 0.004020154 0.004398763 -0.003665626 0.004020154 0.004418373 -0.003646671 0.004020512 0.00443381 -0.003624498 0.004021227 0.004444241 -0.003688633 0.003961145 0.004350721 -0.003684878 0.003961086 0.004374861 -0.003675401 0.003961741 0.004397332 -0.003660857 0.003962993 0.004416882 -0.003642022 0.003964841 0.00443232 -0.003620088 0.003967106 0.004442632 -0.003688633 0.003961145 0.004350721 -0.003684878 0.003961086 0.004374861 -0.003675401 0.003961741 0.004397332 -0.003660857 0.003962993 0.004416882 -0.003642022 0.003964841 0.00443232 -0.003620088 0.003967106 0.004442632 -0.003427684 0.002753376 0.004368424 -0.003424584 0.00275582 0.004392564 -0.003416001 0.002760112 0.004415035 -0.003402411 0.002765893 0.004434585 -0.003384768 0.002772927 0.004449963 -0.003363966 0.002780675 0.004460275 -0.003427684 0.002753376 0.004368424 -0.003424584 0.00275582 0.004392564 -0.003416001 0.002760112 0.004415035 -0.003402411 0.002765893 0.004434585 -0.003384768 0.002772927 0.004449963 -0.003363966 0.002780675 0.004460275 -0.003044426 0.001944601 0.004446685 -0.002509415 0.001231193 0.004579842 -0.00165981 4.27339e-4 0.004809498 -5.58525e-4 -2.8812e-4 0.005123734 4.56423e-4 -6.92253e-4 0.005425691 0.001516938 -8.99965e-4 0.005753993 0.001511156 -8.94139e-4 0.005775272 0.001506567 -8.83526e-4 0.005794942 0.001503467 -8.6868e-4 0.005811929 0.001501977 -8.50371e-4 0.005825459 0.001502215 -8.2955e-4 0.005834758 0.001504123 -8.07302e-4 0.005839347 4.12613e-5 -4.6518e-4 0.005384325 -0.001304924 2.5704e-4 0.004988133 -0.002458333 0.001284241 0.004671156 -0.002986073 0.001985251 0.004538834 9.72033e-4 -7.83669e-4 0.005644857 9.73239e-4 -7.92151e-4 0.005636036 2.36973e-4 -5.95614e-4 0.0054183 -2.68266e-4 -3.98797e-4 0.005266249 -9.5205e-4 -3.89935e-5 0.005065381 -0.001494169 3.28981e-4 0.004910469 -0.002088725 8.30407e-4 0.004745841 -0.002496182 0.001249492 0.004637122 -0.002777576 0.001592218 0.004565 -0.003028452 0.00195837 0.004504024 0.001516938 -8.99965e-4 0.005753993 0.001511156 -8.94139e-4 0.005775272 0.001506567 -8.83526e-4 0.005794942 0.001503467 -8.6868e-4 0.005811929 0.001501977 -8.50371e-4 0.005825459 0.001502215 -8.2955e-4 0.005834758 0.001504123 -8.07302e-4 0.005839347 0.001683413 -9.23586e-4 0.005805671 0.001677393 -9.17882e-4 0.005827069 0.001672506 -9.07303e-4 0.005846858 0.001669049 -8.92405e-4 0.005863964 0.001667141 -8.73973e-4 0.005877494 0.001666963 -8.52978e-4 0.005886733 0.001668453 -8.30525e-4 0.005891263 0.001683413 -9.23586e-4 0.005805671 0.001677393 -9.17882e-4 0.005827069 0.001672506 -9.07303e-4 0.005846858 0.001669049 -8.92405e-4 0.005863964 0.001667141 -8.73973e-4 0.005877494 0.001666963 -8.52978e-4 0.005886733 0.001668453 -8.30525e-4 0.005891263 0.002417683 -9.77187e-4 0.006096839 0.003009438 -9.62263e-4 0.006499767 0.003452122 -9.2106e-4 0.006960928 0.003806769 -8.68072e-4 0.007496953 0.004068732 -8.12791e-4 0.008079946 0.004243195 -7.60016e-4 0.008698999 0.004342377 -6.99679e-4 0.009547829 0.004331409 -6.66403e-4 0.01013058 0.00427711 -6.38545e-4 0.01071172 0.004254579 -6.37654e-4 0.01070922 0.004232823 -6.31673e-4 0.0107066 0.004212975 -6.2091e-4 0.01070392 0.004196107 -6.05919e-4 0.01070141 0.004183053 -5.87475e-4 0.01069915 0.00417453 -5.66526e-4 0.0106973 0.004170894 -5.44155e-4 0.01069587 0.004237174 -5.87923e-4 0.009831368 0.004202187 -6.35703e-4 0.00910151 0.003958821 -7.21098e-4 0.008078396 0.003515601 -8.06803e-4 0.007211208 0.00298196 -8.65262e-4 0.006599724 0.00238353 -8.83101e-4 0.006179809 0.002034485 -8.68056e-4 0.006018221 0.004234373 -6.27354e-4 0.01041287 0.004244446 -6.35175e-4 0.01041424 0.004254579 -6.4122e-4 0.01041549 0.004266142 -6.49461e-4 0.009980201 0.004271805 -6.65961e-4 0.009692251 0.0042575 -6.89319e-4 0.009325385 0.004208087 -7.19329e-4 0.008906543 0.004093229 -7.61231e-4 0.008387923 0.003996193 -7.87784e-4 0.008087217 0.003878235 -8.14834e-4 0.007796525 0.003648459 -8.57286e-4 0.007360458 0.003472626 -8.83157e-4 0.007098197 0.003210783 -9.13193e-4 0.00678277 0.002984881 -9.3149e-4 0.006563961 0.00269103 -9.45173e-4 0.00633502 0.002392292 -9.46584e-4 0.006153523 0.00221765 -9.41235e-4 0.006067156 0.001854717 -9.04817e-4 0.005932688 0.001856386 -9.14522e-4 0.00592488 0.004015088 -5.49377e-4 0.01311212 0.003992617 -5.48332e-4 0.01310968 0.00397098 -5.42245e-4 0.01310718 0.003951311 -5.3143e-4 0.01310467 0.003934562 -5.16437e-4 0.01310247 0.003921568 -4.98033e-4 0.0131005 0.003913044 -4.77158e-4 0.01309895 0.003909409 -4.54877e-4 0.01309788 0.004170894 -5.44155e-4 0.01069587 0.00427711 -6.38545e-4 0.01071172 0.004254579 -6.37654e-4 0.01070922 0.004232823 -6.31673e-4 0.0107066 0.004212975 -6.2091e-4 0.01070392 0.004196107 -6.05919e-4 0.01070141 0.004183053 -5.87475e-4 0.01069915 0.00417453 -5.66526e-4 0.0106973 0.004015088 -5.49377e-4 0.01311212 0.003992617 -5.48332e-4 0.01310968 0.00397098 -5.42245e-4 0.01310718 0.003951311 -5.3143e-4 0.01310467 0.003934562 -5.16437e-4 0.01310247 0.003921568 -4.98033e-4 0.0131005 0.003913044 -4.77158e-4 0.01309895 0.003909409 -4.54877e-4 0.01309788 0.003720641 -5.2893e-4 0.01585841 0.00369817 -5.2793e-4 0.01585602 0.003676474 -5.21873e-4 0.01585376 0.003656685 -5.11067e-4 0.01585173 0.003639817 -4.96066e-4 0.01585006 0.003626763 -4.77638e-4 0.01584881 0.003618121 -4.56728e-4 0.0158481 0.003614366 -4.34407e-4 0.01584792 0.003720641 -5.2893e-4 0.01585841 0.00369817 -5.2793e-4 0.01585602 0.003676474 -5.21873e-4 0.01585376 0.003656685 -5.11067e-4 0.01585173 0.003639817 -4.96066e-4 0.01585006 0.003626763 -4.77638e-4 0.01584881 0.003618121 -4.56728e-4 0.0158481 0.003614366 -4.34407e-4 0.01584792 0.003665685 -5.36517e-4 0.01698297 0.003798723 -5.27365e-4 0.01778846 0.004068434 -4.97588e-4 0.01844793 0.00446695 -4.36505e-4 0.01903402 0.004446566 -4.36007e-4 0.01905077 0.004424989 -4.27873e-4 0.01906752 0.004406869 -4.13961e-4 0.01908046 0.004391431 -3.93841e-4 0.01909035 0.004380345 -3.69596e-4 0.01909607 0.004374444 -3.43018e-4 0.01909714 0.003919839 -4.09517e-4 0.01840138 0.003641426 -4.37296e-4 0.01761341 0.0035519 -4.41483e-4 0.01673388 0.004188656 -4.48628e-4 0.01879101 0.004199385 -4.57572e-4 0.01878464 0.004210054 -4.64015e-4 0.01877814 0.003976643 -4.77362e-4 0.01843607 0.003826677 -4.94112e-4 0.01810437 0.003699421 -5.05755e-4 0.01770806 0.003620684 -5.11146e-4 0.01729911 0.003587067 -5.11851e-4 0.01686024 0.003589332 -4.89708e-4 0.01628887 0.003596603 -4.9908e-4 0.01628935 0.003605604 -5.08131e-4 0.01629 0.00446695 -4.36505e-4 0.01903402 0.004446566 -4.36007e-4 0.01905077 0.004424989 -4.27873e-4 0.01906752 0.004406869 -4.13961e-4 0.01908046 0.004391431 -3.93841e-4 0.01909035 0.004380345 -3.69596e-4 0.01909607 0.004374444 -3.43018e-4 0.01909714 0.004875004 -3.63757e-4 0.01945954 0.004857122 -3.63183e-4 0.01947879 0.00483787 -3.55027e-4 0.0194981 0.004821479 -3.41149e-4 0.01951307 0.004807114 -3.21114e-4 0.01952457 0.004796445 -2.96993e-4 0.01953125 0.004790306 -2.70558e-4 0.01953262 0.004875004 -3.63757e-4 0.01945954 0.004857122 -3.63183e-4 0.01947879 0.00483787 -3.55027e-4 0.0194981 0.004821479 -3.41149e-4 0.01951307 0.004807114 -3.21114e-4 0.01952457 0.004796445 -2.96993e-4 0.01953125 0.004790306 -2.70558e-4 0.01953262 0.005549371 -2.17056e-4 0.02000856 0.005535125 -2.17217e-4 0.02002716 0.005520343 -2.12049e-4 0.02004456 0.005505919 -2.01835e-4 0.02005988 0.005492568 -1.87133e-4 0.02007222 0.005481064 -1.68748e-4 0.02008098 0.005471944 -1.47688e-4 0.02008563 0.005465865 -1.25105e-4 0.02008593 0.005549371 -2.17056e-4 0.02000856 0.005535125 -2.17217e-4 0.02002716 0.005520343 -2.12049e-4 0.02004456 0.005505919 -2.01835e-4 0.02005988 0.005492568 -1.87133e-4 0.02007222 0.005481064 -1.68748e-4 0.02008098 0.005471944 -1.47688e-4 0.02008563 0.005465865 -1.25105e-4 0.02008593 0.006564438 1.78327e-4 0.02079463 0.007021427 5.11752e-4 0.02115905 0.007316052 8.38905e-4 0.02140134 0.007597863 0.001326858 0.02164435 0.007744669 0.001726925 0.02178037 0.007855057 0.002148568 0.02189123 0.007842361 0.002147197 0.02190917 0.007825911 0.002147316 0.02192431 0.007801055 0.002149701 0.02193808 0.007775664 0.002153992 0.02194416 0.007750272 0.002159953 0.0219435 0.007729113 0.002166152 0.02193766 0.007710099 0.002172946 0.02192711 0.007537901 0.001566469 0.0217576 0.007302224 0.001069664 0.02154749 0.007015705 6.95132e-4 0.02130711 0.006672859 3.98248e-4 0.02102941 0.006089031 7.96993e-5 0.02056878 0.007498741 0.001259088 0.02166491 0.007737576 0.001940071 0.02188915 0.007749915 0.001937985 0.02188515 0.007760822 0.001936495 0.02188003 0.007771909 0.001935482 0.02187323 0.007647633 0.00163263 0.02180129 0.007575333 0.001433849 0.02173388 0.007314145 9.35955e-4 0.02150499 0.007167577 7.41764e-4 0.02138209 0.007019817 5.82134e-4 0.02126055 0.006845355 4.26855e-4 0.02111923 0.006617367 2.62978e-4 0.02093702 0.00632131 9.7516e-5 0.02070361 0.005802214 -8.50148e-5 0.0203222 0.005808889 -9.43053e-5 0.02031749 0.005816698 -1.03224e-4 0.02031117 0.007855057 0.002148568 0.02189123 0.007842361 0.002147197 0.02190917 0.007825911 0.002147316 0.02192431 0.007801055 0.002149701 0.02193808 0.007775664 0.002153992 0.02194416 0.007750272 0.002159953 0.0219435 0.007729113 0.002166152 0.02193766 0.007710099 0.002172946 0.02192711 0.008081793 0.003784418 0.02217328 0.00806725 0.003783166 0.02219229 0.008048593 0.003782629 0.02220737 0.008026897 0.003782808 0.02221763 0.008003354 0.003783762 0.02222245 0.007979452 0.003785312 0.02222156 0.007956445 0.003787457 0.022215 0.007935762 0.00379002 0.02220314 0.008081793 0.003784418 0.02217328 0.00806725 0.003783166 0.02219229 0.008048593 0.003782629 0.02220737 0.008026897 0.003782808 0.02221763 0.008003354 0.003783762 0.02222245 0.007979452 0.003785312 0.02222156 0.007956445 0.003787457 0.022215 0.007935762 0.00379002 0.02220314 0.008083999 0.003840565 0.02217853 0.008069455 0.003839313 0.0221976 0.008050739 0.003838479 0.02221262 0.008029043 0.003838002 0.02222281 0.008005499 0.003838002 0.02222758 0.007981479 0.003838479 0.02222657 0.007958471 0.003839313 0.02221989 0.007937669 0.003840565 0.02220791 0.008083999 0.003840565 0.02217853 0.008100271 0.004887461 0.02225947 0.008085727 0.004886209 0.02227854 0.008067071 0.004885375 0.02229356 0.008045315 0.004884898 0.02230376 0.008021771 0.004884898 0.02230852 0.00799781 0.004885375 0.02230751 0.007974743 0.004886209 0.02230083 0.007953941 0.004887461 0.02228885 0.007937669 0.003840565 0.02220791 0.008069455 0.003839313 0.0221976 0.008050739 0.003838479 0.02221262 0.008029043 0.003838002 0.02222281 0.008005499 0.003838002 0.02222758 0.007981479 0.003838479 0.02222657 0.007958471 0.003839313 0.02221989 -0.003254413 0.004895329 0.00198841 -0.003254413 0.0048936 0.00198841 -0.003254413 0.004891812 0.00198841 -0.003254413 0.004890084 0.00198841 -0.003424704 0.004890084 0.002074778 -0.003402471 0.004887878 0.002092123 -0.003385424 0.004886567 0.00209999 -0.003358006 0.004885077 0.002105474 -0.003331243 0.004884183 0.002103388 -0.003307282 0.004883885 0.002094864 -0.003283917 0.004884302 0.002078354 -0.003267347 0.004885196 0.002057671 -0.003256916 0.004886686 0.00203377 -0.003253102 0.004888296 0.002011239 -0.003424704 0.004892706 0.002074718 -0.003424704 0.004891812 0.002074718 -0.003424704 0.004890978 0.002074718 -0.003424704 0.004895329 0.002074778 -0.003424704 0.004894435 0.002074718 -0.003424704 0.0048936 0.002074718 -0.003253519 0.004897534 0.002016663 -0.003257334 0.004898846 0.00203514 -0.003269076 0.004900336 0.002060413 -0.0032866 0.00490123 0.002080798 -0.00330764 0.004901528 0.002095043 -0.00333476 0.00490117 0.002104103 -0.003361225 0.004900217 0.002105236 -0.003386735 0.004898726 0.002099514 -0.00340712 0.004897117 0.002089262 -0.003543317 0.004895329 0.001952469 -0.003543317 0.004894435 0.001952469 -0.003543317 0.0048936 0.001952469 -0.003543317 0.004892706 0.001952469 -0.003543317 0.004891812 0.001952469 -0.003543317 0.004890978 0.001952469 -0.003543317 0.004890084 0.001952469 -0.003714561 0.004887461 0.002013683 -0.003710031 0.004885792 0.00199145 -0.003700494 0.004884481 0.001970767 -0.003686547 0.004883587 0.001952767 -0.003668904 0.00488317 0.001938343 -0.003648459 0.004883289 0.001928329 -0.003626286 0.004883825 0.001923143 -0.003603518 0.004884898 0.001923084 -0.003581345 0.004886329 0.00192815 -0.0035609 0.004888057 0.001938164 -0.003714561 0.004897952 0.002013683 -0.00371468 0.004894435 0.002013683 -0.00371468 0.004890978 0.002013683 -0.003646314 0.004902243 0.001927554 -0.003667235 0.004902243 0.001937329 -0.003685534 0.004901885 0.001951694 -0.003700017 0.004900991 0.001969933 -0.003709852 0.004899621 0.001990973 -0.003646492 0.004892706 0.001927137 -0.003646492 0.004892706 0.001927137 -0.003646314 0.004902243 0.001927554 -0.003560483 0.004897296 0.001938402 -0.003580391 0.004899024 0.001928508 -0.003602027 0.004900455 0.001923263 -0.00362432 0.004901528 0.001922905 -0.003672361 0.004895091 0.00194019 -0.003671646 0.004885613 0.001939952 -0.003693401 0.004888176 0.001960098 -0.003617882 0.004895091 0.00192213 -0.003714561 0.004897952 0.002013683 -0.00371468 0.004894435 0.002013683 -0.00371468 0.004890978 0.002013683 -0.003714561 0.004887461 0.002013683 -0.003753423 0.004887461 0.003113806 -0.003753423 0.004897952 0.003113806 -0.003753542 0.004894435 0.003113806 -0.003753542 0.004890978 0.003113806 -0.003753423 0.004897952 0.003113806 -0.003753542 0.004894435 0.003113806 -0.003753542 0.004890978 0.003113806 -0.003753423 0.004887461 0.003113806 -0.003737986 0.004887461 0.004385411 -0.003737986 0.004897952 0.004385411 -0.003738105 0.004894435 0.004385411 -0.003738105 0.004890978 0.004385411 -0.003733098 0.004892706 0.004413902 -0.003733098 0.00489068 0.004413902 -0.003733038 0.004888653 0.004413902 -0.003732979 0.004886627 0.004413843 -0.003733098 0.004894733 0.004413902 -0.003733038 0.004896759 0.004413902 -0.003732979 0.004898786 0.004413843 -0.003737986 0.004897952 0.004385411 -0.003737211 0.00489825 0.004395067 -0.003735542 0.004898548 0.004404544 -0.003738105 0.004894435 0.004385411 -0.003738105 0.004890978 0.004385411 -0.003737986 0.004887461 0.004385411 -0.003735542 0.004886865 0.004404544 -0.003737211 0.004887163 0.004395067 0.007915079 0.004897952 0.02225959 0.007915139 0.004887461 0.02225965 0.007953941 0.004887461 0.02228885 0.007953941 0.004897952 0.02228885 0.007953882 0.004894435 0.02228897 0.007953882 0.004890978 0.02228897 0.007953941 0.004897952 0.02228885 0.007953882 0.004894435 0.02228897 0.007953882 0.004890978 0.02228897 0.007953941 0.004887461 0.02228885 0.008100271 0.004887461 0.02225947 0.008085727 0.004886209 0.02227854 0.008067071 0.004885375 0.02229356 0.008045315 0.004884898 0.02230376 0.008021771 0.004884898 0.02230852 0.00799781 0.004885375 0.02230751 0.007974743 0.004886209 0.02230083 0.008100271 0.004897952 0.02225947 0.00810039 0.004894435 0.02225953 0.00810039 0.004890978 0.02225953 0.008045315 0.004900634 0.02230376 0.008067011 0.004900038 0.02229362 0.008085727 0.004899203 0.02227854 0.008045434 0.004892706 0.02230405 0.008045434 0.004892706 0.02230405 0.008045315 0.004900634 0.02230376 0.007974743 0.004899203 0.02230083 0.007997751 0.004900038 0.02230751 0.008021712 0.004900515 0.02230852 0.008013844 0.004890084 0.02230906 0.008073747 0.004890084 0.02228927 0.008100271 0.004897952 0.02225947 0.00810039 0.004894435 0.02225953 0.00810039 0.004890978 0.02225953 0.008100271 0.004887461 0.02225947 0.009171426 0.004887461 0.01896995 0.008783459 0.004887461 0.02066367 0.008467733 0.004887461 0.02153903 0.009171426 0.004897952 0.01896995 0.009171545 0.004894435 0.01896995 0.009171545 0.004890978 0.01896995 0.008598148 0.004897952 0.02121299 0.008938252 0.004897952 0.02010536 0.009171426 0.004897952 0.01896995 0.009171545 0.004894435 0.01896995 0.009171545 0.004890978 0.01896995 0.009171426 0.004887461 0.01896995 0.01007628 0.004887461 0.0111373 0.01007628 0.004897952 0.0111373 0.0100764 0.004894435 0.0111373 0.0100764 0.004890978 0.0111373 0.01007628 0.004897952 0.0111373 0.0100764 0.004894435 0.0111373 0.0100764 0.004890978 0.0111373 0.01007628 0.004887461 0.0111373 0.01076126 0.004887461 0.003334403 0.01076126 0.004897952 0.003334403 0.01076138 0.004894435 0.003334403 0.01076138 0.004890978 0.003334403 0.01075655 0.004888057 0.003295242 0.01075661 0.004889607 0.003295242 0.01075661 0.004891157 0.003295242 0.01075667 0.004892706 0.003295183 0.01072484 0.004890084 0.003249108 0.01073825 0.004889309 0.0032624 0.01074898 0.004888594 0.003277957 0.01072484 0.004895329 0.003249108 0.0107249 0.0048936 0.003249108 0.0107249 0.004891812 0.003249108 0.01075655 0.004897356 0.003295242 0.01074898 0.004896819 0.003277957 0.01073825 0.004896163 0.0032624 0.01075661 0.004895806 0.003295242 0.01075661 0.004894256 0.003295242 0.01074403 0.004892706 0.003269851 0.01072484 0.004895329 0.003249108 0.0107249 0.0048936 0.003249108 0.0107249 0.004891812 0.003249108 0.01072484 0.004890084 0.003249108 0.009194016 0.004890084 0.00187391 0.009194016 0.004895329 0.00187391 0.009194016 0.0048936 0.00187385 0.009194016 0.004891812 0.00187385 0.00786072 0.003343403 0.02211731 0.007557034 0.002215147 0.02212905 0.007915139 0.004887461 0.02225965 0.007915079 0.004897952 0.02225959 0.007854461 0.006367087 0.02211755 0.007557034 0.007462441 0.02212905 0.006853938 0.007386922 0.02375459 0.006489038 0.007322907 0.02522194 0.00682938 0.005666851 0.02511429 0.00682938 0.004010736 0.02511429 0.006489038 0.002354681 0.02522194 0.006786584 0.002300024 0.02395856 0.007176697 0.002252042 0.02292245 0.007557034 0.007462441 0.02212905 0.007854461 0.006367087 0.02211755 0.007673084 0.007472217 0.0219084 0.007557034 0.002215147 0.02212905 0.007675707 0.002205193 0.02190327 0.00786072 0.003343403 0.02211731 0.004294157 -3.0391e-4 0.01932483 0.004377245 -2.92378e-4 0.01910454 0.003139317 -4.32463e-4 0.02205252 0.005184471 7.30949e-6 0.02212041 0.006052494 3.95108e-4 0.02213782 0.00658828 7.62887e-4 0.02214318 0.007087111 0.001289069 0.02214163 0.007353186 0.001727998 0.02213621 0.007557034 0.002215147 0.02212905 0.007675707 0.002205193 0.02190327 0.007503867 0.001606881 0.02173465 0.007238805 0.001066446 0.02149951 0.006873488 6.31129e-4 0.02119576 0.006437361 3.09199e-4 0.02084618 0.005962014 8.29413e-5 0.0204733 0.005464255 -7.51684e-5 0.02008807 0.004841148 -2.11506e-4 0.01958233 0.004473507 -2.45199e-4 0.02148967 0.007557034 0.007462441 0.02212905 0.007231295 0.008172035 0.02213925 0.006799757 0.008722484 0.02214354 0.006272614 0.009147763 0.02214068 0.005620419 0.00949943 0.02213025 0.00443834 0.009883701 0.02209955 0.003139317 0.01011008 0.02205252 0.004294157 0.009981513 0.01932483 0.004374623 0.009970366 0.01911026 0.004891216 0.009879648 0.01963424 0.005460917 0.009753525 0.02009254 0.006434738 0.009368956 0.02085125 0.006870567 0.00904721 0.02120065 0.007230997 0.008619487 0.02150017 0.00750029 0.008073568 0.02173882 0.007595479 0.00777769 0.02182996 0.007673084 0.007472217 0.0219084 0.003907442 -3.94741e-4 0.01308667 0.003611445 -3.78276e-4 0.01584756 0.003555178 -3.87739e-4 0.01699119 0.003690958 -3.80451e-4 0.01781946 0.003965556 -3.52616e-4 0.01849555 0.004377245 -2.92378e-4 0.01910454 0.004294157 -3.0391e-4 0.01932483 0.002044737 -4.75642e-4 0.01911145 0.002172887 -3.75795e-4 0.01622295 0.002048492 -3.3512e-4 0.01364493 0.002831041 -4.13793e-4 0.01336729 -9.9577e-4 0.002781927 0.01549363 -0.001860618 0.002789437 0.01324796 -0.002781152 0.002790927 0.009052217 -0.003127157 0.002785742 0.006655335 -0.003302931 0.002782404 0.004480123 -6.68094e-4 0.001909494 0.01519602 -1.35481e-4 0.001105666 0.01480007 5.96806e-4 3.86679e-4 0.01434797 0.001323461 -7.75242e-5 0.01396822 0.002048492 -3.3512e-4 0.01364493 0.001474022 -7.24495e-4 0.005834102 0.00166887 -4.49524e-4 0.009619474 4.0859e-5 -3.88501e-4 0.005388438 -0.001279115 3.16514e-4 0.004999756 -0.002411663 0.001318752 0.004688143 -0.002930939 0.002003788 0.004557728 -0.001649677 7.67568e-4 0.006373822 -0.002435505 0.001472532 0.005812466 -6.53639e-4 2.68081e-4 0.008057594 -0.001796245 9.95579e-4 0.00710088 -0.0023247 0.001507282 0.006925225 -0.002651453 0.001909136 0.006852805 -5.83485e-4 7.10341e-4 0.01146388 -8.91104e-4 6.23526e-4 0.009503483 -0.00143212 0.001298248 0.01082247 5.90682e-4 1.42623e-4 0.01237744 5.82039e-4 2.25656e-4 0.01306694 -4.6894e-4 8.41767e-4 0.01269841 -0.00110501 0.001863837 0.01408809 3.66718e-4 -3.57532e-4 0.006855726 4.00022e-4 -8.18027e-5 0.009551286 -0.002437591 0.001859486 0.008071422 -0.001965522 0.001405835 0.008602082 5.14925e-4 -2.70358e-5 0.01049733 -0.002009987 0.001607835 0.009367704 -0.001437306 0.001550316 0.01190644 -0.001129865 0.001377761 0.01252436 -0.001424193 0.001675128 0.01242053 -0.001324653 0.001738548 0.01302081 -0.003602206 0.004897952 0.004499137 -0.003602266 0.004887461 0.004499137 -0.003532648 0.005908608 0.004465997 -0.003302633 0.006895184 0.004486143 -9.9577e-4 0.006895661 0.01549363 -0.001860558 0.006888151 0.01324808 -0.002780556 0.006886661 0.009055614 -0.003126621 0.006891846 0.006660103 -0.001183271 0.00570172 0.01568382 -0.001208722 0.004404246 0.01570963 -0.001140117 0.00355941 0.01564002 -9.9577e-4 0.002781927 0.01549363 -0.001860618 0.002789437 0.01324796 -0.002781152 0.002790927 0.009052217 -0.003127157 0.002785742 0.006655335 -0.003302931 0.002782404 0.004480123 -0.00348407 0.003469884 0.004459321 -0.003577411 0.004176139 0.004467964 -0.003490686 0.004855096 0.00610131 -0.003400921 0.004838824 0.006943702 -0.003143608 0.005578577 0.008555889 -0.003235042 0.004838824 0.008182764 -0.00326693 0.004104077 0.007725834 -0.003031373 0.004838824 0.009430229 -0.002699375 0.004083335 0.01095765 -0.002558112 0.004838824 0.01175266 -0.002052426 0.004838824 0.01366513 -0.002368509 0.00559926 0.01239323 -0.001549065 0.00633645 0.01468336 -0.001606225 0.005721449 0.0148006 -0.001769185 0.004687666 0.01450574 -0.00157231 0.003539979 0.0147286 -0.002747476 0.005947947 0.01051253 0.004294157 0.009981513 0.01932483 0.004374623 0.009970366 0.01911026 0.003916025 0.01003611 0.01841229 0.003634512 0.01006227 0.01762098 0.003543376 0.01006472 0.01673722 0.003605842 0.01005625 0.01584696 0.00390166 0.0100727 0.01308798 0.002828657 0.01009136 0.01336807 0.002048492 0.01001274 0.01364493 0.002171099 0.01006472 0.01660895 0.002044737 0.01015329 0.01911145 0.002048492 0.01001274 0.01364493 0.001669108 0.010127 0.009622573 0.001474142 0.01040154 0.005840122 0.00131148 0.009749233 0.01397401 5.74574e-4 0.00927329 0.01436054 -6.69211e-5 0.008653283 0.01475405 -5.60671e-4 0.007964074 0.01510953 -8.15079e-4 0.007448494 0.01532208 -9.9577e-4 0.006895661 0.01549363 -0.001860558 0.006888151 0.01324808 -0.002780556 0.006886661 0.009055614 -0.003126621 0.006891846 0.006660103 -0.003302633 0.006895184 0.004486143 -0.002935349 0.00766611 0.004562616 -0.002423226 0.008345305 0.004691064 -0.001608967 0.00911349 0.004912495 -5.59658e-4 0.009797453 0.005214691 4.26397e-4 0.01019412 0.005512237 -0.001314163 0.009165704 0.006475269 -0.00192207 0.008676826 0.006295502 -0.002563655 0.008055925 0.005769133 -0.00163418 0.008817553 0.007158875 -5.33849e-4 0.009477078 0.008084535 -0.002040088 0.008459568 0.007024943 -0.002452313 0.008025169 0.006887555 -0.00272417 0.007666587 0.006825327 -5.83202e-4 0.00896722 0.01146548 -0.001431763 0.00837928 0.01082462 -8.90642e-4 0.009053945 0.009506702 6.40124e-4 0.00956279 0.01234811 6.05673e-4 0.009466528 0.01305359 -4.39838e-4 0.008861541 0.01267737 -0.001079499 0.007859408 0.01406234 4.00379e-4 0.009759247 0.009554386 -0.002374231 0.007894396 0.008105278 -0.001917123 0.008318901 0.008621215 5.15223e-4 0.00970453 0.01049971 -0.002009391 0.008069694 0.009371042 -0.001437008 0.008127272 0.01190775 -0.001121699 0.008309662 0.01251804 -0.001424014 0.00800246 0.01242136 -0.001314759 0.007954537 0.01301133 0.004167556 -4.79602e-4 0.01069551 0.004233658 -5.21124e-4 0.009831845 0.004198729 -5.66264e-4 0.009103 0.003955543 -6.47175e-4 0.008080601 0.003512561 -7.28473e-4 0.007214009 0.002979397 -7.83924e-4 0.006603121 0.002381503 -8.01188e-4 0.006183564 0.002032876 -7.87336e-4 0.006022155 0.001667141 -7.51643e-4 0.005895197 0.001474022 -7.24495e-4 0.005834102 0.00166887 -4.49524e-4 0.009619474 0.002048492 -3.3512e-4 0.01364493 0.002831041 -4.13793e-4 0.01336729 0.003907442 -3.94741e-4 0.01308667 0.002868831 -4.55206e-4 0.01214593 0.001665413 0.01042848 0.005900621 0.002386152 0.01047831 0.006192505 0.002963066 0.01046204 0.006596207 0.0033921 0.01042133 0.007057428 0.003731966 0.01037025 0.007589876 0.003980517 0.0103175 0.008167982 0.004142582 0.01026773 0.00877887 0.004229068 0.01020467 0.009733378 0.004161953 0.01015764 0.01069492 0.00390166 0.0100727 0.01308798 0.002828657 0.01009136 0.01336807 0.002048492 0.01001274 0.01364493 0.001669108 0.010127 0.009622573 0.001474142 0.01040154 0.005840122 0.002866506 0.01013278 0.01214581 -2.99439e-4 0.006895363 0.01886683 4.01586e-4 0.00858277 0.01893818 0.001016795 0.009503066 0.01900273 0.001450061 0.009897232 0.01904803 0.001766204 0.01007771 0.01908135 0.001912772 0.01012915 0.01909703 0.002044737 0.01015329 0.01911145 -9.9577e-4 0.006895661 0.01549363 -4.40299e-4 0.006895303 0.01667863 -2.58818e-4 0.006895303 0.01750129 -2.27123e-4 0.006895303 0.01817679 0.002048492 0.01001274 0.01364493 0.00131148 0.009749233 0.01397401 5.74574e-4 0.00927329 0.01436054 -6.69211e-5 0.008653283 0.01475405 -5.60671e-4 0.007964074 0.01510953 -8.15079e-4 0.007448494 0.01532208 0.002171099 0.01006472 0.01660895 0.001814365 0.009930074 0.01494371 0.001462459 0.009774088 0.01505869 0.001109898 0.009555459 0.01518416 3.41028e-4 0.008754789 0.01581954 0.001835286 0.01003003 0.01818859 0.00161904 0.009914755 0.01815778 5.1102e-4 0.008822262 0.01660698 0.001255035 0.009641289 0.01811033 5.4124e-4 0.008750021 0.01753568 0.001319706 0.009664535 0.01657593 0.003139317 0.01011008 0.02205252 0.002399563 0.01019561 0.02197724 0.001936376 0.01022332 0.02184468 0.001463353 0.0102232 0.02161669 0.002044737 0.01015329 0.01911145 0.004294157 0.009981513 0.01932483 -9.9577e-4 0.002781927 0.01549363 -4.40299e-4 0.002782225 0.01667863 -2.58833e-4 0.002782285 0.01750129 -2.27138e-4 0.002782285 0.01817679 -2.99439e-4 0.002782225 0.01886683 -9.9577e-4 0.006895661 0.01549363 -0.001183271 0.00570172 0.01568382 -0.001208722 0.004404246 0.01570963 -0.001140117 0.00355941 0.01564002 -4.40299e-4 0.006895303 0.01667863 -2.58818e-4 0.006895303 0.01750129 -2.27123e-4 0.006895303 0.01817679 -2.99439e-4 0.006895363 0.01886683 -0.001124799 0.006895661 0.02092391 -6.45041e-4 0.006895482 0.0199908 -0.001124799 0.002781927 0.02092385 -0.001399695 0.003975868 0.02093732 -0.001437008 0.005273342 0.02093917 -0.001336395 0.006118118 0.02093422 -5.03808e-4 0.002782106 0.0196318 -8.0277e-4 0.002782046 0.0203278 -5.35876e-4 0.004117429 0.0185033 -6.38098e-4 0.004838764 0.01895308 -5.84066e-4 0.004838764 0.01862454 -5.16906e-4 0.004117369 0.01784771 -5.53772e-4 0.004838764 0.01829534 -5.63651e-4 0.005560159 0.01872408 -5.47349e-4 0.004838764 0.01796954 -5.64173e-4 0.004838764 0.01765114 -5.12585e-4 0.005560159 0.01806396 -9.9577e-4 0.002781927 0.01549363 -4.40299e-4 0.002782225 0.01667863 -2.58833e-4 0.002782285 0.01750129 -2.27138e-4 0.002782285 0.01817679 -2.99439e-4 0.002782225 0.01886683 0.002044737 -4.75642e-4 0.01911145 0.001859426 -4.35445e-4 0.0190913 0.001650452 -3.44404e-4 0.01906907 0.001430571 -2.05578e-4 0.01904594 0.001136898 4.73186e-5 0.01901525 8.23751e-4 4.1158e-4 0.01898252 9.49353e-5 0.001758754 0.01890599 0.002172887 -3.75795e-4 0.01622295 0.002048492 -3.3512e-4 0.01364493 -6.68094e-4 0.001909494 0.01519602 -1.35481e-4 0.001105666 0.01480007 5.96806e-4 3.86679e-4 0.01434797 0.001323461 -7.75242e-5 0.01396822 0.001808822 -2.50894e-4 0.01479399 0.001459598 -9.87695e-5 0.01491487 0.001050353 1.55612e-4 0.01506984 3.03686e-4 9.50811e-4 0.01574844 0.001830577 -3.42436e-4 0.01805341 0.001684904 -2.68141e-4 0.0180341 0.001516938 -1.63373e-4 0.01801335 4.94361e-4 8.55787e-4 0.01646846 6.76095e-4 7.12415e-4 0.01745438 0.001655161 -1.87492e-4 0.01552778 0.00130707 2.08425e-5 0.01632565 0.002044737 -4.75642e-4 0.01911145 0.001463353 -5.45552e-4 0.02161669 0.002028942 -5.42161e-4 0.02187788 0.002585351 -5.00507e-4 0.02200895 0.003139317 -4.32463e-4 0.02205252 0.004294157 -3.0391e-4 0.01932483 0.003009855 -4.67619e-4 0.02100098 0.002133429 -5.397e-4 0.02151888 -0.001124799 0.006895661 0.02092391 -5.65186e-4 0.008133113 0.02097797 2.70247e-4 0.00939089 0.0211609 7.09325e-4 0.009845197 0.02128785 0.001020848 0.01007974 0.02139699 0.001225054 0.01018017 0.02148574 0.001356422 0.0102142 0.02155441 0.001463353 0.0102232 0.02161669 -6.45041e-4 0.006895482 0.0199908 -2.99439e-4 0.006895363 0.01886683 4.01586e-4 0.00858277 0.01893818 0.001016795 0.009503066 0.01900273 0.001450061 0.009897232 0.01904803 0.001766204 0.01007771 0.01908135 0.001912772 0.01012915 0.01909703 0.002044737 0.01015329 0.01911145 -7.04795e-4 0.007396042 0.02053683 0.003139317 0.01011008 0.02205252 0.002542734 0.01012468 0.02354961 0.00219506 0.01012301 0.02513045 0.002098679 0.01009631 0.0264452 0.002399563 0.01019561 0.02197724 0.001936376 0.01022332 0.02184468 0.001463353 0.0102232 0.02161669 5.51343e-6 0.01021468 0.02701544 5.53176e-4 0.01024901 0.02427792 -0.003108501 0.00274235 0.02786386 -0.002637565 0.002764761 0.02474713 -0.002020895 0.002777934 0.02280944 -0.001124799 0.002781927 0.02092385 -0.002895236 0.002781927 0.03183996 -0.003119409 0.002747654 0.02990353 -0.002895236 0.006895661 0.03183996 -0.003132104 0.00570172 0.03198283 -0.003164231 0.004404246 0.03200221 -0.003077566 0.00355941 0.03194993 -0.003108501 0.006935238 0.02786386 -0.003119468 0.006929934 0.02990275 -0.001124799 0.006895661 0.02092391 -0.002165675 0.006901562 0.02319163 -0.002811968 0.006919622 0.02553594 -0.001399695 0.003975868 0.02093732 -0.001437008 0.005273342 0.02093917 -0.001336395 0.006118118 0.02093422 -0.001884043 0.003975152 0.02188664 -0.002131283 0.00498414 0.02233529 -0.00258243 0.004114627 0.02361679 -0.00241357 0.004838824 0.02303951 -0.002734363 0.004838824 0.02401381 -0.003029227 0.004838824 0.02520257 -0.003166258 0.004109323 0.02612489 -0.00284636 0.005564868 0.02453374 -0.003281772 0.004838764 0.02679353 -0.003377914 0.004838764 0.02795517 -0.003294467 0.005570054 0.02717661 -0.003376781 0.004107177 0.02936941 -0.003406584 0.004838764 0.02904009 -0.003376722 0.005571007 0.0286768 -0.003382563 0.004838824 0.0300247 -0.003193676 0.003550887 0.03114253 -0.003323733 0.004692435 0.03083926 -0.003246724 0.005707204 0.03117066 -2.99439e-4 0.002782225 0.01886683 -5.03808e-4 0.002782106 0.0196318 -8.0277e-4 0.002782046 0.0203278 -0.001124799 0.002781927 0.02092385 0.001463353 -5.45552e-4 0.02161669 0.001287281 -5.2201e-4 0.02151697 0.001103341 -4.48788e-4 0.02143067 9.07108e-4 -3.26251e-4 0.02135437 6.22094e-4 -8.80421e-5 0.02126067 1.83567e-4 3.92204e-4 0.02113831 -4.10855e-4 0.00126785 0.02100527 -8.68097e-4 0.002160727 0.0209366 0.002044737 -4.75642e-4 0.01911145 0.001859426 -4.35445e-4 0.0190913 0.001650452 -3.44404e-4 0.01906907 0.001430571 -2.05578e-4 0.01904594 0.001136898 4.73186e-5 0.01901525 8.23751e-4 4.1158e-4 0.01898252 9.49353e-5 0.001758754 0.01890599 2.40386e-4 7.93106e-4 0.02026671 5.51343e-6 -5.37059e-4 0.02701544 0.002098679 -4.18655e-4 0.0264452 0.001463353 -5.45552e-4 0.02161669 5.53176e-4 -5.71392e-4 0.02427792 0.002028942 -5.42161e-4 0.02187788 0.002585351 -5.00507e-4 0.02200895 0.003139317 -4.32463e-4 0.02205252 0.002276718 -4.4846e-4 0.02461552 0.002629935 -4.45552e-4 0.02328485 5.51343e-6 0.01021468 0.02701544 5.53176e-4 0.01024901 0.02427792 0.001463353 0.0102232 0.02161669 -0.001124799 0.006895661 0.02092391 -5.65186e-4 0.008133113 0.02097797 2.70247e-4 0.00939089 0.0211609 7.09325e-4 0.009845197 0.02128785 0.001020848 0.01007974 0.02139699 0.001225054 0.01018017 0.02148574 0.001356422 0.0102142 0.02155441 -0.002165675 0.006901562 0.02319163 -0.002811968 0.006919622 0.02553594 -0.003108501 0.006935238 0.02786386 -8.22291e-4 0.01010924 0.02724206 -0.001217901 0.009961783 0.02735072 -0.001654922 0.009679496 0.02747064 -0.002008259 0.009320735 0.02756738 -0.002402603 0.008722782 0.02767467 -0.002764284 0.00792855 0.02777212 -8.39397e-4 0.01009029 0.02622914 -0.00114113 0.009953439 0.02629691 -6.10352e-4 0.01013672 0.02568817 -8.29443e-4 0.01005315 0.02572423 -0.00182873 0.009156465 0.02575415 -0.002637326 0.007930278 0.02663809 -0.0027588 0.0076164 0.02666336 -0.001634657 0.009041965 0.02483266 -0.002877831 0.007286787 0.02668833 3.36498e-4 0.0100497 0.02274596 -0.001970469 0.008187711 0.02431112 -0.001264274 0.00900489 0.02373099 4.50641e-4 0.009988307 0.02226495 -7.85053e-4 0.009134948 0.02283823 -0.001194238 0.007996916 0.022062 -0.001485884 0.007402837 0.02204692 -6.66961e-4 0.01000368 0.02487057 -5.63562e-4 0.009971678 0.02444881 -3.77566e-4 0.009958326 0.02394515 -8.22827e-4 0.00971502 0.02422636 -1.41397e-4 0.009990096 0.02353256 3.27855e-4 0.00908488 0.03483164 0.002279818 0.00897032 0.03429985 -1.52901e-4 0.00991249 0.03099191 1.66595e-5 0.009569466 0.0329771 5.51343e-6 0.01021468 0.02701544 -1.60396e-4 0.01010942 0.02905207 0.002098679 0.01009631 0.0264452 0.00202161 0.00956434 0.03173553 0.002013444 0.00992763 0.0291031 0.002098679 0.01009631 0.0264452 0.003772437 0.009695172 0.02598839 0.005137085 0.00900042 0.02561205 0.005901873 0.008347809 0.02539664 0.006283521 0.007817864 0.0252853 0.006401598 0.00756669 0.02524936 0.006489038 0.007322907 0.02522194 0.003139317 0.01011008 0.02205252 0.002542734 0.01012468 0.02354961 0.00219506 0.01012301 0.02513045 0.007557034 0.007462441 0.02212905 0.007231295 0.008172035 0.02213925 0.006799757 0.008722484 0.02214354 0.006272614 0.009147763 0.02214068 0.005620419 0.00949943 0.02213025 0.00443834 0.009883701 0.02209955 0.006853938 0.007386922 0.02375459 0.006171882 0.008540213 0.02385592 0.005927979 0.008766293 0.02388894 0.005507826 0.009076237 0.02394449 0.005171954 0.00927627 0.02398818 0.004495918 0.009592652 0.02407503 0.003927052 0.009864926 0.02343386 -0.002895236 0.002781927 0.03183996 -0.002209663 0.001084506 0.03154301 -0.001728177 4.01081e-4 0.03138554 -0.001432478 1.36403e-4 0.03129923 -0.001035153 -8.53585e-5 0.03119242 -5.95555e-4 -2.0226e-4 0.03108543 -1.52901e-4 -2.34844e-4 0.03099191 -0.003119409 0.002747654 0.02990353 -0.003108501 0.00274235 0.02786386 5.51343e-6 -5.37059e-4 0.02701544 -8.22276e-4 -4.31591e-4 0.02724206 -0.001217901 -2.84137e-4 0.02735072 -0.001654922 -1.88407e-6 0.02747064 -0.002008199 3.56887e-4 0.02756738 -0.002402603 9.54793e-4 0.02767467 -0.002764225 0.001749038 0.02777212 -1.60396e-4 -4.31769e-4 0.02905207 -0.001040577 -2.05754e-4 0.03029859 -0.001423001 -1.16314e-4 0.0294727 -9.44436e-4 -3.76056e-4 0.02830958 -0.001162707 -2.98908e-4 0.02838134 -0.001339912 -2.2243e-4 0.02809208 -0.002794921 0.002082347 0.03087025 -0.00292176 0.002066195 0.02881401 -0.002261221 9.22298e-4 0.03070271 -0.002280414 8.44565e-4 0.03021806 -0.00254321 0.001238167 0.02981001 -0.002340793 8.08342e-4 0.02922743 -0.002379715 8.5179e-4 0.02873295 -0.001717507 2.17607e-4 0.03050917 5.51343e-6 -5.37059e-4 0.02701544 -8.22276e-4 -4.31591e-4 0.02724206 -0.001217901 -2.84137e-4 0.02735072 -0.001654922 -1.88407e-6 0.02747064 -0.002008199 3.56887e-4 0.02756738 -0.002402603 9.54793e-4 0.02767467 -0.002764225 0.001749038 0.02777212 -0.003108501 0.00274235 0.02786386 -0.002637565 0.002764761 0.02474713 -0.002020895 0.002777934 0.02280944 -0.001124799 0.002781927 0.02092385 0.001463353 -5.45552e-4 0.02161669 0.001287281 -5.2201e-4 0.02151697 0.001103341 -4.48788e-4 0.02143067 9.07108e-4 -3.26251e-4 0.02135437 6.22094e-4 -8.80421e-5 0.02126067 1.83567e-4 3.92204e-4 0.02113831 -4.10855e-4 0.00126785 0.02100527 -8.68097e-4 0.002160727 0.0209366 5.53176e-4 -5.71392e-4 0.02427792 -8.39397e-4 -4.12665e-4 0.02622914 -0.00114113 -2.75844e-4 0.02629691 -6.10337e-4 -4.59075e-4 0.02568817 -8.29428e-4 -3.75507e-4 0.02572423 -0.00176537 5.27963e-4 0.02550566 -0.002573847 0.001749932 0.02625334 -0.002698361 0.002062559 0.02627623 -0.001518428 6.47984e-4 0.02446287 -0.002820372 0.002391338 0.02629899 2.87727e-4 -3.45373e-4 0.02274 3.87162e-4 -2.69036e-4 0.02225428 -0.001848638 0.001496911 0.02393108 -0.001196384 6.78729e-4 0.02354973 -7.64966e-4 5.84057e-4 0.02271884 -0.001139283 0.001741826 0.02187561 -0.001344978 0.002158641 0.02186226 -6.29932e-4 -3.23751e-4 0.02475649 -5.03078e-4 -2.89729e-4 0.02427989 -3.4532e-4 -2.78371e-4 0.02386218 -7.58976e-4 -3.16873e-5 0.02405309 -1.36539e-4 -3.00918e-4 0.0234782 -8.05691e-4 0.003189206 0.0363065 -8.07509e-4 0.003139913 0.03629755 -8.03947e-4 0.003238201 0.03631508 -7.7869e-4 0.004703581 0.03643774 -7.84576e-4 0.00564742 0.03640931 -8.07524e-4 0.006537735 0.03629755 -0.00127387 0.006850481 0.03582966 -0.001054108 0.006822466 0.036049 -9.42677e-4 0.006774067 0.03615218 -8.76963e-4 0.006721317 0.03621375 -8.42169e-4 0.006675064 0.03624856 -8.20816e-4 0.006626963 0.036273 -8.10459e-4 0.006579041 0.03628873 -0.001895129 0.006865501 0.0349546 -0.002401888 0.006879329 0.03382074 -0.002743303 0.006889224 0.03264397 -0.002895236 0.006895661 0.03183996 -0.003132104 0.00570172 0.03198283 -0.003164231 0.004404246 0.03200221 -0.003077566 0.00355941 0.03194993 -0.002895236 0.002781927 0.03183996 -0.002515256 0.002794981 0.03348481 -0.001976847 0.002809941 0.03480303 -0.001639485 0.002818524 0.03536909 -0.00127393 0.002827048 0.0358296 -0.001261055 0.002827346 0.03584337 -8.08239e-4 0.003122806 0.03629434 -8.17597e-4 0.003061592 0.03627723 -8.36119e-4 0.003013551 0.03625512 -8.68216e-4 0.002966046 0.03622221 -9.13501e-4 0.002923488 0.03617924 -9.69917e-4 0.002888262 0.03612715 -0.001056373 0.002854526 0.03604692 -0.001165032 0.002833306 0.03594201 -0.001349627 0.005820095 0.03586006 -0.001577854 0.004793465 0.03561586 -0.0021829 0.005550682 0.03467893 -0.001989126 0.004838764 0.03503185 -0.001399278 0.00372678 0.03579378 -0.002310931 0.004838764 0.03448075 -0.002631068 0.004838764 0.03382092 -0.00295484 0.005703091 0.0327968 -0.002437531 0.00412321 0.03418964 -0.00291121 0.004693448 0.03308653 5.51343e-6 0.01021468 0.02701544 -1.60396e-4 0.01010942 0.02905207 -1.52901e-4 0.00991249 0.03099191 -8.22291e-4 0.01010924 0.02724206 -0.001217901 0.009961783 0.02735072 -0.001654922 0.009679496 0.02747064 -0.002008259 0.009320735 0.02756738 -0.002402603 0.008722782 0.02767467 -0.002764284 0.00792855 0.02777212 -0.003108501 0.006935238 0.02786386 -0.003119468 0.006929934 0.02990275 -0.002895236 0.006895661 0.03183996 -7.89344e-4 0.00984174 0.03113108 -0.001194298 0.009689927 0.03123402 -0.001576304 0.009424805 0.03134042 -0.001881539 0.00909692 0.03143304 -0.002238273 0.008540451 0.03155326 -0.002572894 0.007805407 0.03168404 -9.46149e-4 0.00991553 0.03026705 -0.001298785 0.009723663 0.03068804 -0.001140713 0.00984317 0.03033262 -0.001488029 0.009753048 0.02949696 -9.44436e-4 0.01005369 0.02830958 -0.001162707 0.009976506 0.02838134 -0.001339912 0.009900033 0.02809208 -0.002803802 0.007570445 0.0308755 -0.002909183 0.007259607 0.03094696 -0.00292176 0.007611393 0.02881354 -0.002310574 0.008782207 0.03023171 -0.002560615 0.008403182 0.02981817 -0.002363741 0.008831024 0.02923673 -0.002394855 0.00879985 0.02873849 0.002098679 -4.18655e-4 0.0264452 0.002276718 -4.4846e-4 0.02461552 0.002629935 -4.45552e-4 0.02328485 0.003139317 -4.32463e-4 0.02205252 0.006489038 0.002354681 0.02522194 0.00627613 0.001846134 0.02528756 0.005874872 0.001300454 0.02540439 0.005227804 7.40419e-4 0.02558678 0.004346966 2.25008e-4 0.02583062 0.003283977 -1.77877e-4 0.02612197 0.006786584 0.002300024 0.02395856 0.007176697 0.002252042 0.02292245 0.007557034 0.002215147 0.02212905 0.005184471 7.30949e-6 0.02212041 0.006052494 3.95108e-4 0.02213782 0.00658828 7.62887e-4 0.02214318 0.007087111 0.001289069 0.02214163 0.007353186 0.001727998 0.02213621 0.006826996 0.001509308 0.02295678 0.006055653 0.001024127 0.02387177 0.005724728 7.51387e-4 0.02391594 0.005438446 5.57183e-4 0.02395355 0.005010008 3.16232e-4 0.02400904 0.004534661 1.00574e-4 0.02407008 0.003323853 -2.06072e-4 0.02537345 -1.52901e-4 -2.34844e-4 0.03099191 -1.60396e-4 -4.31769e-4 0.02905207 5.51343e-6 -5.37059e-4 0.02701544 3.27855e-4 5.9274e-4 0.03483164 1.66744e-5 1.08176e-4 0.03297716 0.002279818 7.07309e-4 0.03429985 0.002098679 -4.18655e-4 0.0264452 0.001998543 -1.52905e-4 0.02998536 0.002042949 1.9573e-4 0.03216886 0.004848778 0.006517052 0.03396242 0.005000293 0.005398273 0.03392201 0.005000293 0.004279434 0.03392201 0.004848778 0.003160536 0.03396242 0.004827558 0.002695083 0.03360927 0.004810988 0.002704977 0.03368967 0.004802525 0.002728164 0.03375017 0.004798412 0.002769887 0.0338115 0.004799246 0.002828001 0.03386747 0.00480473 0.002897799 0.03391325 0.004814088 0.002973139 0.03394502 0.004826366 0.00304836 0.03396129 0.004837393 0.003105521 0.03396445 0.00482881 0.002694845 0.03360372 0.006489038 0.002354681 0.02522194 0.006489038 0.007322907 0.02522194 0.00682938 0.005666851 0.02511429 0.00682938 0.004010736 0.02511429 0.00482881 0.006982743 0.03360372 0.004804074 0.006956219 0.03373634 0.00481075 0.006972193 0.03369122 0.004819214 0.006980061 0.033647 0.004823029 0.006648063 0.03395861 0.004809319 0.006739318 0.03393238 0.004800438 0.006829559 0.03388249 0.004798173 0.006898105 0.03382235 0.004799902 0.006931602 0.03378003 0.002279818 0.00897032 0.03429985 0.003379464 0.008615374 0.03400039 0.004069328 0.008187651 0.03381299 0.004464089 0.007781684 0.03370547 0.004688143 0.007395505 0.03364366 0.004765272 0.007193386 0.0336219 0.00482881 0.006982743 0.03360372 0.00202161 0.00956434 0.03173553 0.002013444 0.00992763 0.0291031 0.002098679 0.01009631 0.0264452 0.003772437 0.009695172 0.02598839 0.005137085 0.00900042 0.02561205 0.005901873 0.008347809 0.02539664 0.006283521 0.007817864 0.0252853 0.006401598 0.00756669 0.02524936 0.006489038 0.007322907 0.02522194 0.005118548 0.008893072 0.02649652 0.00453335 0.009267508 0.02665817 0.00464946 0.009144008 0.02706581 0.004217982 0.009382426 0.02718418 0.003646254 0.009634196 0.02734053 0.004916846 0.008561313 0.02919173 0.004206001 0.008307456 0.03289985 0.003666758 0.008765161 0.03260636 0.003500342 0.009116291 0.0313338 0.00412023 0.008778691 0.03116685 0.003978371 0.008579611 0.03252249 0.003830492 0.008572399 0.03300106 0.003282725 0.008950769 0.03270995 0.003864884 0.009403586 0.02845239 0.003694832 0.009397983 0.02908444 0.005081772 0.007721662 0.0313422 0.00362271 0.009317636 0.02983629 0.004862964 0.008078515 0.03125822 0.004778921 0.007838904 0.032305 0.004806578 0.007614254 0.03273493 0.004695653 0.007948338 0.03232818 8.49396e-4 0.006520271 0.03695267 0.00134629 0.006517469 0.03697419 0.001941204 0.006516695 0.03691756 0.002807557 0.006517052 0.0367366 3.27855e-4 0.00908488 0.03483164 4.59731e-4 0.008847296 0.03542 5.64113e-4 0.008536159 0.03585231 6.50734e-4 0.00816071 0.03619509 7.42927e-4 0.007609903 0.03654783 8.13991e-4 0.007002592 0.03681617 0.002279818 0.00897032 0.03429985 0.002784729 0.006935596 0.03664278 0.002733051 0.007417201 0.03642612 0.002645492 0.007934868 0.03605192 0.002529442 0.00840491 0.03554075 0.002401113 0.008751511 0.03494065 -0.00127387 0.006850481 0.03582966 -0.001224577 0.007557392 0.03566694 -0.001026928 0.008212745 0.03546369 -8.60482e-4 0.008509159 0.03534144 -6.28561e-4 0.008768439 0.0352025 -3.68923e-4 0.008936405 0.03507542 -9.90927e-5 0.009028673 0.0349667 1.05828e-4 0.009064614 0.03489691 3.27855e-4 0.00908488 0.03483164 -0.001895129 0.006865501 0.0349546 -0.002401888 0.006879329 0.03382074 -0.002743303 0.006889224 0.03264397 -0.002895236 0.006895661 0.03183996 -1.52901e-4 0.00991249 0.03099191 -7.89344e-4 0.00984174 0.03113108 -0.001194298 0.009689927 0.03123402 -0.001576304 0.009424805 0.03134042 -0.001881539 0.00909692 0.03143304 -0.002238273 0.008540451 0.03155326 -0.002572894 0.007805407 0.03168404 1.66595e-5 0.009569466 0.0329771 -0.001203954 0.00957179 0.03186798 -8.21352e-4 0.009667932 0.03212183 -0.001003086 0.009602725 0.03216069 -4.44695e-4 0.009265124 0.03409367 -0.002429366 0.00777471 0.03255039 -0.001731991 0.008639872 0.03349238 -0.002530694 0.007508277 0.03258371 -6.57141e-4 0.009063541 0.0345233 -7.96676e-4 0.009117662 0.03422999 -6.3324e-4 0.009198963 0.03416383 -8.61168e-4 0.008929312 0.03461879 -0.00156182 0.008505165 0.03421384 -0.001809179 0.007500886 0.03482425 -9.87977e-4 0.00944966 0.03286457 -0.001941502 0.008808255 0.03222352 -9.64805e-4 0.009364902 0.0332247 -9.18806e-4 0.009286642 0.03356361 -0.002895236 0.002781927 0.03183996 -0.002515256 0.002794981 0.03348481 -0.001976847 0.002809941 0.03480303 -0.001639485 0.002818524 0.03536909 -0.00127393 0.002827048 0.0358296 3.27855e-4 5.9274e-4 0.03483164 -1.71304e-4 6.67627e-4 0.03499376 -4.48585e-4 7.82605e-4 0.03511178 -6.93053e-4 9.68418e-4 0.03523832 -8.76829e-4 0.00119239 0.0353524 -0.00102514 0.001460909 0.0354622 -0.001167058 0.00186181 0.03559488 -0.001253783 0.002315044 0.03571587 -0.001276254 0.002614676 0.03578382 1.66744e-5 1.08176e-4 0.03297716 -1.52901e-4 -2.34844e-4 0.03099191 -0.002209663 0.001084506 0.03154301 -0.001728177 4.01081e-4 0.03138554 -0.001432478 1.36403e-4 0.03129923 -0.001035153 -8.53585e-5 0.03119242 -5.95555e-4 -2.0226e-4 0.03108543 -9.09656e-4 3.85377e-5 0.03214055 -0.001400351 2.3438e-4 0.03191399 -0.001222014 1.8701e-4 0.0322104 -0.001946985 0.001021564 0.0326671 -4.94078e-4 4.27337e-4 0.03411149 -0.002548992 0.002144098 0.0324428 -0.001766681 0.001019418 0.03333914 -6.94424e-4 6.34974e-4 0.03453999 -6.47873e-4 4.84999e-4 0.03416961 -7.94694e-4 5.58861e-4 0.03422921 -0.001592636 0.001156747 0.03411382 -8.68127e-4 7.5383e-4 0.03462231 -0.001878499 0.00216639 0.03467518 -0.001065731 2.55066e-4 0.0328359 -9.77635e-4 2.98722e-4 0.03315335 -9.2797e-4 3.80616e-4 0.03351604 -8.05691e-4 0.003189206 0.0363065 -8.07509e-4 0.003139913 0.03629755 -8.03947e-4 0.003238201 0.03631508 -7.7869e-4 0.004703581 0.03643774 -7.84576e-4 0.00564742 0.03640931 -8.07524e-4 0.006537735 0.03629755 8.49396e-4 0.006520271 0.03695267 1.8242e-4 0.006526708 0.03681725 -3.00646e-4 0.006531834 0.03661769 8.49396e-4 0.003157317 0.03695267 8.88273e-4 0.004259407 0.03710103 8.88273e-4 0.005418181 0.03710103 -2.01255e-4 0.003146827 0.03666675 3.6338e-4 0.003152728 0.03686821 1.04308e-4 0.004477322 0.03695052 1.04725e-4 0.005065441 0.03695482 1.02416e-4 0.005536079 0.03693103 0.002098679 -4.18655e-4 0.0264452 0.001998543 -1.52905e-4 0.02998536 0.002042949 1.9573e-4 0.03216886 0.002279818 7.07309e-4 0.03429985 0.00482881 0.002694845 0.03360372 0.004686415 0.002278149 0.03364413 0.004456698 0.00188601 0.03370749 0.004098653 0.001514136 0.03380501 0.003601968 0.001176536 0.03393995 0.002982854 8.9822e-4 0.03410834 0.006489038 0.002354681 0.02522194 0.00627613 0.001846134 0.02528756 0.005874872 0.001300454 0.02540439 0.005227804 7.40419e-4 0.02558678 0.004346966 2.25008e-4 0.02583062 0.003283977 -1.77877e-4 0.02612197 0.005055487 7.83298e-4 0.02680718 0.004514455 4.35222e-4 0.02695637 0.004579007 5.52675e-4 0.02752482 0.004141628 3.10792e-4 0.02764451 0.003661811 9.56701e-5 0.02777552 0.004861533 0.001134216 0.02950024 0.003645539 9.49093e-4 0.03283149 0.004274308 0.001276373 0.03229653 0.004066586 9.58578e-4 0.03162062 0.003720223 7.56159e-4 0.03171378 0.003828167 0.001137793 0.03314793 0.003303349 7.82263e-4 0.03292387 0.00320506 5.18185e-4 0.03185272 0.006004393 0.001594305 0.02595305 0.003795564 3.18355e-4 0.02900826 0.005049824 0.001964271 0.03149753 0.003632068 3.408e-4 0.02968734 0.003474175 3.83278e-4 0.0304135 0.00473392 0.002004265 0.0329014 8.49396e-4 0.003157317 0.03695267 7.73728e-4 0.002301275 0.036664 6.48826e-4 0.001507222 0.03618758 5.61878e-4 0.001133263 0.03584331 4.5599e-4 8.21636e-4 0.03540408 3.91334e-4 6.92303e-4 0.03512209 3.27855e-4 5.9274e-4 0.03483164 0.002807557 0.003160536 0.0367366 0.001941204 0.003160893 0.03691756 0.001345753 0.003160119 0.03697425 0.002279818 7.07309e-4 0.03429985 0.002401113 9.26104e-4 0.03494065 0.002529442 0.001272678 0.03554075 0.002645492 0.00174272 0.03605192 0.002733051 0.002260386 0.03642612 0.002784729 0.002741992 0.03664278 0.004848778 0.003160536 0.03396242 0.004477739 0.003159582 0.03509712 0.004000425 0.003159761 0.03587543 0.003527104 0.003160238 0.03635561 0.003145873 0.003160476 0.03660291 0.002807557 0.003160536 0.0367366 0.004848778 0.006517052 0.03396242 0.005000293 0.005398273 0.03392201 0.005000293 0.004279434 0.03392201 0.002807557 0.006517052 0.0367366 0.003187835 0.006517112 0.03658109 0.003617405 0.006517469 0.03628003 0.004046678 0.006517887 0.03581595 0.004415571 0.006518065 0.03522479 0.004681706 0.006517767 0.03457754 0.002838492 0.004652321 0.03686249 0.002832829 0.005584657 0.03683942 0.003418684 0.003906428 0.03654301 0.003682672 0.004776656 0.03638684 0.003451228 0.005584657 0.03653717 0.004550218 0.004652321 0.03525471 0.004704654 0.005398273 0.0348891 0.004149734 0.005491435 0.03585845 0.004848778 0.006517052 0.03396242 0.004823029 0.006648063 0.03395861 0.004809319 0.006739318 0.03393238 0.004800438 0.006829559 0.03388249 0.004798173 0.006898105 0.03382235 0.004799902 0.006931602 0.03378003 0.004804074 0.006956219 0.03373634 0.002807557 0.006517052 0.0367366 0.003187835 0.006517112 0.03658109 0.003617405 0.006517469 0.03628003 0.004046678 0.006517887 0.03581595 0.004415571 0.006518065 0.03522479 0.004681706 0.006517767 0.03457754 0.002784729 0.006935596 0.03664278 0.002733051 0.007417201 0.03642612 0.002645492 0.007934868 0.03605192 0.002529442 0.00840491 0.03554075 0.002401113 0.008751511 0.03494065 0.002279818 0.00897032 0.03429985 0.003379464 0.008615374 0.03400039 0.004069328 0.008187651 0.03381299 0.004464089 0.007781684 0.03370547 0.004688143 0.007395505 0.03364366 0.004765272 0.007193386 0.0336219 0.00482881 0.006982743 0.03360372 0.00481075 0.006972193 0.03369122 0.004819214 0.006980061 0.033647 0.003983676 0.007521152 0.03523808 0.004639446 0.007347166 0.03391146 0.004219353 0.007810115 0.03439337 0.004184782 0.006928265 0.03543436 0.003163039 0.006918787 0.03649127 0.004418969 0.007297456 0.0346316 0.004542887 0.006833493 0.03475874 0.002807557 0.003160536 0.0367366 0.001941204 0.003160893 0.03691756 0.001345753 0.003160119 0.03697425 8.49396e-4 0.003157317 0.03695267 8.88273e-4 0.004259407 0.03710103 8.88273e-4 0.005418181 0.03710103 8.49396e-4 0.006520271 0.03695267 0.00134629 0.006517469 0.03697419 0.001941204 0.006516695 0.03691756 0.002807557 0.006517052 0.0367366 0.002838492 0.004652321 0.03686249 0.002832829 0.005584657 0.03683942 8.49396e-4 0.006520271 0.03695267 1.8242e-4 0.006526708 0.03681725 -3.00646e-4 0.006531834 0.03661769 -8.07524e-4 0.006537735 0.03629755 -0.00127387 0.006850481 0.03582966 -0.001054108 0.006822466 0.036049 -9.42677e-4 0.006774067 0.03615218 -8.76963e-4 0.006721317 0.03621375 -8.42169e-4 0.006675064 0.03624856 -8.20816e-4 0.006626963 0.036273 -8.10459e-4 0.006579041 0.03628873 -0.001224577 0.007557392 0.03566694 -0.001026928 0.008212745 0.03546369 -8.60482e-4 0.008509159 0.03534144 -6.28561e-4 0.008768439 0.0352025 -3.68923e-4 0.008936405 0.03507542 -9.90927e-5 0.009028673 0.0349667 1.05828e-4 0.009064614 0.03489691 3.27855e-4 0.00908488 0.03483164 4.59731e-4 0.008847296 0.03542 5.64113e-4 0.008536159 0.03585231 6.50734e-4 0.00816071 0.03619509 7.42927e-4 0.007609903 0.03654783 8.13991e-4 0.007002592 0.03681617 -5.1558e-5 0.008807122 0.03548145 1.19805e-5 0.008689105 0.03566873 -1.28612e-4 0.008642673 0.03570038 3.20524e-5 0.007898032 0.03631728 -4.49911e-4 0.008053839 0.03606027 -1.98603e-4 0.007700264 0.03634476 -2.88785e-4 0.007636547 0.03633612 -5.08845e-4 0.007431387 0.03630548 -2.53484e-4 0.007156729 0.03650629 -8.80301e-4 0.007955908 0.03580379 -8.68589e-4 0.007673084 0.03596156 -0.001261055 0.002827346 0.03584337 -0.00127393 0.002827048 0.0358296 -8.08239e-4 0.003122806 0.03629434 -8.17597e-4 0.003061592 0.03627723 -8.36119e-4 0.003013551 0.03625512 -8.68216e-4 0.002966046 0.03622221 -9.13501e-4 0.002923488 0.03617924 -9.69917e-4 0.002888262 0.03612715 -0.001056373 0.002854526 0.03604692 -0.001165032 0.002833306 0.03594201 -8.07509e-4 0.003139913 0.03629755 -2.01255e-4 0.003146827 0.03666675 3.6338e-4 0.003152728 0.03686821 8.49396e-4 0.003157317 0.03695267 7.73728e-4 0.002301275 0.036664 6.48826e-4 0.001507222 0.03618758 5.61878e-4 0.001133263 0.03584331 4.5599e-4 8.21636e-4 0.03540408 3.91334e-4 6.92303e-4 0.03512209 3.27855e-4 5.9274e-4 0.03483164 -1.71304e-4 6.67627e-4 0.03499376 -4.48585e-4 7.82605e-4 0.03511178 -6.93053e-4 9.68418e-4 0.03523832 -8.76829e-4 0.00119239 0.0353524 -0.00102514 0.001460909 0.0354622 -0.001167058 0.00186181 0.03559488 -0.001253783 0.002315044 0.03571587 -0.001276254 0.002614676 0.03578382 -9.17315e-5 8.79433e-4 0.03548735 -2.68817e-5 9.95825e-4 0.03567254 -1.40995e-4 0.001036345 0.03569877 -1.15007e-4 0.001841545 0.03631108 -5.72622e-4 0.001772701 0.03606969 1.72794e-4 0.002494931 0.03664034 -3.90351e-4 0.002126753 0.0363239 -4.64424e-4 0.002198874 0.03631293 0.002279818 7.07309e-4 0.03429985 0.002401113 9.26104e-4 0.03494065 0.002529442 0.001272678 0.03554075 0.002645492 0.00174272 0.03605192 0.002733051 0.002260386 0.03642612 0.002784729 0.002741992 0.03664278 0.002807557 0.003160536 0.0367366 0.004848778 0.003160536 0.03396242 0.004477739 0.003159582 0.03509712 0.004000425 0.003159761 0.03587543 0.003527104 0.003160238 0.03635561 0.003145873 0.003160476 0.03660291 0.004827558 0.002695083 0.03360927 0.004810988 0.002704977 0.03368967 0.004802525 0.002728164 0.03375017 0.004798412 0.002769887 0.0338115 0.004799246 0.002828001 0.03386747 0.00480473 0.002897799 0.03391325 0.004814088 0.002973139 0.03394502 0.004826366 0.00304836 0.03396129 0.004837393 0.003105521 0.03396445 0.00482881 0.002694845 0.03360372 0.004686415 0.002278149 0.03364413 0.004456698 0.00188601 0.03370749 0.004098653 0.001514136 0.03380501 0.003601968 0.001176536 0.03393995 0.002982854 8.9822e-4 0.03410834 0.00402832 0.001715898 0.03453558 0.003983676 0.002156436 0.03523808 0.004221498 0.002759456 0.03537869</float_array>
          <technique_common>
            <accessor source="#ָ¼ⷌ-½񋴲¿·Ղ-mesh-positions-array" count="6649" stride="3">
              <param name="X" type="float"/>
              <param name="Y" type="float"/>
              <param name="Z" type="float"/>
            </accessor>
          </technique_common>
        </source>
        <source id="ָ¼ⷌ-½񋴲¿·Ղ-mesh-normals">
          <float_array id="ָ¼ⷌ-½񋴲¿·Ղ-mesh-normals-array" count="19371">0.1150991 -0.9926254 -0.03804373 0.3761862 -0.912445 -0.1610227 0.1721298 -0.9834278 -0.05693095 0.05763787 -0.9981565 -0.01901566 6.98119e-6 -1 2.91839e-5 -1.00583e-5 -1 2.63005e-6 0.3277484 -0.4498322 -0.830802 0.3074576 -0.4560275 -0.8351699 0.3569009 -0.2323814 -0.9047765 0.1221968 -0.9124486 -0.3905197 0.07134383 -0.9638609 -0.2566754 0.1558068 -0.8532205 -0.4977338 0.2003673 -0.7677057 -0.6086714 0.2909944 -0.6090106 -0.7378539 0.2442702 -0.6604821 -0.7099968 0.0541324 -0.983425 -0.1730463 3.12366e-6 -1 -1.18241e-5 1.23084e-5 -1 -1.45286e-5 0.2351418 -0.7676722 -0.5961441 0.3800232 -0.4497941 -0.8082497 0.3888408 -3.95179e-5 -0.921305 0.5641725 -7.93785e-5 -0.825657 0.1501922 -0.9124251 -0.3806872 0.3374911 -0.6090304 -0.7177616 0.2726607 -0.7677066 -0.579899 0.06654852 -0.9834269 -0.1686502 0.1741591 -0.9124407 -0.3702979 0.07718145 -0.9834149 -0.1641284 0.5523639 -0.2037174 -0.8083276 0.5038748 -0.4497747 -0.7374367 0.4474604 -0.6090111 -0.654893 0.3615223 -0.7677455 -0.5290261 0.2309011 -0.9124258 -0.3378817 7.21216e-6 -1 -1.11163e-5 0.1022667 -0.9834316 -0.149679 0.701955 -0.2037975 -0.6824411 0.7169852 -5.67138e-5 -0.6970884 0.6403397 -0.4498409 -0.622582 0.5686903 -0.6090462 -0.55286 0.4594809 -0.7676815 -0.4467018 0.2934873 -0.9124143 -0.2852466 -1.84029e-5 -1 3.8743e-7 0.1300001 -0.9834248 -0.1263953 0.8235912 -0.2038276 -0.5292937 0.8412122 4.58211e-6 -0.5407053 0.8341761 -0.2037994 -0.5124607 0.751318 -0.449828 -0.4828832 0.8109245 -0.3283645 -0.4843328 0.7723478 -0.449784 -0.4485234 0.6672182 -0.6090247 -0.4288459 0.6941196 -0.6090214 -0.383785 0.5390798 -0.7676987 -0.346456 0.3442713 -0.9124267 -0.2212573 0.5607681 -0.767708 -0.3101027 0.6086583 -0.7272208 -0.3173091 0.1525283 -0.9834264 -0.09801846 0.35813 -0.9124281 -0.1980354 0.1586751 -0.9834239 -0.08774805 0 -1 0 0 -1 -5.46103e-7 0 -1 6.37691e-7 0 -1 -3.92936e-7 1.71662e-7 -1 -3.31112e-7 0 -1 0 1.37941e-7 -1 6.71228e-7 0 -1 -5.70003e-7 1.31607e-7 -1 0 0 -1 0 0 -1 0 3.38495e-7 -1 -1.46253e-6 -1.31143e-7 -1 2.92959e-7 0 -1 -3.59533e-7 -1.30954e-7 -1 -5.45402e-7 -1.21188e-7 -1 1.4769e-7 1.56264e-7 -1 -5.40133e-7 0 -1 0 0 -1 2.74043e-7 0 -1 -4.82465e-7 1.96079e-6 -1 -3.48111e-7 2.73435e-7 -1 0 0 -1 -3.25111e-7 -1.38758e-7 -1 0 0 -1 -1.04128e-6 0 -1 -5.18507e-7 0 -1 -4.65595e-7 0 -1 2.32995e-7 0 -1 0 0 -1 6.22162e-7 0 -1 -1.45332e-7 0 -1 -1.95424e-7 0 -1 -1.34603e-7 0 -1 -1.59364e-7 0 -1 -7.49345e-7 0 -1 -1.92998e-7 0 -1 -1.96169e-7 0 -1 -2.70116e-7 0 -1 -1.91386e-7 0 -1 0 0 -1 0 0 -1 -1.71861e-7 0 -1 0 0 -1 0 0 -1 -1.27602e-7 -2.43814e-7 -1 0 -3.35623e-7 -1 -2.70052e-7 0 -1 -1.36134e-7 0 -1 -1.95465e-7 3.38718e-7 -1 -1.52599e-7 0 -1 -7.01934e-7 0 -1 5.388e-7 0 -1 -2.42428e-7 0 -1 -2.06372e-7 0 -1 -3.21613e-7 0 -1 0 0 -1 -1.46121e-7 -2.71207e-7 -1 0 -2.93188e-7 -1 -2.7501e-7 0 -1 -1.87133e-7 0 -1 -1.73745e-7 1.55036e-7 -1 -1.45996e-7 -2.86639e-7 -1 -2.716e-7 0 -1 -6.7643e-7 0 -1 0 2.43718e-7 -1 -3.01437e-7 0 -1 0 0.9993048 1.12318e-6 -0.03728383 0.9969862 -6.62205e-6 -0.07758086 0.9494609 -6.48946e-6 -0.3138856 0.9996939 -7.04033e-6 -0.02474105 0.9999257 -1.33915e-5 0.0121904 0.9974488 0 0.07138597 0.9865853 5.59445e-6 0.1632468 0.9993048 -1.08109e-6 -0.03728199 0.9494513 7.72253e-6 -0.3139142 0.9936502 -1.2205e-5 0.1125134 0.9844067 3.5828e-6 0.175908 0.9739252 3.61097e-6 0.2268693 0.9969861 6.62089e-6 -0.0775811 0.9996939 1.33866e-6 -0.02474141 0.9999252 4.09689e-6 0.01223713 0.9974488 -2.66731e-6 0.07138544 0.9599359 1.19535e-6 0.2802198 0.9188402 -2.32868e-5 0.39463 0.9398308 1.8205e-6 0.3416405 0.9151466 1.09272e-4 0.4031212 0.9865857 4.10201e-5 0.1632446 0.9936394 4.5686e-6 0.1126088 0.984415 -4.28967e-6 0.1758614 0.9739034 -1.74004e-5 0.2269632 0.9599341 3.89572e-6 0.2802263 0.8559069 -2.70884e-5 0.51713 0.7977005 -3.57968e-5 0.6030541 0.7824212 9.43372e-6 0.6227498 0.7824 8.01892e-7 0.6227762 0.6301748 -1.41806e-5 0.7764534 0.9188404 -2.31816e-5 0.3946294 0.9398455 1.70609e-5 0.3416 0.9151476 2.09868e-6 0.4031191 0.8559287 4.79193e-5 0.5170938 0.6155173 1.00739e-5 0.7881235 0.7824215 -8.96328e-6 0.6227492 0.7824012 -8.02684e-7 0.6227748 0.4260261 -2.52388e-6 0.904711 0.7977076 -8.61101e-6 0.6030444 0.4145992 8.51272e-5 0.9100041 0.1972079 -6.24009e-5 0.9803618 0.6301747 1.41568e-5 0.7764534 0.615517 -1.00462e-5 0.7881237 0.1908573 3.87219e-5 0.9816179 -0.04316681 5.44591e-5 0.9990679 0.4260272 2.62912e-6 0.9047104 0.4145992 -8.523e-5 0.9100041 -0.04340606 1.08742e-6 0.9990575 0.1972076 6.23025e-5 0.9803618 0.1908574 -3.88426e-5 0.9816178 -0.2749376 3.7751e-4 0.9614621 -0.2810269 -5.23776e-5 0.9597 -0.04316675 -5.44565e-5 0.9990679 -0.04340606 -1.08742e-6 0.9990576 -0.491943 3.54522e-5 0.8706275 -0.5025206 -4.65824e-5 0.8645653 -0.2749375 -3.7751e-4 0.961462 -0.2810375 7.93045e-6 0.9596969 -0.6815094 -3.81039e-6 0.7318093 -0.6948488 -4.70178e-6 0.7191559 -0.4919432 -3.55198e-5 0.8706274 -0.5025259 1.20956e-6 0.8645623 -0.7935806 -1.15751e-4 0.6084652 -0.681507 4.99654e-7 0.7318117 -0.8467444 -1.65403e-5 0.5319999 -0.6815096 3.81132e-6 0.7318092 -0.8841059 -1.41794e-5 0.4672868 -0.9494534 -1.10148e-5 0.3139084 -0.6948482 4.30318e-6 0.7191565 -0.79358 2.31456e-5 0.608466 -0.6815066 -5.52553e-7 0.731812 -0.9494479 -4.72666e-6 0.3139247 -0.8467445 1.65161e-5 0.5319998 -0.8841547 1.06599e-5 0.4671943 -0.9494534 1.10846e-5 0.3139085 -0.9494479 4.73263e-6 0.3139247 0.00265479 -0.9996575 -0.02603524 0.002654492 -0.9996574 -0.02604323 0.002654969 -0.9996573 -0.02604478 0.002654731 -0.9996573 -0.02604323 0.00265479 -0.9996575 -0.02604025 0.002654731 -0.9996574 -0.02604115 0.002654671 -0.9996574 -0.0260424 0.002654671 -0.9996573 -0.02604323 0.002654671 -0.9996574 -0.0260396 0.002654671 -0.9996573 -0.02604228 0.002654731 -0.9996573 -0.02604514 0.002654671 -0.9996575 -0.02603912 0.00265938 -0.999657 -0.02605271 0.002656221 -0.9996575 -0.02604013 0.002654671 -0.9996574 -0.02604335 0.002596974 -0.9996576 -0.02603811 0.002656042 -0.9996569 -0.02606391 0.1620116 -0.9860105 -0.03918755 0.2237669 -0.9736419 -0.04415863 0.3136463 -0.9481733 -0.05092734 0.4334978 -0.8991872 -0.05951493 0.4685417 -0.8812385 -0.06234985 0.6217692 -0.7798326 -0.07255548 0.6134659 -0.7864193 -0.07214146 0.7789694 -0.6217067 -0.08177816 0.7947776 -0.6012499 -0.08262735 0.8975915 -0.4321261 -0.08715844 0.8937223 -0.4401326 -0.08685612 0.960659 -0.2634453 -0.08792525 0.9711062 -0.221961 -0.08767026 0.9964535 1.94728e-4 -0.084145 0.9964532 -0.001033306 -0.08414274 0.00265628 0.9996574 -0.02604031 0.00265479 0.9996573 -0.0260424 0.002659499 0.9996571 -0.02605301 0.002654731 0.9996573 -0.02604174 0.002654671 0.9996574 -0.02604216 0.002654731 0.9996574 -0.02604061 0.002654731 0.9996574 -0.02604115 0.002654671 0.9996573 -0.02604228 0.002654731 0.9996575 -0.02604007 0.002654731 0.9996574 -0.02604186 0.00265479 0.9996573 -0.02604323 0.00265485 0.9996573 -0.02604138 0.002654492 0.9996574 -0.02604329 0.00265491 0.9996575 -0.02604061 0.002654731 0.9996574 -0.02604204 -0.1659827 -0.9851956 -0.04288727 0.002531707 -0.9996582 -0.02601903 -0.2488127 -0.9672173 -0.05082267 -0.08194452 -0.9960392 -0.03451478 0.002614915 -0.9996572 -0.02605468 -0.08188807 0.9960428 -0.03454226 0.002530813 0.9996582 -0.02602273 0.00261408 0.9996573 -0.02604818 -0.1659229 0.9852087 -0.04281884 -0.2487454 0.9672335 -0.05084317 -0.9956277 5.5721e-6 0.09341126 -0.9494577 -1.48626e-5 0.3138953 -0.949456 -1.60304e-6 0.3139004 -0.9969872 -3.88711e-6 0.07756656 -0.9956276 -6.227e-6 0.0934115 -0.949456 1.54867e-6 0.3139004 -0.9494577 1.48768e-5 0.3138952 -0.9907605 -1.28988e-7 -0.135623 -0.9865861 -2.72989e-5 -0.1632419 -0.9969872 3.82285e-6 0.07756692 -0.9586585 5.67936e-5 -0.2845594 -0.9188371 -2.24374e-5 -0.3946374 -0.9907607 6.94441e-6 -0.1356224 -0.9054991 -4.98723e-6 -0.4243484 -0.878564 -1.88039e-5 -0.4776248 -0.7977014 -4.05866e-5 -0.6030526 -0.9865862 2.71481e-5 -0.1632415 -0.9586527 -1.98259e-4 -0.2845786 -0.850481 -1.30273e-5 -0.5260058 -0.8232722 7.13626e-6 -0.567647 -0.8021907 8.51671e-6 -0.597068 -0.7874684 1.56448e-5 -0.616355 -0.7802929 1.85007e-6 -0.6254143 -0.6301941 -9.03547e-5 -0.7764376 -0.7775284 -4.78921e-6 -0.6288479 -0.9188392 6.53416e-6 -0.3946323 -0.9055194 1.31015e-5 -0.4243051 -0.8609486 3.66475e-6 -0.508692 -0.8813978 1.74963e-5 -0.4723749 -0.8936541 8.29436e-6 -0.4487566 -0.7977006 3.53372e-5 -0.6030539 -0.7812024 -1.43573e-5 -0.624278 -0.7900471 -4.76628e-6 -0.6130463 -0.8038979 -1.4645e-7 -0.5947674 -0.8213704 -2.99211e-6 -0.5703953 -0.8406777 -1.61007e-5 -0.541536 -0.6301706 2.66228e-5 -0.7764567 -0.777482 -3.46825e-6 -0.6289052 -0.4260587 0 -0.9046956 -0.1971811 0 -0.9803671 -0.4260584 0 -0.9046957 -0.1971814 0 -0.980367 0.0431711 0 -0.9990678 0.04317164 0 -0.9990677 0.2810148 0 -0.9597035 0.5025128 0 -0.8645698 0.2810152 0 -0.9597033 0.6948146 0 -0.7191889 0.6948148 0 -0.7191887 0.8467389 0 -0.5320088 0.9494445 0 -0.313935 0.8467389 0 -0.5320088 0.9494596 0 -0.3138895 0.002654731 -0.9996575 -0.02604103 0.002655148 -0.9996573 -0.02604395 0.002655029 -0.9996573 -0.02604162 0 1 -7.39902e-7 0 1 0 0 1 -3.64068e-6 0 1 1.06282e-6 4.41979e-7 1 4.83613e-7 0 1 0 -5.24029e-7 1 0 1.31783e-7 1 0 0 1 2.30919e-7 0 1 0 0 1 1.02916e-6 3.29591e-7 1 9.23948e-7 0 1 0 0 1 4.60548e-7 -4.41046e-7 1 3.7189e-7 1.25073e-7 1 4.76613e-7 1.33279e-7 1 5.68048e-7 0 1 1.38996e-6 0 1 -2.52623e-7 3.76545e-7 1 -2.99738e-6 0 1 2.70572e-6 3.38781e-7 1 2.48865e-6 2.56925e-7 1 0 5.55033e-7 1 -2.00039e-6 3.81711e-7 1 4.3847e-6 4.25738e-7 1 -4.24853e-6 -6.25056e-7 1 0 0 1 4.68008e-6 0 1 5.43201e-7 0 1 -2.25907e-6 0 1 -2.34367e-6 0 1 -5.45402e-7 0 1 2.36304e-6 0 1 -3.83502e-6 0 1 -5.4271e-7 0 1 -1.08004e-6 0 1 1.10615e-5 -5.70091e-7 1 7.48532e-7 -1.35487e-6 1 1.22079e-6 1.7352e-7 1 -2.55249e-7 0 1 1.6164e-6 0 1 -5.44537e-7 0 1 -9.69711e-7 0 1 -7.84675e-7 0 1 5.40105e-7 0 1 -1.07589e-6 -0.07287746 0 -0.9973409 -0.07288616 -2.29301e-5 -0.9973403 -0.07288622 2.29301e-5 -0.9973403 0 -1 4.61668e-7 1.37255e-7 -1 0 0 -1 1.1027e-6 0 -1 0 0 -1 -3.86793e-7 0 -1 0 0 -1 9.08509e-6 -1.62152e-7 -1 -3.00857e-7 0 -1 0 0 -1 -1.96551e-7 0 -1 -5.78889e-7 0 -1 6.25194e-7 0 -1 -3.23516e-6 0 -1 -1.51004e-7 -1.42618e-7 -1 -7.47028e-7 0 -1 0 5.32864e-6 -1 -9.09753e-6 1.69476e-5 -1 -1.35604e-5 -3.72992e-7 -1 0 -0.9996446 0.02620106 -0.00492978 -0.981305 0.02613508 0.1906761 -0.980643 0.0261563 0.1940492 -0.9789846 0.02619391 0.2022449 -0.9766005 0.02615875 0.2134652 -0.9946032 0.02619147 0.1003921 -0.9855536 0.02619928 0.1673251 -0.997796 0.02621436 -0.06095987 -0.996496 0.02622377 -0.07942342 -0.9944958 0.02618575 -0.1014522 -0.9985499 0.02620863 -0.04702311 -0.9913029 0.02619737 -0.1289666 -0.9744522 0.02618515 -0.2230634 -0.9989313 0.02622514 -0.0380603 -0.9991112 0.02623403 0.03299343 -0.9990289 0.02605384 -0.03553271 -0.9990566 0.02624559 -0.03460103 -0.9865431 0.02618134 -0.1613918 -0.9990602 0.02617108 -0.03455245 -0.9764607 0.02622073 -0.214096 -0.9764602 0.02625668 -0.2140939 -0.9147862 0.02618604 -0.403089 -0.9022362 0.02620011 -0.4304457 -0.8168784 0.02619737 -0.5762149 -0.7865317 0.02621239 -0.6169936 -0.6866621 0.02621054 -0.726504 -0.6328043 0.02621793 -0.7738678 -0.5293594 0.02617937 -0.8479937 -0.4487183 0.02618891 -0.8932895 -0.3510597 0.02620035 -0.9359865 -0.4138678 0.02618342 -0.9099604 -0.3795563 0.0261991 -0.9247977 -0.3631056 0.02619731 -0.9313797 -0.3476107 0.02620321 -0.9372727 0.9961662 0.0263738 -0.08341026 0.9961709 0.02618169 -0.0834155 0.9961704 0.02617752 -0.08342218 0.9961715 0.02617156 -0.08341175 0.9961704 0.02617126 -0.08342492 0.9961698 0.02616208 -0.08343446 0.9961692 0.02617734 -0.08343708 0.9961739 0.02616935 -0.08338308 -0.07426851 0 -0.9972383 -0.07476454 1.16577e-4 -0.9972012 -0.07486093 1.14865e-4 -0.9971941 -0.07476598 1.03408e-4 -0.9972012 -0.07393306 -3.83242e-5 -0.9972632 -0.07441115 -3.83477e-5 -0.9972277 -0.07443481 8.78317e-5 -0.9972259 -0.07447481 -7.6562e-5 -0.997223 -0.07440406 -4.6281e-5 -0.9972283 -0.07493811 1.34566e-4 -0.9971882 -0.07232648 5.99844e-4 -0.9973809 -0.07427018 1.19162e-5 -0.9972382 -0.0743972 -5.36417e-5 -0.9972287 -0.07419478 5.27795e-4 -0.9972437 -0.07445698 -2.2372e-4 -0.9972242 -0.07456409 -6.91538e-4 -0.997216 -0.07628494 1.65414e-4 -0.9970861 -0.07411718 8.28615e-5 -0.9972496 -0.07411724 8.28517e-5 -0.9972496 -0.07411724 8.28532e-5 -0.9972496 -0.07438582 2.65978e-4 -0.9972296 -0.07455074 -9.60971e-6 -0.9972173 -0.07413983 -2.54555e-4 -0.9972478 -0.07440972 -5.61558e-5 -0.9972279 -0.07411456 6.95027e-4 -0.9972496 -0.07429903 4.69851e-5 -0.997236 -0.07225197 -0.002534568 -0.9973832 -0.07225155 -0.00253427 -0.9973833 -0.07225149 -0.002534091 -0.9973833 -0.07425177 -2.45714e-5 -0.9972395 -0.07427018 0 -0.9972382 -0.07427078 -1.40908e-5 -0.9972381 0.7383019 0.02772736 -0.6739004 0.6177238 0.0261839 -0.7859592 0.7903279 0.02822655 -0.6120336 0.6172782 0.02618795 -0.786309 0.8383613 0.02849799 -0.5443696 0.9156843 0.02850002 -0.4008867 0.9458265 0.02818018 -0.3234472 0.9688031 0.02780407 -0.2462675 0.9961687 0.02620434 -0.08343517 0.9961672 0.02620691 -0.08345186 -0.5923967 0.0262084 -0.8052201 -0.5143 0.02620238 -0.8572101 -0.5900441 0.02619749 -0.8069459 -0.4458198 0.02620917 -0.894739 -0.5947469 0.02625226 -0.8034844 -0.3215548 0.02620375 -0.9465283 -0.2519261 0.02620244 -0.9673917 -0.1508485 0.0261991 -0.9882097 -0.03243929 0.02620065 -0.9991303 0.1499893 0.02620041 -0.9883404 0.0909031 0.02620571 -0.995515 0.320559 0.02634954 -0.9468621 0.3177987 0.02619975 -0.9477962 0.3226227 0.02597904 -0.9461711 0.3214235 0.02626448 -0.9465712 -0.8943366 0.02619832 -0.4466272 -0.8175722 0.02619886 -0.5752299 -0.8943926 0.02619516 -0.4465153 -0.8176252 0.0261861 -0.5751551 -0.7262445 0.02618473 -0.6869376 -0.7268497 0.02619975 -0.6862967 -0.6154614 0.02619576 -0.7877316 -0.616078 0.02620124 -0.7872494 -0.7491394 0.02619981 -0.6618942 -0.8300397 0.02618271 -0.5570893 -0.7491497 0.0261923 -0.6618827 -0.8619013 0.02619838 -0.506399 -0.8964553 0.02619665 -0.4423593 -0.8975757 0.02618706 -0.440082 -0.8985912 0.02614903 -0.4380072 -0.5715969 0.02619695 -0.8201164 -0.6959791 0.02623361 -0.7175828 -0.6358762 0.02619642 -0.7713464 -0.5716151 0.02619904 -0.8201035 -0.7483773 0.02621662 -0.6627551 -0.7515112 0.02613306 -0.6592026 -0.745825 0.02627372 -0.6656237 -0.5019022 0.02619773 -0.8645276 -0.5715073 0.02620369 -0.8201786 -0.5487127 0.0261867 -0.8356007 -0.5254234 0.02618229 -0.850438 -0.5016481 0.02620339 -0.8646749 -0.5716721 0.02620035 -0.8200638 -0.2122926 0.02619773 -0.976855 -0.3781617 0.0262075 -0.9253685 -0.2970362 0.02620369 -0.9545067 -0.2122193 0.02619993 -0.9768708 -0.4171354 0.02617466 -0.9084675 -0.5033609 0.02620583 -0.8636789 -0.5037711 0.01587903 -0.8636912 -0.5059375 -0.05491971 -0.86082 0.4680377 0.02619314 -0.8833202 0.2593559 0.02616477 -0.9654273 0.4807682 0.02617925 -0.8764569 0.6746547 0.02619409 -0.7376686 0.232674 0.02619981 -0.972202 0.02313911 0.02622753 -0.9993882 0.01297539 0.02618503 -0.999573 -0.2142168 0.02620095 -0.9764347 -0.0991503 0.02618372 -0.994728 -0.2078226 0.04132807 -0.9772931 -0.1870784 0.09046715 -0.9781705 -0.06979048 -0.2331622 -0.9699303 -0.06979489 -0.2359871 -0.9692465 -0.07285356 1.9379e-5 -0.9973427 -0.07283812 1.9984e-6 -0.9973438 -0.0629456 -0.4523254 -0.8896289 -0.06272995 -0.4579316 -0.8867715 -0.05266666 -0.6458165 -0.761674 -0.05216205 -0.6539123 -0.7547701 -0.04511761 -0.7469061 -0.6633971 -0.03969389 -0.8039007 -0.5934376 -0.03434646 -0.8514908 -0.5232436 -0.02465063 -0.9186171 -0.3943794 -0.0258795 -0.9114772 -0.4105358 -0.01705682 -0.9557445 -0.2937034 -0.01115316 -0.9768386 -0.2136869 -0.007167875 -0.987149 -0.1596426 0.002654016 -0.999657 -0.02605348 0.002654016 -0.999657 -0.02605468 -0.7865516 0.026196 -0.6169688 -5.14835e-5 1 -2.22325e-5 -0.6328724 0.02610367 -0.773816 -0.9022271 0.02620899 -0.4304642 -2.23517e-5 1 5.03659e-6 -0.9744389 0.02657711 -0.2230757 -1.07884e-5 1 -1.61529e-5 -0.9996497 0.02600723 -0.00490731 -2.28584e-5 1 -3.08007e-5 -0.6148472 0.238963 -0.7515714 -0.435217 0.244301 -0.8665467 -0.4486871 0.02623069 -0.893304 -0.5696237 0.4364153 -0.6964702 -0.4006655 0.4506314 -0.797746 -0.4963005 0.62074 -0.606933 -0.3466988 0.6350865 -0.6902645 -0.3931282 0.7838487 -0.4806575 -0.2758886 0.7887573 -0.5493155 -0.2760785 0.8999343 -0.3374893 -0.1917154 0.9041917 -0.3816839 -0.1386129 0.9757371 -0.1694804 -8.84663e-6 1 0 -0.0982455 0.9757678 -0.1955125 -0.7642697 0.2376307 -0.5995193 -0.7077891 0.4366006 -0.5553507 -0.6168853 0.6206793 -0.4839524 -0.4887028 0.7838042 -0.3831717 -0.3429414 0.9000126 -0.2690141 -0.1721875 0.9757585 -0.1350812 -0.8766956 0.2377854 -0.4181662 -0.8119637 0.4365699 -0.3874552 -0.7076088 0.6207421 -0.3375931 -0.560543 0.7838135 -0.26726 -0.3934636 0.8999888 -0.1876343 -0.1975275 0.9757532 -0.09427964 -0.9468391 0.2378474 -0.2166202 -0.8772601 0.4360353 -0.2007181 -0.7642789 0.6207172 -0.174894 -0.6051269 0.783992 -0.138485 -0.4247496 0.9000747 -0.09722858 -0.2133759 0.9757491 -0.04883104 -0.9713263 0.2377012 -0.004822254 -0.8996465 0.4365965 -0.004449188 -0.7840668 0.6206643 -0.003891527 -0.6208725 0.7839056 -0.003060281 -0.4358467 0.9000183 -0.002178072 -0.2188606 0.9757556 -0.001025974 2.07871e-6 1 2.03587e-6 -0.7837386 0.6206777 0.02265572 -0.9766039 0.02614575 0.2134509 -0.6207115 0.783834 0.01793122 -0.4358004 0.899955 0.01261013 -0.2187548 0.9757596 0.006285429 -0.948922 0.2377955 0.2073655 -0.9476728 0.2377726 0.2130271 -0.8789639 0.4364922 0.1920865 -0.8768293 0.43645 0.2016977 -0.7659437 0.6207329 0.1673949 -0.7633956 0.6207692 0.1785298 -0.6065858 0.7838799 0.1326127 -0.6041722 0.7838453 0.143396 -0.4258671 0.8999853 0.09307962 -9.2987e-5 1 4.79743e-5 -0.4237669 0.8999757 0.1023007 -0.31826 0.9448059 0.07779842 -0.2120821 0.9758357 0.05259221 -0.1290513 0.991103 0.03256964 -0.08255004 0.9963586 0.02133256 -9.83477e-6 1 -7.25221e-6 3.22695e-5 1 -7.99907e-6 0.2180812 0.9757599 -0.01825928 0.2181352 0.9757475 -0.01827442 0.4256495 0.9041857 -0.03564947 0.4256237 0.9041979 -0.03564918 0.6126258 0.788706 -0.05130952 0.6124761 0.7888234 -0.05129086 0.7697544 0.6350774 -0.06446105 0.770056 0.6347052 -0.06452256 0.8895536 0.4507172 -0.07448762 0.88962 0.4505845 -0.07449859 0.9663301 0.2442498 -0.08092147 0.9663296 0.2442511 -0.08092367 0.9961796 0.02581465 -0.08342552 0.9961557 0.0267772 -0.08340662 0.7383602 0.02771878 -0.6738367 0.8381812 0.02843296 -0.5446503 0.6025383 0.6438544 -0.4715922 0.6172742 0.02624881 -0.7863102 0.5044747 0.8607984 -0.06731796 -3.89665e-5 1 8.40239e-6 2.99811e-5 1 -6.19143e-6 0.6126809 0.7886602 -0.05135434 0.4257139 0.9041568 -0.03561079 0.2180577 0.9757673 -0.0181443 0.5988274 0.7968678 -0.08004814 0.9961696 0.02622342 -0.08341825 0.9663351 0.2442129 -0.08097285 0.8896229 0.4505608 -0.0746079 0.7696743 0.6351766 -0.06443768 0.6744128 0.7168911 -0.1767328 1.96695e-6 1 2.57567e-5 0.9457025 0.02818363 -0.3238095 0.6647598 0.7170071 -0.2097508 0.6459887 0.7171267 -0.2615874 -8.24034e-6 1 -2.17855e-5 0.6088547 0.7171689 -0.3390647 0.5058202 0.6978273 -0.5071322 0.2610121 0.9296509 -0.2600426 0.3798502 0.8438854 -0.378908 0.4850187 0.7289498 -0.4831036 0.6285261 0.4139453 -0.6584864 0.1328109 0.982271 -0.1323063 -0.04686254 0.9757708 -0.2137184 -5.53057e-5 1 -2.67699e-5 2.09808e-5 1 2.02358e-5 -0.09149444 0.9041544 -0.4172931 -0.1317415 0.7888026 -0.6003621 -0.1654741 0.6352604 -0.7543624 -0.191274 0.4505583 -0.8720158 -0.2077931 0.2443506 -0.9471615 -0.2142524 0.02648842 -0.9764191 0.02315157 0.02634561 -0.9993848 0.4623882 0.7284779 -0.5054872 -1.13569e-4 1 -2.39164e-6 3.40492e-6 1 8.74996e-5 0.6024191 0.4508705 -0.6586403 0.6544627 0.2445217 -0.7154632 0.6747061 0.02626228 -0.7376192 0.1038523 0.982246 -0.1562294 0.203916 0.9296655 -0.3068232 0.296794 0.8440269 -0.44669 0.3791868 0.7284216 -0.5706307 0.494067 0.4507884 -0.7434297 0.5367075 0.2444401 -0.8075855 0.4806468 0.02623456 -0.8765218 0.3294294 0.728434 -0.6007165 -1.09151e-5 1 6.62953e-5 0.4292446 0.4507565 -0.782667 0.4662288 0.2445229 -0.8501996 0.07060807 0.9822745 -0.1736416 0.1386429 0.9296463 -0.3413739 0.2019109 0.843923 -0.497017 0.2578271 0.7284564 -0.6347256 0.3359757 0.4506425 -0.8270681 0.3649904 0.2441143 -0.8984377 0.2593812 0.02603352 -0.9654241 0.1776628 0.7285498 -0.6615521 1.00881e-5 1 5.23627e-5 0.2315848 0.4507579 -0.8620823 0.2515696 0.244208 -0.936523 0.03454816 0.9822563 -0.184334 0.06788772 0.9296551 -0.3621227 0.09870958 0.8440426 -0.5271135 0.126215 0.7284522 -0.67337 0.1643924 0.4507264 -0.8773944 0.1787571 0.2444591 -0.9530403 0.01587343 0.7284476 -0.6849176 0.02084106 0.4507797 -0.8923919 0.02232283 0.2442512 -0.9694551 -0.3246632 0.7156772 -0.618385 -0.38892 0.6351186 -0.6673573 -0.309511 0.7888287 -0.5309918 -0.4494836 0.4506253 -0.7712985 -0.4883003 0.2442718 -0.8377913 -0.5034486 0.02614241 -0.8636297 -0.3778193 0.02619892 -0.9255087 -0.2810722 0.7964051 -0.5354788 -6.43715e-4 0.9999991 -0.001275181 -0.2368588 0.86058 -0.4508881 -1.23657e-4 1 -3.24845e-5 -0.1102273 0.9757554 -0.1890807 -0.2150552 0.9042205 -0.3689671 -0.2806385 0.7157108 -0.6395312 -0.001114547 0.9999949 -0.00301373 -0.2529913 0.715008 -0.6517353 -0.2246593 0.7149892 -0.6620563 -0.2968612 0.02623093 -0.9545604 -0.2166526 0.5311241 -0.819127 -0.213901 0.02638942 -0.9764989 -0.1652853 0.6352198 -0.7544381 -0.1911407 0.4505807 -0.8720335 -0.2075202 0.244363 -0.9472181 -0.1998031 0.6247872 -0.7547977 -0.1785069 0.7162655 -0.6746103 -1.432e-4 1 -8.46274e-5 -0.04693078 0.9757231 -0.2139207 -0.09139603 0.9041442 -0.4173367 -0.1314935 0.7887894 -0.600434 -4.13246e-5 1 -6.02305e-5 -0.001214623 0.9999992 5.68211e-4 -0.1099159 0.9757421 -0.1893303 -0.5717726 0.02655571 -0.8199823 -0.5545573 0.2443749 -0.7954542 -0.5486589 0.02647334 -0.8356271 -0.1150597 0.9757628 -0.1861408 -0.2144567 0.9041398 -0.3695127 -0.2244383 0.9042708 -0.3632106 -0.3085891 0.7887587 -0.531632 -0.3230886 0.7887843 -0.5229083 -0.3877948 0.6350018 -0.6681229 -0.4060604 0.6349325 -0.6572486 -0.4481629 0.4505318 -0.7721212 -0.469227 0.4505926 -0.7594686 -0.4867432 0.244237 -0.8387071 -0.1201766 0.9757301 -0.1830531 -1.45994e-5 1 -4.1917e-5 3.71262e-5 1 -5.05447e-5 -0.1250969 0.9757548 -0.1795927 -0.5096988 0.2442116 -0.8249654 -0.5017207 0.02612668 -0.8646351 -0.5254363 0.02600222 -0.8504356 -0.2344654 0.9041678 -0.3570808 -0.2441955 0.904217 -0.3503718 -0.3374228 0.7887966 -0.5137565 -0.3514195 0.7888227 -0.5042452 -0.4240999 0.6349596 -0.6457288 -0.4415531 0.6351315 -0.6337498 -0.4901379 0.4502673 -0.7463406 -0.5103885 0.4505977 -0.7324379 -0.5322901 0.2441626 -0.8105875 -0.6358348 0.02628546 -0.7713775 -0.5544389 0.2444259 -0.7955209 -0.571646 0.02639329 -0.8200758 -0.164514 0.9757594 -0.1443218 -8.07568e-5 1 -4.91217e-5 9.46224e-7 1 -3.41237e-6 -0.1392121 0.9757704 -0.1687959 4.35198e-5 1 -1.57631e-5 -0.1252164 0.9757435 -0.1795701 -1.20923e-5 1 -3.49432e-6 -0.271743 0.9041568 -0.3296306 -0.2442942 0.9041465 -0.3504846 -0.3910018 0.7887166 -0.4743878 -0.351454 0.7887918 -0.5042693 -0.491374 0.6350559 -0.5960333 -0.4416921 0.6350502 -0.6337345 -0.5678132 0.4507053 -0.6888055 -0.5105326 0.4506048 -0.7323331 -0.6167466 0.2443931 -0.7482618 -0.1524851 0.9757307 -0.1571558 -0.2975068 0.9040959 -0.3067579 -0.3209369 0.9042857 -0.2815442 -0.4279565 0.7887382 -0.4412998 -0.462063 0.7887948 -0.4053402 -0.5377546 0.6350647 -0.5545384 -0.5806373 0.635144 -0.5093649 -0.6215099 0.4506291 -0.6408268 -0.6710912 0.4506779 -0.5886646 -0.6751538 0.2439383 -0.6961763 -0.728931 0.2445552 -0.6394158 -0.7515298 0.02703171 -0.6591452 -0.695938 0.02609175 -0.7176278 -0.8297911 0.0262323 -0.5574574 -0.8695659 0.244261 -0.4291755 -0.8006051 0.4505414 -0.3950243 -0.8964488 0.02605563 -0.4423807 -0.001803398 0.9999976 -0.001252114 -0.1963196 0.9757358 -0.09694558 -8.30069e-5 1 -4.73075e-5 -0.3830213 0.9041917 -0.1890298 -0.7276477 0.2443268 -0.6409628 -0.7501659 0.02683681 -0.660705 -0.6700069 0.4503952 -0.5901144 -0.1643291 0.9757124 -0.1448497 -0.3205481 0.9041618 -0.2823835 -7.20401e-5 1 -1.19225e-4 -0.5799434 0.7154232 -0.3896607 -0.5510395 0.7889516 -0.2718657 -0.6926799 0.6351283 -0.34177 -0.4611849 0.788842 -0.4062473 -0.5796125 0.6351778 -0.5104885 -4.57168e-5 1 -6.58631e-6 -5.09797e-5 1 -1.21766e-5 -0.1955599 0.9757558 -0.09826993 -0.3814159 0.9043033 -0.1917222 -0.8177993 0.02629733 -0.5749025 -0.7976424 0.4504238 -0.4011048 -0.866291 0.2443775 -0.4356828 -0.8930485 0.02651357 -0.4491788 -0.1701817 0.9612542 -0.2168608 -4.08292e-6 1 3.23355e-6 -2.29478e-5 1 -3.01599e-5 -0.5976265 0.2544109 -0.7603405 -0.5457519 0.4687796 -0.6945507 -0.7260034 0.02635186 -0.6871861 -0.6178331 0.02604359 -0.7858778 -0.5708348 0.7163704 -0.4011995 -0.5488961 0.7890211 -0.2759693 -0.6901769 0.634992 -0.3470463 -0.540139 0.7164198 -0.4415795 -0.5065279 0.7164267 -0.4797524 -0.3224011 0.8529015 -0.4106294 -0.4508233 0.683638 -0.5739316 0.08199679 0.7163074 -0.6929505 1.15298e-6 1 -3.84748e-5 -3.9978e-5 1 -8.15094e-5 0.1712861 0.7161895 -0.6765602 0.2395353 0.6355102 -0.7339957 0.1904624 0.7892318 -0.5838128 0.2769547 0.4507544 -0.8485969 0.3006538 0.2444372 -0.9218774 0.3099249 0.02637946 -0.9503951 0.09033775 0.02621197 -0.9955662 0.1483664 0.7966628 -0.5859317 0.1248834 0.8608536 -0.4932903 -2.27168e-5 1 1.07735e-5 0.0676586 0.9759304 -0.2073218 0.1323176 0.9045119 -0.4054015 0.03304386 0.7162194 -0.6970925 -0.05219 0.7162894 -0.695849 -3.77446e-5 1 -1.60784e-4 -0.1502133 0.02616107 -0.9883075 -0.09609103 0.7162905 -0.6911544 -0.1374601 0.7164021 -0.6840124 -8.1785e-5 1 -2.05606e-4 -0.1976767 0.7165697 -0.6689184 -0.3219574 0.02626222 -0.9463899 -0.2712048 0.7157825 -0.6435087 -6.13198e-4 0.9999991 -0.001233458 -0.5140025 0.02624094 -0.8573873 -0.3348966 0.7160502 -0.6124676 -0.4925773 0.4855614 -0.7222174 -0.589438 0.02626109 -0.8073866 -0.5207362 0.4687802 -0.7134977 -0.5701999 0.2545683 -0.7810679 -0.4503089 0.6012789 -0.6600649 -0.4303895 0.6835303 -0.5895346 -0.3930262 0.7166606 -0.576132 -3.68115e-5 1 -6.30878e-6 -0.1626256 0.961239 -0.2226489 -0.3078715 0.8528705 -0.4216957 0.3154835 0.02618497 -0.9485697 0.4841277 0.02669811 -0.87459 0.4696105 0.2444111 -0.8483686 0.3060528 0.2440473 -0.9202025 0.4322814 0.4508579 -0.7809353 0.2818065 0.4503535 -0.8472112 0.3740335 0.6352247 -0.6757134 0.2437487 0.6350345 -0.7330197 0.2976059 0.7888364 -0.5377433 0.1939043 0.7887458 -0.5833362 0.2067672 0.9042913 -0.3735031 0.1348572 0.9041312 -0.4054138 0.1060267 0.9757721 -0.1913825 0.06908899 0.975753 -0.207685 -7.18981e-6 1 -4.92111e-5 -4.52884e-5 1 1.21393e-5 0.5802737 0.02637189 -0.8139945 0.6023719 0.6440137 -0.4715873 0.5351997 0.0203166 -0.8444813 0.06247705 0.03299576 0.9975009 -0.4830985 0.302168 0.8217727 0.4531157 0.6435853 -0.6168341 -1.34356e-4 1 -1.53634e-4 0.1057002 0.9757363 -0.1917454 0.2062799 0.9042087 -0.3739722 0.297265 0.7887744 -0.5380228 0.3736551 0.6350785 -0.6760601 0.4779026 0.5583958 -0.678088 0.4958073 0.4730127 -0.7283092 0.4321945 0.4505039 -0.7811877 0.4696248 0.2440654 -0.8484602 0.4840155 0.02604287 -0.8746719 0.9854585 0.04999983 -0.1623937 0.9820964 0.09456491 -0.1629239 0.9911366 0.1081985 0.07708001 0.9955998 0.05261993 0.07753932 0.918555 0.04426687 -0.392807 0.9162562 0.07557445 -0.3933995 0.7974362 0.05242156 -0.601122 0.7983889 0.03648996 -0.6010355 0.6320367 0.02639997 -0.7744887 0.6325945 0.02572774 -0.7740558 0.4916265 0.0295161 -0.8703058 0.467411 0.02999621 -0.8835312 0.6611373 0.02620524 -0.7498072 0.6611041 0.02619278 -0.7498369 0.3002605 0.03140693 -0.9533401 0.2479093 0.03202068 -0.968254 0.09657859 0.03160119 -0.9948236 0.01444596 0.03220307 -0.999377 -0.1113835 0.03150022 -0.9932782 -0.2198317 0.03066551 -0.9750558 -0.3149995 0.02928274 -0.9486401 -0.4422139 0.02727538 -0.8964948 -0.513799 0.02576738 -0.8575236 -0.6397132 0.02277749 -0.7682762 -0.6886447 0.02039861 -0.724812 -0.801494 0.0165233 -0.5977745 -0.8303096 0.01509338 -0.557098 0.6386526 0.02634501 -0.7690441 0.6216914 -0.1973398 -0.7579954 0.6365168 0.02598667 -0.770825 0.5754618 -0.4113073 -0.7068734 0.5002189 -0.6044336 -0.6200332 -0.2501856 -0.9669535 -0.0490728 0.002673923 -0.9996561 -0.02608948 0.1446865 -0.9695562 -0.1975512 0.4674598 0.03007996 -0.8835025 0.6603109 0.02598416 -0.7505428 0.6608734 0.02629804 -0.7500366 -0.6396121 0.0224331 -0.7683704 -0.7668814 -0.1908512 -0.6127552 -0.4419397 0.02735441 -0.8966277 -0.8017557 0.01654869 -0.5974228 0.3181786 -0.7185041 -0.6184774 0.3996426 -0.7670671 -0.5018904 0.2792733 -0.8905966 -0.3589488 0.6406201 0.02608346 -0.7674149 0.3134714 -0.6897376 -0.6526851 -0.3018837 -0.9457824 -0.1198416 0.6440766 0.02612638 -0.7645148 0.2598387 -0.6893572 -0.6762177 0.2559577 -0.6587862 -0.7074508 -0.3543071 -0.9156805 -0.1897254 0.2020069 -0.6495069 -0.7330307 -0.4418495 -0.8457684 -0.2990735 0.6475834 0.02612519 -0.7615466 0.1944745 -0.5974271 -0.777985 0.1418578 -0.5751966 -0.8056212 -0.5120481 -0.7643048 -0.3919757 0.651583 0.02617681 -0.7581256 0.1386504 -0.5251655 -0.8396292 0.09439408 -0.4934104 -0.8646596 -0.5815053 -0.6621171 -0.4727076 0.6549023 0.02617871 -0.7552601 0.08986622 -0.4422684 -0.8923692 0.05965816 -0.4093853 -0.910409 -0.6476117 -0.5390295 -0.5385594 0.6571129 0.0261572 -0.7533383 0.05254971 -0.3572306 -0.9325369 0.02556902 -0.3145796 -0.9488867 -0.7136599 -0.3773952 -0.5901377 0.6589322 0.02598851 -0.7517532 0.01458585 -0.2547529 -0.9668962 -0.01214468 -0.1858769 -0.982498 -0.02538216 -0.1197225 -0.9924829 0.2480999 0.03218954 -0.9681996 0.01424205 0.03215211 -0.9993816 -0.2198204 0.03064781 -0.9750589 0.002660572 -0.9996575 -0.02603757 0.1446807 -0.9695428 -0.197622 0.002625048 -0.9996584 -0.02600502 0.1414991 -0.9695119 -0.2000621 0.2793399 -0.8905794 -0.3589398 0.2728613 -0.8907198 -0.363545 0.4000626 -0.7665321 -0.5023729 0.3905668 -0.7670693 -0.5089817 0.5005101 -0.6039041 -0.6203141 0.4889976 -0.6043365 -0.6290141 0.5755672 -0.411167 -0.7068693 0.5625974 -0.4111858 -0.7172242 0.6217371 -0.1974604 -0.7579265 0.6076645 -0.1975138 -0.7692414 0.636541 0.02582812 -0.7708104 0.6222801 0.02635532 -0.7823508 0.140367 -0.9695185 -0.2008258 0.140592 -0.9695602 -0.2004671 0.002684533 -0.9996567 -0.0260632 0.00265181 -0.9996583 -0.0260086 0.2714115 -0.8903972 -0.3654156 0.2713495 -0.8907002 -0.3647226 0.3882673 -0.7664832 -0.5116172 0.38901 -0.7666129 -0.5108581 0.4854704 -0.6041918 -0.6318787 0.5597912 -0.4112592 -0.7193746 0.4867106 -0.6040266 -0.6310822 0.5585384 -0.4108709 -0.7205692 0.6046662 -0.1979162 -0.7714973 0.6032678 -0.1969157 -0.7728469 0.6190048 0.02496349 -0.7849904 0.6176769 0.02646678 -0.7859866 0.3544316 -0.8444069 -0.4016905 0.3877981 -0.7670081 -0.511186 0.271055 -0.8905207 -0.3653795 0.1404402 -0.9695146 -0.2007932 0.0026322 -0.9996582 -0.02601295 0.002619922 -0.9996581 -0.02601867 0.4201778 -0.7756223 -0.4710211 0.4843034 -0.6898641 -0.5380871 0.6177861 0.02605694 -0.7859145 0.6033984 -0.1973278 -0.7726397 0.5586227 -0.4106252 -0.7206439 0.4854574 -0.60421 -0.6318715 0.7905243 0.0281912 -0.6117815 0.5450119 -0.6903375 -0.4758111 0.5813215 -0.6907019 -0.430112 0.002701699 -0.9996561 -0.0260877 0.6283943 -0.6914612 -0.3563737 0.003447532 -0.999648 -0.02630698 0.9155047 0.0284608 -0.4012993 0.6660642 -0.6922112 -0.2778527 0.6856338 -0.6930851 -0.2225743 0.9688344 0.02755129 -0.2461727 0.7055212 -0.6953902 -0.1366465 0.002664923 -0.9996615 -0.02588075 0.6217869 -0.7798152 -0.07258987 0.7789231 -0.6217613 -0.08180284 0.433399 -0.8992184 -0.05976283 0.2236957 -0.973664 -0.04403173 0.7868257 -0.5991988 -0.1478728 0.8513946 -0.5006987 -0.1562952 0.9712268 -0.2214081 -0.08773249 0.9964249 -0.006953597 -0.08419692 0.8973882 -0.432606 -0.08687013 0.9964354 0.02024692 -0.08189481 0.9962328 0.03466087 -0.07949239 0.9963985 -0.001597762 -0.08478027 0.99641 0.01064211 -0.08398813 0.9964606 0.001309454 -0.08405244 0.9964486 -0.001790106 -0.084185 0.9961528 0.02657169 -0.08350896 0.9962109 0.02443277 -0.08346807 0.9956816 0.04189962 -0.08284103 -0.976464 0.02641975 -0.2140563 -0.9659085 -0.2002446 -0.1640818 -0.9865577 0.02572882 -0.1613756 -0.9457262 -0.244093 -0.2145239 -0.8954327 -0.4161602 -0.1581494 -0.7783157 -0.6111047 -0.1441384 -0.8458195 -0.4947385 -0.1995573 -0.6212095 -0.7740054 -0.1225341 -0.4319521 -0.8969073 -0.09473598 -0.6864159 -0.7069649 -0.1703939 -0.2203899 -0.9734382 -0.0620203 0.00262326 -0.9996577 -0.0260353 -0.4886758 -0.8625466 -0.1311843 -0.2411028 -0.9672474 -0.07938516 0.002587199 -0.9996567 -0.02607369 -0.5149922 -0.8380068 -0.1803547 -0.6212344 -0.7739788 -0.122576 -0.4320333 -0.8968625 -0.09478825 -0.2203308 -0.9734526 -0.06200462 0.002653717 -0.999658 -0.02601945 -0.01077854 -0.9768396 -0.2137017 -0.6102987 -0.7697979 -0.186941 -0.9865611 0.02622902 -0.1612742 -0.9659067 -0.2003266 -0.1639926 -0.895247 -0.416521 -0.1582508 -0.7783048 -0.6111477 -0.1440154 -0.9912745 0.02637046 -0.1291491 -0.7030684 -0.6603386 -0.2639086 -0.7034744 -0.636277 -0.3166629 -0.02465426 -0.9186188 -0.3943752 -0.9944955 0.02608776 -0.1014806 -0.7047047 -0.6006016 -0.3777158 -0.7064681 -0.5582344 -0.43506 -0.03923332 -0.804004 -0.5933284 -0.9964905 0.02627646 -0.07947468 -0.7085821 -0.5146831 -0.482714 -0.7110493 -0.4599514 -0.5318399 -0.05251246 -0.6442018 -0.7630509 -0.9977263 0.0262975 -0.06205397 -0.7128773 -0.4044808 -0.5728885 -0.7152537 -0.3390992 -0.6110841 -0.06211972 -0.4510287 -0.8903451 -0.9984723 0.02559101 -0.04897171 -0.7168094 -0.2776782 -0.639593 -0.7184568 -0.2063258 -0.6642662 -0.0691055 -0.2357659 -0.9693498 -0.9989109 0.0250796 -0.03934806 -0.7197586 -0.1389082 -0.6801853 -0.7203754 -0.1017725 -0.6860771 -0.0728203 3.90336e-5 -0.9973451 -0.9990355 0.02535003 -0.03585523 -0.80669 -0.01336675 -0.5908235 -0.9611319 0.02440226 -0.2750095 -0.9990671 0.02602022 -0.03446447 -0.8661734 0.02175551 -0.4992698 -0.7202579 0.01769077 -0.6934808 -0.5318483 0.01238048 -0.8467493 -0.3114589 0.006502211 -0.9502374 -0.151291 0.002156317 -0.988487 -0.0729115 -6.85616e-6 -0.9973384 -0.07403284 9.39112e-6 -0.9972558 -0.2271842 0.004030644 -0.9738435 -0.3111349 0.006270587 -0.9503452 -0.2901216 0.006069779 -0.9569706 -0.321359 0.006634414 -0.9469343 -0.3393269 0.006986439 -0.9406427 -0.3472541 0.007369995 -0.9377422 -0.3477687 0.007541537 -0.9375501 -0.3731658 0.007747054 -0.9277324 -0.3802153 0.008026719 -0.9248632 -0.5314419 0.01244288 -0.8470034 -0.5762546 0.0136078 -0.817157 -0.7203191 0.01763218 -0.6934188 -0.7474798 0.01827728 -0.664033 -0.8662506 0.02170109 -0.4991381 -0.8793301 0.02160143 -0.4757226 -0.9610886 0.02469807 -0.275134 -0.9648069 0.02462559 -0.2618039 -0.9990549 0.02622467 -0.03466594 -0.9990696 0.02617156 -0.03427606 -0.307666 0.0523321 0.9500542 -0.307798 0.05242711 0.9500062 -0.3076497 0.05233246 0.9500595 -0.3076109 0.0523144 0.9500731 -0.3076992 0.05233043 0.9500436 -0.3076303 0.05229777 0.9500678 -0.3076102 0.05228477 0.950075 -0.3076349 0.05227327 0.9500676 -0.3076846 0.0523287 0.9500485 -0.3076956 0.05232566 0.950045 -0.3076921 0.05232292 0.9500463 -0.3077045 0.05233067 0.9500418 -0.3077038 0.05233311 0.950042 -0.3077092 0.05234163 0.9500398 -0.307708 0.05234211 0.9500401 -0.30771 0.05234867 0.950039 -0.3077084 0.05234259 0.95004 -0.3076849 0.05237215 0.9500459 -0.3077324 0.05287092 0.950003 -0.3076476 0.05494827 0.9499125 -0.3080373 0.01866775 0.9511911 -0.3077569 -0.05179095 0.9500544 -0.3081063 -0.0169478 0.9512011 -0.3077881 -0.05113941 0.9500796 0.002654969 0.9996573 -0.02604246 0.00265479 0.9996574 -0.02604228 0.00265479 0.9996573 -0.02604341 0 1 0 0 1 5.41197e-7 -2.53795e-7 1 -5.51349e-7 0 1 3.45401e-7 0 1 0 -1.37255e-7 1 2.98176e-7 0 1 1.27998e-7 1.28881e-7 1 1.93397e-7 4.04958e-7 1 0 0 1 0 0 1 3.39976e-7 0 1 0 0 1 3.72042e-7 0 1 -3.27966e-5 0 1 6.25194e-7 0 1 2.17083e-7 0 1 1.51004e-7 0 1 0 0 1 -9.83553e-6 0 1 4.542e-6 0 1 1.61758e-6 -0.3511593 -0.02619856 -0.9359492 -0.3475319 -0.02620095 -0.9373021 -0.376127 -0.02620798 -0.9261975 -0.4069067 -0.02619653 -0.9130941 -0.4277601 -0.02618372 -0.9035131 -0.5293574 -0.02618354 -0.8479949 -0.4486054 -0.02620279 -0.8933457 -0.6328042 -0.02621787 -0.7738679 -0.6866624 -0.02621102 -0.7265038 -0.7865322 -0.02621245 -0.6169927 -0.8168784 -0.02619785 -0.5762147 -0.9022365 -0.02620017 -0.430445 -0.9147862 -0.02618694 -0.4030886 -0.9744523 -0.02618521 -0.2230634 -0.9764297 -0.02621066 -0.2142387 -0.9865432 -0.02618134 -0.1613917 -0.9764615 -0.02621716 -0.2140927 -0.9913029 -0.02619773 -0.1289666 -0.9996446 -0.02619987 -0.00492984 -0.9944958 -0.02618569 -0.1014523 -0.9964961 -0.02622336 -0.07942336 -0.9977957 -0.02622133 -0.0609616 -0.9789834 -0.02620172 0.2022498 -0.9766029 -0.02621853 0.2134466 -0.9806461 -0.02612191 0.1940382 -0.9813058 -0.02611583 0.1906749 -0.9985496 -0.0262168 -0.04702669 -0.9991113 -0.02623343 0.03299427 -0.9990599 -0.02618509 -0.03455251 -0.9990561 -0.02626419 -0.0346015 -0.9990249 -0.02612638 -0.0355913 -0.9989308 -0.02623969 -0.03806579 -0.9946032 -0.02619117 0.1003916 -0.9855536 -0.02619934 0.1673252 0.9961709 -0.02618151 -0.08341556 0.9961709 -0.02617526 -0.08341819 0.9961705 -0.0261771 -0.08342218 0.9961663 -0.0263738 -0.08340948 0.9961698 -0.02616703 -0.08343309 0.9961727 -0.02616888 -0.08339887 0.9961677 -0.02617818 -0.08345544 0.9961772 -0.0261715 -0.0833432 0.9961702 -0.02617812 -0.0834248 0.9961578 -0.02657413 -0.08344709 0.996213 -0.0244317 -0.08344477 0.9964506 0.001792132 -0.08416169 0.9956761 -0.04190909 -0.08290362 0.9964101 -0.01064139 -0.08398717 0.9964606 -0.001309454 -0.08405244 -0.07427042 -1.19162e-5 -0.9972382 -0.07439959 5.36414e-5 -0.9972286 -0.0746169 -5.92749e-5 -0.9972124 -0.0746169 -5.9252e-5 -0.9972123 -0.0746169 -5.92591e-5 -0.9972124 -0.07393717 3.73181e-5 -0.997263 -0.07393717 3.73468e-5 -0.997263 -0.07374596 3.73323e-5 -0.9972771 -0.07233333 -5.99901e-4 -0.9973804 -0.07385575 -1.28998e-4 -0.9972689 -0.07442742 -1.30486e-4 -0.9972265 -0.07517111 -1.36771e-4 -0.9971708 -0.07401901 -7.22266e-5 -0.9972569 -0.07447135 5.9188e-4 -0.9972231 -0.07443845 6.29175e-4 -0.9972254 -0.07443851 6.29106e-4 -0.9972254 -0.07625663 -1.6624e-4 -0.9970883 -0.07625639 -1.6612e-4 -0.9970883 -0.07615566 -1.98867e-4 -0.997096 -0.07425105 2.46615e-5 -0.9972397 -0.07430523 -4.75723e-5 -0.9972355 -0.07410871 -8.2889e-5 -0.9972502 -0.07410877 -8.28825e-5 -0.9972503 -0.07410877 -8.28816e-5 -0.9972503 -0.07439118 -2.65997e-4 -0.9972291 -0.07454514 9.59111e-6 -0.9972177 -0.07440406 5.61364e-5 -0.9972282 -0.07413417 2.54536e-4 -0.9972483 -0.07252222 0.001967906 -0.9973649 -0.0725224 0.001968026 -0.9973648 -0.07252258 0.001968204 -0.9973648 -0.07412272 -6.95014e-4 -0.9972489 -0.07412272 -6.95001e-4 -0.9972489 -0.07402169 -7.29781e-4 -0.9972564 -0.07427108 1.40909e-5 -0.9972382 -0.07427048 0 -0.9972382 0.9961687 -0.02620398 -0.08343517 0.9961674 -0.02620285 -0.08345168 0.9688031 -0.02780371 -0.2462671 0.9458265 -0.02817988 -0.3234472 0.9156843 -0.02849948 -0.4008867 0.8383613 -0.02849775 -0.5443696 0.7903283 -0.02822655 -0.6120332 0.7382533 -0.02767068 -0.6739559 0.617724 -0.02618384 -0.785959 0.6173377 -0.02694064 -0.7862369 -0.8943366 -0.0261982 -0.4466273 -0.8943925 -0.02619516 -0.4465155 -0.8175727 -0.02617663 -0.5752302 -0.8178226 -0.02615118 -0.574876 -0.7262443 -0.02619963 -0.6869373 -0.7268497 -0.02619981 -0.6862967 -0.6154614 -0.02619576 -0.7877316 -0.6160781 -0.02620124 -0.7872492 -0.7491393 -0.02619987 -0.6618942 -0.7491521 -0.02606219 -0.6618851 -0.8300397 -0.02618271 -0.5570893 -0.8619012 -0.0261985 -0.5063992 -0.8964554 -0.02619671 -0.4423592 -0.8992029 -0.0261752 -0.4367483 -0.9016582 -0.02608978 -0.4316619 -0.7549139 -0.02617746 -0.6553012 -0.6959796 -0.02623355 -0.7175822 -0.7515101 -0.02619498 -0.6592013 -0.5715975 -0.02619332 -0.8201159 -0.7577741 -0.02612358 -0.6519939 -0.6358761 -0.02619636 -0.7713465 -0.5716146 -0.02613526 -0.8201059 -0.5019032 -0.02619761 -0.864527 -0.5715105 -0.02620363 -0.8201764 -0.5716732 -0.02620035 -0.820063 -0.5487141 -0.02618646 -0.8356 -0.5254214 -0.02618241 -0.8504393 -0.5016442 -0.026174 -0.8646781 -0.212293 -0.02619779 -0.9768549 -0.2970361 -0.02620363 -0.9545066 -0.3781615 -0.02620804 -0.9253686 -0.2122197 -0.02612662 -0.9768728 -0.4171907 -0.02620089 -0.9084413 -0.50336 -0.02620583 -0.8636794 -0.5059424 -0.01654374 -0.8624086 -0.522852 0.04791456 -0.8510758 -0.09915363 -0.02617925 -0.9947277 -0.2140295 -0.03626221 -0.9761539 -0.2123815 -0.06693112 -0.974892 -0.2142168 -0.02620095 -0.9764347 0.01297748 -0.026187 -0.9995729 0.02315813 -0.02618587 -0.9993888 0.2327191 -0.02620226 -0.972191 0.2593563 -0.02616465 -0.9654273 0.4680377 -0.02619314 -0.8833202 0.4807288 -0.02618849 -0.8764782 0.6746541 -0.02619695 -0.7376691 0.002654373 0.9996571 -0.02605098 -0.007134735 0.9871717 -0.1595032 0.002654254 0.9996572 -0.02605265 -0.01114165 0.9768299 -0.2137271 -0.01705634 0.9557439 -0.2937051 -0.02465051 0.9186169 -0.3943797 -0.03485983 0.8513062 -0.5235099 -0.02587956 0.9114757 -0.410539 -0.03969287 0.8039005 -0.5934379 -0.04511761 0.7469059 -0.6633973 -0.0526641 0.6458182 -0.7616729 -0.06275993 0.457929 -0.8867707 -0.05216199 0.6539129 -0.7547696 -0.06294482 0.4523258 -0.8896288 -0.06979501 0.2359868 -0.9692466 -0.06979006 0.2331623 -0.9699303 -0.07156676 2.68072e-5 -0.9974359 -0.07283872 -1.02818e-6 -0.9973438 1.87755e-6 -1 -3.87281e-5 -2.2769e-5 -1 -4.64097e-5 -0.9744598 -0.02607983 -0.2230427 1.00434e-5 -1 -5.06639e-7 -0.9022247 -0.02613621 -0.4304736 -2.00868e-5 -1 5.36442e-6 -0.7865325 -0.02608764 -0.6169977 -0.4352049 -0.2442958 -0.8665543 -0.6328955 -0.02618956 -0.7737942 -0.448685 -0.02621006 -0.8933055 -0.4006475 -0.4506855 -0.7977245 -0.3467324 -0.6350381 -0.6902921 -0.2758837 -0.7887548 -0.5493215 -0.1917215 -0.9042011 -0.3816588 -0.0982058 -0.975771 -0.1955161 4.49195e-5 -1 -1.26213e-5 -0.8777609 -0.4365822 0.1973118 -0.9477154 -0.2376741 0.2129476 -0.9765899 -0.0261811 0.2135107 -0.8768696 -0.4363344 0.2017719 -0.76475 -0.6209982 0.17181 -0.7634708 -0.6206594 0.1785901 -0.6060565 -0.7836209 0.1365057 -0.6040577 -0.783937 0.1433779 -0.4252313 -0.9000324 0.09550005 -0.423803 -0.8999567 0.1023185 -0.2134983 -0.9757667 0.04793548 2.76789e-5 -1 -8.97422e-6 3.3021e-5 -1 1.05053e-6 -0.08206593 -0.996405 0.02103245 -0.129646 -0.9910195 0.03274738 -0.3184779 -0.9447323 0.07780045 -0.2118259 -0.9758929 0.05256414 -0.7837005 -0.6207252 0.02266919 -0.999653 -0.02588146 -0.004924952 -0.6206727 -0.7838645 0.01794391 -0.4358419 -0.8999348 0.01261335 -0.2187777 -0.9757546 0.006278514 -0.9713361 -0.2376629 -0.004748821 -0.8996326 -0.4366259 -0.004385769 -0.7840507 -0.6206848 -0.003892242 -0.6208288 -0.7839403 -0.003024816 -0.4358122 -0.900035 -0.002195656 -0.2188822 -0.9757508 -0.001037418 -0.7687326 -0.6207039 -0.154198 -0.6087087 -0.7839366 -0.1221359 -0.427258 -0.900049 -0.08580559 -0.214583 -0.9757503 -0.04319339 -0.7142747 -0.6207916 -0.3231555 -0.5656661 -0.7838987 -0.2559781 -0.3972391 -0.8999466 -0.179715 -0.1994717 -0.9757326 -0.09031653 -0.7153588 -0.4364401 -0.5456939 -0.6231633 -0.6208941 -0.4755609 -0.4937033 -0.7838442 -0.3766238 -0.3464833 -0.8999961 -0.264493 -0.1739733 -0.9757481 -0.1328503 -0.5741682 -0.4365219 -0.6926613 -0.5005587 -0.6208035 -0.6033607 -0.3963476 -0.7838167 -0.4780585 -0.2782804 -0.8999724 -0.3355737 -0.1396054 -0.9757793 -0.16842 0.9663295 -0.2442516 -0.08092284 0.9961624 -0.02648901 -0.08342069 0.9961822 -0.02581536 -0.08339583 0.9663296 -0.244251 -0.08092302 0.8896214 -0.4505814 -0.07449918 0.8895552 -0.4507141 -0.07448762 0.7696902 -0.6351556 -0.06445527 0.7697544 -0.6350777 -0.06445616 0.612623 -0.7887086 -0.05130243 0.6124706 -0.7888271 -0.0512979 0.4256479 -0.9041863 -0.03565037 0.4256153 -0.9042018 -0.03564906 0.218085 -0.9757589 -0.01826685 0.2181376 -0.9757471 -0.0182684 0 -1 3.43099e-6 3.56819e-5 -1 -2.10159e-5 0.7383586 -0.02771788 -0.6738385 0.6025386 -0.6438543 -0.4715919 0.8381804 -0.02843266 -0.5446515 0.6173425 -0.02626258 -0.786256 0.5988134 -0.7968651 -0.08017843 0.9663358 -0.244215 -0.0809583 0.99617 -0.02622574 -0.08341217 0.889588 -0.4506321 -0.07459151 0.7696769 -0.6351739 -0.06443339 0.6127036 -0.7886493 -0.05125063 0.5045295 -0.8607633 -0.06735509 3.37362e-5 -1 -6.16163e-6 -3.13241e-5 -1 -2.80142e-6 0.425711 -0.9041587 -0.03560036 0.2180637 -0.9757657 -0.0181564 0.6744131 -0.7168902 -0.1767358 3.99351e-6 -1 2.33948e-5 0.9457027 -0.02818381 -0.3238089 0.6647601 -0.7170083 -0.2097455 0.6459898 -0.7171251 -0.2615894 -4.55976e-6 -1 -2.58312e-5 0.6088557 -0.7171694 -0.3390617 0.7177197 -0.01253461 -0.6962193 0.7175742 -0.01830875 -0.6962414 0.7176559 -0.001913368 -0.6963953 0.7174237 -0.03667604 -0.695671 0.7175392 -0.01046919 -0.6964395 0.7176494 -0.01916503 -0.6961409 0.7179316 0.004496991 -0.6960991 0.7174742 -0.01528906 -0.6964173 -5.90728e-5 -1 -1.20625e-4 1.81809e-4 -1 -1.22562e-4 0.02322077 -0.02610057 -0.9993896 0.2610269 -0.9296074 -0.2601832 0.1327704 -0.982263 -0.1324067 0.6285397 -0.4140287 -0.658421 0.5058574 -0.6977142 -0.5072509 0.3799221 -0.8438386 -0.3789402 0.4847674 -0.7289658 -0.4833315 -0.002794563 -0.9822669 -0.1874675 -5.52163e-5 -1 -4.67498e-5 -0.0468955 -0.9757636 -0.2137438 -0.005646705 -0.9296663 -0.3683596 -0.09159922 -0.9041721 -0.417232 -0.00830233 -0.8440188 -0.5362493 -0.131711 -0.7888726 -0.6002767 -0.01048338 -0.7284565 -0.6850118 -0.1654734 -0.6352367 -0.7543824 -0.01383244 -0.4507162 -0.8925601 -0.1912796 -0.4506471 -0.8719688 -0.014903 -0.2443846 -0.9695639 -0.2142477 -0.02649235 -0.9764201 -0.2078329 -0.2443794 -0.9471454 0.03456062 -0.9822623 -0.1843 0.06788927 -0.9296679 -0.3620894 0.09869986 -0.8440185 -0.5271538 0.1261898 -0.7285108 -0.6733114 0.1643911 -0.4506993 -0.8774085 0.1785482 -0.2443836 -0.9530987 0.2593834 -0.02613288 -0.9654209 0.1776949 -0.7285394 -0.661555 -3.01935e-5 -1 1.2055e-5 0.2316148 -0.4506548 -0.8621281 0.251554 -0.2441779 -0.936535 0.07062321 -0.9822577 -0.1737304 0.1387339 -0.9296286 -0.341385 0.2017883 -0.8439459 -0.4970282 0.2579176 -0.7283997 -0.6347538 0.3359721 -0.45064 -0.827071 0.3650673 -0.2442166 -0.8983786 0.4806655 -0.02606451 -0.8765166 0.3294022 -0.7284587 -0.6007015 2.67848e-6 -1 2.66284e-5 0.4292588 -0.4507038 -0.7826895 0.4662585 -0.2443063 -0.8502455 0.1038446 -0.9822469 -0.156229 0.2039342 -0.9296557 -0.3068405 0.2968179 -0.8440058 -0.4467141 0.3791772 -0.7284705 -0.5705746 0.4940465 -0.4508355 -0.7434148 0.5366701 -0.2443615 -0.807634 0.6746936 -0.02630907 -0.737629 0.4624044 -0.7284416 -0.5055246 -9.99719e-5 -1 9.45479e-5 0.6024593 -0.4508008 -0.6586512 0.6544508 -0.2445181 -0.7154754 -0.2367274 -0.860573 -0.4509704 -1.11178e-4 -1 -9.23872e-7 -0.1102213 -0.975759 -0.1890651 -0.215061 -0.9042135 -0.3689808 -0.3095181 -0.7888231 -0.5309962 -6.43522e-4 -0.9999991 -0.001267313 -0.2810652 -0.7963538 -0.5355587 -0.32467 -0.7156682 -0.6183919 -0.5034343 -0.02614188 -0.8636381 -0.3778211 -0.02620559 -0.9255077 -0.3889263 -0.6351323 -0.6673405 -0.4494507 -0.4506992 -0.7712745 -0.4882881 -0.2442647 -0.8378005 -0.2806342 -0.7157098 -0.6395342 -0.001115441 -0.9999949 -0.003022432 -0.2529902 -0.7150047 -0.6517395 -0.2246606 -0.7149905 -0.6620546 -0.2967581 -0.02623921 -0.9545921 -0.1785048 -0.7162766 -0.6745991 -1.50055e-4 -1 -6.76513e-5 -0.04694062 -0.9757282 -0.2138952 -0.09140098 -0.904143 -0.4173386 -0.1314927 -0.7887654 -0.6004655 -0.1652799 -0.6351985 -0.7544572 -0.1998021 -0.6248597 -0.7547382 -0.2165566 -0.5311647 -0.819126 -0.2139058 -0.02639764 -0.9764977 -0.1911363 -0.4505635 -0.8720433 -0.2075234 -0.244361 -0.947218 -0.5487245 -0.0265749 -0.8355808 -0.5544921 -0.2443707 -0.7955009 -0.5717599 -0.02654665 -0.8199915 -0.1099107 -0.9757565 -0.1892595 -4.19542e-5 -1 2.97427e-5 -4.12315e-5 -1 -5.83753e-5 -0.1202014 -0.9757441 -0.1829619 0.001282989 -0.9999988 -9.22784e-4 -0.1251615 -0.9757491 -0.1795784 -1.25393e-5 -1 -3.57181e-5 -0.2343721 -0.9042496 -0.3569347 -0.244262 -0.9041798 -0.3504214 -0.3375256 -0.788616 -0.5139662 -0.3514195 -0.7888118 -0.5042623 -0.4239894 -0.6350961 -0.645667 -0.4416226 -0.6351416 -0.6336914 -0.4901922 -0.450128 -0.7463889 -0.5104396 -0.4505771 -0.732415 -0.1150409 -0.9757533 -0.1862018 -0.2143672 -0.90421 -0.3693925 -0.5323364 -0.2440783 -0.8105824 -0.2245416 -0.9041785 -0.3633764 -0.3086301 -0.7887534 -0.5316162 -0.3231742 -0.7886158 -0.5231094 -0.3878297 -0.6349592 -0.6681429 -0.4059934 -0.6350859 -0.6571419 -0.4480983 -0.450663 -0.7720822 -0.4693378 -0.4502784 -0.7595865 -0.4867011 -0.2442753 -0.8387203 -0.5097436 -0.2440853 -0.8249751 -0.5254675 -0.02607989 -0.850414 -0.5017098 -0.02616137 -0.8646404 -2.63006e-6 -1 8.82149e-6 -6.48964e-5 -1 -3.49961e-5 -0.1644959 -0.9757634 -0.1443153 -0.5716314 -0.02639287 -0.8200859 -0.5544239 -0.2444247 -0.7955317 -0.6358733 -0.02630132 -0.7713451 -0.1524139 -0.9757326 -0.157213 -0.2975133 -0.9040938 -0.3067578 -0.3209377 -0.9042789 -0.2815648 -0.4279689 -0.7887435 -0.4412783 -0.4620646 -0.7887828 -0.405362 -0.5377033 -0.635143 -0.5544986 -0.5806347 -0.6351464 -0.5093647 -0.621467 -0.4506766 -0.6408349 -0.6710959 -0.4506827 -0.5886557 -0.6751179 -0.2440998 -0.6961546 -0.7515204 -0.02703368 -0.6591559 -0.6959265 -0.02600222 -0.7176421 -0.7289312 -0.2445518 -0.6394168 -0.1392659 -0.9757403 -0.168926 5.63785e-5 -1 1.31577e-5 2.53916e-5 -1 1.76579e-5 -0.1252132 -0.9757477 -0.1795499 -0.2717203 -0.9041711 -0.3296101 -0.2442982 -0.9041427 -0.3504917 -0.3910059 -0.7887112 -0.4743933 -0.3514532 -0.7887979 -0.5042603 -0.491383 -0.6350493 -0.5960329 -0.4416962 -0.6350666 -0.6337152 -0.5678647 -0.450502 -0.688896 -0.5105293 -0.4506006 -0.732338 -0.6167433 -0.2443846 -0.7482673 -0.001804947 -0.9999977 -0.001250267 -5.59762e-5 -1 -2.08556e-5 -0.1963065 -0.9757378 -0.09695231 -0.3830228 -0.9041856 -0.1890553 -0.8297513 -0.02623516 -0.5575164 -0.800612 -0.4505431 -0.3950081 -0.8695697 -0.2442569 -0.4291704 -0.8964476 -0.02605974 -0.442383 -0.1643221 -0.9757156 -0.144835 -5.53578e-5 -1 -9.88841e-5 -0.320551 -0.904164 -0.2823731 -0.7276522 -0.2443236 -0.6409589 -0.6700126 -0.4504076 -0.5900985 -0.7501661 -0.02684116 -0.6607045 -0.5799428 -0.7154238 -0.3896603 -0.5510435 -0.7889439 -0.27188 -0.6926817 -0.6351318 -0.3417598 -0.461187 -0.788833 -0.4062623 -0.5796086 -0.6351788 -0.5104918 -0.8178392 -0.02628868 -0.574846 -0.866294 -0.2443718 -0.4356803 -0.7976391 -0.4504203 -0.4011155 -0.8930521 -0.02651816 -0.4491712 -3.61204e-5 -1 -1.87755e-6 -0.1955473 -0.9757605 -0.09824854 -2.33576e-5 -1 1.07139e-5 -0.3814188 -0.9043046 -0.1917104 -0.597623 -0.2544115 -0.7603431 -0.6178289 -0.02604401 -0.7858812 -0.7260018 -0.02635133 -0.6871877 -0.5457619 -0.4687888 -0.6945366 6.44661e-6 -1 2.67257e-5 -0.1701775 -0.9612532 -0.2168684 -2.06083e-5 -1 -1.39773e-5 -0.5707685 -0.7164059 -0.4012306 -0.5489039 -0.7890199 -0.275957 -0.6901756 -0.6349946 -0.3470441 -0.5401372 -0.7164234 -0.441576 -0.5065283 -0.716429 -0.4797486 -0.3223962 -0.8528859 -0.4106657 -0.4508244 -0.6836445 -0.573923 0.08200877 -0.716301 -0.6929557 -4.06671e-5 -1 -4.45545e-5 3.32221e-5 -1 -1.87159e-5 0.1248854 -0.860867 -0.4932665 -2.6539e-5 -1 -1.06823e-6 0.06765669 -0.9759299 -0.2073243 0.1323176 -0.904514 -0.4053968 0.1904618 -0.7892397 -0.5838022 0.1483758 -0.7966513 -0.585945 0.1712813 -0.7161686 -0.6765835 0.3098983 -0.02632236 -0.9504054 0.09034341 -0.02618891 -0.9955664 0.2395409 -0.6355323 -0.7339747 0.2769652 -0.4507668 -0.8485868 0.3006426 -0.244436 -0.9218813 0.03301876 -0.7162453 -0.697067 -0.05208843 -0.7162693 -0.6958772 -0.1501891 -0.02618962 -0.9883103 6.83591e-6 -1 -4.98891e-5 -0.09608113 -0.7163057 -0.6911402 -0.1374741 -0.7163819 -0.6840307 -9.41083e-5 -1 -2.85953e-4 -0.1976485 -0.7166063 -0.6688876 -0.321842 -0.02631801 -0.9464276 -0.2711113 -0.7157952 -0.6435339 -0.5140195 -0.02614539 -0.8573801 -6.01381e-4 -0.9999992 -0.001190423 -0.3348613 -0.716116 -0.61241 -0.393068 -0.7165092 -0.5762917 -4.18052e-5 -1 2.40356e-5 -0.1625185 -0.9612547 -0.2226595 -0.3078189 -0.8528909 -0.4216929 -0.4303095 -0.6835571 -0.5895621 -0.4505054 -0.6005865 -0.6605609 -0.5208485 -0.4687982 -0.7134039 -0.4927182 -0.4850896 -0.7224382 -0.5894793 -0.02598571 -0.8073654 -0.5702393 -0.2544255 -0.7810857 0.06908565 -0.9757506 -0.2076966 -1.57868e-5 -1 -1.83233e-5 0.1060226 -0.9757757 -0.1913668 -5.37746e-5 -1 3.23877e-5 0.1348593 -0.904119 -0.4054403 0.2067686 -0.904288 -0.3735104 0.1939061 -0.788758 -0.5833192 0.2976104 -0.7888403 -0.5377353 0.2437397 -0.6350349 -0.7330222 0.3740518 -0.6352512 -0.6756783 0.2817873 -0.4503254 -0.8472325 0.43229 -0.4508716 -0.7809227 0.3060565 -0.2440455 -0.9202018 0.4696046 -0.2444059 -0.8483733 0.315519 -0.02617853 -0.9485582 0.4841343 -0.02669996 -0.8745863 0.6023719 -0.644015 -0.4715855 0.580277 -0.02637439 -0.813992 0.5352036 -0.02021658 -0.8444811 -0.2658265 -0.4753586 0.8386719 0 0 1 0.4957937 -0.4730189 -0.7283144 0.4321869 -0.4504949 -0.7811972 0.3736639 -0.6350884 -0.6760459 0.4696271 -0.2440649 -0.8484591 0.4840331 -0.02604913 -0.8746619 0.4778988 -0.5584042 -0.6780838 0.4531133 -0.6435759 -0.6168456 -1.12936e-4 -1 -8.367e-5 0.1056812 -0.9757385 -0.1917447 0.2062757 -0.9042049 -0.3739839 0.2972664 -0.7887702 -0.5380282 -0.8184545 -0.02555966 -0.5740027 -0.8625821 -0.2905899 -0.4141372 -0.8883105 -0.02681344 -0.4584601 -0.882297 -0.02598482 -0.4699754 0.03785079 -0.9969103 0.06882733 0.03107982 -0.9964821 0.07783067 -0.2002176 -0.9789649 -0.03925192 -0.6125676 -0.0262742 -0.7899814 -0.7258644 -0.02580112 -0.6873537 -0.6089032 -0.02627015 -0.7928094 -0.5876759 -0.2951344 -0.7533478 0.05869197 -0.9960927 0.06599098 0.0479353 -0.996728 0.06508034 -0.1047758 -0.9842486 -0.1423965 -0.5646198 -0.7401185 -0.3652795 -0.4346446 -0.8858157 -0.1625265 -0.6202335 -0.7384122 -0.2646844 -0.7689665 -0.5336477 -0.3520094 -0.5303829 -0.7420752 -0.4099006 -0.4928334 -0.7435889 -0.4518749 -0.2717228 -0.8946182 -0.3547182 -0.4062759 -0.7477095 -0.5252337 -0.515915 -0.5414766 -0.6638034 -0.2023655 -0.9791547 -0.0174492 -0.2007848 -0.978891 -0.0381816 0.03121012 -0.9964792 0.07781571 0.005638837 -0.9833525 0.1816211 -0.2357098 -0.6122 0.754753 -0.4296615 -0.8886463 -0.1603083 -0.4354044 -0.8858614 -0.1602267 -0.6083892 -0.7423141 -0.2807714 -0.6214124 -0.7385098 -0.2616292 -0.7500791 -0.5369171 -0.3861366 -0.7705753 -0.5336537 -0.3484646 -0.8366759 -0.2919456 -0.463402 -0.8644412 -0.2905495 -0.4102713 -0.8619163 -0.02592492 -0.5063875 -0.8962561 -0.02629351 -0.4427571 -0.2021114 -0.9791969 -0.0180158 0.2777925 -0.950342 0.1402907 0.1453396 -0.9807546 0.1303728 -0.0128954 -0.993716 0.111186 -0.2068036 -0.9763445 -0.06311798 -0.4290186 -0.8887513 -0.1614443 -0.3993256 -0.8833155 -0.2455464 -0.6075882 -0.7424832 -0.2820557 -0.5485324 -0.7362846 -0.3962288 -0.749306 -0.537338 -0.3870512 -0.6647565 -0.5318857 -0.5245916 -0.8363177 -0.292449 -0.4637309 -0.7331826 -0.2899067 -0.6151402 -0.7439432 -0.02691 -0.667701 -0.8618999 -0.02639651 -0.5063911 -0.7389554 -0.02607256 -0.6732497 -0.7514871 -0.02655827 -0.6592131 -0.5778416 -0.2477002 -0.7776526 -0.5715852 -0.02616691 -0.8201254 -0.735399 -0.2895752 -0.6126456 -0.5548131 -0.4563862 -0.6956251 -0.6667785 -0.5315893 -0.522321 -0.5035541 -0.6418469 -0.5783303 -0.5501943 -0.7360044 -0.3944411 -0.4266722 -0.79478 -0.4315966 -0.4004971 -0.8831372 -0.2442761 -0.3280752 -0.9073328 -0.2628952 -0.2072975 -0.9762837 -0.0624333 -0.2127196 -0.9737694 -0.08076888 -0.01281529 -0.9937153 0.1112012 -0.08673286 -0.9906507 0.1053031 -0.1212993 -0.9871864 0.10368 -0.2126712 -0.9737787 -0.08078521 -0.0867635 -0.9906598 0.1051917 -0.2567311 -0.956019 -0.1418339 -0.3279918 -0.9073335 -0.2629967 -0.3689412 -0.8525955 -0.3700856 -0.4265947 -0.7947792 -0.4316749 -0.4531244 -0.68592 -0.5693788 -0.5033535 -0.6419686 -0.5783698 -0.5028867 -0.4715385 -0.7244009 -0.5546503 -0.4564484 -0.6957141 -0.516624 -0.2559096 -0.817074 -0.5778828 -0.2473852 -0.7777223 -0.4966515 -0.02164101 -0.8676803 -0.571538 -0.02567791 -0.8201738 -0.490589 -0.01603949 -0.8712435 -0.502803 -0.02613919 -0.8640058 -0.4424726 -0.2441606 -0.8629043 -0.4170563 -0.02591568 -0.9085111 -0.5176262 -0.2556601 -0.8165178 -0.445453 -0.4500597 -0.7739624 -0.5038808 -0.4713663 -0.7238219 -0.4261488 -0.632915 -0.6463868 -0.4539878 -0.6857414 -0.5689058 -0.3854473 -0.7842582 -0.4861787 -0.3696458 -0.8524503 -0.3697169 -0.3253654 -0.8961924 -0.3016234 -0.2570898 -0.9559484 -0.1416605 -0.248885 -0.9631485 -0.1019859 -0.1213905 -0.9871714 0.103716 -0.1599276 -0.9817543 0.1028673 -0.2641875 -0.9597473 0.09534281 -0.2488834 -0.9631487 -0.1019886 -0.1598592 -0.9817585 0.102934 -0.3145221 -0.9315774 -0.1823173 -0.3253079 -0.8962019 -0.3016571 -0.3392363 -0.8320971 -0.4387861 -0.3854491 -0.7842785 -0.4861444 -0.3380916 -0.6702233 -0.6606776 -0.4260842 -0.6329318 -0.6464129 -0.3119726 -0.4612238 -0.8306298 -0.4453842 -0.4500439 -0.7740113 -0.2703738 -0.2506631 -0.9295516 -0.4423747 -0.2440789 -0.8629776 -0.2519897 -0.02466487 -0.9674156 -0.417176 -0.02596509 -0.9084547 -0.3047913 -0.02260148 -0.952151 -0.6716178 -0.02096968 -0.740601 -0.6391725 -0.02254569 -0.7687329 -0.801131 -0.0165531 -0.5982602 -0.8303197 -0.01509052 -0.5570831 -0.4740676 -0.02665436 -0.8800849 -0.4419795 -0.02736771 -0.8966076 -0.2476478 -0.02979296 -0.968392 -0.2194062 -0.0304315 -0.9751589 -0.007363021 -0.03165513 -0.9994717 0.01428586 -0.03230273 -0.9993761 0.2335293 -0.03163903 -0.9718349 0.2485108 -0.03172618 -0.9681095 0.4606049 -0.0297538 -0.8871065 0.4677134 -0.02988719 -0.8833748 0.6602945 -0.02619725 -0.7505499 0.6614062 -0.02618962 -0.7495706 -0.2502788 0.9669347 -0.04896807 0.1446871 0.9695567 -0.1975491 0.002681612 0.9996561 -0.02608758 0.6386529 -0.02629917 -0.7690454 0.6365211 -0.02598583 -0.7708215 0.6216924 0.19734 -0.7579944 0.5754642 0.4113748 -0.7068323 0.500198 0.6044703 -0.6200143 -0.6397849 -0.02248042 -0.7682253 -0.7758093 0.1491474 -0.6130865 -0.8018332 -0.01642823 -0.597322 -0.4421283 -0.0273689 -0.8965343 0.660871 -0.0262987 -0.7500386 0.6602033 -0.02594256 -0.7506387 0.467271 -0.02990561 -0.8836082 0.3181772 0.7185232 -0.6184561 0.6406151 -0.02615499 -0.7674166 0.3996412 0.7670673 -0.5018913 0.2792714 0.8906 -0.358942 0.2623926 0.7209615 -0.6413772 -0.3329705 0.9290036 -0.1615028 0.6440218 -0.02614212 -0.7645605 0.2576135 0.6710252 -0.6952413 0.2526944 0.6410816 -0.7246792 -0.3860815 0.8931592 -0.2306685 0.6476016 -0.02611202 -0.7615315 0.1997892 0.630088 -0.7503823 -0.4413847 0.84626 -0.2983686 0.1945595 0.5977387 -0.7777243 0.1420102 0.5754913 -0.8053837 -0.5550901 0.7038074 -0.4433173 0.6515539 -0.02617371 -0.7581507 0.1347485 0.4961362 -0.8577247 0.6548153 -0.02607965 -0.7553389 0.09219038 0.4614743 -0.8823506 0.07984781 0.3905528 -0.9171111 -0.652717 0.5280357 -0.5432669 0.6569671 -0.02618855 -0.7534644 0.05163955 0.3529683 -0.9342092 0.02498018 0.3099398 -0.950428 -0.7355267 0.3093127 -0.6027656 0.6589648 -0.02625805 -0.7517153 0.008364319 0.2321055 -0.9726548 -0.01623356 0.1609821 -0.9868239 -0.02886956 0.1057883 -0.9939695 0.2477645 -0.03213936 -0.9682871 0.01464742 -0.03223294 -0.999373 -0.2196663 -0.03062427 -0.9750943 0.607668 0.1975178 -0.7692376 0.6217404 0.1974608 -0.7579236 0.636547 -0.02582758 -0.7708054 0.6222761 -0.0263552 -0.7823542 0.5625974 0.4111787 -0.7172282 0.5755676 0.4111665 -0.7068693 0.4889918 0.6043245 -0.6290301 0.5005135 0.6039083 -0.6203073 0.3906028 0.7670626 -0.5089642 0.4000685 0.7665439 -0.5023503 0.2728573 0.8907078 -0.3635776 0.2793406 0.8905867 -0.358921 0.1414289 0.9695258 -0.2000441 0.1446807 0.9695428 -0.1976217 0.002648949 0.9996583 -0.02600693 0.002631545 0.9996582 -0.02601349 0.6033933 0.1969097 -0.7727503 0.6046527 0.1979137 -0.7715085 0.6189922 -0.02496373 -0.7850004 0.6177007 -0.0264647 -0.7859679 0.5585415 0.4108798 -0.7205618 0.5597821 0.4112498 -0.719387 0.4853998 0.6041564 -0.6319668 0.4867098 0.6040217 -0.6310875 0.3890056 0.766618 -0.5108538 0.3883597 0.7664615 -0.5115796 0.2717553 0.8904886 -0.3649371 0.2714548 0.8904244 -0.3653173 0.140591 0.9695603 -0.2004673 0.1403595 0.9695216 -0.2008161 0.002671003 0.9996576 -0.02602976 0.002645492 0.9996582 -0.02600866 0.484418 0.6896961 -0.5381994 0.6033996 0.1973283 -0.7726387 0.6177788 -0.02605646 -0.7859202 0.5586353 0.4106323 -0.7206302 0.4854249 0.6041743 -0.6319305 0.3878121 0.7669846 -0.5112109 0.7905699 -0.02819091 -0.6117227 0.4202855 0.7755195 -0.4710941 0.002621114 0.9996582 -0.02601516 0.3543893 0.8444612 -0.401614 0.2710536 0.8905149 -0.3653948 0.1404352 0.9695141 -0.2007992 0.002625226 0.9996587 -0.02599298 0.5450112 0.6903374 -0.4758121 0.5813227 0.6907014 -0.4301112 0.002701401 0.9996562 -0.02608311 0.6283928 0.6914609 -0.3563766 0.9155049 -0.0284596 -0.4012988 0.003446698 0.9996481 -0.02630507 0.666064 0.6922121 -0.277851 0.685632 0.6930871 -0.2225741 0.9688348 -0.02755051 -0.2461712 0.8513504 0.5007526 -0.1563633 0.9962287 -0.03466993 -0.079539 0.9964331 -0.0202521 -0.08192026 0.9963988 0.001595377 -0.08477681 0.9964238 0.006953895 -0.08421033 0.9712274 0.2214065 -0.0877301 0.8973868 0.4326097 -0.08686739 0.7789204 0.6217656 -0.08179599 0.7868027 0.5992296 -0.1478701 0.705525 0.69539 -0.1366283 0.621794 0.7798097 -0.07258892 0.4333961 0.8992205 -0.05975282 0.2237002 0.9736631 -0.04402917 0.002666294 0.9996587 -0.0259943 0.9711064 0.2219598 -0.08767175 0.9964533 0.001034557 -0.08414208 0.9964536 -1.9342e-4 -0.08414399 0.960684 0.2634494 -0.08763939 0.8975167 0.432367 -0.08673352 0.8937307 0.4401342 -0.08676052 0.7947759 0.6012524 -0.08262562 0.7789657 0.6217111 -0.08177882 0.6135205 0.7863861 -0.07203954 0.6217761 0.779827 -0.07255661 0.4685505 0.8812327 -0.0623638 0.433497 0.8991879 -0.05951172 0.3136327 0.9481778 -0.05092614 0.2237677 0.9736418 -0.04415857 0.1620046 0.9860119 -0.03918313 0.002618193 0.9996573 -0.02604758 0.002670586 0.9996569 -0.02606087 -0.2410923 0.9672495 -0.0793913 0.002614319 0.9996576 -0.02603775 0.002596259 0.9996567 -0.02607369 -0.4886787 0.8625447 -0.1311865 -0.6864113 0.7069692 -0.1703942 -0.4319468 0.8969041 -0.09478902 -0.2203906 0.9734379 -0.0620225 -0.8458105 0.4947519 -0.1995624 -0.7783154 0.6111069 -0.1441311 -0.6212075 0.7740073 -0.1225314 -0.9457094 0.2441093 -0.2145799 -0.965908 0.2002455 -0.1640837 -0.895434 0.416157 -0.1581497 -0.9764662 -0.02637088 -0.2140522 -0.9865577 -0.02572971 -0.1613754 -0.6102976 0.769802 -0.1869271 -0.9659077 0.2003271 -0.1639862 -0.9865621 -0.02622926 -0.1612679 -0.8952472 0.4165196 -0.1582527 -0.7783045 0.6111478 -0.1440161 -0.6212317 0.7739802 -0.1225798 -0.9912913 -0.02638053 -0.1290186 -0.5149943 0.8380026 -0.1803683 -0.4320328 0.8968632 -0.09478461 -0.2203306 0.9734533 -0.06199353 0.002647638 0.9996582 -0.02601206 -0.0107795 0.976839 -0.2137044 -0.7030697 0.6603389 -0.2639046 -0.7034761 0.6362768 -0.3166593 -0.9944955 -0.02608686 -0.1014808 -0.02465754 0.9186192 -0.3943741 -0.7045938 0.6007147 -0.3777426 -0.7064689 0.5582323 -0.4350616 -0.9964904 -0.02627664 -0.07947635 -0.03919541 0.8040508 -0.5932672 -0.7085824 0.5146822 -0.4827145 -0.7110492 0.4599508 -0.5318406 -0.9977265 -0.0262975 -0.06205207 -0.05246967 0.6442356 -0.7630252 -0.7128794 0.4044827 -0.5728846 -0.7152529 0.3390998 -0.6110847 -0.9984723 -0.02559119 -0.04897207 -0.06212252 0.451125 -0.8902961 -0.7168079 0.2776781 -0.6395947 -0.7184568 0.2063257 -0.6642661 -0.9989109 -0.02507972 -0.0393458 -0.06910753 0.2357668 -0.9693495 -0.7197602 0.1389076 -0.6801838 -0.7203757 0.1017725 -0.6860767 -0.9990381 -0.02525234 -0.03585094 -0.07282239 -4.17083e-5 -0.997345 -0.8066891 0.01336699 -0.590825 -0.9990667 -0.02605134 -0.03445613 -0.9611322 -0.02440214 -0.275008 -0.8661821 -0.02157145 -0.4992629 -0.720257 -0.01768934 -0.6934819 -0.5318464 -0.01238334 -0.8467503 -0.3114638 -0.006511151 -0.9502358 -0.9649732 -0.02461224 -0.2611914 -0.9990633 -0.02616322 -0.03446924 -0.9990638 -0.02610403 -0.03450089 -0.9611141 -0.02468699 -0.2750461 -0.8799707 -0.02207046 -0.4745151 -0.86634 -0.02179229 -0.4989791 -0.7487104 -0.01841431 -0.6626415 -0.7204265 -0.01775485 -0.693304 -0.5781747 -0.013592 -0.8157998 -0.5314373 -0.01231932 -0.8470081 -0.3770486 -0.007833182 -0.9261605 -0.3111526 -0.006448507 -0.9503381 -0.3734784 -0.007964551 -0.9276047 -0.3558444 -0.007588386 -0.9345144 -0.3453638 -0.007388651 -0.9384399 -0.2605085 -0.004983663 -0.9654587 -0.1664644 -0.002518117 -0.9860442 -0.07288664 1.80465e-5 -0.9973403 -0.0726059 3.56557e-6 -0.9973608 -0.5778397 -0.01338803 -0.8160406 -0.5775859 0.01311594 -0.8162246 -0.374429 4.50695e-4 -0.9272555 -0.8801723 -0.02037024 -0.474217 -0.8801406 0.02399873 -0.4741061 -0.7487959 0.01906937 -0.6625263 -0.7488963 -0.01771485 -0.6624505 -0.9993371 0.01130729 -0.03460592 -0.9989083 0.03174972 -0.03426748 -0.9648589 0.024616 -0.2616133 -0.9993422 -0.01120805 -0.03448927 -0.9649088 -0.02475309 -0.2614163 -0.9989074 -0.03176885 -0.03427404 -0.6220432 0.001019299 -0.7829824 -0.9482423 -0.002802908 -0.3175355 0.3576553 -1.71346e-4 0.9338537 0.3454387 -0.002528667 0.938438 0.3630191 -0.003117382 0.9317766 0.3625438 6.03656e-4 0.9319667 0.3691576 -0.001292645 0.9293659 0.3579686 0.001528084 0.9337324 -0.3330726 0.01702696 -0.9427475 -0.3361566 0.02355343 -0.9415116 -0.7457122 0.02415978 0.6658301 -0.3317922 0.00629276 -0.9433315 -0.2584456 0.003915131 -0.966018 -0.3436728 5.23537e-4 -0.9390893 0.7091676 -0.06021666 -0.7024638 -0.3107602 0.02356898 -0.9501961 -0.07274067 0.008456766 -0.9973151 -0.1673827 -0.002840876 -0.985888 -0.1507371 0.01450961 -0.9884675 -0.9948986 0.01031219 0.1003518 -0.9858449 0.01029121 0.1673441 -0.9854448 0.02944606 0.1674261 -0.9948961 -0.01030987 0.1003775 -0.9854527 -0.02944135 0.1673808 -0.9858295 -0.01028555 0.1674348 -0.9991663 -0.02179789 -0.03452217 -0.9992827 -0.01861101 0.03298223 -0.999382 -0.006509065 -0.03454273 -0.994948 7.70612e-4 0.1003885 -0.9949467 -7.69443e-4 0.1004016 -0.9994426 0.004987299 0.0330106 -0.99912 0.02376252 -0.03456467 -0.9993755 0.00748229 -0.03453552 -0.9992827 0.01860457 0.03298723 -0.9994422 -0.005084514 0.03300797 0.7178445 0.01526713 -0.6960362 0.7175328 -0.004532396 -0.6965101 0.7174515 0.01399445 -0.6964679 0.7179363 0.007280588 -0.6960708 0.7175179 0.03008371 -0.6958902 0.7176253 5.084e-4 -0.6964293 0.717356 0.01055985 -0.6966269 0.7176955 0.03678196 -0.695385 -0.5137913 0.02537465 -0.8575399 -0.3146575 0.03786742 -0.9484497 -0.565947 -0.1733756 -0.8060056 -0.4736548 -0.02838581 -0.880253 -0.6711798 -0.02172154 -0.7409763 -0.6887214 0.02081638 -0.7247273 -0.8310944 0.01238149 -0.5559936 -0.830635 0.03056889 -0.5559777 -0.8305975 -0.01331394 -0.556714 -0.8297706 -0.028701 -0.5573661 -0.2491855 -0.02405381 -0.968157 -0.1120294 0.0302003 -0.993246 -0.006859421 -0.03308087 -0.9994292 0.09647327 0.03119158 -0.9948468 0.233377 -0.03131264 -0.9718821 0.3003508 0.03211313 -0.9532881 -0.93464 0.02080345 0.3549864 -0.3131666 0.03769952 -0.9489497 0.4603224 -0.03074663 -0.8872193 0.4909052 0.02794879 -0.8707646 0.6613239 -0.02607452 -0.7496472 0.661309 -0.008331239 -0.7500674 0.6609633 0.008402228 -0.7503713 0.6607882 0.02551859 -0.7501387 0.1023648 0.001604139 -0.9947457 0.1023647 0.001604199 -0.9947457 0.1023648 0.001604199 -0.9947457 0.1014164 4.68065e-6 -0.9948441 0.1014525 1.31253e-6 -0.9948405 0.1014122 2.14074e-5 -0.9948445 0.1014169 0 -0.9948441 0.1014233 0 -0.9948434 0.1014122 -2.14074e-5 -0.9948445 0.1014162 -4.68064e-6 -0.9948441 0.1014295 -0.001036882 -0.9948422 0.1014297 -0.001036942 -0.9948422 0.1014295 -0.001036882 -0.9948423 0.1014535 -1.31253e-6 -0.9948403 0.09988361 -0.1736798 -0.9797238 0.1014486 -2.23443e-5 -0.9948408 0.1014429 -3.37178e-5 -0.9948414 0.098607 -0.2188395 -0.9707657 0.09537798 -0.3405916 -0.9353612 0.09126889 -0.4271153 -0.8995791 0.08589017 -0.5309181 -0.8430592 0.07956105 -0.6146699 -0.7847617 0.07144099 -0.7098228 -0.700748 0.06460422 -0.772427 -0.6318092 0.05128645 -0.8625985 -0.5032829 0.04538822 -0.8927085 -0.448343 0.02805924 -0.9609069 -0.2754465 0.02464795 -0.9697079 -0.2430208 0.002658665 -0.9996575 -0.02603846 0.002647817 -0.999657 -0.02605926 0.02471721 -0.969693 -0.2430736 -0.08189982 -0.99604 -0.03459465 -0.1659187 -0.9852073 -0.04286783 0.002637863 -0.9996577 -0.02603018 -0.07450449 -0.5949849 -0.8002763 0.06440675 -0.7724019 -0.6318601 -0.1297901 -0.7476475 -0.6512894 0.080132 -0.614674 -0.7847004 0.04404234 -0.2119474 -0.9762881 0.09910225 -0.2189666 -0.9706866 0.09162884 -0.4271275 -0.8995367 -0.01579928 -0.4135137 -0.9103609 0.1015489 6.8059e-6 -0.9948306 -0.161693 -0.9510164 -0.2634828 -0.2191328 -0.9383786 -0.2672576 -0.1788126 -0.8639903 -0.4706878 -0.2487165 -0.967243 -0.05080527 0.04564225 -0.8927183 -0.4482977 -0.1145503 -0.830018 -0.5458466 0.06744706 -0.5585494 -0.8267247 -0.3908042 -0.7721891 -0.500995 -0.346536 -0.9182655 -0.1915761 -0.449492 -0.8410756 -0.3009134 -0.2190163 -0.9384108 -0.2672398 -0.3000712 -0.9460222 -0.1224714 -0.2487167 -0.967239 -0.05087989 -0.1787579 -0.8640016 -0.4706876 -0.3143934 -0.6662788 -0.6761874 -0.1297726 -0.7477021 -0.6512301 -0.01563602 -0.4134866 -0.910376 -0.1212806 -0.3646731 -0.9232034 -0.0125491 -0.1855964 -0.982546 -0.07466912 -0.595073 -0.8001955 0.04394978 -0.211885 -0.976306 0.1011234 -5.1938e-4 -0.9948738 0.1015022 -4.56646e-5 -0.9948353 0.1010051 5.73455e-5 -0.994886 -0.1611008 -0.607724 -0.7776362 -0.2232127 -0.5279722 -0.8194032 -0.6943032 -0.1499653 -0.7038846 -0.7666882 -0.1936373 -0.6121224 -0.8016009 0.01653897 -0.5976307 -0.7174363 0.01453173 -0.6964727 -0.6590851 -0.2820242 -0.6971867 -0.7150039 -0.3741871 -0.5905536 -0.6009862 -0.1468052 -0.7856615 -0.6104575 0.01327353 -0.791938 -0.4753445 0.01072883 -0.8797345 -0.5640554 -0.5023902 -0.655321 -0.6477321 -0.538756 -0.5386884 -0.5812811 -0.6623103 -0.4727129 -0.5690779 -0.264966 -0.7784237 -0.4832599 -0.6557957 -0.5799931 -0.5118834 -0.7644129 -0.39198 -0.4926073 -0.4576096 -0.740224 -0.4653404 -0.7116472 -0.5263237 -0.3835636 -0.7762721 -0.5002807 -0.4416167 -0.8455931 -0.299912 -0.3877466 -0.1176118 -0.914232 -0.3056027 0.007874906 -0.9521266 -0.4403445 -0.5871846 -0.6791988 -0.3687353 -0.2034989 -0.9069854 -0.436854 -0.6310195 -0.6410718 -0.3096301 -0.6700417 -0.6746655 -0.3295441 -0.3365982 -0.8821011 -0.1490143 -0.06247055 -0.9868597 -0.1142876 0.004296779 -0.9934384 -0.3081945 -0.4239984 -0.8516113 -0.1413944 -0.1080399 -0.9840402 -6.09597e-4 -0.05892223 0.9982624 -0.3118364 -0.4507007 -0.8364371 -0.1180112 -0.3663374 -0.9229682 -0.3245409 -0.4666588 -0.8227411 -0.2153738 -0.5309101 -0.8196027 -0.1265615 -0.1771758 -0.9760076 0.7324342 -0.6337516 0.2487956 -0.1159223 -0.2245454 -0.967544 -0.01209789 -0.186703 -0.982342 -0.1154227 -0.2394477 -0.9640241 -0.7184297 0.01508897 -0.695436 -0.8301203 0.01510107 -0.55738 -0.6912159 0.01313436 -0.722529 -0.8017913 0.01647621 -0.5973773 -0.6102929 0.01319581 -0.792066 -0.4738615 0.01077067 -0.8805335 -0.5201452 0.01047044 -0.8540138 -0.3073173 0.007860183 -0.9515747 -0.3251903 0.006872177 -0.9456237 -0.1136449 0.004118144 -0.993513 -0.1143261 0.00384581 -0.9934359 0.1014946 -8.62591e-6 -0.9948361 0.1012864 -1.41712e-6 -0.9948573 -0.8302778 0.009180486 -0.5572744 -0.6910993 0.01048129 -0.7226839 -0.8300338 0.02340435 -0.5572218 -0.1140252 7.14812e-4 -0.9934776 0.1013656 2.84659e-6 -0.9948493 0.1012816 -5.69768e-4 -0.9948577 -0.1143705 0.00315541 -0.9934332 -0.1140237 -7.14787e-4 -0.9934778 0.101373 6.74441e-6 -0.9948485 0.101291 -1.93873e-5 -0.9948569 -0.1143661 -0.00315535 -0.9934337 -0.3245074 0.003389835 -0.9458772 -0.3247989 0.007939875 -0.9457499 -0.324521 -0.003427267 -0.9458724 -0.3248391 -0.008330047 -0.9457326 -0.5201025 -0.008773565 -0.8540589 -0.5203403 0.003111064 -0.8539533 -0.5201566 0.0098356 -0.8540143 -0.5202167 -0.002931296 -0.8540293 -0.6912522 -0.0105974 -0.7225359 -0.6913289 0.003255307 -0.7225329 -0.8302059 -0.00747168 -0.5574069 -0.6914185 -0.003184854 -0.7224475 -0.829872 -0.01961737 -0.557609 -0.8300873 -0.01511615 -0.5574285 -0.8017324 -0.01649373 -0.5974556 -0.6836145 -0.01449751 -0.7296993 -0.6912341 -0.01313471 -0.7225116 -0.5437543 -0.01200199 -0.8391587 -0.5201256 -0.0104252 -0.8540261 -0.3425956 -0.008405923 -0.9394453 -0.324749 -0.007235586 -0.9457726 -0.1236734 -0.004291594 -0.9923137 -0.1141521 -0.004071116 -0.9934549 0.101493 1.04657e-6 -0.9948363 0.1013832 -1.05475e-4 -0.9948475 -0.4649356 0.7122266 -0.5258976 -0.5542474 0.7040245 -0.4440264 -0.4411023 0.8460805 -0.2992938 -0.3967546 0.795396 -0.4581826 -0.4829123 0.6564612 -0.5795295 -0.4365268 0.631483 -0.6408383 -0.3473839 0.7270705 -0.5921933 -0.283492 0.6314632 -0.7217246 -0.5637617 0.502965 -0.6551328 -0.6532827 0.5272431 -0.5433567 -0.7364311 0.3078837 -0.6023927 -0.4400523 0.5877603 -0.6788902 -0.6589232 0.2823674 -0.6972008 -0.7756245 0.1528974 -0.6123962 -0.492268 0.4582169 -0.740074 -0.6942446 0.1503081 -0.7038693 -0.6825927 -0.01403641 -0.7306643 -0.8016369 -0.01643896 -0.5975853 -0.3113809 0.4511752 -0.836351 -0.2167246 0.5282806 -0.8209447 -0.1314567 0.3339256 -0.9333879 -0.5688924 0.2653364 -0.7784332 -0.3079829 0.4245911 -0.8513923 -0.600507 0.1469081 -0.7860086 -0.5449392 -0.01208078 -0.8383886 -0.3293464 0.3370422 -0.8820054 -0.1155353 0.2400339 -0.9638648 -0.05004394 0.1857209 -0.9813274 -0.3686714 0.2037789 -0.9069485 -0.1159092 0.2248366 -0.967478 -0.02026617 0.03323811 0.999242 -0.387405 0.1177374 -0.9143607 -0.3411153 -0.008433163 -0.9399837 -0.1263691 0.1773523 -0.9760006 -0.9681429 0.2475191 0.03786528 -0.1413068 0.1081607 -0.9840395 -0.1241338 -0.004456639 -0.9922555 -0.148614 0.06256633 -0.986914 -0.02141416 0.2001974 -0.9795215 0.101193 4.5424e-4 -0.9948668 0.1015174 -3.74446e-5 -0.9948338 0.0438258 0.2118483 -0.9763195 0.1013114 -6.68466e-5 -0.9948549 -0.01576304 0.4134789 -0.9103773 -0.1093338 0.3458235 -0.9319079 -0.07457923 0.5950784 -0.8001998 -0.1787723 0.8639908 -0.4707022 -0.2876911 0.6279959 -0.7230872 -0.3534087 0.7233292 -0.5932093 -0.1297962 0.7476727 -0.6512591 -0.3758857 0.897118 -0.2321404 -0.4045604 0.791163 -0.4586852 -0.4485616 0.8417683 -0.3003646 -0.2190189 0.9384079 -0.2672479 -0.3318921 0.9288945 -0.1643248 -0.2486357 0.9672639 -0.05080205 -0.1616784 0.6070465 -0.7780454 -0.2211102 0.525473 -0.8215768 0.02472048 0.9696919 -0.2430774 -0.08189976 0.9960399 -0.03459769 0.002637922 0.9996575 -0.02603602 -0.1659193 0.985207 -0.04287368 0.04406553 0.2119158 -0.9762941 0.09905189 0.2189529 -0.9706948 0.1018218 -1.91443e-5 -0.9948027 0.09163856 0.4270997 -0.8995489 -0.01574629 0.4134852 -0.9103747 -0.07451975 0.5950053 -0.8002596 0.06440258 0.7724162 -0.631843 0.08013194 0.6147332 -0.7846541 -0.1297906 0.7476471 -0.6512898 -0.1616932 0.9510163 -0.2634831 0.04564225 0.8927198 -0.4482948 -0.2487534 0.9672294 -0.05088496 -0.1788146 0.8639906 -0.4706863 -0.2191351 0.9383791 -0.2672538 0.06744015 0.5585626 -0.8267161 -0.1145528 0.8300196 -0.5458435 0.1012938 -3.40715e-5 -0.9948567 0.09940546 0.1961847 -0.9755153 0.1014342 7.81417e-5 -0.9948423 0.0987727 0.2188521 -0.970746 0.09373158 0.3812936 -0.9196899 0.09140193 0.4270859 -0.8995796 0.08472394 0.5493276 -0.8313009 0.07959705 0.6146507 -0.7847732 0.07289552 0.6948936 -0.7154085 0.0639981 0.7724246 -0.6318739 0.05890089 0.8142914 -0.5774601 0.04539763 0.8927136 -0.448332 0.04292893 0.9059272 -0.421252 0.02445018 0.969671 -0.2431879 0.02556437 0.9677823 -0.2504872 0.01422703 0.9900699 -0.1398551 0.002652585 0.9996579 -0.02602189 0.002656161 0.999657 -0.02605634 0.7181802 -4.04249e-5 -0.6958572 0.8412092 -2.79024e-6 -0.5407099 0.7169894 -9.01511e-6 -0.6970842 0.843334 -2.7772e-6 -0.5373899 0.5637619 -1.8026e-5 -0.8259374 0.5641547 1.07445e-5 -0.8256692 0.3888297 1.07512e-5 -0.9213097 0.3864291 1.07852e-5 -0.9223191 0.8412094 2.22446e-6 -0.5407096 0.8433346 -1.26404e-5 -0.5373888 0.7181782 3.84054e-5 -0.6958593 0.7170238 1.70311e-6 -0.6970487 0.5637401 -1.8164e-4 -0.8259522 0.5645675 -1.07811e-5 -0.825387 0.3888302 -1.07964e-5 -0.9213095 0.3864297 -1.07982e-5 -0.9223189 0.2427381 0.005811691 -0.9700745 0.3888134 -5.11063e-6 -0.9213166 0.3862612 -2.25571e-5 -0.9223895 0.09415626 0.01140034 -0.9954922 0.1523844 0.009300887 -0.9882776 -0.1322938 0.01932978 -0.9910221 -0.09696912 0.01819896 -0.995121 -0.3510704 0.0262019 -0.9359825 -0.3476095 0.02619385 -0.9372736 0.04733836 0.9827211 -0.1789369 -0.09816223 0.9757462 -0.1956617 2.75299e-6 1 -7.49677e-5 -0.191711 0.9041823 -0.3817084 -0.2758848 0.7887603 -0.549313 -0.2082391 0.2108221 -0.9550867 -0.3630248 0.02701604 -0.9313879 -0.05767786 0.3841825 -0.9214539 -0.3474132 0.02628397 -0.9373437 -0.232756 0.6468223 -0.7262545 -0.4138703 0.02630668 -0.9099558 -0.4486229 0.02619171 -0.8933373 -0.3466382 0.6351136 -0.69027 -0.4005674 0.4506345 -0.7977935 -0.4352262 0.2442716 -0.8665503 -0.2012729 0.6131585 -0.7638888 0.102759 0.9308791 -0.3505777 -0.1589028 0.5598112 -0.8132413 -0.3791281 0.02671313 -0.9249585 0.1721447 0.8235782 -0.5404492 -0.1255696 0.5109825 -0.8503701 -0.105582 0.4783959 -0.8717738 0.09581583 0.5368223 -0.8382371 0.2442075 0.6605139 -0.7099888 0.2959055 0.4476829 -0.8438127 -0.05791604 0.3841879 -0.9214367 0.09582614 0.5368135 -0.8382414 0.2443049 0.6604825 -0.7099845 -0.08795887 0.03238344 -0.9955977 -0.3475125 0.02629131 -0.9373067 -0.2083735 0.2108774 -0.9550452 0.1723142 0.03372633 -0.9844646 0.3361992 0.2119059 -0.9176416 0.05342197 0.6197443 0.7829835 0.6278098 0.7038236 -0.3323965 0.9961664 0.02632486 -0.08342355 0.9961556 0.02651953 -0.0834912 0.7036901 0.5935562 -0.3905269 0.9602944 0.1768133 -0.2158048 0.9961783 0.02619892 -0.08332103 0.8846117 0.3200353 -0.3391749 0.7724605 0.4497534 -0.4483602 0.8637692 0.4968754 -0.08377116 0.9961687 0.02637404 -0.08338147 0.9961677 0.02631151 -0.08341264 0.7865642 0.6060724 -0.1182919 0.2786237 0.9542217 -0.1087648 0.8150665 0.5613927 -0.1431961 0.4732469 0.8523352 -0.2226257 0.8482561 0.4981467 -0.1797539 0.4979648 0.8659066 -0.0472961 4.89065e-5 1 -5.804e-6 0.8602352 0.5046525 -0.07294797 0.9663434 0.2441914 -0.08094 0.8897078 0.4504037 -0.07454413 0.483996 0.8741092 -0.04099929 0.76971 0.6351468 -0.06430613 0.6125515 0.7887651 -0.05128711 0.425575 0.9042201 -0.0356661 0.2181531 0.9757433 -0.01828509 0.1727048 0.9827353 -0.06636613 -9.79006e-6 1 4.59701e-6 -1.98931e-5 1 1.62341e-5 0.2790269 0.9542678 -0.1073176 0.3303061 0.931092 -0.1548086 0.4733085 0.852494 -0.2218858 0.6278325 0.704056 -0.3318606 0.1675223 0.9827362 -0.07852375 0.6492386 0.6605216 -0.3770947 0.7033867 0.5934114 -0.3912931 0.7722173 0.4498232 -0.4487087 0.8109261 0.3283165 -0.4843627 0.4904645 0.8235837 -0.2848763 0.3154612 0.9310898 -0.1831836 0.1599864 0.9827349 -0.09293353 3.92646e-6 1 1.04308e-6 0.7054732 0.4497954 -0.5477151 0.8341785 0.2038449 -0.5124388 0.8412088 2.37674e-5 -0.5407104 0.7169858 1.69724e-5 -0.6970878 0.5930647 0.6605064 -0.4604408 0.448128 0.8235137 -0.3478601 0.7019659 0.2037992 -0.6824294 0.2881913 0.931082 -0.2236787 0.6403537 0.4497955 -0.6226004 0.1460824 0.982753 -0.1133872 0.5383655 0.6604837 -0.5233774 0.4067568 0.8235462 -0.3953738 0.620136 0.2038193 -0.7575547 0.5641657 -2.00793e-5 -0.8256617 0.26159 0.9310868 -0.2542601 0.5657186 0.4498133 -0.6911082 0.132611 0.9827457 -0.1289393 2.71946e-6 1 -2.07871e-6 0.4755796 0.6605275 -0.5809713 0.5523529 0.2037656 -0.808323 0.3592877 0.8235291 -0.4389899 0.5038791 0.4497992 -0.7374188 0.2310624 0.9310837 -0.2823001 0.1172191 0.982737 -0.1431357 0.4236291 0.6604989 -0.6199029 0.3199614 0.8235844 -0.4683304 0.2058284 0.9310739 -0.3012247 0.4357249 0.2038204 -0.8766991 0.3888193 6.0074e-5 -0.9213141 0.3569048 0.2325294 -0.904737 0.1042742 0.9827476 -0.1527553 -2.90573e-6 1 1.36644e-5 0.3975506 0.4497742 -0.7997854 0.3341316 0.660507 -0.6723738 0.2524078 0.8236061 -0.507901 0.3277731 0.4498355 -0.8307904 0.3075003 0.456009 -0.8351644 0.1623474 0.9310923 -0.3266659 0.2755282 0.6605312 -0.6984145 0.2442932 0.6605094 -0.7099636 0.08234816 0.9827444 -0.1656266 0.2081288 0.8235557 -0.527673 0.1724872 0.8235754 -0.5403441 0.1338406 0.9310815 -0.3393728 0.0679177 0.9827325 -0.1721171 2.89641e-6 1 -1.73748e-5 0.05176669 0.9827342 -0.1776341 0.1021071 0.9311093 -0.350157 0.04770874 0.9827453 -0.1787058 0.9750542 0.02265495 -0.2208082 0.8846753 0.3198465 -0.3391871 0.9603094 0.1766992 -0.2158316 0.9961809 0.02618736 -0.08329421 0.8131553 0.3269743 -0.4815251 0.7724643 0.4497212 -0.4483858 0.9350199 0.01837128 -0.3541191 0.8387385 0.1979675 -0.5072739 0.1218734 0.007805168 0.992515 0.1081548 -0.1755 0.9785205 0.8412811 1.39177e-5 -0.5405981 0.9187325 0.008978188 -0.3947787 0.8433252 1.81035e-5 -0.5374037 0.9699618 0.01780229 -0.2426049 0.9370828 0.0120123 -0.3489006 0.9961735 0.02623993 -0.08336633 0.9754459 0.01919531 -0.2194014 0.9961739 0.0261833 -0.08337932 0.9187334 -0.009088873 -0.3947739 0.8412668 3.62191e-6 -0.5406202 0.8433251 -1.91373e-5 -0.5374038 0.9699597 -0.01778596 -0.2426148 0.9370909 -0.01199066 -0.3488794 0.9961711 -0.02621805 -0.0834015 0.9754514 -0.01916456 -0.2193794 0.9961706 -0.02615797 -0.08342581 0.9961569 -0.0263971 -0.08351516 0.6088499 -0.7269984 -0.3174511 0.6942688 -0.6092838 -0.3830981 0.9961727 -0.02614766 -0.08340406 0.8846404 -0.320086 -0.3390523 0.7724496 -0.4497973 -0.4483348 0.9961438 -0.02654695 -0.08362269 0.9602588 -0.1771 -0.2157285 0.9961802 -0.02617913 -0.08330488 0.6365632 -0.7687051 -0.06228923 0.218088 -0.9757581 -0.01827543 -4.3869e-5 -1 1.40923e-5 0.4256351 -0.9041894 -0.0357269 0.612543 -0.7887648 -0.0513935 0.1704062 -0.9836646 -0.05801427 0.7217687 -0.6887311 -0.06855249 0.9961681 -0.02627599 -0.0834189 0.9961607 -0.02664417 -0.08339065 0.7697115 -0.6351299 -0.06445372 0.8896844 -0.4504513 -0.07453501 0.9663074 -0.2443416 -0.08091539 0.7731579 -0.6251212 -0.1070069 0.3760871 -0.9126184 -0.1602692 0.8050409 -0.5779884 -0.1335611 0.8471283 -0.5004957 -0.1785432 0.8130542 -0.3267503 -0.4818475 0.8847021 -0.319801 -0.3391601 0.7725549 -0.449607 -0.4483441 0.9750018 -0.02238732 -0.2210665 0.9961805 -0.02617263 -0.08330357 0.9603099 -0.1766989 -0.2158298 0.9350968 -0.018422 -0.3539137 0.8385333 -0.1984385 -0.5074291 0.1614798 0.1493121 0.9755154 0.09576129 -0.5367572 -0.8382849 0.2004737 -0.7671903 -0.6092861 -0.05791974 -0.3841146 -0.9214669 0.2446461 -0.6604639 -0.7098844 -0.3536825 -0.5133791 -0.7818892 -0.4351837 -0.2442914 -0.8665661 -0.4486351 -0.02620863 -0.8933308 -0.4005681 -0.4507605 -0.7977219 -0.3467108 -0.6351007 -0.6902455 -0.427685 -0.02631998 -0.9035447 -0.2367389 -0.6506878 -0.7214986 -0.4069018 -0.02631664 -0.9130927 -0.2093268 -0.6222191 -0.754338 0.07206153 -0.963635 -0.2573224 -0.1665269 -0.5693006 -0.8050873 0.1548491 -0.8531849 -0.4980936 -0.375656 -0.02713203 -0.9263619 -0.1290949 -0.5162284 -0.8466658 -0.109206 -0.4843079 -0.8680553 -0.3474924 -0.02624225 -0.9373155 -0.2082568 -0.2107559 -0.9550974 -0.1967951 -0.873076 -0.4461056 3.08454e-6 -1 -1.75759e-5 -0.2758609 -0.788725 -0.5493757 -0.1916773 -0.9042033 -0.3816756 -0.09809595 -0.9757633 -0.1956099 0.05827289 -0.9981566 -0.01696348 0.115078 -0.9926272 -0.03805887 0.172163 -0.9834222 -0.05692642 0.0575363 -0.9981595 -0.01916158 -8.05638e-6 -1 5.46774e-6 -4.90695e-5 -1 9.06549e-6 -1.61119e-5 -1 3.94788e-6 2.09734e-5 -1 -2.13925e-6 -0.08801501 -0.03241991 -0.9955915 -0.05784434 -0.3841927 -0.9214391 -0.2081993 -0.2108942 -0.9550795 -0.3472619 -0.02629393 -0.9373996 0.2958401 -0.4476212 -0.8438684 0.2443568 -0.6604756 -0.7099731 0.09578019 -0.5368192 -0.8382431 0.1723145 -0.03357094 -0.9844698 0.3361377 -0.2116561 -0.9177217 0.04761654 -0.009542524 0.9988202 0.3082067 -0.6135837 0.7269964 0.3888199 -1.3344e-5 -0.9213138 0.1699025 -0.008515715 -0.9854241 0.3862549 3.22145e-6 -0.9223922 0.1523708 -0.009303331 -0.9882797 -0.05634802 -0.0167123 -0.9982714 -0.2057772 -0.02169728 -0.9783583 -0.09700143 -0.01819264 -0.995118 -0.3511185 -0.0261861 -0.9359649 -0.347574 -0.02619433 -0.9372867 0.6172655 0.02620786 -0.7863184 0.6191217 0.02619558 -0.784858 0.6177008 0.02620142 -0.7859766 0.3266238 0.02603405 -0.9447958 0.3154894 0.02619439 -0.9485676 0.3346298 0.02579128 -0.9419968 0.4721246 0.026196 -0.8811425 0.4841625 0.02619951 -0.8745859 0.592126 0.02620041 -0.8054193 0.5361462 0.0261833 -0.843719 0.6189635 0.02619785 -0.7849828 0.5802941 0.02620643 -0.8139852 0.6315115 0.02621668 -0.7749232 0.660669 0.0261991 -0.7502201 0.6614845 0.02626556 -0.7494988 0.6322371 0.02596443 -0.7743397 0.6608679 0.02625161 -0.750043 0.6322767 0.02593654 -0.7743085 0.6590468 0.02640348 -0.7516384 0.6571206 0.02622324 -0.7533292 0.6283103 0.02620738 -0.7775214 0.62215 0.02620351 -0.7824595 0.6216831 0.05310344 -0.7814668 0.6208295 0.07026952 -0.7807901 0.6413947 0.02620106 -0.7667635 0.654794 0.02614277 -0.7553551 0.6515596 0.02623426 -0.7581437 0.6478047 0.02617597 -0.7613566 0.6903052 0.02619951 -0.7230439 0.6440287 0.02619123 -0.7645529 0.6403888 0.02624636 -0.7676024 0.6384548 0.02616524 -0.7692145 0.636541 0.02619194 -0.770798 0.6511154 0.02619332 -0.7585266 0.6757432 0.0262013 -0.7366713 -0.203832 0.08777302 -0.9750633 -0.1270307 0.08581435 -0.9881798 -0.3524226 0.09083181 -0.9314225 0.3586668 0.06037312 -0.9315112 -0.321453 0.09006106 -0.9426331 -0.4430955 0.09118956 -0.8918246 -0.5588927 0.09095269 -0.8242369 -0.5686203 0.09049892 -0.8176069 -0.6961928 0.08737695 -0.7125174 -0.7351497 0.08599799 -0.672428 -0.8716329 0.07649296 -0.4841539 -0.4595391 0.0909909 -0.8834844 0.2345826 0.06773161 -0.9697337 0.7175467 0.02615475 -0.6960192 0.717487 0.02616727 -0.6960803 -0.9279568 0.0690394 -0.3662375 -0.9981152 0.04573434 -0.04092019 -0.9814133 0.02631485 0.1900939 -0.9609805 0.0627073 -0.269415 0.2321177 0.06878042 -0.9702529 -0.9261192 0.06848478 -0.3709626 -0.9855251 0.0262286 0.167488 0.3153793 0.06284773 -0.9468823 0.2328746 0.0681113 -0.9701187 0.1214432 0.07401525 -0.989835 -0.008914113 0.07995975 -0.9967584 -0.1597393 0.08490109 -0.9835015 -0.270893 0.0874862 -0.9586257 -0.454363 0.08920878 -0.8863387 -0.9224881 0.06735223 -0.3801046 -0.4580861 0.09049391 -0.8842896 -0.4123904 0.09006541 -0.9065442 -0.4571532 0.09012222 -0.8848102 -0.452521 0.08893704 -0.8873078 -0.5677024 0.08818542 -0.818497 -0.6306824 0.08673584 -0.7711787 -0.1040941 0.08252716 -0.9911376 0.2322087 0.06857639 -0.9702456 -0.108641 0.08440262 -0.9904915 0.2537038 0.06719595 -0.9649452 -0.6131234 0.08872067 -0.7849894 -0.6071255 0.08685749 -0.7898447 -0.2596948 0.08651155 -0.9618079 -0.3935523 0.08798056 -0.9150826 -0.5240678 0.08801847 -0.8471161 -0.6360666 0.08612078 -0.7668133 -0.954279 0.06123155 -0.2925789 -0.9925438 0.0485714 -0.1117936 -0.953672 0.0613178 -0.2945333 -0.4463827 0.09023118 -0.8902813 -0.6486942 0.08562421 -0.7562173 -0.7068799 0.08359295 -0.7023767 -0.6769322 0.08470839 -0.7311549 -0.8349421 0.07583081 -0.5450887 -0.6589615 0.08513802 -0.7473429 -0.4489355 0.08797544 -0.8892229 -0.1775727 0.08425915 -0.9804939 -0.1572591 0.0838828 -0.9839885 0.08717012 0.07490235 -0.9933736 0.3407883 0.06055909 -0.9381877 0.5430174 0.0443086 -0.8385517 0.7174733 0.02617764 -0.6960939 0.7175057 0.02618002 -0.6960605 0.7173556 0.02616041 -0.696216 -0.4904277 0.4812558 -0.7265491 -0.680135 0.5344539 -0.5017724 -0.8283395 0.4407659 -0.345802 -0.9789851 0.02619665 0.202242 -0.983865 0.1771982 0.02470517 -0.9765644 0.02583944 0.2136685 -0.3517444 0.1043999 -0.9302562 -0.1263913 0.09873384 -0.9870547 -0.1892617 0.2532917 -0.9486956 -0.5587595 0.1029117 -0.8229197 -0.734884 0.09514141 -0.6714861 -0.9814128 0.02620607 0.1901112 -0.998083 0.04655021 -0.04078555 -0.9806426 0.02611035 0.1940579 -0.9009995 0.2998225 -0.3135388 -0.9334318 0.3183343 -0.1654345 -0.8941906 0.2717313 -0.3557883 -0.3009349 0.3678234 -0.8798547 -0.8652097 0.2419192 -0.4391893 -0.8672467 0.2068665 -0.4528683 -0.960772 0.06590843 -0.2693943 -0.8714624 0.08225822 -0.4835151 -0.9475371 0.237097 0.2143796 -0.9765716 0.02626574 0.2135841 -0.983888 0.1770777 0.02465707 -0.9334732 0.3177431 -0.1663345 -0.8284692 0.440074 -0.3463722 -0.7161144 0.6079466 -0.3429011 -0.8763995 0.4363899 0.2036854 -0.764688 0.6189576 0.1792869 -0.6750395 0.5366571 -0.5062813 -0.4821335 0.7552049 -0.4440867 -0.6026867 0.7851502 0.1425066 -0.2349615 0.835366 -0.4969477 -0.4242613 0.8998068 0.1017359 0.009704113 0.8770141 -0.4803667 -0.3157399 0.9457209 0.07694482 0.01690685 0.9939134 -0.1088593 -0.1296584 0.9910211 0.03264832 -0.2115646 0.9760838 0.05000865 0.1641935 0.8837608 -0.4381866 0.1631134 0.9556332 -0.2452739 0.302887 0.8777857 -0.3711495 -0.08205121 0.9964052 0.02108007 -0.129594 0.9910284 0.03268414 0.01663851 0.9939091 -0.1089406 0.07561063 0.9884724 -0.1311699 0.1622084 0.9556021 -0.2459941 0.2296901 0.9329849 -0.2770953 0.3009862 0.8776692 -0.3729667 0.3727385 0.8326179 -0.4096504 0.132838 0.9822525 -0.1324164 6.80238e-6 1 -1.54227e-6 -0.08207559 0.9964034 0.0210722 0.07554876 0.988483 -0.1311253 0.2610258 0.9296275 -0.2601119 0.2295379 0.9330579 -0.2769757 0.3797993 0.8440529 -0.3785857 0.3724366 0.8328892 -0.4093734 0.4850723 0.7285944 -0.4835857 0.9971889 0.05122655 -0.05468171 0.9955988 0.05237263 0.07771855 0.9956244 0.05225223 0.07747125 0.98549 0.04967284 -0.1623022 0.9813198 0.04936677 -0.1859421 0.9485231 0.04657036 -0.3132653 0.9185612 0.04451227 -0.3927647 0.8726621 0.0407412 -0.4866222 0.7985308 0.03644579 -0.6008498 0.765819 0.03408598 -0.6421523 0.6323706 0.02617603 -0.7742236 0.6317619 0.02624386 -0.7747182 0.9814652 -0.04836899 -0.1854363 0.9482107 -0.05396449 -0.3130248 0.9490519 -0.03316122 -0.3133705 0.949422 -0.0141294 -0.3136854 0.9495197 -1.53895e-5 -0.3137076 0.9814667 0.04836815 -0.1854281 0.9491038 0.03320592 -0.3132085 0.9481927 0.0541042 -0.3130549 0.9494322 0.0141294 -0.3136544 0.9968243 -0.01546281 0.07811629 0.9958078 -0.0474236 0.07821619 0.9972456 -0.0498619 -0.05490994 0.9972448 0.04986792 -0.05491858 0.9968284 0.01536023 0.078085 0.9958121 0.04741537 0.07816672 0.9926666 1.62217e-6 -0.1208852 0.9938929 0.05242121 0.09710252 0.9955877 0.05228728 0.07791966 0.9955789 0.05229038 0.07802903 0.9935079 0.05229938 0.1010296 0.985284 0.05231207 0.1627236 0.9852788 0.05230826 0.1627567 0.9852851 0.05230253 0.1627196 0.9853041 0.05231255 0.1626015 0.9849665 0.05231171 0.1646345 0.9686671 0.05232882 0.2427877 0.9556478 0.05241852 0.2898096 0.9355292 0.0523082 0.3493551 0.9202508 0.05229389 0.3878192 0.8624407 0.05229914 0.5034489 0.8622326 0.05228412 0.5038069 0.9935298 0.05188214 0.1010288 0.9841879 0.0707919 0.1623663 0.9852588 0.05283164 0.1627083 0.9827461 0.08921688 0.1620204 0.9809011 0.1082863 0.1615773 0.9891019 0.1075811 0.1005181 0.9955602 0.05267405 0.07800889 0.9910731 0.1084866 0.07749056 0.9392703 0.3012073 0.1644549 0.9806055 0.1081423 0.1634572 0.9809002 0.1082298 0.1616207 0.9911031 0.1082127 0.07749038 0.949243 0.2997114 0.09545105 0.9890572 0.107989 0.1005199 0.9491986 0.3059899 0.07343262 0.9727292 0.199107 0.1189732 0.0859453 0.9958072 -0.03132712 0.6216104 0.7810478 0.05970638 0.2609532 0.9599073 0.1023793 -0.9087939 0.3467006 -0.2321474 0.6890297 0.7202652 0.08035051 0.8768178 0.4728943 0.08695638 0.9492207 0.299782 0.09545105 0.7452356 0.6627864 0.07306289 0.6147942 0.786133 0.06342762 0.5944519 0.8004363 0.07699882 0.4944678 0.8672276 0.05846214 0.3337121 0.9410186 0.05586022 0.5979462 0.7976038 0.07930147 0.5280678 0.8457021 0.07702261 0.4680861 0.8804897 0.07505518 0.2098468 0.9763807 0.05143058 0.2434275 0.9673039 0.07117795 0.7646396 0.6394843 0.07991498 0.949203 0.3059794 0.07341951 0.7336698 0.6761134 0.0678181 0.9039729 0.421912 0.06945103 0.6286807 0.7745262 0.06978392 0.5678186 0.820218 0.06945782 0.4608988 0.8846751 0.07015967 0.2736448 0.9586517 0.07813876 0.6533191 0.7544744 0.0627917 0.8109906 0.5816218 0.06332641 0.7224498 0.6888099 0.06006067 0.5762524 0.8147072 0.06469559 0.5871856 0.8069851 0.06315094 0.5226087 0.8500225 0.06589418 0.484115 0.8724091 0.06734365 0.3080258 0.9470456 0.09069073 0.4767292 0.8757966 0.07556349 0.48019 0.8739821 0.07465177 0.5286839 0.8456065 0.07377839 0.08180332 0.9864671 0.1420946 0.04241985 0.9913629 0.1240972 0.1063074 0.9862756 0.1263295 -0.01282221 0.9937092 0.1112547 -0.06197947 0.9942362 0.08748084 -0.0866065 0.9906611 0.1053096 -0.1212489 0.9871929 0.103677 -0.157664 0.9829533 0.09457743 -0.1599708 0.9817416 0.1029217 -0.1796989 0.9789463 0.09681177 0.06490057 0.9957298 0.0656526 0.2433553 0.9673198 0.07120829 0.05638676 0.9959573 0.0699265 0.07022142 0.9957194 0.06009912 0.07063609 0.9959138 0.05627179 0.2085291 0.9737992 0.09072369 0.3079282 0.9470751 0.09071445 0.152377 0.9820217 0.1114209 0.2735813 0.9586668 0.078175 0.1255183 0.9872961 0.09742546 0.1018177 0.9909778 0.08715569 -0.006870806 0.9965476 0.08273774 0.02331727 0.9966369 0.07855689 0.117183 0.9895019 0.08458244 0.1278955 0.9883668 0.08230394 0.1360773 0.9874498 0.08016109 0.04326671 0.996307 0.07416546 0.1364877 0.9893647 0.05028706 0.2099536 0.9763599 0.05138987 0.06337493 0.9973316 0.03623837 0.06924545 0.9962269 0.05231797 -0.301312 0.9486147 0.09665149 -0.2642055 0.9597387 0.09537911 -0.4007151 0.9122118 0.0854237 -0.1600818 0.9817205 0.10295 -0.1794674 0.9789866 0.09683382 -0.4750965 0.8753966 0.08924204 -0.5218537 0.8497675 0.07459235 -0.6348636 0.7690798 0.07392221 -0.6213195 0.7811935 0.06081807 -0.9460373 0.3239997 -0.006142079 -0.8442969 0.5358629 0.003713428 -0.8500998 0.5266178 0.002030432 -0.8550195 0.5185958 3.73542e-4 -0.753428 0.6552892 0.05424463 -0.707111 0.7058243 0.04249972 -0.7724543 0.6346094 0.02419352 -0.853597 0.519594 0.03734254 -0.8374823 0.5464361 0.005579113 -0.9449756 0.325598 0.03173798 -0.8600716 0.5101668 -0.00259602 -0.8626384 0.5057998 -0.004664301 -0.8661471 0.4997452 -0.006639301 -0.8704673 0.4921339 -0.009543597 -0.8588715 0.512188 -0.001811146 -0.8782045 0.4780901 -0.01367336 -0.8859387 0.4634808 -0.01727324 -0.946031 0.324018 -0.006136536 -0.8557789 0.5173417 7.86595e-5 -0.8549019 0.5187894 5.65793e-4 -0.9212971 0.3875915 -0.03137695 -0.9468079 0.3194032 -0.03919851 -0.9656192 0.255191 -0.04956936 -0.9460324 0.3240141 -0.006140649 -0.9466685 0.3198137 -0.03921675 -0.9937344 0.1116018 -0.006072103 -0.9909322 0.1117994 -0.07452708 0.2256228 0.9700255 0.0902487 0.1525644 0.9818201 0.1129315 0.3079221 0.9470766 0.09071934 0.2713797 0.9578136 0.094585 0.1910189 0.9775683 0.08872413 0.1660945 0.9822697 0.08694297 0.1379894 0.9869871 0.08255565 0.1095815 0.9911192 0.07533085 0.03109943 0.9964802 0.0778461 0.02272516 0.9928893 0.1168528 0.03925973 0.9968177 0.06937873 0.05867797 0.9960922 0.06601041 0.04863661 0.9966 0.06650501 0.3080139 0.9470506 0.09067845 0.4526814 0.8846699 0.1115296 0.2714003 0.957818 0.09448015 0.4805067 0.8742247 0.06960368 0.8483314 0.296307 0.4387894 0.8598832 0.1084994 0.4988275 0.9172131 0.1084126 0.3833626 0.9026235 0.2976933 0.3108851 0.9511201 0.1081111 0.2892794 0.939301 0.3011126 0.1644533 0.9806258 0.1081665 0.1633194 0.2098742 0.976375 0.05142742 0.1812145 0.9831651 0.02340555 0.3337721 0.9409903 0.05597847 0.9136869 0.3907035 0.1119247 0.9492174 0.2997947 0.0954445 0.8768073 0.4729006 0.08702921 0.9392667 0.3012264 0.1644407 0.9189968 0.3589052 0.163193 0.8313025 0.5469392 0.0989632 0.7452217 0.6628012 0.07306963 0.5598184 0.8262773 0.06220406 0.6147906 0.786136 0.06342428 0.4944354 0.8672481 0.05843126 0.4719157 0.8795928 0.06009966 0.3732686 0.9263203 0.05100369 0.5707097 0.8152071 0.09863001 0.3129641 0.9491385 0.03449141 0.1761819 0.9843208 0.00852704 0.1591158 0.9872118 0.009747803 0.2595123 0.9652755 0.02994674 0.6977708 0.7078718 0.1096972 0.7442374 0.6540836 0.1352238 0.8801044 0.4475601 0.1584502 0.9025132 0.2980931 0.3108221 0.9189997 0.3589109 0.1631645 0.8801232 0.4474967 0.1585243 0.9392814 0.3011744 0.1644524 0.8277364 0.374719 0.417658 0.8478387 0.297935 0.4386392 0.7797564 0.4969016 0.3808787 0.6683732 0.6814612 0.298141 0.7442908 0.6540037 0.1353162 0.5587151 0.8000449 0.2185535 0.5707436 0.8151687 0.0987513 0.4211568 0.8983474 0.1248955 0.3733565 0.9262871 0.05096393 0.2344117 0.9718403 0.02403169 0.1761775 0.9843214 0.008532226 0.181075 0.9831925 0.02333664 0.09681379 0.9953003 -0.002099633 0.1224109 0.9924762 0.002608001 0.1593402 0.9871743 0.009874582 0.07981598 0.9968009 -0.004167079 0.06972593 0.9975655 -0.001256406 0.2099585 0.9763584 0.05139875 0.06337505 0.9973317 0.03623825 -0.9937577 0.1114411 -0.005144536 -0.9460499 0.3239631 -0.006136476 -0.9937579 0.1114012 -0.005918204 -0.9931982 0.1122794 0.03083437 -0.945023 0.3254688 0.03164857 0.9511216 0.1080765 0.2892875 0.9824035 0.08968633 0.1638289 0.9805585 0.1087661 0.1633255 0.9838732 0.07076853 0.1642724 0.98496 0.05234771 0.1646621 0.9556658 0.05233287 0.2897658 0.9172584 0.1085064 0.3832277 0.9203717 0.05264997 0.3874844 0.8603326 0.1086772 0.4980131 0.8625026 0.05268746 0.5033023 0.9852896 0.05236989 0.162671 0.983892 0.07065933 0.1642066 0.9850077 0.0515567 0.1646259 0.9842054 0.07098251 0.162177 0.9823946 0.0897721 0.1638348 0.9826723 0.08962798 0.1622407 0.9805462 0.1088274 0.163358 0.9808525 0.1086869 0.1616031 -0.9909356 0.1117773 -0.07451564 -0.995779 0.0915718 -0.006214857 -0.9937826 0.1111716 -0.006097972 -0.9973833 0.07201659 -0.006351649 -0.9986118 0.05228656 -0.006382226 -0.9957829 0.05247741 -0.07525134 -0.9986159 0.05229741 -0.005597352 -0.9957935 0.05229824 -0.07523381 -0.9951035 0.0522902 -0.08387422 -0.9986108 0.05231022 -0.006344914 -0.9986112 0.05234718 -0.005972623 -0.998233 0.05232816 0.02815604 -0.9986147 0.05232036 -0.005589365 -0.9982074 0.05233842 0.02902954 -0.9986153 0.05230736 -0.005612194 -0.9973867 0.07199847 -0.006014764 -0.9974226 0.07146096 -0.00645262 -0.9986504 0.0515275 -0.006499469 -0.9986254 0.05211836 -0.005567193 -0.9957608 0.09179383 -0.005855023 -0.9958091 0.09123998 -0.006299674 -0.9937811 0.1112291 -0.005233585 -0.9938516 0.1105571 -0.006030023 -0.9932361 0.1119477 0.03082132 -0.9986187 0.05224561 -0.005588114 -0.9982473 0.05204594 0.02817142 -0.9938014 0.1110485 -0.005208373 -0.9957215 0.09224694 -0.005420386 -0.9973388 0.07270234 -0.005468845 0.7562606 0.08763784 -0.6483744 0.7974666 0.05242115 -0.6010817 0.6327267 0.0261197 -0.7739346 0.6410552 0.02642947 -0.7670396 0.849201 0.1471018 -0.5071675 0.9162104 0.07573163 -0.393476 0.914762 0.2019966 -0.3498684 0.9820954 0.09476184 -0.1628161 0.9508671 0.249828 -0.1828607 0.9492848 0.3057974 0.0731188 0.9911225 0.1081874 0.07727694 0.65126 0.02592551 -0.7584118 0.849233 0.1470409 -0.5071315 0.7564975 0.08750134 -0.6481168 0.6417462 0.02606064 -0.7664743 0.9044421 0.4209221 0.06934911 0.9492543 0.305891 0.07312363 0.950854 0.2498782 -0.1828594 0.914809 0.201789 -0.3498654 0.4805558 0.8742507 0.0689339 0.6624342 0.6807049 -0.3127649 0.6032475 0.780511 -0.1639971 0.4806388 0.8742513 0.06834501 0.869561 0.3018722 -0.390816 0.6758061 0.02619487 -0.7366139 0.8111623 0.5813432 0.06368649 0.8532924 0.3498026 -0.3866916 0.8427435 0.3838025 -0.3774644 0.6916122 0.02892839 -0.7216895 0.7223671 0.688916 0.05983769 0.8188136 0.4317531 -0.3783301 0.7868105 0.468428 -0.4018763 0.6213621 0.7812215 0.06001824 0.7304394 0.5291016 -0.4318679 0.6282507 0.02614468 -0.7775716 0.7039691 0.4937102 -0.5105663 0.691591 0.2663874 -0.6713715 0.5215631 0.8529027 0.02299702 0.579656 0.8069435 -0.113318 0.4528007 0.8846128 0.1114982 0.6054808 0.7789942 -0.1629755 0.6627432 0.6803907 -0.3127939 0.6625255 0.675331 -0.3240187 0.703881 0.4937548 -0.5106445 0.7004318 0.4901183 -0.5188251 0.6916457 0.2665262 -0.6712601 0.6867721 0.2681626 -0.6755982 0.6283905 0.02624499 -0.7774552 0.6221125 0.02599215 -0.7824963 0.5402423 0.841507 0.002143561 0.5782393 0.6500102 -0.4930781 0.3617432 0.9272265 -0.09691756 0.2715078 0.9577888 0.09446775 0.4355633 0.8541657 -0.2840521 0.4896551 0.7417942 -0.458235 0.5211631 0.5955997 -0.6112694 0.5942014 0.5666194 -0.5708478 0.592185 0.02630609 -0.8053726 0.6021201 0.4816448 -0.6367651 0.4722685 0.02594429 -0.8810729 0.5287978 0.422217 -0.7362784 0.5122751 0.2293076 -0.8276426 0.6669576 0.6042355 -0.4359669 0.4525516 0.8847409 0.1114928 0.5788102 0.8074638 -0.1139351 0.6612662 0.6760979 -0.3249902 0.6986807 0.4911608 -0.5201984 0.6831579 0.4953067 -0.5366252 0.6265724 0.05833679 -0.7771769 0.6298169 0.07147228 -0.7734484 0.6844624 0.2695088 -0.677404 0.3060767 0.01434713 -0.9518988 0.5119358 0.2297947 -0.8277174 0.4719797 0.02642846 -0.8812132 0.3022529 -0.06219601 -0.9511966 0.2996448 -0.02841895 -0.9536275 0.3647756 0.2880578 -0.8854161 0.5285377 0.4226524 -0.7362153 0.385471 0.5281713 -0.7566025 0.5208499 0.5958116 -0.6113297 0.377357 0.7289257 -0.5711998 0.4893048 0.7419064 -0.4584275 0.3434093 0.8709682 -0.3514038 0.4354037 0.8541464 -0.2843546 0.3042827 0.9355741 -0.1792015 0.3617786 0.9271869 -0.09716308 0.2254492 0.9700514 0.0904054 0.2714918 0.9578028 0.09437209 0.3603284 0.2894989 -0.8867659 0.3815717 0.008320093 -0.9243018 0.346127 0.01914405 -0.9379923 0.3075504 0.7124665 -0.6307172 0.1500598 0.02619493 -0.9883298 0.1909744 0.9775716 0.08878386 0.2258579 0.9700196 0.08972299 0.3032311 0.935725 -0.1801939 0.341392 0.8712389 -0.3526958 0.3747434 0.7292656 -0.572485 0.3815963 0.529168 -0.7578692 0.2241228 0.7238507 -0.6525405 0.1514383 0.7323189 -0.6639093 -0.03273272 0.025999 -0.999126 0.05892938 0.7414687 -0.6683947 0.1660819 0.9822715 0.08694553 -0.03272658 0.748924 -0.6618473 -0.2520934 0.02614039 -0.9673498 -0.1218386 0.7538244 -0.6456812 0.1379583 0.9870006 0.08244639 -0.2063415 0.7562465 -0.6208983 -0.4452753 0.02621173 -0.89501 0.109604 0.9911125 0.07538616 -0.2621535 0.7559156 -0.5998893 -0.3454926 0.7514629 -0.5620841 -0.5893393 0.02608042 -0.8074645 -0.4922936 0.5412504 -0.6816855 -0.3865233 0.7477241 -0.5399152 -0.5616173 0.2946261 -0.7731633 -0.2739417 0.8444415 -0.4602985 -0.2576035 0.8944281 -0.3655666 -0.2027308 0.9117068 -0.3573389 -0.09767037 0.9841617 -0.1479396 0.05865937 0.9961017 0.06588208 0.03773218 0.9969134 0.06884765 -0.2001476 0.9789798 -0.03923588 0.03109395 0.9964812 0.07783669 -0.8184617 0.02559667 -0.5739909 -0.8864651 0.02605754 -0.4620614 -0.8903788 0.02675181 -0.4544338 -0.8625805 0.2905914 -0.4141395 -0.1047772 0.9842534 -0.1423623 0.04798662 0.9967198 0.06516915 0.05869215 0.9960899 0.06603169 -0.6161189 0.02633982 -0.7872126 -0.7258533 0.02584695 -0.6873638 -0.5877199 0.294997 -0.7533673 -0.6160854 0.0261963 -0.7872437 -0.5646515 0.7401061 -0.3652558 -0.4346885 0.8857868 -0.1625662 -0.6203252 0.7383177 -0.2647333 -0.768965 0.5336511 -0.352008 -0.5305001 0.7419918 -0.4098998 -0.4928045 0.7435964 -0.4518939 -0.2717241 0.8946231 -0.354705 -0.4062043 0.7478026 -0.5251567 -0.5159584 0.541422 -0.6638142 -0.8619118 0.02592456 -0.506395 -0.8644416 0.2905518 -0.4102686 -0.8962602 0.02629154 -0.4427488 -0.8366793 0.2919484 -0.4633938 -0.7705674 0.5336483 -0.3484902 -0.7501569 0.5367853 -0.3861687 -0.6215151 0.7383822 -0.2617457 -0.6084749 0.7421991 -0.2808895 -0.435441 0.8858361 -0.1602676 -0.4295541 0.8887031 -0.1602814 -0.2006556 0.9789182 -0.03816354 -0.2023686 0.9791557 -0.01735365 0.03121519 0.9964774 0.07783609 -0.01538932 0.9834211 0.1806824 -0.2993004 0.4760836 0.8269001 0.7964445 0.4787383 0.3694401 0.752344 -0.6587601 -0.003727734 -0.2019398 0.9792336 -0.01794803 -0.7367056 0.02681589 -0.6756818 -0.8618565 0.02644163 -0.5064625 -0.7247148 0.02589643 -0.6885623 -0.8363171 0.2924494 -0.4637316 -0.7331796 0.2898788 -0.615157 -0.6646911 0.5320293 -0.524529 -0.7493942 0.5371677 -0.3871167 -0.5486052 0.736199 -0.3962869 -0.6077119 0.742344 -0.2821556 -0.3993528 0.8832985 -0.2455632 -0.4289467 0.8887928 -0.1614071 -0.2067582 0.9763572 -0.0630697 -0.01289546 0.9937135 0.1112077 -0.01281565 0.9937154 0.1112008 -0.212727 0.9737694 -0.08074873 -0.08665633 0.9906645 0.1052362 -0.2072407 0.9762991 -0.06238162 -0.3280756 0.9073469 -0.262846 -0.4005541 0.8831019 -0.2443105 -0.4266816 0.7948012 -0.4315481 -0.5502422 0.7358965 -0.3945756 -0.5035693 0.6418631 -0.5782991 -0.6667019 0.5317408 -0.5222647 -0.5548163 0.4563836 -0.6956242 -0.7354115 0.2895632 -0.6126363 -0.5778393 0.2476974 -0.7776553 -0.751477 0.02618926 -0.6592394 -0.5715706 0.02616459 -0.8201356 -0.4925379 0.02345281 -0.869975 -0.5778787 0.2473868 -0.7777248 -0.5715253 0.02567279 -0.8201827 -0.5165746 0.2559182 -0.8171027 -0.4815348 0.02020996 -0.876194 -0.5546499 0.4564432 -0.6957177 -0.5028402 0.4715334 -0.7244364 -0.5033587 0.6419693 -0.5783644 -0.4531211 0.6859215 -0.5693796 -0.4265936 0.7947829 -0.431669 -0.3689458 0.8526055 -0.3700581 -0.3279849 0.9073277 -0.2630255 -0.256697 0.956031 -0.1418146 -0.2126771 0.9737768 -0.08079242 -0.1212937 0.9871845 0.1037043 -0.08677577 0.9906555 0.1052227 -0.1213836 0.9871737 0.1037021 -0.2488823 0.9631517 -0.1019628 -0.1599266 0.9817516 0.1028946 -0.2570859 0.9559461 -0.1416827 -0.3253644 0.8962004 -0.3016006 -0.369692 0.8524315 -0.3697139 -0.3854452 0.7842643 -0.4861704 -0.4540339 0.6857351 -0.5688767 -0.4261497 0.6329177 -0.6463837 -0.5038708 0.471357 -0.7238348 -0.4454753 0.4500738 -0.7739416 -0.5176078 0.2557334 -0.8165065 -0.4424964 0.2441744 -0.862888 -0.5028306 0.02614986 -0.8639895 -0.4170676 0.02591496 -0.9085059 -0.253435 0.0235753 -0.9670652 -0.4423671 0.24408 -0.8629811 -0.417064 0.02594935 -0.9085067 -0.2704676 0.2506594 -0.9295253 -0.3087017 0.01943761 -0.9509603 -0.4453723 0.4500214 -0.7740313 -0.3120209 0.4612271 -0.8306099 -0.4260818 0.6329276 -0.6464186 -0.3381358 0.670213 -0.6606654 -0.3854944 0.7842599 -0.4861384 -0.3392757 0.832084 -0.4387805 -0.325302 0.8962002 -0.3016688 -0.3144664 0.9315879 -0.1823589 -0.2488843 0.9631497 -0.1019769 -0.2641838 0.9597408 0.09541785 -0.1598651 0.9817578 0.1029309 -0.5563203 0.7017318 -0.4450623 -0.837588 0.5462739 0.005577504 -0.7722343 0.6349113 0.02327823 -0.2033546 0.6456227 -0.736083 -0.1908493 0.6406348 -0.7437497 -0.7071427 0.705799 0.04239135 0.4678475 0.02596002 -0.8834279 -0.2206351 0.650982 -0.7263212 0.2327631 0.026205 -0.9721804 -0.621263 0.7812538 0.0606209 -0.2489349 0.6580448 -0.7106396 -0.5216664 0.8498918 0.07448643 -0.2673296 0.6633442 -0.6989344 -0.2884159 0.6717967 -0.6822797 0.01342505 0.025931 -0.9995736 -0.4002389 0.9125394 0.08414757 -0.3038814 0.6802209 -0.66705 -0.3133232 0.6858301 -0.6568605 -0.09880393 0.02478063 -0.9947984 -0.330062 0.6952335 -0.6385213 -0.2645193 0.9596495 0.09540635 -0.3148056 0.9314848 -0.1823004 -0.3395222 0.8319771 -0.4387925 -0.3386212 0.6701102 -0.6605211 -0.3093096 0.5841287 -0.7504141 -0.3124309 0.4611408 -0.8305036 -0.2842329 0.4721794 -0.834421 -0.27079 0.2504203 -0.9294959 -0.2143342 0.026102 -0.9764116 -0.578113 0.7132527 -0.3963029 -0.2941883 0.6625372 -0.6888379 -0.3952875 0.6873129 -0.609384 -0.4816017 0.6995189 -0.5279519 0.2749243 0.3535054 -0.89412 0.6745592 0.02618414 -0.7377563 0.3111489 0.3480814 -0.8843222 -0.1746395 0.6212859 -0.7638749 -0.5559119 0.7377379 -0.3830205 -0.4125728 0.672595 -0.6143288 -0.7536174 0.6248255 -0.2040932 -0.6264304 0.6676793 -0.4022305 -0.4632732 0.671865 -0.5779061 -0.2738022 0.6378751 -0.7198248 -0.2940303 0.6484233 -0.7022062 -0.1807814 0.6138327 -0.7684579 -0.06880474 0.5672777 -0.8206472 -0.1493325 0.608506 -0.7793718 -0.1776476 0.6274048 -0.7581586 -0.3939346 0.7021973 -0.5930721 -0.1812451 0.6326926 -0.7528945 0.3197352 0.3481 -0.8812467 0.1404563 0.4642173 -0.8745138 0.341744 0.3344364 -0.878273 0.5230644 0.1857922 -0.8317962 -0.5666145 0.7260433 -0.3896271 0.6307086 0.4110112 -0.6582373 0.3388084 0.3301879 -0.8810135 0.5217143 0.1832324 -0.8332107 0.6747589 0.02569395 -0.7375909 -0.8441178 0.5361467 0.003469645 -0.8375648 0.5463109 0.005462944 -0.7539378 0.624386 -0.2042548 -0.6275427 0.6660133 -0.4032573 -0.7276889 0.6757739 -0.1174679 -0.8499367 0.5268823 0.001665592 -0.5604467 0.7961324 -0.2281949 -0.8551241 0.5184233 3.06122e-4 -0.1781 0.7831177 -0.5958248 -0.4654592 0.6688861 -0.5796025 -0.2769421 0.633229 -0.72272 -0.07227766 0.5616671 -0.8242003 0.1368998 0.4585971 -0.878036 0.1626099 0.8007852 -0.5764556 0.5060676 0.6975335 -0.5072895 -0.1446294 0.9019472 -0.4069076 -0.362501 0.8729664 -0.3263784 0.08094984 0.8811634 -0.4658309 0.3017187 0.8119465 -0.4997087 -0.1954063 0.8259098 -0.5288568 0.2816384 0.8334929 -0.4753626 0.3015649 0.8106898 -0.5018373 0.5058702 0.6976134 -0.5073765 0.4848637 0.7286861 -0.4836568 0.06306612 0.8949252 -0.441737 0.08017557 0.8797059 -0.4687106 -0.1589202 0.9091688 -0.3849111 -0.1457562 0.9003726 -0.409981 -0.3632431 0.8717983 -0.3286671 -0.3722772 0.8756061 -0.3077722 -0.5606674 0.7956696 -0.2292641 -0.5660162 0.7960251 -0.214406 -0.7277934 0.6756947 -0.1172756 -0.7302039 0.6743717 -0.1096587 -0.8548349 0.5188999 6.55236e-4 -0.8555198 0.5177702 2.26714e-4 0.372456 0.8329373 -0.409258 0.2817278 0.833588 -0.4751427 0.4854115 0.7283472 -0.4836178 0.1433295 0.9108368 -0.387083 0.06316208 0.8949553 -0.4416623 -0.0943644 0.9349181 -0.3420871 -0.1587566 0.9092421 -0.3848054 -0.3268301 0.9036979 -0.2766087 -0.3722878 0.875597 -0.3077853 -0.5395786 0.8191038 -0.1947405 -0.5662487 0.7957928 -0.2146539 -0.7205851 0.6859576 -0.1010903 -0.7304946 0.6739734 -0.1101708 -0.8590326 0.5119186 -0.001633644 -0.8561644 0.5167037 9.36035e-5 0.0798527 0.9343551 -0.3472811 0.1434171 0.9107263 -0.3873102 0.3726553 0.8326472 -0.4096666 0.3008353 0.8777693 -0.3728529 -0.1450464 0.9417159 -0.3035339 -0.09436458 0.9349659 -0.3419566 -0.3626319 0.8994857 -0.24377 -0.5397637 0.8190162 -0.194596 -0.3270127 0.9037144 -0.2763389 -0.5608759 0.8100165 -0.1711478 -0.7206206 0.6859245 -0.1010626 -0.7298708 0.6777222 -0.08933776 -0.8590064 0.5119629 -0.001487076 -0.8604441 0.5095381 -0.002626061 -0.8779839 0.4784913 -0.0138061 -0.8422622 0.505083 -0.1883769 -0.8858555 0.4636371 -0.01734066 -0.7710873 0.5297945 -0.3531886 -0.7195808 0.6113436 -0.3293364 -0.6747124 0.5369528 -0.5064038 -0.8702167 0.4925612 -0.01032179 -0.4825949 0.7575747 -0.4395256 -0.8636951 0.5038874 -0.01133114 -0.7298263 0.6777201 -0.08971726 -0.8617538 0.5072873 -0.006334006 -0.8600355 0.5102265 -0.002822339 0.07960492 0.934197 -0.3477632 0.1630724 0.8818572 -0.44242 -0.1454503 0.9413272 -0.3045445 0.3008412 0.8779113 -0.3725134 -0.5341907 0.7958435 -0.2850852 -0.5611613 0.8096725 -0.1718389 -0.3628613 0.8991038 -0.2448353 -0.2320078 0.8378377 -0.4941664 0.01240456 0.8810087 -0.4729374 -0.1903198 0.2621453 -0.9460752 -0.1269807 0.08591014 -0.9881778 -0.3325844 0.1712508 -0.9273947 -0.8424058 0.5049205 -0.1881698 -0.4908742 0.4808337 -0.726527 -0.8859657 0.4634339 -0.01714253 -0.7710519 0.5296953 -0.353415 -0.6747864 0.5366449 -0.5066316 -0.6054825 0.3509898 -0.7142809 -0.8056366 0.3552384 -0.4740837 -0.8871212 0.3816468 -0.2595416 -0.6812971 0.3099667 -0.6631403 -0.5203244 0.2475802 -0.8172922 -0.6911214 0.4180746 -0.5895462 -0.3012148 0.3672388 -0.880003 -0.9212287 0.3877586 -0.03132218 -0.9213697 0.3874498 -0.03099209 -0.8844364 0.3504455 -0.3081564 -0.9467074 0.3196621 -0.0395134 -0.8874456 0.3807592 -0.2597357 -0.7583794 0.3546083 -0.546913 -0.8060096 0.3538158 -0.4745135 -0.5811933 0.3338104 -0.7421489 -0.6820189 0.3079738 -0.6633267 -0.3673471 0.2902669 -0.8836296 -0.5211868 0.2457816 -0.8172857 -0.1288731 0.2272816 -0.9652642 -0.3325516 0.1703083 -0.9275799 0.1187713 0.1488476 -0.9817015 -0.1269671 0.08586925 -0.9881832 0.3580625 0.06058084 -0.9317303 -0.9466038 0.3199709 -0.03949797 -0.9142858 0.3059481 -0.2654756 -0.9655998 0.2552314 -0.04973977 -0.8843277 0.35084 -0.3080192 -0.8154506 0.3409233 -0.4677731 -0.7584267 0.3548131 -0.5467144 -0.6745336 0.3580467 -0.6456059 -0.4988712 0.3565314 -0.7899449 -0.5817382 0.3338148 -0.7417199 -0.2968903 0.3366809 -0.8935894 -0.3677625 0.2902857 -0.8834507 -0.08002376 0.2995604 -0.9507154 0.1412588 0.2468779 -0.9586957 -0.1287323 0.2270476 -0.9653381 0.3548892 0.1813591 -0.9171491 0.1191554 0.148729 -0.9816729 0.5501233 0.1067162 -0.8282368 0.3584178 0.06040757 -0.9316049 0.7171686 0.02643609 -0.6963982 0.7172676 0.02628731 -0.6963019 0.5503267 0.1066346 -0.8281122 0.7169739 0.02642619 -0.6965991 0.5424973 0.06427401 -0.8375951 0.355178 0.1815112 -0.9170072 0.3396467 0.09893226 -0.9353356 0.1407248 0.2470138 -0.9587391 0.1187507 0.128648 -0.9845548 -0.08034682 0.2997946 -0.9506143 -0.1081874 0.1513712 -0.9825388 -0.2969805 0.3369415 -0.8934613 -0.3296849 0.1663527 -0.9293195 -0.5342894 0.1726323 -0.8274859 -0.4989654 0.3569092 -0.7897148 -0.7103442 0.1697872 -0.6830691 -0.6745977 0.3583137 -0.6453908 -0.8496735 0.1583969 -0.5029567 -0.8154176 0.340941 -0.4678179 -0.9449946 0.1387813 -0.2961842 -0.9142097 0.306006 -0.2656711 -0.9909446 0.1117981 -0.07436394 -0.9655114 0.2554771 -0.05019325 -0.9450605 0.1386013 -0.2960581 -0.9516895 0.06939131 -0.2991189 -0.995769 0.05233645 -0.07553195 -0.9909878 0.1115323 -0.07418686 -0.8496387 0.1583665 -0.5030251 -0.8579115 0.08285486 -0.5070732 -0.7102034 0.1700544 -0.6831491 -0.7192173 0.09197431 -0.6886707 -0.5339847 0.1727716 -0.8276536 -0.5425274 0.0961458 -0.8345179 -0.3296927 0.1663672 -0.9293142 -0.3378076 0.09538894 -0.9363691 -0.1154937 0.08967238 -0.9892523 -0.1080312 0.151318 -0.9825641 0.1131207 0.07912576 -0.9904256 0.119014 0.1285697 -0.9845332 0.3357315 0.06471425 -0.9397321 0.3392482 0.09891927 -0.9354815 0.5407127 0.04668152 -0.8399112 0.5425336 0.06415557 -0.8375808 0.7173631 0.02619636 -0.6962069 0.7174842 0.02606701 -0.6960868 0.5455655 0.04595249 -0.8368075 0.7174509 0.02620136 -0.6961162 0.718068 0.02618402 -0.6954803 0.5407437 0.04657894 -0.8398968 0.3465015 0.06340521 -0.9359042 0.3357009 0.0645048 -0.9397575 0.1304508 0.07768797 -0.9884064 0.1130704 0.07906663 -0.990436 -0.09283286 0.08814263 -0.9917727 -0.1154465 0.08948236 -0.989275 -0.3109774 0.0940181 -0.9457557 -0.3374688 0.09532427 -0.9364979 -0.522311 0.09549367 -0.8473914 -0.542378 0.09606838 -0.834624 -0.7044113 0.0916875 -0.7038453 -0.7191886 0.09158152 -0.688753 -0.8490716 0.08291858 -0.5217297 -0.857921 0.08249354 -0.5071159 -0.9478374 0.06962466 -0.3110576 -0.9516983 0.06909942 -0.2991581 -0.9951073 0.05226403 -0.08384495 -0.9957742 0.05224585 -0.07552635 -0.9905395 0.05572825 0.1254032 -0.9982358 0.05228698 0.02813357 -0.9982087 0.05229252 0.02907252 -0.9610123 0.05956536 0.2700139 -0.9737165 0.0585972 0.2200967 -0.9477183 0.0607075 0.3132804 -0.8660785 0.0634917 0.4958599 -0.8486878 0.06342601 0.5250775 -0.7193307 0.06387549 0.691725 -0.7034957 0.06312704 0.7078905 -0.5292575 0.05950516 0.8463721 -0.5197085 0.05938076 0.8522775 -0.3077218 0.05229657 0.9500381 -0.3083543 0.05229967 0.9498329 -0.8488786 0.06393808 0.5247067 -0.9491403 0.02058511 0.3141799 -0.9494689 3.93807e-6 0.3138615 -0.9485414 0.04047441 0.3140558 -0.9475696 0.06236302 0.3134054 -0.8488805 -0.06393831 0.5247038 -0.9491562 -0.02059829 0.314131 -0.9485533 -0.04047942 0.3140194 -0.9475448 -0.06237381 0.3134781 -0.5198341 0.05925208 0.85221 -0.7032151 0.06333178 0.7081508 -0.7032527 -0.06333053 0.7081137 -0.5198876 -0.05937701 0.8521687 -0.3083618 0.01620095 0.9511313 -0.307825 0.04960936 0.9501488 -0.3084463 -0.01620221 0.9511038 -0.307882 -0.04961484 0.9501301 -0.8069984 1.18278e-6 0.5905537 -0.3709017 0.052311 0.9271978 -0.3077272 0.05233365 0.9500343 -0.3077452 0.05233448 0.9500285 -0.4756897 0.05225014 0.8780601 -0.4733636 0.05221444 0.8793183 -0.6637101 0.05229908 0.7461594 -0.6598894 0.05232346 0.7495387 -0.7894288 0.05226457 0.6116133 -0.821939 0.05226105 0.5671729 -0.8818583 0.052289 0.4686064 -0.9357873 0.05221194 0.3486777 -0.9430871 0.0521776 0.3284271 -0.9800094 0.05235821 0.191938 -0.9909675 0.05248063 0.1234074 -0.9986333 0.05226469 3.82855e-4 -0.9984909 0.05234676 -0.01660859 -0.9929766 0.05231624 -0.1061157 -0.9929742 0.05232548 -0.106134 -0.3076361 -0.05228668 0.9500664 -0.3077546 -0.05237239 0.9500233 -0.3077434 -0.05238038 0.9500266 -0.3077453 -0.05238717 0.9500255 -0.3077077 -0.05233269 0.9500407 -0.3076236 -0.05230176 0.9500697 -0.3076878 -0.05229401 0.9500493 -0.3077269 -0.05238771 0.9500315 -0.3077033 -0.05232614 0.9500425 -0.3076132 -0.05231177 0.9500724 -0.3074824 -0.05240535 0.9501097 -0.3077439 -0.05234497 0.9500283 -0.3076965 -0.05228048 0.9500473 -0.3076989 -0.05229395 0.9500458 -0.3076844 -0.05237805 0.9500457 -0.3076453 -0.05285829 0.9500318 -0.3076453 -0.05285829 0.9500318 -0.3076967 -0.05233347 0.9500442 -0.307731 -0.05233794 0.9500328 -0.3708873 -0.05225855 0.9272063 -0.3077389 -0.05229377 0.9500327 -0.307742 -0.05228012 0.9500325 -0.3709271 -0.05225169 0.9271909 -0.4733058 -0.05223065 0.8793485 -0.4733788 -0.05221527 0.87931 -0.6636244 -0.05236482 0.746231 -0.663833 -0.05236077 0.7460457 -0.8218924 -0.05233955 0.5672332 -0.8220515 -0.05232989 0.5670034 -0.9357979 -0.05217373 0.3486548 -0.9359042 -0.05217659 0.3483693 -0.9909788 -0.05227804 0.1234019 -0.9909998 -0.05228441 0.1232306 -0.9984931 -0.05233818 -0.01650482 -0.9984914 -0.05232995 -0.01663655 -0.9929839 -0.05216521 -0.1061212 -0.9929841 -0.05216014 -0.1061221 -0.9929693 0.05239003 -0.1061475 -0.992977 0.05225187 -0.1061437 -0.992977 0.05224996 -0.1061446 -0.9929735 0.05232852 -0.1061396 -0.9986231 0.05225098 -0.004660725 -0.9929754 0.05225038 -0.1061594 -0.9986261 0.05225789 -0.003897488 -0.9929769 0.05225795 -0.1061419 -0.9746709 0.05235582 0.2174295 -0.9742888 0.05236488 0.2191334 -0.8928015 0.05235677 0.4473972 -0.8917627 0.05235928 0.4494639 -0.7658976 0.05241799 0.6408224 -0.7642489 0.05240893 0.6427885 -0.6714164 0.0522899 0.7392333 -0.6523718 0.05228692 0.7560935 -0.6008411 0.0523433 0.7976529 -0.600831 0.05234724 0.7976603 -0.6007459 0.05234074 0.7977248 -0.6000562 0.05243903 0.7982374 -0.6002483 0.05242025 0.798094 -0.6002485 0.05242043 0.798094 -0.6007534 0.05234253 0.7977191 -0.6008104 0.05234324 0.7976761 -0.6009235 0.05230432 0.7975935 -0.6009101 0.05229288 0.7976044 -0.6008056 0.05232787 0.7976806 -0.6008632 0.05233734 0.7976366 -0.6008686 0.05233061 0.7976331 -0.6008266 0.05231815 0.7976655 -0.6008284 0.05230557 0.7976649 -0.6008369 0.05229061 0.7976596 -0.6007975 0.0523293 0.7976867 -0.6008189 0.05233043 0.7976706 -0.6008048 0.05233812 0.7976806 -0.6008143 0.0523203 0.7976746 -0.6008228 0.05233389 0.7976673 -0.5272403 0.07520335 0.8463819 -0.52932 0.05972397 0.8463176 -0.3076204 0.05224424 0.9500738 -0.3076686 0.0524643 0.9500461 -0.7156584 0.09359735 0.6921508 -0.8660989 0.06338179 0.4958382 -0.7192571 0.06322699 0.691861 -0.8613907 0.1065416 0.4966436 -0.9610102 0.05969905 0.2699917 -0.9557006 0.1127719 0.2718805 -0.9982377 0.05228209 0.02807641 -0.9931634 0.1125541 0.03095477 -0.3081257 0.05238437 0.9499024 -0.5271944 0.07504177 0.8464247 -0.3073858 0.05225104 0.9501494 -0.5157816 0.1302217 0.8467655 -0.7156569 0.09342688 0.6921753 -0.6922721 0.200129 0.6933309 -0.861374 0.1061255 0.4967619 -0.8277822 0.2582661 0.4980718 -0.9138154 0.3008333 0.2728384 -0.9556912 0.1125814 0.2719925 -0.944998 0.3255333 0.03173214 -0.9931895 0.1122614 0.03117823 -0.3197729 0.7439285 0.5867843 -0.2378413 0.920651 0.3095696 -0.1797074 0.9789215 0.09704685 -0.2835113 0.8146631 0.5059105 -0.3145723 0.6662293 0.6761531 -0.3013649 0.9486103 0.09652841 -0.3320036 0.6589719 0.6749294 -0.3077349 0.05240827 0.9500278 -0.3077656 0.05215108 0.9500319 -0.3294461 0.4831429 0.8111956 -0.3270715 0.2748051 0.9041606 -0.4102714 0.626371 0.6628249 -0.4620293 0.5978925 0.6550217 -0.4751797 0.8752994 0.08975088 -0.524902 0.5559422 0.6445201 -0.3077589 0.05240297 0.9500203 -0.6348954 0.7690352 0.07411378 -0.5702435 0.5197901 0.6361137 -0.6178226 0.4751421 0.6265263 -0.3075854 0.05237621 0.9500779 -0.7537007 0.6549745 0.0542562 -0.6534377 0.4360753 0.6187549 -0.6822473 0.3992818 0.6124644 -0.3077386 0.05247801 0.9500227 -0.8535346 0.5196794 0.03757596 -0.712926 0.3517894 0.6066142 -0.8036968 0.3328608 0.4932293 -0.9450318 0.325419 0.03189951 -0.9137374 0.300985 0.2729321 -0.8277378 0.258412 0.4980697 -0.6922657 0.2003042 0.6932868 -0.5152723 0.1302765 0.847067 -0.3072375 0.05249291 0.950184 -0.3076993 0.05290716 0.9500116 -0.3269841 0.274854 0.9041774 -0.3077608 0.05243104 0.9500181 -0.3226292 0.2771052 0.9050542 -0.3292667 0.4830803 0.8113056 -0.3206884 0.4866992 0.812578 -0.3143717 0.6662671 0.676209 -0.3017801 0.6710872 0.6771787 -0.2670393 0.8201239 0.5060503 -0.2833496 0.8146071 0.5060911 -0.2180985 0.9258648 0.3085574 -0.2377605 0.9206654 0.309589 -0.157815 0.9829185 0.09468686 -0.1795124 0.9789766 0.096852 -0.4588103 0.8885328 -0.001663863 -0.1563994 0.9873173 0.02727234 0.06912875 0.9962351 0.05231386 -0.3738727 0.9274796 8.83717e-4 -0.5720327 0.8198292 -0.0256682 0.07058572 0.995922 0.05618876 -0.5604702 0.8280513 -0.01429039 -0.6610423 0.7498373 -0.02769988 -0.9984777 0.05259603 -0.01661413 -0.9929811 0.05182564 -0.1063138 -0.7407019 0.6699094 -0.05081433 -0.8711827 0.485445 -0.07337498 -0.9568093 0.2756925 -0.09224766 -0.6624034 0.7490537 0.01184928 0.06983864 0.9957442 0.06013476 -0.6622903 0.7476919 0.04825401 -0.6590774 0.7454887 0.09931576 -0.9909381 0.05234956 0.1236984 0.06482565 0.9957332 0.06567579 -0.6503024 0.7421951 0.1620284 -0.6314852 0.7366326 0.2420724 -0.9358054 0.05247205 0.3485899 0.05621892 0.9959628 0.0699833 -0.6156836 0.7325976 0.290232 -0.5963234 0.7282254 0.3377666 -0.8221111 0.05239099 0.5669114 0.04317414 0.9963077 0.07420879 -0.5579138 0.7205668 0.4117229 0.02339696 0.9966202 0.07874584 -0.5279257 0.7150245 0.4582951 -0.4825087 0.7075011 0.5163599 -0.6637375 0.05220079 0.7461419 -0.006957828 0.9965343 0.08289164 -0.4436794 0.7014334 0.5577992 -0.3951792 0.6943031 0.6014787 -0.4733663 0.05233377 0.8793098 -0.06204968 0.9942175 0.08764451 -0.3508118 0.6876849 0.6356261 -0.3287011 0.6838551 0.6513816 -0.3709036 0.05236172 0.9271941 -0.2990021 0.6762027 0.673311 -0.1577771 0.9829291 0.09464007 -0.218144 0.9258573 0.3085476 -0.2668784 0.8201394 0.5061101 -0.3017101 0.6710621 0.6772346 -0.3159558 0.5791225 0.7515245 -0.3206062 0.4865923 0.8126744 -0.3227671 0.2769635 0.9050485 -0.3079615 0.05248379 0.9499502 -0.1562552 0.98734 0.02727568 0.06330931 0.9973345 0.03627592 0.06915748 0.9962332 0.05231434 -0.1610921 0.9868724 0.01150542 -0.3772687 0.9260032 -0.01365381 -0.3739234 0.9274591 8.9864e-4 -0.5720911 0.8197899 -0.02562212 -0.5739469 0.8179996 -0.03823482 -0.7404231 0.6702195 -0.05078899 -0.7415969 0.6680828 -0.06082236 -0.8711889 0.4854353 -0.07336539 -0.8715327 0.4837313 -0.08021789 -0.9568617 0.2755325 -0.09218174 -0.9566007 0.275285 -0.09556865 -0.9929904 0.05202847 -0.1061286 -0.9929155 0.05342495 -0.1061359 -0.1610215 0.9868839 0.01150149 -0.1551859 0.9875665 -0.02509433 0.0696336 0.9975719 -0.001237452 0.06339436 0.9973341 0.03613781 -0.3772177 0.9260241 -0.01364976 -0.3720399 0.9269952 -0.04760533 -0.5741564 0.8178522 -0.03823971 -0.5699224 0.8189023 -0.06773179 -0.7416854 0.6679835 -0.06083452 -0.7385716 0.6688803 -0.08432835 -0.8692916 0.4847581 -0.09665328 -0.8713821 0.4839891 -0.08029907 -0.9556127 0.2756367 -0.1040614 -0.95671 0.2748764 -0.09565114 -0.9929662 0.0524342 -0.1061547 -0.9929764 0.05223304 -0.1061591 -0.2839134 0.9151735 0.2860954 -0.04431349 0.9830657 0.1778155 0.159299 0.9871796 0.01000541 -0.2605853 0.9016968 0.3450191 0.1229783 0.9924044 0.003171265 -0.3906539 0.850754 0.3515782 -0.4412263 0.7617624 0.4743811 -0.4983525 0.7611082 0.4151618 -0.8928203 0.05236178 0.4473593 -0.7659279 0.05239796 0.6407877 -0.5967563 0.5606965 0.574022 -0.7077066 0.3180557 0.6308661 -0.5563805 0.7595826 0.3368608 -0.5970816 0.7581261 0.26218 -0.974538 0.05238884 0.2180162 0.09669762 0.9953116 -0.002151966 -0.6301636 0.7560994 0.1766569 -0.6506983 0.7538161 0.09139585 -0.9986103 0.05253404 -0.004213571 0.0796898 0.9968107 -0.004231214 -0.6593895 0.7516732 0.01389354 -0.6595022 0.7494296 -0.05841463 0.06966829 0.9975695 -0.001206159 -0.1550568 0.9875897 -0.02498137 -0.3720707 0.9269809 -0.04764568 -0.5700106 0.8188386 -0.06775903 -0.7387111 0.6687083 -0.08447009 -0.7492871 0.6590781 -0.06469118 -0.8216667 0.5657177 -0.06948047 -0.8691227 0.4850507 -0.09670394 -0.9556245 0.2756009 -0.1040487 -0.993012 0.05158454 -0.1061428 -0.04459357 0.9831055 0.1775244 -0.002869307 0.9794288 0.2017698 0.1761796 0.9843211 0.008536577 0.1591246 0.9872102 0.009770095 -0.260752 0.9017928 0.3446421 -0.1957018 0.8978106 0.3945086 -0.3593655 0.7583441 0.5438482 -0.4414307 0.7618045 0.4741232 -0.5967784 0.5608935 0.5738066 -0.5032907 0.5585078 0.6593691 -0.7077438 0.3182108 0.6307461 -0.6099699 0.3169474 0.726279 -0.7658938 0.05232161 0.6408346 -0.6714546 0.05226081 0.7392006 0.1761345 0.9843291 0.008544087 0.09179168 0.9734871 0.2095166 0.234408 0.9718434 0.02394884 -0.002733767 0.9794266 0.2017824 -0.05570393 0.9218184 0.3835988 -0.1956306 0.8977997 0.3945688 -0.200307 0.8196485 0.5367062 -0.3595011 0.7580537 0.5441634 -0.333805 0.6725776 0.6604648 -0.5032477 0.5583239 0.6595575 -0.4488507 0.4889827 0.7479499 -0.6099731 0.3169439 0.7262778 -0.5395483 0.2785626 0.7945379 -0.6713859 0.05210196 0.7392743 -0.6007053 0.05262893 0.7977365 0.1262063 0.4389745 0.8895917 -0.6008345 0.05236095 0.7976568 -0.5997914 0.05294823 0.7984027 0.5267989 0.3405656 0.7787798 0.7211946 0.3140286 0.6174662 0.8472231 0.3003587 0.4381756 0.5572035 0.3124793 0.769338 0.827989 0.374511 0.4173436 0.4164846 0.3297858 0.8472201 0.3085337 0.2878777 0.9066055 0.3068752 0.3144357 0.8983083 0.1828803 0.2928443 0.938508 -0.6009681 0.05249392 0.7975473 0.05473744 0.2441427 0.9681934 -0.1994894 0.184251 0.9624218 -0.4111655 0.1213685 0.9034449 0.1670799 0.3459817 0.9232449 0.1495349 0.3919533 0.907751 0.7803097 0.4958353 0.3811355 0.06979292 0.5309347 0.8445338 0.6682738 0.6815587 0.298141 0.02537775 0.5864765 0.8095687 -0.6007719 0.05238783 0.7977021 0.5586212 0.800091 0.2186247 -0.01640105 0.6286746 0.7774955 -0.06136363 0.6659516 0.7434669 -0.6008741 0.05244457 0.7976214 0.4211773 0.898339 0.1248872 -0.1125022 0.6995306 0.7056913 -0.1682314 0.7263712 0.6663957 -0.6007778 0.05227845 0.7977049 -0.2381846 0.74704 0.6206444 0.2345668 0.9718033 0.02401536 0.0919888 0.9734703 0.2095085 -0.05569064 0.9217823 0.3836872 -0.2001481 0.8196331 0.5367891 -0.3338071 0.6724807 0.6605624 -0.3159488 0.6577128 0.6838058 -0.382835 0.5647077 0.7311243 -0.4488732 0.4888711 0.7480093 -0.5395917 0.278567 0.794507 -0.6007939 0.05243295 0.7976826 0.7220705 0.3101655 0.6183944 0.7141534 0.1209325 0.6894637 0.8595851 0.1087139 0.4992944 0.8484165 0.2962848 0.4386398 0.5576702 0.3089374 0.7704296 0.5276923 0.1261804 0.8400116 0.3090676 0.2847441 0.9074128 0.3104698 0.1242887 0.9424229 0.07514405 0.1153466 0.9904789 0.05526173 0.2416011 0.9688009 -0.1639186 0.09971135 0.9814216 -0.1991178 0.1824403 0.9628436 -0.3936012 0.07832866 0.9159382 -0.4105572 0.1204516 0.9038442 -0.6007947 0.05230247 0.7976905 -0.6004591 0.052244 0.7979471 -0.6006317 0.05216246 0.7978225 -0.3936799 0.07832771 0.9159044 -0.600884 0.0523402 0.7976209 -0.3928526 0.0647847 0.9173166 -0.1638839 0.09976577 0.9814219 -0.1624177 0.07355487 0.9839767 0.07526731 0.115456 0.9904569 0.07728004 0.07817149 0.9939402 0.3105075 0.1244553 0.9423885 0.3129716 0.07810992 0.9465451 0.5300977 0.07360702 0.8447359 0.5274214 0.1261804 0.8401818 0.7166909 0.06473696 0.6943799 0.7141893 0.1207482 0.6894589 0.8622606 0.05222821 0.5037646 0.8598471 0.1084357 0.4989035 -0.393069 0.06481105 0.917222 -0.6010026 0.05222809 0.7975388 -0.6012124 0.05231839 0.7973749 -0.3930715 0.06480777 0.9172213 -0.1626281 0.0735464 0.9839426 -0.1625671 0.07355499 0.9839521 0.07703167 0.07804477 0.9939694 0.07721465 0.0780518 0.9939547 0.3127691 0.07805138 0.9466169 0.3128015 0.07805204 0.9466062 0.5296773 0.07358831 0.845001 0.5301053 0.07355928 0.8447352 0.7168331 0.0648244 0.6942248 0.716599 0.0648334 0.6944657 0.862586 0.0523293 0.5031968 0.861787 0.05227684 0.5045694 -0.9929707 -0.05238211 -0.1061389 -0.9929623 -0.05249887 -0.1061594 -0.9929623 -0.05249887 -0.1061594 -0.9929624 -0.05249887 -0.1061593 -0.9929646 -0.05247902 -0.1061478 -0.9929646 -0.05247902 -0.1061479 -0.9929646 -0.05247902 -0.1061478 -0.9929639 -0.05251282 -0.1061373 -0.9986268 -0.05218273 -0.004641711 -0.9929749 -0.05226606 -0.106156 -0.9929762 -0.05227023 -0.1061427 -0.9972516 -0.05236685 0.05241292 -0.9746646 -0.05247551 0.2174289 -0.9595781 -0.05253046 0.2764968 -0.892844 -0.05244779 0.4473019 -0.8788347 -0.05231428 0.4742499 -0.7658748 -0.05253189 0.6408404 -0.7646641 -0.05246359 0.6422901 -0.6714118 -0.05231815 0.7392354 -0.6617282 -0.05239957 0.7479106 -0.6008022 -0.05237084 0.7976804 -0.600851 -0.05237609 0.7976433 -0.6007774 -0.05233925 0.7977011 -0.6012272 -0.05223971 0.7973688 -0.6008052 -0.05233919 0.7976803 -0.6008169 -0.05232447 0.7976725 -0.6008192 -0.05233907 0.7976698 -0.6006678 -0.05220657 0.7977924 -0.601045 -0.05227261 0.797504 -0.6008119 -0.05234789 0.7976747 -0.6010144 -0.0522387 0.7975293 -0.6007874 -0.05235981 0.7976923 -0.6008055 -0.05234634 0.7976795 -0.6008182 -0.05228728 0.7976739 -0.6008518 -0.05231094 0.797647 -0.6007903 -0.05233907 0.7976915 -0.6008203 -0.05229967 0.7976715 -0.6008717 -0.05225163 0.7976359 -0.6007514 -0.05262053 0.7977023 -0.6008582 -0.05230808 0.7976424 -0.6007513 -0.05262053 0.7977023 -0.6009789 -0.05227452 0.7975537 0.6172656 -0.02620786 -0.7863183 0.6177012 -0.02620142 -0.7859764 0.6191221 -0.02619558 -0.7848578 0.3266025 -0.02609336 -0.9448016 0.3346353 -0.02575778 -0.9419956 0.3154892 -0.02619433 -0.9485675 0.4721246 -0.026196 -0.8811426 0.4841623 -0.02619951 -0.8745859 0.592126 -0.02620041 -0.8054195 0.5361459 -0.0261833 -0.8437191 0.6189634 -0.02619791 -0.7849829 0.580294 -0.02620649 -0.8139854 0.6315118 -0.02621668 -0.7749229 0.6614832 -0.02626562 -0.7494999 0.6606687 -0.0261991 -0.7502203 0.6322351 -0.02596437 -0.7743414 0.6608691 -0.02625173 -0.750042 0.6322744 -0.02593636 -0.7743103 0.6590492 -0.02640354 -0.7516363 0.6571201 -0.02622318 -0.7533297 0.6283109 -0.02620744 -0.7775208 0.6238009 -0.05322408 -0.7797691 0.6221501 -0.02620351 -0.7824594 0.6242769 -0.07046008 -0.7780193 0.641395 -0.02620106 -0.7667633 0.6547926 -0.02614265 -0.7553564 0.6515597 -0.02623432 -0.7581436 0.6478062 -0.02617603 -0.7613554 0.6903051 -0.02619946 -0.7230439 0.6403883 -0.02624636 -0.7676028 0.6440294 -0.02619123 -0.7645523 0.6384552 -0.0261653 -0.7692143 0.6365414 -0.02619194 -0.7707977 0.6511147 -0.0261954 -0.7585273 0.6757432 -0.0262013 -0.7366713 -0.5880122 -0.02619451 -0.8084279 -0.5900356 -0.02619749 -0.8069521 -0.5142824 -0.02619892 -0.8572208 -0.4458205 -0.0262044 -0.8947387 -0.3214569 -0.02620083 -0.9465616 -0.5861307 -0.02616512 -0.809794 -0.2519283 -0.0261957 -0.9673913 -0.1506894 -0.02619981 -0.9882339 -0.03260773 -0.02619791 -0.9991248 0.1500432 -0.02619636 -0.9883324 0.09092628 -0.02619314 -0.9955132 0.3198031 -0.02621096 -0.9471215 0.317802 -0.02619975 -0.947795 0.3220814 -0.02608239 -0.9463527 0.3165269 -0.02616429 -0.9482227 -0.6961634 -0.0874868 -0.7125326 -0.8716316 -0.0764926 -0.4841561 -0.7351462 -0.0859971 -0.6724318 -0.5589035 -0.09081375 -0.824245 -0.5686183 -0.09051632 -0.8176063 -0.443092 -0.09118872 -0.8918263 -0.3524224 -0.09083169 -0.9314226 -0.3214474 -0.0900613 -0.9426349 -0.2038327 -0.0877729 -0.9750632 -0.1270277 -0.08581489 -0.9881801 0.3586658 -0.06037348 -0.9315117 -0.4595416 -0.09098881 -0.8834832 0.3392399 -0.06099808 -0.9387202 0.7174908 -0.02617979 -0.6960759 0.7176057 -0.02630549 -0.6959527 -0.9279571 -0.0690391 -0.3662366 -0.9814136 -0.02631485 0.1900924 -0.998115 -0.04573601 -0.04092293 -0.9609806 -0.06270688 -0.2694144 0.2321108 -0.06868284 -0.9702615 -0.9261116 -0.06848609 -0.3709812 -0.9855142 -0.02629274 0.1675427 0.2325169 -0.06815958 -0.9702011 -0.3043172 -0.08799725 -0.9484975 -0.4541748 -0.08922803 -0.8864331 -0.1679255 -0.0851714 -0.9821135 -0.02576136 -0.08049434 -0.9964222 0.1042776 -0.07476335 -0.9917342 0.2327352 -0.06791621 -0.9701659 0.3009995 -0.06385183 -0.9514842 -0.9224898 -0.06738227 -0.3800953 -0.4580864 -0.09049427 -0.8842893 -0.457073 -0.09021401 -0.8848423 -0.4203697 -0.09019184 -0.9028592 -0.5071258 -0.08866971 -0.8572988 -0.856516 -0.07510709 -0.5106265 -0.3200004 -0.08802342 -0.9433194 -0.02668249 -0.07980656 -0.9964533 0.2322067 -0.06857579 -0.9702461 -0.1086823 -0.0844053 -0.9904868 -0.61318 -0.08872741 -0.7849445 0.2499862 -0.06741398 -0.9658997 -0.5066884 -0.08829832 -0.8575957 -0.3256807 -0.08745604 -0.9414263 -0.4690324 -0.08830463 -0.8787555 -0.2160138 -0.08547991 -0.9726414 -0.9247322 -0.06658619 -0.3747491 -0.8522847 -0.07481771 -0.5177001 -0.9579686 -0.06031572 -0.2804606 -0.9973183 -0.04446631 -0.05812799 -0.4484273 -0.09023296 -0.889253 -0.5102405 -0.08796775 -0.855521 -0.8595645 -0.07442682 -0.5055785 -0.4723256 -0.088014 -0.8770189 -0.2126346 -0.08502596 -0.9734255 -0.4522445 -0.08805137 -0.8875371 -0.6853745 -0.08427178 -0.723298 0.02682435 -0.07750701 -0.9966309 0.49729 -0.04849982 -0.8662277 0.0469982 -0.07654237 -0.9959582 0.3269855 -0.06078302 -0.9430727 0.0545063 -0.07594484 -0.9956212 -0.4854954 -0.08806067 -0.8697928 0.7174732 -0.0261777 -0.6960941 0.7175062 -0.02618002 -0.6960599 0.7173616 -0.02616089 -0.6962098 -0.9789848 -0.02619683 0.2022438 -0.976588 -0.0258466 0.2135601 -0.9838652 -0.1771976 0.02470481 -0.4904237 -0.4812562 -0.7265515 -0.8283391 -0.4407665 -0.3458024 -0.6801346 -0.5344519 -0.501775 -0.9980833 -0.04653704 -0.0407949 -0.9814168 -0.02615648 0.1900975 -0.9806425 -0.02611047 0.194058 -0.5587676 -0.1030105 -0.822902 -0.7348268 -0.09518831 -0.6715422 -0.1892647 -0.2533254 -0.9486861 -0.3517507 -0.1043984 -0.9302539 -0.1263747 -0.09873831 -0.9870563 -0.9009987 -0.2998237 -0.3135398 -0.9334321 -0.3183333 -0.1654338 -0.8941905 -0.2717325 -0.3557877 -0.3009491 -0.3677526 -0.8798794 -0.8652096 -0.2419154 -0.4391918 -0.8672477 -0.2068645 -0.4528672 -0.9607722 -0.06590926 -0.2693935 -0.8714649 -0.08225864 -0.4835107 -0.7161138 -0.6079476 -0.3429006 -0.6750306 -0.5366622 -0.5062879 -0.8284863 -0.4400728 -0.3463327 -0.9475511 -0.2370235 0.2143989 -0.9838882 -0.1770767 0.02465689 -0.9765695 -0.02626448 0.2135938 -0.933506 -0.3176944 -0.1662438 -0.8763952 -0.4363523 0.2037853 -0.7647238 -0.6189163 0.1792771 -0.4821879 -0.7551615 -0.4441013 -0.6027205 -0.7851142 0.1425616 -0.2348724 -0.8353463 -0.4970226 -0.424282 -0.8997985 0.101723 0.009687602 -0.8770063 -0.4803812 -0.3157483 -0.9457175 0.07695132 0.1641903 -0.8837691 -0.438171 -0.2115508 -0.9760853 0.05003738 0.1631037 -0.9556375 -0.2452638 0.3028843 -0.8778109 -0.3710918 0.01691848 -0.9939153 -0.1088405 -0.1296275 -0.9910236 0.0326935 0.2296981 -0.9329811 -0.2771014 0.3727856 -0.8326544 -0.4095333 0.3009898 -0.8776712 -0.3729593 0.16218 -0.9555765 -0.2461121 0.07562679 -0.9884651 -0.1312146 0.01667755 -0.993916 -0.1088708 -0.0820536 -0.9964059 0.02103734 -0.1295744 -0.9910303 0.03270256 0.3797924 -0.8440641 -0.3785679 0.4850274 -0.7286391 -0.4835633 0.372422 -0.8328956 -0.4093738 0.2295446 -0.9330604 -0.2769615 0.2610302 -0.9296263 -0.260112 0.07553404 -0.9884788 -0.1311651 0.1327807 -0.9822576 -0.1324359 -0.0820651 -0.9964045 0.02105945 7.8328e-5 -1 5.29662e-5 0.7658152 -0.03408581 -0.6421568 0.6323699 -0.02615886 -0.7742248 0.6317608 -0.02622938 -0.7747195 0.7985333 -0.03644543 -0.6008463 0.8725249 -0.04128473 -0.4868224 0.9185631 -0.04451203 -0.3927605 0.9485148 -0.04642891 -0.3133115 0.9854902 -0.04967248 -0.1623016 0.9813194 -0.04936677 -0.1859441 0.9971888 -0.05122768 -0.05468255 0.9955987 -0.05237162 0.07772099 0.9956239 -0.0522632 0.07747155 0.993893 -0.05242121 0.09710228 0.9955788 -0.05229038 0.07802909 0.9955875 -0.05228728 0.07791966 0.9935079 -0.05229938 0.1010295 0.985284 -0.05231207 0.1627236 0.9852787 -0.0523082 0.1627567 0.9852833 -0.05231463 0.1627273 0.9849895 -0.05231261 0.1644967 0.9853055 -0.05230993 0.1625943 0.9556501 -0.05229848 0.2898238 0.9551738 -0.05230826 0.2913882 0.9202424 -0.05229938 0.3878386 0.9180004 -0.05230069 0.3931157 0.8622676 -0.05229407 0.5037459 0.8624421 -0.05230534 0.5034458 0.9935299 -0.05188155 0.1010292 0.9852591 -0.05283164 0.1627066 0.9841871 -0.07079511 0.162369 0.9827464 -0.08921396 0.1620202 0.9809024 -0.1082851 0.1615698 0.989102 -0.1075804 0.1005184 0.9955604 -0.05267405 0.07800716 0.9910732 -0.1084867 0.07748883 0.9392703 -0.3012074 0.1644548 0.9808983 -0.1082397 0.1616253 0.9806013 -0.108164 0.1634678 0.9911031 -0.1082127 0.07749027 0.9890578 -0.1079886 0.1005142 0.949243 -0.2997113 0.09545183 0.9491927 -0.3060279 0.0733509 0.9727292 -0.1991068 0.1189735 0.06970053 -0.9975225 -0.009528517 0.227541 -0.9622111 0.1495828 0.6216104 -0.7810479 0.0597077 -0.9160582 -0.3177313 -0.2447126 0.6889551 -0.7203311 0.08039873 0.9492205 -0.2997824 0.09545105 0.876818 -0.4728942 0.08695656 0.7452361 -0.662786 0.07306241 0.6147943 -0.7861331 0.06342685 0.594452 -0.8004361 0.0769999 0.4944679 -0.8672277 0.05846083 0.3337125 -0.9410185 0.05585944 0.5979455 -0.7976044 0.07930105 0.5280665 -0.8457029 0.07702332 0.4680862 -0.8804898 0.07505363 0.2098472 -0.9763807 0.05143022 0.2434281 -0.9673038 0.07117784 0.7646394 -0.6394845 0.07991427 0.949203 -0.3059794 0.07341974 0.7336695 -0.6761132 0.06782495 0.9039729 -0.421912 0.06945145 0.6286803 -0.7745265 0.06978332 0.5678179 -0.8202186 0.06945711 0.4608991 -0.884675 0.07015782 0.2736451 -0.9586516 0.07813847 0.6533194 -0.7544743 0.06278854 0.8109906 -0.581622 0.06332695 0.72245 -0.6888098 0.0600599 0.5762517 -0.8147076 0.06469702 0.5871853 -0.8069854 0.06315082 0.5226075 -0.8500233 0.06589394 0.4841157 -0.8724091 0.06733858 0.308026 -0.9470456 0.09069001 0.4767292 -0.8757965 0.07556325 0.4801896 -0.8739823 0.07465273 0.5286999 -0.8455872 0.0738843 0.06875824 -0.9935563 0.09010148 0.08828675 -0.9951459 0.04347711 0.03728795 -0.9938361 0.1044018 -0.0128228 -0.9937091 0.111256 -0.06197947 -0.9942363 0.08748036 -0.1212475 -0.9871931 0.1036769 -0.08660584 -0.9906611 0.1053098 -0.1577793 -0.9829301 0.09462696 -0.1599711 -0.9817415 0.1029215 -0.1797014 -0.9789459 0.09681189 0.06490004 -0.9957298 0.06565159 0.05638682 -0.9959573 0.06992673 0.243355 -0.96732 0.07120758 0.07022076 -0.9957195 0.0600993 0.07063579 -0.9959137 0.05627214 0.2085293 -0.9737992 0.09072297 0.1523776 -0.9820218 0.1114196 0.3079282 -0.9470752 0.0907132 0.2735815 -0.9586668 0.078175 0.1255193 -0.9872958 0.09742587 0.1018183 -0.9909778 0.08715516 -0.006870746 -0.9965477 0.08273744 0.02331721 -0.9966368 0.07855784 0.1171806 -0.9895023 0.08458149 0.1278948 -0.988367 0.0823037 0.1360775 -0.9874498 0.08016109 0.04326689 -0.9963069 0.07416623 0.1364876 -0.9893646 0.05028688 0.06924498 -0.9962268 0.05231893 0.2099536 -0.97636 0.05138999 0.06337481 -0.9973317 0.03623813 -0.3011637 -0.9486557 0.0967102 -0.4007092 -0.9122143 0.08542501 -0.2642316 -0.9597333 0.09536135 -0.1599733 -0.9817411 0.1029222 -0.179474 -0.9789857 0.09683138 -0.4748812 -0.8755102 0.08927428 -0.5218498 -0.8497698 0.07459276 -0.6347257 -0.76919 0.0739603 -0.6213164 -0.7811971 0.06080412 -0.9460371 -0.3240002 -0.006141781 -0.8500995 -0.5266185 0.002032339 -0.8442697 -0.5359058 0.003716468 -0.8550425 -0.5185579 3.96207e-4 -0.7533997 -0.6553224 0.05423384 -0.7071201 -0.7058135 0.04252654 -0.7724525 -0.6346117 0.02419251 -0.8535991 -0.5195908 0.03733772 -0.8374226 -0.5465278 0.00557208 -0.9449718 -0.325609 0.03173321 -0.8600716 -0.5101668 -0.002588689 -0.8661469 -0.4997453 -0.006650745 -0.8626382 -0.5057997 -0.004709184 -0.8704705 -0.4921283 -0.009537458 -0.8588715 -0.5121881 -0.001806735 -0.878205 -0.4780895 -0.01365804 -0.8859496 -0.4634575 -0.01733946 -0.9460311 -0.324018 -0.006136715 -0.921297 -0.3875917 -0.03137725 -0.8557778 -0.5173436 8.46833e-5 -0.8549006 -0.5187918 5.71869e-4 -0.9468079 -0.3194032 -0.03919851 -0.9656192 -0.255191 -0.0495693 -0.9466686 -0.3198136 -0.03921651 -0.9460324 -0.3240141 -0.006140589 -0.9937344 -0.1116018 -0.006072163 -0.9909322 -0.1117994 -0.0745272 0.2256254 -0.9700248 0.09025055 0.3079221 -0.9470764 0.09072071 0.1525646 -0.9818199 0.1129327 0.2713797 -0.9578136 0.09458494 0.1910209 -0.9775678 0.0887264 0.1660903 -0.9822703 0.08694362 0.1379888 -0.9869871 0.0825569 0.1095819 -0.9911192 0.07533109 0.0311008 -0.9964797 0.07785284 0.02272546 -0.9928886 0.1168581 0.03921699 -0.9968261 0.06928187 0.05867856 -0.996092 0.06601226 0.04863685 -0.9966004 0.06650042 0.3080137 -0.9470507 0.09067922 0.2713999 -0.9578182 0.09447997 0.4526816 -0.8846691 0.1115341 0.4805355 -0.8742022 0.06968802 -0.9937577 -0.1114413 -0.005147278 -0.9937579 -0.1114012 -0.005918145 -0.9460498 -0.3239631 -0.006136596 -0.9931982 -0.1122794 0.03083437 -0.9450229 -0.325469 0.03164863 0.181075 -0.9831925 0.02333658 0.1224115 -0.9924761 0.002607524 0.09681373 -0.9953003 -0.002100586 0.159341 -0.9871743 0.009874224 0.0798158 -0.996801 -0.004167318 0.06972593 -0.9975655 -0.001255929 0.2099584 -0.9763584 0.05139845 0.06334948 -0.9973368 0.03614366 0.2098742 -0.976375 0.05142772 0.3337287 -0.9410067 0.05596137 0.1813097 -0.9831485 0.02336686 0.9136866 -0.3907038 0.1119255 0.8768071 -0.4729011 0.08702933 0.9492172 -0.2997952 0.09544426 0.9392668 -0.3012264 0.1644411 0.9189968 -0.3589055 0.1631927 0.831303 -0.5469382 0.09896594 0.7452222 -0.6628008 0.07306963 0.5598177 -0.8262778 0.0622031 0.614791 -0.7861358 0.06342417 0.4944354 -0.8672482 0.05843114 0.4719141 -0.8795942 0.06009548 0.5707096 -0.815207 0.09863102 0.373269 -0.9263201 0.05100345 0.3129928 -0.9491252 0.03459888 0.1761817 -0.9843207 0.008526682 0.1591156 -0.9872118 0.009747743 0.259543 -0.9652639 0.03005093 0.69777 -0.7078726 0.1096965 0.7442373 -0.6540834 0.1352247 0.8801385 -0.4474956 0.1584424 0.9025133 -0.298093 0.3108219 0.8801233 -0.4474964 0.1585245 0.9189997 -0.3589107 0.1631649 0.9392813 -0.3011744 0.1644525 0.8277365 -0.3747195 0.4176574 0.847844 -0.2979246 0.4386359 0.779756 -0.4969024 0.3808791 0.6683731 -0.6814611 0.2981413 0.7442905 -0.654004 0.1353159 0.5587152 -0.8000452 0.2185524 0.5707423 -0.8151696 0.09875094 0.421157 -0.8983474 0.1248942 0.3733559 -0.9262874 0.05096375 0.2344113 -0.9718405 0.02403193 0.1761767 -0.9843216 0.00853312 0.8483307 -0.2963076 0.4387901 0.9172133 -0.1084126 0.3833623 0.8598833 -0.1084994 0.4988274 0.9026259 -0.2976942 0.3108773 0.9511204 -0.1081108 0.2892789 0.9393011 -0.3011125 0.164453 0.9806257 -0.1081668 0.1633196 0.9511215 -0.1080762 0.2892878 0.9805569 -0.108766 0.1633345 0.9824023 -0.08969169 0.1638328 0.9838744 -0.0707693 0.164265 0.9849622 -0.05234879 0.1646484 0.9556678 -0.05237948 0.2897509 0.9172577 -0.1085056 0.3832296 0.920371 -0.05264997 0.3874858 0.8603318 -0.1086859 0.4980127 0.8624762 -0.05268055 0.5033485 0.9826718 -0.08962863 0.1622436 0.9805381 -0.1089268 0.1633403 0.9808624 -0.1086883 0.1615419 0.9823849 -0.08977526 0.1638908 0.9841728 -0.07098662 0.1623727 0.9838923 -0.07065761 0.1642057 0.9852888 -0.05236703 0.1626768 0.9850105 -0.05155074 0.1646115 -0.9909356 -0.1117773 -0.0745157 -0.9937826 -0.1111716 -0.006096422 -0.9957795 -0.09156799 -0.006213784 -0.9973827 -0.0720244 -0.006352424 -0.9986117 -0.05228799 -0.006384015 -0.9957883 -0.05237811 -0.0752477 -0.9986159 -0.05229741 -0.005597412 -0.9951035 -0.05229014 -0.08387416 -0.9957936 -0.05229818 -0.07523381 -0.9986108 -0.05231022 -0.006345033 -0.9986112 -0.05234718 -0.00597167 -0.998233 -0.05232816 0.02815604 -0.9982075 -0.05233842 0.02902954 -0.9986147 -0.05232036 -0.005589365 -0.9986153 -0.05230736 -0.005612194 -0.9937814 -0.1112274 -0.005206406 -0.9957978 -0.09137141 -0.006160557 -0.9938516 -0.1105571 -0.006030023 -0.9957609 -0.09179419 -0.0058555 -0.9974146 -0.07157427 -0.006434261 -0.9973865 -0.07199949 -0.006014227 -0.9986505 -0.05152821 -0.006497859 -0.9986255 -0.05211859 -0.005557537 -0.993236 -0.1119477 0.03082108 -0.995722 -0.09224057 -0.005420804 -0.9938013 -0.1110484 -0.005209267 -0.9973379 -0.07271295 -0.005467891 -0.9986187 -0.05224561 -0.005587935 -0.9982473 -0.05204594 0.02817124 0.6320261 -0.0264064 -0.7744971 0.7974366 -0.05242431 -0.6011211 0.6325976 -0.02572804 -0.7740532 0.7983819 -0.03649884 -0.6010443 0.9185525 -0.04432111 -0.3928068 0.9820975 -0.09456527 -0.162917 0.9162601 -0.07557427 -0.3933905 0.9854532 -0.050103 -0.1623938 0.9911367 -0.1081998 0.07707732 0.9955998 -0.05262517 0.0775364 0.9492828 -0.3058016 0.07312762 0.982095 -0.09476178 -0.1628186 0.9911233 -0.1081878 0.07726746 0.9508668 -0.2498299 -0.1828591 0.9147618 -0.2019964 -0.3498691 0.9162353 -0.07577723 -0.3934091 0.8492016 -0.1471018 -0.5071665 0.7974321 -0.05243241 -0.6011265 0.756257 -0.08763742 -0.648379 0.6324877 -0.02615642 -0.7741287 0.6410535 -0.02641719 -0.7670415 0.904415 -0.4209753 0.0693801 0.9508544 -0.2498769 -0.1828591 0.949254 -0.3058946 0.07311153 0.9148129 -0.201789 -0.3498553 0.8492376 -0.1470409 -0.5071237 0.6512131 -0.0259397 -0.7584516 0.7565 -0.08749747 -0.6481142 0.6417405 -0.02606147 -0.766479 0.6021685 -0.7811734 -0.1648068 0.4799159 -0.8745938 0.06904107 0.4792652 -0.8749963 0.06845682 0.662403 -0.6807414 -0.3127515 0.8695614 -0.3018702 -0.3908166 0.8111613 -0.5813438 0.06369435 0.6757882 -0.0262081 -0.7366299 0.8532916 -0.3498041 -0.3866918 0.8427423 -0.3838036 -0.3774657 0.7223663 -0.6889164 0.05984324 0.6916153 -0.02892857 -0.7216866 0.8188096 -0.431751 -0.3783411 0.7868383 -0.4683915 -0.4018642 0.6213582 -0.7812243 0.06002247 0.7304364 -0.5291059 -0.4318678 0.7039633 -0.4937057 -0.5105785 0.6915929 -0.2663893 -0.6713688 0.6282541 -0.02614831 -0.7775688 0.6283932 -0.02627396 -0.777452 0.6867738 -0.2681677 -0.6755944 0.6220961 -0.02598512 -0.7825096 0.6916466 -0.2665407 -0.6712533 0.7004378 -0.4901197 -0.5188156 0.7038838 -0.4937561 -0.5106394 0.6625239 -0.6753357 -0.3240122 0.6626639 -0.6804573 -0.312817 0.5796557 -0.8069432 -0.1133236 0.6054829 -0.7789903 -0.1629862 0.4946091 -0.8681941 0.04000961 0.4528151 -0.8846095 0.1114661 0.5008847 -0.8651441 0.0253008 0.6021016 -0.4816138 -0.636806 0.5211333 -0.5957342 -0.6111635 0.5288059 -0.4222307 -0.7362645 0.51226 -0.2293009 -0.8276538 0.4722462 -0.02593916 -0.881085 0.5922268 -0.02622216 -0.8053446 0.5941144 -0.5666958 -0.5708626 0.5781071 -0.6501951 -0.4929894 0.2712805 -0.9578464 0.09453725 0.361691 -0.9272463 -0.09692227 0.4356746 -0.8541024 -0.2840717 0.4895539 -0.7418926 -0.4581838 0.6831606 -0.4952991 -0.5366289 0.6250227 -0.07106995 -0.7773646 0.6234482 -0.05809366 -0.7797036 0.6844774 -0.2695165 -0.6773859 0.6986852 -0.4911622 -0.5201911 0.666959 -0.6042183 -0.4359885 0.578814 -0.8074644 -0.1139108 0.4525657 -0.8847336 0.1114936 0.6612666 -0.6761075 -0.3249696 0.2254552 -0.9700532 0.09037047 0.3617788 -0.9271876 -0.09715604 0.2714912 -0.9578013 0.0943883 0.3041428 -0.9356479 -0.1790541 0.4354044 -0.8541634 -0.2843028 0.3431854 -0.871078 -0.3513501 0.4893093 -0.7419111 -0.4584153 0.3773465 -0.7289035 -0.571235 0.5208528 -0.5958122 -0.6113266 0.3855073 -0.5281483 -0.7566001 0.5285511 -0.4226724 -0.7361942 0.3647673 -0.2880547 -0.8854206 0.5119506 -0.2297966 -0.8277077 0.3005888 -0.01721614 -0.9535984 0.4720073 -0.02643781 -0.8811981 0.2939474 0.02552443 -0.9554808 0.3020859 0.06203562 -0.95126 0.3427959 -0.02227133 -0.9391459 0.3746394 -0.01481986 -0.9270522 0.3603324 -0.2895154 -0.886759 0.3075578 -0.7124166 -0.6307701 0.3032327 -0.9357258 -0.1801869 0.2258679 -0.9700199 0.08969479 0.3413907 -0.8712432 -0.3526862 0.374742 -0.729252 -0.5725033 0.3815991 -0.5291742 -0.7578633 0.1910746 -0.9775609 0.08868622 0.1504027 -0.02772247 -0.9882361 0.2241259 -0.7245032 -0.6518149 0.1514248 -0.7322947 -0.663939 -0.03264456 -0.02598935 -0.9991291 0.0589267 -0.7414716 -0.6683917 0.1660789 -0.9822722 0.08694356 -0.03275847 -0.7488144 -0.6619699 -0.2520944 -0.02614265 -0.9673495 -0.1218425 -0.7538218 -0.6456835 0.1380618 -0.9869897 0.08240258 -0.2063416 -0.7562461 -0.6208987 0.109597 -0.9911144 0.07537126 -0.4452477 -0.02624839 -0.8950227 -0.2621312 -0.7559531 -0.5998519 -0.2027235 -0.9116963 -0.3573697 0.05866038 -0.9961 0.06590819 -0.09767067 -0.9841647 -0.1479202 -0.2576049 -0.8944322 -0.3655557 -0.2740575 -0.8444095 -0.4602884 -0.3865776 -0.7476716 -0.5399492 -0.3456231 -0.7514538 -0.562016 -0.4922946 -0.5412828 -0.681659 -0.5615991 -0.2947371 -0.7731343 -0.5894353 -0.02608621 -0.8073943 -0.5562996 -0.7017502 -0.4450592 -0.7722309 -0.6349151 0.02328997 -0.8375868 -0.5462762 0.005553245 -0.2033563 -0.6456242 -0.7360813 -0.7071433 -0.705798 0.04239684 -0.1908484 -0.6406344 -0.7437503 0.4677873 -0.02584266 -0.8834633 -0.2206223 -0.6509913 -0.7263169 -0.6212629 -0.7812538 0.06062281 0.2326194 -0.02621895 -0.9722144 -0.2490416 -0.6580676 -0.710581 -0.5217774 -0.8498215 0.07451075 -0.2673285 -0.6634004 -0.6988817 -0.2884179 -0.6717899 -0.6822855 -0.4002405 -0.9125382 0.08415269 0.0134266 -0.02592766 -0.9995737 -0.3038829 -0.6802245 -0.6670456 -0.3133252 -0.6858323 -0.6568574 -0.09879827 -0.02477383 -0.9947991 -0.2842255 -0.4721692 -0.8344292 -0.2707902 -0.2504231 -0.929495 -0.3124392 -0.461149 -0.8304959 -0.2143189 -0.02609175 -0.9764152 -0.309313 -0.5841407 -0.7504034 -0.3386247 -0.6701196 -0.6605097 -0.3300496 -0.6952406 -0.6385201 -0.3148007 -0.9314895 -0.1822855 -0.2645075 -0.9596521 0.0954135 -0.3395268 -0.8319873 -0.4387695 0.2749054 -0.3534836 -0.8941345 0.6745618 -0.02618223 -0.7377539 0.3111467 -0.3480731 -0.8843263 -0.174636 -0.6212698 -0.7638889 -0.578112 -0.7132571 -0.3962965 -0.395308 -0.6873076 -0.6093766 -0.2941871 -0.6625325 -0.6888429 -0.4815598 -0.6995148 -0.5279955 -0.5559069 -0.7377401 -0.3830236 -0.180792 -0.6138417 -0.7684482 -0.2738277 -0.6378303 -0.7198548 -0.0688042 -0.5672634 -0.8206573 -0.2940967 -0.6484354 -0.7021671 -0.4125698 -0.6725901 -0.614336 -0.7536116 -0.6248238 -0.2041202 -0.6264271 -0.6676883 -0.4022209 -0.4632726 -0.6718723 -0.5778982 -0.1493244 -0.6085068 -0.7793726 -0.1776462 -0.6274011 -0.7581622 -0.3939331 -0.7021981 -0.5930722 -0.1812503 -0.6326892 -0.7528962 0.3197304 -0.3481017 -0.8812478 0.140445 -0.4641935 -0.8745282 0.3417328 -0.334428 -0.8782805 0.5230746 -0.1856951 -0.8318116 -0.5666186 -0.726046 -0.3896159 -0.8441594 -0.5360814 0.003436982 -0.75385 -0.6244688 -0.2043262 -0.8374102 -0.5465496 0.005265772 -0.6275486 -0.6660051 -0.4032615 -0.7276599 -0.6757992 -0.1175013 -0.8499376 -0.5268806 0.001764655 -0.8550806 -0.5184952 2.43855e-4 -0.5604391 -0.7961358 -0.2282015 0.630711 -0.4110053 -0.6582388 0.5217238 -0.1832313 -0.8332052 0.3388047 -0.3301768 -0.8810191 0.6747393 -0.02570021 -0.7376086 -0.1781018 -0.7831168 -0.5958254 -0.4654536 -0.6688887 -0.5796042 -0.2769426 -0.6332328 -0.7227165 -0.07227289 -0.5616927 -0.8241833 0.1369012 -0.4586089 -0.8780296 -0.195387 -0.825903 -0.5288745 -0.3624564 -0.8729748 -0.3264055 0.1626276 -0.8007755 -0.5764642 -0.1446243 -0.901952 -0.4068987 0.08095598 -0.881172 -0.4658132 0.3017148 -0.8119493 -0.4997067 0.5060653 -0.6975306 -0.5072959 -0.7302405 -0.6743237 -0.1097101 -0.8546051 -0.5192782 6.4867e-4 -0.8552619 -0.5181962 1.9712e-4 -0.7278045 -0.6756726 -0.1173339 -0.5660293 -0.7960175 -0.2143993 -0.5605844 -0.7957267 -0.2292691 -0.3722705 -0.8756121 -0.3077632 -0.363237 -0.8717801 -0.3287224 -0.1588754 -0.9091457 -0.3849842 -0.145592 -0.9004104 -0.4099562 0.08023005 -0.8796887 -0.4687332 0.06304949 -0.8949469 -0.4416953 0.3015342 -0.8106346 -0.501945 0.2815332 -0.8335143 -0.4753871 0.5057629 -0.6976676 -0.507409 0.4847432 -0.7287898 -0.4836213 -0.8590269 -0.5119278 -0.001643121 -0.7304929 -0.6739762 -0.1101645 -0.8561562 -0.5167171 1.03466e-4 -0.7205551 -0.685984 -0.1011264 -0.566243 -0.7957852 -0.2146968 -0.5394757 -0.8191543 -0.1948139 -0.3722695 -0.8755781 -0.3078615 -0.3267546 -0.9037141 -0.2766447 -0.158769 -0.9092422 -0.3848003 -0.09437495 -0.9349285 -0.3420558 0.06315737 -0.8949588 -0.4416558 0.1433344 -0.9108331 -0.3870896 0.2817319 -0.8335803 -0.4751539 0.3724418 -0.8329582 -0.4092282 0.4854061 -0.728338 -0.4836372 -0.7299458 -0.6776404 -0.08934533 -0.7206119 -0.6859315 -0.1010769 -0.8591066 -0.5117946 -0.001496911 -0.8607255 -0.5090628 -0.002641677 -0.5608181 -0.8100553 -0.1711534 -0.5397455 -0.8190228 -0.1946188 -0.3625721 -0.899506 -0.2437841 -0.3270181 -0.9037055 -0.2763614 -0.09431803 -0.9349532 -0.3420042 -0.1449527 -0.9417549 -0.3034576 0.1435086 -0.9107022 -0.387333 0.07983267 -0.9344456 -0.3470421 0.3726354 -0.8326864 -0.4096049 0.3007519 -0.8779027 -0.372606 -0.7195672 -0.6113275 -0.3293962 -0.7711178 -0.52975 -0.353189 -0.6747292 -0.5369498 -0.5063846 -0.8780172 -0.4784304 -0.01379275 -0.8858581 -0.4636323 -0.01733362 -0.8422574 -0.505088 -0.1883842 -0.8701981 -0.4925932 -0.01035934 -0.4825937 -0.7575716 -0.4395323 -0.8636626 -0.5039443 -0.01128315 0.07963669 -0.9341395 -0.3479101 0.163191 -0.8817778 -0.4425344 0.3008887 -0.8777811 -0.3727821 -0.1454558 -0.9413143 -0.3045818 -0.8600316 -0.5102331 -0.002800643 -0.8617507 -0.5072928 -0.006331443 -0.7298252 -0.6777226 -0.08970636 -0.5341874 -0.7958477 -0.2850793 -0.5611564 -0.8096798 -0.1718208 -0.3628548 -0.8991044 -0.2448424 -0.2320136 -0.8378452 -0.4941509 0.01242363 -0.881076 -0.4728117 -0.1903266 -0.2621241 -0.9460797 -0.3325834 -0.1712496 -0.9273952 -0.1269838 -0.08590984 -0.9881774 -0.771227 -0.5295778 -0.3532087 -0.4908775 -0.4808347 -0.7265241 -0.6747841 -0.5366441 -0.5066356 -0.8424919 -0.5048208 -0.1880518 -0.8859671 -0.4634312 -0.01714015 -0.6054794 -0.35099 -0.7142834 -0.8871186 -0.381646 -0.259552 -0.8055737 -0.3552363 -0.4741922 -0.6813055 -0.3099701 -0.66313 -0.5203291 -0.2475806 -0.8172891 -0.6911199 -0.4180765 -0.5895468 -0.9212284 -0.387759 -0.03132534 -0.301225 -0.3672141 -0.8800099 -0.1268619 -0.08587431 -0.9881962 0.1189028 -0.1488468 -0.9816857 0.3580343 -0.06057184 -0.9317417 -0.3328137 -0.17033 -0.927482 -0.1287984 -0.2272154 -0.9652897 -0.5211649 -0.2457417 -0.8173115 -0.3673172 -0.2903143 -0.8836265 -0.6820481 -0.3079336 -0.6633155 -0.5812296 -0.3338386 -0.7421078 -0.8059582 -0.3539561 -0.4744959 -0.7584304 -0.3545646 -0.5468705 -0.8873811 -0.380838 -0.2598406 -0.8844658 -0.3504912 -0.3080201 -0.9214445 -0.3872737 -0.03096807 -0.9466972 -0.3197122 -0.0393514 0.3584491 -0.06049609 -0.9315871 0.5501283 -0.1067151 -0.8282335 0.7171695 -0.02643603 -0.6963973 0.1191322 -0.148881 -0.9816527 0.3549006 -0.1812528 -0.9171658 -0.12871 -0.227394 -0.9652594 0.1412169 -0.2467315 -0.9587395 -0.3674944 -0.2903291 -0.883548 -0.297193 -0.3367763 -0.8934529 -0.08031713 -0.2995212 -0.9507031 -0.5814075 -0.3336655 -0.7420464 -0.4989953 -0.3567302 -0.7897768 -0.7583646 -0.3545665 -0.5469606 -0.8154731 -0.3408011 -0.4678229 -0.6746782 -0.3580384 -0.6454594 -0.8844441 -0.3506617 -0.3078881 -0.9142866 -0.3059363 -0.2654868 -0.9466302 -0.3199399 -0.03911358 -0.9655993 -0.2552314 -0.04974865 -0.990943 -0.1118034 -0.07437735 -0.9142116 -0.3060045 -0.2656659 -0.9655117 -0.2554773 -0.05018597 -0.9449929 -0.1387833 -0.2961886 -0.8154179 -0.3409401 -0.4678178 -0.8496745 -0.1583973 -0.5029548 -0.6745998 -0.3583132 -0.6453889 -0.7103463 -0.1697883 -0.6830668 -0.4989686 -0.3569082 -0.7897132 -0.5342863 -0.1726331 -0.8274878 -0.2969793 -0.3369406 -0.893462 -0.3296837 -0.166352 -0.92932 -0.1081881 -0.1513711 -0.9825387 -0.08035135 -0.299795 -0.9506138 0.1187599 -0.1286469 -0.9845538 0.1407203 -0.2470152 -0.9587395 0.3396506 -0.09893095 -0.9353342 0.3551799 -0.1815119 -0.9170064 0.5424962 -0.06427341 -0.8375959 0.5503275 -0.1066349 -0.8281115 0.7172594 -0.02628827 -0.6963103 0.7169741 -0.02642619 -0.6965988 0.5425369 -0.06415498 -0.8375785 0.5407139 -0.04668205 -0.8399104 0.7173616 -0.02619564 -0.6962084 0.71752 -0.02606087 -0.6960502 0.3392623 -0.09896904 -0.9354712 0.3357368 -0.06471526 -0.9397302 0.1190138 -0.1285709 -0.9845331 0.113125 -0.07912611 -0.9904251 -0.1080298 -0.151319 -0.9825642 -0.1154918 -0.08967322 -0.9892525 -0.3296955 -0.1663687 -0.9293129 -0.5425216 -0.09614419 -0.8345218 -0.3378059 -0.0953868 -0.9363698 -0.5339967 -0.1727243 -0.8276557 -0.7192159 -0.09197407 -0.6886721 -0.7102064 -0.170055 -0.6831458 -0.8579124 -0.08285582 -0.5070712 -0.849637 -0.1583656 -0.503028 -0.9516887 -0.06939184 -0.2991213 -0.945057 -0.1386008 -0.2960695 -0.9957721 -0.0523684 -0.07546907 -0.9909793 -0.1116258 -0.07416099 -0.9493157 -0.06910467 -0.3066338 -0.9957914 -0.05226945 -0.07528167 -0.9950374 -0.05229198 -0.08465343 -0.9516882 -0.06946301 -0.2991061 -0.8544432 -0.08236634 -0.5129744 -0.8578276 -0.08270549 -0.5072394 -0.7149294 -0.09113931 -0.6932313 -0.7192624 -0.09176611 -0.6886513 -0.5378447 -0.09525632 -0.8376452 -0.542632 -0.09592062 -0.8344758 -0.3334186 -0.09427243 -0.9380538 -0.3377897 -0.09539377 -0.936375 -0.1154628 -0.08924931 -0.9892942 -0.112068 -0.08904123 -0.9897032 0.1130197 -0.0793696 -0.9904177 0.1155816 -0.07866799 -0.9901779 0.3356812 -0.0643686 -0.9397739 0.33744 -0.06418669 -0.9391562 0.5407243 -0.04649245 -0.8399141 0.5416016 -0.0463773 -0.839355 0.7174398 -0.02613514 -0.6961302 0.7176247 -0.02614772 -0.6959391 -0.5197072 -0.059381 0.8522784 -0.3077221 -0.05229663 0.950038 -0.3083508 -0.05236709 0.9498303 -0.5292588 -0.05950528 0.8463714 -0.7035049 -0.06312596 0.7078814 -0.719332 -0.06387561 0.6917235 -0.8487821 -0.06397813 0.524858 -0.8660787 -0.0634917 0.4958595 -0.9477331 -0.06043666 0.3132883 -0.9610123 -0.05956536 0.2700139 -0.9737168 -0.05859893 0.2200952 -0.9905396 -0.05572909 0.1254016 -0.9982357 -0.05228692 0.02813404 -0.9982087 -0.05229246 0.02906912 -0.9556999 -0.1127722 0.2718827 -0.9610129 -0.0596491 0.2699932 -0.9982392 -0.05224722 0.02808672 -0.9931771 -0.1124014 0.03106981 -0.8614009 -0.1064416 0.4966476 -0.8661012 -0.06338208 0.4958343 -0.7156573 -0.09354645 0.6921587 -0.719255 -0.06322675 0.6918632 -0.5293216 -0.05972337 0.8463167 -0.5271009 -0.07513415 0.8464748 -0.3074861 -0.05225157 0.9501169 -0.3071671 -0.05246067 0.9502086 -0.9449725 -0.3256062 0.03174602 -0.9556909 -0.112581 0.2719933 -0.9931907 -0.1122547 0.03116679 -0.9138179 -0.3008306 0.2728329 -0.8613702 -0.1061281 0.4967678 -0.8277769 -0.2582681 0.4980794 -0.6922623 -0.2001305 0.6933403 -0.7156568 -0.09342688 0.6921755 -0.5157839 -0.1302222 0.846764 -0.5271937 -0.07504165 0.8464252 -0.3081287 -0.05238497 0.9499014 -0.3073838 -0.05225068 0.95015 -0.9136896 -0.3011974 0.2728582 -0.8535549 -0.5196463 0.03757423 -0.8277652 -0.258525 0.4979656 -0.9450124 -0.3254889 0.03175896 -0.3317861 -0.65938 0.6746377 -0.3148154 -0.6660454 0.676221 -0.3296011 -0.4826931 0.8114004 -0.3270748 -0.2750012 0.9040998 -0.3077462 -0.05306029 0.9499879 -0.3077856 -0.05242657 0.9500103 -0.3195645 -0.7442046 0.5865477 -0.3013167 -0.9486227 0.09655672 -0.1796042 -0.9789603 0.09684598 -0.2377873 -0.9206649 0.3095695 -0.2835409 -0.814562 0.5060567 -0.4102959 -0.6263778 0.6628032 -0.4619973 -0.5979156 0.6550233 -0.4750425 -0.8753768 0.08972328 -0.5249078 -0.555859 0.6445872 -0.6347298 -0.7691655 0.07417893 -0.3076776 -0.05241888 0.9500458 -0.5701937 -0.5198166 0.6361367 -0.6177822 -0.47518 0.6265374 -0.7536712 -0.6550158 0.05416631 -0.3076931 -0.05234205 0.9500449 -0.6535134 -0.4360572 0.6186876 -0.6822431 -0.3992906 0.6124634 -0.3078275 -0.05241149 0.9499976 -0.713055 -0.3517301 0.6064969 -0.6922432 -0.2001917 0.6933416 -0.5153212 -0.1302707 0.8470382 -0.3075821 -0.05251467 0.9500713 -0.2180835 -0.9258941 0.3084799 -0.2378085 -0.9206384 0.3096324 -0.1796129 -0.9789533 0.09690064 -0.2833488 -0.8146088 0.506089 -0.1576198 -0.9829627 0.09455263 -0.2670394 -0.8201273 0.5060448 -0.314377 -0.6662639 0.6762096 -0.3017776 -0.6710932 0.6771737 -0.3206839 -0.486701 0.8125787 -0.3292222 -0.483084 0.8113216 -0.3226792 -0.2771016 0.9050376 -0.326991 -0.2747601 0.9042035 -0.3077223 -0.05282038 0.9500089 -0.3077525 -0.05243045 0.9500209 -0.6610401 -0.7498378 -0.02773368 -0.5720388 -0.8198249 -0.02566719 -0.7407022 -0.6699098 -0.0508064 -0.8711829 -0.4854453 -0.07337021 -0.9568088 -0.2756924 -0.09225332 -0.9929888 -0.05179393 -0.1062577 -0.9984778 -0.05259442 -0.0166127 -0.5604512 -0.828063 -0.01435464 0.07061904 -0.9959153 0.05626559 -0.4588117 -0.888532 -0.001654684 0.06912869 -0.9962352 0.05231285 -0.1563898 -0.9873188 0.02727466 -0.3738694 -0.927481 8.87261e-4 -0.6624075 -0.7490501 0.01184409 0.06983488 -0.9957445 0.06013393 -0.6622923 -0.7476899 0.0482583 -0.659079 -0.7454877 0.09931284 0.06485068 -0.9957244 0.06578314 -0.990938 -0.05234962 0.1236992 -0.6503023 -0.7421969 0.1620206 -0.6314835 -0.7366351 0.2420688 0.05622899 -0.9959622 0.06998282 -0.9357723 -0.05236953 0.3486944 -0.6156789 -0.7326008 0.2902339 -0.5963233 -0.7282251 0.3377673 0.04322379 -0.9962989 0.07429963 -0.8220505 -0.05238735 0.5669996 -0.5579083 -0.7205678 0.4117285 0.02339601 -0.9966201 0.07874703 -0.5279285 -0.7150283 0.4582859 -0.4825083 -0.7075039 0.5163565 -0.006866872 -0.9965387 0.08284598 -0.6636322 -0.05219274 0.7462361 -0.4436791 -0.7014306 0.5578029 -0.3951743 -0.694306 0.6014785 -0.06205213 -0.9942169 0.08764868 -0.4733631 -0.05233478 0.8793113 -0.3508101 -0.6876823 0.6356298 -0.3287009 -0.6838638 0.6513725 -0.3709011 -0.05235791 0.9271953 -0.3159385 -0.5791093 0.751542 -0.3206183 -0.4866154 0.8126557 -0.3017137 -0.6710665 0.6772286 -0.3227642 -0.2769656 0.9050488 -0.3079465 -0.05247479 0.9499555 -0.2989984 -0.6761844 0.6733309 -0.2181453 -0.925863 0.3085295 -0.1577835 -0.9829248 0.0946744 -0.2668799 -0.8201622 0.5060725 -0.9929906 -0.05202865 -0.1061261 -0.9566013 -0.2752833 -0.0955668 -0.9929153 -0.05342823 -0.1061349 -0.9568617 -0.2755321 -0.092184 -0.871532 -0.4837335 -0.08021223 -0.8711881 -0.4854356 -0.07337343 -0.7415936 -0.6680873 -0.06081396 -0.7404206 -0.6702216 -0.05079793 -0.5739629 -0.8179883 -0.03823274 -0.5720973 -0.8197855 -0.02562701 -0.377268 -0.9260035 -0.01365286 -0.3739246 -0.9274587 9.01115e-4 -0.1562449 -0.9873416 0.02728092 0.06326657 -0.9973373 0.03627467 -0.1610924 -0.9868723 0.01150763 0.06926441 -0.9962272 0.05228716 -0.9567108 -0.2748731 -0.09565192 -0.9556122 -0.2756391 -0.1040604 -0.9929664 -0.05243772 -0.1061514 -0.9929762 -0.05223637 -0.1061589 -0.8713821 -0.483989 -0.08029973 -0.8692945 -0.4847528 -0.0966528 -0.7416812 -0.6679883 -0.06083339 -0.569925 -0.8189004 -0.06773304 -0.738566 -0.6688866 -0.08432751 -0.5741693 -0.817843 -0.03824138 -0.3720474 -0.9269919 -0.0476098 -0.3772161 -0.9260248 -0.0136485 -0.1551781 -0.9875678 -0.02509576 -0.1610214 -0.9868839 0.01150482 0.06963264 -0.997572 -0.001234233 0.06335443 -0.9973367 0.03613728 -0.4984677 -0.7610167 0.4151911 -0.4410889 -0.7619108 0.4742706 -0.5966257 -0.5609242 0.5739355 -0.7077096 -0.3180474 0.6308669 -0.7659015 -0.05236876 0.6408216 -0.8928194 -0.05236154 0.4473611 -0.3907705 -0.8506346 0.3517373 -0.2606647 -0.9016474 0.3450882 0.1229668 -0.9924061 0.003057539 -0.2840191 -0.915121 0.2861586 0.159277 -0.987184 0.009929537 -0.0444262 -0.9830573 0.1778334 -0.5563818 -0.7595788 0.3368667 -0.5970862 -0.7581272 0.2621669 0.09669387 -0.9953119 -0.002157032 -0.9745379 -0.05239325 0.2180159 -0.6301627 -0.7561002 0.1766569 -0.6506996 -0.7538167 0.09138154 0.07969731 -0.9968102 -0.004231095 -0.9986104 -0.05253267 -0.004213094 -0.6593871 -0.7516752 0.01389318 -0.8216717 -0.5657095 -0.06948626 -0.869125 -0.485046 -0.0967065 -0.7387046 -0.6687151 -0.08447277 -0.9556241 -0.2756025 -0.1040483 -0.9930121 -0.05158841 -0.1061397 -0.7492946 -0.6590742 -0.06464374 -0.6595089 -0.7494288 -0.05834919 -0.1550475 -0.9875913 -0.02497845 0.06966894 -0.9975695 -0.001221239 -0.3720778 -0.9269786 -0.04763281 -0.5700126 -0.8188372 -0.06775987 -0.7658431 -0.05271387 0.6408632 -0.6100295 -0.3167718 0.7263055 -0.6714053 -0.05174231 0.7392819 -0.7077027 -0.3183768 0.6307084 -0.5967286 -0.5610311 0.573724 -0.5032782 -0.5584534 0.6594247 -0.441388 -0.7619186 0.47398 -0.3593395 -0.7582923 0.5439375 -0.2607826 -0.9017746 0.3446667 -0.002848803 -0.9794029 0.2018957 -0.195675 -0.8978329 0.3944711 -0.04455906 -0.9831081 0.1775193 0.1761111 -0.9843329 0.008582293 0.1591654 -0.9872041 0.009724974 -0.6714077 -0.05165946 0.7392855 -0.539541 -0.2785574 0.7945447 -0.6007055 -0.05262839 0.7977364 -0.6099888 -0.3169226 0.726274 -0.4488491 -0.4889838 0.74795 -0.5032595 -0.5584563 0.6594366 -0.3338121 -0.6725676 0.6604713 -0.3594964 -0.7580611 0.544156 -0.2002937 -0.8196479 0.5367121 -0.195634 -0.8978032 0.3945591 -0.05568212 -0.9218307 0.3835723 -0.002777516 -0.9794434 0.2017002 0.09180271 -0.9734922 0.209488 0.1761146 -0.9843321 0.008604168 0.2343609 -0.9718547 0.0239498 0.1263023 -0.4389585 0.889586 -0.5997866 -0.05286329 0.7984119 -0.6008335 -0.05236279 0.7976574 0.1832936 -0.2928941 0.9384118 0.3079974 -0.2879132 0.9067765 0.05427205 -0.2440644 0.9682393 -0.1997231 -0.1840879 0.9624044 -0.4111367 -0.1213825 0.9034562 -0.6007217 -0.0525549 0.797729 0.3069074 -0.3145046 0.8982733 0.8279817 -0.3745135 0.4173561 0.4158761 -0.329726 0.8475422 0.5567165 -0.3124852 0.7696881 0.5264731 -0.3407015 0.7789407 0.8475869 -0.3001406 0.4376211 0.7212678 -0.3139623 0.6174143 0.1670527 -0.3459865 0.9232479 0.1495398 -0.3919532 0.9077504 0.7803115 -0.4958349 0.3811321 0.06979674 -0.5309984 0.8444936 0.6683497 -0.6815133 0.2980746 0.02539378 -0.5864754 0.809569 0.5586171 -0.8000959 0.2186177 -0.6007302 -0.05228096 0.7977406 -0.01639437 -0.6286774 0.7774935 -0.0613628 -0.6659512 0.7434673 0.4211772 -0.8983384 0.1248922 -0.6008077 -0.05245584 0.7976707 -0.1125041 -0.6995337 0.7056879 -0.1682507 -0.7263826 0.6663783 -0.6007776 -0.05227559 0.7977051 -0.3828462 -0.5647066 0.7311193 -0.4488642 -0.4888732 0.7480134 -0.3338162 -0.6724793 0.6605591 -0.5395886 -0.2785677 0.7945088 -0.600796 -0.05242949 0.7976813 -0.3159513 -0.6577075 0.6838096 -0.2381609 -0.7470286 0.6206672 0.09198784 -0.9734678 0.2095204 0.2345662 -0.9718029 0.02403908 -0.05567103 -0.9217858 0.3836818 -0.2001383 -0.8196402 0.5367819 -0.4107917 -0.1205177 0.9037289 -0.3936287 -0.07817441 0.9159396 -0.6008572 -0.05210506 0.7976564 -0.6008125 -0.05237072 0.7976726 -0.1993731 -0.1825649 0.9627671 -0.1635724 -0.0995925 0.9814915 0.05454629 -0.2417172 0.9688124 0.07545089 -0.115298 0.9904614 0.3087707 -0.2846651 0.9075388 0.5277087 -0.1263804 0.8399711 0.3108059 -0.1244409 0.942292 0.5575718 -0.3087404 0.7705796 0.7143433 -0.1208797 0.6892763 0.7219073 -0.3101662 0.6185845 0.8602145 -0.10823 0.4983146 0.8484041 -0.2963659 0.438609 0.862265 -0.05231952 0.5037477 0.7141999 -0.1207481 0.689448 0.8598125 -0.1084424 0.4989618 0.7167007 -0.06468915 0.6943742 0.5274456 -0.1261283 0.8401743 0.5301026 -0.07345682 0.8447458 0.3105118 -0.1244049 0.9423937 0.3129715 -0.07820856 0.946537 0.07727843 -0.07802128 0.9939522 0.07526844 -0.1154563 0.9904567 -0.1624154 -0.07365816 0.9839695 -0.1638823 -0.09976488 0.9814223 -0.3928546 -0.06478607 0.9173157 -0.39365 -0.07822018 0.9159265 -0.6006139 -0.05216348 0.7978358 -0.600812 -0.05234301 0.7976749 0.8629236 -0.05234456 0.5026163 0.716358 -0.06480622 0.6947168 0.8617867 -0.05229389 0.5045683 0.7169795 -0.06481879 0.6940742 0.5296928 -0.07346767 0.8450018 0.5300193 -0.07355833 0.8447892 0.3127915 -0.07805001 0.9466096 0.3129051 -0.07804822 0.9465723 0.07671999 -0.07795763 0.9940003 0.07743042 -0.07805424 0.9939377 -0.1619558 -0.07353222 0.9840545 -0.1626331 -0.07354974 0.9839416 -0.3928644 -0.06481182 0.9173098 -0.3931342 -0.06480574 0.9171944 -0.6008483 -0.05221295 0.7976561 -0.6010027 -0.05226689 0.7975362 0.5419513 0.04345047 -0.8392859 0.7169875 -0.005021452 -0.697068 0.7184457 -0.001704692 -0.695581 0.7167524 -0.001724123 -0.6973257 0.7175118 -0.0159443 -0.6963639 0.717308 0.001366555 -0.696755 0.7182711 0.01260793 -0.6956491 0.7166346 0.008786082 -0.6973935 0.4965268 -0.04969292 -0.8665979 0.3423814 0.06026107 -0.9376266 0.3289703 -0.06154835 -0.9423325 0.08472496 0.07427477 -0.9936323 0.05238729 -0.07631367 -0.9957067 -0.1769126 0.08347207 -0.9806806 -0.2114841 -0.08460259 -0.973713 -0.4487522 0.08811342 -0.8893016 -0.4522569 -0.0878306 -0.8875526 -0.6595901 0.08447682 -0.7468632 -0.6855614 -0.08390885 -0.7231632 -0.8338069 0.07584202 -0.5468217 -0.8513609 -0.07489103 -0.5192071 -0.9545583 0.06118226 -0.2916763 -0.9586019 -0.06108289 -0.2781213 -0.9924844 0.04785007 -0.1126286 -0.9971476 -0.0457977 -0.0599935 -0.9853211 0.03045278 0.1679735 -0.9857456 0.01208412 0.1678085 -0.9857932 -0.0113452 0.16758 -0.9852887 -0.03221935 0.1678343 -0.5214181 0.09578192 -0.8479087 -0.3127872 0.09546804 -0.9450133 -0.772971 0.01745551 -0.6342013 -0.3342618 -0.09460228 -0.9377204 -0.5376911 -0.09512901 -0.8377582 -0.9477934 0.06927472 -0.3112695 -0.8493169 0.08237475 -0.5214166 -0.8544939 -0.08280575 -0.5128192 -0.9492669 -0.0690568 -0.3067957 -0.9962583 0.01855731 -0.08440959 -0.9949371 0.05477511 -0.08426177 -0.9962488 -0.01831638 -0.08457487 -0.9949757 -0.05409604 -0.08424401 0.3375266 -0.06456339 -0.9390993 0.1155584 -0.0784533 -0.9901977 0.1300065 0.0779066 -0.9884477 0.346772 0.06261765 -0.9358569 -0.8343679 -0.02195233 -0.5507708 -0.1121307 -0.0897544 -0.9896317 -0.09325879 0.08898609 -0.9916574 -0.313198 0.09556698 -0.9448672 0.5415486 -0.04710584 -0.8393487 0.5457123 0.04543685 -0.83674 0.7169673 -0.02371603 -0.6967034 0.7170281 -0.04723787 -0.6954419 0.7171403 0.003491699 -0.69692 0.7172873 0.002133071 -0.6967743 0.7186061 -0.004563748 -0.6954024 0.7186831 0.01190429 -0.6952359 0.7180016 0.02388852 -0.6956315 -0.5726082 0.02430814 -0.8194687 -0.704455 0.09241992 -0.7037058 -0.7148174 -0.09073382 -0.6934 -0.5651997 -0.07006299 -0.8219735 -0.7835981 -0.04572206 -0.6195834 -0.0288403 0.02391624 -0.9992979 -0.9962944 0.01852548 -0.08399116 -0.9998155 0.01836323 -0.005633831 -0.9985234 0.05403661 -0.005577385 -0.9949934 0.05435848 -0.08386462 -0.9962947 -0.01852256 -0.08398729 -0.9998157 -0.01836317 -0.005623042 -0.9985234 -0.05403673 -0.00556606 -0.9949927 -0.05435842 -0.08387213 -0.9994679 -0.0149461 0.02899008 -0.9997995 0.01920855 -0.005662918 -0.9997996 -0.01920652 -0.005646944 -0.9984323 -0.05569344 -0.00559163 -0.9984662 -0.04715776 0.02900809 -0.9994648 0.01494508 0.02910399 -0.9984323 0.05569344 -0.005591571 -0.9984664 0.04715776 0.02900487 -0.9905133 0.0560702 0.125458 -0.9979889 0.05643481 0.02886545 -0.9994052 0.01897644 0.02879571 -0.9993972 -0.01897507 0.02907645 -0.9905126 -0.05604654 0.1254737 -0.9979901 -0.05643516 0.02882546 -0.9488969 0.03906726 0.3131589 -0.9483388 0.05232167 0.3129154 -0.9736644 0.05808752 0.2204625 -0.9736785 -0.05807048 0.2204042 -0.949155 0.02173703 0.3140578 -0.9492586 3.54475e-6 0.3144968 -0.9491733 -0.02174061 0.314002 -0.9488763 -0.03908067 0.3132196 -0.9482889 -0.05233913 0.3130636 -0.6008481 0.05072641 0.7977522 -0.6017135 0.018911 0.7984881 -0.6007618 0.05562001 0.7974908 -0.6007564 -0.05406647 0.7976018 -0.6017385 -0.01902955 0.7984665 -0.6006358 -0.05561178 0.7975863 -0.3926899 0.06401008 0.9174408 -0.6006568 0.05865526 0.7973526 -0.6013734 0.0203005 0.7987102 -0.6013988 -0.0205897 0.7986836 -0.3926578 -0.06607043 0.9173083 -0.600701 -0.05864012 0.7973203 -0.1628643 0.07346552 0.9839096 -0.1628785 -0.07359784 0.9838973 0.07703506 0.07806187 0.9939679 -0.1898493 -0.006408929 0.9817923 0.3135574 0.07915133 0.9462648 0.07730191 -0.07807284 0.9939462 0.313991 -0.0790013 0.9461335 0.7172195 -0.065301 0.693781 0.8634194 -0.01663357 0.5042126 0.8634838 0.01878029 0.5040269 0.8624228 -0.05053615 0.5036598 0.7170108 0.06462699 0.6940598 0.8624697 0.05593258 0.5030086 0.2905556 -7.24635e-5 0.9568581 0.5300816 -0.07370936 0.8447369 0.5296334 0.07380682 0.8450095 0.312832 0.0790168 0.946516 -0.001834928 -0.02647393 0.9996479 0.5969172 -0.02607733 0.8018791 0.9686185 0.05253124 0.2429379 0.9864678 0.01799708 0.1629647 0.9852359 0.05330765 0.1626918 0.9864767 -0.01800245 0.1629099 0.9852285 -0.05327939 0.1627454 0.9353507 0.05297064 0.3497331 0.9551816 -0.05206441 0.291406 0.862509 0.05168235 0.5033956 0.918132 -0.05212235 0.3928321 0.8634777 0.01719403 0.5040939 0.8634797 -0.01719212 0.5040906 0.8624991 -0.05166655 0.5034142 0.9936113 -0.05759304 0.09705513 0.986532 -0.0154848 0.1628339 0.9854933 -0.04827767 0.1627035 0.9950566 -0.02013039 0.09724789 0.9865243 0.01547271 0.162882 0.9950595 0.02013927 0.09721654 0.9936113 0.05759304 0.09705519 0.9854916 0.04827314 0.1627145 0.9951418 0.0153743 0.09724402 0.9967572 0.01957803 0.07805049 0.9953544 0.05645132 0.07799339 0.9941145 0.04802727 0.09710741 0.9951059 -0.01776558 0.09720492 0.9968032 -0.01718479 0.07802569 0.9938712 -0.05286359 0.09708487 0.9956126 -0.0516752 0.07800948 0.7656967 -0.03365361 -0.6423209 0.632115 -0.003521502 -0.7748666 0.6324108 0.003517985 -0.7746253 0.6326404 -0.01487076 -0.7743031 0.7657316 0.03366899 -0.6422783 0.633187 0.01486158 -0.7738562 0.9492336 -0.02326196 -0.3137109 0.9488741 -0.02639698 -0.3145492 0.8726599 -0.04065454 -0.4866333 0.9492424 -0.02356606 -0.3136615 0.949477 5.83531e-6 -0.3138368 0.8726686 0.040654 -0.4866178 0.9492189 0.02357012 -0.3137323 0.9492408 0.02325159 -0.3136901 0.9489754 0.02635574 -0.3142471 0.8234424 8.81596e-6 -0.5673999 0.6605823 -0.03024899 -0.7501441 0.6316959 -0.008968651 -0.7751645 0.631455 -0.02676481 -0.7749505 0.6608433 -0.01072913 -0.7504472 0.6316469 0.008973419 -0.7752043 0.6607792 0.01071339 -0.750504 0.6605566 0.03024691 -0.7501668 0.6313988 0.02676695 -0.7749962 0.9811701 -0.09010398 0.1708407 0.9428362 -0.2895087 0.1650599 0.9092004 -0.2861161 0.302477 0.862078 -0.1573853 0.4817171 0.8725807 -0.2924723 0.3912329 0.8376321 -0.2937077 0.4605523 0.878445 0.003991961 0.4778269 0.9811704 0.09009248 0.1708449 0.8785185 0.004761397 0.4776848 0.9021597 0.2872211 0.3218883 0.9428426 0.2894886 0.1650584 0.8616613 0.1609975 0.4812687 0.8375988 0.2938033 0.4605519 0.8461845 0.2983123 0.4415673 0.8376069 0.2937262 0.4605865 0.8616162 0.1611364 0.4813031 0.8620714 -0.1573786 0.4817311 0.8376263 -0.2936972 0.4605695 0.8465111 -0.2984998 0.4408139 0.8051917 -0.3944973 0.4427621 0.8461052 -0.2999777 0.4405899 0.8376051 -0.2938048 0.4605394 0.8064907 -0.4334834 0.402076 0.7350151 -0.5355154 0.4159039 0.702295 -0.633565 0.3246189 0.5970963 -0.7213951 0.3508064 0.5598646 -0.7984139 0.2215557 0.1536518 -0.9881051 0.006302237 0.1564124 -0.987665 0.007287919 0.1771819 -0.9841545 0.00683242 0.4725387 -0.8360193 0.278889 0.3189587 -0.9315867 0.1743892 0.4239432 -0.896479 0.1288328 0.1936427 -0.9799603 0.04669409 0.1337918 -0.9899699 0.04538094 0.3149205 -0.9470237 0.06301724 0.2359584 -0.9714497 0.02468115 0.8376108 0.29379 0.4605384 0.8457475 0.2999009 0.4413283 0.8332916 0.3532976 0.425213 0.7749294 0.4617674 0.431573 0.8058333 0.4344168 0.4023863 0.6537618 0.6546763 0.3794662 0.6999533 0.6367057 0.3235294 0.1536444 0.9881063 0.006293535 0.1805609 0.9835361 0.007386326 0.1562983 0.9876828 0.00731039 0.5204907 0.7963957 0.3079669 0.55963 0.7984997 0.2218392 0.3897835 0.8931195 0.2245138 0.4238452 0.8964905 0.1290737 0.2226626 0.969312 0.1041916 0.2357522 0.9715011 0.02463173 0.133826 0.9899654 0.04537814 0.1184916 -0.9929551 3.18963e-4 0.1566287 -0.9876305 0.00731939 0.1536589 -0.9881039 0.006288647 -0.07645952 -0.9957525 -0.05129301 0.09266239 -0.99569 -0.003882169 0.07512849 -0.9971565 -0.00589025 -0.169123 -0.9851994 -0.02792221 0.06550139 -0.9978482 -0.002909004 -0.01999473 -0.9994149 0.02775186 0.0606687 -0.9975652 0.03439611 -0.1956039 -0.9802644 0.02865046 -0.9375477 -0.3307839 0.1076399 -0.9442835 -0.3262874 0.04319065 -0.851496 -0.5222159 0.04738521 -0.6444674 -0.7583991 0.09743028 -0.5883319 -0.8042715 0.08374458 -0.376582 -0.9214541 0.09543776 -0.7562789 -0.648746 0.08468174 -0.7506216 -0.6577996 0.06218552 -0.5155676 -0.8497758 0.1098692 -0.6708216 -0.7340326 0.1058044 -0.7489404 -0.654231 0.1052156 -0.8139852 -0.571096 0.1061964 -0.9256547 -0.3429941 0.1597451 -0.5706911 -0.8105975 0.1313138 -0.6929064 -0.7063325 0.1448282 -0.573403 -0.8103844 0.1203585 -0.4468511 -0.8891752 0.09844583 -0.2201564 -0.9732401 0.06583976 -0.1956235 -0.9802634 0.02854961 -0.4810088 -0.8706951 0.1025707 -0.5691053 -0.8120682 0.1290903 -0.6624566 -0.6980248 0.271869 -0.4227063 -0.904773 0.05201184 -0.5937138 -0.7906236 0.1497278 -0.7763696 -0.5727376 0.2631007 -0.8244738 -0.328387 0.4608742 -0.9048886 -0.3414887 0.254091 -0.7365764 -0.5470753 0.3976982 -0.3280384 -0.9395087 0.0985611 -0.1805596 -0.978917 0.09549731 -0.3783386 -0.9201772 0.1006681 -0.7966273 -0.590801 0.1278252 -0.7207806 -0.6815122 0.1265569 -0.3882719 -0.9162591 0.09856158 -0.7496266 -0.6470015 0.1394602 -0.7357943 -0.6561574 0.1675241 -0.701507 -0.6916676 0.1717091 -0.7572991 -0.6269734 0.1827635 -0.7667138 -0.6094238 0.2018724 -0.9375398 0.3307705 0.1077495 -0.9442677 0.3263061 0.04339176 -0.9894921 0.1379947 0.04316174 -0.9375388 -0.3308053 0.1076531 -0.9815918 -0.1860875 0.04300141 -0.9442753 -0.3263102 0.04319661 -0.9955635 0.001902341 0.09407377 -0.9990091 0.007190883 0.0439217 -0.9990168 0.005992829 0.04392856 -0.995768 -0.0811823 0.04307812 -0.9931002 1.01734e-5 0.1172691 -0.9834801 0.09342128 0.1550468 -0.9256989 0.3428178 0.1598672 -0.9890725 7.31005e-5 0.1474307 -0.9863212 -0.0927053 0.1362952 -0.9257493 -0.342724 0.1597771 -0.9846536 -2.08244e-6 0.1745207 -0.9740764 -0.09351533 0.2059857 -0.9050567 -0.3409972 0.2541522 -0.9740812 1.12411e-5 0.2261984 -0.9562774 -9.39611e-6 0.2924615 -0.9050601 0.3409914 0.2541478 -0.9658383 0.09180945 0.2423372 -0.9078397 0.2084113 0.3638568 -0.824454 0.328397 0.4609023 -0.8694618 0.1096045 0.4816876 -0.9196116 0.1081869 0.3776379 -0.8740043 -0.05320745 0.4829964 -0.9372946 -0.01711547 0.3481177 -0.9129663 -0.1725092 0.3697745 -0.8611008 -0.1724942 0.4782794 -0.8244577 -0.3283869 0.4609031 -0.9696389 0.1479155 0.1947343 0.1138954 0.9934927 -4.76471e-4 0.1537396 0.9880916 0.006256997 0.1564731 0.9876558 0.007235825 -0.07645624 0.9957536 -0.05127614 0.08700037 0.996197 -0.004751443 -0.1621846 0.9862651 -0.03126442 0.07148456 0.9974247 -0.005836606 0.06515336 0.9978708 -0.00300306 -0.02030134 0.999408 0.02778017 0.06033831 0.9975854 0.03438919 -0.195606 0.9802644 0.02863818 -0.9374988 0.3308957 0.1077226 -0.8525562 0.5204783 0.04743927 -0.9442189 0.3264483 0.04338568 -0.5981801 0.7951601 0.09950453 -0.4786262 0.8732188 0.09168481 -0.6350947 0.7683888 0.07895344 -0.3052626 0.9473321 0.09683346 -0.6816773 0.7253931 0.09550434 -0.779213 0.6212815 0.08268362 -0.7524783 0.6556979 0.06194359 -0.6486716 0.7536228 0.1061978 -0.4976304 0.8604694 0.109346 -0.1806541 0.9789057 0.09543579 -0.7050065 0.7013012 0.1055575 -0.7717224 0.6271861 0.1052722 -0.8313124 0.5455185 0.1064402 -0.9256352 0.3430027 0.1598399 -0.5706704 0.8105818 0.131502 -0.5734027 0.8103853 0.1203544 -0.6929009 0.7063397 0.1448191 -0.4396752 0.8930036 0.09607541 -0.1957173 0.9802439 0.02857905 -0.2201877 0.9732328 0.06584453 -0.4775245 0.8727941 0.1010003 -0.4256934 0.9033321 0.05268949 -0.572517 0.8091092 0.1325396 -0.6548224 0.7109848 0.2563364 -0.5886002 0.7947691 0.14796 -0.7690503 0.5844077 0.2589002 -0.7170923 0.5890019 0.3726332 -0.7706735 0.4705175 0.4297393 -0.8244522 0.3283851 0.4609143 -0.9048801 0.3415177 0.2540822 -0.3783565 0.9201796 0.1005792 -0.7836986 0.6080359 0.1269214 -0.7133646 0.6893922 0.1258949 -0.3882902 0.9162614 0.09846824 -0.7496222 0.6470068 0.1394597 -0.7357785 0.65617 0.1675434 -0.6996507 0.6936988 0.1710875 -0.7573066 0.6269633 0.1827674 -0.7639877 0.6132071 0.2007485 -0.2197486 -0.9733346 0.06580662 0.06992155 -0.9959803 0.05598467 0.06794393 -0.996419 0.05032736 0.06757247 -0.9958629 0.06075447 0.05555081 -0.9961596 0.06767797 0.03222203 -0.9967195 0.07424223 -0.002895832 -0.9968029 0.07984751 -0.05847507 -0.9946583 0.08506244 -0.101862 -0.9908803 0.08820742 -0.1540477 -0.9837211 0.0925312 -0.1807671 -0.9788821 0.09546309 -0.01827001 -0.9990962 0.03838324 -0.1955683 -0.9802718 0.02864146 -0.02000564 -0.9994139 0.0277819 0.06066668 -0.9975654 0.03439235 -0.2197517 0.973334 0.06580466 -0.05809444 0.9946925 0.08492422 -0.1543616 0.9836713 0.09253847 -0.004218757 0.9967884 0.07996946 0.02509909 0.9968182 0.0756542 0.04433256 0.9964707 0.07128024 0.05681389 0.9961302 0.06705826 0.06468665 0.9959233 0.06286871 0.06947964 0.9959738 0.05664527 0.06761646 0.9964416 0.0503239 -0.1808477 0.9788641 0.0954948 -0.01851081 0.9990935 0.03833407 0.0603367 0.9975854 0.03439491 -0.02030992 0.9994078 0.02777802 -0.1955825 0.9802689 0.02864372 -0.8964381 0.3365039 0.2883817 -0.7173379 0.5889877 0.3721827 -0.7710327 0.4703909 0.429233 -0.824455 0.3283798 0.4609127 -0.9249794 0.3410057 -0.1677148 -0.8749406 0.4623904 -0.1437852 -0.9379657 0.3456977 -0.02671045 -0.3355801 0.9420115 6.70483e-4 -0.1956044 0.980267 0.02855938 -0.4257726 0.9032927 0.05272668 -0.1622068 0.9862617 -0.03125602 -0.462777 0.8862156 0.021438 -0.5667454 0.8222938 0.05130898 -0.5725293 0.8091018 0.1325315 -0.764604 0.6271243 0.1486468 -0.6548626 0.7109894 0.256221 -0.4032055 0.9134671 -0.05480343 -0.3788158 0.9179807 -0.1175168 -0.2517044 0.9640094 -0.08562034 -0.07660961 0.9957419 -0.05127525 -0.5164057 0.8547486 -0.05225044 -0.5631505 0.8135051 -0.1451589 -0.8081966 0.581807 0.09120887 -0.6654275 0.7453824 -0.04014378 -0.7326064 0.6662778 -0.1391471 -0.8558934 0.5151863 0.04505175 -0.9320464 0.3436781 0.1147827 -0.594282 0.8042542 0.002016782 0.07981735 0.996501 0.02480411 0.1536439 0.9881063 0.006285965 -0.07646077 0.9957531 -0.05127882 0.1337995 0.9899697 0.04536277 0.02899986 0.9995383 0.009071528 -0.02887052 0.9995378 -0.009519755 -0.8722702 -0.1004086 -0.4786051 -0.849671 -0.3107808 -0.4259983 -0.8335893 -0.3021882 -0.4623974 -0.890787 -0.3277081 -0.3148111 -0.8696357 0.3192111 -0.376614 -0.865073 0.1581072 -0.4760787 -0.8336374 0.3021675 -0.462324 -0.8608383 -0.1725357 0.4787367 -0.8244792 -0.3283427 0.4608961 -0.896413 -0.3364953 0.2884695 -0.8733789 -0.05320847 0.4841262 -0.8244707 0.3283238 0.4609246 -0.869068 0.1096047 0.4823979 -0.896398 0.3365403 0.2884638 -0.9903036 -0.09589272 -0.1005157 -0.9380385 -0.3455035 -0.02667057 -0.9250222 -0.3408877 -0.1677187 -0.9804462 9.6038e-6 -0.1967877 -0.8760728 0.04868614 -0.4797146 -0.9918724 -2.68133e-5 -0.1272373 -0.9943977 -0.09601926 0.0442 -0.9320459 -0.3436814 0.1147763 -0.9984666 4.4163e-5 -0.05535835 -0.9844132 0.09540504 -0.1477453 -0.9250067 0.3409292 -0.1677201 -0.9380359 0.3455098 -0.02668082 -0.9998616 7.2496e-5 0.01663851 -0.996028 1.20103e-5 0.08904206 -0.995352 0.09620851 -0.004276812 -0.9320764 0.3435938 0.114791 -0.8963744 -0.3366085 0.2884574 -0.8244488 -0.3284252 0.4608919 -0.7368637 -0.547 0.3972693 -0.937994 -0.3456213 -0.02670896 -0.9320477 -0.3436744 0.1147832 -0.9089423 -0.3857952 -0.1580694 -0.9249781 -0.3409997 -0.1677338 -0.3304967 -0.9437966 0.004474818 -0.1956288 -0.9802628 0.02853506 -0.1691893 -0.9851889 -0.02789205 -0.4227241 -0.9047638 0.05202841 -0.453907 -0.8906911 0.02525681 -0.5704897 -0.8190073 0.06138932 -0.5691044 -0.8120698 0.1290845 -0.7612562 -0.6286752 0.1589235 -0.6625136 -0.6980315 0.271713 -0.4079346 -0.91159 -0.05092161 -0.0765556 -0.9957465 -0.05126684 -0.3032825 -0.9477879 -0.09857982 -0.4557777 -0.8800023 -0.1336517 -0.4855169 -0.8728711 -0.04868024 -0.5723491 -0.8070212 -0.1453737 -0.5609667 -0.8266549 -0.04425078 -0.6922131 -0.7076237 -0.1418091 -0.7883416 -0.5997977 -0.1369686 -0.8007137 -0.5908878 0.09853607 -0.8222391 -0.568099 0.03444832 -0.4244737 -0.9054388 -0.00172913 -0.5861933 -0.8101337 0.007810831 0.107732 -0.9941776 0.002192735 0.1338018 -0.9899689 0.04537481 0.09770792 -0.9947383 0.03080308 0.153656 -0.9881044 0.006291449 -0.0764597 -0.9957531 -0.05128014 0.04791498 -0.9988514 -3.42436e-4 -0.02882373 -0.9995391 -0.009535968 0.03981411 -0.9991295 0.0124492 -0.02884119 0.9995388 -0.009513795 -0.07646417 0.9957525 -0.0512858 -0.2515165 0.9639114 -0.08726054 -0.1270532 0.990675 -0.04920035 -0.3785864 0.9178776 -0.1190505 -0.2835463 0.9514019 -0.1201496 -0.4490545 0.8689957 -0.2078385 -0.5630021 0.8134636 -0.1459651 -0.5783714 0.7623726 -0.2903012 -0.7326963 0.6663331 -0.1384066 -0.6737242 0.6473658 -0.3563892 -0.8748746 0.4624025 -0.1441473 -0.7808782 0.455805 -0.4271664 -0.8696469 0.319168 -0.3766247 -0.9249795 0.3409737 -0.167779 -0.8208799 0.3701859 -0.4348776 -0.8336119 0.3021744 -0.4623656 -0.01259166 0.9992231 0.03734683 0.1335562 0.9903286 0.03757631 0.1318457 0.99092 0.02634811 -0.01218891 0.9997735 -0.01744848 0.1334386 0.9903671 0.03697413 0.07943028 0.9964878 0.02651488 0.1338009 0.9899686 0.04538398 0.02873802 0.999539 0.00979495 -0.02883672 0.9995388 -0.009524464 -0.8894979 0.3214076 -0.3247934 -0.8336651 0.3021207 -0.4623047 -0.865064 0.1581026 -0.4760963 -0.9003113 -0.1008784 -0.4233948 -0.8336543 -0.302074 -0.4623549 -0.881078 -0.3189978 -0.3492019 -0.87226 -0.1004015 -0.4786253 -0.876063 0.04869657 -0.4797315 -0.9186917 0.01611852 -0.3946465 -0.9483587 -0.08170235 -0.3064973 -0.9184314 -0.3221186 -0.2296159 -0.9381667 -2.17352e-5 -0.3461841 -0.9602051 1.25424e-5 -0.2792958 -0.9791909 -1.93396e-5 -0.2029414 -0.9858043 -0.07637917 -0.14952 -0.9533579 -0.2957845 -0.0601691 -0.9660806 0.08001101 -0.2455334 -0.9301362 0.317337 -0.184781 -0.9936527 -2.02828e-5 -0.1124913 -0.9985941 -5.41657e-6 -0.05300986 -0.9928858 0.07470726 -0.09271746 -0.9533627 0.2957679 -0.06017547 -0.9969901 -0.07559043 0.01723343 -0.9544322 -0.2934745 0.05414742 -1 4.24121e-5 3.82958e-5 -0.9970806 0.07440072 -0.01717573 -0.9544263 0.2934933 0.05415076 -0.9987934 1.01936e-5 0.04911136 -0.979417 -0.1629943 0.1190605 -0.9312134 -0.3292075 0.1564101 -0.972096 -0.1727933 0.1586569 -0.9857611 -0.05329215 0.1594839 -0.9955462 -0.01600384 0.09290736 -0.9878683 0.1032864 0.1159672 -0.9811146 0.1097915 0.1592482 -0.9312299 0.3291518 0.1564288 -0.02888816 -0.9995363 -0.009631752 -0.3030798 -0.9476801 -0.1002261 -0.07659947 -0.9957431 -0.05126738 -0.2132144 -0.9731175 -0.0870741 -0.4555704 -0.8799026 -0.1350077 -0.3933591 -0.9023149 -0.1763423 -0.5722415 -0.8069536 -0.1461696 -0.5079177 -0.8262814 -0.2434723 -0.8907868 -0.3277161 -0.3148034 -0.9249857 -0.3409963 -0.1676991 -0.9090179 -0.3858007 -0.1576207 -0.8335845 -0.3021892 -0.4624052 -0.8496818 -0.3108353 -0.4259371 -0.8076161 -0.3850075 -0.4466829 -0.7947215 -0.5384067 -0.2802429 -0.6018838 -0.7373528 -0.3066706 -0.6879557 -0.6267277 -0.3659638 -0.7654074 -0.490602 -0.416487 -0.6923497 -0.7076087 -0.1412159 -0.7885205 -0.5997925 -0.1359575 0.1323359 -0.9908131 0.02786821 0.1335979 -0.9903194 0.0376724 -0.01262927 -0.9992223 0.03735357 -0.01217156 -0.9997752 -0.0173642 0.1335762 -0.9902355 0.03989011 0.09741997 -0.994714 0.03245705 0.1337934 -0.9899696 0.04538375 0.03949701 -0.9991301 0.01337695 -0.02884876 -0.9995384 -0.009528815 -0.3514639 0.9348652 -0.05000323 -0.2595971 0.9656515 0.01124382 -0.01274585 0.9992235 0.0372821 -0.4387207 0.8985863 -0.008182883 -0.4952637 0.8644351 -0.08640611 -0.6425526 0.765623 -0.03078383 -0.7787914 0.6255038 -0.04721111 -0.3132185 0.9471895 -0.06874883 -0.01218229 0.9997736 -0.01744991 -0.420318 0.9016472 -0.1018099 -0.802805 0.5572816 -0.2119939 -0.8809404 0.4692732 -0.06104695 -0.9220739 0.360098 -0.1418074 -0.9320106 0.356297 -0.06639891 -0.931855 0.336817 -0.1349092 -0.7947247 0.5489835 -0.2589014 -0.9387571 0.3200129 -0.1277772 -0.9300035 0.3177135 -0.1848016 -0.9533159 0.2959101 -0.06021839 -0.4377618 0.8751275 -0.2061953 -0.02886062 0.9995371 -0.009622633 -0.8560281 0.4395333 -0.2720781 -0.8894704 0.3215051 -0.324772 -0.767677 0.5650675 -0.3022761 -0.4914863 0.8391351 -0.2330093 -0.5790116 0.7624835 -0.2887293 -0.673845 0.6474072 -0.3560853 -0.4496225 0.8690453 -0.2063975 -0.2839341 0.9513769 -0.11943 -0.1272349 0.99066 -0.04903131 -0.7279138 0.6021965 -0.3278737 -0.8101496 0.4471814 -0.3790601 -0.7802374 0.4555644 -0.4285918 -0.8387054 0.3824132 -0.3877285 -0.8336542 0.3021845 -0.4622827 -0.484321 0.857926 -0.1714538 -0.5083568 0.8376154 -0.199935 -0.5125654 0.8298122 -0.2206548 -0.6343392 0.7299821 -0.2544406 -0.4861012 0.8455316 -0.2208668 -0.007491827 0.9974004 0.07166868 0.1335825 0.9903213 0.03767484 -0.01263254 0.9992226 0.03734731 0.1633152 0.9815692 0.09924733 0.006356179 0.9911473 0.1326147 0.2000913 0.9652892 0.1678695 0.01739722 0.9780955 0.2074283 0.2412914 0.9438211 0.2257882 0.01869255 0.9548791 0.296406 0.9020608 0.2875013 0.3219156 0.8376064 0.2938032 0.4605381 0.775285 0.4619964 0.4306886 0.9217191 0.3521809 0.1624889 0.9428337 0.289568 0.16497 0.8786181 0.4512124 0.1563255 0.1335679 0.9903231 0.03767973 0.3603431 0.9308254 0.06096684 0.1317527 0.9909315 0.02638459 0.7073323 0.6547037 0.2665413 0.7506355 0.647086 0.1335143 0.6536771 0.654621 0.3797072 0.6435204 0.7246353 0.2465469 0.5792919 0.808988 0.09979671 0.5204052 0.7961959 0.3086268 0.5517486 0.80664 0.2119089 0.3898395 0.8932648 0.2238374 0.4895305 0.8521869 0.1847634 0.3819562 0.9145247 0.1332451 0.2582437 0.9611523 0.09745025 0.1337956 0.9899695 0.04537868 0.1334396 0.9903671 0.03697401 0.2226399 0.9692615 0.104708 -0.3119642 -0.9438634 0.1086288 -0.3362736 -0.9309272 0.1424602 -0.5590596 -0.8162696 0.1454523 -0.1166166 -0.9836482 0.1372475 0.006267786 -0.991143 0.1326513 -0.007549941 -0.9973974 0.07170397 -0.4958752 -0.8656364 0.06914854 -0.2742241 -0.9611227 0.03231662 -0.2598814 -0.9655846 0.01039379 -0.012699 -0.9992205 0.03737968 -0.3748592 -0.9266775 0.02737748 -0.4692513 -0.8830068 0.01012146 -0.4389532 -0.8984663 -0.008862376 -0.6425554 -0.7656056 -0.03115594 -0.7787617 -0.6255315 -0.04733586 -0.9241567 -0.3588049 0.1311244 -0.8533322 -0.4994081 0.1497186 -0.9311634 -0.329307 0.1564986 -0.9544213 -0.2934936 0.05423653 -0.9427919 -0.3333109 -0.006879508 -0.9533219 -0.2958971 -0.06018739 -0.9320138 -0.3563297 -0.06617814 -0.84158 -0.5234999 0.1330079 -0.7012139 -0.6976436 0.1469441 -0.8394586 -0.5336095 0.1028123 -0.8913803 -0.4477771 0.07026273 -0.8501466 -0.5251274 0.03862726 -0.8621736 -0.506584 0.005414783 -0.8809431 -0.4692931 -0.06085401 -0.6583583 -0.742592 0.1229699 -0.3514588 -0.934867 -0.05000466 -0.01274305 -0.9992235 0.0372821 -0.2596001 -0.9656507 0.01124727 -0.4387525 -0.8985707 -0.008192539 -0.4952466 -0.8644453 -0.08640098 -0.6425658 -0.7656132 -0.03075444 -0.7787514 -0.6255524 -0.04722923 -0.3132067 -0.9471933 -0.06874895 -0.01228874 -0.9997729 -0.01741147 -0.4202869 -0.9016613 -0.1018134 -0.7977158 -0.5589576 -0.2263095 -0.8809455 -0.4692643 -0.0610426 -0.9153584 -0.366898 -0.1658461 -0.9320138 -0.3562917 -0.06638121 -0.9257369 -0.3438187 -0.1574802 -0.7856025 -0.5545971 -0.2743186 -0.9333914 -0.3264031 -0.1491363 -0.9533129 -0.2959198 -0.06021618 -0.9183698 -0.3222982 -0.2296106 -0.460325 -0.8607017 -0.2174713 -0.02884608 -0.9995384 -0.009536802 -0.5161345 -0.8202892 -0.2464367 -0.2134577 -0.9731104 -0.08655637 -0.3938344 -0.9023224 -0.1752391 -0.5084362 -0.8264178 -0.2419224 -0.6024639 -0.7374904 -0.3051971 -0.687976 -0.6267217 -0.3659358 -0.8462545 -0.4470009 -0.2899026 -0.8810471 -0.3191028 -0.3491838 -0.7633945 -0.5673674 -0.3087443 -0.731042 -0.5957707 -0.3326183 -0.7647614 -0.490413 -0.4178938 -0.8092978 -0.4399256 -0.3892334 -0.8073095 -0.3848863 -0.4473412 -0.829086 -0.3941192 -0.3965936 -0.8336253 -0.3021688 -0.4623453 -0.4864984 -0.8554021 -0.1777827 -0.5100295 -0.8347337 -0.2075801 -0.5130724 -0.8287334 -0.2235122 -0.6326002 -0.7292566 -0.2607715 -0.4938797 -0.8398231 -0.2253442 -0.5953307 0.1296899 0.7929451 -0.5981791 0.1327154 0.7902966 -0.5988405 0.1372776 0.7890152 -0.596807 0.124629 0.7926468 -0.6065369 0.139477 0.7827255 -0.6239732 0.138516 0.7690714 -0.6577591 0.1314804 0.7416643 -0.5977544 -0.1369587 0.7898937 -0.5942066 -0.1338189 0.7931023 -0.5976914 -0.1251008 0.7919059 -0.6045535 -0.13933 0.7842845 -0.5966194 -0.1248431 0.7927544 -0.6160394 -0.1392547 0.7753088 -0.5982825 -0.1194697 0.7923289 -0.6319055 -0.137301 0.7627869 -0.6005619 -0.1139672 0.7914144 -0.6585608 -0.1311281 0.741015 -0.6929286 -0.1224967 0.7105242 -0.9311898 -0.3292195 0.1565251 -0.920722 -0.2559905 0.2945165 -0.9720796 -0.1727986 0.1587511 -0.7492827 0.04240095 0.6608915 -0.6250125 -0.007696866 0.7805768 -0.619707 0.04860627 0.7833268 -0.7263627 0.114372 0.6777288 -0.8651564 0.1308177 0.4841396 -0.787266 -0.001793324 0.6166111 -0.8710511 0.04580122 0.4890523 -0.9160218 0.227073 0.330669 -0.8438777 5.08595e-6 0.5365357 -0.7594231 -0.04860442 0.648779 -0.8768709 -0.1417073 0.4593653 -0.8191375 -0.1098139 0.5629873 -0.7263551 -0.1143709 0.6777372 -0.7225466 -0.1151844 0.681659 -0.8813145 7.48411e-6 0.4725302 -0.9166333 2.89641e-5 0.3997291 -0.9575278 0.105798 0.2682303 -0.9257801 0.3127934 0.2123478 -0.9311857 0.3292358 0.1565157 -0.9810824 0.1098109 0.1594336 -0.9857603 -0.053281 0.1594927 -0.8992409 -0.05801516 0.4335899 -0.9497095 -0.0162183 0.3127124 -0.2637388 0.958654 0.1068859 0.006262123 0.9911423 0.1326566 -0.007585346 0.9973976 0.07169806 -0.2051 0.9687112 0.1397591 -0.4597317 0.8785383 0.1296818 -0.4266293 0.8929222 0.1437966 -0.6323642 0.7607559 0.1461715 -0.7606087 0.6322028 0.1476277 -0.36479 0.924484 0.1107149 -0.5284094 0.8461155 0.06980174 -0.2742131 0.9611257 0.03232342 -0.01275259 0.9992232 0.03728854 -0.2598844 0.9655838 0.0103954 -0.3747204 0.9267235 0.02771836 -0.4692598 0.8830021 0.0101245 -0.4389628 0.8984616 -0.008854985 -0.6425568 0.7656044 -0.03115463 -0.7787591 0.6255348 -0.04733484 -0.9249556 0.3567922 0.1309837 -0.9101011 0.3850149 0.15323 -0.8593629 0.4888926 0.149932 -0.9333585 0.3346343 0.1298534 -0.9544203 0.2935135 0.05414456 -0.9311581 0.3293243 0.1564933 -0.9427932 0.3333072 -0.006881594 -0.9320163 0.356323 -0.0661785 -0.9533239 0.2958983 -0.06014782 -0.8466972 0.5219708 0.1032015 -0.8943598 0.4417922 0.07028746 -0.855612 0.5161733 0.03864276 -0.8655436 0.5008072 0.005156993 -0.8809356 0.4693095 -0.06083709 0.8725959 -0.292526 0.3911586 0.8050975 -0.3944883 0.4429415 0.8375941 -0.2938194 0.4605501 0.8758037 -0.456811 0.1558583 0.9090951 -0.2864093 0.3025162 0.942818 -0.2895759 0.1650456 0.1336812 -0.9902226 0.03985732 0.1338159 -0.9899659 0.04539638 0.3189979 -0.9316794 0.1738217 0.7941076 -0.4917805 0.3571347 0.5969455 -0.7211357 0.3515956 0.7353568 -0.5357267 0.4150269 0.6757493 -0.6908519 0.2570732 0.7430623 -0.6560755 0.1319974 0.5967429 -0.7688162 0.2298256 0.5963806 -0.7960578 0.1030637 0.4725337 -0.8359979 0.2789614 0.5382624 -0.8171443 0.2062736 0.4620947 -0.8699986 0.1719624 0.4470883 -0.8913355 0.07505381 0.3876274 -0.9117128 0.1361063 0.1323308 -0.9908164 0.02777457 0.2755541 -0.9598078 0.05328071 0.133592 -0.9903199 0.03767955 0.2898957 -0.9556888 0.05118018 -0.007479488 -0.9974005 0.0716682 0.1335788 -0.9903218 0.03767657 0.176005 -0.9767861 0.1221119 -0.01263284 -0.9992225 0.03734636 0.006357729 -0.9911475 0.1326131 0.2058715 -0.9620846 0.1789141 0.01739847 -0.9780976 0.207419 0.2412527 -0.9438322 0.2257831 0.01869356 -0.9548787 0.2964074 0.9436001 -0.24273 0.2251691 0.9445975 -0.2395055 0.2244388 0.9441362 -0.2415383 0.2242015 0.9457505 -0.2342696 0.2251083 0.9474398 -0.2269027 0.2255507 0.9436694 -0.2434593 0.2240883 0.9493537 -0.2181512 0.2261366 0.9512279 -0.2092037 0.2267145 0.9531076 -0.1997787 0.2273204 0.9545156 -0.1926846 0.2275359 0.9557046 -0.1863349 0.2278333 0.9710107 -0.06000423 0.2313824 0.9434102 0.2442603 0.2243081 0.9444432 0.2405203 0.224002 0.9447532 0.2392397 0.224067 0.9453026 0.2363842 0.2247788 0.9460286 0.2331105 0.2251431 0.9436406 0.2437141 0.2239331 0.9556682 0.1864082 0.2279261 0.9709902 0.05999648 0.2314706 0.9526579 0.2020471 0.2272003 0.9503954 0.2132005 0.2264822 0.9479146 0.2247111 0.2257496 0.9811773 -0.0900979 0.1708031 0.9428187 -0.2895653 0.1650605 0.9811692 0.09010279 0.1708466 0.9428445 0.2894731 0.1650744 0.6094209 0.7839748 0.1182783 0.7507215 0.6470048 0.1334253 0.5792718 0.8090013 0.09980553 0.8786209 0.4511879 0.1563805 0.9217053 0.3521886 0.1625505 0.5052963 0.8570012 0.101118 0.3603472 0.9308239 0.06096458 0.5391632 0.8344789 0.11379 0.4676936 0.8778304 0.1033276 0.3785269 0.9210982 0.09108006 0.1335844 0.9903209 0.03767919 0.1632897 0.9815733 0.09924936 0.6714343 0.7234151 0.160769 0.9428192 0.2895792 0.1650333 0.6489288 0.7365813 0.1906292 0.6503576 0.7337175 0.1967071 0.8037818 0.5578896 0.2066256 0.5052103 0.8432691 0.1834659 0.5636818 0.8082289 0.1703787 0.4488416 0.8780369 0.1661096 0.5730379 0.7985804 0.1841115 0.5513758 0.8127907 0.188032 0.4638713 0.8627663 0.2011414 0.4300548 0.8836112 0.1851598 0.2412734 0.9438261 0.2257864 0.2001097 0.9652863 0.167865 0.4445738 0.887483 0.1213598 0.4326071 0.8921029 0.1303977 0.8588617 0.4708179 0.2017104 0.9436644 0.2436367 0.223917 0.4386053 0.8872051 0.1431524 0.7670415 0.6128072 0.1900395 0.8155019 0.5423889 0.2019181 0.867375 0.4511045 0.2101558 0.903836 0.3681303 0.2180845 0.9309065 0.2902357 0.2217573 0.7832565 0.5891769 0.1984431 0.04389256 0.8791628 0.4744959 0.2412946 0.9438226 0.2257784 0.01872736 0.9548527 0.2964889 0.2800709 0.8992271 0.3360819 0.04267847 0.744004 0.6668108 0.3229917 0.794039 0.5149549 0.00600171 0.6109968 0.7916103 0.3274706 0.661783 0.6743932 -0.06690502 0.4626972 0.8839882 0.2993319 0.507575 0.8079407 0.1420106 0.1659093 0.9758623 0.287126 0.1587338 0.9446493 0.2809513 0.3132123 0.9071739 -0.1244264 0.3197751 0.9392881 0.03223675 0.1830046 0.9825834 -0.1087904 0.2082301 0.9720108 -0.4531986 0.8745259 0.172672 -0.205136 0.9687187 0.139655 -0.4266511 0.8929139 0.1437834 -0.632377 0.760764 0.1460738 -0.2451662 0.9518269 0.1841715 0.006354629 0.9911479 0.1326104 0.01727175 0.9780924 0.2074533 -0.3478693 0.9186084 0.187472 -0.1668255 0.9441254 0.2842473 -0.09876197 0.9388799 0.3297737 -0.02209681 0.9507849 0.3090626 0.01868939 0.9548749 0.2964197 -0.9056256 0.3831927 0.1816751 -0.859403 0.4888794 0.1497451 -0.9102202 0.3850082 0.1525381 -0.7769164 0.5771111 0.2516819 -0.9160363 0.2270187 0.3306662 -0.9150663 0.3570074 0.1876157 -0.9256573 0.3131852 0.2123054 -0.9311605 0.329309 0.1565119 -0.3274644 0.8824733 0.3376508 -0.4378635 0.787299 0.4340918 -0.2551979 0.8918826 0.3733893 -0.2703711 0.9142932 0.3016081 -0.3695732 0.8733255 0.3173615 -0.4576159 0.8107772 0.3650043 -0.6567611 0.5048742 0.560149 -0.5828619 0.638432 0.5026696 -0.7521191 0.5712978 0.3285357 -0.8529577 0.291601 0.4329344 -0.7263307 0.114407 0.6777573 -0.7077784 0.2955949 0.6416178 -0.8651262 0.1310112 0.4841414 -0.3710272 0.9010207 0.2247233 -0.804064 0.5691559 0.1718803 -0.7607008 0.6321353 0.1474426 -0.3787609 0.8922232 0.2459226 -0.3762008 0.8870415 0.2676385 -0.7215525 -0.1650831 0.672391 -0.8191813 -0.1094119 0.5630019 -0.7137391 -0.2437752 0.6566203 -0.7263237 -0.1144 0.6777659 -0.2939645 -0.9375463 0.1859892 0.006238162 -0.9911423 0.1326586 0.01740181 -0.9780967 0.2074228 -0.3363038 -0.9309275 0.1423866 -0.1166087 -0.9836523 0.1372247 -0.564674 -0.8070911 0.1724738 -0.8533089 -0.4995089 0.1495152 -0.7012871 -0.6976067 0.14677 -0.5590965 -0.8162468 0.1454393 -0.4768319 -0.8584043 0.1891392 -0.8175492 -0.5433313 0.1907997 -0.1923374 -0.9379387 0.2885783 0.01859891 -0.9548717 0.2964358 -0.1349432 -0.9308806 0.3394874 -0.9152205 -0.3609864 0.1790542 -0.9207468 -0.2558974 0.29452 -0.9311619 -0.3293048 0.1565119 -0.7827026 -0.5748243 0.23865 -0.3511425 -0.8714154 0.3425408 -0.310199 -0.8669559 0.3900822 -0.368366 -0.8739042 0.3171719 -0.2790208 -0.9112213 0.3030234 -0.7575027 -0.5712311 0.3160455 -0.656099 -0.5065273 0.5594323 -0.6962815 -0.3690991 0.6155955 -0.4620769 -0.8078171 0.3659462 -0.4817912 -0.7507801 0.4518921 -0.5913942 -0.6263269 0.5079051 -0.8639276 -0.2975286 0.4063322 -0.876839 -0.1418955 0.4593683 -0.4146996 -0.8820897 0.2234772 -0.3817181 -0.8921047 0.2417446 -0.3778517 -0.8872645 0.2645559 -0.0669831 -0.06130516 0.995869 -0.2337457 -0.2159194 0.9480199 -0.1089374 -0.2080966 0.9720229 -0.5987575 -0.1193768 0.791984 -0.5968349 -0.1249238 0.7925795 -0.4178262 -0.1823236 0.8900446 -0.6006622 -0.1139973 0.7913342 -0.5968349 0.1245958 0.7926312 -0.619597 0.04860746 0.7834137 -0.4492889 0.1734147 0.8763943 -0.3511536 -0.0352835 0.9356529 -0.6249372 -0.00769931 0.780637 -0.3517993 0.02199435 0.935817 -0.06687098 0.06129842 0.995877 -0.3480068 0.07001262 0.9348741 -0.1088442 0.2081173 0.972029 -0.2923837 0.2091225 0.9331557 0.6082231 -0.7842942 0.1222594 0.5963044 -0.7961064 0.1031288 0.7430646 -0.6560893 0.1319165 0.5114833 -0.8525865 0.1071508 0.4470983 -0.8913208 0.07516807 0.289897 -0.9556927 0.05110055 0.5412745 -0.832077 0.1211198 0.4683988 -0.8764813 0.1112797 0.3929831 -0.9139065 0.1016822 0.1760041 -0.9767857 0.1221168 0.1335999 -0.990319 0.03767704 0.6711182 -0.7229977 0.1639353 0.5052199 -0.8427032 0.1860218 0.5657815 -0.805735 0.1751645 0.6410537 -0.7447038 0.1856512 0.4972054 -0.8502413 0.1728489 0.5548907 -0.8100592 0.1894741 0.6602196 -0.7247814 0.1969825 0.5167151 -0.8329726 0.1978945 0.4365836 -0.879791 0.1880496 0.2412579 -0.9438291 0.2257902 0.2058546 -0.9620875 0.1789184 0.3791273 -0.9013954 0.2091625 0.4049343 -0.8979232 0.1725175 0.8172678 -0.5561141 0.1510314 0.8758016 -0.4567785 0.1559652 0.942815 -0.2895734 0.1650674 0.4475318 -0.8846285 0.1309495 0.8589972 -0.4701524 0.202683 0.943665 -0.243688 0.2238585 0.4367316 -0.8885334 0.1406201 0.4262015 -0.8919093 0.1511624 0.8506476 -0.4824804 0.2088338 0.9031509 -0.369859 0.217997 0.8004754 -0.5627145 0.2063779 0.02837228 -0.9340997 0.3558833 0.2412675 -0.9438287 0.2257819 0.2800453 -0.8992308 0.3360933 0.0187093 -0.954851 0.2964956 0.04319977 -0.8829674 0.4674425 0.04323995 -0.7473199 0.663056 0.3229621 -0.7940433 0.5149669 0.007209539 -0.6140235 0.7892549 0.3274565 -0.6618006 0.6743829 -0.09530431 -0.407575 0.908185 0.2993242 -0.5075694 0.8079471 0.1420147 -0.1657848 0.9758829 0.2809785 -0.3132027 0.9071688 0.2871644 -0.1586859 0.9446457 0.03207695 -0.1829925 0.9825909 -0.1088111 -0.2081342 0.972029 0.4664115 0.1522833 0.8713611 0.2871749 0.1585953 0.9446578 0.2976762 0.067999 0.9522421 0.9709774 -0.06000107 0.2315225 0.8935084 -0.166916 0.4168716 0.9556658 -0.1864073 0.2279366 0.9556744 0.186403 0.2279042 0.9355264 0.1783236 0.3049443 0.9709975 0.05999672 0.2314395 0.5599892 -0.08150291 0.8244814 0.6172122 -0.1491016 0.7725399 0.7736647 -0.1522936 0.6150199 0.4454002 -0.1530042 0.8821613 0.287104 -0.1586147 0.944676 0.299993 -0.01680183 0.9537935 0.6536261 -0.005304694 0.7567991 0.5713403 0.06485062 0.8181471 0.6512081 0.1490134 0.7441257 0.8880218 -0.01730543 0.4594758 0.9237772 0.05468589 0.3790057 0.8794139 0.1640035 0.4469162 0.794823 0.0572046 0.6041392 0.7865515 0.1530742 0.5982517 0.931024 0.2902825 0.2212025 0.9437026 0.2431175 0.2243196 0.9437119 0.2439092 0.2234193 0.9439504 0.2422789 0.224184 0.9354739 0.1786346 0.3049235 0.9554986 0.1874065 0.2278186 0.9526627 0.2021014 0.2271319 0.2802355 0.8992043 0.3360055 0.4639067 0.8627442 0.2011544 0.2413544 0.9438146 0.2257477 0.3220404 0.7941719 0.5153457 0.2871826 0.158734 0.9446321 0.4664091 0.1523892 0.8713439 0.2808682 0.3131976 0.9072047 0.7297418 0.505679 0.4601801 0.3271835 0.6618061 0.6745101 0.6503484 0.7337244 0.1967121 0.903766 0.3509028 0.2451004 0.9460402 0.2330346 0.2251727 0.9450849 0.2372544 0.2247775 0.944373 0.2404223 0.2244036 0.9038959 0.3681079 0.2178734 0.8037781 0.5579348 0.2065181 0.7566837 0.5713821 0.3177301 0.8116245 0.3234042 0.4864931 0.6512193 0.1489002 0.7441385 0.786493 0.1532003 0.5982963 0.8793286 0.1646037 0.4468636 0.4557827 0.3148162 0.8325582 0.3003371 0.5074951 0.8076177 0.8537839 0.3876883 0.3474921 0.9479736 0.2243732 0.2258378 0.9003475 0.2695304 0.3416545 0.9503483 0.2133412 0.2265472 0.142068 0.1666975 0.9757196 0.2975519 0.06799465 0.9522814 0.2871273 0.1586917 0.944656 -0.0668624 0.06129962 0.9958774 0.03229051 0.182905 0.9826003 -0.1088483 0.2081201 0.9720279 0.2999735 -0.01680773 0.9537996 -0.06683909 -0.06129932 0.9958791 0.1420822 -0.1665894 0.975736 0.2871319 -0.1585996 0.94467 0.03209912 -0.1828787 0.9826114 -0.1087576 -0.2080792 0.9720467 0.04335141 0.8791338 0.4745994 0.01870948 0.9548305 0.2965615 -0.022264 0.9509397 0.3085743 -0.2922308 0.2092744 0.9331696 -0.1088584 0.2081866 0.9720125 -0.1245408 0.3197971 0.9392654 -0.6576296 0.1315401 0.7417685 -0.7072986 0.2956295 0.6421309 -0.7266913 0.114306 0.6773876 -0.5956778 0.1340793 0.7919538 -0.4496813 0.1731795 0.8762396 -0.5989394 0.1375753 0.7888883 -0.5954426 0.1288836 0.7929926 -0.5967043 0.1263033 0.7924593 -0.1039561 0.8569117 0.504872 -0.09896451 0.9390673 0.3291789 -0.2553526 0.8918992 0.3732441 -0.08039075 0.7963435 0.5994786 0.04182261 0.7439917 0.6668787 0.0048514 0.6109001 0.7916929 -0.1641303 0.765127 0.622609 -0.437959 0.7872805 0.4340294 -0.5832219 0.6384933 0.5021739 -0.1821308 0.456401 0.8709344 -0.06709384 0.4627125 0.8839659 -0.4234213 0.4556944 0.7829797 -0.3124421 0.3692317 0.8752418 -0.3577466 0.3442123 0.8680641 -0.458671 0.2820802 0.8426458 -0.6239899 0.1387113 0.7690227 -0.6064688 0.1395778 0.7827604 -0.3729609 0.2341018 0.8978288 -0.617347 0.4043876 0.6747989 -0.6568067 0.5050129 0.5599707 -0.6133476 0.3271023 0.7188943 -0.1352267 -0.9310255 0.338977 0.0185858 -0.9548681 0.2964481 0.02797496 -0.9340685 0.3559967 -0.7225459 -0.1154239 0.6816192 -0.7266245 -0.1147044 0.6773919 -0.7217021 -0.1650919 0.6722283 -0.693044 -0.1225482 0.7104027 -0.7135095 -0.2437925 0.6568635 -0.6583722 -0.1314156 0.7411317 -0.5953561 -0.1332486 0.7923358 -0.5979295 -0.1369414 0.7897642 -0.4182856 -0.1820994 0.8898748 -0.5962694 -0.1255511 0.792906 -0.5967862 -0.1244624 0.7926887 -0.1266795 -0.8513264 0.5091128 0.04270607 -0.8829351 0.4675489 -0.3102593 -0.8669773 0.3899866 -0.1010614 -0.7911697 0.6031893 0.04236227 -0.7472074 0.6632394 0.00612837 -0.6138893 0.7893685 -0.1720402 -0.7635939 0.6223558 -0.4820032 -0.750799 0.4516348 -0.59174 -0.6264023 0.5074091 -0.2599644 -0.417972 0.87047 -0.09520787 -0.4076057 0.9081812 -0.4898846 -0.3996891 0.7747656 -0.65619 -0.5064883 0.5593606 -0.6957192 -0.3690922 0.6162352 -0.2344699 -0.2929034 0.9269474 -0.233707 -0.2161964 0.9479663 -0.1087751 -0.2082165 0.9720154 -0.4061455 -0.3157978 0.8575067 -0.4394961 -0.2948647 0.8484681 -0.6044442 -0.1391761 0.7843962 -0.615832 -0.1396839 0.7753962 -0.6318865 -0.13731 0.762801 0.9031715 -0.3699083 0.217828 0.9436835 -0.2439053 0.2235434 0.9439181 -0.2422778 0.2243213 0.9435719 -0.244287 0.2235975 0.9445641 -0.2395212 0.2245625 0.9457693 -0.2342755 0.2250236 0.800466 -0.5627757 0.206247 0.8934694 -0.1673405 0.4167848 0.951212 -0.2092029 0.226782 0.9530834 -0.1999014 0.2273138 0.9545043 -0.1925758 0.2276754 0.9555491 -0.1871015 0.2278572 0.2802327 -0.8992016 0.3360151 0.2412678 -0.9438301 0.2257757 0.3791214 -0.9013959 0.2091709 0.3220503 -0.7942185 0.5152677 0.5167181 -0.8329671 0.1979097 0.4454155 -0.1530939 0.882138 0.3004013 -0.5075347 0.8075691 0.6172051 -0.1490129 0.7725628 0.2808364 -0.3132213 0.9072064 0.2871298 -0.1586917 0.9446553 0.6918218 -0.6402759 0.3338103 0.6601876 -0.7247992 0.1970244 0.7298368 -0.5055828 0.4601354 0.3271515 -0.661859 0.6744735 0.773602 -0.1523002 0.6150973 0.9474238 -0.2268863 0.225634 0.8210632 -0.3185763 0.4736712 0.9492945 -0.2183226 0.2262196</float_array>
          <technique_common>
            <accessor source="#ָ¼ⷌ-½񋴲¿·Ղ-mesh-normals-array" count="6457" stride="3">
              <param name="X" type="float"/>
              <param name="Y" type="float"/>
              <param name="Z" type="float"/>
            </accessor>
          </technique_common>
        </source>
        <vertices id="ָ¼ⷌ-½񋴲¿·Ղ-mesh-vertices">
          <input semantic="POSITION" source="#ָ¼ⷌ-½񋴲¿·Ղ-mesh-positions"/>
        </vertices>
        <triangles material="metal-material" count="2935">
          <input semantic="VERTEX" source="#ָ¼ⷌ-½񋴲¿·Ղ-mesh-vertices" offset="0"/>
          <input semantic="NORMAL" source="#ָ¼ⷌ-½񋴲¿·Ղ-mesh-normals" offset="1"/>
          <p>5 0 3 1 4 2 6 3 3 1 5 0 7 4 12 5 3 1 7 4 3 1 6 3 25 6 19 7 18 8 26 9 13 10 14 11 26 9 14 11 15 12 27 13 16 14 19 7 27 13 19 7 25 6 28 15 9 16 8 17 28 15 8 17 13 10 28 15 13 10 26 9 29 18 15 12 16 14 29 18 16 14 27 13 30 19 18 8 17 20 30 19 17 20 22 21 30 19 25 6 18 8 31 22 26 9 15 12 31 22 15 12 29 18 32 23 25 6 30 19 32 23 27 13 25 6 33 24 27 13 32 23 33 24 29 18 27 13 34 25 9 16 28 15 34 25 26 9 31 22 34 25 28 15 26 9 35 26 31 22 29 18 35 26 29 18 33 24 36 27 31 22 35 26 36 27 9 16 34 25 36 27 34 25 31 22 37 28 30 19 22 21 38 29 30 19 37 28 39 30 32 23 30 19 39 30 30 19 38 29 40 31 33 24 32 23 40 31 32 23 39 30 41 32 35 26 33 24 41 32 33 24 40 31 41 32 40 31 10 33 42 34 10 33 9 16 42 34 9 16 36 27 42 34 36 27 35 26 42 34 41 32 10 33 42 34 35 26 41 32 43 35 22 21 21 36 43 35 37 28 22 21 44 37 37 28 43 35 44 37 38 29 37 28 45 38 38 29 44 37 45 38 39 30 38 29 46 39 39 30 45 38 46 39 10 33 40 31 46 39 40 31 39 30 47 40 46 39 11 41 47 40 10 33 46 39 48 42 11 41 10 33 48 42 47 40 11 41 48 42 10 33 47 40 49 43 21 36 20 44 49 43 20 44 23 45 49 43 43 35 21 36 50 46 45 38 44 37 50 46 43 35 49 43 50 46 23 45 24 47 50 46 24 47 0 48 50 46 44 37 43 35 50 46 49 43 23 45 51 49 0 48 1 50 51 49 45 38 50 46 51 49 50 46 0 48 52 51 46 39 45 38 52 51 11 41 46 39 52 51 45 38 51 49 53 52 11 41 52 51 54 53 1 50 2 54 54 53 51 49 1 50 54 53 52 51 51 49 55 55 12 5 11 41 55 55 11 41 53 52 56 56 2 54 3 1 56 56 54 53 2 54 56 56 53 52 52 51 56 56 52 51 54 53 56 56 55 55 53 52 57 57 56 56 3 1 57 57 12 5 55 55 57 57 55 55 56 56 57 57 3 1 12 5 91 58 89 58 88 58 91 59 90 59 89 59 97 60 87 60 90 60 97 58 90 58 91 58 96 61 86 61 87 61 96 58 87 58 97 58 95 62 85 62 86 62 95 63 86 63 96 63 94 64 84 64 85 64 94 65 85 65 95 65 83 66 84 66 94 66 93 67 83 67 94 67 82 68 83 68 93 68 125 69 99 69 98 69 125 70 98 70 101 70 124 71 61 71 60 71 124 72 125 72 101 72 124 73 101 73 61 73 126 74 99 74 125 74 126 75 100 75 99 75 126 76 92 76 100 76 123 58 59 58 58 58 123 77 60 77 59 77 123 78 58 78 64 78 123 79 124 79 60 79 127 80 93 80 92 80 127 81 92 81 126 81 122 82 63 82 62 82 122 83 64 83 63 83 122 84 67 84 66 84 122 85 62 85 67 85 122 86 123 86 64 86 102 87 93 87 127 87 121 88 66 88 65 88 121 89 65 89 72 89 121 90 122 90 66 90 103 91 81 91 82 91 103 92 93 92 102 92 103 93 82 93 93 93 120 94 72 94 71 94 120 95 121 95 72 95 104 96 80 96 81 96 104 97 81 97 103 97 119 98 120 98 71 98 70 99 119 99 71 99 105 100 80 100 104 100 118 101 119 101 70 101 79 102 80 102 105 102 69 103 118 103 70 103 117 104 118 104 69 104 68 105 116 105 117 105 68 106 117 106 69 106 78 107 113 107 114 107 78 108 114 108 115 108 78 109 115 109 116 109 78 110 116 110 68 110 74 111 73 111 79 111 74 112 105 112 106 112 74 113 106 113 107 113 74 114 79 114 105 114 77 115 111 115 112 115 77 116 112 116 113 116 77 117 113 117 78 117 75 118 107 118 108 118 75 119 74 119 107 119 76 120 111 120 77 120 76 121 108 121 109 121 76 122 109 122 110 122 76 123 110 123 111 123 76 124 75 124 108 124 144 125 203 126 191 127 144 125 145 128 203 126 146 129 203 126 145 128 147 130 202 131 203 126 147 130 203 126 146 129 153 132 191 127 190 133 153 132 144 125 191 127 148 134 202 131 147 130 149 135 202 131 148 134 150 136 202 131 149 135 189 137 154 138 153 132 189 137 155 139 154 138 189 137 156 140 155 139 189 137 153 132 190 133 151 141 201 142 202 131 151 141 202 131 150 136 152 143 201 142 151 141 142 144 201 142 152 143 188 145 156 140 189 137 188 145 157 146 156 140 188 145 158 147 157 146 188 145 159 148 158 147 188 145 160 149 159 148 143 150 201 142 142 144 143 150 200 151 201 142 134 152 200 151 143 150 141 153 134 152 143 150 199 154 200 151 134 152 187 155 160 149 188 145 187 155 161 156 160 149 187 155 162 157 161 156 187 155 163 158 162 157 135 159 199 154 134 152 165 160 164 161 163 158 198 162 199 154 135 159 186 163 163 158 187 155 186 163 165 160 163 158 136 164 198 162 135 159 197 165 198 162 136 164 185 166 166 167 165 160 185 166 165 160 186 163 137 168 197 165 136 164 196 169 197 165 137 168 184 170 167 171 166 167 184 170 166 167 185 166 138 172 196 169 137 168 183 173 168 174 167 171 183 173 167 171 184 170 139 175 195 176 196 169 139 175 196 169 138 172 182 177 169 178 168 174 182 177 168 174 183 173 140 179 194 180 195 176 140 179 195 176 139 175 170 181 169 178 182 177 181 182 170 181 182 177 133 183 193 184 194 180 133 183 194 180 140 179 171 185 170 181 181 182 180 186 171 185 181 182 131 187 133 183 130 188 131 187 192 189 193 184 131 187 193 184 133 183 172 190 171 185 180 186 132 191 192 189 131 187 128 192 192 189 132 191 179 193 172 190 180 186 174 194 172 190 179 193 174 194 173 195 172 190 129 196 128 192 132 191 178 197 174 194 179 193 178 197 175 198 174 194 177 199 175 198 178 197 177 199 176 200 175 198 214 201 212 201 211 201 214 202 213 202 212 202 214 203 207 203 213 203 215 204 208 204 207 204 215 205 209 205 208 205 215 206 207 206 214 206 216 207 210 207 209 207 216 208 209 208 215 208 217 209 206 209 210 209 217 210 210 210 216 210 218 211 206 211 217 211 219 212 206 212 218 212 205 213 219 213 220 213 205 214 220 214 204 214 205 215 206 215 219 215 237 216 229 217 228 218 236 219 228 218 227 220 236 219 237 216 228 218 235 221 227 220 226 222 235 221 236 219 227 220 234 223 226 222 225 224 234 223 235 221 226 222 233 225 225 224 224 226 233 225 234 223 225 224 232 227 223 228 222 229 232 227 224 226 223 228 232 227 233 225 224 226 231 230 222 229 221 231 231 230 232 227 222 229 230 232 231 230 221 231 248 233 246 233 247 233 249 234 245 234 246 234 249 235 246 235 248 235 253 236 245 236 249 236 252 237 244 237 245 237 252 238 245 238 253 238 251 239 243 239 244 239 251 240 244 240 252 240 250 241 241 241 242 241 250 242 242 242 243 242 250 243 243 243 251 243 254 244 238 244 239 244 254 245 239 245 240 245 254 246 240 246 241 246 254 247 241 247 250 247 258 248 255 249 257 250 259 251 255 249 258 248 256 252 255 249 259 251 263 253 260 254 262 255 264 256 260 254 263 253 261 257 260 254 264 256 302 258 305 259 301 260 302 258 318 261 305 259 280 262 279 263 278 264 303 265 317 266 318 261 303 265 318 261 302 258 277 267 280 262 278 264 304 268 316 269 317 266 304 268 317 266 303 265 281 270 280 262 277 267 294 271 316 269 304 268 295 272 316 269 294 271 315 273 316 269 295 272 276 274 282 275 281 270 276 274 281 270 277 267 296 276 315 273 295 272 297 277 315 273 296 276 298 278 315 273 297 277 299 279 315 273 298 278 300 280 315 273 299 279 314 281 315 273 300 280 314 281 300 280 293 282 275 283 283 284 282 275 275 283 290 285 291 286 275 283 291 286 292 287 275 283 292 287 283 284 275 283 282 275 276 274 274 288 290 285 275 283 274 288 285 289 286 290 274 288 286 290 287 291 274 288 287 291 288 292 274 288 288 292 289 293 274 288 289 293 290 285 273 294 314 281 293 282 273 294 284 295 285 289 273 294 285 289 274 288 273 294 293 282 284 295 272 296 314 281 273 294 272 296 312 297 313 298 272 296 313 298 314 281 271 299 312 297 272 296 270 300 312 297 271 299 270 300 311 301 312 297 269 302 309 303 310 304 269 302 310 304 311 301 269 302 311 301 270 300 268 303 309 303 269 302 268 303 308 305 309 303 267 306 308 305 268 303 266 307 306 308 307 309 266 307 307 309 308 305 266 307 308 305 267 306 265 310 306 308 266 307 319 311 320 311 321 311 323 312 319 312 321 312 322 313 323 313 321 313 346 314 344 314 345 314 335 315 336 315 337 315 335 316 337 316 338 316 334 317 338 317 339 317 334 315 335 315 338 315 333 318 339 318 340 318 333 315 334 315 339 315 332 319 333 319 340 319 331 320 340 320 341 320 331 321 332 321 340 321 368 322 343 322 344 322 368 323 344 323 346 323 369 324 368 324 346 324 367 325 342 325 343 325 367 326 343 326 368 326 370 327 369 327 346 327 370 328 346 328 347 328 330 329 331 329 341 329 366 315 342 315 367 315 366 330 330 330 341 330 366 315 341 315 342 315 371 331 370 331 347 331 348 332 371 332 347 332 365 333 330 333 366 333 372 334 371 334 348 334 390 335 330 335 365 335 373 315 372 315 348 315 329 336 330 336 390 336 389 337 329 337 390 337 328 338 329 338 389 338 374 315 373 315 348 315 327 339 328 339 389 339 388 340 327 340 389 340 326 341 327 341 388 341 349 342 374 342 348 342 349 343 375 343 374 343 325 344 326 344 388 344 325 345 388 345 387 345 376 315 375 315 349 315 324 346 325 346 387 346 364 347 324 347 387 347 364 348 387 348 386 348 363 315 364 315 386 315 362 315 363 315 386 315 361 349 386 349 385 349 361 315 362 315 386 315 360 350 361 350 385 350 350 351 376 351 349 351 350 352 377 352 376 352 350 353 378 353 377 353 350 354 379 354 378 354 359 315 360 315 385 315 358 315 359 315 385 315 357 315 385 315 384 315 357 315 358 315 385 315 356 315 357 315 384 315 355 315 384 315 383 315 355 315 356 315 384 315 351 355 380 355 379 355 351 356 379 356 350 356 354 315 383 315 382 315 354 357 355 357 383 357 352 358 381 358 380 358 352 315 380 315 351 315 353 359 382 359 381 359 353 315 354 315 382 315 353 315 381 315 352 315 394 360 392 360 391 360 394 361 391 361 393 361 395 362 392 362 394 362 405 363 412 363 413 363 406 58 405 58 413 58 407 364 413 364 414 364 407 365 406 365 413 365 408 366 407 366 414 366 409 367 414 367 415 367 409 368 408 368 414 368 419 58 417 58 418 58 399 58 419 58 420 58 399 369 417 369 419 369 410 370 415 370 416 370 410 371 409 371 415 371 411 372 410 372 416 372 398 373 404 373 411 373 398 374 416 374 417 374 398 375 417 375 399 375 398 376 411 376 416 376 397 377 404 377 398 377 396 378 404 378 397 378 402 379 396 379 400 379 402 380 400 380 401 380 402 381 404 381 396 381 403 58 404 58 402 58 422 382 452 383 453 384 422 382 453 384 454 385 422 382 454 385 421 386 450 387 451 388 452 383 443 389 452 383 422 382 443 389 422 382 442 390 441 391 442 390 422 382 444 392 450 387 452 383 444 392 452 383 443 389 440 393 422 382 423 394 440 393 441 391 422 382 445 395 449 396 450 387 445 395 450 387 444 392 446 397 449 396 445 395 447 398 449 396 446 397 439 399 440 393 423 394 448 400 449 396 447 398 433 401 439 399 423 394 438 402 439 399 433 401 434 403 423 394 424 404 434 403 433 401 423 394 435 405 424 404 425 406 435 405 434 403 424 404 436 407 425 406 426 408 436 407 435 405 425 406 437 409 426 408 427 410 437 409 436 407 426 408 432 411 427 410 428 412 432 411 428 412 429 413 432 411 429 413 430 414 432 411 430 414 431 415 432 411 437 409 427 410 457 416 466 416 467 416 464 417 465 417 466 417 464 418 466 418 457 418 463 419 464 419 457 419 461 420 457 420 455 420 460 421 462 421 456 421 459 422 461 422 455 422 458 423 459 423 455 423 468 424 481 424 470 424 478 425 468 426 471 427 478 428 471 429 472 429 478 430 472 431 473 432 478 430 473 432 475 433 477 434 474 434 476 434 479 435 481 435 468 435 480 436 469 436 478 436 497 437 494 438 495 439 497 437 495 439 496 440 499 441 488 442 490 443 502 444 491 444 493 444 498 445 492 446 494 447 498 448 494 438 497 437 487 449 489 449 500 449 484 450 486 451 498 452 483 453 485 453 501 453 504 454 498 454 503 454 504 455 482 455 498 455 508 456 511 457 512 458 508 456 509 459 511 457 507 460 512 458 513 461 507 460 508 456 512 458 506 462 513 461 514 463 506 462 507 460 513 461 505 464 514 463 510 465 505 464 506 462 514 463 516 466 528 467 529 468 517 469 516 466 515 470 517 469 527 471 528 467 517 469 528 467 516 466 518 472 526 473 527 471 518 472 527 471 517 469 519 474 526 473 518 472 520 475 525 476 526 473 520 475 526 473 519 474 523 477 524 478 525 476 523 477 525 476 520 475 521 479 523 477 520 475 522 480 523 477 521 479 530 481 537 482 531 483 532 484 536 485 537 482 532 484 537 482 530 481 533 486 535 487 536 485 533 486 536 485 532 484 534 488 535 487 533 486 538 489 544 490 539 491 540 492 543 493 544 490 540 492 544 490 538 489 542 494 543 493 540 492 541 495 542 494 540 492 551 496 546 497 547 498 551 496 547 498 548 499 549 500 545 501 546 497 549 500 546 497 551 496 550 502 549 500 551 496 557 503 552 504 553 505 557 503 553 505 554 506 557 503 554 506 555 507 556 508 552 504 557 503 558 509 564 510 565 511 558 509 565 511 559 512 560 513 563 514 564 510 560 513 564 510 558 509 562 515 560 513 561 516 562 515 563 514 560 513 570 517 575 518 576 519 570 517 576 519 569 520 571 521 574 522 575 518 571 521 575 518 570 517 572 523 567 524 574 522 572 523 574 522 571 521 573 525 567 524 572 523 566 526 573 525 568 527 566 526 567 524 573 525 589 528 578 529 577 530 589 528 577 530 588 531 590 532 579 533 578 529 590 532 578 529 589 528 591 534 580 535 579 533 591 534 581 536 580 535 591 534 579 533 590 532 592 537 582 538 581 536 592 537 581 536 591 534 593 539 583 540 582 538 593 539 584 541 583 540 593 539 582 538 592 537 594 542 585 543 584 541 594 542 584 541 593 539 587 544 586 545 585 543 587 544 585 543 594 542 613 546 596 547 614 548 612 549 597 550 613 546 611 551 598 552 612 549 610 553 599 554 611 551 624 555 607 556 608 557 624 555 608 557 614 548 624 555 614 548 596 547 625 558 606 559 607 556 625 558 607 556 624 555 625 558 624 555 596 547 626 560 605 561 606 559 626 560 625 558 596 547 626 560 606 559 625 558 627 562 604 563 605 561 627 562 605 561 626 560 627 562 626 560 596 547 628 564 603 565 604 563 628 564 627 562 596 547 628 564 604 563 627 562 629 566 596 547 595 567 629 566 595 567 602 568 629 566 602 568 603 565 629 566 603 565 628 564 629 566 628 564 596 547 630 569 596 547 613 546 630 569 613 546 597 550 631 570 596 547 630 569 631 570 630 569 597 550 632 571 596 547 631 570 632 571 631 570 597 550 633 572 632 571 597 550 633 572 596 547 632 571 634 573 596 547 633 572 634 573 633 572 597 550 635 574 597 550 596 547 635 574 634 573 597 550 635 574 596 547 634 573 636 575 597 550 612 549 636 575 612 549 598 552 637 576 636 575 598 552 637 576 597 550 636 575 638 577 637 576 598 552 638 577 597 550 637 576 639 578 638 577 598 552 639 578 597 550 638 577 640 579 639 578 598 552 640 579 597 550 639 578 641 580 598 552 597 550 641 580 640 579 598 552 641 580 597 550 640 579 642 581 598 552 611 551 642 581 611 551 599 554 643 582 642 581 599 554 643 582 598 552 642 581 644 583 643 582 599 554 644 583 598 552 643 582 645 584 644 583 599 554 645 584 598 552 644 583 646 585 645 584 599 554 646 585 598 552 645 584 647 586 599 554 598 552 647 586 646 585 599 554 647 586 598 552 646 585 648 587 599 554 610 553 649 588 599 554 648 587 650 589 599 554 649 588 651 590 599 554 650 589 652 591 599 554 651 590 653 592 600 593 599 554 653 592 599 554 652 591 654 594 610 553 609 595 654 594 648 587 610 553 654 594 649 588 648 587 654 594 650 589 649 588 655 596 650 589 654 594 655 596 651 590 650 589 656 597 651 590 655 596 656 597 652 591 651 590 656 597 653 592 652 591 657 598 600 593 653 592 657 598 653 592 656 597 658 599 609 595 615 600 658 599 654 594 609 595 659 601 615 600 616 602 659 601 658 599 615 600 659 601 654 594 658 599 660 603 616 602 617 604 660 603 654 594 659 601 660 603 659 601 616 602 661 605 617 604 618 606 661 605 655 596 654 594 661 605 654 594 660 603 661 605 660 603 617 604 662 607 601 608 600 593 662 607 618 606 619 609 662 607 619 609 620 610 662 607 620 610 621 611 662 607 621 611 622 612 662 607 622 612 623 613 662 607 623 613 601 608 662 607 655 596 661 605 662 607 656 597 655 596 662 607 600 593 657 598 662 607 657 598 656 597 662 607 661 605 618 606 671 614 672 615 678 616 670 617 678 616 677 618 670 617 671 614 678 616 669 619 677 618 676 620 669 619 670 617 677 618 668 621 676 620 675 622 668 621 669 619 676 620 667 623 675 622 674 624 667 623 668 621 675 622 666 625 674 624 673 626 666 625 667 623 674 624 665 627 673 626 664 628 665 627 666 625 673 626 663 629 665 627 664 628 688 630 687 631 683 632 684 633 688 630 683 632 695 634 682 635 681 636 695 634 692 637 693 638 695 634 693 638 694 639 695 634 694 639 682 635 696 640 685 641 689 642 696 640 689 642 690 643 696 640 690 643 691 644 696 640 691 644 692 637 696 640 692 637 695 634 696 640 695 634 681 636 697 645 681 636 680 646 697 645 686 647 685 641 697 645 685 641 696 640 697 645 696 640 681 636 698 648 686 647 697 645 698 648 697 645 680 646 699 649 680 646 679 650 699 649 686 647 698 648 699 649 698 648 680 646 700 651 679 650 683 632 700 651 687 631 686 647 700 651 699 649 679 650 700 651 683 632 687 631 700 651 686 647 699 649 713 652 718 653 719 654 713 652 719 654 715 655 714 656 717 657 718 653 714 656 718 653 713 652 702 658 701 659 723 660 703 661 702 658 723 660 704 662 703 661 723 660 705 663 704 662 723 660 706 664 705 663 723 660 707 665 706 664 723 660 708 666 723 660 709 667 708 666 707 665 723 660 724 668 716 669 717 657 724 668 720 670 716 669 724 668 717 657 714 656 725 671 724 668 714 656 726 672 714 656 712 673 726 672 725 671 714 656 727 674 720 670 724 668 728 675 727 674 724 668 729 676 728 675 724 668 730 677 729 676 724 668 731 678 724 668 725 671 731 678 730 677 724 668 732 679 712 673 711 680 732 679 731 678 725 671 732 679 725 671 726 672 732 679 726 672 712 673 733 681 721 682 720 670 733 681 727 674 728 675 733 681 720 670 727 674 733 681 729 676 730 677 733 681 728 675 729 676 734 683 733 681 730 677 734 683 730 677 731 678 735 684 731 678 732 679 735 684 732 679 711 680 735 684 734 683 731 678 736 685 721 682 733 681 737 686 736 685 733 681 738 687 737 686 733 681 739 688 738 687 733 681 740 689 733 681 734 683 740 689 739 688 733 681 741 690 711 680 710 691 741 690 734 683 735 684 741 690 735 684 711 680 741 690 740 689 734 683 742 692 722 693 721 682 742 692 721 682 736 685 742 692 736 685 737 686 742 692 737 686 738 687 742 692 738 687 739 688 743 694 739 688 740 689 743 694 742 692 739 688 744 695 743 694 740 689 744 695 741 690 710 691 744 695 740 689 741 690 745 696 722 693 742 692 746 697 745 696 742 692 747 698 746 697 742 692 748 699 747 698 742 692 749 700 748 699 742 692 749 700 743 694 744 695 749 700 742 692 743 694 750 701 749 700 744 695 750 701 744 695 710 691 750 701 710 691 709 667 751 702 722 693 745 696 751 702 745 696 746 697 751 702 746 697 747 698 751 702 747 698 748 699 751 702 723 660 722 693 752 703 751 702 748 699 752 703 748 699 749 700 752 703 723 660 751 702 753 704 752 703 749 700 753 704 749 700 750 701 753 704 750 701 709 667 753 704 723 660 752 703 753 704 709 667 723 660 774 705 761 706 760 707 774 705 762 708 761 706 774 705 763 709 762 708 774 705 764 710 763 709 774 705 765 711 764 710 775 712 774 705 760 707 775 712 756 713 774 705 776 714 757 715 756 713 776 714 758 716 757 715 776 714 759 717 758 716 776 714 760 707 759 717 776 714 775 712 760 707 776 714 756 713 775 712 777 718 756 713 755 719 777 718 765 711 774 705 777 718 774 705 756 713 778 720 777 718 755 719 778 720 765 711 777 718 779 721 766 722 765 711 779 721 765 711 778 720 779 721 778 720 755 719 780 723 767 724 766 722 780 723 771 725 772 726 780 723 772 726 773 727 780 723 773 727 767 724 781 728 771 725 780 723 781 728 780 723 766 722 782 729 755 719 754 730 782 729 754 730 768 731 782 729 768 731 769 732 782 729 769 732 770 733 782 729 770 733 771 725 782 729 779 721 755 719 782 729 766 722 779 721 782 729 781 728 766 722 782 729 771 725 781 728 784 734 783 735 797 736 793 737 792 738 794 739 803 740 797 736 798 741 803 740 784 734 797 736 804 742 798 741 799 743 804 742 803 740 798 741 805 744 799 743 800 745 805 744 804 742 799 743 806 746 800 745 801 747 806 746 805 744 800 745 807 748 801 747 802 749 807 748 806 746 801 747 808 750 785 751 784 734 808 750 786 752 785 751 808 750 787 753 786 752 808 750 784 734 803 740 809 754 796 755 795 756 809 754 802 749 796 755 809 754 807 748 802 749 810 757 788 758 787 753 810 757 803 740 804 742 810 757 787 753 808 750 810 757 808 750 803 740 811 759 789 760 788 758 811 759 804 742 805 744 811 759 810 757 804 742 811 759 788 758 810 757 812 761 790 762 789 760 812 761 805 744 806 746 812 761 789 760 811 759 812 761 811 759 805 744 813 763 791 764 790 762 813 763 812 761 806 746 813 763 806 746 807 748 813 763 790 762 812 761 814 765 792 738 791 764 814 765 795 756 794 739 814 765 809 754 795 756 814 765 807 748 809 754 814 765 794 739 792 738 814 765 791 764 813 763 814 765 813 763 807 748 824 766 832 767 825 768 816 769 815 770 834 771 835 772 826 773 827 774 835 772 833 775 826 773 836 776 827 774 828 777 836 776 835 772 827 774 837 778 828 777 829 779 837 778 836 776 828 777 838 780 829 779 830 781 838 780 837 778 829 779 839 782 830 781 831 783 839 782 838 780 830 781 840 784 831 783 832 767 840 784 832 767 824 766 840 784 839 782 831 783 841 785 834 771 833 775 841 785 833 775 835 772 841 785 816 769 834 771 842 786 817 787 816 769 842 786 835 772 836 776 842 786 816 769 841 785 842 786 841 785 835 772 843 788 818 789 817 787 843 788 842 786 836 776 843 788 836 776 837 778 843 788 817 787 842 786 844 790 819 791 818 789 844 790 837 778 838 780 844 790 843 788 837 778 844 790 818 789 843 788 845 792 820 793 819 791 845 792 838 780 839 782 845 792 819 791 844 790 845 792 844 790 838 780 846 794 821 795 820 793 846 794 822 796 821 795 846 794 823 797 822 796 846 794 824 766 823 797 846 794 840 784 824 766 846 794 839 782 840 784 846 794 845 792 839 782 846 794 820 793 845 792 857 798 855 799 854 800 857 798 856 801 855 799 848 802 850 803 849 804 848 802 851 805 850 803 864 806 858 807 857 798 863 808 864 806 857 798 859 809 860 810 848 802 847 811 859 809 848 802 865 812 852 813 851 805 865 812 853 814 852 813 865 812 854 800 853 814 865 812 860 810 861 815 865 812 861 815 862 816 865 812 862 816 863 808 865 812 857 798 854 800 865 812 851 805 848 802 865 812 863 808 857 798 865 812 848 802 860 810 867 817 866 818 879 819 867 817 879 819 880 820 877 821 883 822 884 823 877 821 884 823 878 824 870 825 869 826 868 827 874 828 873 829 876 830 875 831 874 828 876 830 885 832 880 820 881 833 885 832 881 833 882 834 885 832 882 834 883 822 885 832 867 817 880 820 885 832 883 822 877 821 886 835 868 827 867 817 886 835 877 821 876 830 886 835 867 817 885 832 886 835 885 832 877 821 887 836 871 837 870 825 887 836 872 838 871 837 887 836 873 829 872 838 887 836 868 827 886 835 887 836 886 835 876 830 887 836 870 825 868 827 887 836 876 830 873 829 912 839 893 840 892 841 913 842 898 843 897 844 913 842 899 845 898 843 913 842 900 846 899 845 913 842 901 847 900 846 913 842 902 848 901 847 913 842 912 839 902 848 913 842 893 840 912 839 914 849 913 842 897 844 914 849 893 840 913 842 915 850 894 851 893 840 915 850 895 852 894 851 915 850 896 853 895 852 915 850 897 844 896 853 915 850 914 849 897 844 915 850 893 840 914 849 916 854 902 848 912 839 916 854 912 839 892 841 917 855 892 841 891 856 917 855 903 857 902 848 917 855 902 848 916 854 917 855 916 854 892 841 918 858 903 857 917 855 918 858 917 855 891 856 919 859 891 856 890 860 919 859 903 857 918 858 919 859 918 858 891 856 920 861 904 862 903 857 920 861 919 859 890 860 920 861 903 857 919 859 921 863 890 860 889 864 921 863 905 865 904 862 921 863 920 861 890 860 921 863 904 862 920 861 922 866 921 863 889 864 922 866 905 865 921 863 923 867 906 868 905 865 923 867 910 869 911 870 923 867 911 870 906 868 924 871 909 872 910 869 924 871 923 867 905 865 924 871 910 869 923 867 925 873 889 864 888 874 925 873 888 874 907 875 925 873 907 875 908 876 925 873 908 876 909 872 925 873 909 872 924 871 925 873 922 866 889 864 925 873 905 865 922 866 925 873 924 871 905 865 935 877 934 878 933 879 941 880 933 879 932 881 941 880 935 877 933 879 940 882 932 881 931 883 940 882 941 880 932 881 939 884 931 883 930 885 939 884 940 882 931 883 938 886 930 885 929 887 938 886 939 884 930 885 937 888 929 887 928 889 937 888 938 886 929 887 936 890 928 889 927 891 936 890 937 888 928 889 926 892 936 890 927 891 953 893 950 894 954 895 952 896 951 897 950 894 952 896 950 894 953 893 955 898 942 899 943 900 955 898 943 900 944 901 955 898 944 901 945 902 955 898 945 902 946 903 955 898 950 894 942 899 955 898 954 895 950 894 956 904 955 898 946 903 956 904 954 895 955 898 957 905 946 903 947 906 957 905 947 906 948 907 957 905 948 907 949 908 957 905 949 908 954 895 957 905 956 904 946 903 957 905 954 895 956 904 959 909 965 910 964 911 959 909 964 911 958 912 960 913 966 914 965 910 960 913 967 915 966 914 960 913 965 910 959 909 961 916 967 915 960 913 962 917 963 918 967 915 962 917 967 915 961 916 969 919 979 920 978 921 969 919 978 921 968 922 970 923 980 924 979 920 970 923 979 920 969 919 971 925 981 926 980 924 971 925 980 924 970 923 972 927 982 928 981 926 972 927 981 926 971 925 973 929 983 930 982 928 973 929 982 928 972 927 974 931 984 932 983 930 974 931 983 930 973 929 975 933 977 934 984 932 975 933 984 932 974 931 976 935 977 934 975 933 1018 936 1004 937 1003 938 1018 936 1005 939 1004 937 1006 940 1005 939 1018 936 1001 941 1002 942 1009 943 986 944 1010 945 985 946 991 947 993 948 990 949 992 950 993 948 991 947 1019 951 1007 952 1006 940 1019 951 1008 953 1007 952 1019 951 1009 943 1008 953 1019 951 1018 936 1017 954 1019 951 1006 940 1018 936 1019 951 1001 941 1009 943 1020 955 1000 956 1001 941 1020 955 1017 954 1016 957 1020 955 1019 951 1017 954 1020 955 1001 941 1019 951 1021 958 1020 955 1016 957 1021 958 1000 956 1020 955 1022 959 999 960 1000 956 1022 959 1000 956 1021 958 1022 959 1021 958 1016 957 1023 961 998 962 999 960 1023 961 1016 957 1015 963 1023 961 1022 959 1016 957 1023 961 999 960 1022 959 1024 964 1023 961 1015 963 1024 964 998 962 1023 961 1025 965 997 966 998 962 1025 965 1015 963 1014 967 1025 965 998 962 1024 964 1025 965 1024 964 1015 963 1026 968 997 966 1025 965 1026 968 1025 965 1014 967 1027 969 996 970 997 966 1027 969 1014 967 1013 971 1027 969 997 966 1026 968 1027 969 1026 968 1014 967 1028 972 1027 969 1013 971 1028 972 996 970 1027 969 1029 973 995 974 996 970 1029 973 1013 971 1012 975 1029 973 996 970 1028 972 1029 973 1028 972 1013 971 1030 976 995 974 1029 973 1030 976 1029 973 1012 975 1031 977 994 978 995 974 1031 977 1012 975 1011 979 1031 977 1030 976 1012 975 1031 977 995 974 1030 976 1032 980 994 978 1031 977 1032 980 1031 977 1011 979 1033 981 993 948 994 978 1033 981 1011 979 1010 945 1033 981 1032 980 1011 979 1033 981 994 978 1032 980 1034 982 990 949 993 948 1034 982 986 944 987 983 1034 982 987 983 988 984 1034 982 988 984 989 985 1034 982 989 985 990 949 1034 982 993 948 1033 981 1034 982 1033 981 1010 945 1034 982 1010 945 986 944 1043 986 1041 987 1042 988 1050 989 1040 990 1041 987 1050 989 1041 987 1043 986 1049 991 1039 992 1040 990 1049 991 1040 990 1050 989 1048 993 1038 994 1039 992 1048 993 1039 992 1049 991 1047 995 1037 996 1038 994 1047 995 1038 994 1048 993 1046 997 1036 998 1037 996 1046 997 1037 996 1047 995 1045 999 1035 1000 1036 998 1045 999 1036 998 1046 997 1044 1001 1035 1000 1045 999 1066 1002 1057 1003 1058 1004 1066 1002 1058 1004 1059 1005 1065 1006 1056 1007 1057 1003 1065 1006 1057 1003 1066 1002 1064 1008 1055 1009 1056 1007 1064 1008 1056 1007 1065 1006 1063 1010 1053 1011 1054 1012 1063 1010 1054 1012 1055 1009 1063 1010 1055 1009 1064 1008 1062 1013 1052 1014 1053 1011 1062 1013 1053 1011 1063 1010 1061 1015 1051 1016 1052 1014 1061 1015 1052 1014 1062 1013 1060 1017 1051 1016 1061 1015 1092 1018 1071 1019 1072 1020 1092 1018 1072 1020 1073 1021 1092 1018 1073 1021 1074 1022 1092 1018 1074 1022 1078 1023 1093 1024 1092 1018 1078 1023 1093 1024 1071 1019 1092 1018 1094 1025 1067 1026 1068 1027 1094 1025 1068 1027 1069 1028 1094 1025 1069 1028 1070 1029 1094 1025 1070 1029 1071 1019 1094 1025 1089 1030 1067 1026 1094 1025 1071 1019 1093 1024 1094 1025 1093 1024 1078 1023 1095 1031 1089 1030 1094 1025 1095 1031 1094 1025 1078 1023 1096 1032 1078 1023 1077 1033 1096 1032 1095 1031 1078 1023 1096 1032 1089 1030 1095 1031 1097 1034 1077 1033 1076 1035 1097 1034 1090 1036 1089 1030 1097 1034 1096 1032 1077 1033 1097 1034 1089 1030 1096 1032 1098 1037 1090 1036 1097 1034 1098 1037 1097 1034 1076 1035 1099 1038 1091 1039 1090 1036 1099 1038 1090 1036 1098 1037 1099 1038 1098 1037 1076 1035 1100 1040 1076 1035 1075 1041 1100 1040 1083 1042 1082 1043 1100 1040 1084 1044 1083 1042 1100 1040 1085 1045 1084 1044 1100 1040 1075 1041 1085 1045 1100 1040 1091 1039 1099 1038 1100 1040 1099 1038 1076 1035 1101 1046 1100 1040 1082 1043 1101 1046 1091 1039 1100 1040 1102 1047 1080 1048 1079 1049 1102 1047 1081 1050 1080 1048 1102 1047 1082 1043 1081 1050 1102 1047 1087 1051 1086 1052 1102 1047 1088 1053 1087 1051 1102 1047 1079 1049 1088 1053 1102 1047 1086 1052 1091 1039 1102 1047 1091 1039 1101 1046 1102 1047 1101 1046 1082 1043 1108 1054 1104 1055 1103 1056 1107 1057 1103 1056 1105 1058 1107 1057 1108 1054 1103 1056 1106 1059 1107 1057 1105 1058 1115 1060 1118 1061 1117 1062 1114 1063 1119 1064 1118 1061 1114 1063 1120 1065 1119 1064 1114 1063 1118 1061 1115 1060 1113 1066 1121 1067 1120 1065 1113 1066 1122 1068 1121 1067 1113 1066 1120 1065 1114 1063 1112 1069 1123 1070 1122 1068 1112 1069 1116 1071 1123 1070 1112 1069 1122 1068 1113 1066 1111 1072 1116 1071 1112 1069 1110 1073 1116 1071 1111 1072 1109 1074 1116 1071 1110 1073 1152 1075 1128 1076 1129 1077 1152 1075 1129 1077 1130 1078 1152 1075 1130 1078 1131 1079 1152 1075 1131 1079 1138 1080 1153 1081 1124 1082 1125 1083 1153 1081 1125 1083 1126 1084 1153 1081 1126 1084 1127 1085 1153 1081 1127 1085 1128 1076 1153 1081 1145 1086 1124 1082 1153 1081 1128 1076 1152 1075 1153 1081 1152 1075 1138 1080 1154 1087 1153 1081 1138 1080 1154 1087 1145 1086 1153 1081 1155 1088 1138 1080 1137 1089 1155 1088 1146 1090 1145 1086 1155 1088 1154 1087 1138 1080 1155 1088 1145 1086 1154 1087 1156 1091 1155 1088 1137 1089 1156 1091 1146 1090 1155 1088 1157 1092 1137 1089 1136 1093 1157 1092 1147 1094 1146 1090 1157 1092 1156 1091 1137 1089 1157 1092 1146 1090 1156 1091 1158 1095 1157 1092 1136 1093 1158 1095 1147 1094 1157 1092 1159 1096 1136 1093 1135 1097 1159 1096 1148 1098 1147 1094 1159 1096 1147 1094 1158 1095 1159 1096 1158 1095 1136 1093 1160 1099 1148 1098 1159 1096 1160 1099 1159 1096 1135 1097 1161 1100 1135 1097 1134 1101 1161 1100 1149 1102 1148 1098 1161 1100 1160 1099 1135 1097 1161 1100 1148 1098 1160 1099 1162 1103 1161 1100 1134 1101 1162 1103 1149 1102 1161 1100 1163 1104 1134 1101 1133 1105 1163 1104 1150 1106 1149 1102 1163 1104 1149 1102 1162 1103 1163 1104 1162 1103 1134 1101 1164 1107 1150 1106 1163 1104 1164 1107 1163 1104 1133 1105 1165 1108 1133 1105 1132 1109 1165 1108 1151 1110 1150 1106 1165 1108 1150 1106 1164 1107 1165 1108 1164 1107 1133 1105 1166 1111 1140 1112 1139 1113 1166 1111 1141 1114 1140 1112 1166 1111 1142 1115 1141 1114 1166 1111 1143 1116 1142 1115 1166 1111 1144 1117 1143 1116 1166 1111 1132 1109 1144 1117 1166 1111 1139 1113 1151 1110 1166 1111 1165 1108 1132 1109 1166 1111 1151 1110 1165 1108 1169 1118 1168 1119 1167 1120 1170 1121 1188 1122 1168 1119 1170 1121 1168 1119 1169 1118 1171 1123 1188 1122 1170 1121 1172 1124 1188 1122 1171 1123 1173 1125 1188 1122 1172 1124 1174 1126 1188 1122 1173 1125 1175 1127 1188 1122 1174 1126 1176 1128 1188 1122 1175 1127 1177 1129 1187 1130 1188 1122 1177 1129 1188 1122 1176 1128 1178 1131 1186 1132 1187 1130 1178 1131 1187 1130 1177 1129 1179 1133 1185 1134 1186 1132 1179 1133 1186 1132 1178 1131 1180 1135 1184 1136 1185 1134 1180 1135 1185 1134 1179 1133 1181 1137 1183 1138 1184 1136 1181 1137 1184 1136 1180 1135 1182 1139 1183 1138 1181 1137 1223 1140 1226 1140 1189 1140 1193 1141 1222 1141 1225 1141 1192 1142 1224 1142 1190 1142 1219 1143 1191 1143 1194 1143 1220 1144 1221 1144 1192 1144 1195 1145 1219 1145 1194 1145 1218 1146 1220 1146 1196 1146 1198 1147 1218 1147 1196 1147 1215 1148 1217 1148 1197 1148 1199 1149 1216 1149 1198 1149 1214 1150 1216 1150 1199 1150 1201 1151 1214 1151 1199 1151 1212 1152 1213 1152 1200 1152 1202 1153 1212 1153 1200 1153 1211 1154 1203 1154 1205 1154 1209 1155 1212 1155 1202 1155 1206 1156 1209 1156 1204 1156 1208 1157 1210 1157 1207 1157 1229 1158 1230 1159 1231 1160 1227 1161 1231 1160 1232 1162 1227 1161 1232 1162 1228 1163 1227 1161 1229 1158 1231 1160 1233 1164 1237 1164 1234 1164 1235 1165 1237 1165 1233 1165 1236 1166 1237 1166 1235 1166 1247 1167 1246 1167 1251 1167 1247 1168 1251 1168 1252 1168 1247 1169 1252 1169 1253 1169 1248 1170 1253 1170 1254 1170 1248 1171 1254 1171 1255 1171 1248 1172 1247 1172 1253 1172 1249 1173 1255 1173 1256 1173 1249 1174 1248 1174 1255 1174 1250 1175 1256 1175 1257 1175 1250 1176 1249 1176 1256 1176 1260 1177 1258 1177 1259 1177 1262 315 1260 315 1261 315 1241 1178 1258 1178 1260 1178 1241 315 1260 315 1262 315 1240 1179 1258 1179 1241 1179 1243 1180 1244 1180 1245 1180 1239 1181 1245 1181 1250 1181 1239 1182 1257 1182 1258 1182 1239 1183 1250 1183 1257 1183 1239 1184 1258 1184 1240 1184 1238 1185 1242 1185 1243 1185 1238 1186 1243 1186 1245 1186 1238 1187 1245 1187 1239 1187 1268 1188 1269 1189 1270 1190 1268 1188 1270 1190 1271 1191 1268 1188 1271 1191 1272 1192 1267 1193 1272 1192 1273 1194 1267 1193 1273 1194 1279 1195 1267 1193 1268 1188 1272 1192 1266 1196 1279 1195 1278 1197 1266 1196 1267 1193 1279 1195 1265 1198 1266 1196 1278 1197 1277 1199 1265 1198 1278 1197 1264 1200 1265 1198 1277 1199 1276 1201 1264 1200 1277 1199 1263 1202 1264 1200 1276 1201 1288 1203 1296 1204 1263 1202 1288 1203 1263 1202 1276 1201 1289 1205 1276 1201 1275 1206 1289 1205 1288 1203 1276 1201 1290 1207 1289 1205 1275 1206 1291 1208 1290 1207 1275 1206 1292 1209 1291 1208 1275 1206 1282 1210 1275 1206 1274 1211 1281 1212 1275 1206 1282 1210 1280 1213 1293 1214 1292 1209 1280 1213 1292 1209 1275 1206 1280 1213 1275 1206 1281 1212 1285 1215 1286 1216 1287 1217 1285 1215 1295 1218 1294 1219 1285 1215 1287 1217 1295 1218 1284 1220 1294 1219 1293 1214 1284 1220 1293 1214 1280 1213 1284 1220 1285 1215 1294 1219 1283 1221 1284 1220 1280 1213 1307 1222 1298 1222 1297 1222 1305 1223 1297 1223 1299 1223 1305 1224 1307 1224 1297 1224 1306 1225 1307 1225 1305 1225 1300 1226 1305 1226 1299 1226 1304 1227 1300 1227 1301 1227 1304 1228 1301 1228 1302 1228 1304 1229 1302 1229 1303 1229 1304 1230 1305 1230 1300 1230 1312 1231 1308 1232 1309 1233 1312 1231 1311 1234 1308 1232 1313 1235 1312 1231 1309 1233 1310 1236 1313 1235 1309 1233 1314 424 1316 424 1317 424 1314 1237 1317 1237 1318 1237 1322 1238 1315 1238 1319 1238 1324 1239 1315 1240 1322 1241 1325 1242 1323 1243 1321 1244 1327 1245 1320 1245 1329 1245 1326 1246 1321 1247 1328 1248 1326 1246 1325 1249 1321 1247 1353 1250 1351 1251 1350 1252 1353 1253 1352 1254 1351 1255 1338 1256 1333 1256 1331 1256 1340 1257 1344 1257 1343 1257 1341 1258 1347 1259 1345 1260 1339 1261 1349 1261 1346 1261 1337 1262 1350 1263 1348 1264 1336 1265 1342 1266 1332 1267 1337 1268 1353 1269 1350 1270 1334 1271 1337 1271 1330 1271 1335 1272 1337 1272 1334 1272 1359 1273 1358 1274 1357 1275 1360 1276 1357 1275 1356 1277 1360 1276 1359 1273 1357 1275 1361 1278 1356 1277 1355 1279 1361 1278 1360 1276 1356 1277 1362 1280 1355 1279 1354 1281 1362 1280 1361 1278 1355 1279 1363 1282 1362 1280 1354 1281 1364 1283 1371 1284 1370 1285 1365 1286 1370 1285 1369 1287 1365 1286 1364 1283 1370 1285 1366 1288 1369 1287 1368 1289 1366 1288 1365 1286 1369 1287 1367 1290 1366 1288 1368 1289 1372 1291 1378 1292 1377 1293 1373 1294 1377 1293 1376 1295 1373 1294 1372 1291 1377 1293 1375 1296 1373 1294 1376 1295 1374 1297 1373 1294 1375 1296 1381 1298 1383 1299 1382 1300 1379 1301 1381 1298 1380 1302 1379 1301 1384 1303 1383 1299 1379 1301 1385 1304 1384 1303 1379 1301 1383 1299 1381 1298 1386 1305 1388 1306 1387 1307 1386 1305 1389 1308 1388 1306 1386 1305 1390 1309 1389 1308 1386 1305 1391 1310 1390 1309 1392 1311 1398 1312 1397 1313 1392 1311 1399 1314 1398 1312 1393 1315 1397 1313 1396 1316 1393 1315 1392 1311 1397 1313 1395 1317 1394 1318 1393 1315 1395 1317 1393 1315 1396 1316 1404 1319 1406 1320 1405 1321 1404 1319 1407 1322 1406 1320 1403 1323 1408 1324 1407 1322 1403 1323 1407 1322 1404 1319 1402 1325 1409 1326 1408 1324 1402 1325 1408 1324 1403 1323 1401 1327 1410 1328 1409 1326 1401 1327 1409 1326 1402 1325 1400 1329 1410 1328 1401 1327 1418 1330 1428 1331 1419 1332 1417 1333 1427 1334 1428 1331 1417 1333 1428 1331 1418 1330 1416 1335 1425 1336 1426 1337 1416 1335 1426 1337 1427 1334 1416 1335 1427 1334 1417 1333 1415 1338 1424 1339 1425 1336 1415 1338 1425 1336 1416 1335 1414 1340 1422 1341 1423 1342 1414 1340 1423 1342 1424 1339 1414 1340 1424 1339 1415 1338 1413 1343 1421 1344 1422 1341 1413 1343 1422 1341 1414 1340 1412 1345 1420 1346 1421 1344 1412 1345 1421 1344 1413 1343 1411 1347 1420 1346 1412 1345 1445 1348 1446 1349 1431 1350 1444 1351 1445 1348 1432 1352 1443 1353 1444 1351 1433 1354 1436 1355 1434 1356 1435 1357 1437 1358 1434 1356 1436 1355 1438 1359 1434 1356 1437 1358 1439 1360 1434 1356 1438 1359 1440 1361 1434 1356 1439 1360 1441 1362 1434 1356 1440 1361 1442 1363 1443 1353 1434 1356 1442 1363 1434 1356 1441 1362 1458 1364 1451 1365 1429 1366 1458 1364 1452 1367 1451 1365 1459 1368 1453 1369 1452 1367 1459 1368 1458 1364 1429 1366 1459 1368 1452 1367 1458 1364 1460 1370 1454 1371 1453 1369 1460 1370 1459 1368 1429 1366 1460 1370 1453 1369 1459 1368 1461 1372 1455 1373 1454 1371 1461 1372 1460 1370 1429 1366 1461 1372 1454 1371 1460 1370 1462 1374 1447 1375 1448 1376 1462 1374 1448 1376 1449 1377 1462 1374 1449 1377 1450 1378 1462 1374 1456 1379 1455 1373 1462 1374 1457 1380 1456 1379 1462 1374 1450 1378 1457 1380 1462 1374 1455 1373 1461 1372 1462 1374 1461 1372 1429 1366 1463 1381 1429 1366 1430 1382 1464 1383 1429 1366 1463 1381 1465 1384 1429 1366 1464 1383 1466 1385 1429 1366 1465 1384 1466 1385 1462 1374 1429 1366 1466 1385 1447 1375 1462 1374 1467 1386 1463 1381 1430 1382 1468 1387 1463 1381 1467 1386 1469 1388 1463 1381 1468 1387 1470 1389 1465 1384 1464 1383 1470 1389 1463 1381 1469 1388 1470 1389 1464 1383 1463 1381 1471 1390 1465 1384 1470 1389 1472 1391 1446 1349 1447 1375 1472 1391 1447 1375 1466 1385 1472 1391 1466 1385 1465 1384 1472 1391 1465 1384 1471 1390 1473 1392 1430 1382 1431 1350 1473 1392 1469 1388 1468 1387 1473 1392 1468 1387 1467 1386 1473 1392 1467 1386 1430 1382 1474 1393 1473 1392 1431 1350 1474 1393 1469 1388 1473 1392 1474 1393 1470 1389 1469 1388 1475 1394 1474 1393 1431 1350 1475 1394 1470 1389 1474 1393 1475 1394 1471 1390 1470 1389 1475 1394 1472 1391 1471 1390 1476 1395 1475 1394 1431 1350 1476 1395 1472 1391 1475 1394 1476 1395 1431 1350 1446 1349 1476 1395 1446 1349 1472 1391 1477 1396 1431 1350 1432 1352 1478 1397 1431 1350 1477 1396 1478 1397 1477 1396 1432 1352 1479 1398 1431 1350 1478 1397 1479 1398 1478 1397 1432 1352 1480 1399 1431 1350 1479 1398 1480 1399 1479 1398 1432 1352 1480 1399 1432 1352 1445 1348 1480 1399 1445 1348 1431 1350 1481 1400 1432 1352 1433 1354 1482 1401 1432 1352 1481 1400 1482 1401 1481 1400 1433 1354 1483 1402 1432 1352 1482 1401 1483 1402 1482 1401 1433 1354 1484 1403 1432 1352 1483 1402 1484 1403 1483 1402 1433 1354 1485 1404 1432 1352 1484 1403 1485 1404 1484 1403 1433 1354 1485 1404 1433 1354 1444 1351 1485 1404 1444 1351 1432 1352 1486 1405 1433 1354 1434 1356 1487 1406 1433 1354 1486 1405 1487 1406 1486 1405 1434 1356 1488 1407 1433 1354 1487 1406 1488 1407 1487 1406 1434 1356 1489 1408 1433 1354 1488 1407 1489 1408 1488 1407 1434 1356 1490 1409 1433 1354 1489 1408 1490 1409 1489 1408 1434 1356 1490 1409 1443 1353 1433 1354 1490 1409 1434 1356 1443 1353 1498 1410 1499 1411 1500 1412 1498 1410 1500 1412 1501 1413 1497 1414 1501 1413 1502 1415 1497 1414 1498 1410 1501 1413 1496 1416 1502 1415 1503 1417 1496 1416 1503 1417 1504 1418 1496 1416 1497 1414 1502 1415 1495 1419 1504 1418 1505 1420 1495 1419 1496 1416 1504 1418 1494 1421 1505 1420 1506 1422 1494 1421 1495 1419 1505 1420 1493 1423 1506 1422 1491 1424 1493 1423 1494 1421 1506 1422 1492 1425 1493 1423 1491 1424 1520 1426 1522 1427 1519 1428 1521 1429 1522 1427 1520 1426 1523 1430 1512 1431 1511 1432 1523 1430 1513 1433 1512 1431 1523 1430 1514 1434 1513 1433 1523 1430 1515 1435 1514 1434 1524 1436 1509 1437 1510 1438 1524 1436 1516 1439 1515 1435 1524 1436 1517 1440 1516 1439 1524 1436 1510 1438 1517 1440 1524 1436 1515 1435 1523 1430 1524 1436 1523 1430 1509 1437 1525 1441 1508 1442 1509 1437 1525 1441 1511 1432 1518 1443 1525 1441 1523 1430 1511 1432 1525 1441 1509 1437 1523 1430 1526 1444 1508 1442 1525 1441 1526 1444 1525 1441 1518 1443 1527 1445 1507 1446 1508 1442 1527 1445 1526 1444 1518 1443 1527 1445 1508 1442 1526 1444 1528 1447 1518 1443 1519 1428 1528 1447 1522 1427 1507 1446 1528 1447 1527 1445 1518 1443 1528 1447 1507 1446 1527 1445 1528 1447 1519 1428 1522 1427 1535 1448 1531 1449 1530 1450 1535 1448 1532 1451 1531 1449 1535 1448 1536 1452 1532 1451 1534 1453 1530 1450 1529 1454 1534 1453 1535 1448 1530 1450 1533 1455 1534 1453 1529 1454 1540 1456 1541 1457 1551 1458 1544 1459 1543 1460 1548 1461 1547 1462 1545 1463 1544 1459 1547 1462 1544 1459 1548 1461 1546 1464 1545 1463 1547 1462 1560 1465 1541 1457 1542 1466 1560 1465 1542 1466 1554 1467 1560 1465 1551 1458 1541 1457 1561 1468 1554 1467 1555 1469 1561 1468 1551 1458 1560 1465 1561 1468 1560 1465 1554 1467 1562 1470 1555 1469 1556 1471 1562 1470 1561 1468 1555 1469 1562 1470 1551 1458 1561 1468 1563 1472 1556 1471 1557 1473 1563 1472 1551 1458 1562 1470 1563 1472 1562 1470 1556 1471 1564 1474 1557 1473 1558 1475 1564 1474 1563 1472 1557 1473 1564 1474 1551 1458 1563 1472 1565 1476 1550 1477 1551 1458 1565 1476 1558 1475 1559 1478 1565 1476 1559 1478 1550 1477 1565 1476 1551 1458 1564 1474 1565 1476 1564 1474 1558 1475 1566 1479 1540 1456 1551 1458 1567 1480 1566 1479 1551 1458 1568 1481 1567 1480 1551 1458 1569 1482 1568 1481 1551 1458 1570 1483 1569 1482 1551 1458 1571 1484 1551 1458 1552 1485 1571 1484 1570 1483 1551 1458 1572 1486 1539 1487 1540 1456 1572 1486 1540 1456 1566 1479 1572 1486 1567 1480 1568 1481 1572 1486 1566 1479 1567 1480 1572 1486 1568 1481 1569 1482 1573 1488 1569 1482 1570 1483 1573 1488 1572 1486 1569 1482 1574 1489 1571 1484 1552 1485 1574 1489 1570 1483 1571 1484 1574 1489 1573 1488 1570 1483 1575 1490 1539 1487 1572 1486 1576 1491 1575 1490 1572 1486 1577 1492 1576 1491 1572 1486 1578 1493 1577 1492 1572 1486 1579 1494 1572 1486 1573 1488 1579 1494 1578 1493 1572 1486 1580 1495 1579 1494 1573 1488 1580 1495 1552 1485 1553 1496 1580 1495 1574 1489 1552 1485 1580 1495 1573 1488 1574 1489 1581 1497 1538 1498 1539 1487 1581 1497 1539 1487 1575 1490 1581 1497 1575 1490 1576 1491 1581 1497 1576 1491 1577 1492 1581 1497 1577 1492 1578 1493 1582 1499 1578 1493 1579 1494 1582 1499 1581 1497 1578 1493 1583 1500 1580 1495 1553 1496 1583 1500 1582 1499 1579 1494 1583 1500 1579 1494 1580 1495 1584 1501 1538 1498 1581 1497 1585 1502 1584 1501 1581 1497 1586 1503 1585 1502 1581 1497 1587 1504 1586 1503 1581 1497 1588 1505 1581 1497 1582 1499 1588 1505 1587 1504 1581 1497 1589 1506 1582 1499 1583 1500 1589 1506 1553 1496 1549 1507 1589 1506 1588 1505 1582 1499 1589 1506 1583 1500 1553 1496 1590 1508 1537 1509 1538 1498 1590 1508 1543 1460 1537 1509 1590 1508 1585 1502 1586 1503 1590 1508 1538 1498 1584 1501 1590 1508 1584 1501 1585 1502 1590 1508 1586 1503 1587 1504 1590 1508 1548 1461 1543 1460 1591 1510 1548 1461 1590 1508 1591 1510 1587 1504 1588 1505 1591 1510 1590 1508 1587 1504 1592 1511 1549 1507 1548 1461 1592 1511 1589 1506 1549 1507 1592 1511 1588 1505 1589 1506 1592 1511 1548 1461 1591 1510 1592 1511 1591 1510 1588 1505 1613 1512 1597 1513 1598 1514 1613 1512 1598 1514 1599 1515 1613 1512 1599 1515 1600 1516 1613 1512 1606 1517 1597 1513 1614 1518 1606 1517 1613 1512 1614 1518 1613 1512 1600 1516 1615 1519 1593 1520 1594 1521 1615 1519 1600 1516 1601 1522 1615 1519 1601 1522 1602 1523 1615 1519 1602 1523 1603 1524 1615 1519 1603 1524 1593 1520 1615 1519 1606 1517 1614 1518 1615 1519 1614 1518 1600 1516 1616 1525 1605 1526 1606 1517 1616 1525 1615 1519 1594 1521 1616 1525 1606 1517 1615 1519 1617 1527 1616 1525 1594 1521 1617 1527 1605 1526 1616 1525 1618 1528 1594 1521 1595 1529 1618 1528 1617 1527 1594 1521 1618 1528 1605 1526 1617 1527 1619 1530 1604 1531 1605 1526 1619 1530 1607 1532 1604 1531 1619 1530 1608 1533 1607 1532 1619 1530 1609 1534 1608 1533 1619 1530 1610 1535 1609 1534 1619 1530 1605 1526 1618 1528 1619 1530 1618 1528 1595 1529 1620 1536 1610 1535 1619 1530 1620 1536 1619 1530 1595 1529 1621 1537 1595 1529 1596 1538 1621 1537 1611 1539 1610 1535 1621 1537 1612 1540 1611 1539 1621 1537 1596 1538 1612 1540 1621 1537 1620 1536 1595 1529 1621 1537 1610 1535 1620 1536 1623 1541 1632 1542 1622 1543 1636 1544 1633 1545 1634 1546 1642 1547 1626 1548 1627 1549 1642 1547 1635 1550 1626 1548 1643 1551 1627 1549 1628 1552 1643 1551 1642 1547 1627 1549 1644 1553 1628 1552 1629 1554 1644 1553 1643 1551 1628 1552 1645 1555 1629 1554 1630 1556 1645 1555 1644 1553 1629 1554 1646 1557 1630 1556 1631 1558 1646 1557 1645 1555 1630 1556 1647 1559 1634 1546 1635 1550 1647 1559 1637 1560 1636 1544 1647 1559 1635 1550 1642 1547 1647 1559 1636 1544 1634 1546 1648 1561 1631 1558 1632 1542 1648 1561 1646 1557 1631 1558 1648 1561 1632 1542 1623 1541 1649 1562 1638 1563 1637 1560 1649 1562 1637 1560 1647 1559 1649 1562 1647 1559 1642 1547 1649 1562 1642 1547 1643 1551 1650 1564 1639 1565 1638 1563 1650 1564 1649 1562 1643 1551 1650 1564 1638 1563 1649 1562 1650 1564 1643 1551 1644 1553 1651 1566 1640 1567 1639 1565 1651 1566 1644 1553 1645 1555 1651 1566 1650 1564 1644 1553 1651 1566 1639 1565 1650 1564 1652 1568 1641 1569 1640 1567 1652 1568 1640 1567 1651 1566 1652 1568 1645 1555 1646 1557 1652 1568 1651 1566 1645 1555 1653 1570 1623 1541 1624 1571 1653 1570 1624 1571 1625 1572 1653 1570 1625 1572 1641 1569 1653 1570 1641 1569 1652 1568 1653 1570 1648 1561 1623 1541 1653 1570 1646 1557 1648 1561 1653 1570 1652 1568 1646 1557 1656 1573 1657 1574 1668 1575 1664 1576 1663 1577 1667 1578 1674 1579 1656 1573 1668 1575 1675 1580 1668 1575 1669 1581 1675 1580 1674 1579 1668 1575 1676 1582 1669 1581 1670 1583 1676 1582 1675 1580 1669 1581 1677 1584 1670 1583 1671 1585 1677 1584 1676 1582 1670 1583 1678 1586 1671 1585 1672 1587 1678 1586 1677 1584 1671 1585 1679 1588 1665 1589 1666 1590 1679 1588 1672 1587 1673 1591 1679 1588 1673 1591 1665 1589 1679 1588 1678 1586 1672 1587 1680 1592 1654 1593 1655 1594 1680 1592 1655 1594 1656 1573 1680 1592 1658 1595 1654 1593 1680 1592 1656 1573 1674 1579 1681 1596 1659 1597 1658 1595 1681 1596 1658 1595 1680 1592 1681 1596 1674 1579 1675 1580 1681 1596 1680 1592 1674 1579 1682 1598 1660 1599 1659 1597 1682 1598 1675 1580 1676 1582 1682 1598 1659 1597 1681 1596 1682 1598 1681 1596 1675 1580 1683 1600 1661 1601 1660 1599 1683 1600 1682 1598 1676 1582 1683 1600 1676 1582 1677 1584 1683 1600 1660 1599 1682 1598 1684 1602 1662 1603 1661 1601 1684 1602 1677 1584 1678 1586 1684 1602 1661 1601 1683 1600 1684 1602 1683 1600 1677 1584 1685 1604 1663 1577 1662 1603 1685 1604 1666 1590 1667 1578 1685 1604 1678 1586 1679 1588 1685 1604 1679 1588 1666 1590 1685 1604 1662 1603 1684 1602 1685 1604 1684 1602 1678 1586 1685 1604 1667 1578 1663 1577 1697 1605 1689 1606 1690 1607 1697 1605 1690 1607 1691 1608 1687 1609 1694 1610 1695 1611 1687 1609 1695 1611 1686 1612 1698 1613 1696 1614 1697 1605 1699 1615 1698 1613 1697 1605 1703 1616 1702 1617 1687 1609 1688 1618 1703 1616 1687 1609 1704 1619 1691 1608 1692 1620 1704 1619 1692 1620 1693 1621 1704 1619 1693 1621 1694 1610 1704 1619 1700 1622 1699 1615 1704 1619 1701 1623 1700 1622 1704 1619 1702 1617 1701 1623 1704 1619 1694 1610 1687 1609 1704 1619 1697 1605 1691 1608 1704 1619 1699 1615 1697 1605 1704 1619 1687 1609 1702 1617 1707 1624 1723 1625 1722 1626 1707 1624 1708 1627 1723 1625 1716 1628 1718 1629 1715 1630 1716 1628 1719 1631 1718 1629 1714 1632 1705 1633 1706 1634 1713 1635 1714 1632 1706 1634 1709 1636 1710 1637 1717 1638 1724 1639 1720 1640 1719 1631 1724 1639 1721 1641 1720 1640 1724 1639 1722 1626 1721 1641 1724 1639 1719 1631 1716 1628 1724 1639 1707 1624 1722 1626 1725 1642 1706 1634 1707 1624 1725 1642 1716 1628 1717 1638 1725 1642 1707 1624 1724 1639 1725 1642 1724 1639 1716 1628 1726 1643 1710 1637 1711 1644 1726 1643 1711 1644 1712 1645 1726 1643 1712 1645 1713 1635 1726 1643 1725 1642 1717 1638 1726 1643 1706 1634 1725 1642 1726 1643 1713 1635 1706 1634 1726 1643 1717 1638 1710 1637 1751 1646 1744 1647 1745 1648 1752 1649 1733 1650 1734 1651 1752 1649 1734 1651 1735 1652 1752 1649 1735 1652 1736 1653 1752 1649 1745 1648 1733 1650 1753 1654 1752 1649 1736 1653 1753 1654 1745 1648 1752 1649 1754 1655 1727 1656 1728 1657 1754 1655 1736 1653 1737 1658 1754 1655 1737 1658 1738 1659 1754 1655 1738 1659 1739 1660 1754 1655 1739 1660 1727 1656 1754 1655 1753 1654 1736 1653 1754 1655 1728 1657 1751 1646 1754 1655 1751 1646 1745 1648 1754 1655 1745 1648 1753 1654 1755 1661 1751 1646 1728 1657 1755 1661 1744 1647 1751 1646 1756 1662 1728 1657 1729 1663 1756 1662 1743 1664 1744 1647 1756 1662 1755 1661 1728 1657 1756 1662 1744 1647 1755 1661 1757 1665 1756 1662 1729 1663 1757 1665 1743 1664 1756 1662 1758 1666 1742 1667 1743 1664 1758 1666 1757 1665 1729 1663 1758 1666 1743 1664 1757 1665 1759 1668 1729 1663 1730 1669 1759 1668 1742 1667 1758 1666 1759 1668 1758 1666 1729 1663 1760 1670 1730 1669 1731 1671 1760 1670 1741 1672 1742 1667 1760 1670 1742 1667 1759 1668 1760 1670 1759 1668 1730 1669 1761 1673 1760 1670 1731 1671 1761 1673 1741 1672 1760 1670 1762 1674 1740 1675 1741 1672 1762 1674 1746 1676 1740 1675 1762 1674 1747 1677 1746 1676 1762 1674 1748 1678 1747 1677 1762 1674 1741 1672 1761 1673 1762 1674 1761 1673 1731 1671 1763 1679 1749 1680 1748 1678 1763 1679 1762 1674 1731 1671 1763 1679 1748 1678 1762 1674 1764 1681 1731 1671 1732 1682 1764 1681 1750 1683 1749 1680 1764 1681 1732 1682 1750 1683 1764 1681 1763 1679 1731 1671 1764 1681 1749 1680 1763 1679 1775 1684 1767 1685 1768 1686 1775 1684 1774 1687 1767 1685 1776 1688 1768 1686 1769 1689 1776 1688 1775 1684 1768 1686 1777 1690 1769 1689 1770 1691 1777 1690 1776 1688 1769 1689 1778 1692 1770 1691 1771 1693 1778 1692 1777 1690 1770 1691 1779 1694 1771 1693 1772 1695 1779 1694 1778 1692 1771 1693 1780 1696 1772 1695 1773 1697 1780 1696 1779 1694 1772 1695 1766 1698 1773 1697 1765 1699 1766 1698 1780 1696 1773 1697 1784 1700 1792 1701 1793 1702 1781 1703 1792 1701 1784 1700 1782 1704 1781 1703 1784 1700 1794 1705 1789 1706 1788 1707 1794 1705 1790 1708 1789 1706 1794 1705 1791 1709 1790 1708 1794 1705 1793 1702 1791 1709 1795 1710 1793 1702 1794 1705 1795 1710 1794 1705 1788 1707 1796 1711 1783 1712 1784 1700 1796 1711 1785 1713 1783 1712 1796 1711 1786 1714 1785 1713 1796 1711 1787 1715 1786 1714 1796 1711 1788 1707 1787 1715 1796 1711 1795 1710 1788 1707 1796 1711 1784 1700 1793 1702 1796 1711 1793 1702 1795 1710 1798 1716 1815 1717 1816 1718 1798 1716 1816 1718 1797 1719 1809 1720 1810 1721 1811 1722 1801 1723 1799 1724 1800 1725 1807 1726 1799 1724 1801 1723 1802 1727 1808 1728 1803 1729 1817 1730 1811 1722 1812 1731 1817 1730 1812 1731 1813 1732 1817 1730 1813 1732 1814 1733 1817 1730 1814 1733 1815 1717 1817 1730 1815 1717 1798 1716 1817 1730 1809 1720 1811 1722 1818 1734 1798 1716 1799 1724 1818 1734 1808 1728 1809 1720 1818 1734 1817 1730 1798 1716 1818 1734 1809 1720 1817 1730 1819 1735 1804 1736 1803 1729 1819 1735 1805 1737 1804 1736 1819 1735 1806 1738 1805 1737 1819 1735 1807 1726 1806 1738 1819 1735 1808 1728 1818 1734 1819 1735 1818 1734 1799 1724 1819 1735 1799 1724 1807 1726 1819 1735 1803 1729 1808 1728 1829 1739 1821 1740 1820 1741 1829 1739 1820 1741 1827 1742 1829 1739 1827 1742 1828 1743 1830 1744 1822 1745 1821 1740 1830 1744 1821 1740 1829 1739 1831 1746 1823 1747 1822 1745 1831 1746 1822 1745 1830 1744 1832 1748 1824 1749 1823 1747 1832 1748 1823 1747 1831 1746 1833 1750 1825 1751 1824 1749 1833 1750 1824 1749 1832 1748 1834 1752 1826 1753 1825 1751 1834 1752 1825 1751 1833 1750 1838 1754 1837 1755 1843 1756 1844 1757 1838 1754 1843 1756 1845 1758 1839 1759 1838 1754 1845 1758 1838 1754 1844 1757 1846 1760 1840 1761 1839 1759 1846 1760 1839 1759 1845 1758 1847 1762 1841 1763 1840 1761 1847 1762 1840 1761 1846 1760 1848 1764 1842 1765 1841 1763 1848 1764 1841 1763 1847 1762 1849 1766 1842 1765 1848 1764 1850 1767 1836 1768 1842 1765 1850 1767 1842 1765 1849 1766 1835 1769 1836 1768 1850 1767 1857 1770 1864 1771 1865 1772 1856 1773 1863 1774 1864 1771 1856 1773 1864 1771 1857 1770 1855 1775 1862 1776 1863 1774 1855 1775 1863 1774 1856 1773 1854 1777 1861 1778 1862 1776 1854 1777 1862 1776 1855 1775 1853 1779 1860 1780 1861 1778 1853 1779 1861 1778 1854 1777 1852 1781 1859 1782 1860 1780 1852 1781 1860 1780 1853 1779 1851 1783 1858 1784 1859 1782 1851 1783 1859 1782 1852 1781 1875 1785 1869 1786 1868 1787 1876 1788 1870 1789 1869 1786 1876 1788 1869 1786 1875 1785 1877 1790 1871 1791 1870 1789 1877 1790 1870 1789 1876 1788 1878 1792 1872 1793 1871 1791 1878 1792 1871 1791 1877 1790 1879 1794 1873 1795 1872 1793 1879 1794 1872 1793 1878 1792 1880 1796 1874 1797 1873 1795 1880 1796 1873 1795 1879 1794 1866 1798 1867 1799 1874 1797 1866 1798 1874 1797 1880 1796 1881 1800 1866 1798 1880 1796 1888 1801 1895 1802 1896 1803 1887 1804 1894 1805 1895 1802 1887 1804 1895 1802 1888 1801 1886 1806 1893 1807 1894 1805 1886 1806 1894 1805 1887 1804 1885 1808 1892 1809 1893 1807 1885 1808 1893 1807 1886 1806 1884 1810 1891 1811 1892 1809 1884 1810 1892 1809 1885 1808 1883 1812 1890 1813 1891 1811 1883 1812 1891 1811 1884 1810 1882 1814 1889 1815 1890 1813 1882 1814 1890 1813 1883 1812 1906 1816 1900 1817 1899 1818 1907 1819 1901 1820 1900 1817 1907 1819 1900 1817 1906 1816 1908 1821 1902 1822 1901 1820 1908 1821 1901 1820 1907 1819 1909 1823 1903 1824 1902 1822 1909 1823 1902 1822 1908 1821 1910 1825 1904 1826 1903 1824 1910 1825 1903 1824 1909 1823 1911 1827 1905 1828 1904 1826 1911 1827 1904 1826 1910 1825 1897 1829 1898 1830 1905 1828 1897 1829 1905 1828 1911 1827 1912 1831 1897 1829 1911 1827 1922 1832 1919 1833 1920 1834 1922 1832 1920 1834 1921 1835 1923 1836 1918 1837 1919 1833 1923 1836 1919 1833 1922 1832 1924 1838 1917 1839 1918 1837 1924 1838 1918 1837 1923 1836 1925 1840 1916 1841 1917 1839 1925 1840 1917 1839 1924 1838 1926 1842 1915 1843 1916 1841 1926 1842 1916 1841 1925 1840 1927 1844 1914 1845 1915 1843 1927 1844 1915 1843 1926 1842 1928 1846 1913 1847 1914 1845 1928 1846 1914 1845 1927 1844 1930 1848 1961 1849 1929 1850 1954 1851 1955 1852 1956 1853 1954 1851 1956 1853 1957 1854 1954 1851 1957 1854 1958 1855 1945 1856 1937 1857 1938 1858 1944 1859 1937 1857 1945 1856 1939 1860 1946 1861 1940 1862 1962 1863 1953 1864 1954 1851 1962 1863 1958 1855 1959 1865 1962 1863 1959 1865 1960 1866 1962 1863 1960 1866 1961 1849 1962 1863 1954 1851 1958 1855 1962 1863 1961 1849 1930 1848 1963 1867 1930 1848 1931 1868 1963 1867 1952 1869 1953 1864 1963 1867 1962 1863 1930 1848 1963 1867 1953 1864 1962 1863 1964 1870 1952 1869 1963 1867 1964 1870 1963 1867 1931 1868 1965 1871 1931 1868 1932 1872 1965 1871 1951 1873 1952 1869 1965 1871 1952 1869 1964 1870 1965 1871 1964 1870 1931 1868 1966 1874 1932 1872 1933 1875 1966 1874 1951 1873 1965 1871 1966 1874 1965 1871 1932 1872 1967 1876 1951 1873 1966 1874 1967 1876 1966 1874 1933 1875 1968 1877 1933 1875 1934 1878 1968 1877 1950 1879 1951 1873 1968 1877 1967 1876 1933 1875 1968 1877 1951 1873 1967 1876 1969 1880 1949 1881 1950 1879 1969 1880 1968 1877 1934 1878 1969 1880 1950 1879 1968 1877 1970 1882 1969 1880 1934 1878 1970 1882 1949 1881 1969 1880 1971 1883 1934 1878 1935 1884 1971 1883 1948 1885 1949 1881 1971 1883 1970 1882 1934 1878 1971 1883 1949 1881 1970 1882 1972 1886 1948 1885 1971 1883 1972 1886 1971 1883 1935 1884 1973 1887 1935 1884 1936 1888 1973 1887 1947 1889 1948 1885 1973 1887 1948 1885 1972 1886 1973 1887 1972 1886 1935 1884 1974 1890 1946 1861 1947 1889 1974 1890 1973 1887 1936 1888 1974 1890 1947 1889 1973 1887 1975 1891 1936 1888 1937 1857 1975 1891 1946 1861 1974 1890 1975 1891 1974 1890 1936 1888 1976 1892 1940 1862 1946 1861 1976 1892 1946 1861 1975 1891 1976 1892 1941 1893 1940 1862 1976 1892 1942 1894 1941 1893 1976 1892 1943 1895 1942 1894 1976 1892 1944 1859 1943 1895 1976 1892 1975 1891 1937 1857 1976 1892 1937 1857 1944 1859 1986 1896 1978 1897 1977 1898 1986 1896 1977 1898 1985 1899 1987 1900 1979 1901 1978 1897 1987 1900 1978 1897 1986 1896 1988 1902 1980 1903 1979 1901 1988 1902 1979 1901 1987 1900 1989 1904 1981 1905 1980 1903 1989 1904 1980 1903 1988 1902 1990 1906 1982 1907 1981 1905 1990 1906 1981 1905 1989 1904 1991 1908 1983 1909 1982 1907 1991 1908 1982 1907 1990 1906 1992 1910 1984 1911 1983 1909 1992 1910 1983 1909 1991 1908 2002 1912 1994 1913 1993 1914 2002 1912 1993 1914 2001 1915 2003 1916 1995 1917 1994 1913 2003 1916 1994 1913 2002 1912 2004 1918 1996 1919 1995 1917 2004 1918 1997 1920 1996 1919 2004 1918 1995 1917 2003 1916 2005 1921 1998 1922 1997 1920 2005 1921 1997 1920 2004 1918 2006 1923 1999 1924 1998 1922 2006 1923 1998 1922 2005 1921 2007 1925 2000 1926 1999 1924 2007 1925 1999 1924 2006 1923 2008 1927 2000 1926 2007 1925 2034 1928 2010 1929 2009 1930 2034 1928 2011 1931 2010 1929 2034 1928 2012 1932 2011 1931 2034 1928 2013 1933 2012 1932 2034 1928 2009 1930 2017 1934 2035 1935 2013 1933 2034 1928 2035 1935 2034 1928 2033 1936 2036 1937 2014 1938 2013 1933 2036 1937 2015 1939 2014 1938 2036 1937 2016 1940 2015 1939 2036 1937 2033 1936 2016 1940 2036 1937 2013 1933 2035 1935 2036 1937 2035 1935 2033 1936 2037 1941 2034 1928 2017 1934 2037 1941 2033 1936 2034 1928 2038 1942 2032 1943 2033 1936 2038 1942 2033 1936 2037 1941 2038 1942 2037 1941 2017 1934 2039 1944 2017 1934 2018 1945 2039 1944 2031 1946 2032 1943 2039 1944 2038 1942 2017 1934 2039 1944 2032 1943 2038 1942 2040 1947 2031 1946 2039 1944 2040 1947 2039 1944 2018 1945 2041 1948 2018 1945 2019 1949 2041 1948 2040 1947 2018 1945 2041 1948 2031 1946 2040 1947 2042 1950 2019 1949 2020 1951 2042 1950 2020 1951 2021 1952 2042 1950 2021 1952 2022 1953 2042 1950 2022 1953 2023 1954 2042 1950 2023 1954 2024 1955 2042 1950 2024 1955 2025 1956 2042 1950 2025 1956 2026 1957 2043 1958 2019 1949 2042 1950 2043 1958 2042 1950 2026 1957 2044 1959 2026 1957 2027 1960 2044 1959 2027 1960 2028 1961 2044 1959 2028 1961 2029 1962 2044 1959 2029 1962 2030 1963 2044 1959 2030 1963 2031 1946 2044 1959 2031 1946 2041 1948 2044 1959 2041 1948 2019 1949 2044 1959 2043 1958 2026 1957 2044 1959 2019 1949 2043 1958 2056 1964 2046 1965 2045 1966 2056 1964 2045 1966 2047 1967 2057 1968 2047 1967 2048 1969 2057 1968 2048 1969 2049 1970 2057 1968 2056 1964 2047 1967 2058 1971 2049 1970 2050 1972 2058 1971 2057 1968 2049 1970 2059 1973 2050 1972 2051 1974 2059 1973 2058 1971 2050 1972 2060 1975 2051 1974 2052 1976 2060 1975 2059 1973 2051 1974 2061 1977 2052 1976 2053 1978 2061 1977 2060 1975 2052 1976 2055 1979 2053 1978 2054 1980 2055 1979 2061 1977 2053 1978 2063 1981 2076 1982 2062 1983 2064 1984 2076 1982 2063 1981 2065 1985 2074 1986 2075 1987 2065 1985 2075 1987 2076 1982 2065 1985 2076 1982 2064 1984 2066 1988 2072 1989 2073 1990 2066 1988 2073 1990 2074 1986 2066 1988 2074 1986 2065 1985 2067 1991 2070 1992 2071 1993 2067 1991 2071 1993 2072 1989 2067 1991 2072 1989 2066 1988 2068 1994 2069 1995 2070 1992 2068 1994 2070 1992 2067 1991 2105 1996 2078 1997 2077 1998 2105 1996 2079 1999 2078 1997 2105 1996 2080 2000 2079 1999 2105 1996 2081 2001 2080 2000 2105 1996 2077 1998 2085 2002 2106 2003 2082 2004 2081 2001 2106 2003 2083 2005 2082 2004 2106 2003 2084 2006 2083 2005 2106 2003 2104 2007 2084 2006 2106 2003 2081 2001 2105 1996 2106 2003 2105 1996 2104 2007 2107 2008 2105 1996 2085 2002 2107 2008 2104 2007 2105 1996 2108 2009 2085 2002 2086 2010 2108 2009 2103 2011 2104 2007 2108 2009 2107 2008 2085 2002 2108 2009 2104 2007 2107 2008 2109 2012 2103 2011 2108 2009 2109 2012 2108 2009 2086 2010 2110 2013 2086 2010 2087 2014 2110 2013 2102 2015 2103 2011 2110 2013 2103 2011 2109 2012 2110 2013 2109 2012 2086 2010 2111 2016 2110 2013 2087 2014 2111 2016 2102 2015 2110 2013 2112 2017 2087 2014 2088 2018 2112 2017 2101 2019 2102 2015 2112 2017 2111 2016 2087 2014 2112 2017 2102 2015 2111 2016 2113 2020 2101 2019 2112 2017 2113 2020 2112 2017 2088 2018 2114 2021 2088 2018 2089 2022 2114 2021 2100 2023 2101 2019 2114 2021 2101 2019 2113 2020 2114 2021 2113 2020 2088 2018 2115 2024 2100 2023 2114 2021 2115 2024 2114 2021 2089 2022 2116 2025 2089 2022 2090 2026 2116 2025 2099 2027 2100 2023 2116 2025 2115 2024 2089 2022 2116 2025 2100 2023 2115 2024 2117 2028 2116 2025 2090 2026 2117 2028 2099 2027 2116 2025 2118 2029 2090 2026 2091 2030 2118 2029 2098 2031 2099 2027 2118 2029 2117 2028 2090 2026 2118 2029 2099 2027 2117 2028 2119 2032 2091 2030 2092 2033 2119 2032 2092 2033 2093 2034 2119 2032 2093 2034 2094 2035 2119 2032 2094 2035 2095 2036 2119 2032 2095 2036 2096 2037 2119 2032 2096 2037 2097 2038 2119 2032 2097 2038 2098 2031 2119 2032 2118 2029 2091 2030 2119 2032 2098 2031 2118 2029 2122 2039 2120 2040 2121 2041 2122 2039 2134 2042 2120 2040 2123 2043 2135 2044 2134 2042 2123 2043 2134 2042 2122 2039 2124 2045 2136 2046 2135 2044 2124 2045 2135 2044 2123 2043 2125 2047 2137 2048 2136 2046 2125 2047 2136 2046 2124 2045 2126 2049 2138 2050 2137 2048 2126 2049 2137 2048 2125 2047 2127 2051 2138 2050 2126 2049 2128 2052 2138 2050 2127 2051 2129 2053 2138 2050 2128 2052 2130 2054 2138 2050 2129 2053 2131 2055 2133 2056 2138 2050 2131 2055 2138 2050 2130 2054 2132 2057 2133 2056 2131 2055 2149 2058 2140 2059 2139 2060 2147 2061 2142 2062 2141 2063 2147 2061 2141 2063 2148 2064 2150 2065 2144 2066 2143 2067 2151 2068 2143 2067 2146 2069 2151 2068 2150 2065 2143 2067 2145 2070 2151 2068 2146 2069 2152 2071 2141 2063 2140 2059 2152 2071 2149 2058 2148 2064 2152 2071 2140 2059 2149 2058 2152 2071 2148 2064 2141 2063 2153 2072 2143 2067 2142 2062 2153 2072 2147 2061 2146 2069 2153 2072 2142 2062 2147 2061 2153 2072 2146 2069 2143 2067 2158 2073 2157 2074 2156 2075 2159 2076 2156 2075 2155 2077 2159 2076 2158 2073 2156 2075 2154 2078 2159 2076 2155 2077 2161 2079 2160 2080 2164 2081 2162 2082 2161 2079 2164 2081 2169 2083 2163 2084 2162 2082 2165 2085 2162 2082 2164 2081 2165 2085 2169 2083 2162 2082 2166 2086 2169 2083 2165 2085 2167 2087 2170 2088 2168 2089 2182 2090 2179 2091 2178 2092 2176 2093 2175 2094 2180 2095 2174 2096 2177 2097 2173 2098 2183 2099 2179 2091 2182 2090 2184 2100 2180 2095 2179 2091 2184 2100 2176 2093 2180 2095 2184 2100 2179 2091 2183 2099 2185 2101 2171 2102 2172 2103 2185 2101 2181 2104 2171 2102 2185 2101 2182 2090 2181 2104 2185 2101 2183 2099 2182 2090 2186 2105 2172 2103 2173 2098 2186 2105 2177 2097 2176 2093 2186 2105 2184 2100 2183 2099 2186 2105 2176 2093 2184 2100 2186 2105 2185 2101 2172 2103 2186 2105 2183 2099 2185 2101 2186 2105 2173 2098 2177 2097 2188 2106 2187 2107 2191 2108 2194 2109 2191 2108 2190 2110 2194 2109 2188 2106 2191 2108 2193 2111 2194 2109 2190 2110 2192 2112 2190 2110 2189 2113 2192 2112 2193 2111 2190 2110 2207 2114 2206 2115 2209 2116 2197 2117 2207 2114 2209 2116 2196 2118 2208 2119 2207 2114 2196 2118 2207 2114 2197 2117 2204 2120 2205 2121 2208 2119 2203 2122 2204 2120 2208 2119 2195 2123 2208 2119 2196 2118 2195 2123 2203 2122 2208 2119 2198 2124 2197 2117 2209 2116 2216 2125 2199 2126 2198 2124 2215 2127 2199 2126 2216 2125 2200 2128 2199 2126 2215 2127 2214 2129 2200 2128 2215 2127 2210 2130 2198 2124 2209 2116 2210 2130 2216 2125 2198 2124 2211 2131 2216 2125 2210 2130 2201 2132 2200 2128 2214 2129 2213 2133 2201 2132 2214 2129 2202 2134 2201 2132 2213 2133 2218 2135 2202 2134 2213 2133 2217 2136 2218 2135 2213 2133 2212 2137 2217 2136 2213 2133 2221 2138 2238 2139 2237 2140 2220 2141 2237 2141 2236 2141 2220 2142 2221 2142 2237 2142 2228 2143 2219 2143 2235 2143 2226 2144 2236 2144 2233 2144 2224 2145 2227 2145 2234 2145 2222 2146 2225 2146 2232 2146 2230 2147 2223 2147 2233 2147 2229 2148 2230 2149 2231 2150 2229 2151 2223 2151 2230 2151 2254 2152 2240 2153 2239 2154 2254 2152 2241 2155 2240 2153 2253 2156 2242 2157 2241 2155 2253 2156 2241 2155 2254 2152 2252 2158 2243 2159 2242 2157 2252 2158 2242 2157 2253 2156 2251 2160 2244 2161 2243 2159 2251 2160 2243 2159 2252 2158 2250 2162 2245 2163 2244 2161 2250 2162 2244 2161 2251 2160 2249 2164 2246 2165 2245 2163 2249 2164 2245 2163 2250 2162 2248 2166 2247 2167 2246 2165 2248 2166 2246 2165 2249 2164 2271 2168 2264 2169 2263 2170 2271 2168 2265 2171 2264 2169 2258 2172 2269 2173 2259 2174 2268 2175 2269 2173 2258 2172 2256 2176 2266 2177 2267 2178 2256 2176 2267 2178 2257 2179 2255 2180 2266 2177 2256 2176 2272 2181 2261 2182 2260 2183 2272 2181 2262 2184 2261 2182 2272 2181 2263 2170 2262 2184 2272 2181 2270 2185 2271 2168 2272 2181 2271 2168 2263 2170 2272 2181 2260 2183 2270 2185 2273 2186 2260 2183 2259 2174 2273 2186 2269 2173 2270 2185 2273 2186 2270 2185 2260 2183 2273 2186 2259 2174 2269 2173 2274 2187 2258 2172 2257 2179 2274 2187 2267 2178 2268 2175 2274 2187 2268 2175 2258 2172 2274 2187 2257 2179 2267 2178 2282 2188 2284 2189 2283 2190 2292 2191 2285 2192 2284 2189 2292 2191 2286 2193 2285 2192 2292 2191 2284 2189 2282 2188 2291 2194 2282 2188 2281 2195 2291 2194 2292 2191 2282 2188 2290 2196 2291 2194 2281 2195 2288 2197 2279 2198 2278 2199 2288 2197 2289 2200 2279 2198 2287 2201 2288 2197 2278 2199 2276 2202 2278 2199 2277 2203 2276 2202 2287 2201 2278 2199 2275 2204 2287 2201 2276 2202 2293 2205 2280 2206 2279 2198 2293 2205 2281 2195 2280 2206 2293 2205 2289 2200 2290 2196 2293 2205 2290 2196 2281 2195 2293 2205 2279 2198 2289 2200 2313 2207 2303 2208 2302 2209 2313 2207 2302 2209 2312 2210 2314 2211 2304 2212 2303 2208 2314 2211 2303 2208 2313 2207 2315 2213 2311 2214 2310 2215 2315 2213 2312 2210 2311 2214 2315 2213 2313 2207 2312 2210 2316 2216 2305 2217 2304 2212 2316 2216 2306 2218 2305 2217 2316 2216 2304 2212 2314 2211 2317 2219 2315 2213 2310 2215 2317 2219 2314 2211 2313 2207 2317 2219 2313 2207 2315 2213 2318 2220 2307 2221 2306 2218 2318 2220 2306 2218 2316 2216 2319 2222 2316 2216 2314 2211 2319 2222 2314 2211 2317 2219 2320 2223 2300 2224 2301 2225 2320 2223 2301 2225 2307 2221 2320 2223 2307 2221 2318 2220 2321 2226 2310 2215 2309 2227 2322 2228 2316 2216 2319 2222 2322 2228 2318 2220 2316 2216 2323 2229 2310 2215 2321 2226 2323 2229 2321 2226 2309 2227 2323 2229 2317 2219 2310 2215 2324 2230 2299 2231 2300 2224 2324 2230 2322 2228 2299 2231 2324 2230 2320 2223 2318 2220 2324 2230 2300 2224 2320 2223 2324 2230 2318 2220 2322 2228 2325 2232 2319 2222 2317 2219 2325 2232 2317 2219 2323 2229 2326 2233 2309 2227 2308 2234 2327 2235 2299 2231 2322 2228 2327 2235 2322 2228 2319 2222 2327 2235 2319 2222 2325 2232 2328 2236 2308 2234 2294 2237 2328 2236 2326 2233 2308 2234 2328 2236 2323 2229 2309 2227 2328 2236 2309 2227 2326 2233 2329 2238 2327 2235 2297 2239 2329 2238 2299 2231 2327 2235 2330 2240 2297 2239 2298 2241 2330 2240 2298 2241 2299 2231 2330 2240 2329 2238 2297 2239 2330 2240 2299 2231 2329 2238 2331 2242 2294 2237 2295 2243 2331 2242 2328 2236 2294 2237 2331 2242 2325 2232 2323 2229 2331 2242 2323 2229 2328 2236 2332 2244 2295 2243 2296 2245 2332 2244 2297 2239 2327 2235 2332 2244 2327 2235 2325 2232 2332 2244 2331 2242 2295 2243 2332 2244 2325 2232 2331 2242 2333 2246 2296 2245 2297 2239 2333 2246 2297 2239 2332 2244 2333 2246 2332 2244 2296 2245 2346 2247 2340 2248 2339 2249 2346 2247 2341 2250 2340 2248 2345 2251 2346 2247 2339 2249 2344 2252 2339 2249 2338 2253 2344 2252 2345 2251 2339 2249 2343 2254 2338 2253 2337 2255 2343 2254 2344 2252 2338 2253 2342 2256 2337 2255 2336 2257 2342 2256 2343 2254 2337 2255 2334 2258 2336 2257 2335 2259 2334 2258 2342 2256 2336 2257 2357 2260 2362 2261 2358 2262 2363 2263 2348 2264 2347 2265 2363 2263 2347 2265 2359 2266 2364 2267 2349 2268 2348 2264 2364 2267 2350 2269 2349 2268 2364 2267 2351 2270 2350 2269 2364 2267 2348 2264 2363 2263 2365 2271 2359 2266 2360 2272 2365 2271 2363 2263 2359 2266 2366 2273 2352 2274 2351 2270 2366 2273 2353 2275 2352 2274 2366 2273 2351 2270 2364 2267 2366 2273 2364 2267 2363 2263 2366 2273 2363 2263 2365 2271 2367 2276 2360 2272 2361 2277 2367 2276 2365 2271 2360 2272 2368 2278 2354 2279 2353 2275 2368 2278 2366 2273 2365 2271 2368 2278 2353 2275 2366 2273 2368 2278 2365 2271 2367 2276 2369 2280 2357 2260 2356 2281 2369 2280 2361 2277 2362 2261 2369 2280 2367 2276 2361 2277 2369 2280 2362 2261 2357 2260 2370 2282 2355 2283 2354 2279 2370 2282 2356 2281 2355 2283 2370 2282 2354 2279 2368 2278 2370 2282 2367 2276 2369 2280 2370 2282 2368 2278 2367 2276 2370 2282 2369 2280 2356 2281 2378 2284 2377 2285 2376 2286 2382 2287 2376 2286 2375 2288 2382 2287 2378 2284 2376 2286 2381 2289 2375 2288 2374 2290 2381 2289 2382 2287 2375 2288 2380 2291 2374 2290 2373 2292 2380 2291 2381 2289 2374 2290 2379 2293 2373 2292 2372 2294 2379 2293 2380 2291 2373 2292 2371 2295 2379 2293 2372 2294 2401 2296 2391 2297 2390 2298 2401 2296 2390 2298 2400 2299 2402 2300 2391 2297 2401 2296 2403 2301 2399 2302 2398 2303 2403 2301 2400 2299 2399 2302 2403 2301 2401 2296 2400 2299 2404 2304 2392 2305 2391 2297 2404 2304 2393 2306 2392 2305 2404 2304 2391 2297 2402 2300 2405 2307 2403 2301 2398 2303 2405 2307 2402 2300 2401 2296 2405 2307 2401 2296 2403 2301 2406 2308 2394 2309 2393 2306 2406 2308 2393 2306 2404 2304 2407 2310 2402 2300 2405 2307 2407 2310 2404 2304 2402 2300 2408 2311 2388 2312 2389 2313 2408 2311 2389 2313 2394 2309 2408 2311 2394 2309 2406 2308 2409 2314 2397 2315 2396 2316 2409 2314 2398 2303 2397 2315 2410 2317 2406 2308 2404 2304 2410 2317 2404 2304 2407 2310 2411 2318 2409 2314 2396 2316 2411 2318 2398 2303 2409 2314 2411 2318 2405 2307 2398 2303 2412 2319 2387 2320 2388 2312 2412 2319 2388 2312 2408 2311 2412 2319 2408 2311 2406 2308 2412 2319 2406 2308 2410 2317 2412 2319 2410 2317 2387 2320 2413 2321 2407 2310 2405 2307 2413 2321 2405 2307 2411 2318 2414 2322 2396 2316 2395 2323 2415 2324 2387 2320 2410 2317 2415 2324 2407 2310 2413 2321 2415 2324 2410 2317 2407 2310 2416 2325 2395 2323 2383 2326 2416 2325 2414 2322 2395 2323 2416 2325 2411 2318 2396 2316 2416 2325 2396 2316 2414 2322 2417 2327 2386 2328 2387 2320 2417 2327 2387 2320 2415 2324 2417 2327 2415 2324 2386 2328 2418 2329 2383 2326 2384 2330 2418 2329 2416 2325 2383 2326 2418 2329 2413 2321 2411 2318 2418 2329 2411 2318 2416 2325 2419 2331 2384 2330 2385 2332 2419 2331 2386 2328 2415 2324 2419 2331 2415 2324 2413 2321 2419 2331 2418 2329 2384 2330 2419 2331 2413 2321 2418 2329 2420 2333 2385 2332 2386 2328 2420 2333 2386 2328 2419 2331 2420 2333 2419 2331 2385 2332 2434 2334 2422 2335 2421 2336 2424 2337 2423 2338 2422 2335 2424 2337 2422 2335 2434 2334 2425 2339 2434 2334 2435 2340 2425 2339 2424 2337 2434 2334 2426 2341 2425 2339 2435 2340 2428 2342 2437 2343 2438 2344 2428 2342 2427 2345 2437 2343 2432 2346 2439 2347 2433 2348 2429 2349 2438 2344 2439 2347 2429 2349 2428 2342 2438 2344 2431 2350 2429 2349 2439 2347 2431 2350 2439 2347 2432 2346 2430 2351 2429 2349 2431 2350 2440 2352 2427 2345 2426 2341 2440 2352 2435 2340 2436 2353 2440 2352 2436 2353 2437 2343 2440 2352 2426 2341 2435 2340 2440 2352 2437 2343 2427 2345 2447 2354 2449 2355 2448 2356 2450 2357 2449 2355 2447 2354 2452 2358 2442 2359 2441 2360 2443 2361 2442 2359 2452 2358 2453 2362 2443 2361 2452 2358 2454 2363 2445 2364 2444 2365 2454 2363 2455 2366 2445 2364 2458 2367 2447 2354 2446 2368 2458 2367 2451 2369 2450 2357 2458 2367 2456 2370 2457 2371 2458 2367 2457 2371 2451 2369 2458 2367 2450 2357 2447 2354 2458 2367 2446 2368 2456 2370 2459 2372 2444 2365 2443 2361 2459 2372 2453 2362 2454 2363 2459 2372 2443 2361 2453 2362 2459 2372 2454 2363 2444 2365 2460 2373 2446 2368 2445 2364 2460 2373 2455 2366 2456 2370 2460 2373 2456 2370 2446 2368 2460 2373 2445 2364 2455 2366 2463 2374 2471 2375 2470 2376 2464 2377 2472 2378 2471 2375 2464 2377 2471 2375 2463 2374 2465 2379 2473 2380 2472 2378 2465 2379 2472 2378 2464 2377 2466 2381 2474 2382 2473 2380 2466 2381 2473 2380 2465 2379 2467 2383 2475 2384 2474 2382 2467 2383 2474 2382 2466 2381 2468 2385 2476 2386 2475 2384 2468 2385 2475 2384 2467 2383 2469 2387 2477 2388 2476 2386 2469 2387 2478 2389 2477 2388 2469 2387 2476 2386 2468 2385 2462 2390 2461 2391 2478 2389 2462 2390 2478 2389 2469 2387 2485 2392 2479 2393 2480 2394 2485 2392 2486 2395 2479 2393 2484 2396 2480 2394 2481 2397 2484 2396 2481 2397 2482 2398 2484 2396 2485 2392 2480 2394 2483 2399 2484 2396 2482 2398 2490 2400 2491 2401 2492 2402 2489 2403 2492 2402 2493 2404 2489 2403 2490 2400 2492 2402 2488 2405 2489 2403 2493 2404 2487 2406 2493 2404 2494 2407 2487 2406 2488 2405 2493 2404 2498 2408 2501 2409 2499 2410 2497 2411 2502 2412 2501 2409 2497 2411 2501 2409 2498 2408 2496 2413 2503 2414 2502 2412 2496 2413 2502 2412 2497 2411 2495 2415 2500 2416 2503 2414 2495 2415 2503 2414 2496 2413 2522 2417 2514 2418 2513 2419 2522 2417 2515 2420 2514 2418 2522 2417 2516 2421 2515 2420 2505 2422 2512 2423 2506 2424 2504 2425 2512 2423 2505 2422 2523 2426 2510 2427 2509 2428 2523 2426 2517 2429 2516 2421 2523 2426 2518 2430 2517 2429 2523 2426 2519 2431 2518 2430 2523 2426 2509 2428 2519 2431 2523 2426 2516 2421 2522 2417 2524 2432 2522 2417 2521 2433 2524 2432 2523 2426 2522 2417 2524 2432 2510 2427 2523 2426 2525 2434 2511 2435 2510 2427 2525 2434 2521 2433 2520 2436 2525 2434 2510 2427 2524 2432 2525 2434 2524 2432 2521 2433 2526 2437 2525 2434 2520 2436 2526 2437 2511 2435 2525 2434 2527 2438 2507 2439 2506 2424 2527 2438 2508 2440 2507 2439 2527 2438 2512 2423 2511 2435 2527 2438 2520 2436 2508 2440 2527 2438 2511 2435 2526 2437 2527 2438 2526 2437 2520 2436 2527 2438 2506 2424 2512 2423 2538 2441 2534 2442 2535 2443 2538 2441 2535 2443 2536 2444 2531 2445 2532 2446 2533 2447 2531 2445 2533 2447 2534 2442 2531 2445 2534 2442 2538 2441 2530 2448 2538 2441 2537 2449 2530 2448 2531 2445 2538 2441 2529 2450 2537 2449 2528 1704 2529 2450 2530 2448 2537 2449 2542 2451 2554 2452 2553 2453 2543 2454 2542 2451 2553 2453 2557 2455 2553 2453 2552 2456 2557 2455 2543 2454 2553 2453 2556 2457 2543 2454 2557 2455 2544 2458 2543 2454 2556 2457 2558 2459 2545 2460 2555 2461 2559 2462 2558 2459 2555 2461 2559 2462 2540 2463 2558 2459 2560 2464 2541 2465 2540 2463 2560 2464 2555 2461 2554 2452 2560 2464 2540 2463 2559 2462 2560 2464 2559 2462 2555 2461 2561 2466 2542 2451 2541 2465 2561 2466 2560 2464 2554 2452 2561 2466 2554 2452 2542 2451 2561 2466 2541 2465 2560 2464 2562 2467 2540 2463 2539 2468 2562 2467 2558 2459 2540 2463 2563 2469 2546 2470 2545 2460 2563 2469 2547 2471 2546 2470 2563 2469 2558 2459 2562 2467 2563 2469 2545 2460 2558 2459 2564 2472 2548 2473 2547 2471 2564 2472 2549 2474 2548 2473 2564 2472 2550 2475 2549 2474 2564 2472 2551 2476 2550 2475 2564 2472 2539 2468 2551 2476 2564 2472 2547 2471 2563 2469 2564 2472 2563 2469 2562 2467 2564 2472 2562 2467 2539 2468 2588 2477 2566 2478 2565 2479 2588 2477 2565 2479 2571 2480 2589 2481 2571 2480 2572 2482 2589 2481 2572 2482 2573 2483 2590 2484 2566 2478 2588 2477 2590 2484 2588 2477 2571 2480 2590 2484 2571 2480 2589 2481 2591 2485 2573 2483 2574 2486 2591 2485 2574 2486 2575 2487 2591 2485 2575 2487 2578 2488 2592 2489 2573 2483 2591 2485 2593 2490 2589 2481 2573 2483 2593 2490 2573 2483 2592 2489 2594 2491 2567 2492 2566 2478 2594 2491 2589 2481 2593 2490 2594 2491 2566 2478 2590 2484 2594 2491 2590 2484 2589 2481 2595 2493 2577 2494 2576 2495 2595 2493 2578 2488 2577 2494 2595 2493 2576 2495 2581 2496 2596 2497 2578 2488 2595 2493 2596 2497 2591 2485 2578 2488 2597 2498 2592 2489 2591 2485 2597 2498 2591 2485 2596 2497 2598 2499 2595 2493 2581 2496 2599 2500 2592 2489 2597 2498 2599 2500 2593 2490 2592 2489 2600 2501 2595 2493 2598 2499 2601 2502 2594 2491 2593 2490 2601 2502 2567 2492 2594 2491 2601 2502 2593 2490 2599 2500 2602 2503 2596 2497 2595 2493 2602 2503 2595 2493 2600 2501 2603 2504 2597 2498 2596 2497 2603 2504 2596 2497 2602 2503 2604 2505 2581 2496 2580 2506 2604 2505 2598 2499 2581 2496 2605 2507 2599 2500 2597 2498 2605 2507 2597 2498 2603 2504 2606 2508 2598 2499 2604 2505 2606 2508 2600 2501 2598 2499 2607 2509 2568 2510 2567 2492 2607 2509 2567 2492 2601 2502 2607 2509 2601 2502 2599 2500 2607 2509 2599 2500 2605 2507 2608 2511 2602 2503 2600 2501 2608 2511 2600 2501 2606 2508 2609 2512 2604 2505 2580 2506 2610 2513 2602 2503 2608 2511 2610 2513 2605 2507 2603 2504 2610 2513 2603 2504 2602 2503 2611 2514 2608 2511 2606 2508 2611 2514 2604 2505 2609 2512 2611 2514 2606 2508 2604 2505 2612 2515 2605 2507 2610 2513 2613 2516 2607 2509 2605 2507 2613 2516 2568 2510 2607 2509 2613 2516 2605 2507 2612 2515 2614 2517 2608 2511 2611 2514 2615 2518 2610 2513 2608 2511 2615 2518 2608 2511 2614 2517 2616 2519 2610 2513 2615 2518 2616 2519 2612 2515 2610 2513 2616 2519 2613 2516 2612 2515 2617 2520 2609 2512 2580 2506 2617 2520 2611 2514 2609 2512 2617 2520 2580 2506 2579 2521 2617 2520 2579 2521 2582 2522 2618 2523 2569 2524 2568 2510 2618 2523 2568 2510 2613 2516 2618 2523 2613 2516 2616 2519 2619 2525 2611 2514 2617 2520 2619 2525 2617 2520 2582 2522 2620 2526 2611 2514 2619 2525 2620 2526 2614 2517 2611 2514 2621 2527 2615 2518 2614 2517 2621 2527 2614 2517 2620 2526 2622 2528 2582 2522 2583 2529 2622 2528 2619 2525 2582 2522 2623 2530 2616 2519 2615 2518 2623 2530 2615 2518 2621 2527 2624 2531 2583 2529 2584 2532 2624 2531 2620 2526 2619 2525 2624 2531 2619 2525 2622 2528 2624 2531 2622 2528 2583 2529 2625 2533 2569 2524 2618 2523 2625 2533 2618 2523 2616 2519 2625 2533 2616 2519 2623 2530 2626 2534 2584 2532 2585 2535 2626 2534 2623 2530 2621 2527 2626 2534 2621 2527 2620 2526 2626 2534 2620 2526 2624 2531 2626 2534 2624 2531 2584 2532 2627 2536 2623 2530 2626 2534 2627 2536 2625 2533 2623 2530 2627 2536 2626 2534 2585 2535 2628 2537 2570 2538 2569 2524 2628 2537 2627 2536 2585 2535 2628 2537 2569 2524 2625 2533 2628 2537 2625 2533 2627 2536 2629 2539 2585 2535 2586 2540 2629 2539 2586 2540 2587 2541 2629 2539 2587 2541 2570 2538 2629 2539 2570 2538 2628 2537 2629 2539 2628 2537 2585 2535 2639 2542 2635 2543 2636 2544 2639 2542 2636 2544 2637 2545 2633 2546 2634 2547 2635 2543 2633 2546 2635 2543 2639 2542 2638 2548 2633 2546 2639 2542 2632 2549 2633 2546 2638 2548 2630 2550 2632 2549 2638 2548 2631 2551 2632 2549 2630 2550 2644 2552 2641 2553 2640 2554 2644 2552 2642 2555 2641 2553 2645 2556 2643 2557 2642 2555 2645 2556 2642 2555 2644 2552 2646 2558 2643 2557 2645 2556 2647 2559 2643 2557 2646 2558 2650 2560 2653 2561 2651 2562 2649 2563 2654 2564 2653 2561 2649 2563 2653 2561 2650 2560 2648 2565 2655 2566 2654 2564 2648 2565 2652 2567 2655 2566 2648 2565 2654 2564 2649 2563 2663 2568 2674 2569 2673 2570 2663 2568 2662 2571 2674 2569 2658 2572 2673 2570 2659 2573 2664 2574 2663 2568 2673 2570 2664 2574 2673 2570 2658 2572 2657 2575 2664 2574 2658 2572 2656 2576 2664 2574 2657 2575 2676 2577 2666 2578 2665 2579 2676 2577 2667 2580 2666 2578 2676 2577 2668 2581 2667 2580 2676 2577 2665 2579 2672 2582 2677 2583 2661 2584 2660 2585 2677 2583 2669 2586 2668 2581 2677 2583 2670 2587 2669 2586 2677 2583 2671 2588 2670 2587 2677 2583 2660 2585 2671 2588 2677 2583 2676 2577 2672 2582 2677 2583 2668 2581 2676 2577 2678 2589 2672 2582 2675 2590 2678 2589 2677 2583 2672 2582 2678 2589 2661 2584 2677 2583 2679 2591 2678 2589 2675 2590 2679 2591 2661 2584 2678 2589 2680 2592 2662 2571 2661 2584 2680 2592 2675 2590 2674 2569 2680 2592 2661 2584 2679 2591 2680 2592 2674 2569 2662 2571 2680 2592 2679 2591 2675 2590 2690 2593 2687 2594 2688 2595 2684 2596 2685 2597 2686 2598 2684 2596 2686 2598 2687 2594 2684 2596 2687 2594 2690 2593 2683 2599 2690 2593 2689 2600 2683 2599 2684 2596 2690 2593 2682 2601 2689 2600 2681 1704 2682 2601 2683 2599 2689 2600 2707 2602 2694 2603 2708 2604 2695 2605 2694 2603 2707 2602 2710 2606 2697 2607 2696 2608 2710 2606 2698 2609 2697 2607 2710 2606 2699 2610 2698 2609 2710 2606 2696 2608 2706 2611 2711 2612 2706 2611 2705 2613 2711 2612 2710 2606 2706 2611 2712 2614 2692 2615 2711 2612 2712 2614 2711 2612 2705 2613 2713 2616 2693 2617 2692 2615 2713 2616 2705 2613 2704 2618 2713 2616 2692 2615 2712 2614 2713 2616 2712 2614 2705 2613 2714 2619 2693 2617 2713 2616 2714 2619 2713 2616 2704 2618 2715 2620 2694 2603 2693 2617 2715 2620 2704 2618 2703 2621 2715 2620 2709 2622 2708 2604 2715 2620 2703 2621 2709 2622 2715 2620 2714 2619 2704 2618 2715 2620 2693 2617 2714 2619 2715 2620 2708 2604 2694 2603 2716 2623 2692 2615 2691 2624 2716 2623 2700 2625 2699 2610 2716 2623 2701 2626 2700 2625 2716 2623 2702 2627 2701 2626 2716 2623 2691 2624 2702 2627 2716 2623 2711 2612 2692 2615 2716 2623 2699 2610 2710 2606 2716 2623 2710 2606 2711 2612 2724 2628 2718 2629 2717 2630 2724 2628 2719 2631 2718 2629 2724 2628 2720 2632 2719 2631 2724 2628 2717 2630 2721 2633 2724 2628 2722 2634 2720 2632 2724 2628 2723 2635 2722 2634 2724 2628 2721 2633 2723 2635 2735 2636 2731 2637 2732 2638 2735 2636 2732 2638 2733 2639 2728 2640 2729 2641 2730 2642 2728 2640 2730 2642 2731 2637 2728 2640 2731 2637 2735 2636 2734 2643 2728 2640 2735 2636 2727 2644 2728 2640 2734 2643 2725 2645 2727 2644 2734 2643 2726 2646 2727 2644 2725 2645 2741 2647 2737 2648 2736 2649 2742 2650 2738 2651 2737 2648 2742 2650 2739 2652 2738 2651 2742 2650 2737 2648 2741 2647 2743 2653 2740 2654 2739 2652 2743 2653 2739 2652 2742 2650 2744 2655 2740 2654 2743 2653</p>
        </triangles>
        <triangles material="white_plastic-material" count="2818">
          <input semantic="VERTEX" source="#ָ¼ⷌ-½񋴲¿·Ղ-mesh-vertices" offset="0"/>
          <input semantic="NORMAL" source="#ָ¼ⷌ-½񋴲¿·Ղ-mesh-normals" offset="1"/>
          <p>2748 2656 2746 2657 2747 2658 2754 2659 2752 2660 2753 2661 2755 2662 2751 2663 2752 2660 2755 2662 2752 2660 2754 2659 2756 2664 2750 2665 2751 2663 2756 2664 2751 2663 2755 2662 2745 2666 2748 2656 2749 2667 2745 2666 2749 2667 2750 2665 2745 2666 2750 2665 2756 2664 2745 2666 2746 2657 2748 2656 2758 2668 2759 2669 2760 2670 2757 2671 2760 2670 2761 2672 2757 2671 2758 2668 2760 2670 2779 2673 2761 2672 2762 2674 2779 2673 2762 2674 2763 2675 2779 2673 2757 2671 2761 2672 2774 2676 2771 2677 2772 2678 2774 2676 2772 2678 2773 2679 2778 2680 2763 2675 2764 2681 2778 2680 2764 2681 2765 2682 2778 2680 2765 2682 2766 2683 2778 2680 2779 2673 2763 2675 2775 2684 2767 2685 2768 2686 2775 2684 2768 2686 2769 2687 2775 2684 2769 2687 2770 2688 2775 2684 2770 2688 2771 2677 2775 2684 2771 2677 2774 2676 2777 2689 2778 2680 2766 2683 2776 2690 2766 2683 2767 2685 2776 2690 2767 2685 2775 2684 2776 2690 2777 2689 2766 2683 2801 2691 2787 2692 2786 2693 2801 2691 2788 2694 2787 2692 2802 2695 2801 2691 2786 2693 2803 2696 2786 2693 2785 2697 2803 2696 2802 2695 2786 2693 2804 2698 2803 2696 2785 2697 2805 2699 2784 2700 2783 2701 2805 2699 2785 2697 2784 2700 2805 2699 2804 2698 2785 2697 2806 2702 2803 2696 2804 2698 2806 2702 2801 2691 2802 2695 2806 2702 2804 2698 2805 2699 2806 2702 2788 2694 2801 2691 2806 2702 2802 2695 2803 2696 2807 2703 2790 2704 2789 2705 2808 2706 2781 2707 2780 2708 2808 2706 2782 2709 2781 2707 2808 2706 2783 2701 2782 2709 2808 2706 2806 2702 2805 2699 2808 2706 2805 2699 2783 2701 2809 2710 2789 2705 2788 2694 2809 2710 2788 2694 2806 2702 2810 2711 2780 2708 2791 2712 2810 2711 2808 2706 2780 2708 2811 2713 2807 2703 2789 2705 2812 2714 2813 2715 2807 2703 2812 2714 2814 2716 2813 2715 2812 2714 2815 2717 2814 2716 2812 2714 2816 2718 2815 2717 2812 2714 2807 2703 2811 2713 2812 2714 2817 2719 2816 2718 2818 2720 2817 2719 2810 2711 2818 2720 2810 2711 2791 2712 2819 2721 2806 2702 2808 2706 2819 2721 2809 2710 2806 2702 2819 2721 2808 2706 2810 2711 2820 2722 2812 2714 2811 2713 2821 2723 2817 2719 2812 2714 2821 2723 2810 2711 2817 2719 2821 2723 2812 2714 2820 2722 2822 2724 2807 2703 2813 2715 2822 2724 2813 2715 2814 2716 2822 2724 2814 2716 2815 2717 2822 2724 2815 2717 2816 2718 2822 2724 2816 2718 2817 2719 2823 2725 2818 2720 2822 2724 2823 2725 2822 2724 2817 2719 2824 2726 2818 2720 2823 2725 2824 2726 2823 2725 2817 2719 2824 2726 2817 2719 2818 2720 2825 2727 2790 2704 2807 2703 2825 2727 2807 2703 2822 2724 2826 2728 2827 2729 2789 2705 2826 2728 2789 2705 2809 2710 2826 2728 2809 2710 2819 2721 2826 2728 2819 2721 2827 2729 2828 2730 2820 2722 2811 2713 2828 2730 2811 2713 2789 2705 2828 2730 2789 2705 2827 2729 2829 2731 2819 2721 2810 2711 2829 2731 2827 2729 2819 2721 2830 2732 2822 2724 2818 2720 2830 2732 2831 2733 2825 2727 2830 2732 2832 2734 2831 2733 2830 2732 2833 2735 2832 2734 2830 2732 2818 2720 2834 2736 2830 2732 2834 2736 2833 2735 2830 2732 2825 2727 2822 2724 2835 2737 2791 2712 2792 2738 2835 2737 2792 2738 2793 2739 2835 2737 2834 2736 2818 2720 2835 2737 2818 2720 2791 2712 2836 2740 2820 2722 2828 2730 2836 2740 2810 2711 2821 2723 2836 2740 2821 2723 2820 2722 2836 2740 2828 2730 2827 2729 2836 2740 2829 2731 2810 2711 2836 2740 2827 2729 2829 2731 2837 2741 2825 2727 2831 2733 2837 2741 2831 2733 2832 2734 2837 2741 2832 2734 2833 2735 2837 2741 2833 2735 2834 2736 2838 2742 2834 2736 2835 2737 2838 2742 2837 2741 2834 2736 2838 2742 2835 2737 2837 2741 2839 2743 2793 2739 2794 2744 2839 2743 2794 2744 2795 2745 2839 2743 2795 2745 2796 2746 2839 2743 2796 2746 2797 2747 2839 2743 2835 2737 2793 2739 2839 2743 2837 2741 2835 2737 2840 2748 2790 2704 2825 2727 2840 2748 2797 2747 2798 2749 2840 2748 2798 2749 2799 2750 2840 2748 2799 2750 2800 2751 2840 2748 2800 2751 2790 2704 2840 2748 2839 2743 2797 2747 2840 2748 2837 2741 2839 2743 2840 2748 2825 2727 2837 2741 2847 2752 2843 2752 2845 2752 2841 2753 2844 2753 2849 2753 2848 2754 2842 2754 2846 2754 2861 2755 2857 2756 2856 2757 2852 2758 2854 2759 2853 2760 2867 2761 2858 2762 2859 2763 2866 2764 2867 2761 2859 2763 2865 2765 2866 2764 2859 2763 2850 2766 2862 2767 2851 2768 2868 2769 2855 2770 2854 2759 2868 2769 2856 2757 2855 2770 2868 2769 2861 2755 2856 2757 2868 2769 2854 2759 2852 2758 2869 2771 2852 2758 2851 2768 2869 2771 2860 2772 2861 2755 2869 2771 2861 2755 2868 2769 2869 2771 2868 2769 2852 2758 2870 2773 2859 2763 2860 2772 2870 2773 2869 2771 2851 2768 2870 2773 2860 2772 2869 2771 2871 2774 2862 2767 2863 2775 2871 2774 2863 2775 2864 2776 2871 2774 2864 2776 2865 2765 2871 2774 2870 2773 2851 2768 2871 2774 2859 2763 2870 2773 2871 2774 2865 2765 2859 2763 2871 2774 2851 2768 2862 2767 2873 2777 2872 2778 2890 2779 2873 2777 2890 2779 2891 2780 2892 2781 2873 2777 2891 2780 2885 2782 2874 2783 2873 2777 2885 2782 2875 2784 2874 2783 2885 2782 2892 2781 2884 2785 2885 2782 2873 2777 2892 2781 2886 2786 2876 2787 2875 2784 2886 2786 2875 2784 2885 2782 2887 2788 2877 2789 2876 2787 2887 2788 2876 2787 2886 2786 2888 2790 2878 2791 2877 2789 2888 2790 2877 2789 2887 2788 2881 2792 2880 2793 2879 2794 2889 2795 2879 2794 2878 2791 2889 2795 2878 2791 2888 2790 2882 2796 2881 2792 2879 2794 2882 2796 2879 2794 2889 2795 2883 2797 2882 2796 2889 2795 2894 2798 2893 2799 2899 2800 2895 2801 2899 2800 2900 2802 2895 2801 2894 2798 2899 2800 2896 2803 2900 2802 2898 2804 2896 2803 2895 2801 2900 2802 2897 2805 2896 2803 2898 2804 2903 2806 2902 2807 2901 2808 2903 2806 2901 2808 2908 2809 2904 2810 2908 2809 2909 2811 2904 2810 2903 2806 2908 2809 2905 2812 2909 2811 2907 2813 2905 2812 2904 2810 2909 2811 2906 2814 2905 2812 2907 2813 2912 2815 2911 2816 2910 2817 2912 2815 2919 2818 2911 2816 2913 2819 2919 2818 2912 2815 2914 2820 2920 2821 2919 2818 2914 2820 2919 2818 2913 2819 2915 2822 2921 2823 2920 2821 2915 2822 2920 2821 2914 2820 2916 2824 2918 2825 2921 2823 2916 2824 2921 2823 2915 2822 2917 2826 2918 2825 2916 2824 2923 2827 2922 2828 2926 2829 2923 2827 2926 2829 2927 2830 2923 2827 2927 2830 2928 2831 2934 2832 2930 2833 2929 2834 2934 2832 2931 2835 2930 2833 2934 2832 2928 2831 2931 2835 2934 2832 2923 2827 2928 2831 2936 2836 2925 2837 2924 2838 2936 2836 2924 2838 2933 2839 2935 2840 2936 2836 2933 2839 2932 2841 2935 2840 2933 2839 2937 2842 2924 2838 2923 2827 2937 2842 2934 2832 2933 2839 2937 2842 2923 2827 2934 2832 2937 2842 2933 2839 2924 2838 2943 2843 2942 2844 2940 2845 2941 2846 2943 2843 2940 2845 2938 2847 2941 2846 2939 2848 2938 2847 2943 2843 2941 2846 2949 2849 2948 2850 2944 2851 2952 2852 2944 2851 2945 2853 2952 2852 2949 2849 2944 2851 2951 2854 2945 2853 2946 2855 2951 2854 2952 2852 2945 2853 2950 2856 2946 2855 2947 2857 2950 2856 2951 2854 2946 2855 2954 2858 2959 2859 2955 2860 2954 2858 2960 2861 2959 2859 2954 2858 2957 2862 2960 2861 2958 2863 2957 2862 2954 2858 2953 2864 2958 2863 2954 2858 2956 2865 2958 2863 2953 2864 2966 2866 2967 2867 2961 2868 2963 2869 2965 2870 2962 2871 2964 2872 2965 2870 2963 2869 2968 2873 2961 2868 2962 2871 2968 2873 2965 2870 2966 2866 2968 2873 2966 2866 2961 2868 2968 2873 2962 2871 2965 2870 2979 2874 2986 2875 2981 2876 2980 2877 2979 2874 2981 2876 2987 2878 2970 2879 2969 2880 2987 2878 2971 2881 2970 2879 2987 2878 2972 2882 2971 2881 2988 2883 2973 2884 2972 2882 2988 2883 2974 2885 2973 2884 2988 2883 2972 2882 2987 2878 2989 2886 2988 2883 2987 2878 2990 2887 2988 2883 2989 2886 2991 2888 2975 2889 2974 2885 2991 2888 2976 2890 2975 2889 2991 2888 2974 2885 2988 2883 2991 2888 2988 2883 2990 2887 2992 2891 2969 2880 2982 2892 2992 2891 2987 2878 2969 2880 2992 2891 2989 2886 2987 2878 2993 2893 2982 2892 2983 2894 2993 2893 2994 2895 2992 2891 2993 2893 2992 2891 2982 2892 2995 2896 2994 2895 2993 2893 2996 2897 2977 2898 2976 2890 2997 2899 2983 2894 2984 2900 2997 2899 2984 2900 2985 2901 2997 2899 2993 2893 2983 2894 2998 2902 2995 2896 2993 2893 2998 2902 2996 2897 2995 2896 2998 2902 2993 2893 2997 2899 2999 2903 2985 2901 2986 2875 2999 2903 2997 2899 2985 2901 2999 2903 2998 2902 2997 2899 3000 2904 2996 2897 2998 2902 3000 2904 2998 2902 2999 2903 3001 2905 2978 2906 2977 2898 3001 2905 2979 2874 2978 2906 3001 2905 2977 2898 2996 2897 3001 2905 2986 2875 2979 2874 3001 2905 2999 2903 2986 2875 3001 2905 2996 2897 3000 2904 3001 2905 3000 2904 2999 2903 3002 2907 2991 2888 2990 2887 3002 2907 2976 2890 2991 2888 3002 2907 2989 2886 2992 2891 3002 2907 2990 2887 2989 2886 3003 2908 3002 2907 2992 2891 3003 2908 2976 2890 3002 2907 3004 2909 2992 2891 2994 2895 3004 2909 3003 2908 2992 2891 3004 2909 2996 2897 2976 2890 3004 2909 2994 2895 2995 2896 3004 2909 2995 2896 2996 2897 3004 2909 2976 2890 3003 2908 3011 2910 3013 2911 3012 2912 3010 2913 3013 2911 3011 2910 3021 2914 3009 2915 3008 2916 3006 2917 3008 2916 3007 2918 3006 2917 3021 2914 3008 2916 3005 2919 3006 2917 3007 2918 3026 2920 3017 2921 3025 2922 3027 2923 3017 2921 3026 2920 3028 2924 3017 2921 3027 2923 3029 2925 3015 2926 3014 2927 3029 2925 3018 2928 3015 2926 3030 2929 3010 2913 3009 2915 3030 2929 3014 2927 3013 2911 3030 2929 3018 2928 3029 2925 3030 2929 3013 2911 3010 2913 3030 2929 3029 2925 3014 2927 3031 2930 3021 2914 3022 2931 3031 2930 3022 2931 3023 2932 3031 2930 3032 2933 3018 2928 3031 2930 3023 2932 3032 2933 3031 2930 3018 2928 3030 2929 3031 2930 3009 2915 3021 2914 3031 2930 3030 2929 3009 2915 3033 2934 3018 2928 3032 2933 3033 2934 3032 2933 3023 2932 3034 2935 3017 2921 3018 2928 3034 2935 3023 2932 3024 2936 3034 2935 3024 2936 3025 2922 3034 2935 3033 2934 3023 2932 3034 2935 3018 2928 3033 2934 3034 2935 3025 2922 3017 2921 3035 2937 3016 2938 3017 2921 3035 2937 3019 2939 3016 2938 3035 2937 3020 2940 3019 2939 3035 2937 3028 2924 3020 2940 3035 2937 3017 2921 3028 2924 3054 2941 3041 2942 3042 2943 3054 2941 3047 2944 3041 2942 3054 2941 3048 2945 3047 2944 3053 2946 3042 2943 3043 2947 3053 2946 3054 2941 3042 2943 3052 2948 3043 2947 3044 2949 3052 2948 3053 2946 3043 2947 3036 2950 3039 2951 3040 2952 3036 2950 3040 2952 3037 2953 3051 2954 3044 2949 3045 2955 3051 2954 3045 2955 3046 2956 3051 2954 3052 2948 3044 2949 3050 2957 3038 2958 3039 2951 3050 2957 3046 2956 3038 2958 3050 2957 3051 2954 3046 2956 3049 2959 3039 2951 3036 2950 3049 2959 3050 2957 3039 2951 3055 2960 3056 2961 3057 2962 3055 2960 3057 2962 3058 2963 3061 2964 3058 2963 3059 2965 3061 2964 3055 2960 3058 2963 3060 2966 3061 2964 3059 2965 3064 2967 3062 2968 3061 2964 3064 2967 3063 2969 3062 2968 3064 2967 3066 2970 3065 2971 3064 2967 3060 2966 3066 2970 3064 2967 3061 2964 3060 2966 3071 2972 3067 2973 3068 2974 3069 2975 3067 2973 3071 2972 3070 2976 3069 2975 3071 2972 3080 2977 3077 2978 3078 2979 3080 2977 3078 2979 3079 2980 3081 2981 3077 2978 3080 2977 3082 2982 3077 2978 3081 2981 3083 2983 3077 2978 3082 2982 3084 2984 3077 2978 3083 2983 3075 2985 3076 2986 3077 2978 3074 2987 3075 2985 3077 2978 3072 2988 3077 2978 3084 2984 3073 2989 3074 2987 3077 2978 3073 2989 3077 2978 3072 2988 3085 2990 3087 2991 3086 2992 3085 2990 3088 2993 3087 2991 3091 2994 3092 2995 3093 2996 3090 2997 3093 2996 3094 2998 3090 2997 3091 2994 3093 2996 3089 2999 3094 2998 3095 3000 3089 2999 3090 2997 3094 2998 3102 3001 3111 3002 3101 3003 3112 3004 3096 3005 3097 3006 3112 3004 3103 3007 3096 3005 3112 3004 3109 3008 3103 3007 3113 3009 3097 3006 3098 3010 3113 3009 3112 3004 3097 3006 3114 3011 3098 3010 3099 3012 3114 3011 3099 3012 3100 3013 3114 3011 3100 3013 3101 3003 3114 3011 3113 3009 3098 3010 3114 3011 3101 3003 3111 3002 3115 3014 3105 3015 3106 3016 3115 3014 3113 3009 3114 3011 3116 3017 3104 3018 3105 3015 3116 3017 3110 3019 3104 3018 3116 3017 3105 3015 3115 3014 3116 3017 3115 3014 3114 3011 3117 3020 3111 3002 3110 3019 3117 3020 3110 3019 3116 3017 3117 3020 3114 3011 3111 3002 3117 3020 3116 3017 3114 3011 3118 3021 3106 3016 3107 3022 3118 3021 3107 3022 3108 3023 3118 3021 3108 3023 3109 3008 3118 3021 3115 3014 3106 3016 3118 3021 3113 3009 3115 3014 3118 3021 3109 3008 3112 3004 3118 3021 3112 3004 3113 3009 3126 3024 3124 3025 3123 3026 3126 3024 3125 3027 3124 3025 3133 3028 3127 3029 3126 3024 3132 3030 3133 3028 3126 3024 3131 3031 3123 3026 3122 3032 3131 3031 3126 3024 3123 3026 3131 3031 3132 3030 3126 3024 3130 3033 3122 3032 3121 3034 3130 3033 3131 3031 3122 3032 3129 3035 3121 3034 3120 3036 3129 3035 3130 3033 3121 3034 3128 3037 3129 3035 3120 3036 3119 3038 3128 3037 3120 3036 3141 3039 3137 3040 3138 3041 3141 3039 3138 3041 3139 3042 3136 3043 3137 3040 3141 3039 3135 3044 3136 3043 3141 3039 3140 3045 3135 3044 3141 3039 3134 3046 3135 3044 3140 3045 3143 3047 3144 3048 3142 3049 3146 3050 3145 3051 3144 3048 3146 3050 3144 3048 3143 3047 3149 3052 3155 3053 3150 3054 3149 3052 3156 3055 3155 3053 3149 3052 3152 3056 3156 3055 3153 3057 3152 3056 3149 3052 3148 3058 3153 3057 3149 3052 3154 3059 3153 3057 3148 3058 3147 3060 3154 3059 3148 3058 3151 3061 3154 3059 3147 3060 3161 3062 3159 3063 3160 3064 3162 3065 3158 3066 3159 3063 3162 3065 3159 3063 3161 3062 3163 3067 3157 3068 3158 3066 3163 3067 3158 3066 3162 3065 3164 3069 3157 3068 3163 3067 3165 3070 3169 3071 3166 3072 3165 3070 3170 3073 3169 3071 3165 3070 3168 3074 3170 3073 3167 3075 3168 3074 3165 3070 3175 3076 3173 3077 3177 3078 3172 3079 3173 3077 3175 3076 3174 3080 3171 3080 3176 3080 3178 3081 3181 3082 3180 3083 3178 3081 3179 3084 3181 3082 3189 3085 3184 3086 3185 3087 3189 3085 3185 3087 3186 3088 3188 3089 3183 3090 3184 3086 3188 3089 3184 3086 3189 3085 3187 3091 3182 3092 3183 3090 3187 3091 3183 3090 3188 3089 3192 3093 3191 3094 3190 3095 3192 3093 3193 3096 3194 3097 3192 3093 3194 3097 3195 3098 3192 3093 3195 3098 3191 3094 3206 3099 3199 3100 3200 3101 3206 3099 3200 3101 3201 3102 3205 3103 3198 3104 3199 3100 3205 3103 3199 3100 3206 3099 3204 3105 3197 3106 3198 3104 3204 3105 3198 3104 3205 3103 3203 3107 3197 3106 3204 3105 3202 3108 3196 3109 3197 3106 3202 3108 3197 3106 3203 3107 3216 3110 3210 3111 3211 3112 3216 3110 3211 3112 3212 3113 3223 3114 3207 3115 3208 3116 3223 3114 3208 3116 3209 3117 3223 3114 3209 3117 3210 3111 3223 3114 3210 3111 3216 3110 3222 3118 3219 3119 3218 3120 3217 3121 3222 3118 3218 3120 3227 3122 3216 3110 3215 3123 3227 3122 3224 3124 3223 3114 3227 3122 3223 3114 3216 3110 3228 3125 3224 3124 3227 3122 3228 3125 3227 3122 3215 3123 3229 3126 3215 3123 3214 3127 3229 3126 3225 3128 3224 3124 3229 3126 3224 3124 3228 3125 3229 3126 3228 3125 3215 3123 3230 3129 3225 3128 3229 3126 3230 3129 3229 3126 3214 3127 3231 3130 3226 3131 3225 3128 3231 3130 3225 3128 3230 3129 3231 3130 3230 3129 3214 3127 3232 3132 3214 3127 3213 3133 3232 3132 3220 3134 3219 3119 3232 3132 3221 3135 3220 3134 3232 3132 3213 3133 3221 3135 3232 3132 3222 3118 3226 3131 3232 3132 3231 3130 3214 3127 3232 3132 3226 3131 3231 3130 3232 3132 3219 3119 3222 3118 3233 3136 3241 3137 3240 3138 3234 3139 3241 3137 3233 3136 3235 3140 3242 3141 3241 3137 3235 3140 3241 3137 3234 3139 3236 3142 3243 3143 3242 3141 3236 3142 3242 3141 3235 3140 3237 3144 3244 3145 3243 3143 3237 3144 3243 3143 3236 3142 3238 3146 3239 3147 3244 3145 3238 3146 3244 3145 3237 3144 3240 3138 3245 3148 3233 3136 3262 3149 3251 3150 3250 3151 3262 3149 3252 3152 3251 3150 3262 3149 3253 3153 3252 3152 3262 3149 3254 3154 3253 3153 3263 3155 3254 3154 3262 3149 3263 3155 3262 3149 3249 3156 3264 3157 3249 3156 3248 3158 3264 3157 3255 3159 3254 3154 3264 3157 3256 3160 3255 3159 3264 3157 3248 3158 3256 3160 3264 3157 3254 3154 3263 3155 3264 3157 3263 3155 3249 3156 3265 3161 3250 3151 3257 3162 3265 3161 3257 3162 3258 3163 3265 3161 3258 3163 3259 3164 3265 3161 3259 3164 3260 3165 3265 3161 3262 3149 3250 3151 3265 3161 3249 3156 3262 3149 3266 3166 3247 3167 3246 3168 3266 3166 3246 3168 3249 3156 3266 3166 3260 3165 3261 3169 3266 3166 3261 3169 3247 3167 3266 3166 3265 3161 3260 3165 3266 3166 3249 3156 3265 3161 3268 3170 3282 3171 3283 3172 3267 3173 3269 3174 3268 3170 3275 3175 3281 3176 3282 3171 3275 3175 3282 3171 3268 3170 3275 3175 3268 3170 3269 3174 3274 3177 3280 3178 3281 3176 3274 3177 3281 3176 3275 3175 3273 3179 3279 3180 3280 3178 3273 3179 3280 3178 3274 3177 3272 3181 3278 3182 3279 3180 3272 3181 3279 3180 3273 3179 3271 3183 3277 3184 3278 3182 3271 3183 3278 3182 3272 3181 3270 3185 3276 3186 3277 3184 3270 3185 3277 3184 3271 3183 3306 3187 3285 3188 3284 3189 3307 3190 3284 3189 3290 3191 3307 3190 3298 3192 3297 3193 3307 3190 3297 3193 3302 3194 3307 3190 3302 3194 3303 3195 3307 3190 3303 3195 3304 3196 3307 3190 3304 3196 3305 3197 3307 3190 3305 3197 3306 3187 3307 3190 3306 3187 3284 3189 3308 3198 3307 3190 3290 3191 3308 3198 3298 3192 3307 3190 3309 3199 3290 3191 3289 3200 3309 3199 3308 3198 3290 3191 3309 3199 3298 3192 3308 3198 3310 3201 3299 3202 3298 3192 3310 3201 3309 3199 3289 3200 3310 3201 3298 3192 3309 3199 3311 3203 3289 3200 3288 3204 3311 3203 3299 3202 3310 3201 3311 3203 3310 3201 3289 3200 3312 3205 3300 3206 3299 3202 3312 3205 3311 3203 3288 3204 3312 3205 3299 3202 3311 3203 3313 3207 3288 3204 3287 3208 3313 3207 3301 3209 3300 3206 3313 3207 3300 3206 3312 3205 3313 3207 3312 3205 3288 3204 3314 3210 3313 3207 3287 3208 3314 3210 3301 3209 3313 3207 3315 3211 3287 3208 3286 3212 3315 3211 3295 3213 3294 3214 3315 3211 3296 3215 3295 3213 3315 3211 3286 3212 3296 3215 3315 3211 3314 3210 3287 3208 3315 3211 3301 3209 3314 3210 3316 3216 3294 3214 3293 3217 3316 3216 3315 3211 3294 3214 3316 3216 3301 3209 3315 3211 3317 3218 3292 3219 3291 3220 3317 3218 3293 3217 3292 3219 3317 3218 3291 3220 3301 3209 3317 3218 3316 3216 3293 3217 3317 3218 3301 3209 3316 3216 3331 3221 3324 3222 3323 3223 3319 3224 3318 3225 3322 3226 3319 3224 3322 3226 3328 3227 3332 3228 3330 3229 3329 3230 3337 3231 3320 3232 3336 3233 3321 3234 3320 3232 3337 3231 3338 3235 3325 3236 3324 3222 3338 3235 3326 3237 3325 3236 3338 3235 3327 3238 3326 3237 3338 3235 3328 3227 3327 3238 3338 3235 3319 3224 3328 3227 3338 3235 3324 3222 3331 3221 3339 3239 3320 3232 3319 3224 3339 3239 3331 3221 3330 3229 3339 3239 3338 3235 3331 3221 3339 3239 3319 3224 3338 3235 3340 3240 3332 3228 3333 3241 3340 3240 3333 3241 3334 3242 3340 3240 3334 3242 3335 3243 3340 3240 3335 3243 3336 3233 3340 3240 3330 3229 3332 3228 3340 3240 3320 3232 3339 3239 3340 3240 3339 3239 3330 3229 3340 3240 3336 3233 3320 3232 3348 3244 3346 3245 3347 3246 3354 3247 3345 3248 3346 3245 3354 3247 3346 3245 3348 3244 3353 3249 3344 3250 3345 3248 3353 3249 3345 3248 3354 3247 3352 3251 3343 3252 3344 3250 3352 3251 3344 3250 3353 3249 3351 3253 3342 3254 3343 3252 3351 3253 3343 3252 3352 3251 3350 3255 3341 3256 3342 3254 3350 3255 3342 3254 3351 3253 3355 3257 3350 3255 3349 3258 3355 3257 3341 3256 3350 3255 3365 3259 3366 3260 3367 3261 3358 3262 3357 3263 3356 3264 3358 3262 3371 3265 3357 3263 3364 3266 3371 3265 3358 3262 3363 3267 3370 3268 3371 3265 3363 3267 3371 3265 3364 3266 3362 3269 3369 3270 3370 3268 3362 3269 3370 3268 3363 3267 3361 3271 3368 3272 3369 3270 3361 3271 3369 3270 3362 3269 3360 3273 3367 3261 3368 3272 3360 3273 3368 3272 3361 3271 3359 3274 3365 3259 3367 3261 3359 3274 3367 3261 3360 3273 3372 3275 3381 3276 3380 3277 3373 3278 3382 3279 3381 3276 3373 3278 3381 3276 3372 3275 3374 3280 3383 3281 3382 3279 3374 3280 3382 3279 3373 3278 3375 3282 3384 3283 3383 3281 3375 3282 3383 3281 3374 3280 3376 3284 3385 3285 3384 3283 3376 3284 3384 3283 3375 3282 3377 3286 3386 3287 3385 3285 3377 3286 3385 3285 3376 3284 3378 3288 3379 3289 3386 3287 3378 3288 3386 3287 3377 3286 3387 3290 3402 3291 3388 3292 3395 3293 3387 3290 3389 3294 3395 3293 3401 3295 3402 3291 3395 3293 3402 3291 3387 3290 3394 3296 3400 3297 3401 3295 3394 3296 3401 3295 3395 3293 3393 3298 3399 3299 3400 3297 3393 3298 3400 3297 3394 3296 3392 3300 3398 3301 3399 3299 3392 3300 3399 3299 3393 3298 3391 3302 3397 3303 3398 3301 3391 3302 3398 3301 3392 3300 3390 3304 3396 3305 3397 3303 3390 3304 3397 3303 3391 3302 3403 3306 3412 3307 3411 3308 3404 3309 3413 3310 3412 3307 3404 3309 3412 3307 3403 3306 3405 3311 3414 3312 3413 3310 3405 3311 3413 3310 3404 3309 3406 3313 3415 3314 3414 3312 3406 3313 3414 3312 3405 3311 3407 3315 3416 3316 3415 3314 3407 3315 3415 3314 3406 3313 3408 3317 3417 3318 3416 3316 3408 3317 3416 3316 3407 3315 3409 3319 3410 3320 3417 3318 3409 3319 3417 3318 3408 3317 3418 3321 3433 3322 3419 3323 3426 3324 3418 3321 3420 3325 3426 3324 3432 3326 3433 3322 3426 3324 3433 3322 3418 3321 3425 3327 3431 3328 3432 3326 3425 3327 3432 3326 3426 3324 3424 3329 3430 3330 3431 3328 3424 3329 3431 3328 3425 3327 3423 3331 3429 3332 3430 3330 3423 3331 3430 3330 3424 3329 3422 3333 3428 3334 3429 3332 3422 3333 3429 3332 3423 3331 3421 3335 3427 3336 3428 3334 3421 3335 3428 3334 3422 3333 3460 3337 3446 3338 3459 3339 3461 3340 3462 3341 3458 3342 3461 3340 3442 3343 3462 3341 3463 3344 3443 3345 3442 3343 3463 3344 3458 3342 3457 3346 3463 3344 3461 3340 3458 3342 3463 3344 3442 3343 3461 3340 3464 3347 3457 3346 3456 3348 3464 3347 3463 3344 3457 3346 3464 3347 3443 3345 3463 3344 3465 3349 3464 3347 3456 3348 3465 3349 3443 3345 3464 3347 3466 3350 3444 3351 3443 3345 3466 3350 3456 3348 3455 3352 3466 3350 3443 3345 3465 3349 3466 3350 3465 3349 3456 3348 3467 3353 3444 3351 3466 3350 3467 3353 3466 3350 3455 3352 3468 3354 3445 3355 3444 3351 3468 3354 3444 3351 3467 3353 3468 3354 3467 3353 3455 3352 3469 3356 3434 3357 3435 3358 3469 3356 3435 3358 3436 3359 3469 3356 3436 3359 3437 3360 3469 3356 3455 3352 3434 3357 3469 3356 3445 3355 3468 3354 3469 3356 3468 3354 3455 3352 3470 3361 3437 3360 3438 3362 3470 3361 3469 3356 3437 3360 3470 3361 3445 3355 3469 3356 3471 3363 3438 3362 3439 3364 3471 3363 3439 3364 3440 3365 3471 3363 3440 3365 3445 3355 3471 3363 3470 3361 3438 3362 3471 3363 3445 3355 3470 3361 3472 3366 3473 3367 3474 3368 3472 3366 3460 3337 3459 3339 3472 3366 3475 3369 3460 3337 3472 3366 3474 3368 3475 3369 3476 3370 3442 3343 3441 3371 3476 3370 3462 3341 3442 3343 3476 3370 3441 3371 3477 3372 3476 3370 3477 3372 3478 3373 3479 3374 3459 3339 3458 3342 3479 3374 3458 3342 3462 3341 3480 3375 3447 3376 3446 3338 3480 3375 3448 3377 3447 3376 3480 3375 3449 3378 3448 3377 3480 3375 3450 3379 3449 3378 3480 3375 3446 3338 3460 3337 3481 3380 3480 3375 3477 3372 3481 3380 3450 3379 3480 3375 3482 3381 3451 3382 3450 3379 3482 3381 3481 3380 3477 3372 3482 3381 3450 3379 3481 3380 3483 3383 3477 3372 3480 3375 3483 3383 3480 3375 3460 3337 3483 3383 3474 3368 3473 3367 3483 3383 3473 3367 3478 3373 3483 3383 3460 3337 3475 3369 3483 3383 3478 3373 3477 3372 3483 3383 3475 3369 3474 3368 3484 3384 3478 3373 3473 3367 3484 3384 3473 3367 3472 3366 3484 3384 3476 3370 3478 3373 3485 3385 3476 3370 3484 3384 3485 3385 3484 3384 3472 3366 3485 3385 3472 3366 3459 3339 3486 3386 3462 3341 3476 3370 3486 3386 3479 3374 3462 3341 3486 3386 3476 3370 3485 3385 3487 3387 3451 3382 3482 3381 3487 3387 3452 3388 3451 3382 3487 3387 3482 3381 3477 3372 3487 3387 3453 3389 3452 3388 3487 3387 3454 3390 3453 3389 3487 3387 3441 3371 3454 3390 3487 3387 3477 3372 3441 3371 3488 3391 3459 3339 3479 3374 3488 3391 3485 3385 3459 3339 3488 3391 3479 3374 3486 3386 3488 3391 3486 3386 3485 3385 3500 3392 3496 3393 3497 3394 3500 3392 3497 3394 3498 3395 3508 3396 3489 3397 3490 3398 3508 3396 3490 3398 3491 3399 3502 3400 3509 3401 3503 3402 3501 3403 3509 3401 3502 3400 3510 3404 3491 3399 3492 3405 3510 3404 3492 3405 3493 3406 3510 3404 3493 3406 3494 3407 3510 3404 3494 3407 3495 3408 3510 3404 3495 3408 3496 3393 3510 3404 3509 3401 3508 3396 3510 3404 3496 3393 3500 3392 3510 3404 3508 3396 3491 3399 3511 3409 3500 3392 3499 3410 3511 3409 3505 3411 3504 3412 3511 3409 3506 3413 3505 3411 3511 3409 3507 3414 3506 3413 3511 3409 3499 3410 3507 3414 3512 3415 3504 3412 3503 3402 3512 3415 3511 3409 3504 3412 3512 3415 3500 3392 3511 3409 3512 3415 3510 3404 3500 3392 3512 3415 3509 3401 3510 3404 3512 3415 3503 3402 3509 3401 3528 3416 3519 3417 3520 3418 3528 3416 3520 3418 3521 3419 3527 3420 3518 3421 3519 3417 3527 3420 3519 3417 3528 3416 3526 3422 3517 3423 3518 3421 3526 3422 3518 3421 3527 3420 3516 3424 3517 3423 3526 3422 3525 3425 3516 3424 3526 3422 3515 3426 3516 3424 3525 3425 3524 3427 3515 3426 3525 3425 3514 3428 3515 3426 3524 3427 3523 3429 3514 3428 3524 3427 3513 3430 3514 3428 3523 3429 3522 3431 3513 3430 3523 3429 3537 3432 3535 3433 3536 3434 3543 3435 3534 3436 3535 3433 3543 3435 3535 3433 3537 3432 3542 3437 3533 3438 3534 3436 3542 3437 3534 3436 3543 3435 3541 3439 3532 3440 3533 3438 3541 3439 3533 3438 3542 3437 3540 3441 3531 3442 3532 3440 3540 3441 3532 3440 3541 3439 3539 3443 3530 3444 3531 3442 3539 3443 3531 3442 3540 3441 3538 3445 3529 3446 3530 3444 3538 3445 3530 3444 3539 3443 3557 3447 3549 3448 3550 3449 3557 3447 3550 3449 3551 3450 3556 3451 3548 3452 3549 3448 3556 3451 3549 3448 3557 3447 3555 3453 3546 3454 3547 3455 3555 3453 3547 3455 3548 3452 3555 3453 3548 3452 3556 3451 3554 3456 3545 3457 3546 3454 3554 3456 3546 3454 3555 3453 3553 3458 3544 3459 3545 3457 3553 3458 3545 3457 3554 3456 3552 3460 3544 3459 3553 3458 3577 3461 3572 3462 3571 3463 3577 3461 3573 3464 3572 3462 3566 3465 3565 3466 3573 3464 3566 3465 3577 3461 3576 3467 3566 3465 3573 3464 3577 3461 3567 3468 3576 3467 3575 3469 3567 3468 3566 3465 3576 3467 3559 3470 3574 3471 3558 3472 3563 3473 3570 3474 3562 3475 3564 3476 3570 3474 3563 3473 3578 3477 3559 3470 3560 3478 3578 3477 3560 3478 3561 3479 3578 3477 3561 3479 3562 3475 3578 3477 3568 3480 3567 3468 3578 3477 3569 3481 3568 3480 3578 3477 3570 3474 3569 3481 3578 3477 3575 3469 3574 3471 3578 3477 3567 3468 3575 3469 3578 3477 3574 3471 3559 3470 3578 3477 3562 3475 3570 3474 3584 3482 3583 3483 3592 3484 3580 3485 3586 3486 3579 3487 3581 3488 3586 3486 3580 3485 3582 3489 3586 3486 3581 3488 3593 3490 3589 3491 3588 3492 3593 3490 3590 3493 3589 3491 3593 3490 3591 3494 3590 3493 3593 3490 3592 3484 3591 3494 3593 3490 3584 3482 3592 3484 3594 3495 3585 3496 3584 3482 3594 3495 3586 3486 3585 3496 3594 3495 3588 3492 3587 3497 3594 3495 3587 3497 3579 3487 3594 3495 3593 3490 3588 3492 3594 3495 3579 3487 3586 3486 3594 3495 3584 3482 3593 3490 3595 3498 3604 3499 3603 3500 3596 3501 3605 3502 3604 3499 3596 3501 3604 3499 3595 3498 3597 3503 3606 3504 3605 3502 3597 3503 3605 3502 3596 3501 3598 3505 3607 3506 3606 3504 3598 3505 3606 3504 3597 3503 3599 3507 3608 3508 3607 3506 3599 3507 3607 3506 3598 3505 3600 3509 3609 3510 3608 3508 3600 3509 3608 3508 3599 3507 3601 3511 3602 3512 3609 3510 3601 3511 3609 3510 3600 3509 3610 3513 3620 3514 3619 3515 3611 3516 3621 3517 3620 3514 3611 3516 3620 3514 3610 3513 3612 3518 3622 3519 3621 3517 3612 3518 3623 3520 3622 3519 3612 3518 3621 3517 3611 3516 3613 3521 3624 3522 3623 3520 3613 3521 3623 3520 3612 3518 3614 3523 3625 3524 3624 3522 3614 3523 3626 3525 3625 3524 3614 3523 3624 3522 3613 3521 3615 3526 3627 3527 3626 3525 3615 3526 3626 3525 3614 3523 3616 3528 3628 3529 3627 3527 3616 3528 3627 3527 3615 3526 3617 3530 3618 3531 3628 3529 3617 3530 3628 3529 3616 3528 3640 3532 3638 3533 3639 3534 3650 3535 3637 3536 3638 3533 3650 3535 3638 3533 3640 3532 3649 3537 3636 3538 3637 3536 3649 3537 3637 3536 3650 3535 3648 3539 3635 3540 3636 3538 3648 3539 3636 3538 3649 3537 3647 3541 3634 3542 3635 3540 3647 3541 3635 3540 3648 3539 3646 3543 3634 3542 3647 3541 3645 3544 3633 3545 3634 3542 3645 3544 3634 3542 3646 3543 3644 3546 3632 3547 3633 3545 3644 3546 3633 3545 3645 3544 3643 3548 3631 3549 3632 3547 3643 3548 3632 3547 3644 3546 3642 3550 3630 3551 3631 3549 3642 3550 3631 3549 3643 3548 3641 3552 3629 3553 3630 3551 3641 3552 3630 3551 3642 3550 3652 3554 3664 3555 3663 3556 3652 3554 3663 3556 3651 3557 3653 3558 3665 3559 3664 3555 3653 3558 3664 3555 3652 3554 3654 3560 3666 3561 3665 3559 3654 3560 3665 3559 3653 3558 3655 3562 3667 3563 3666 3561 3655 3562 3666 3561 3654 3560 3656 3564 3668 3565 3667 3563 3656 3564 3669 3566 3668 3565 3656 3564 3667 3563 3655 3562 3657 3567 3670 3568 3669 3566 3657 3567 3669 3566 3656 3564 3658 3569 3671 3570 3670 3568 3658 3569 3670 3568 3657 3567 3659 3571 3672 3572 3671 3570 3659 3571 3671 3570 3658 3569 3660 3573 3662 3574 3672 3572 3660 3573 3672 3572 3659 3571 3661 3575 3662 3574 3660 3573 3675 3576 3674 3577 3673 3578 3675 3576 3694 3579 3674 3577 3676 3580 3693 3581 3694 3579 3676 3580 3694 3579 3675 3576 3677 3582 3692 3583 3693 3581 3677 3582 3693 3581 3676 3580 3678 3584 3691 3585 3692 3583 3678 3584 3692 3583 3677 3582 3679 3586 3690 3587 3691 3585 3679 3586 3691 3585 3678 3584 3680 3588 3689 3589 3690 3587 3680 3588 3690 3587 3679 3586 3681 3590 3688 3591 3689 3589 3681 3590 3689 3589 3680 3588 3682 3592 3687 3593 3688 3591 3682 3592 3688 3591 3681 3590 3683 3594 3686 3595 3687 3593 3683 3594 3687 3593 3682 3592 3684 3596 3685 3597 3686 3595 3684 3596 3686 3595 3683 3594 3697 3598 3696 3599 3695 3600 3697 3598 3705 3601 3696 3599 3698 3602 3705 3601 3697 3598 3699 3603 3706 3604 3705 3601 3699 3603 3705 3601 3698 3602 3700 3605 3707 3606 3706 3604 3700 3605 3706 3604 3699 3603 3701 3607 3708 3608 3707 3606 3701 3607 3707 3606 3700 3605 3702 3609 3704 3610 3708 3608 3702 3609 3708 3608 3701 3607 3703 3611 3704 3610 3702 3609 3723 3612 3710 3613 3709 3614 3723 3612 3711 3615 3710 3613 3723 3612 3712 3616 3711 3615 3719 3617 3709 3614 3713 3618 3719 3617 3713 3618 3714 3619 3719 3617 3714 3619 3715 3620 3719 3617 3723 3612 3709 3614 3725 3621 3724 3622 3718 3623 3717 3624 3725 3621 3718 3623 3721 3625 3720 3626 3725 3621 3721 3625 3725 3621 3717 3624 3722 3627 3721 3625 3717 3624 3716 3628 3722 3627 3717 3624 3726 3629 3719 3617 3718 3623 3726 3629 3724 3622 3723 3612 3726 3629 3723 3612 3719 3617 3726 3629 3718 3623 3724 3622 3736 3630 3728 3631 3727 3632 3738 3633 3736 3630 3727 3632 3735 3634 3736 3630 3738 3633 3734 3635 3738 3633 3739 3636 3734 3635 3735 3634 3738 3633 3740 3637 3734 3635 3739 3636 3733 3638 3734 3635 3740 3637 3741 3639 3733 3638 3740 3637 3732 3640 3741 3639 3742 3641 3732 3640 3733 3638 3741 3639 3743 3642 3732 3640 3742 3641 3731 3643 3732 3640 3743 3642 3744 3644 3731 3643 3743 3642 3730 3645 3731 3643 3744 3644 3737 3646 3730 3645 3744 3644 3729 3647 3730 3645 3737 3646 3791 3648 3775 3648 3771 3648 3792 3649 3773 3649 3789 3649 3786 3650 3772 3650 3769 3650 3788 3651 3790 3651 3774 3651 3746 3652 3761 3652 3777 3652 3745 3653 3776 3653 3792 3653 3783 3654 3768 3654 3766 3654 3784 3655 3787 3655 3770 3655 3750 3656 3762 3656 3747 3656 3759 3657 3761 3657 3749 3657 3753 3658 3757 3658 3760 3658 3751 3659 3758 3659 3748 3659 3781 3660 3767 3660 3763 3660 3781 3661 3785 3661 3767 3661 3779 3662 3764 3662 3778 3662 3780 3663 3782 3664 3765 3664 3755 3665 3756 3665 3752 3665 3754 3666 3755 3666 3752 3666 3800 3667 3801 3668 3802 3669 3810 3670 3800 3667 3802 3669 3799 3671 3800 3667 3810 3670 3809 3672 3799 3671 3810 3670 3808 3673 3798 3674 3799 3671 3808 3673 3799 3671 3809 3672 3807 3675 3797 3676 3798 3674 3807 3675 3798 3674 3808 3673 3806 3677 3796 3678 3797 3676 3806 3677 3797 3676 3807 3675 3805 3679 3795 3680 3796 3678 3805 3679 3796 3678 3806 3677 3804 3681 3794 3682 3795 3680 3804 3681 3795 3680 3805 3679 3803 3683 3793 3684 3794 3682 3803 3683 3794 3682 3804 3681 3814 3685 3812 3685 3811 3685 3814 3686 3811 3686 3819 3686 3816 3687 3813 3687 3818 3687 3815 3688 3814 3688 3817 3688 3829 3689 3824 3690 3823 3691 3829 3689 3825 3692 3824 3690 3828 3693 3823 3691 3822 3694 3828 3693 3829 3689 3823 3691 3827 3695 3822 3694 3821 3696 3827 3695 3828 3693 3822 3694 3826 3697 3821 3696 3820 3698 3826 3697 3827 3695 3821 3696 3830 3699 3820 3698 3833 3700 3830 3699 3826 3697 3820 3698 3831 3701 3833 3700 3832 3702 3831 3701 3830 3699 3833 3700 3870 3703 3873 3703 3872 3703 3876 3704 3870 3705 3868 3706 3876 3707 3874 3707 3871 3707 3867 3708 3852 3708 3835 3708 3855 3709 3851 3709 3877 3709 3847 3710 3850 3710 3854 3710 3836 3711 3866 3711 3834 3711 3857 3712 3845 3712 3848 3712 3858 3713 3849 3713 3856 3713 3843 3714 3846 3714 3858 3714 3865 3715 3837 3715 3840 3715 3864 3716 3866 3716 3836 3716 3860 3717 3842 3717 3857 3717 3863 3718 3839 3718 3844 3718 3861 3719 3841 3719 3859 3719 3862 3720 3864 3720 3838 3720 3853 3721 3875 3721 3869 3721 3889 3722 3882 3723 3883 3724 3889 3722 3883 3724 3884 3725 3888 3726 3880 3727 3881 3728 3888 3726 3881 3728 3882 3723 3888 3726 3882 3723 3889 3722 3887 3729 3879 3730 3880 3727 3887 3729 3880 3727 3888 3726 3886 3731 3878 3732 3879 3730 3886 3731 3879 3730 3887 3729 3885 3733 3878 3732 3886 3731 3896 3734 3894 3735 3895 3736 3901 3737 3893 3738 3894 3735 3901 3737 3894 3735 3896 3734 3900 3739 3892 3740 3893 3738 3900 3739 3893 3738 3901 3737 3899 3741 3892 3740 3900 3739 3898 3742 3891 3743 3892 3740 3898 3742 3892 3740 3899 3741 3897 3744 3890 3745 3891 3743 3897 3744 3891 3743 3898 3742 3924 3746 3914 3747 3913 3748 3924 3746 3915 3749 3914 3747 3924 3746 3916 3750 3915 3749 3924 3746 3913 3748 3923 3751 3925 3752 3909 3753 3908 3754 3925 3752 3917 3755 3916 3750 3925 3752 3918 3756 3917 3755 3925 3752 3908 3754 3918 3756 3925 3752 3924 3746 3923 3751 3925 3752 3916 3750 3924 3746 3926 3757 3909 3753 3925 3752 3926 3757 3925 3752 3923 3751 3927 3758 3923 3751 3922 3759 3927 3758 3909 3753 3926 3757 3927 3758 3926 3757 3923 3751 3928 3760 3910 3761 3909 3753 3928 3760 3922 3759 3921 3762 3928 3760 3909 3753 3927 3758 3928 3760 3927 3758 3922 3759 3929 3763 3928 3760 3921 3762 3929 3763 3910 3761 3928 3760 3930 3764 3911 3765 3910 3761 3930 3764 3921 3762 3920 3766 3930 3764 3929 3763 3921 3762 3930 3764 3910 3761 3929 3763 3931 3767 3930 3764 3920 3766 3931 3767 3911 3765 3930 3764 3932 3768 3912 3769 3911 3765 3932 3768 3920 3766 3919 3770 3932 3768 3931 3767 3920 3766 3932 3768 3911 3765 3931 3767 3933 3771 3912 3769 3932 3768 3933 3771 3932 3768 3919 3770 3934 3772 3902 3773 3903 3774 3934 3772 3903 3774 3904 3775 3934 3772 3904 3775 3905 3776 3934 3772 3905 3776 3906 3777 3934 3772 3906 3777 3907 3778 3934 3772 3907 3778 3912 3769 3934 3772 3919 3770 3902 3773 3934 3772 3912 3769 3933 3771 3934 3772 3933 3771 3919 3770 3935 3779 3948 3780 3936 3781 3942 3782 3947 3783 3948 3780 3942 3782 3948 3780 3935 3779 3941 3784 3946 3785 3947 3783 3941 3784 3947 3783 3942 3782 3940 3786 3946 3785 3941 3784 3939 3787 3945 3788 3946 3785 3939 3787 3946 3785 3940 3786 3938 3789 3944 3790 3945 3788 3938 3789 3945 3788 3939 3787 3937 3791 3943 3792 3944 3790 3937 3791 3944 3790 3938 3789 3979 3793 3965 3794 3964 3795 3979 3793 3966 3796 3965 3794 3979 3793 3967 3797 3966 3796 3979 3793 3964 3795 3978 3798 3980 3799 3967 3797 3979 3793 3980 3799 3979 3793 3978 3798 3981 3800 3957 3801 3956 3802 3981 3800 3968 3803 3967 3797 3981 3800 3969 3804 3968 3803 3981 3800 3970 3805 3969 3804 3981 3800 3956 3802 3970 3805 3981 3800 3967 3797 3980 3799 3981 3800 3980 3799 3978 3798 3982 3806 3978 3798 3977 3807 3982 3806 3981 3800 3978 3798 3982 3806 3957 3801 3981 3800 3983 3808 3982 3806 3977 3807 3983 3808 3957 3801 3982 3806 3984 3809 3958 3810 3957 3801 3984 3809 3977 3807 3976 3811 3984 3809 3957 3801 3983 3808 3984 3809 3983 3808 3977 3807 3985 3812 3984 3809 3976 3811 3985 3812 3958 3810 3984 3809 3986 3813 3959 3814 3958 3810 3986 3813 3976 3811 3975 3815 3986 3813 3985 3812 3976 3811 3986 3813 3958 3810 3985 3812 3987 3816 3986 3813 3975 3815 3987 3816 3959 3814 3986 3813 3988 3817 3960 3818 3959 3814 3988 3817 3975 3815 3974 3819 3988 3817 3959 3814 3987 3816 3988 3817 3987 3816 3975 3815 3989 3820 3974 3819 3973 3821 3989 3820 3988 3817 3974 3819 3989 3820 3960 3818 3988 3817 3990 3822 3989 3820 3973 3821 3990 3822 3960 3818 3989 3820 3991 3823 3961 3824 3960 3818 3991 3823 3973 3821 3972 3825 3991 3823 3960 3818 3990 3822 3991 3823 3990 3822 3973 3821 3992 3826 3961 3824 3991 3823 3992 3826 3991 3823 3972 3825 3993 3827 3962 3828 3961 3824 3993 3827 3972 3825 3971 3829 3993 3827 3961 3824 3992 3826 3993 3827 3992 3826 3972 3825 3994 3830 3993 3827 3971 3829 3994 3830 3962 3828 3993 3827 3995 3831 3994 3830 3971 3829 3995 3831 3962 3828 3994 3830 3995 3831 3963 3832 3962 3828 3996 3833 3949 3834 3950 3835 3996 3833 3950 3835 3951 3836 3996 3833 3951 3836 3952 3837 3996 3833 3995 3831 3971 3829 3996 3833 3963 3832 3995 3831 3996 3833 3971 3829 3949 3834 3997 3838 3952 3837 3953 3839 3997 3838 3953 3839 3954 3840 3997 3838 3954 3840 3955 3841 3997 3838 3963 3832 3996 3833 3997 3838 3955 3841 3963 3832 3997 3838 3996 3833 3952 3837 4000 3842 3999 3843 3998 3844 4000 3842 4008 3845 3999 3843 4000 3842 4009 3846 4008 3845 4001 3847 4009 3846 4000 3842 4002 3848 4010 3849 4009 3846 4002 3848 4009 3846 4001 3847 4003 3850 4011 3851 4010 3849 4003 3850 4010 3849 4002 3848 4004 3852 4012 3853 4011 3851 4004 3852 4011 3851 4003 3850 4005 3854 4013 3855 4012 3853 4005 3854 4012 3853 4004 3852 4006 3856 4007 3857 4013 3855 4006 3856 4013 3855 4005 3854 4015 3858 4024 3859 4023 3860 4015 3858 4023 3860 4014 3861 4016 3862 4025 3863 4024 3859 4016 3862 4024 3859 4015 3858 4017 3864 4026 3865 4025 3863 4017 3864 4025 3863 4016 3862 4018 3866 4027 3867 4026 3865 4018 3866 4028 3868 4027 3867 4018 3866 4026 3865 4017 3864 4019 3869 4029 3870 4028 3868 4019 3869 4028 3868 4018 3866 4020 3871 4022 3872 4029 3870 4020 3871 4029 3870 4019 3869 4021 3873 4022 3872 4020 3871 4051 3874 4043 3875 4042 3876 4051 3874 4044 3877 4043 3875 4051 3874 4042 3876 4050 3878 4052 3879 4045 3880 4044 3877 4052 3879 4051 3874 4050 3878 4052 3879 4044 3877 4051 3874 4053 3881 4039 3882 4038 3883 4053 3881 4046 3884 4045 3880 4053 3881 4047 3885 4046 3884 4053 3881 4038 3883 4047 3885 4053 3881 4045 3880 4052 3879 4053 3881 4052 3879 4050 3878 4054 3886 4039 3882 4053 3881 4054 3886 4053 3881 4050 3878 4055 3887 4040 3888 4039 3882 4055 3887 4050 3878 4049 3889 4055 3887 4054 3886 4050 3878 4055 3887 4039 3882 4054 3886 4056 3890 4055 3887 4049 3889 4056 3890 4040 3888 4055 3887 4057 3891 4041 3892 4040 3888 4057 3891 4049 3889 4048 3893 4057 3891 4040 3888 4056 3890 4057 3891 4056 3890 4049 3889 4058 3894 4057 3891 4048 3893 4058 3894 4041 3892 4057 3891 4059 3895 4030 3896 4031 3897 4059 3895 4031 3897 4032 3898 4059 3895 4032 3898 4033 3899 4059 3895 4033 3899 4034 3900 4059 3895 4048 3893 4030 3896 4059 3895 4058 3894 4048 3893 4059 3895 4041 3892 4058 3894 4060 3901 4059 3895 4034 3900 4060 3901 4041 3892 4059 3895 4061 3902 4034 3900 4035 3903 4061 3902 4035 3903 4036 3904 4061 3902 4036 3904 4037 3905 4061 3902 4037 3905 4041 3892 4061 3902 4060 3901 4034 3900 4061 3902 4041 3892 4060 3901 4063 3906 4071 3907 4070 3908 4063 3906 4070 3908 4062 3909 4064 3910 4072 3911 4071 3907 4064 3910 4073 3912 4072 3911 4064 3910 4071 3907 4063 3906 4065 3913 4073 3912 4064 3910 4066 3914 4074 3915 4073 3912 4066 3914 4073 3912 4065 3913 4067 3916 4075 3917 4074 3915 4067 3916 4074 3915 4066 3914 4068 3918 4069 3919 4075 3917 4068 3918 4075 3917 4067 3916 4076 3920 4085 3921 4084 3922 4077 3923 4086 3924 4085 3921 4077 3923 4085 3921 4076 3920 4078 3925 4087 3926 4086 3924 4078 3925 4086 3924 4077 3923 4079 3927 4088 3928 4087 3926 4079 3927 4087 3926 4078 3925 4080 3929 4089 3930 4088 3928 4080 3929 4088 3928 4079 3927 4081 3931 4090 3932 4089 3930 4081 3931 4089 3930 4080 3929 4082 3933 4083 3934 4090 3932 4082 3933 4090 3932 4081 3931 4117 3935 4101 3936 4100 3937 4118 3938 4106 3939 4105 3940 4118 3938 4107 3941 4106 3939 4118 3938 4105 3940 4116 3942 4119 3943 4108 3944 4107 3941 4119 3943 4107 3941 4118 3938 4119 3943 4118 3938 4116 3942 4120 3945 4119 3943 4116 3942 4120 3945 4108 3944 4119 3943 4121 3946 4100 3937 4099 3947 4121 3946 4109 3948 4108 3944 4121 3946 4110 3949 4109 3948 4121 3946 4111 3950 4110 3949 4121 3946 4099 3947 4111 3950 4121 3946 4120 3945 4116 3942 4121 3946 4108 3944 4120 3945 4122 3951 4121 3946 4116 3942 4122 3951 4100 3937 4121 3946 4123 3952 4116 3942 4115 3953 4123 3952 4122 3951 4116 3942 4123 3952 4100 3937 4122 3951 4123 3952 4115 3953 4117 3935 4123 3952 4117 3935 4100 3937 4124 3954 4115 3953 4114 3955 4124 3954 4117 3935 4115 3953 4124 3954 4101 3936 4117 3935 4125 3956 4102 3957 4101 3936 4125 3956 4114 3955 4113 3958 4125 3956 4101 3936 4124 3954 4125 3956 4124 3954 4114 3955 4126 3959 4125 3956 4113 3958 4126 3959 4102 3957 4125 3956 4127 3960 4103 3961 4102 3957 4127 3960 4113 3958 4112 3962 4127 3960 4102 3957 4126 3959 4127 3960 4126 3959 4113 3958 4128 3963 4103 3961 4127 3960 4128 3963 4127 3960 4112 3962 4129 3964 4104 3965 4103 3961 4129 3964 4103 3961 4128 3963 4129 3964 4128 3963 4112 3962 4130 3966 4091 3967 4092 3968 4130 3966 4092 3968 4093 3969 4130 3966 4093 3969 4094 3970 4130 3966 4094 3970 4095 3971 4130 3966 4112 3962 4091 3967 4130 3966 4104 3965 4129 3964 4130 3966 4129 3964 4112 3962 4131 3972 4130 3966 4095 3971 4131 3972 4104 3965 4130 3966 4132 3973 4095 3971 4096 3974 4132 3973 4096 3974 4097 3975 4132 3973 4097 3975 4098 3976 4132 3973 4098 3976 4104 3965 4132 3973 4131 3972 4095 3971 4132 3973 4104 3965 4131 3972 4134 3977 4143 3978 4142 3979 4134 3977 4142 3979 4133 3980 4135 3981 4144 3982 4143 3978 4135 3981 4143 3978 4134 3977 4136 3983 4145 3984 4144 3982 4136 3983 4146 3985 4145 3984 4136 3983 4144 3982 4135 3981 4137 3986 4147 3987 4146 3985 4137 3986 4146 3985 4136 3983 4138 3988 4148 3989 4147 3987 4138 3988 4147 3987 4137 3986 4139 3990 4141 3991 4148 3989 4139 3990 4148 3989 4138 3988 4140 3992 4141 3991 4139 3990 4157 3993 4155 3994 4156 3995 4164 3996 4154 3997 4155 3994 4164 3996 4155 3994 4157 3993 4163 3998 4153 3999 4154 3997 4163 3998 4154 3997 4164 3996 4162 4000 4152 4001 4153 3999 4162 4000 4153 3999 4163 3998 4161 4002 4152 4001 4162 4000 4160 4003 4151 4004 4152 4001 4160 4003 4152 4001 4161 4002 4159 4005 4150 4006 4151 4004 4159 4005 4151 4004 4160 4003 4158 4007 4149 4008 4150 4006 4158 4007 4150 4006 4159 4005 4167 4009 4166 4010 4165 4011 4167 4009 4180 4012 4166 4010 4168 4013 4179 4014 4180 4012 4168 4013 4180 4012 4167 4009 4169 4015 4178 4016 4179 4014 4169 4015 4179 4014 4168 4013 4170 4017 4177 4018 4178 4016 4170 4017 4178 4016 4169 4015 4171 4019 4176 4020 4177 4018 4171 4019 4177 4018 4170 4017 4172 4021 4175 4022 4176 4020 4172 4021 4176 4020 4171 4019 4173 4023 4174 4024 4175 4022 4173 4023 4175 4022 4172 4021 4185 4025 4186 4025 4188 4025 4189 4026 4184 4027 4187 4028 4183 4029 4185 4030 4190 4031 4181 4032 4182 4032 4189 4032 4202 4033 4194 4034 4198 4035 4195 4036 4194 4034 4202 4033 4201 4037 4195 4036 4202 4033 4196 4038 4195 4036 4201 4037 4200 4039 4196 4038 4201 4037 4197 4040 4196 4038 4200 4039 4199 4041 4193 4042 4197 4040 4199 4041 4197 4040 4200 4039 4203 4043 4193 4042 4199 4041 4192 4044 4193 4042 4203 4043 4204 4045 4191 4046 4192 4044 4204 4045 4192 4044 4203 4043 4249 4047 4205 4047 4207 4047 4211 4048 4247 4048 4250 4048 4208 4049 4248 4049 4206 4049 4226 4050 4228 4050 4230 4050 4245 4051 4227 4051 4229 4051 4233 4052 4210 4053 4213 4053 4225 4054 4226 4054 4244 4054 4215 4055 4232 4055 4212 4055 4236 4056 4234 4056 4217 4056 4243 4057 4225 4057 4244 4057 4221 4058 4224 4058 4242 4058 4238 4059 4216 4059 4218 4059 4237 4060 4235 4060 4214 4060 4241 4061 4220 4061 4223 4061 4240 4062 4222 4062 4243 4062 4240 4063 4239 4064 4219 4065 4231 4066 4246 4066 4209 4066 4253 4067 4252 4068 4251 4069 4259 4070 4258 4071 4257 4072 4260 4073 4257 4072 4256 4074 4260 4073 4259 4070 4257 4072 4261 4075 4256 4074 4255 4076 4261 4075 4260 4073 4256 4074 4262 4077 4254 4078 4253 4067 4262 4077 4255 4076 4254 4078 4262 4077 4261 4075 4255 4076 4262 4077 4253 4067 4251 4069 4284 4079 4263 4080 4285 4081 4283 4082 4264 4083 4263 4080 4283 4082 4263 4080 4284 4079 4282 4084 4265 4085 4264 4083 4282 4084 4266 4086 4265 4085 4282 4084 4264 4083 4283 4082 4277 4087 4275 4088 4274 4089 4277 4087 4276 4090 4275 4088 4281 4091 4267 4092 4266 4086 4281 4091 4268 4093 4267 4092 4281 4091 4269 4094 4268 4093 4281 4091 4266 4086 4282 4084 4278 4095 4271 4096 4270 4097 4278 4095 4272 4098 4271 4096 4278 4095 4273 4099 4272 4098 4278 4095 4274 4089 4273 4099 4278 4095 4277 4087 4274 4089 4280 4100 4269 4094 4281 4091 4279 4101 4270 4097 4269 4094 4279 4101 4278 4095 4270 4097 4279 4101 4269 4094 4280 4100 4300 4102 4299 4103 4298 4104 4287 4105 4298 4104 4297 4106 4287 4105 4286 4107 4300 4102 4287 4105 4300 4102 4298 4104 4288 4108 4297 4106 4296 4109 4288 4108 4287 4105 4297 4106 4289 4110 4288 4108 4296 4109 4290 4111 4296 4109 4295 4112 4290 4111 4289 4110 4296 4109 4293 4113 4295 4112 4294 4114 4293 4113 4290 4111 4295 4112 4291 4115 4290 4111 4293 4113 4292 4116 4291 4115 4293 4113 4322 4117 4307 4118 4308 4119 4322 4117 4308 4119 4309 4120 4323 4121 4322 4117 4309 4120 4324 4122 4309 4120 4310 4123 4324 4122 4323 4121 4309 4120 4325 4124 4324 4122 4310 4123 4326 4125 4303 4126 4302 4127 4326 4125 4310 4123 4303 4126 4326 4125 4325 4124 4310 4123 4327 4128 4323 4121 4324 4122 4327 4128 4325 4124 4326 4125 4327 4128 4324 4122 4325 4124 4327 4128 4326 4125 4302 4127 4327 4128 4322 4117 4323 4121 4328 4129 4301 4130 4312 4131 4329 4132 4304 4133 4305 4134 4329 4132 4305 4134 4306 4135 4329 4132 4306 4135 4307 4118 4329 4132 4322 4117 4327 4128 4329 4132 4307 4118 4322 4117 4330 4136 4302 4127 4301 4130 4330 4136 4327 4128 4302 4127 4331 4137 4311 4138 4304 4133 4331 4137 4304 4133 4329 4132 4332 4139 4334 4140 4333 4141 4332 4139 4335 4142 4334 4140 4332 4139 4336 4143 4335 4142 4332 4139 4337 4144 4336 4143 4332 4139 4338 4145 4337 4144 4332 4139 4328 4129 4338 4145 4339 4146 4301 4130 4328 4129 4339 4146 4328 4129 4332 4139 4340 4147 4311 4138 4331 4137 4340 4147 4331 4137 4333 4141 4341 4148 4329 4132 4327 4128 4341 4148 4327 4128 4330 4136 4341 4148 4331 4137 4329 4132 4342 4149 4333 4141 4331 4137 4342 4149 4332 4139 4333 4141 4343 4150 4332 4139 4342 4149 4343 4150 4339 4146 4332 4139 4344 4151 4345 4152 4340 4147 4344 4151 4340 4147 4333 4141 4346 4153 4333 4141 4334 4140 4346 4153 4334 4140 4335 4142 4346 4153 4335 4142 4336 4143 4346 4153 4336 4143 4337 4144 4346 4153 4337 4144 4338 4145 4346 4153 4338 4145 4328 4129 4346 4153 4344 4151 4333 4141 4346 4153 4345 4152 4344 4151 4347 4154 4328 4129 4312 4131 4347 4154 4346 4153 4328 4129 4348 4155 4301 4130 4349 4156 4348 4155 4349 4156 4341 4148 4348 4155 4330 4136 4301 4130 4348 4155 4341 4148 4330 4136 4350 4157 4341 4148 4349 4156 4350 4157 4331 4137 4341 4148 4351 4158 4349 4156 4301 4130 4351 4158 4339 4146 4343 4150 4351 4158 4301 4130 4339 4146 4352 4159 4345 4152 4346 4153 4352 4159 4354 4160 4353 4161 4352 4159 4340 4147 4345 4152 4352 4159 4355 4162 4354 4160 4352 4159 4347 4154 4355 4162 4352 4159 4346 4153 4347 4154 4356 4163 4319 4164 4320 4165 4356 4163 4320 4165 4321 4166 4356 4163 4321 4166 4311 4138 4356 4163 4340 4147 4352 4159 4356 4163 4311 4138 4340 4147 4356 4163 4352 4159 4353 4161 4357 4167 4350 4157 4349 4156 4357 4167 4343 4150 4342 4149 4357 4167 4331 4137 4350 4157 4357 4167 4351 4158 4343 4150 4357 4167 4342 4149 4331 4137 4357 4167 4349 4156 4351 4158 4358 4168 4353 4161 4354 4160 4358 4168 4354 4160 4355 4162 4358 4168 4355 4162 4347 4154 4358 4168 4356 4163 4353 4161 4358 4168 4359 4169 4356 4163 4360 4170 4316 4171 4317 4172 4360 4170 4317 4172 4318 4173 4360 4170 4318 4173 4319 4164 4360 4170 4356 4163 4359 4169 4360 4170 4319 4164 4356 4163 4361 4174 4312 4131 4313 4175 4361 4174 4358 4168 4347 4154 4361 4174 4347 4154 4312 4131 4362 4176 4313 4175 4314 4177 4362 4176 4314 4177 4315 4178 4362 4176 4315 4178 4316 4171 4362 4176 4316 4171 4360 4170 4362 4176 4361 4174 4313 4175 4362 4176 4360 4170 4361 4174 4363 4179 4359 4169 4358 4168 4363 4179 4360 4170 4359 4169 4363 4179 4358 4168 4361 4174 4363 4179 4361 4174 4360 4170 4364 4180 4367 4180 4365 4180 4369 4181 4370 4181 4372 4181 4368 4182 4371 4182 4366 4182 4384 4183 4378 4184 4379 4185 4376 4186 4381 4187 4377 4188 4385 4189 4382 4190 4383 4191 4389 4192 4388 4193 4374 4194 4390 4195 4389 4192 4374 4194 4373 4196 4390 4195 4374 4194 4391 4197 4379 4185 4380 4198 4391 4197 4380 4198 4381 4187 4391 4197 4384 4183 4379 4185 4391 4197 4381 4187 4376 4186 4392 4199 4376 4186 4375 4200 4392 4199 4383 4191 4384 4183 4392 4199 4384 4183 4391 4197 4392 4199 4391 4197 4376 4186 4393 4201 4375 4200 4374 4194 4393 4201 4392 4199 4375 4200 4393 4201 4383 4191 4392 4199 4394 4202 4386 4203 4385 4189 4394 4202 4387 4204 4386 4203 4394 4202 4388 4193 4387 4204 4394 4202 4385 4189 4383 4191 4394 4202 4393 4201 4374 4194 4394 4202 4374 4194 4388 4193 4394 4202 4383 4191 4393 4201 4396 4205 4395 4206 4415 4207 4406 4208 4413 4209 4405 4210 4406 4208 4414 4211 4413 4209 4406 4208 4415 4207 4414 4211 4406 4208 4396 4205 4415 4207 4407 4212 4396 4205 4406 4208 4408 4213 4397 4214 4396 4205 4408 4213 4396 4205 4407 4212 4409 4215 4398 4216 4397 4214 4409 4215 4397 4214 4408 4213 4410 4217 4399 4218 4398 4216 4410 4217 4398 4216 4409 4215 4411 4219 4400 4220 4399 4218 4411 4219 4399 4218 4410 4217 4412 4221 4400 4220 4411 4219 4404 4222 4401 4223 4400 4220 4404 4222 4400 4220 4412 4221 4403 4224 4404 4222 4412 4221 4402 4225 4403 4224 4412 4221 4420 4226 4417 4227 4416 4228 4420 4226 4416 4228 4423 4229 4419 4230 4423 4229 4422 4231 4419 4230 4420 4226 4423 4229 4418 4232 4422 4231 4421 4233 4418 4232 4419 4230 4422 4231 4429 4234 4425 4235 4424 4236 4429 4234 4424 4236 4432 4237 4428 4238 4432 4237 4431 4239 4428 4238 4429 4234 4432 4237 4427 4240 4431 4239 4430 4241 4427 4240 4428 4238 4431 4239 4426 4242 4427 4240 4430 4241 4435 4243 4433 4244 4434 4245 4435 4243 4444 4246 4433 4244 4436 4247 4443 4248 4444 4246 4436 4247 4444 4246 4435 4243 4437 4249 4442 4250 4443 4248 4437 4249 4443 4248 4436 4247 4438 4251 4442 4250 4437 4249 4439 4252 4441 4253 4442 4250 4439 4252 4442 4250 4438 4251 4440 4254 4441 4253 4439 4252 4447 4255 4446 4256 4445 4257 4450 4258 4446 4256 4447 4255 4448 4259 4449 4260 4450 4258 4448 4259 4450 4258 4447 4255 4451 4261 4457 4262 4452 4263 4458 4264 4457 4262 4451 4261 4453 4265 4459 4266 4458 4264 4453 4265 4458 4264 4451 4261 4454 4267 4459 4266 4453 4265 4456 4268 4459 4266 4454 4267 4455 4269 4456 4268 4454 4267 4461 4270 4462 4271 4463 4272 4461 4270 4463 4272 4464 4273 4461 4270 4464 4273 4465 4274 4461 4270 4465 4274 4466 4275 4460 4276 4466 4275 4467 4277 4460 4276 4461 4270 4466 4275 4471 4278 4473 4279 4472 4280 4468 4281 4474 4282 4470 4283 4469 4284 4468 4281 4470 4283 4475 4285 4471 4278 4470 4283 4475 4285 4474 4282 4473 4279 4475 4285 4473 4279 4471 4278 4475 4285 4470 4283 4474 4282 4487 4286 4489 4287 4493 4288 4488 4289 4489 4287 4487 4286 4494 4290 4477 4291 4478 4292 4494 4290 4478 4292 4479 4293 4494 4290 4479 4293 4480 4294 4495 4295 4480 4294 4481 4296 4495 4295 4481 4296 4482 4297 4495 4295 4494 4290 4480 4294 4496 4298 4494 4290 4495 4295 4497 4299 4496 4298 4495 4295 4498 4300 4482 4297 4483 4301 4498 4300 4483 4301 4484 4302 4498 4300 4497 4299 4495 4295 4498 4300 4495 4295 4482 4297 4499 4303 4476 4304 4477 4291 4499 4303 4477 4291 4494 4290 4499 4303 4494 4290 4496 4298 4500 4305 4490 4306 4476 4304 4500 4305 4499 4303 4501 4307 4500 4305 4476 4304 4499 4303 4502 4308 4500 4305 4501 4307 4503 4309 4484 4302 4485 4310 4504 4311 4491 4312 4490 4306 4504 4311 4492 4313 4491 4312 4504 4311 4490 4306 4500 4305 4505 4314 4500 4305 4502 4308 4505 4314 4502 4308 4503 4309 4505 4314 4504 4311 4500 4305 4506 4315 4493 4288 4492 4313 4506 4315 4492 4313 4504 4311 4506 4315 4504 4311 4505 4314 4507 4316 4505 4314 4503 4309 4507 4316 4506 4315 4505 4314 4508 4317 4485 4310 4486 4318 4508 4317 4486 4318 4487 4286 4508 4317 4503 4309 4485 4310 4508 4317 4487 4286 4493 4288 4508 4317 4493 4288 4506 4315 4508 4317 4507 4316 4503 4309 4508 4317 4506 4315 4507 4316 4509 4319 4497 4299 4498 4300 4509 4319 4498 4300 4484 4302 4509 4319 4499 4303 4496 4298 4509 4319 4496 4298 4497 4299 4510 4320 4499 4303 4509 4319 4510 4320 4509 4319 4484 4302 4511 4321 4501 4307 4499 4303 4511 4321 4499 4303 4510 4320 4511 4321 4484 4302 4503 4309 4511 4321 4502 4308 4501 4307 4511 4321 4503 4309 4502 4308 4511 4321 4510 4320 4484 4302 4527 4322 4528 4323 4529 4324 4526 4325 4527 4322 4529 4324 4513 4326 4524 4327 4525 4328 4512 4329 4523 4330 4524 4327 4512 4329 4524 4327 4513 4326 4522 4331 4523 4330 4512 4329 4518 4332 4517 4333 4533 4334 4519 4335 4518 4332 4533 4334 4520 4336 4519 4335 4533 4334 4536 4337 4530 4338 4531 4339 4536 4337 4531 4339 4534 4340 4537 4341 4525 4328 4526 4325 4537 4341 4529 4324 4530 4338 4537 4341 4526 4325 4529 4324 4537 4341 4536 4337 4534 4340 4537 4341 4530 4338 4536 4337 4538 4342 4514 4343 4513 4326 4538 4342 4515 4344 4514 4343 4538 4342 4539 4345 4515 4344 4538 4342 4534 4340 4539 4345 4538 4342 4537 4341 4534 4340 4538 4342 4525 4328 4537 4341 4538 4342 4513 4326 4525 4328 4540 4346 4515 4344 4539 4345 4540 4346 4539 4345 4534 4340 4541 4347 4516 4348 4515 4344 4541 4347 4517 4333 4516 4348 4541 4347 4534 4340 4533 4334 4541 4347 4540 4346 4534 4340 4541 4347 4515 4344 4540 4346 4541 4347 4533 4334 4517 4333 4542 4349 4521 4350 4520 4336 4542 4349 4533 4334 4532 4351 4542 4349 4532 4351 4535 4352 4542 4349 4535 4352 4521 4350 4542 4349 4520 4336 4533 4334 4561 4353 4550 4354 4549 4355 4561 4353 4549 4355 4555 4356 4561 4353 4555 4356 4556 4357 4560 4358 4551 4359 4550 4354 4560 4358 4550 4354 4561 4353 4559 4360 4552 4361 4551 4359 4559 4360 4551 4359 4560 4358 4544 4362 4548 4363 4547 4364 4544 4362 4545 4365 4548 4363 4558 4366 4553 4367 4552 4361 4558 4366 4554 4368 4553 4367 4558 4366 4552 4361 4559 4360 4557 4369 4547 4364 4546 4370 4557 4369 4546 4370 4554 4368 4557 4369 4554 4368 4558 4366 4543 4371 4544 4362 4547 4364 4543 4371 4547 4364 4557 4369 4564 4372 4566 4373 4565 4374 4564 4372 4567 4375 4566 4373 4569 4376 4568 4377 4567 4375 4569 4376 4567 4375 4564 4372 4562 4378 4568 4377 4569 4376 4572 4379 4563 4380 4562 4378 4572 4379 4569 4376 4570 4381 4572 4379 4570 4381 4571 4382 4572 4379 4573 4383 4563 4380 4572 4379 4562 4378 4569 4376 4575 4384 4574 4385 4576 4386 4577 4387 4575 4384 4576 4386 4578 4388 4575 4384 4577 4387 4584 4389 4582 4390 4581 4391 4584 4389 4583 4392 4582 4390 4585 4393 4584 4389 4581 4391 4586 4394 4585 4393 4581 4391 4587 4395 4586 4394 4581 4391 4588 4396 4587 4395 4581 4391 4579 4397 4581 4391 4580 4398 4591 4399 4581 4391 4579 4397 4589 4400 4588 4396 4581 4391 4590 4401 4581 4391 4591 4399 4590 4401 4589 4400 4581 4391 4592 4402 4594 4403 4595 4404 4592 4402 4595 4404 4593 4405 4596 4406 4598 4407 4599 4408 4597 4409 4599 4408 4600 4410 4597 4409 4596 4406 4599 4408 4607 4411 4604 4412 4603 4413 4607 4411 4605 4414 4604 4412 4602 4415 4607 4411 4603 4413 4601 4416 4607 4411 4602 4415 4606 4417 4607 4411 4601 4416 4608 4418 4606 4417 4601 4416 4609 4419 4617 4420 4610 4421 4625 4422 4613 4423 4612 4424 4625 4422 4612 4424 4618 4425 4625 4422 4618 4425 4624 4426 4626 4427 4614 4428 4613 4423 4626 4427 4613 4423 4625 4422 4627 4429 4615 4430 4614 4428 4627 4429 4616 4431 4615 4430 4627 4429 4617 4420 4616 4431 4627 4429 4614 4428 4626 4427 4627 4429 4610 4421 4617 4420 4628 4432 4621 4433 4620 4434 4628 4432 4627 4429 4626 4427 4629 4435 4620 4434 4619 4436 4629 4435 4619 4436 4611 4437 4629 4435 4628 4432 4620 4434 4629 4435 4627 4429 4628 4432 4630 4438 4611 4437 4610 4421 4630 4438 4610 4421 4627 4429 4630 4438 4629 4435 4611 4437 4630 4438 4627 4429 4629 4435 4631 4439 4622 4440 4621 4433 4631 4439 4623 4441 4622 4440 4631 4439 4624 4426 4623 4441 4631 4439 4625 4422 4624 4426 4631 4439 4621 4433 4628 4432 4631 4439 4628 4432 4626 4427 4631 4439 4626 4427 4625 4422 4640 4442 4637 4443 4638 4444 4640 4442 4638 4444 4639 4445 4646 4446 4640 4442 4641 4447 4645 4448 4640 4442 4646 4446 4644 4449 4636 4450 4637 4443 4644 4449 4637 4443 4640 4442 4644 4449 4640 4442 4645 4448 4643 4451 4635 4452 4636 4450 4643 4451 4636 4450 4644 4449 4642 4453 4634 4454 4635 4452 4642 4453 4635 4452 4643 4451 4633 4455 4634 4454 4642 4453 4632 4456 4634 4454 4633 4455 4647 4457 4649 4458 4648 4459 4653 4460 4650 4461 4649 4458 4653 4460 4649 4458 4647 4457 4652 4462 4651 4463 4650 4461 4652 4462 4650 4461 4653 4460 4656 4464 4657 4465 4658 4466 4656 4464 4658 4466 4659 4467 4656 4464 4659 4467 4660 4468 4656 4464 4660 4468 4661 4469 4655 4470 4661 4469 4662 4471 4655 4470 4656 4464 4661 4469 4654 4472 4662 4471 4663 4473 4654 4472 4655 4470 4662 4471 4668 4474 4664 4475 4665 4476 4668 4474 4670 4477 4664 4475 4667 4478 4671 4479 4670 4477 4667 4478 4670 4477 4668 4474 4666 4480 4669 4481 4671 4479 4666 4480 4671 4479 4667 4478 4672 4482 4673 4483 4674 4484 4672 4482 4674 4484 4675 4485 4672 4482 4675 4485 4676 4486 4672 4482 4676 4486 4677 4487 4679 4488 4681 4489 4682 4490 4684 4491 4679 4488 4682 4490 4678 4492 4680 4492 4683 4492 4686 4493 4685 4494 4687 4495 4686 4493 4687 4495 4688 4496 4693 4497 4690 4498 4689 4499 4694 4500 4691 4501 4690 4498 4694 4500 4690 4498 4693 4497 4695 4502 4692 4503 4691 4501 4695 4502 4691 4501 4694 4500 4696 4504 4692 4503 4695 4502 4702 4505 4700 4506 4699 4507 4702 4505 4701 4508 4700 4506 4702 4505 4698 4509 4701 4508 4697 4510 4698 4509 4702 4505 4707 4511 4711 4512 4712 4513 4706 4514 4711 4512 4707 4511 4705 4515 4709 4516 4710 4517 4705 4515 4710 4517 4711 4512 4705 4515 4711 4512 4706 4514 4704 4518 4708 4519 4709 4516 4704 4518 4709 4516 4705 4515 4703 4520 4708 4519 4704 4518 4718 4521 4714 4522 4713 4523 4719 4524 4714 4522 4718 4521 4720 4525 4715 4526 4714 4522 4720 4525 4714 4522 4719 4524 4721 4527 4716 4528 4715 4526 4721 4527 4715 4526 4720 4525 4722 4529 4717 4530 4716 4528 4722 4529 4716 4528 4721 4527 4723 4531 4717 4530 4722 4529 4730 4532 4725 4533 4724 4534 4730 4532 4726 4535 4725 4533 4730 4532 4727 4536 4726 4535 4743 4537 4728 4538 4727 4536 4743 4537 4729 4539 4728 4538 4743 4537 4727 4536 4730 4532 4736 4540 4734 4541 4735 4542 4737 4543 4734 4541 4736 4540 4744 4544 4730 4532 4731 4545 4744 4544 4742 4546 4743 4537 4744 4544 4743 4537 4730 4532 4745 4547 4744 4544 4731 4545 4745 4547 4742 4546 4744 4544 4746 4548 4731 4545 4732 4549 4746 4548 4741 4550 4742 4546 4746 4548 4745 4547 4731 4545 4746 4548 4742 4546 4745 4547 4747 4551 4746 4548 4732 4549 4747 4551 4741 4550 4746 4548 4748 4552 4732 4549 4733 4553 4748 4552 4741 4550 4747 4551 4748 4552 4747 4551 4732 4549 4749 4554 4733 4553 4734 4541 4749 4554 4737 4543 4738 4555 4749 4554 4738 4555 4739 4556 4749 4554 4739 4556 4740 4557 4749 4554 4740 4557 4741 4550 4749 4554 4748 4552 4733 4553 4749 4554 4741 4550 4748 4552 4749 4554 4734 4541 4737 4543 4755 4558 4761 4559 4762 4560 4754 4561 4760 4562 4761 4559 4754 4561 4761 4559 4755 4558 4753 4563 4759 4564 4760 4562 4753 4563 4760 4562 4754 4561 4752 4565 4758 4566 4759 4564 4752 4565 4759 4564 4753 4563 4751 4567 4758 4566 4752 4565 4750 4568 4757 4569 4758 4566 4750 4568 4758 4566 4751 4567 4756 4570 4757 4569 4750 4568 4779 4571 4774 4572 4775 4573 4779 4571 4775 4573 4776 4574 4779 4571 4776 4574 4777 4575 4779 4571 4777 4575 4778 4576 4780 4577 4779 4571 4778 4576 4780 4577 4774 4572 4779 4571 4781 4578 4770 4579 4771 4580 4781 4578 4771 4580 4772 4581 4781 4578 4772 4581 4773 4582 4781 4578 4773 4582 4774 4572 4781 4578 4774 4572 4780 4577 4781 4578 4780 4577 4778 4576 4782 4583 4763 4584 4764 4585 4782 4583 4769 4586 4768 4587 4782 4583 4764 4585 4769 4586 4782 4583 4778 4576 4763 4584 4783 4588 4766 4589 4765 4590 4783 4588 4767 4591 4766 4589 4783 4588 4768 4587 4767 4591 4783 4588 4765 4590 4770 4579 4783 4588 4781 4578 4778 4576 4783 4588 4778 4576 4782 4583 4783 4588 4770 4579 4781 4578 4783 4588 4782 4583 4768 4587 4794 4592 4788 4593 4787 4594 4795 4595 4789 4596 4788 4593 4795 4595 4788 4593 4794 4592 4796 4597 4790 4598 4789 4596 4796 4597 4789 4596 4795 4595 4797 4599 4791 4600 4790 4598 4797 4599 4790 4598 4796 4597 4798 4601 4792 4602 4791 4600 4798 4601 4791 4600 4797 4599 4799 4603 4793 4604 4792 4602 4799 4603 4792 4602 4798 4601 4785 4605 4786 4606 4793 4604 4785 4605 4793 4604 4799 4603 4800 4607 4785 4605 4799 4603 4784 4608 4785 4605 4800 4607 4801 4609 4802 4610 4808 4611 4824 4612 4804 4613 4803 4614 4824 4612 4805 4615 4804 4613 4824 4612 4806 4616 4805 4615 4824 4612 4807 4617 4806 4616 4824 4612 4808 4611 4807 4617 4824 4612 4803 4614 4809 4618 4824 4612 4823 4619 4801 4609 4824 4612 4801 4609 4808 4611 4825 4620 4823 4619 4824 4612 4825 4620 4824 4612 4809 4618 4826 4621 4822 4622 4823 4619 4826 4621 4825 4620 4809 4618 4826 4621 4823 4619 4825 4620 4827 4623 4809 4618 4810 4624 4827 4623 4826 4621 4809 4618 4827 4623 4822 4622 4826 4621 4828 4625 4821 4626 4822 4622 4828 4625 4822 4622 4827 4623 4828 4625 4827 4623 4810 4624 4829 4627 4810 4624 4811 4628 4829 4627 4821 4626 4828 4625 4829 4627 4828 4625 4810 4624 4830 4629 4811 4628 4812 4630 4830 4629 4820 4631 4821 4626 4830 4629 4829 4627 4811 4628 4830 4629 4821 4626 4829 4627 4831 4632 4830 4629 4812 4630 4831 4632 4820 4631 4830 4629 4832 4633 4812 4630 4813 4634 4832 4633 4813 4634 4814 4635 4832 4633 4814 4635 4815 4636 4833 4637 4815 4636 4816 4638 4833 4637 4812 4630 4832 4633 4833 4637 4832 4633 4815 4636 4834 4639 4816 4638 4817 4640 4834 4639 4817 4640 4818 4641 4834 4639 4818 4641 4819 4642 4834 4639 4819 4642 4820 4631 4834 4639 4820 4631 4831 4632 4834 4639 4831 4632 4812 4630 4834 4639 4833 4637 4816 4638 4834 4639 4812 4630 4833 4637 4861 4643 4846 4644 4847 4645 4862 4646 4845 4647 4863 4648 4862 4646 4863 4648 4857 4649 4864 4650 4844 4651 4845 4647 4864 4650 4857 4649 4858 4652 4864 4650 4862 4646 4857 4649 4864 4650 4845 4647 4862 4646 4865 4653 4843 4654 4844 4651 4865 4653 4844 4651 4864 4650 4865 4653 4864 4650 4858 4652 4866 4655 4843 4654 4865 4653 4866 4655 4865 4653 4858 4652 4867 4656 4842 4657 4843 4654 4867 4656 4858 4652 4859 4658 4867 4656 4866 4655 4858 4652 4867 4656 4843 4654 4866 4655 4868 4659 4867 4656 4859 4658 4868 4659 4842 4657 4867 4656 4869 4660 4859 4658 4860 4661 4869 4660 4868 4659 4859 4658 4869 4660 4842 4657 4868 4659 4870 4662 4840 4663 4839 4664 4870 4662 4841 4665 4840 4663 4870 4662 4860 4661 4841 4665 4871 4666 4839 4664 4838 4667 4871 4666 4870 4662 4839 4664 4871 4666 4860 4661 4870 4662 4872 4668 4836 4669 4835 4670 4872 4668 4837 4671 4836 4669 4872 4668 4838 4667 4837 4671 4872 4668 4835 4670 4842 4657 4872 4668 4871 4666 4838 4667 4872 4668 4842 4657 4869 4660 4872 4668 4869 4660 4860 4661 4872 4668 4860 4661 4871 4666 4873 4672 4856 4673 4857 4649 4873 4672 4874 4674 4856 4673 4873 4672 4875 4675 4874 4674 4873 4672 4857 4649 4863 4648 4876 4676 4877 4677 4878 4678 4876 4676 4846 4644 4861 4643 4876 4676 4861 4643 4879 4679 4876 4676 4879 4679 4877 4677 4880 4680 4845 4647 4846 4644 4880 4680 4863 4648 4845 4647 4881 4681 4851 4682 4852 4683 4882 4684 4881 4681 4874 4674 4882 4684 4851 4682 4881 4681 4883 4685 4851 4682 4882 4684 4883 4685 4847 4645 4848 4686 4883 4685 4848 4686 4849 4687 4883 4685 4849 4687 4850 4688 4883 4685 4850 4688 4851 4682 4883 4685 4861 4643 4847 4645 4883 4685 4882 4684 4874 4674 4884 4689 4861 4643 4883 4685 4884 4689 4883 4685 4874 4674 4884 4689 4878 4678 4877 4677 4884 4689 4875 4675 4878 4678 4884 4689 4874 4674 4875 4675 4884 4689 4879 4679 4861 4643 4884 4689 4877 4677 4879 4679 4885 4690 4876 4676 4878 4678 4885 4690 4878 4678 4875 4675 4885 4690 4875 4675 4873 4672 4886 4691 4846 4644 4876 4676 4886 4691 4885 4690 4873 4672 4886 4691 4876 4676 4885 4690 4887 4692 4873 4672 4863 4648 4887 4692 4863 4648 4880 4680 4887 4692 4886 4691 4873 4672 4888 4693 4874 4674 4881 4681 4888 4693 4852 4683 4853 4694 4888 4693 4853 4694 4854 4695 4888 4693 4854 4695 4855 4696 4888 4693 4855 4696 4856 4673 4888 4693 4856 4673 4874 4674 4888 4693 4881 4681 4852 4683 4889 4697 4880 4680 4846 4644 4889 4697 4887 4692 4880 4680 4889 4697 4886 4691 4887 4692 4889 4697 4846 4644 4886 4691 4900 4698 4891 4699 4890 4700 4900 4698 4892 4701 4891 4699 4903 4702 4901 4703 4902 4704 4904 4705 4901 4703 4903 4702 4910 4706 4898 4707 4897 4708 4910 4706 4899 4709 4898 4707 4911 4710 4893 4711 4892 4701 4911 4710 4894 4712 4893 4711 4911 4710 4895 4713 4894 4712 4911 4710 4896 4714 4895 4713 4911 4710 4897 4708 4896 4714 4911 4710 4900 4698 4901 4703 4911 4710 4892 4701 4900 4698 4911 4710 4910 4706 4897 4708 4912 4715 4904 4705 4905 4716 4912 4715 4910 4706 4911 4710 4912 4715 4911 4710 4901 4703 4912 4715 4901 4703 4904 4705 4913 4717 4905 4716 4906 4718 4913 4717 4906 4718 4907 4719 4913 4717 4907 4719 4908 4720 4913 4717 4908 4720 4909 4721 4913 4717 4909 4721 4910 4706 4913 4717 4910 4706 4912 4715 4913 4717 4912 4715 4905 4716 4916 4722 4914 4723 4915 4724 4916 4722 4924 4725 4914 4723 4917 4726 4925 4727 4924 4725 4917 4726 4924 4725 4916 4722 4918 4728 4926 4729 4925 4727 4918 4728 4925 4727 4917 4726 4919 4730 4927 4731 4926 4729 4919 4730 4926 4729 4918 4728 4928 4732 4927 4731 4919 4730 4920 4733 4928 4732 4919 4730 4929 4734 4928 4732 4920 4733 4921 4735 4929 4734 4920 4733 4923 4736 4929 4734 4921 4735 4922 4737 4923 4736 4921 4735 4938 4738 4931 4739 4930 4740 4939 4741 4932 4742 4931 4739 4939 4741 4931 4739 4938 4738 4940 4743 4933 4744 4932 4742 4940 4743 4932 4742 4939 4741 4941 4745 4934 4746 4933 4744 4941 4745 4933 4744 4940 4743 4942 4747 4935 4748 4934 4746 4942 4747 4934 4746 4941 4745 4943 4749 4936 4750 4935 4748 4943 4749 4935 4748 4942 4747 4944 4751 4937 4752 4936 4750 4944 4751 4936 4750 4943 4749 4953 4753 4946 4754 4945 4755 4953 4753 4945 4755 4952 4756 4954 4757 4947 4758 4946 4754 4954 4757 4946 4754 4953 4753 4955 4759 4948 4760 4947 4758 4955 4759 4949 4761 4948 4760 4955 4759 4947 4758 4954 4757 4956 4762 4950 4763 4949 4761 4956 4762 4949 4761 4955 4759 4957 4764 4951 4765 4950 4763 4957 4764 4950 4763 4956 4762 4958 4766 4951 4765 4957 4764 4974 4767 4972 4768 4973 4769 4969 4770 4970 4771 4971 4772 4969 4770 4971 4772 4972 4768 4969 4770 4972 4768 4974 4767 4968 4773 4974 4767 4975 4774 4968 4773 4969 4770 4974 4767 4967 4775 4968 4773 4975 4774 4964 4776 4978 4777 4965 4778 4963 4779 4978 4777 4964 4776 4959 4780 4966 4781 4960 4782 4979 4783 4961 4784 4960 4782 4979 4783 4962 4785 4961 4784 4979 4783 4963 4779 4962 4785 4979 4783 4966 4781 4967 4775 4979 4783 4975 4774 4976 4786 4979 4783 4976 4786 4977 4787 4979 4783 4977 4787 4978 4777 4979 4783 4967 4775 4975 4774 4979 4783 4978 4777 4963 4779 4979 4783 4960 4782 4966 4781 4991 4788 4989 4789 4990 4790 4982 4791 4993 4792 4983 4793 4981 4794 4993 4792 4982 4791 4980 4795 4993 4792 4981 4794 4994 4796 4985 4797 4986 4798 4994 4796 4986 4798 4987 4799 4994 4796 4987 4799 4988 4800 4994 4796 4988 4800 4989 4789 4994 4796 4989 4789 4991 4788 4995 4801 4980 4795 4984 4802 4995 4801 4984 4802 4985 4797 4995 4801 4991 4788 4992 4803 4995 4801 4992 4803 4993 4792 4995 4801 4994 4796 4991 4788 4995 4801 4985 4797 4994 4796 4995 4801 4993 4792 4980 4795 5002 4804 5009 4805 5010 4806 5001 4807 5008 4808 5009 4805 5001 4807 5009 4805 5002 4804 5000 4809 5007 4810 5008 4808 5000 4809 5008 4808 5001 4807 4999 4811 5006 4812 5007 4810 4999 4811 5007 4810 5000 4809 4998 4813 5005 4814 5006 4812 4998 4813 5006 4812 4999 4811 4997 4815 5004 4816 5005 4814 4997 4815 5005 4814 4998 4813 4996 4817 5003 4818 5004 4816 4996 4817 5004 4816 4997 4815 5018 4819 5028 4820 5029 4821 5017 4822 5027 4823 5028 4820 5017 4822 5028 4820 5018 4819 5016 4824 5026 4825 5027 4823 5016 4824 5027 4823 5017 4822 5015 4826 5024 4827 5025 4828 5015 4826 5025 4828 5026 4825 5015 4826 5026 4825 5016 4824 5014 4829 5023 4830 5024 4827 5014 4829 5024 4827 5015 4826 5013 4831 5021 4832 5022 4833 5013 4831 5022 4833 5023 4830 5013 4831 5023 4830 5014 4829 5012 4834 5020 4835 5021 4832 5012 4834 5021 4832 5013 4831 5011 4836 5019 4837 5020 4835 5011 4836 5020 4835 5012 4834 5041 4838 5031 4839 5030 4840 5042 4841 5032 4842 5031 4839 5042 4841 5031 4839 5041 4838 5043 4843 5033 4844 5032 4842 5043 4843 5032 4842 5042 4841 5044 4845 5034 4846 5033 4844 5044 4845 5033 4844 5043 4843 5045 4847 5035 4848 5034 4846 5045 4847 5034 4846 5044 4845 5046 4849 5035 4848 5045 4847 5047 4850 5036 4851 5035 4848 5047 4850 5035 4848 5046 4849 5048 4852 5037 4853 5036 4851 5048 4852 5036 4851 5047 4850 5049 4854 5038 4855 5037 4853 5049 4854 5037 4853 5048 4852 5050 4856 5039 4857 5038 4855 5050 4856 5038 4855 5049 4854 5051 4858 5040 4859 5039 4857 5051 4858 5039 4857 5050 4856 5061 4860 5072 4861 5073 4862 5061 4860 5073 4862 5062 4863 5060 4864 5071 4865 5072 4861 5060 4864 5072 4861 5061 4860 5059 4866 5070 4867 5071 4865 5059 4866 5071 4865 5060 4864 5058 4868 5069 4869 5070 4867 5058 4868 5070 4867 5059 4866 5057 4870 5067 4871 5068 4872 5057 4870 5068 4872 5069 4869 5057 4870 5069 4869 5058 4868 5056 4873 5066 4874 5067 4871 5056 4873 5067 4871 5057 4870 5055 4875 5065 4876 5066 4874 5055 4875 5066 4874 5056 4873 5054 4877 5064 4878 5065 4876 5054 4877 5065 4876 5055 4875 5053 4879 5063 4880 5064 4878 5053 4879 5064 4878 5054 4877 5052 4881 5063 4880 5053 4879 5076 4882 5074 4883 5075 4884 5076 4882 5087 4885 5074 4883 5077 4886 5088 4887 5087 4885 5077 4886 5087 4885 5076 4882 5078 4888 5089 4889 5088 4887 5078 4888 5088 4887 5077 4886 5079 4890 5090 4891 5089 4889 5079 4890 5089 4889 5078 4888 5080 4892 5091 4893 5090 4891 5080 4892 5092 4894 5091 4893 5080 4892 5090 4891 5079 4890 5081 4895 5093 4896 5092 4894 5081 4895 5092 4894 5080 4892 5082 4897 5094 4898 5093 4896 5082 4897 5093 4896 5081 4895 5083 4899 5095 4900 5094 4898 5083 4899 5094 4898 5082 4897 5084 4901 5086 4902 5095 4900 5084 4901 5095 4900 5083 4899 5085 4903 5086 4902 5084 4901 5098 4904 5096 4905 5097 4906 5098 4904 5109 4907 5096 4905 5099 4908 5108 4909 5109 4907 5099 4908 5109 4907 5098 4904 5100 4910 5107 4911 5108 4909 5100 4910 5108 4909 5099 4908 5101 4912 5106 4913 5107 4911 5101 4912 5107 4911 5100 4910 5102 4914 5106 4913 5101 4912 5103 4915 5105 4916 5106 4913 5103 4915 5106 4913 5102 4914 5104 4917 5105 4916 5103 4915 5117 4918 5111 4919 5110 4920 5117 4918 5110 4920 5116 4921 5118 4922 5112 4923 5111 4919 5118 4922 5111 4919 5117 4918 5119 4924 5113 4925 5112 4923 5119 4924 5114 4926 5113 4925 5119 4924 5112 4923 5118 4922 5120 4927 5115 4928 5114 4926 5120 4927 5114 4926 5119 4924 5121 4929 5115 4928 5120 4927 5128 4930 5123 4931 5122 4932 5129 4933 5124 4934 5123 4931 5129 4933 5123 4931 5128 4930 5130 4935 5124 4934 5129 4933 5131 4936 5125 4937 5124 4934 5131 4936 5124 4934 5130 4935 5132 4938 5126 4939 5125 4937 5132 4938 5125 4937 5131 4936 5133 4940 5127 4941 5126 4939 5133 4940 5126 4939 5132 4938 5135 4942 5140 4943 5136 4944 5134 4945 5140 4943 5135 4942 5156 4946 5148 4947 5149 4948 5156 4946 5149 4948 5150 4949 5156 4946 5150 4949 5151 4950 5156 4946 5151 4950 5152 4951 5157 4952 5144 4953 5145 4954 5157 4952 5145 4954 5146 4955 5157 4952 5146 4955 5147 4956 5157 4952 5147 4956 5148 4947 5157 4952 5148 4947 5156 4946 5157 4952 5156 4946 5144 4953 5158 4957 5156 4946 5152 4951 5158 4957 5144 4953 5156 4946 5159 4958 5143 4959 5144 4953 5159 4958 5144 4953 5158 4957 5159 4958 5158 4957 5152 4951 5160 4960 5142 4961 5143 4959 5160 4960 5152 4951 5153 4962 5160 4960 5143 4959 5159 4958 5160 4960 5159 4958 5152 4951 5161 4963 5142 4961 5160 4960 5161 4963 5160 4960 5153 4962 5162 4964 5141 4965 5142 4961 5162 4964 5153 4962 5154 4966 5162 4964 5161 4963 5153 4962 5162 4964 5142 4961 5161 4963 5163 4967 5141 4965 5162 4964 5163 4967 5162 4964 5154 4966 5164 4968 5140 4943 5141 4965 5164 4968 5154 4966 5155 4969 5164 4968 5141 4965 5163 4967 5164 4968 5163 4967 5154 4966 5165 4970 5137 4971 5136 4944 5165 4970 5138 4972 5137 4971 5165 4970 5139 4973 5138 4972 5165 4970 5155 4969 5139 4973 5165 4970 5140 4943 5164 4968 5165 4970 5164 4968 5155 4969 5165 4970 5136 4944 5140 4943 5174 4974 5167 4975 5166 4976 5174 4974 5168 4977 5167 4975 5174 4974 5166 4976 5173 4978 5175 4979 5169 4980 5168 4977 5175 4979 5168 4977 5174 4974 5176 4981 5169 4980 5175 4979 5177 4982 5170 4983 5169 4980 5177 4982 5169 4980 5176 4981 5178 4984 5171 4985 5170 4983 5178 4984 5170 4983 5177 4982 5179 4986 5172 4987 5171 4985 5179 4986 5171 4985 5178 4984 5210 4988 5198 4989 5199 4990 5210 4988 5199 4990 5200 4991 5210 4988 5200 4991 5201 4992 5210 4988 5201 4992 5202 4993 5210 4988 5202 4993 5203 4994 5211 4995 5198 4989 5210 4988 5211 4995 5210 4988 5194 4996 5212 4997 5194 4996 5195 4998 5212 4997 5195 4998 5196 4999 5212 4997 5196 4999 5197 5000 5212 4997 5197 5000 5198 4989 5212 4997 5198 4989 5211 4995 5212 4997 5211 4995 5194 4996 5213 5001 5193 5002 5194 4996 5213 5001 5210 4988 5203 4994 5213 5001 5194 4996 5210 4988 5214 5003 5193 5002 5213 5001 5214 5003 5213 5001 5203 4994 5215 5004 5192 5005 5193 5002 5215 5004 5203 4994 5204 5006 5215 5004 5193 5002 5214 5003 5215 5004 5214 5003 5203 4994 5216 5007 5192 5005 5215 5004 5216 5007 5215 5004 5204 5006 5217 5008 5191 5009 5192 5005 5217 5008 5204 5006 5205 5010 5217 5008 5192 5005 5216 5007 5217 5008 5216 5007 5204 5006 5218 5011 5191 5009 5217 5008 5218 5011 5217 5008 5205 5010 5219 5012 5190 5013 5191 5009 5219 5012 5205 5010 5206 5014 5219 5012 5218 5011 5205 5010 5219 5012 5191 5009 5218 5011 5220 5015 5189 5016 5190 5013 5220 5015 5219 5012 5206 5014 5220 5015 5190 5013 5219 5012 5221 5017 5189 5016 5220 5015 5221 5017 5220 5015 5206 5014 5222 5018 5188 5019 5189 5016 5222 5018 5206 5014 5207 5020 5222 5018 5221 5017 5206 5014 5222 5018 5189 5016 5221 5017 5223 5021 5188 5019 5222 5018 5223 5021 5222 5018 5207 5020 5224 5022 5187 5023 5188 5019 5224 5022 5207 5020 5208 5024 5224 5022 5223 5021 5207 5020 5224 5022 5188 5019 5223 5021 5225 5025 5224 5022 5208 5024 5225 5025 5187 5023 5224 5022 5226 5026 5225 5025 5208 5024 5226 5026 5187 5023 5225 5025 5226 5026 5208 5024 5209 5027 5227 5028 5184 5029 5183 5030 5227 5028 5185 5031 5184 5029 5227 5028 5186 5032 5185 5031 5227 5028 5209 5027 5186 5032 5228 5033 5181 5034 5180 5035 5228 5033 5182 5036 5181 5034 5228 5033 5183 5030 5182 5036 5228 5033 5187 5023 5226 5026 5228 5033 5180 5035 5187 5023 5228 5033 5226 5026 5209 5027 5228 5033 5209 5027 5227 5028 5228 5033 5227 5028 5183 5030 5237 5037 5235 5038 5236 5039 5244 5040 5234 5041 5235 5038 5244 5040 5235 5038 5237 5037 5243 5042 5233 5043 5234 5041 5243 5042 5234 5041 5244 5040 5242 5044 5232 5045 5233 5043 5242 5044 5233 5043 5243 5042 5241 5046 5231 5047 5232 5045 5241 5046 5232 5045 5242 5044 5240 5048 5231 5047 5241 5046 5239 5049 5229 5050 5230 5051 5239 5049 5230 5051 5231 5047 5239 5049 5231 5047 5240 5048 5238 5052 5229 5050 5239 5049 5251 5053 5259 5054 5260 5055 5251 5053 5260 5055 5252 5056 5250 5057 5258 5058 5259 5054 5250 5057 5259 5054 5251 5053 5249 5059 5256 5060 5257 5061 5249 5059 5257 5061 5258 5058 5249 5059 5258 5058 5250 5057 5248 5062 5255 5063 5256 5060 5248 5062 5256 5060 5249 5059 5247 5064 5254 5065 5255 5063 5247 5064 5255 5063 5248 5062 5246 5066 5253 5067 5254 5065 5246 5066 5254 5065 5247 5064 5245 5068 5253 5067 5246 5066 5282 5069 5275 5070 5276 5071 5282 5069 5276 5071 5277 5072 5282 5069 5277 5072 5278 5073 5282 5069 5278 5073 5279 5074 5283 5075 5274 5076 5275 5070 5283 5075 5275 5070 5282 5069 5283 5075 5282 5069 5271 5077 5284 5078 5271 5077 5272 5079 5284 5078 5272 5079 5273 5080 5284 5078 5273 5080 5274 5076 5284 5078 5274 5076 5283 5075 5284 5078 5283 5075 5271 5077 5285 5081 5282 5069 5279 5074 5285 5081 5271 5077 5282 5069 5286 5082 5270 5083 5271 5077 5286 5082 5279 5074 5280 5084 5286 5082 5271 5077 5285 5081 5286 5082 5285 5081 5279 5074 5287 5085 5286 5082 5280 5084 5287 5085 5270 5083 5286 5082 5288 5086 5269 5087 5270 5083 5288 5086 5280 5084 5281 5088 5288 5086 5287 5085 5280 5084 5288 5086 5270 5083 5287 5085 5289 5089 5288 5086 5281 5088 5289 5089 5269 5087 5288 5086 5290 5090 5266 5091 5265 5092 5290 5090 5267 5093 5266 5091 5290 5090 5268 5094 5267 5093 5290 5090 5281 5088 5268 5094 5291 5095 5281 5088 5290 5090 5291 5095 5290 5090 5265 5092 5292 5096 5262 5097 5261 5098 5292 5096 5263 5099 5262 5097 5292 5096 5264 5100 5263 5099 5292 5096 5265 5092 5264 5100 5292 5096 5261 5098 5269 5087 5292 5096 5269 5087 5289 5089 5292 5096 5289 5089 5281 5088 5292 5096 5291 5095 5265 5092 5292 5096 5281 5088 5291 5095 5299 5101 5305 5102 5306 5103 5298 5104 5305 5102 5299 5101 5297 5105 5304 5106 5305 5102 5297 5105 5305 5102 5298 5104 5296 5107 5303 5108 5304 5106 5296 5107 5304 5106 5297 5105 5295 5109 5301 5110 5302 5111 5295 5109 5302 5111 5303 5108 5295 5109 5303 5108 5296 5107 5294 5112 5300 5113 5301 5110 5294 5112 5301 5110 5295 5109 5293 5114 5300 5113 5294 5112 5313 5115 5320 5116 5321 5117 5312 5118 5319 5119 5320 5116 5312 5118 5320 5116 5313 5115 5311 5120 5318 5121 5319 5119 5311 5120 5319 5119 5312 5118 5310 5122 5317 5123 5318 5121 5310 5122 5318 5121 5311 5120 5309 5124 5316 5125 5317 5123 5309 5124 5317 5123 5310 5122 5308 5126 5315 5127 5316 5125 5308 5126 5316 5125 5309 5124 5307 5128 5314 5129 5315 5127 5307 5128 5315 5127 5308 5126 5348 5130 5343 5131 5344 5132 5349 5133 5338 5134 5339 5135 5349 5133 5339 5135 5340 5136 5349 5133 5340 5136 5341 5137 5349 5133 5341 5137 5342 5138 5349 5133 5342 5138 5343 5131 5350 5139 5338 5134 5349 5133 5350 5139 5349 5133 5334 5140 5351 5141 5337 5142 5338 5134 5351 5141 5350 5139 5334 5140 5351 5141 5338 5134 5350 5139 5352 5143 5334 5140 5335 5144 5352 5143 5335 5144 5336 5145 5352 5143 5336 5145 5337 5142 5352 5143 5351 5141 5334 5140 5352 5143 5337 5142 5351 5141 5353 5146 5349 5133 5343 5131 5353 5146 5334 5140 5349 5133 5354 5147 5333 5148 5334 5140 5354 5147 5353 5146 5343 5131 5354 5147 5343 5131 5348 5130 5354 5147 5348 5130 5333 5148 5354 5147 5334 5140 5353 5146 5355 5149 5332 5150 5333 5148 5355 5149 5348 5130 5344 5132 5355 5149 5333 5148 5348 5130 5356 5151 5331 5152 5332 5150 5356 5151 5344 5132 5345 5153 5356 5151 5355 5149 5344 5132 5356 5151 5332 5150 5355 5149 5357 5154 5356 5151 5345 5153 5357 5154 5331 5152 5356 5151 5358 5155 5330 5156 5331 5152 5358 5155 5345 5153 5346 5157 5358 5155 5357 5154 5345 5153 5358 5155 5331 5152 5357 5154 5359 5158 5330 5156 5358 5155 5359 5158 5358 5155 5346 5157 5360 5159 5346 5157 5347 5160 5360 5159 5359 5158 5346 5157 5360 5159 5330 5156 5359 5158 5361 5161 5327 5162 5326 5163 5361 5161 5328 5164 5327 5162 5361 5161 5329 5165 5328 5164 5361 5161 5347 5160 5329 5165 5362 5166 5361 5161 5326 5163 5362 5166 5347 5160 5361 5161 5363 5167 5323 5168 5322 5169 5363 5167 5324 5170 5323 5168 5363 5167 5325 5171 5324 5170 5363 5167 5326 5163 5325 5171 5363 5167 5322 5169 5330 5156 5363 5167 5362 5166 5326 5163 5363 5167 5330 5156 5360 5159 5363 5167 5360 5159 5347 5160 5363 5167 5347 5160 5362 5166 5370 5172 5378 5173 5379 5174 5370 5172 5379 5174 5371 5175 5369 5176 5377 5177 5378 5173 5369 5176 5378 5173 5370 5172 5368 5178 5376 5179 5377 5177 5368 5178 5377 5177 5369 5176 5367 5180 5374 5181 5375 5182 5367 5180 5375 5182 5376 5179 5367 5180 5376 5179 5368 5178 5366 5183 5373 5184 5374 5181 5366 5183 5374 5181 5367 5180 5365 5185 5372 5186 5373 5184 5365 5185 5373 5184 5366 5183 5364 5187 5372 5186 5365 5185 5388 5188 5381 5189 5380 5190 5389 5191 5382 5192 5381 5189 5389 5191 5381 5189 5388 5188 5390 5193 5383 5194 5382 5192 5390 5193 5382 5192 5389 5191 5391 5195 5383 5194 5390 5193 5392 5196 5384 5197 5383 5194 5392 5196 5383 5194 5391 5195 5393 5198 5385 5199 5384 5197 5393 5198 5384 5197 5392 5196 5394 5200 5386 5201 5385 5199 5394 5200 5385 5199 5393 5198 5395 5202 5387 5203 5386 5201 5395 5202 5386 5201 5394 5200 5397 5204 5406 5205 5396 5206 5398 5207 5407 5208 5406 5205 5398 5207 5406 5205 5397 5204 5399 5209 5408 5210 5407 5208 5399 5209 5407 5208 5398 5207 5400 5211 5409 5212 5408 5210 5400 5211 5408 5210 5399 5209 5401 5213 5409 5212 5400 5211 5402 5214 5410 5215 5409 5212 5402 5214 5409 5212 5401 5213 5403 5216 5411 5217 5410 5215 5403 5216 5410 5215 5402 5214 5404 5218 5405 5219 5411 5217 5404 5218 5411 5217 5403 5216 5440 5220 5427 5221 5426 5222 5440 5220 5428 5223 5427 5221 5440 5220 5416 5224 5428 5223 5440 5220 5430 5225 5429 5226 5440 5220 5431 5227 5430 5225 5440 5220 5426 5222 5431 5227 5417 5228 5416 5224 5440 5220 5439 5229 5417 5228 5440 5220 5418 5230 5417 5228 5439 5229 5438 5231 5418 5230 5439 5229 5419 5232 5418 5230 5438 5231 5437 5233 5419 5232 5438 5231 5420 5234 5419 5232 5437 5233 5436 5235 5420 5234 5437 5233 5421 5236 5420 5234 5436 5235 5435 5237 5421 5236 5436 5235 5422 5238 5421 5236 5435 5237 5434 5239 5422 5238 5435 5237 5423 5240 5422 5238 5434 5239 5433 5241 5423 5240 5434 5239 5424 5242 5423 5240 5433 5241 5432 5243 5424 5242 5433 5241 5425 5244 5424 5242 5432 5243 5412 5245 5425 5244 5432 5243 5413 5246 5425 5244 5412 5245 5414 5247 5425 5244 5413 5246 5415 5248 5425 5244 5414 5247 5462 5249 5461 5250 5466 5251 5453 5252 5462 5249 5466 5251 5453 5252 5452 5253 5462 5249 5465 5254 5464 5255 5450 5256 5449 5257 5465 5254 5450 5256 5459 5258 5458 5259 5465 5254 5459 5258 5465 5254 5449 5257 5460 5260 5459 5258 5449 5257 5448 5261 5460 5260 5449 5257 5456 5262 5455 5263 5471 5264 5470 5265 5456 5262 5471 5264 5467 5266 5454 5267 5453 5252 5467 5266 5453 5252 5466 5251 5467 5266 5472 5268 5454 5267 5468 5269 5472 5268 5467 5266 5457 5270 5456 5262 5470 5265 5469 5271 5457 5270 5470 5265 5446 5272 5447 5273 5457 5270 5446 5272 5457 5270 5469 5271 5445 5274 5446 5272 5469 5271 5444 5275 5445 5274 5469 5271 5443 5276 5444 5275 5469 5271 5442 5277 5443 5276 5469 5271 5441 5278 5442 5277 5469 5271 5473 5279 5463 5280 5462 5249 5473 5279 5462 5249 5452 5253 5473 5279 5451 5281 5463 5280 5474 5282 5452 5253 5451 5281 5474 5282 5451 5281 5473 5279 5474 5282 5473 5279 5452 5253 5475 5283 5451 5281 5450 5256 5475 5283 5464 5255 5463 5280 5475 5283 5463 5280 5451 5281 5475 5283 5450 5256 5464 5255 5476 5284 5455 5263 5454 5267 5476 5284 5472 5268 5471 5264 5476 5284 5454 5267 5472 5268 5476 5284 5471 5264 5455 5263 5478 5285 5483 5286 5482 5287 5478 5285 5482 5287 5477 5288 5479 5289 5484 5290 5483 5286 5479 5289 5481 5291 5484 5290 5479 5289 5483 5286 5478 5285 5480 5292 5481 5291 5479 5289 5492 5293 5486 5294 5487 5295 5492 5293 5487 5295 5488 5296 5492 5293 5488 5296 5489 5297 5491 5298 5485 5299 5486 5294 5491 5298 5486 5294 5492 5293 5490 5300 5485 5299 5491 5298 5501 5301 5500 5302 5503 5303 5501 5301 5503 5303 5504 5304 5507 5305 5504 5304 5505 5306 5507 5305 5501 5301 5504 5304 5498 5307 5499 5308 5502 5309 5506 5310 5502 5309 5501 5301 5506 5310 5501 5301 5507 5305 5497 5311 5498 5307 5502 5309 5493 5312 5502 5309 5506 5310 5493 5312 5497 5311 5502 5309 5494 5313 5493 5312 5506 5310 5495 5314 5494 5313 5506 5310 5496 5315 5495 5314 5506 5310 5508 5316 5512 5317 5511 5318 5509 5319 5513 5320 5512 5317 5509 5319 5510 5321 5513 5320 5509 5319 5512 5317 5508 5316 5534 5322 5514 5323 5515 5324 5534 5322 5515 5324 5516 5325 5524 5326 5516 5325 5517 5327 5524 5326 5534 5322 5516 5325 5535 5328 5534 5322 5524 5326 5523 5329 5535 5328 5524 5326 5536 5330 5532 5331 5533 5332 5522 5333 5532 5331 5536 5330 5521 5334 5532 5331 5522 5333 5519 5335 5527 5336 5526 5337 5519 5335 5518 5338 5527 5336 5530 5339 5526 5337 5525 5340 5530 5339 5519 5335 5526 5337 5531 5341 5521 5334 5520 5342 5531 5341 5529 5343 5528 5344 5531 5341 5520 5342 5529 5343 5531 5341 5532 5331 5521 5334 5537 5345 5523 5329 5522 5333 5537 5345 5536 5330 5535 5328 5537 5345 5535 5328 5523 5329 5537 5345 5522 5333 5536 5330 5538 5346 5520 5342 5519 5335 5538 5346 5530 5339 5529 5343 5538 5346 5519 5335 5530 5339 5538 5346 5529 5343 5520 5342 5550 5347 5547 5348 5546 5349 5550 5347 5548 5350 5547 5348 5550 5347 5543 5351 5548 5350 5549 5352 5544 5353 5550 5347 5539 5354 5545 5355 5549 5352 5540 5356 5545 5355 5539 5354 5541 5357 5545 5355 5540 5356 5542 5358 5545 5355 5541 5357 5544 5353 5543 5351 5550 5347 5545 5355 5544 5353 5549 5352 5555 5359 5553 5360 5554 5361 5558 5362 5552 5363 5553 5360 5558 5362 5553 5360 5555 5359 5557 5364 5552 5363 5558 5362 5556 5365 5551 5366 5552 5363 5556 5365 5552 5363 5557 5364 5560 5367 5565 5368 5564 5369 5560 5367 5564 5369 5559 5370 5561 5371 5566 5372 5565 5368 5561 5371 5565 5368 5560 5367 5562 5373 5563 5374 5566 5372 5562 5373 5566 5372 5561 5371 5572 5375 5576 5376 5575 5377 5572 5375 5571 5378 5576 5376 5579 5379 5575 5377 5574 5380 5579 5379 5572 5375 5575 5377 5568 5381 5567 5382 5573 5383 5569 5384 5568 5381 5573 5383 5570 5385 5573 5383 5578 5386 5570 5385 5569 5384 5573 5383 5581 5387 5570 5385 5578 5386 5580 5388 5581 5387 5578 5386 5577 5389 5580 5388 5578 5386 5582 5390 5573 5383 5572 5375 5582 5390 5579 5379 5578 5386 5582 5390 5572 5375 5579 5379 5582 5390 5578 5386 5573 5383 5587 5391 5585 5392 5586 5393 5590 5394 5584 5395 5585 5392 5590 5394 5585 5392 5587 5391 5589 5396 5584 5395 5590 5394 5588 5397 5583 5398 5584 5395 5588 5397 5584 5395 5589 5396</p>
        </triangles>
        <triangles material="black_plastic-material" count="1288">
          <input semantic="VERTEX" source="#ָ¼ⷌ-½񋴲¿·Ղ-mesh-vertices" offset="0"/>
          <input semantic="NORMAL" source="#ָ¼ⷌ-½񋴲¿·Ղ-mesh-normals" offset="1"/>
          <p>5600 5399 5601 5400 5602 5401 5591 5402 5602 5401 5603 5403 5591 5402 5603 5403 5592 5404 5593 5405 5599 5406 5600 5399 5593 5405 5600 5399 5602 5401 5593 5405 5602 5401 5591 5402 5594 5407 5599 5406 5593 5405 5597 5408 5598 5409 5599 5406 5597 5408 5599 5406 5594 5407 5595 5410 5597 5408 5594 5407 5596 5411 5597 5408 5595 5410 5606 5412 5604 5413 5605 5414 5609 5415 5607 5416 5608 5417 5617 5418 5619 5419 5618 5420 5617 5418 5620 5421 5619 5419 5616 5422 5621 5423 5620 5421 5616 5422 5620 5421 5617 5418 5615 5424 5622 5425 5621 5423 5615 5424 5621 5423 5616 5422 5610 5426 5611 5427 5626 5428 5614 5429 5622 5425 5615 5424 5613 5430 5623 5431 5622 5425 5613 5430 5622 5425 5614 5429 5627 5432 5612 5433 5610 5426 5627 5432 5613 5430 5612 5433 5627 5432 5624 5434 5623 5431 5627 5432 5625 5435 5624 5434 5627 5432 5626 5428 5625 5435 5627 5432 5623 5431 5613 5430 5627 5432 5610 5426 5626 5428 5628 5436 5644 5437 5643 5438 5629 5439 5643 5438 5642 5440 5629 5439 5628 5436 5643 5438 5630 5441 5642 5440 5641 5442 5630 5441 5629 5439 5642 5440 5635 5443 5637 5444 5636 5445 5631 5446 5641 5442 5640 5447 5631 5446 5630 5441 5641 5442 5632 5448 5640 5447 5639 5449 5632 5448 5631 5446 5640 5447 5633 5450 5639 5449 5638 5451 5633 5450 5632 5448 5639 5449 5634 5452 5638 5451 5637 5444 5634 5452 5637 5444 5635 5443 5634 5452 5633 5450 5638 5451 5649 5453 5650 5454 5651 5455 5652 5456 5648 5457 5649 5453 5652 5456 5649 5453 5651 5455 5647 5458 5648 5457 5652 5456 5653 5459 5646 5460 5647 5458 5653 5459 5647 5458 5652 5456 5655 5461 5645 5462 5646 5460 5655 5461 5646 5460 5653 5459 5654 5463 5655 5461 5653 5459 5659 5464 5660 5465 5671 5466 5672 5467 5669 5468 5668 5469 5673 5470 5670 5471 5669 5468 5673 5470 5671 5466 5670 5471 5673 5470 5659 5464 5671 5466 5673 5470 5669 5468 5672 5467 5674 5472 5675 5473 5672 5467 5676 5474 5673 5470 5672 5467 5676 5474 5672 5467 5675 5473 5677 5475 5658 5476 5659 5464 5677 5475 5659 5464 5673 5470 5677 5475 5673 5470 5676 5474 5678 5477 5680 5478 5679 5479 5681 5480 5667 5481 5665 5482 5682 5483 5663 5484 5662 5485 5682 5483 5664 5486 5663 5484 5682 5483 5665 5482 5664 5486 5682 5483 5681 5480 5665 5482 5683 5487 5682 5483 5662 5485 5683 5487 5678 5477 5681 5480 5683 5487 5681 5480 5682 5483 5684 5488 5656 5489 5657 5490 5684 5488 5661 5491 5656 5489 5684 5488 5662 5485 5661 5491 5684 5488 5683 5487 5662 5485 5685 5492 5666 5493 5667 5481 5685 5492 5668 5469 5666 5493 5685 5492 5674 5472 5672 5467 5685 5492 5672 5467 5668 5469 5686 5494 5685 5492 5667 5481 5686 5494 5679 5479 5674 5472 5686 5494 5678 5477 5679 5479 5686 5494 5674 5472 5685 5492 5687 5495 5676 5474 5675 5473 5687 5495 5658 5476 5677 5475 5687 5495 5677 5475 5676 5474 5688 5496 5687 5495 5675 5473 5688 5496 5675 5473 5674 5472 5688 5496 5674 5472 5679 5479 5689 5497 5686 5494 5667 5481 5689 5497 5667 5481 5681 5480 5689 5497 5681 5480 5678 5477 5689 5497 5678 5477 5686 5494 5690 5498 5657 5490 5658 5476 5690 5498 5658 5476 5687 5495 5690 5498 5680 5478 5657 5490 5690 5498 5679 5479 5680 5478 5690 5498 5687 5495 5688 5496 5690 5498 5688 5496 5679 5479 5691 5499 5657 5490 5680 5478 5691 5499 5680 5478 5678 5477 5692 5500 5678 5477 5683 5487 5692 5500 5691 5499 5678 5477 5693 5501 5657 5490 5691 5499 5693 5501 5691 5499 5692 5500 5694 5502 5684 5488 5657 5490 5694 5502 5683 5487 5684 5488 5694 5502 5657 5490 5693 5501 5694 5502 5692 5500 5683 5487 5694 5502 5693 5501 5692 5500 5702 5503 5698 5504 5697 5505 5709 5506 5711 5507 5710 5508 5713 5509 5695 5510 5696 5511 5713 5509 5697 5505 5695 5510 5713 5509 5712 5512 5711 5507 5713 5509 5696 5511 5712 5512 5713 5509 5702 5503 5697 5505 5713 5509 5711 5507 5709 5506 5714 5513 5702 5503 5713 5509 5715 5514 5701 5515 5702 5503 5715 5514 5702 5503 5714 5513 5716 5516 5715 5514 5714 5513 5717 5517 5709 5506 5708 5518 5717 5517 5714 5513 5713 5509 5717 5517 5713 5509 5709 5506 5717 5517 5716 5516 5714 5513 5718 5519 5717 5517 5708 5518 5718 5519 5716 5516 5717 5517 5718 5519 5715 5514 5716 5516 5719 5520 5708 5518 5707 5521 5719 5520 5707 5521 5720 5522 5719 5520 5718 5519 5708 5518 5721 5523 5720 5522 5707 5521 5721 5523 5700 5524 5722 5525 5721 5523 5722 5525 5720 5522 5723 5526 5699 5527 5700 5524 5723 5526 5703 5528 5699 5527 5724 5529 5704 5530 5703 5528 5724 5529 5723 5526 5700 5524 5724 5529 5700 5524 5721 5523 5724 5529 5703 5528 5723 5526 5725 5531 5721 5523 5707 5521 5725 5531 5704 5530 5724 5529 5725 5531 5724 5529 5721 5523 5726 5532 5705 5533 5704 5530 5726 5532 5706 5534 5705 5533 5726 5532 5707 5521 5706 5534 5726 5532 5704 5530 5725 5531 5726 5532 5725 5531 5707 5521 5727 5535 5700 5524 5701 5515 5727 5535 5701 5515 5715 5514 5727 5535 5722 5525 5700 5524 5727 5535 5720 5522 5722 5525 5727 5535 5715 5514 5718 5519 5727 5535 5719 5520 5720 5522 5727 5535 5718 5519 5719 5520 5730 5536 5728 5537 5729 5538 5738 5539 5728 5537 5730 5536 5731 5540 5738 5539 5730 5536 5737 5541 5731 5540 5732 5542 5737 5541 5732 5542 5733 5543 5737 5541 5738 5539 5731 5540 5735 5544 5733 5543 5734 5545 5736 5546 5733 5543 5735 5544 5736 5546 5737 5541 5733 5543 5750 5547 5752 5548 5751 5549 5757 5550 5755 5551 5754 5552 5757 5550 5756 5553 5755 5551 5758 5554 5757 5550 5754 5552 5759 5555 5753 5556 5752 5548 5759 5555 5754 5552 5753 5556 5759 5555 5752 5548 5750 5547 5759 5555 5758 5554 5754 5552 5760 5557 5757 5550 5758 5554 5761 5558 5741 5559 5756 5553 5761 5558 5757 5550 5760 5557 5761 5558 5756 5553 5757 5550 5762 5560 5760 5557 5758 5554 5763 5561 5758 5554 5759 5555 5763 5561 5762 5560 5758 5554 5764 5562 5750 5547 5749 5563 5764 5562 5759 5555 5750 5547 5764 5562 5763 5561 5759 5555 5765 5564 5767 5565 5766 5566 5768 5567 5739 5568 5740 5569 5769 5570 5742 5571 5739 5568 5769 5570 5743 5572 5742 5571 5769 5570 5744 5573 5743 5572 5769 5570 5739 5568 5768 5567 5770 5574 5768 5567 5765 5564 5770 5574 5744 5573 5769 5570 5770 5574 5769 5570 5768 5567 5771 5575 5745 5576 5744 5573 5771 5575 5746 5577 5745 5576 5771 5575 5747 5578 5746 5577 5771 5575 5748 5579 5747 5578 5771 5575 5744 5573 5770 5574 5772 5580 5740 5569 5741 5559 5772 5580 5741 5559 5761 5558 5772 5580 5761 5558 5767 5565 5772 5580 5767 5565 5765 5564 5773 5581 5764 5562 5749 5563 5773 5581 5762 5560 5763 5561 5773 5581 5763 5561 5764 5562 5773 5581 5760 5557 5762 5560 5774 5582 5761 5558 5760 5557 5774 5582 5767 5565 5761 5558 5774 5582 5760 5557 5773 5581 5775 5583 5740 5569 5772 5580 5775 5583 5768 5567 5740 5569 5775 5583 5765 5564 5768 5567 5775 5583 5772 5580 5765 5564 5776 5584 5749 5563 5748 5579 5776 5584 5748 5579 5766 5566 5776 5584 5773 5581 5749 5563 5776 5584 5766 5566 5767 5565 5776 5584 5774 5582 5773 5581 5776 5584 5767 5565 5774 5582 5777 5585 5766 5566 5748 5579 5777 5585 5765 5564 5766 5566 5778 5586 5770 5574 5765 5564 5778 5586 5765 5564 5777 5585 5779 5587 5777 5585 5748 5579 5779 5587 5778 5586 5777 5585 5780 5588 5778 5586 5779 5587 5780 5588 5748 5579 5771 5575 5780 5588 5771 5575 5770 5574 5780 5588 5779 5587 5748 5579 5780 5588 5770 5574 5778 5586 5791 5589 5782 5590 5781 5591 5791 5589 5783 5592 5782 5590 5791 5589 5784 5593 5783 5592 5791 5589 5785 5594 5784 5593 5791 5589 5786 5595 5785 5594 5791 5589 5787 5596 5786 5595 5791 5589 5788 5597 5787 5596 5791 5589 5789 5598 5788 5597 5791 5589 5790 5599 5789 5598 5795 5600 5792 5601 5791 5589 5795 5600 5793 5602 5792 5601 5795 5600 5794 5603 5793 5602 5795 5600 5781 5591 5794 5603 5795 5600 5791 5589 5781 5591 5808 5604 5797 5605 5796 5606 5808 5604 5798 5607 5797 5605 5808 5604 5799 5608 5798 5607 5808 5604 5800 5609 5799 5608 5808 5604 5801 5610 5800 5609 5808 5604 5802 5611 5801 5610 5808 5604 5803 5612 5802 5611 5808 5604 5804 5613 5803 5612 5808 5604 5796 5606 5809 5614 5810 5615 5805 5616 5804 5613 5810 5615 5806 5617 5805 5616 5810 5615 5807 5618 5806 5617 5810 5615 5808 5604 5807 5618 5810 5615 5804 5613 5808 5604 5819 5619 5826 5620 5827 5621 5819 5619 5827 5621 5818 5622 5811 5623 5812 5624 5821 5625 5829 5626 5822 5627 5823 5628 5829 5626 5828 5629 5822 5627 5830 5630 5829 5626 5823 5628 5831 5631 5823 5628 5824 5632 5831 5631 5830 5630 5823 5628 5832 5633 5824 5632 5825 5634 5832 5633 5825 5634 5826 5620 5832 5633 5831 5631 5824 5632 5832 5633 5826 5620 5819 5619 5833 5635 5815 5636 5816 5637 5833 5635 5816 5637 5817 5638 5833 5635 5817 5638 5828 5629 5834 5639 5814 5640 5815 5636 5834 5639 5815 5636 5833 5635 5835 5641 5832 5633 5819 5619 5835 5641 5831 5631 5832 5633 5836 5642 5812 5624 5813 5643 5836 5642 5813 5643 5814 5640 5836 5642 5814 5640 5834 5639 5837 5644 5819 5619 5820 5645 5837 5644 5820 5645 5821 5625 5837 5644 5835 5641 5819 5619 5837 5644 5812 5624 5836 5642 5837 5644 5821 5625 5812 5624 5838 5646 5829 5626 5830 5630 5838 5646 5836 5642 5834 5639 5838 5646 5831 5631 5835 5641 5838 5646 5828 5629 5829 5626 5838 5646 5834 5639 5833 5635 5838 5646 5830 5630 5831 5631 5838 5646 5833 5635 5828 5629 5838 5646 5835 5641 5837 5644 5838 5646 5837 5644 5836 5642 5840 5647 5844 5648 5843 5649 5840 5647 5839 5650 5844 5648 5841 5651 5840 5647 5843 5649 5842 5652 5841 5651 5843 5649 5861 5653 5865 5654 5860 5655 5864 5656 5865 5654 5861 5653 5859 5657 5863 5658 5858 5659 5853 5660 5845 5661 5846 5662 5852 5663 5853 5660 5846 5662 5850 5664 5851 5665 5854 5666 5866 5667 5848 5668 5849 5669 5866 5667 5849 5669 5864 5656 5867 5670 5861 5653 5862 5671 5867 5670 5864 5656 5861 5653 5867 5670 5866 5667 5864 5656 5868 5672 5866 5667 5867 5670 5869 5673 5846 5662 5847 5674 5869 5673 5847 5674 5848 5668 5869 5673 5852 5663 5846 5662 5869 5673 5848 5668 5866 5667 5870 5675 5869 5673 5866 5667 5870 5675 5866 5667 5868 5672 5871 5676 5857 5677 5856 5678 5871 5676 5859 5657 5857 5677 5871 5676 5862 5671 5863 5658 5871 5676 5867 5670 5862 5671 5871 5676 5870 5675 5868 5672 5871 5676 5863 5658 5859 5657 5871 5676 5868 5672 5867 5670 5872 5679 5869 5673 5870 5675 5873 5680 5851 5665 5852 5663 5873 5680 5852 5663 5869 5673 5873 5680 5869 5673 5872 5679 5873 5680 5854 5666 5851 5665 5874 5681 5855 5682 5854 5666 5874 5681 5856 5678 5855 5682 5874 5681 5872 5679 5870 5675 5874 5681 5870 5675 5871 5676 5874 5681 5854 5666 5873 5680 5874 5681 5871 5676 5856 5678 5874 5681 5873 5680 5872 5679 5876 5683 5875 5684 5889 5685 5878 5686 5877 5687 5886 5688 5879 5689 5878 5686 5886 5688 5893 5690 5888 5691 5887 5692 5893 5690 5892 5693 5888 5691 5894 5694 5892 5693 5893 5690 5895 5695 5891 5696 5892 5693 5895 5695 5892 5693 5894 5694 5896 5697 5889 5685 5890 5698 5896 5697 5890 5698 5891 5696 5896 5697 5891 5696 5895 5695 5896 5697 5876 5683 5889 5685 5897 5699 5880 5700 5881 5701 5897 5699 5881 5701 5882 5702 5897 5699 5887 5692 5880 5700 5898 5703 5882 5702 5883 5704 5898 5703 5887 5692 5897 5699 5898 5703 5897 5699 5882 5702 5899 5705 5883 5704 5884 5706 5899 5705 5884 5706 5885 5707 5899 5705 5898 5703 5883 5704 5900 5708 5877 5687 5876 5683 5900 5708 5896 5697 5895 5695 5900 5708 5876 5683 5896 5697 5901 5709 5885 5707 5886 5688 5901 5709 5899 5705 5885 5707 5901 5709 5877 5687 5900 5708 5901 5709 5886 5688 5877 5687 5902 5710 5894 5694 5893 5690 5902 5710 5893 5690 5887 5692 5902 5710 5895 5695 5894 5694 5903 5711 5895 5695 5902 5710 5903 5711 5887 5692 5898 5703 5903 5711 5902 5710 5887 5692 5903 5711 5900 5708 5895 5695 5903 5711 5898 5703 5899 5705 5903 5711 5899 5705 5901 5709 5903 5711 5901 5709 5900 5708 5910 5712 5908 5713 5907 5714 5910 5712 5909 5715 5908 5713 5910 5712 5904 5716 5909 5715 5911 5717 5905 5718 5904 5716 5911 5717 5906 5719 5905 5718 5911 5717 5907 5714 5906 5719 5911 5717 5910 5712 5907 5714 5911 5717 5904 5716 5910 5712 5919 5720 5927 5721 5926 5722 5918 5723 5926 5722 5925 5724 5918 5723 5919 5720 5926 5722 5917 5725 5918 5723 5925 5724 5916 5726 5925 5724 5924 5727 5916 5726 5917 5725 5925 5724 5915 5728 5924 5727 5923 5729 5915 5728 5916 5726 5924 5727 5914 5730 5923 5729 5922 5731 5914 5730 5915 5728 5923 5729 5913 5732 5914 5730 5922 5731 5920 5733 5922 5731 5921 5734 5928 5735 5912 5736 5913 5732 5928 5735 5920 5733 5912 5736 5928 5735 5922 5731 5920 5733 5928 5735 5913 5732 5922 5731 5936 5737 5932 5738 5931 5739 5937 5740 5931 5739 5930 5741 5937 5740 5936 5737 5931 5739 5933 5742 5930 5741 5929 5743 5934 5744 5937 5740 5930 5741 5934 5744 5930 5741 5933 5742 5935 5745 5937 5740 5934 5744 5951 5746 5950 5747 5955 5748 5956 5749 5941 5750 5940 5751 5956 5749 5953 5752 5941 5750 5956 5749 5954 5753 5953 5752 5957 5754 5955 5748 5954 5753 5957 5754 5951 5746 5955 5748 5957 5754 5954 5753 5956 5749 5958 5755 5940 5751 5939 5756 5958 5755 5956 5749 5940 5751 5959 5757 5956 5749 5958 5755 5959 5757 5957 5754 5956 5749 5959 5757 5951 5746 5957 5754 5960 5758 5959 5757 5958 5755 5961 5759 5960 5758 5958 5755 5961 5759 5958 5755 5939 5756 5962 5760 5939 5756 5938 5761 5962 5760 5961 5759 5939 5756 5963 5762 5952 5763 5951 5746 5963 5762 5960 5758 5961 5759 5963 5762 5951 5746 5959 5757 5963 5762 5959 5757 5960 5758 5963 5762 5961 5759 5952 5763 5964 5764 5961 5759 5962 5760 5965 5765 5962 5760 5938 5761 5965 5765 5964 5764 5962 5760 5966 5766 5948 5767 5952 5763 5966 5766 5952 5763 5961 5759 5966 5766 5961 5759 5964 5764 5966 5766 5964 5764 5965 5765 5967 5768 5938 5761 5943 5769 5967 5768 5965 5765 5938 5761 5968 5770 5965 5765 5967 5768 5969 5771 5949 5772 5948 5767 5969 5771 5948 5767 5966 5766 5969 5771 5966 5766 5965 5765 5969 5771 5965 5765 5968 5770 5970 5773 5949 5772 5969 5771 5970 5773 5968 5770 5967 5768 5970 5773 5969 5771 5968 5770 5971 5774 5943 5769 5942 5775 5971 5774 5947 5776 5946 5777 5971 5774 5942 5775 5947 5776 5972 5778 5967 5768 5943 5769 5972 5778 5971 5774 5946 5777 5972 5778 5970 5773 5967 5768 5972 5778 5943 5769 5971 5774 5973 5779 5945 5780 5944 5781 5973 5779 5946 5777 5945 5780 5973 5779 5944 5781 5949 5772 5973 5779 5949 5772 5970 5773 5973 5779 5972 5778 5946 5777 5973 5779 5970 5773 5972 5778 5978 5782 5987 5783 5986 5784 5979 5785 5988 5786 5987 5783 5979 5785 5987 5783 5978 5782 5980 5787 5989 5788 5988 5786 5980 5787 5988 5786 5979 5785 5981 5789 5989 5788 5980 5787 5975 5790 5974 5791 5992 5792 5977 5793 5976 5794 5985 5795 5993 5796 5976 5794 5975 5790 5993 5796 5981 5789 5982 5797 5993 5796 5982 5797 5983 5798 5993 5796 5983 5798 5984 5799 5993 5796 5984 5799 5985 5795 5993 5796 5990 5800 5989 5788 5993 5796 5991 5801 5990 5800 5993 5796 5992 5792 5991 5801 5993 5796 5989 5788 5981 5789 5993 5796 5975 5790 5992 5792 5993 5796 5985 5795 5976 5794 6001 5802 5995 5803 5994 5804 5997 5805 6002 5806 6001 5802 5997 5805 6001 5802 5994 5804 5999 5807 6000 5808 6002 5806 5998 5809 6002 5806 5997 5805 5998 5809 5999 5807 6002 5806 5996 5810 5998 5809 5997 5805 6022 5811 6016 5812 6003 5813 6022 5811 6017 5814 6016 5812 6023 5815 6018 5816 6017 5814 6023 5815 6019 5817 6018 5816 6023 5815 6017 5814 6022 5811 6024 5818 6003 5813 6004 5819 6024 5818 6022 5811 6003 5813 6025 5820 6022 5811 6024 5818 6025 5820 6023 5815 6022 5811 6026 5821 6020 5822 6019 5817 6026 5821 6019 5817 6023 5815 6026 5821 6023 5815 6025 5820 6027 5823 6021 5824 6020 5822 6027 5823 6020 5822 6026 5821 6028 5825 6021 5824 6027 5823 6029 5826 6027 5823 6026 5821 6030 5827 6014 5828 6015 5829 6030 5827 6015 5829 6021 5824 6030 5827 6021 5824 6028 5825 6030 5827 6028 5825 6014 5828 6031 5830 6004 5819 6005 5831 6032 5832 6013 5833 6014 5828 6032 5832 6027 5823 6029 5826 6032 5832 6014 5828 6028 5825 6032 5832 6028 5825 6027 5823 6032 5832 6029 5826 6033 5834 6034 5835 6009 5836 6008 5837 6034 5835 6010 5838 6009 5836 6034 5835 6011 5839 6010 5838 6034 5835 6012 5840 6011 5839 6034 5835 6005 5831 6012 5840 6034 5835 6031 5830 6005 5831 6035 5841 6034 5835 6008 5837 6035 5841 6031 5830 6034 5835 6036 5842 6008 5837 6007 5843 6036 5842 6013 5833 6032 5832 6036 5842 6032 5832 6033 5834 6036 5842 6035 5841 6008 5837 6036 5842 6033 5834 6035 5841 6037 5844 6007 5843 6006 5845 6037 5844 6006 5845 6013 5833 6037 5844 6013 5833 6036 5842 6037 5844 6036 5842 6007 5843 6038 5846 6024 5818 6004 5819 6038 5846 6029 5826 6026 5821 6038 5846 6026 5821 6025 5820 6038 5846 6025 5820 6024 5818 6039 5847 6038 5846 6004 5819 6040 5848 6039 5847 6004 5819 6041 5849 6029 5826 6038 5846 6041 5849 6033 5834 6029 5826 6041 5849 6038 5846 6039 5847 6041 5849 6039 5847 6040 5848 6042 5850 6004 5819 6031 5830 6042 5850 6035 5841 6033 5834 6042 5850 6031 5830 6035 5841 6042 5850 6040 5848 6004 5819 6042 5850 6041 5849 6040 5848 6042 5850 6033 5834 6041 5849 6048 5851 6049 5852 6047 5853 6048 5851 6051 5854 6049 5852 6045 5855 6050 5856 6051 5854 6045 5855 6051 5854 6048 5851 6046 5857 6044 5858 6050 5856 6046 5857 6050 5856 6045 5855 6043 5859 6044 5858 6046 5857 6068 5860 6062 5861 6063 5862 6057 5863 6058 5864 6068 5860 6056 5865 6057 5863 6068 5860 6052 5866 6053 5867 6061 5868 6069 5869 6055 5870 6056 5865 6069 5869 6063 5862 6064 5871 6069 5869 6068 5860 6063 5862 6069 5869 6056 5865 6068 5860 6070 5872 6054 5873 6055 5870 6070 5872 6064 5871 6065 5874 6070 5872 6055 5870 6069 5869 6070 5872 6069 5869 6064 5871 6071 5875 6065 5874 6066 5876 6071 5875 6070 5872 6065 5874 6071 5875 6054 5873 6070 5872 6072 5877 6071 5875 6066 5876 6072 5877 6054 5873 6071 5875 6073 5878 6053 5867 6054 5873 6073 5878 6072 5877 6066 5876 6073 5878 6054 5873 6072 5877 6073 5878 6061 5868 6053 5867 6074 5879 6059 5880 6060 5881 6074 5879 6060 5881 6061 5868 6074 5879 6066 5876 6067 5882 6074 5879 6067 5882 6059 5880 6074 5879 6061 5868 6073 5878 6074 5879 6073 5878 6066 5876 6092 5883 6079 5884 6078 5885 6092 5883 6080 5886 6079 5884 6092 5883 6081 5887 6080 5886 6092 5883 6091 5888 6081 5887 6093 5889 6091 5888 6092 5883 6094 5890 6085 5891 6084 5892 6094 5890 6084 5892 6091 5888 6094 5890 6091 5888 6093 5889 6095 5893 6094 5890 6093 5889 6096 5894 6086 5895 6085 5891 6096 5894 6087 5896 6086 5895 6096 5894 6088 5897 6087 5896 6096 5894 6085 5891 6094 5890 6096 5894 6094 5890 6095 5893 6097 5898 6076 5899 6075 5900 6097 5898 6075 5900 6082 5901 6098 5902 6082 5901 6083 5903 6098 5902 6083 5903 6090 5904 6099 5905 6077 5906 6076 5899 6099 5905 6076 5899 6097 5898 6100 5907 6099 5905 6097 5898 6101 5908 6082 5901 6098 5902 6101 5908 6097 5898 6082 5901 6101 5908 6100 5907 6097 5898 6102 5909 6096 5894 6095 5893 6102 5909 6093 5889 6100 5907 6102 5909 6100 5907 6101 5908 6102 5909 6095 5893 6093 5889 6103 5910 6089 5911 6088 5897 6103 5910 6090 5904 6089 5911 6103 5910 6098 5902 6090 5904 6103 5910 6088 5897 6096 5894 6103 5910 6096 5894 6102 5909 6103 5910 6101 5908 6098 5902 6103 5910 6102 5909 6101 5908 6104 5912 6078 5885 6077 5906 6104 5912 6100 5907 6093 5889 6104 5912 6092 5883 6078 5885 6104 5912 6093 5889 6092 5883 6104 5912 6077 5906 6099 5905 6104 5912 6099 5905 6100 5907 6125 5913 6105 5914 6106 5915 6125 5913 6106 5915 6107 5916 6126 5917 6107 5916 6108 5918 6126 5917 6108 5918 6109 5919 6126 5917 6125 5913 6107 5916 6127 5920 6124 5921 6105 5914 6127 5920 6105 5914 6125 5913 6128 5922 6127 5920 6125 5913 6128 5922 6125 5913 6126 5917 6129 5923 6109 5919 6110 5924 6129 5923 6126 5917 6109 5919 6129 5923 6128 5922 6126 5917 6130 5925 6110 5924 6111 5926 6130 5925 6129 5923 6110 5924 6131 5927 6130 5925 6111 5926 6132 5928 6129 5923 6130 5925 6133 5929 6111 5926 6112 5930 6133 5929 6112 5930 6113 5931 6133 5929 6113 5931 6131 5927 6133 5929 6131 5927 6111 5926 6134 5932 6116 5933 6124 5921 6135 5934 6117 5935 6116 5933 6135 5934 6118 5936 6117 5935 6135 5934 6119 5937 6118 5936 6135 5934 6120 5938 6119 5937 6135 5934 6121 5939 6120 5938 6135 5934 6116 5933 6134 5932 6136 5940 6113 5931 6114 5941 6136 5940 6131 5927 6113 5931 6136 5940 6132 5928 6130 5925 6136 5940 6130 5925 6131 5927 6136 5940 6137 5942 6132 5928 6138 5943 6122 5944 6121 5939 6138 5943 6121 5939 6135 5934 6138 5943 6135 5934 6134 5932 6138 5943 6137 5942 6136 5940 6139 5945 6123 5946 6122 5944 6139 5945 6122 5944 6138 5943 6139 5945 6138 5943 6136 5940 6140 5947 6114 5941 6115 5948 6140 5947 6115 5948 6123 5946 6140 5947 6136 5940 6114 5941 6140 5947 6123 5946 6139 5945 6140 5947 6139 5945 6136 5940 6141 5949 6129 5923 6132 5928 6141 5949 6127 5920 6128 5922 6141 5949 6128 5922 6129 5923 6141 5949 6124 5921 6127 5920 6142 5950 6124 5921 6141 5949 6143 5951 6124 5921 6142 5950 6144 5952 6141 5949 6132 5928 6144 5952 6132 5928 6137 5942 6144 5952 6142 5950 6141 5949 6144 5952 6143 5951 6142 5950 6145 5953 6134 5932 6124 5921 6145 5953 6138 5943 6134 5932 6145 5953 6137 5942 6138 5943 6145 5953 6124 5921 6143 5951 6145 5953 6144 5952 6137 5942 6145 5953 6143 5951 6144 5952 6158 5954 6157 5955 6156 5956 6151 5957 6155 5958 6154 5959 6151 5957 6156 5956 6155 5958 6151 5957 6158 5954 6156 5956 6153 5960 6151 5957 6154 5959 6174 5961 6173 5962 6172 5963 6175 5964 6172 5963 6147 5965 6175 5964 6174 5961 6172 5963 6176 5966 6147 5965 6146 5967 6176 5966 6175 5964 6147 5965 6177 5968 6146 5967 6148 5969 6177 5968 6176 5966 6146 5967 6178 5970 6177 5968 6148 5969 6179 5971 6178 5970 6148 5969 6166 5972 6167 5973 6165 5974 6180 5975 6149 5976 6150 5977 6180 5975 6150 5977 6151 5957 6180 5975 6153 5960 6152 5978 6180 5975 6152 5978 6159 5979 6180 5975 6151 5957 6153 5960 6181 5980 6149 5976 6180 5975 6182 5981 6159 5979 6160 5982 6182 5981 6180 5975 6159 5979 6182 5981 6181 5980 6180 5975 6183 5983 6181 5980 6182 5981 6184 5984 6148 5969 6149 5976 6184 5984 6181 5980 6183 5983 6184 5984 6168 5985 6169 5986 6184 5984 6169 5986 6170 5987 6184 5984 6170 5987 6171 5988 6184 5984 6171 5988 6179 5971 6184 5984 6149 5976 6181 5980 6184 5984 6179 5971 6148 5969 6185 5989 6183 5983 6182 5981 6186 5990 6185 5989 6182 5981 6187 5991 6160 5982 6161 5992 6187 5991 6161 5992 6162 5993 6187 5991 6162 5993 6163 5994 6187 5991 6163 5994 6164 5995 6187 5991 6186 5990 6182 5981 6187 5991 6182 5981 6160 5982 6188 5996 6167 5973 6168 5985 6188 5996 6183 5983 6185 5989 6188 5996 6185 5989 6186 5990 6188 5996 6184 5984 6183 5983 6188 5996 6168 5985 6184 5984 6189 5997 6186 5990 6187 5991 6189 5997 6164 5995 6165 5974 6189 5997 6167 5973 6188 5996 6189 5997 6188 5996 6186 5990 6189 5997 6165 5974 6167 5973 6189 5997 6187 5991 6164 5995 6208 5998 6192 5999 6191 6000 6208 5998 6202 6001 6192 5999 6209 6002 6203 6003 6202 6001 6209 6002 6204 6004 6203 6003 6209 6002 6205 6005 6204 6004 6209 6002 6202 6001 6208 5998 6210 6006 6209 6002 6208 5998 6211 6007 6210 6006 6208 5998 6211 6007 6208 5998 6191 6000 6212 6008 6191 6000 6190 6009 6212 6008 6190 6009 6193 6010 6212 6008 6211 6007 6191 6000 6213 6011 6211 6007 6212 6008 6214 6012 6193 6010 6194 6013 6214 6012 6194 6013 6195 6014 6214 6012 6195 6014 6196 6015 6214 6012 6212 6008 6193 6010 6214 6012 6213 6011 6212 6008 6215 6016 6207 6017 6206 6018 6216 6019 6200 6020 6201 6021 6216 6019 6201 6021 6207 6017 6216 6019 6215 6016 6200 6020 6216 6019 6207 6017 6215 6016 6217 6022 6198 6023 6199 6024 6217 6022 6199 6024 6200 6020 6218 6025 6206 6018 6205 6005 6218 6025 6205 6005 6209 6002 6218 6025 6210 6006 6211 6007 6218 6025 6215 6016 6206 6018 6218 6025 6209 6002 6210 6006 6219 6026 6200 6020 6215 6016 6219 6026 6217 6022 6200 6020 6219 6026 6215 6016 6218 6025 6220 6027 6213 6011 6214 6012 6220 6027 6211 6007 6213 6011 6220 6027 6218 6025 6211 6007 6220 6027 6217 6022 6219 6026 6220 6027 6219 6026 6218 6025 6221 6028 6196 6015 6197 6029 6221 6028 6197 6029 6198 6023 6221 6028 6198 6023 6217 6022 6221 6028 6214 6012 6196 6015 6221 6028 6220 6027 6214 6012 6221 6028 6217 6022 6220 6027 6233 6030 6239 6031 6234 6032 6227 6033 6232 6034 6226 6035 6224 6036 6225 6037 6235 6038 6240 6039 6233 6030 6232 6034 6240 6039 6237 6040 6238 6041 6240 6039 6238 6041 6239 6031 6240 6039 6239 6031 6233 6030 6241 6042 6227 6033 6228 6043 6241 6042 6232 6034 6227 6033 6241 6042 6240 6039 6232 6034 6241 6042 6237 6040 6240 6039 6242 6044 6228 6043 6229 6045 6242 6044 6236 6046 6237 6040 6242 6044 6237 6040 6241 6042 6242 6044 6241 6042 6228 6043 6243 6047 6242 6044 6229 6045 6243 6047 6236 6046 6242 6044 6244 6048 6229 6045 6230 6049 6244 6048 6235 6038 6236 6046 6244 6048 6236 6046 6243 6047 6244 6048 6243 6047 6229 6045 6245 6050 6223 6051 6224 6036 6245 6050 6235 6038 6244 6048 6245 6050 6224 6036 6235 6038 6245 6050 6244 6048 6230 6049 6246 6052 6222 6053 6223 6051 6246 6052 6230 6049 6231 6054 6246 6052 6231 6054 6222 6053 6246 6052 6223 6051 6245 6050 6246 6052 6245 6050 6230 6049 6248 6055 6253 6056 6254 6057 6248 6055 6249 6058 6253 6056 6247 6059 6254 6057 6255 6060 6247 6059 6248 6055 6254 6057 6251 6061 6255 6060 6252 6062 6251 6061 6247 6059 6255 6060 6250 6063 6251 6061 6252 6062 6260 6064 6262 6065 6261 6066 6260 6064 6263 6067 6262 6065 6260 6064 6264 6068 6263 6067 6269 6069 6265 6070 6264 6068 6269 6069 6266 6071 6265 6070 6269 6069 6267 6072 6266 6071 6269 6069 6264 6068 6260 6064 6268 6073 6267 6072 6269 6069 6259 6074 6268 6073 6269 6069 6258 6075 6259 6074 6269 6069 6277 6076 6276 6077 6275 6078 6277 6076 6282 6079 6281 6080 6277 6076 6275 6078 6282 6079 6274 6081 6256 6082 6257 6083 6274 6081 6278 6084 6256 6082 6274 6081 6279 6085 6278 6084 6274 6081 6280 6086 6279 6085 6274 6081 6281 6080 6280 6086 6274 6081 6277 6076 6281 6080 6273 6087 6269 6069 6270 6088 6273 6087 6258 6075 6269 6069 6272 6089 6257 6083 6258 6075 6272 6089 6274 6081 6257 6083 6272 6089 6258 6075 6273 6087 6271 6090 6274 6081 6272 6089 6299 6091 6295 6092 6294 6093 6299 6091 6296 6094 6295 6092 6299 6091 6297 6095 6296 6094 6300 6096 6294 6093 6293 6097 6300 6096 6299 6091 6294 6093 6301 6098 6299 6091 6300 6096 6302 6099 6301 6098 6300 6096 6303 6100 6292 6101 6291 6102 6303 6100 6293 6097 6292 6101 6303 6100 6300 6096 6293 6097 6303 6100 6302 6099 6300 6096 6304 6103 6298 6104 6297 6095 6304 6103 6297 6095 6299 6091 6304 6103 6299 6091 6301 6098 6305 6105 6285 6106 6286 6107 6306 6108 6308 6109 6307 6110 6306 6108 6309 6111 6308 6109 6310 6112 6284 6113 6285 6106 6310 6112 6285 6106 6305 6105 6310 6112 6305 6105 6309 6111 6310 6112 6309 6111 6306 6108 6311 6114 6283 6115 6284 6113 6311 6114 6290 6116 6283 6115 6311 6114 6284 6113 6310 6112 6311 6114 6307 6110 6290 6116 6311 6114 6306 6108 6307 6110 6311 6114 6310 6112 6306 6108 6312 6117 6301 6098 6302 6099 6312 6117 6303 6100 6291 6102 6312 6117 6304 6103 6301 6098 6312 6117 6302 6099 6303 6100 6313 6118 6312 6117 6291 6102 6313 6118 6304 6103 6312 6117 6314 6119 6289 6120 6298 6104 6314 6119 6298 6104 6304 6103 6315 6121 6291 6102 6290 6116 6315 6121 6308 6109 6304 6103 6315 6121 6313 6118 6291 6102 6315 6121 6304 6103 6313 6118 6315 6121 6290 6116 6307 6110 6315 6121 6307 6110 6308 6109 6316 6122 6304 6103 6308 6109 6316 6122 6308 6109 6309 6111 6316 6122 6314 6119 6304 6103 6317 6123 6314 6119 6316 6122 6318 6124 6286 6107 6287 6125 6318 6124 6287 6125 6288 6126 6318 6124 6288 6126 6289 6120 6318 6124 6305 6105 6286 6107 6318 6124 6289 6120 6314 6119 6318 6124 6314 6119 6317 6123 6319 6127 6309 6111 6305 6105 6319 6127 6316 6122 6309 6111 6319 6127 6317 6123 6316 6122 6319 6127 6305 6105 6318 6124 6319 6127 6318 6124 6317 6123 6325 6128 6330 6129 6324 6130 6325 6128 6335 6131 6330 6129 6326 6132 6334 6133 6335 6131 6326 6132 6335 6131 6325 6128 6327 6134 6333 6135 6334 6133 6327 6134 6334 6133 6326 6132 6328 6136 6332 6137 6333 6135 6328 6136 6333 6135 6327 6134 6322 6138 6323 6139 6331 6140 6322 6138 6331 6140 6332 6137 6329 6141 6332 6137 6328 6136 6329 6141 6322 6138 6332 6137 6321 6142 6322 6138 6329 6141 6320 6143 6321 6142 6329 6141 6357 6144 6350 6145 6351 6146 6357 6144 6351 6146 6352 6147 6358 6148 6349 6149 6350 6145 6358 6148 6356 6150 6349 6149 6358 6148 6350 6145 6357 6144 6359 6151 6358 6148 6357 6144 6360 6152 6342 6153 6343 6154 6360 6152 6343 6154 6344 6155 6360 6152 6344 6155 6356 6150 6361 6156 6354 6157 6355 6158 6362 6159 6361 6156 6346 6160 6363 6161 6347 6162 6346 6160 6363 6161 6348 6163 6347 6162 6363 6161 6355 6158 6348 6163 6363 6161 6361 6156 6355 6158 6363 6161 6346 6160 6361 6156 6364 6164 6340 6165 6341 6166 6364 6164 6341 6166 6342 6153 6364 6164 6366 6167 6365 6168 6364 6164 6360 6152 6366 6167 6364 6164 6342 6153 6360 6152 6367 6169 6338 6170 6339 6171 6367 6169 6339 6171 6340 6165 6367 6169 6340 6165 6364 6164 6367 6169 6364 6164 6365 6168 6368 6172 6338 6170 6367 6169 6368 6172 6367 6169 6365 6168 6369 6173 6336 6174 6337 6175 6369 6173 6337 6175 6338 6170 6369 6173 6345 6176 6336 6174 6369 6173 6346 6160 6345 6176 6369 6173 6362 6159 6346 6160 6369 6173 6338 6170 6368 6172 6369 6173 6368 6172 6362 6159 6370 6177 6358 6148 6359 6151 6370 6177 6356 6150 6358 6148 6371 6178 6352 6147 6353 6179 6371 6178 6353 6179 6354 6157 6371 6178 6359 6151 6357 6144 6371 6178 6370 6177 6359 6151 6371 6178 6361 6156 6362 6159 6371 6178 6357 6144 6352 6147 6371 6178 6354 6157 6361 6156 6371 6178 6362 6159 6370 6177 6372 6180 6356 6150 6370 6177 6372 6180 6370 6177 6362 6159 6373 6181 6365 6168 6366 6167 6373 6181 6366 6167 6360 6152 6373 6181 6360 6152 6356 6150 6373 6181 6356 6150 6372 6180 6373 6181 6362 6159 6368 6172 6373 6181 6368 6172 6365 6168 6373 6181 6372 6180 6362 6159 6387 6182 6377 6183 6386 6184 6378 6185 6377 6183 6387 6182 6395 6186 6389 6187 6388 6188 6395 6186 6393 6189 6394 6190 6395 6186 6394 6190 6389 6187 6396 6191 6390 6192 6391 6193 6396 6191 6391 6193 6392 6194 6396 6191 6392 6194 6393 6189 6396 6191 6393 6189 6395 6186 6397 6195 6396 6191 6395 6186 6398 6196 6396 6191 6397 6195 6398 6196 6390 6192 6396 6191 6399 6197 6379 6198 6380 6199 6399 6197 6388 6188 6379 6198 6400 6200 6375 6201 6374 6202 6400 6200 6374 6202 6390 6192 6400 6200 6401 6203 6375 6201 6400 6200 6390 6192 6398 6196 6400 6200 6398 6196 6401 6203 6402 6204 6380 6199 6381 6205 6402 6204 6404 6206 6403 6207 6402 6204 6403 6207 6399 6197 6402 6204 6399 6197 6380 6199 6405 6208 6384 6209 6385 6210 6406 6211 6381 6205 6382 6212 6406 6211 6382 6212 6383 6213 6406 6211 6383 6213 6384 6209 6406 6211 6402 6204 6381 6205 6406 6211 6384 6209 6405 6208 6406 6211 6404 6206 6402 6204 6406 6211 6405 6208 6404 6206 6407 6214 6376 6215 6375 6201 6407 6214 6377 6183 6376 6215 6407 6214 6385 6210 6386 6184 6407 6214 6405 6208 6385 6210 6407 6214 6375 6201 6401 6203 6407 6214 6386 6184 6377 6183 6407 6214 6401 6203 6405 6208 6408 6216 6397 6195 6395 6186 6408 6216 6398 6196 6397 6195 6408 6216 6395 6186 6388 6188 6408 6216 6401 6203 6398 6196 6409 6217 6408 6216 6388 6188 6409 6217 6401 6203 6408 6216 6410 6218 6403 6207 6404 6206 6410 6218 6399 6197 6403 6207 6410 6218 6388 6188 6399 6197 6410 6218 6405 6208 6401 6203 6410 6218 6404 6206 6405 6208 6410 6218 6409 6217 6388 6188 6410 6218 6401 6203 6409 6217 6421 6219 6424 6220 6420 6221 6411 6222 6412 6223 6423 6224 6413 6225 6411 6222 6423 6224 6416 6226 6415 6227 6419 6228 6425 6229 6414 6230 6413 6225 6425 6229 6423 6224 6424 6220 6425 6229 6424 6220 6421 6219 6425 6229 6413 6225 6423 6224 6426 6231 6415 6227 6414 6230 6426 6231 6421 6219 6422 6232 6426 6231 6414 6230 6425 6229 6426 6231 6425 6229 6421 6219 6427 6233 6417 6234 6418 6235 6427 6233 6418 6235 6419 6228 6427 6233 6422 6232 6417 6234 6427 6233 6426 6231 6422 6232 6427 6233 6415 6227 6426 6231 6427 6233 6419 6228 6415 6227 6444 6236 6441 6237 6440 6238 6445 6239 6442 6240 6441 6237 6445 6239 6443 6241 6442 6240 6445 6239 6441 6237 6444 6236 6446 6242 6445 6239 6444 6236 6447 6243 6445 6239 6446 6242 6448 6244 6429 6245 6428 6246 6448 6244 6428 6246 6443 6241 6448 6244 6443 6241 6445 6239 6448 6244 6445 6239 6447 6243 6449 6247 6446 6242 6444 6236 6450 6248 6452 6249 6451 6250 6450 6248 6453 6251 6452 6249 6454 6252 6435 6253 6436 6254 6454 6252 6451 6250 6435 6253 6454 6252 6450 6248 6451 6250 6455 6255 6431 6256 6430 6257 6455 6255 6436 6254 6437 6258 6455 6255 6437 6258 6431 6256 6455 6255 6430 6257 6456 6259 6455 6255 6454 6252 6436 6254 6455 6255 6456 6259 6453 6251 6455 6255 6453 6251 6450 6248 6455 6255 6450 6248 6454 6252 6457 6260 6439 6261 6438 6262 6457 6260 6440 6238 6439 6261 6457 6260 6438 6262 6449 6247 6457 6260 6449 6247 6444 6236 6457 6260 6444 6236 6440 6238 6458 6263 6429 6245 6448 6244 6458 6263 6447 6243 6446 6242 6458 6263 6446 6242 6449 6247 6458 6263 6448 6244 6447 6243 6459 6264 6438 6262 6432 6265 6459 6264 6449 6247 6438 6262 6459 6264 6452 6249 6449 6247 6459 6264 6451 6250 6452 6249 6460 6266 6429 6245 6458 6263 6460 6266 6458 6263 6449 6247 6461 6267 6430 6257 6429 6245 6461 6267 6449 6247 6452 6249 6461 6267 6456 6259 6430 6257 6461 6267 6429 6245 6460 6266 6461 6267 6452 6249 6453 6251 6461 6267 6453 6251 6456 6259 6461 6267 6460 6266 6449 6247 6462 6268 6432 6265 6433 6269 6462 6268 6433 6269 6434 6270 6462 6268 6434 6270 6435 6253 6462 6268 6459 6264 6432 6265 6462 6268 6435 6253 6451 6250 6462 6268 6451 6250 6459 6264 6468 6271 6473 6272 6474 6273 6468 6271 6469 6274 6473 6272 6467 6275 6468 6271 6474 6273 6466 6276 6474 6273 6475 6277 6466 6276 6467 6275 6474 6273 6465 6278 6475 6277 6476 6279 6465 6278 6466 6276 6475 6277 6464 6280 6476 6279 6477 6281 6464 6280 6465 6278 6476 6279 6471 6282 6477 6281 6478 6283 6471 6282 6478 6283 6470 6284 6471 6282 6464 6280 6477 6281 6472 6285 6464 6280 6471 6282 6463 6286 6464 6280 6472 6285 6489 6287 6488 6288 6495 6289 6487 6290 6480 6291 6479 6292 6485 6293 6493 6294 6486 6295 6496 6296 6482 6297 6481 6298 6496 6296 6483 6299 6482 6297 6496 6296 6484 6300 6483 6299 6496 6296 6494 6301 6484 6300 6497 6302 6494 6301 6496 6296 6498 6303 6490 6304 6489 6287 6498 6303 6495 6289 6494 6301 6498 6303 6494 6301 6497 6302 6498 6303 6489 6287 6495 6289 6499 6305 6481 6298 6480 6291 6499 6305 6496 6296 6481 6298 6499 6305 6497 6302 6496 6296 6499 6305 6480 6291 6487 6290 6500 6306 6487 6290 6486 6295 6500 6306 6493 6294 6492 6307 6500 6306 6499 6305 6487 6290 6500 6306 6486 6295 6493 6294 6501 6308 6491 6309 6490 6304 6501 6308 6492 6307 6491 6309 6501 6308 6499 6305 6500 6306 6501 6308 6500 6306 6492 6307 6501 6308 6497 6302 6499 6305 6501 6308 6498 6303 6497 6302 6501 6308 6490 6304 6498 6303 6525 6310 6528 6311 6526 6312 6527 6313 6528 6311 6525 6310 6514 6314 6502 6315 6503 6316 6519 6317 6521 6318 6520 6319 6518 6320 6521 6318 6519 6317 6509 6321 6510 6322 6515 6323 6529 6324 6518 6320 6517 6325 6529 6324 6522 6326 6521 6318 6529 6324 6521 6318 6518 6320 6530 6327 6506 6328 6507 6329 6530 6327 6507 6329 6508 6330 6530 6327 6524 6331 6523 6332 6530 6327 6525 6310 6524 6331 6530 6327 6508 6330 6527 6313 6530 6327 6527 6313 6525 6310 6531 6333 6523 6332 6522 6326 6531 6333 6530 6327 6523 6332 6531 6333 6522 6326 6529 6324 6532 6334 6511 6335 6512 6336 6532 6334 6512 6336 6513 6337 6532 6334 6529 6324 6511 6335 6533 6338 6510 6322 6511 6335 6533 6338 6516 6339 6515 6323 6533 6338 6517 6325 6516 6339 6533 6338 6529 6324 6517 6325 6533 6338 6511 6335 6529 6324 6533 6338 6515 6323 6510 6322 6534 6340 6505 6341 6506 6328 6534 6340 6531 6333 6529 6324 6534 6340 6530 6327 6531 6333 6534 6340 6506 6328 6530 6327 6534 6340 6529 6324 6532 6334 6535 6342 6503 6316 6504 6343 6535 6342 6504 6343 6505 6341 6535 6342 6513 6337 6514 6314 6535 6342 6534 6340 6532 6334 6535 6342 6532 6334 6513 6337 6535 6342 6514 6314 6503 6316 6535 6342 6505 6341 6534 6340 6544 6344 6547 6345 6545 6346 6541 6347 6543 6348 6542 6349 6541 6347 6544 6344 6543 6348 6541 6347 6546 6350 6547 6345 6541 6347 6547 6345 6544 6344 6540 6351 6546 6350 6541 6347 6537 6352 6536 6353 6546 6350 6537 6352 6546 6350 6540 6351 6538 6354 6537 6352 6540 6351 6539 6355 6538 6354 6540 6351 6567 6356 6566 6357 6565 6358 6549 6359 6548 6360 6571 6361 6553 6362 6559 6363 6552 6364 6557 6365 6550 6366 6556 6367 6558 6368 6550 6366 6557 6365 6551 6369 6550 6366 6558 6368 6572 6370 6564 6371 6563 6372 6572 6370 6565 6358 6564 6371 6572 6370 6567 6356 6565 6358 6573 6373 6568 6374 6567 6356 6573 6373 6569 6375 6568 6374 6573 6373 6567 6356 6572 6370 6574 6376 6562 6377 6561 6378 6574 6376 6563 6372 6562 6377 6574 6376 6573 6373 6572 6370 6574 6376 6572 6370 6563 6372 6575 6379 6570 6380 6569 6375 6575 6379 6571 6361 6570 6380 6575 6379 6549 6359 6571 6361 6575 6379 6569 6375 6573 6373 6575 6379 6573 6373 6574 6376 6576 6381 6574 6376 6561 6378 6576 6381 6575 6379 6574 6376 6577 6382 6575 6379 6576 6381 6578 6383 6577 6382 6576 6381 6579 6384 6554 6385 6555 6386 6579 6384 6555 6386 6556 6367 6579 6384 6578 6383 6576 6381 6580 6387 6550 6366 6549 6359 6580 6387 6577 6382 6578 6383 6580 6387 6579 6384 6556 6367 6580 6387 6578 6383 6579 6384 6580 6387 6575 6379 6577 6382 6580 6387 6549 6359 6575 6379 6580 6387 6556 6367 6550 6366 6581 6388 6560 6389 6559 6363 6581 6388 6561 6378 6560 6389 6581 6388 6576 6381 6561 6378 6582 6390 6553 6362 6554 6385 6582 6390 6579 6384 6576 6381 6582 6390 6576 6381 6581 6388 6582 6390 6559 6363 6553 6362 6582 6390 6554 6385 6579 6384 6582 6390 6581 6388 6559 6363 6603 6391 6602 6392 6601 6393 6583 6394 6584 6395 6610 6396 6592 6397 6610 6396 6609 6398 6592 6397 6583 6394 6610 6396 6591 6399 6592 6397 6609 6398 6586 6400 6587 6401 6594 6402 6585 6403 6586 6400 6594 6402 6593 6404 6585 6403 6594 6402 6611 6405 6601 6393 6600 6406 6611 6405 6604 6407 6603 6391 6611 6405 6603 6391 6601 6393 6612 6408 6599 6409 6598 6410 6612 6408 6600 6406 6599 6409 6612 6408 6611 6405 6600 6406 6613 6411 6605 6412 6604 6407 6613 6411 6606 6413 6605 6412 6613 6411 6604 6407 6611 6405 6613 6411 6611 6405 6612 6408 6614 6414 6598 6410 6597 6415 6614 6414 6612 6408 6598 6410 6614 6414 6613 6411 6612 6408 6615 6416 6607 6417 6606 6413 6615 6416 6608 6418 6607 6417 6615 6416 6609 6398 6608 6418 6615 6416 6606 6413 6613 6411 6615 6416 6591 6399 6609 6398 6615 6416 6613 6411 6614 6414 6616 6419 6595 6420 6594 6402 6616 6419 6596 6421 6595 6420 6616 6419 6597 6415 6596 6421 6616 6419 6614 6414 6597 6415 6617 6422 6614 6414 6616 6419 6617 6422 6615 6416 6614 6414 6617 6422 6616 6419 6594 6402 6618 6423 6587 6401 6588 6424 6618 6423 6588 6424 6589 6425 6618 6423 6589 6425 6590 6426 6618 6423 6590 6426 6591 6399 6618 6423 6591 6399 6615 6416 6618 6423 6615 6416 6617 6422 6618 6423 6594 6402 6587 6401 6618 6423 6617 6422 6594 6402 6641 6427 6631 6428 6632 6429 6641 6427 6640 6430 6631 6428 6633 6431 6641 6427 6632 6429 6634 6432 6641 6427 6633 6431 6642 6433 6641 6427 6634 6432 6627 6434 6637 6435 6638 6436 6627 6434 6638 6436 6639 6437 6627 6434 6639 6437 6626 6438 6620 6439 6619 6440 6645 6441 6621 6442 6645 6441 6644 6443 6621 6442 6620 6439 6645 6441 6630 6444 6623 6445 6629 6446 6624 6447 6623 6445 6630 6444 6625 6448 6624 6447 6630 6444 6646 6449 6643 6450 6642 6433 6646 6449 6644 6443 6643 6450 6646 6449 6642 6433 6634 6432 6646 6449 6621 6442 6644 6443 6647 6451 6622 6452 6621 6442 6647 6451 6623 6445 6622 6452 6647 6451 6628 6453 6629 6446 6647 6451 6634 6432 6635 6454 6647 6451 6621 6442 6646 6449 6647 6451 6646 6449 6634 6432 6647 6451 6629 6446 6623 6445 6648 6455 6627 6434 6628 6453 6648 6455 6635 6454 6636 6456 6648 6455 6636 6456 6637 6435 6648 6455 6647 6451 6635 6454 6648 6455 6628 6453 6647 6451 6648 6455 6637 6435 6627 6434</p>
        </triangles>
      </mesh>
    </geometry>
  </library_geometries>
  <library_visual_scenes>
    <visual_scene id="Scene" name="Scene">
      <node id="right_pinky_intermediate" name="right_pinky_intermediate" type="NODE">
        <matrix sid="transform">1 0 0 0 0 1 0 0 0 0 1 0 0 0 0 1</matrix>
        <instance_geometry url="#ָ¼ⷌ-½񋴲¿·Ղ-mesh" name="right_pinky_intermediate">
          <bind_material>
            <technique_common>
              <instance_material symbol="metal-material" target="#metal-material"/>
              <instance_material symbol="white_plastic-material" target="#white_plastic-material"/>
              <instance_material symbol="black_plastic-material" target="#black_plastic-material"/>
            </technique_common>
          </bind_material>
        </instance_geometry>
      </node>
    </visual_scene>
  </library_visual_scenes>
  <scene>
    <instance_visual_scene url="#Scene"/>
  </scene>
</COLLADA>