<?xml version="1.0" encoding="utf-8"?>
<COLLADA xmlns="http://www.collada.org/2005/11/COLLADASchema" version="1.4.1" xmlns:xsi="http://www.w3.org/2001/XMLSchema-instance">
  <asset>
    <contributor>
      <author>Blender User</author>
      <authoring_tool>Blender 3.0.1</authoring_tool>
    </contributor>
    <created>2025-08-11T13:02:15</created>
    <modified>2025-08-11T13:02:15</modified>
    <unit name="meter" meter="1"/>
    <up_axis>Z_UP</up_axis>
  </asset>
  <library_effects>
    <effect id="white_plastic-effect">
      <profile_COMMON>
        <technique sid="common">
          <lambert>
            <emission>
              <color sid="emission">0 0 0 1</color>
            </emission>
            <diffuse>
              <color sid="diffuse">1 1 1 1</color>
            </diffuse>
            <reflectivity>
              <float sid="specular">0.2</float>
            </reflectivity>
            <index_of_refraction>
              <float sid="ior">1.45</float>
            </index_of_refraction>
          </lambert>
        </technique>
      </profile_COMMON>
    </effect>
    <effect id="metal-effect">
      <profile_COMMON>
        <technique sid="common">
          <lambert>
            <emission>
              <color sid="emission">0 0 0 1</color>
            </emission>
            <diffuse>
              <color sid="diffuse">0.7 0.7 0.7 1</color>
            </diffuse>
            <reflectivity>
              <float sid="specular">0.8</float>
            </reflectivity>
            <index_of_refraction>
              <float sid="ior">1.45</float>
            </index_of_refraction>
          </lambert>
        </technique>
      </profile_COMMON>
    </effect>
    <effect id="black_plastic-effect">
      <profile_COMMON>
        <technique sid="common">
          <lambert>
            <emission>
              <color sid="emission">0 0 0 1</color>
            </emission>
            <diffuse>
              <color sid="diffuse">0.01434867 0.01434867 0.01434867 1</color>
            </diffuse>
            <reflectivity>
              <float sid="specular">0.2</float>
            </reflectivity>
            <index_of_refraction>
              <float sid="ior">1.45</float>
            </index_of_refraction>
          </lambert>
        </technique>
      </profile_COMMON>
    </effect>
  </library_effects>
  <library_images/>
  <library_materials>
    <material id="white_plastic-material" name="white_plastic">
      <instance_effect url="#white_plastic-effect"/>
    </material>
    <material id="metal-material" name="metal">
      <instance_effect url="#metal-effect"/>
    </material>
    <material id="black_plastic-material" name="black_plastic">
      <instance_effect url="#black_plastic-effect"/>
    </material>
  </library_materials>
  <library_geometries>
    <geometry id="ָ¼୽񋴲¿·Մ-mesh" name="ָ¼୽񋴲¿·Մ">
      <mesh>
        <source id="ָ¼୽񋴲¿·Մ-mesh-positions">
          <float_array id="ָ¼୽񋴲¿·Մ-mesh-positions-array" count="14304">0.01085507 0.005048751 0.003765285 0.01085478 0.005060434 0.003765344 0.01085507 0.005048751 0.003765285 0.01085478 0.005037069 0.003765344 0.01084899 0.0050323 0.003742396 0.01083457 0.005036294 0.003704011 0.01081597 0.005037486 0.003672242 0.01079225 0.005038321 0.003643631 0.01079225 0.005059242 0.003643631 0.01081919 0.005060255 0.003676414 0.01083868 0.005060791 0.003712892 -0.003702342 0.007188498 0.001595735 -0.003412187 0.007831692 0.00151962 -0.003384947 0.007916212 0.001877009 -0.003288984 0.008098781 0.002146184 -0.003302633 0.008080065 0.002188086 -0.003320157 0.008053779 0.002211809 -0.003332436 0.008033335 0.002205908 -0.003339886 0.008020043 0.00219202 -0.003347039 0.008006453 0.002170443 -0.003360748 0.007977962 0.002103805 -0.003305077 0.008098781 0.002516627 -0.003257274 0.00818789 0.002791106 -0.003286778 0.008138537 0.002702653 -0.003302514 0.008108735 0.00261116 -0.003305435 0.008101284 0.002564251 -0.00315535 0.008337914 0.002870917 0.001244843 0.01103001 0.004158377 4.35464e-4 0.0108397 0.004320919 -4.19058e-4 0.01053261 0.004309356 -0.00129956 0.01006257 0.004107594 -0.001994192 0.009562551 0.003796815 -0.002588152 0.009019196 0.003399372 0.001110851 0.01083302 0.006747543 -0.003790915 0.007188081 0.003605842 -0.003428459 0.007963597 0.003809511 -0.002850532 0.008737385 0.004156351 -0.002067685 0.009482085 0.004643321 -0.001068055 0.01015603 0.0052917 -5.74887e-5 0.01058918 0.005962908 -0.003981769 0.005937039 0.00176388 -0.003979682 0.005937039 0.00172764 -0.003702342 0.007188498 0.001595735 -0.003790915 0.007188081 0.003605842 -0.004058957 0.005931496 0.003504693 -0.003979682 0.005937039 0.00172764 -0.003979682 0.005937039 0.00172764 -0.003937184 0.005939066 0.001075387 -0.003981769 0.005937039 0.00176388 -0.004027843 0.005059242 0.001758992 -0.004027843 0.005059242 0.001758992 -0.003981411 0.005059242 0.001044273 -0.003702342 0.007188498 0.001595735 -0.003979682 0.005937039 0.00172764 -0.003937184 0.005939066 0.001075387 -0.00366193 0.007188856 9.84058e-4 -0.003836035 0.006574273 0.001053273 -0.003702342 0.007188498 0.001595735 -0.00366193 0.007188856 9.84058e-4 -0.003461539 0.007653653 8.8888e-4 -0.003453493 0.007686853 9.94489e-4 -0.003412187 0.007831692 0.00151962 0.001110851 0.01083302 0.006747543 0.001318991 0.01086241 0.006889164 0.001244843 0.01103001 0.004158377 0.003669977 0.01133531 0.002192318 0.002995312 0.01126593 0.003070116 0.00231862 0.01118612 0.003768622 0.001928806 0.0111314 0.004079222 0.001789271 0.0111106 0.004158318 0.001662611 0.01109129 0.004210174 0.001556158 0.01107501 0.004234969 0.001487493 0.01106458 0.004239678 0.00141865 0.01105427 0.004233717 0.001327395 0.01104116 0.00420618 0.005513489 0.01116526 0.002401471 0.007023334 0.01084816 0.002479612 0.005336225 0.01023364 0.01715856 0.006430447 0.01045072 0.009743332 0.003049492 0.01049429 0.01712751 0.003499686 0.01058685 0.01388138 0.002052426 0.01091212 0.007482528 0.002652049 0.01089084 0.00824356 0.00308001 0.01084166 0.009071886 0.003405094 0.01077741 0.01005882 0.003619134 0.01069957 0.01134455 0.003637254 0.01064008 0.01252734 0.005049586 0.01131623 8.29659e-4 0.004461824 0.01134735 0.001229465 0.003997027 0.01135349 0.001707673 0.003673374 0.01133573 0.002186834 0.003669977 0.01133531 0.002192318 0.005513489 0.01116526 0.002401471 0.007023334 0.01084816 0.002479612 0.007076144 0.01097279 8.76382e-4 0.006555557 0.0111131 5.90436e-4 0.006268322 0.01117163 5.15044e-4 0.005965173 0.01122111 5.08565e-4 0.005646049 0.01126205 5.72346e-4 0.005352854 0.01129168 6.81162e-4 0.008765161 0.007829546 0.01750642 0.008547544 0.008348643 0.01747882 0.008201718 0.008825063 0.0174371 0.00775808 0.009225904 0.01738584 0.007217228 0.009575366 0.01732695 0.006293475 0.009979903 0.01723688 0.005336225 0.01023364 0.01715856 0.006430447 0.01045072 0.009743332 0.007023334 0.01084816 0.002479612 0.007993757 0.01047933 0.002478957 0.008998453 0.009905159 0.002444148 0.01044452 0.007826864 0.003635704 0.01014584 0.008581995 0.003405749 0.009765625 0.009162724 0.003094553 0.00939989 0.009558498 0.002786338 0.008309841 0.009050905 0.01500374 0.00793761 0.009350836 0.01500076 0.008091211 0.009384453 0.01372313 0.00775969 0.009600996 0.01372605 0.006430447 0.01045072 0.009743332 0.00907135 0.008952558 0.01026511 0.009393095 0.009257972 0.005518317 0.008918941 0.009552776 0.006628155 0.008550524 0.00982958 0.00646907 0.008220255 0.01004362 0.006262779 0.008994817 0.00963211 0.005295753 0.007869362 0.009894967 0.01002299 0.01080244 0.0060485 0.003855824 0.009221196 0.006067037 0.01688998 0.0078606 0.006048262 0.02626579 0.01066428 0.006961226 0.003787159 0.01044452 0.007826864 0.003635704 0.008765161 0.007829546 0.01750642 0.007453978 0.007826864 0.02636504 0.007856249 0.006048202 0.02628946 0.008206963 0.006938099 0.02322596 0.007453978 0.007826864 0.02636504 0.006977319 0.0078215 0.02829921 0.006337225 0.007790803 0.02993053 0.00647974 0.006934285 0.03019487 0.006555378 0.00601679 0.03037571 0.007856249 0.006048202 0.02628946 0.007363379 0.006020784 0.02838504 0.006968736 0.005989551 0.02952605 0.008765161 0.007829546 0.01750642 0.008547544 0.008348643 0.01747882 0.008201718 0.008825063 0.0174371 0.00775808 0.009225904 0.01738584 0.007217228 0.009575366 0.01732695 0.006293475 0.009979903 0.01723688 0.005336225 0.01023364 0.01715856 0.007453978 0.007826864 0.02636504 0.003426551 0.01032316 0.02581983 0.005363106 0.009829282 0.0262956 0.00608927 0.009488165 0.0263949 0.006688416 0.009055435 0.02643018 0.007076263 0.008610785 0.0264185 0.007288217 0.008238136 0.02639406 0.003116548 0.01038134 0.02525913 0.004338145 0.01025992 0.02139538 0.006660103 0.009232223 0.02539741 0.00633794 0.009451091 0.02531784 0.006363451 0.009494662 0.02466398 0.006118178 0.009623289 0.02458518 0.005762934 0.009778976 0.02446758 0.007189154 0.009143352 0.02271747 0.007382035 0.009332299 0.01917982 0.006926417 0.009547531 0.01992887 0.006600797 0.009711027 0.01981192 0.006290078 0.00984174 0.01970154 0.007000744 0.009566307 0.01906424 0.00596559 0.009957253 0.01958584 0.007364571 0.008549451 0.02503091 0.008251309 0.008607089 0.01847052 0.007023334 0.01084816 0.002479612 0.007993757 0.01047933 0.002478957 0.008998453 0.009905159 0.002444148 0.007076144 0.01097279 8.76382e-4 0.008000373 0.01057851 0.001608848 0.008204638 0.01045697 0.001808047 0.008085608 0.01052707 0.001708805 0.003426551 0.01032316 0.02581983 0.005363106 0.009829282 0.0262956 0.00608927 0.009488165 0.0263949 0.006688416 0.009055435 0.02643018 0.007076263 0.008610785 0.0264185 0.007288217 0.008238136 0.02639406 0.007453978 0.007826864 0.02636504 0.006977319 0.0078215 0.02829921 0.006337225 0.007790803 0.02993053 0.004158496 0.01015812 0.02686911 0.005130827 0.009753346 0.02818119 0.005693554 0.009273946 0.02895855 0.006012916 0.008790194 0.02941823 0.006138443 0.008507132 0.02960044 0.003049492 0.01049429 0.01712751 0.002566337 0.0104742 0.0206474 0.002441942 0.0104807 0.02275317 0.002657711 0.01045548 0.02404487 0.003116548 0.01038134 0.02525913 0.005336225 0.01023364 0.01715856 0.004338145 0.01025992 0.02139538 0.0078606 0.006048262 0.02626579 0.007856249 0.006048202 0.02628946 0.007911622 0.005059242 0.02627885 0.007526099 0.005059242 0.02800035 0.006562829 0.005059242 0.03047001 0.007073223 0.005059242 0.02939975 0.006555378 0.00601679 0.03037571 0.007363379 0.006020784 0.02838504 0.006968736 0.005989551 0.02952605 0.008771955 0.005059242 0.02061611 0.009407103 0.005059242 0.01587647 0.007911622 0.005059242 0.02627885 0.0078606 0.006048262 0.02626579 0.01080244 0.0060485 0.003855824 0.009221196 0.006067037 0.01688998 0.01085734 0.005059242 0.003835499 -0.004027843 0.005059242 0.001758992 -0.003981769 0.005937039 0.00176388 -0.004058957 0.005931496 0.003504693 -0.004105687 0.005059242 0.003530681 0.001110851 -7.35436e-4 0.006747543 0.001244843 -9.3244e-4 0.004158377 -4.46655e-4 -3.52379e-4 0.005703628 -0.001671314 3.16387e-4 0.004896819 -0.002856314 0.001366615 0.004152834 -0.003430485 0.002137303 0.003808379 -0.003790915 0.002909481 0.003605842 -0.003702342 0.002909064 0.001595735 -0.003412187 0.00226581 0.00151962 -0.003384947 0.002181291 0.001877009 -0.003357648 0.002112805 0.002122104 -0.003342092 0.002081513 0.002186357 -0.003325343 0.002052187 0.002211749 -0.00330764 0.00202459 0.002198398 -0.003298401 0.002011477 0.002177119 -0.003288984 0.001998782 0.002146184 -0.003305077 0.001998782 0.002516627 -0.003303349 0.001990675 0.002601861 -0.00329101 0.001966536 0.002684593 -0.003276646 0.001941621 0.002738416 -0.003257274 0.001909673 0.002791106 -0.00315535 0.001759648 0.002870917 -0.002167105 6.80505e-4 0.003695428 -0.001153588 -5.47459e-5 0.00415498 -2.21103e-4 -5.18464e-4 0.004328072 5.30019e-4 -7.68299e-4 0.004310965 -0.003790915 0.002909481 0.003605842 -0.003702342 0.002909064 0.001595735 -0.004058957 0.004166007 0.003504693 -0.003981769 0.004160523 0.00176388 -0.003979682 0.004160463 0.00172764 -0.004027843 0.005038321 0.001758992 -0.004027843 0.005038321 0.001758992 -0.003981769 0.004160523 0.00176388 -0.003981411 0.005038321 0.001044273 -0.003937184 0.004158496 0.001075387 -0.003979682 0.004160463 0.00172764 -0.003979682 0.004160463 0.00172764 -0.003979682 0.004160463 0.00172764 -0.003937184 0.004158496 0.001075387 -0.003830373 0.003497302 0.001050591 -0.00366193 0.002908647 9.84058e-4 -0.003702342 0.002909064 0.001595735 -0.003461539 0.00244385 8.8888e-4 -0.003453493 0.002410709 9.94489e-4 -0.003412187 0.00226581 0.00151962 -0.003702342 0.002909064 0.001595735 -0.00366193 0.002908647 9.84058e-4 0.005336225 -1.36084e-4 0.01715856 0.003049492 -3.96721e-4 0.01712751 0.003499686 -4.89308e-4 0.01388138 0.003613889 -6.05331e-4 0.01128566 0.00320816 -7.22493e-4 0.00940442 0.002605557 -7.96812e-4 0.0081712 0.002029001 -8.14306e-4 0.007459104 0.001318991 -7.64849e-4 0.006889164 0.001110851 -7.35436e-4 0.006747543 0.001244843 -9.3244e-4 0.004158377 0.001348793 -9.46587e-4 0.004214882 0.001441955 -9.60166e-4 0.004237055 0.00153023 -9.73477e-4 0.00423789 0.001617312 -9.868e-4 0.004223108 0.00172913 -0.001003861 0.004185676 0.001886308 -0.001027524 0.004105448 0.002282321 -0.001083612 0.003802597 0.002808928 -0.001149773 0.003255963 0.003273546 -0.001195669 0.002753436 0.003669857 -0.00123775 0.002192258 0.00551337 -0.001067698 0.002401411 0.007023334 -7.50572e-4 0.002479612 0.006430447 -3.53172e-4 0.009743332 0.007023334 -7.50572e-4 0.002479612 0.007076144 -8.75232e-4 8.76397e-4 0.005049586 -0.001218616 8.29659e-4 0.005414783 -0.001188397 6.54776e-4 0.005727052 -0.001154959 5.50285e-4 0.006071627 -0.001107513 5.02296e-4 0.006337046 -0.001061022 5.28786e-4 0.006714403 -9.7739e-4 6.62629e-4 0.003669857 -0.00123775 0.002192258 0.003996908 -0.001255869 0.001707911 0.004461824 -0.00124979 0.001229465 0.00551337 -0.001067698 0.002401411 0.005336225 -1.36084e-4 0.01715856 0.003049492 -3.96721e-4 0.01712751 0.002566337 -3.76608e-4 0.0206474 0.003116548 -2.83797e-4 0.02525913 0.002597868 -3.65543e-4 0.02380883 0.002426445 -3.84808e-4 0.02223348 0.004338145 -1.6237e-4 0.02139538 0.007023334 -7.50572e-4 0.002479612 0.007076144 -8.75232e-4 8.76397e-4 0.008000373 -4.80941e-4 0.001608848 0.008071482 -4.37903e-4 0.00169444 0.00813663 -3.99578e-4 0.001753985 0.008505702 -1.68804e-4 0.002036511 0.008998453 1.92427e-4 0.002444148 0.007993757 -3.81785e-4 0.002478957 0.003426551 -2.25586e-4 0.02581983 0.005363106 2.6827e-4 0.0262956 0.00608927 6.09403e-4 0.0263949 0.006688416 0.001042127 0.02643018 0.007076263 0.001486718 0.0264185 0.007288217 0.001859366 0.02639406 0.007453978 0.002270698 0.02636504 0.003116548 -2.83797e-4 0.02525913 0.005336225 -1.36084e-4 0.01715856 0.004338145 -1.6237e-4 0.02139538 0.008765161 0.002267956 0.01750642 0.008547544 0.001748919 0.01747882 0.008201718 0.001272499 0.0174371 0.00775808 8.71663e-4 0.01738584 0.007217228 5.22183e-4 0.01732695 0.006293475 1.17649e-4 0.01723688 0.006660103 8.65363e-4 0.02539741 0.00633794 6.46448e-4 0.02531784 0.006363451 6.02928e-4 0.02466398 0.006118178 4.74259e-4 0.02458518 0.005762934 3.1857e-4 0.02446758 0.007189154 9.54199e-4 0.02271747 0.007382035 7.65271e-4 0.01917982 0.006926417 5.50006e-4 0.01992887 0.006600797 3.86566e-4 0.01981192 0.006290078 2.55827e-4 0.01970154 0.007000744 5.31251e-4 0.01906424 0.00596559 1.40294e-4 0.01958584 0.007364571 0.001548051 0.02503091 0.008251309 0.001490414 0.01847052 0.007453978 0.002270698 0.02636504 0.006977319 0.002276062 0.02829915 0.006337225 0.002306759 0.02993053 0.006110608 0.001519978 0.02955901 0.00593996 0.001172423 0.02931112 0.005621135 7.42821e-4 0.02885681 0.005276441 4.41565e-4 0.02837991 0.004770517 1.54208e-4 0.02769267 0.004158496 -6.05364e-5 0.02686911 0.003426551 -2.25586e-4 0.02581983 0.005363106 2.6827e-4 0.0262956 0.00608927 6.09403e-4 0.0263949 0.006688416 0.001042127 0.02643018 0.007076263 0.001486718 0.0264185 0.007288217 0.001859366 0.02639406 0.007453978 0.002270698 0.02636504 0.007856249 0.004049301 0.02628946 0.006977319 0.002276062 0.02829915 0.006337225 0.002306759 0.02993053 0.006555378 0.004080712 0.03037571 0.00647974 0.003163278 0.03019481 0.007363379 0.004076719 0.02838504 0.006968736 0.004108011 0.02952605 0.007023334 -7.50572e-4 0.002479612 0.007993757 -3.81785e-4 0.002478957 0.008998453 1.92427e-4 0.002444148 0.009607374 7.50962e-4 0.002961933 0.01006072 0.001360774 0.003337264 0.01026922 0.001780629 0.003502905 0.01044452 0.002270698 0.003635704 0.008765161 0.002267956 0.01750642 0.008547544 0.001748919 0.01747882 0.008201718 0.001272499 0.0174371 0.00775808 8.71663e-4 0.01738584 0.007217228 5.22183e-4 0.01732695 0.006293475 1.17649e-4 0.01723688 0.005336225 -1.36084e-4 0.01715856 0.006430447 -3.53172e-4 0.009743332 0.008309841 0.001046597 0.01500374 0.00793761 7.46738e-4 0.01500076 0.008091211 7.13101e-4 0.01372313 0.00775969 4.96543e-4 0.01372605 0.006430447 -3.53172e-4 0.009743332 0.00907135 0.001144945 0.01026511 0.009462654 9.16928e-4 0.005558192 0.008918941 5.44817e-4 0.006628155 0.009216606 6.63247e-4 0.005434751 0.008689284 3.66621e-4 0.006535768 0.008465707 2.10457e-4 0.006422877 0.008109569 -1.23521e-5 0.00617671 0.008876621 3.69218e-4 0.005214035 0.007869362 2.02613e-4 0.01002299 0.008765161 0.002267956 0.01750642 0.007453978 0.002270698 0.02636504 0.007856249 0.004049301 0.02628946 0.0078606 0.004049301 0.02626579 0.01080244 0.004049062 0.003855824 0.009221196 0.004030466 0.01688998 0.01044452 0.002270698 0.003635704 0.01066428 0.003136336 0.003787159 0.008206963 0.003159463 0.02322596 0.007526099 0.005038321 0.02800035 0.007073223 0.005038321 0.02939987 0.006562829 0.005038321 0.03047001 0.006555378 0.004080712 0.03037571 0.007856249 0.004049301 0.02628946 0.007363379 0.004076719 0.02838504 0.006968736 0.004108011 0.02952605 0.0078606 0.004049301 0.02626579 0.007911622 0.005038321 0.02627885 0.01080244 0.004049062 0.003855824 0.009221196 0.004030466 0.01688998 0.0078606 0.004049301 0.02626579 0.01085734 0.005038321 0.003835499 0.009407103 0.005038321 0.01587647 0.008771955 0.005038321 0.02061611 0.007911622 0.005038321 0.02627885 -0.004058957 0.004166007 0.003504693 -0.003981769 0.004160523 0.00176388 -0.004105687 0.005038321 0.003530681 -0.004027843 0.005038321 0.001758992 0.006562829 0.005059242 0.03047001 0.007073223 0.005059242 0.02939975 0.007526099 0.005059242 0.02800035 0.006562829 0.005038321 0.03047001 0.007526099 0.005038321 0.02800035 0.007073223 0.005038321 0.02939987 0.007526099 0.005059242 0.02800035 0.007526099 0.005038321 0.02800035 0.007911622 0.005038321 0.02627885 0.007911622 0.005059242 0.02627885 0.007911622 0.005059242 0.02627885 0.007911622 0.005038321 0.02627885 0.008771955 0.005038321 0.02061611 0.008771955 0.005059242 0.02061611 0.008771955 0.005059242 0.02061611 0.008771955 0.005038321 0.02061611 0.009407103 0.005038321 0.01587647 0.009407103 0.005059242 0.01587647 0.01085734 0.005038321 0.003835499 0.009407103 0.005038321 0.01587647 0.01085734 0.005059242 0.003835499 0.009407103 0.005059242 0.01587647 -0.003461539 0.007653653 8.8888e-4 -0.00366193 0.007188856 9.84058e-4 -0.003466188 0.007635891 8.64517e-4 -0.003473639 0.007605254 8.44516e-4 -0.003488242 0.007543206 8.24533e-4 -0.003526568 0.007378697 8.0993e-4 -0.003576695 0.007143855 8.17858e-4 -0.003580331 0.00713396 8.19545e-4 -0.003654778 0.007178187 9.31181e-4 -0.003638148 0.007165312 8.86511e-4 -0.003615379 0.007151722 8.51944e-4 -0.00359863 0.007142901 8.34227e-4 -0.003845095 0.005933523 9.11586e-4 -0.003845095 0.005933523 9.11586e-4 -0.003741741 0.006571352 8.87163e-4 -0.003580331 0.00713396 8.19545e-4 -0.003580331 0.00713396 8.19545e-4 -0.003889083 0.005059242 8.80934e-4 -0.003889083 0.005059242 8.80934e-4 -0.003889083 0.005059242 8.80934e-4 -0.00368458 0.005059242 7.46787e-4 -0.003683984 0.005074858 7.4745e-4 -0.003683984 0.005074858 7.4745e-4 -0.003668844 0.00542587 7.61379e-4 -0.003668844 0.00542587 7.61379e-4 -0.003665387 0.005492031 7.63647e-4 -0.003665387 0.005492031 7.63647e-4 -0.003665387 0.005492031 7.63647e-4 -0.003576695 0.007143855 8.17858e-4 -0.00366193 0.007188856 9.84058e-4 -0.003654778 0.007178187 9.31181e-4 -0.003638148 0.007165312 8.86511e-4 -0.003615379 0.007151722 8.51944e-4 -0.00359863 0.007142901 8.34227e-4 -0.003580331 0.00713396 8.19545e-4 -0.003845095 0.005933523 9.11586e-4 -0.003741741 0.006571352 8.87163e-4 -0.003937184 0.005939066 0.001075387 -0.003927469 0.005938827 0.001023828 -0.00390613 0.005937695 9.75966e-4 -0.003879189 0.005935907 9.40323e-4 -0.003836035 0.006574273 0.001053273 -0.003889083 0.005059242 8.80934e-4 -0.003845095 0.005933523 9.11586e-4 -0.003923535 0.005060136 9.0991e-4 -0.003951728 0.005060434 9.47751e-4 -0.003971278 0.005060195 9.91911e-4 -0.003977894 0.005059778 0.001017987 -0.003981411 0.005059242 0.001044273 -0.003937184 0.005939066 0.001075387 -0.003927469 0.005938827 0.001023828 -0.00390613 0.005937695 9.75966e-4 -0.003879189 0.005935907 9.40323e-4 -0.003981411 0.005038321 0.001044273 -0.003937184 0.004158496 0.001075387 -0.003971338 0.005037367 9.92097e-4 -0.003949105 0.005037069 9.43348e-4 -0.003921806 0.005037426 9.08121e-4 -0.003889083 0.005038321 8.80934e-4 -0.003845095 0.00416404 9.11586e-4 -0.003926753 0.004158437 0.001022577 -0.003904759 0.004159629 9.74521e-4 -0.003878116 0.004161477 9.39444e-4 -0.003845095 0.00416404 9.11586e-4 -0.003845095 0.00416404 9.11586e-4 -0.003889083 0.005038321 8.80934e-4 -0.003889083 0.005038321 8.80934e-4 -0.003889083 0.005038321 8.80934e-4 -0.003889083 0.005038321 8.80934e-4 -0.003580331 0.002963542 8.19545e-4 -0.003580331 0.002963542 8.19545e-4 -0.003741741 0.003526151 8.87163e-4 -0.003576695 0.002953648 8.17858e-4 -0.003665387 0.004605531 7.63647e-4 -0.003665387 0.004605531 7.63647e-4 -0.003665387 0.004605531 7.63647e-4 -0.003668844 0.004671692 7.61379e-4 -0.003668844 0.004671692 7.61379e-4 -0.003683984 0.005022704 7.4745e-4 -0.003683984 0.005022704 7.4745e-4 -0.00368458 0.005038321 7.46787e-4 -0.003889203 0.005048751 8.80666e-4 -0.003889083 0.005038321 8.80934e-4 -0.003684878 0.005048751 7.46604e-4 -0.003684639 0.005039274 7.46764e-4 -0.00368458 0.005038321 7.46787e-4 -0.003937184 0.004158496 0.001075387 -0.003926753 0.004158437 0.001022577 -0.003904759 0.004159629 9.74521e-4 -0.003878116 0.004161477 9.39444e-4 -0.003845095 0.00416404 9.11586e-4 -0.003580331 0.002963542 8.19545e-4 -0.003741741 0.003526151 8.87163e-4 -0.00366193 0.002908647 9.84058e-4 -0.003654837 0.002919316 9.31173e-4 -0.003638148 0.00293225 8.865e-4 -0.003615438 0.00294578 8.51862e-4 -0.00359869 0.002954602 8.34167e-4 -0.003830373 0.003497302 0.001050591 -0.003576695 0.002953648 8.17858e-4 -0.003505706 0.002624332 8.14997e-4 -0.003486514 0.002542793 8.28221e-4 -0.003477632 0.002506136 8.39654e-4 -0.003470361 0.002477049 8.53829e-4 -0.003464937 0.002456367 8.70273e-4 -0.003461539 0.00244385 8.8888e-4 -0.00366193 0.002908647 9.84058e-4 -0.003654837 0.002919316 9.31173e-4 -0.003638148 0.00293225 8.865e-4 -0.003615438 0.00294578 8.51862e-4 -0.00359869 0.002954602 8.34167e-4 -0.003580331 0.002963542 8.19545e-4 -0.002883791 0.008259952 0.002707481 -0.00291562 0.008288025 0.002696931 -0.002953529 0.008314609 0.002695083 -0.002991259 0.008335053 0.002702713 -0.00302869 0.008350014 0.002718508 -0.003066897 0.008359372 0.002744078 -0.003100216 0.008361399 0.002775967 -0.00312674 0.008356809 0.002811074 -0.003143608 0.008348703 0.002841532 -0.00315535 0.008337914 0.002870917 -0.002962946 0.008238554 0.002655923 -0.003031194 0.008221328 0.002631902 -0.003078937 0.008209943 0.002625703 -0.003129005 0.008198857 0.002629518 -0.003171801 0.008190274 0.002643287 -0.003204941 0.008184731 0.00266391 -0.003231644 0.00818175 0.002692759 -0.003248631 0.008181691 0.002726078 -0.003256201 0.008183836 0.002757847 -0.003257274 0.00818789 0.002791106 -0.003257274 0.001909673 0.002791106 -0.00315535 0.001759648 0.002870917 -0.003255069 0.001914381 0.002750515 -0.003248155 0.001915931 0.002724766 -0.003229558 0.001915633 0.002689838 -0.003201901 0.001912355 0.002661526 -0.003185272 0.001909673 0.00265032 -0.003166735 0.001906335 0.002641022 -0.00312215 0.001897215 0.002628266 -0.003079295 0.001887679 0.002625703 -0.003031611 0.001876294 0.002631843 -0.002959251 0.001857995 0.002657771 -0.002883791 0.001837551 0.002707481 -0.003135442 0.00174421 0.002825677 -0.00310707 0.00173664 0.002783954 -0.003073155 0.001737296 0.002749264 -0.003037512 0.001744747 0.002723515 -0.003000319 0.001758396 0.002705752 -0.002960264 0.0017789 0.002695798 -0.002923488 0.001803457 0.002695679 -0.002902388 0.001820445 0.00270015 -0.002820074 0.008288323 0.002768039 -0.001971065 0.009260356 0.003489196 -0.001065969 0.009954631 0.003920078 -2.62506e-4 0.01039016 0.004089653 4.22992e-4 0.01064485 0.004092931 0.001215994 0.01084411 0.003933548 -0.002883791 0.008259952 0.002707481 -0.00291562 0.008288025 0.002696931 -0.002953529 0.008314609 0.002695083 -0.002991259 0.008335053 0.002702713 -0.00302869 0.008350014 0.002718508 -0.003066897 0.008359372 0.002744078 -0.003100216 0.008361399 0.002775967 -0.00312674 0.008356809 0.002811074 -0.003143608 0.008348703 0.002841532 -0.00315535 0.008337914 0.002870917 0.001244843 0.01103001 0.004158377 4.35464e-4 0.0108397 0.004320919 -4.19058e-4 0.01053261 0.004309356 -0.00129956 0.01006257 0.004107594 -0.001994192 0.009562551 0.003796815 -0.002588152 0.009019196 0.003399372 0.00121057 0.01088607 0.003943741 0.001208305 0.01092791 0.003964483 0.001209795 0.010966 0.003995478 0.001214742 0.01099401 0.004031419 0.001221716 0.01101243 0.004067778 0.001230537 0.01102429 0.004105746 0.001237511 0.01102876 0.004132509 8.25614e-4 0.01091927 0.004150331 5.31748e-5 0.01066625 0.004179239 4.116e-4 0.01078259 0.004165112 -3.54789e-4 0.01050299 0.004154384 -7.81491e-4 0.01029515 0.004081368 -0.001196622 0.01005393 0.003962218 -0.001544773 0.009818911 0.003823161 -0.002002179 0.009461581 0.003582596 -0.0022915 0.009198546 0.003388226 -0.002740383 0.008715152 0.003008008 -0.002909481 0.00832653 0.002717316 -0.002927601 0.008339047 0.002717077 -0.002946734 0.008350729 0.002719163 0.001017034 0.0108937 0.004022777 6.12386e-4 0.01079517 0.004102826 -0.002773523 0.008508682 0.002862274 -0.002967834 0.008550047 0.002934157 5.18128e-4 0.0108425 0.004201948 -0.002874493 0.008548021 0.002874314 -0.00315535 0.001759648 0.002870917 -0.003135442 0.00174421 0.002825677 -0.00310707 0.00173664 0.002783954 -0.003073155 0.001737296 0.002749264 -0.003037512 0.001744747 0.002723515 -0.003000319 0.001758396 0.002705752 -0.002960264 0.0017789 0.002695798 -0.002923488 0.001803457 0.002695679 -0.002902388 0.001820445 0.00270015 -0.002883791 0.001837551 0.002707481 -0.002820074 0.001809239 0.002768039 0.001215994 -7.46511e-4 0.003933548 4.57592e-4 -5.57852e-4 0.004089593 -1.95466e-4 -3.222e-4 0.004095613 -8.63761e-4 1.85594e-5 0.003980159 -0.001463949 4.18634e-4 0.003764867 -0.001996636 8.60743e-4 0.003472685 -0.002432286 0.001309156 0.003145992 0.001244843 -9.3244e-4 0.004158377 0.001230955 -9.27108e-4 0.004107415 0.001219213 -9.09556e-4 0.004055559 0.001211822 -8.83242e-4 0.004012465 0.001208603 -8.51765e-4 0.003980159 0.001208722 -8.15684e-4 0.0039559 0.001211345 -7.80925e-4 0.003941118 -0.002167105 6.80505e-4 0.003695428 -0.001153588 -5.47459e-5 0.00415498 -2.21103e-4 -5.18464e-4 0.004328072 5.30019e-4 -7.68299e-4 0.004310965 8.70563e-4 -8.28233e-4 0.004132866 1.13718e-4 -5.89989e-4 0.004179239 4.74967e-4 -7.0331e-4 0.004159092 -2.24784e-4 -4.61146e-4 0.004167079 -5.79886e-4 -3.00644e-4 0.004121959 -0.001021325 -6.31427e-5 0.004018485 -0.001338064 1.3478e-4 0.003910839 -0.001827716 4.93092e-4 0.003682196 -0.002097785 7.19336e-4 0.003522396 -0.002332031 9.39012e-4 0.003357589 -0.002951264 0.00174427 0.002720057 -0.002930879 0.001756429 0.002717256 -0.002913415 0.001768171 0.002717077 6.52939e-4 -7.04661e-4 0.004094481 -0.002377808 0.001117646 0.003228843 -0.002610325 0.001378834 0.003025889 -0.002809405 0.001463651 0.002943456 -0.002785086 0.001474976 0.002931296 -0.002763211 0.001487195 0.002923667 -0.003001332 0.001590192 0.002901196 5.84722e-4 -7.62006e-4 0.004191637 -0.002973198 0.001658439 0.002791285 -0.002901494 0.001671612 0.002777278 0.003669977 0.01133531 0.002192318 0.002995312 0.01126593 0.003070116 0.00231862 0.01118612 0.003768622 0.001928806 0.0111314 0.004079222 0.001789271 0.0111106 0.004158318 0.001662611 0.01109129 0.004210174 0.001556158 0.01107501 0.004234969 0.001487493 0.01106458 0.004239678 0.00141865 0.01105427 0.004233717 0.001327395 0.01104116 0.00420618 0.001244843 0.01103001 0.004158377 0.003494381 0.01114708 0.002047479 0.003498256 0.01119107 0.002057015 0.003512144 0.01123499 0.002071917 0.003535687 0.01127475 0.002092301 0.003564536 0.01130342 0.00211513 0.003594458 0.01132142 0.00213778 0.003626048 0.01133221 0.002161026 0.0036484 0.01133549 0.002177059 0.001215994 0.01084411 0.003933548 0.001985549 0.01097732 0.003591358 0.002625524 0.01105457 0.003126204 0.003007352 0.01109147 0.002737343 0.00121057 0.01088607 0.003943741 0.001208305 0.01092791 0.003964483 0.001209795 0.010966 0.003995478 0.001214742 0.01099401 0.004031419 0.001221716 0.01101243 0.004067778 0.001230537 0.01102429 0.004105746 0.001237511 0.01102876 0.004132509 0.001310944 0.0110237 0.00402081 0.00134021 0.01102936 0.004010796 0.001335501 0.0110166 0.003988921 0.001331746 0.0110014 0.003968417 0.001378655 0.0110104 0.003951847 0.001437604 0.01102137 0.003930032 0.0018332 0.01108765 0.003754615 0.001898646 0.01109731 0.003720283 0.002097964 0.0111249 0.003605902 0.00243175 0.01116597 0.003378093 0.002781391 0.01120007 0.003073632 0.002974689 0.01121914 0.00287491 0.003313124 0.0112583 0.002462863 0.003305137 0.0112484 0.002455115 0.003297746 0.01123774 0.002447843 0.003288507 0.0112217 0.002438485 0.001244843 -9.3244e-4 0.004158377 0.001230955 -9.27108e-4 0.004107415 0.001219213 -9.09556e-4 0.004055559 0.001211822 -8.83242e-4 0.004012465 0.001208603 -8.51765e-4 0.003980159 0.001208722 -8.15684e-4 0.0039559 0.001211345 -7.80925e-4 0.003941118 0.001215994 -7.46511e-4 0.003933548 0.003494381 -0.001049518 0.002047479 0.002854585 -9.78893e-4 0.00290507 0.002406775 -9.33788e-4 0.003307342 0.001801311 -8.52374e-4 0.003692328 0.003669857 -0.00123775 0.002192258 0.003627419 -0.001234889 0.002161979 0.003584325 -0.001218736 0.00213021 0.003549218 -0.00119239 0.00210309 0.003523826 -0.001159846 0.002082288 0.003506064 -0.001122057 0.002066016 0.003496825 -0.001085519 0.002054929 0.001348793 -9.46587e-4 0.004214882 0.001441955 -9.60166e-4 0.004237055 0.00153023 -9.73477e-4 0.00423789 0.001617312 -9.868e-4 0.004223108 0.00172913 -0.001003861 0.004185676 0.001886308 -0.001027524 0.004105448 0.002282321 -0.001083612 0.003802597 0.002808928 -0.001149773 0.003255963 0.003273546 -0.001195669 0.002753436 0.00132364 -9.14325e-4 0.003988981 0.001327276 -9.25389e-4 0.004006743 0.001358389 -9.08945e-4 0.003959119 0.001361548 -9.21622e-4 0.003975749 0.001660048 -9.62656e-4 0.003837764 0.001709342 -9.70646e-4 0.003815054 0.001782536 -9.82151e-4 0.003779828 0.001985013 -0.001011788 0.003672301 0.002296328 -0.001052796 0.003477036 0.002579689 -0.001082777 0.003256797 0.002806961 -0.001105785 0.003050208 0.003033578 -0.001127362 0.002808809 0.003365099 -0.001162946 0.002379775 0.003376901 -0.001176238 0.002392113 0.003390133 -0.00118786 0.002404749 0.003494381 0.01114708 0.002047479 0.003498256 0.01119107 0.002057015 0.003512144 0.01123499 0.002071917 0.003535687 0.01127475 0.002092301 0.003564536 0.01130342 0.00211513 0.003594458 0.01132142 0.00213778 0.003626048 0.01133221 0.002161026 0.0036484 0.01133549 0.002177059 0.003669977 0.01133531 0.002192318 0.003673374 0.01133573 0.002186834 0.003499388 0.01119112 0.002054154 0.003513932 0.01123523 0.002067565 0.003535449 0.01127147 0.002085268 0.003560841 0.01129859 0.002105057 0.003590285 0.0113188 0.00212723 0.003621876 0.01133126 0.002150297 0.003648102 0.01133584 0.002169072 0.003669857 -0.00123775 0.002192258 0.003627419 -0.001234889 0.002161979 0.003584325 -0.001218736 0.00213021 0.003549218 -0.00119239 0.00210309 0.003523826 -0.001159846 0.002082288 0.003506064 -0.001122057 0.002066016 0.003496825 -0.001085519 0.002054929 0.003494381 -0.001049518 0.002047479 0.003628075 -0.001235485 0.002160787 0.003589808 -0.001221716 0.002131164 0.003557741 -0.001199245 0.002105593 0.0035308 -0.00116831 0.002083182 0.003510892 -0.001131355 0.002065658 0.003498673 -0.001090288 0.002053558 0.003494381 0.01114708 0.002047479 0.003499388 0.01119112 0.002054154 0.003513932 0.01123523 0.002067565 0.003535449 0.01127147 0.002085268 0.003560841 0.01129859 0.002105057 0.003590285 0.0113188 0.00212723 0.003621876 0.01133126 0.002150297 0.003648102 0.01133584 0.002169072 0.003673374 0.01133573 0.002186834 0.005049586 0.01131623 8.29659e-4 0.004461824 0.01134735 0.001229465 0.003997027 0.01135349 0.001707673 0.004934906 0.0111283 6.17072e-4 0.00494033 0.01116859 6.22444e-4 0.004950046 0.01120913 6.36827e-4 0.004963874 0.0112468 6.60159e-4 0.004981398 0.01127833 6.92293e-4 0.005001366 0.01130062 7.30794e-4 0.005022048 0.01131349 7.72268e-4 0.005036234 0.01131707 8.01548e-4 0.003838956 0.01116806 0.001539051 0.004314243 0.01116174 0.001045823 0.004363894 0.01130092 0.001102566 0.004118919 0.0113058 0.001332581 0.003887593 0.01130628 0.001595199 0.003669857 -0.00123775 0.002192258 0.003628075 -0.001235485 0.002160787 0.003589808 -0.001221716 0.002131164 0.003557741 -0.001199245 0.002105593 0.0035308 -0.00116831 0.002083182 0.003510892 -0.001131355 0.002065658 0.003498673 -0.001090288 0.002053558 0.003494381 -0.001049518 0.002047479 0.004934906 -0.001030683 6.17072e-4 0.004314243 -0.001064181 0.001045823 0.003838956 -0.001070499 0.001539051 0.005049586 -0.001218616 8.29659e-4 0.005025565 -0.001217186 7.79513e-4 0.005000114 -0.001201927 7.28302e-4 0.004980266 -0.001179039 6.9008e-4 0.004964053 -0.001149654 6.60509e-4 0.004951119 -0.001114964 6.38485e-4 0.004941582 -0.001077532 6.24143e-4 0.004937529 -0.001053869 6.1908e-4 0.003996908 -0.001255869 0.001707911 0.004461824 -0.00124979 0.001229465 0.004363894 -0.001203358 0.001102566 0.004118919 -0.001208186 0.001332581 0.003887474 -0.001208662 0.001595318 0.004934906 0.0111283 6.17072e-4 0.00494033 0.01116859 6.22444e-4 0.004950046 0.01120913 6.36827e-4 0.004963874 0.0112468 6.60159e-4 0.004981398 0.01127833 6.92293e-4 0.005001366 0.01130062 7.30794e-4 0.005022048 0.01131349 7.72268e-4 0.005036234 0.01131707 8.01548e-4 0.005049586 0.01131623 8.29659e-4 0.007076144 0.01097279 8.76382e-4 0.006555557 0.0111131 5.90436e-4 0.006268322 0.01117163 5.15044e-4 0.005965173 0.01122111 5.08565e-4 0.005646049 0.01126205 5.72346e-4 0.005352854 0.01129168 6.81162e-4 0.007132053 0.01079052 6.72366e-4 0.007138252 0.01083457 6.86735e-4 0.007138609 0.01087391 7.08852e-4 0.00713396 0.01090633 7.35752e-4 0.007124662 0.01093363 7.67913e-4 0.00711137 0.0109542 8.0324e-4 0.007094621 0.01096737 8.4053e-4 0.005643963 0.01106637 3.21638e-4 0.005968451 0.01102727 2.67405e-4 0.006296277 0.01097834 2.84661e-4 0.006604373 0.01092123 3.746e-4 0.006880998 0.01085913 5.11296e-4 0.00513792 0.01127284 6.20686e-4 0.005128681 0.01125884 6.02405e-4 0.005478441 0.01122868 4.51047e-4 0.005635976 0.01121205 4.0124e-4 0.005806803 0.01119184 3.63067e-4 0.005967378 0.01117044 3.43218e-4 0.006134271 0.01114559 3.40939e-4 0.006293416 0.01111882 3.58775e-4 0.006452739 0.01108896 3.95596e-4 0.006599783 0.01105827 4.46226e-4 0.006738543 0.01102596 5.08688e-4 0.007009625 0.0109533 6.64443e-4 0.007013201 0.01093786 6.48528e-4 0.007015526 0.01092118 6.34182e-4 0.005049586 -0.001218616 8.29659e-4 0.005025565 -0.001217186 7.79513e-4 0.005000114 -0.001201927 7.28302e-4 0.004980266 -0.001179039 6.9008e-4 0.004964053 -0.001149654 6.60509e-4 0.004951119 -0.001114964 6.38485e-4 0.004941582 -0.001077532 6.24143e-4 0.004937529 -0.001053869 6.1908e-4 0.004934906 -0.001030683 6.17072e-4 0.007132053 -6.9294e-4 6.72366e-4 0.006595611 -8.25475e-4 3.71069e-4 0.006290674 -8.81713e-4 2.83692e-4 0.005962371 -9.3053e-4 2.67811e-4 0.005552232 -9.784e-4 3.47853e-4 0.005249261 -0.001006543 4.62092e-4 0.007076144 -8.75232e-4 8.76397e-4 0.007098138 -8.67852e-4 8.33221e-4 0.007117211 -8.49133e-4 7.88614e-4 0.007131159 -8.19242e-4 7.46764e-4 0.007137894 -7.84693e-4 7.1492e-4 0.007138967 -7.49845e-4 6.92919e-4 0.007136702 -7.21192e-4 6.80432e-4 0.005414783 -0.001188397 6.54776e-4 0.005727052 -0.001154959 5.50285e-4 0.006071627 -0.001107513 5.02296e-4 0.006337046 -0.001061022 5.28786e-4 0.006714403 -9.7739e-4 6.62629e-4 0.005109131 -0.0011186 5.65924e-4 0.005319237 -0.00114572 5.13509e-4 0.005467772 -0.001132011 4.54776e-4 0.005633831 -0.001114666 4.01817e-4 0.005833864 -0.001090764 3.58492e-4 0.00602281 -0.001064956 3.40242e-4 0.006182074 -0.00104022 3.44172e-4 0.006328821 -0.001014888 3.65369e-4 0.006478667 -9.86251e-4 4.03367e-4 0.006681561 -9.42103e-4 4.81486e-4 0.006946861 -8.83568e-4 6.40176e-4 0.006942808 -8.93336e-4 6.54194e-4 0.005075395 -0.001197099 6.88642e-4 0.005261063 -0.001182675 5.9741e-4 0.007132053 0.01079052 6.72366e-4 0.007138252 0.01083457 6.86735e-4 0.007138609 0.01087391 7.08852e-4 0.00713396 0.01090633 7.35752e-4 0.007124662 0.01093363 7.67913e-4 0.00711137 0.0109542 8.0324e-4 0.007094621 0.01096737 8.4053e-4 0.007076144 0.01097279 8.76382e-4 0.008000373 0.01057851 0.001608848 0.00804305 0.0104081 0.001412391 0.008052408 0.01044726 0.00143069 0.008055508 0.01048594 0.001457273 0.008051455 0.01052081 0.00149095 0.008039772 0.01054871 0.001529693 0.008022129 0.01056808 0.001569986 0.007076144 -8.75232e-4 8.76397e-4 0.007098138 -8.67852e-4 8.33221e-4 0.007117211 -8.49133e-4 7.88614e-4 0.007131159 -8.19242e-4 7.46764e-4 0.007137894 -7.84693e-4 7.1492e-4 0.007138967 -7.49845e-4 6.92919e-4 0.007136702 -7.21192e-4 6.80432e-4 0.007132053 -6.9294e-4 6.72366e-4 0.00804305 -3.10553e-4 0.001412391 0.008000373 -4.80941e-4 0.001608848 0.008022129 -4.70524e-4 0.001569986 0.008039772 -4.51133e-4 0.001529693 0.008051455 -4.2325e-4 0.00149095 0.008055567 -3.88346e-4 0.001457273 0.008052408 -3.49709e-4 0.00143069 0.008998453 0.009905159 0.002444148 0.008204638 0.01045697 0.001808047 0.008085608 0.01052707 0.001708805 0.008000373 0.01057851 0.001608848 0.009009718 0.009753704 0.00225687 0.009023904 0.009793102 0.002281367 0.009030461 0.009831249 0.002314984 0.009028971 0.009859442 0.002348601 0.009018838 0.009886026 0.00239259 0.009009599 0.009897291 0.002418637 0.00804305 0.0104081 0.001412391 0.008052408 0.01044726 0.00143069 0.008055508 0.01048594 0.001457273 0.008051455 0.01052081 0.00149095 0.008039772 0.01054871 0.001529693 0.008022129 0.01056808 0.001569986 0.008094966 0.01050859 0.001551449 0.008153915 0.01047438 0.001601874 0.008158504 0.01045948 0.00158286 0.008650064 0.01015108 0.002030372 0.008653759 0.01013445 0.002008318 0.008000373 -4.80941e-4 0.001608848 0.008022129 -4.70524e-4 0.001569986 0.008039772 -4.51133e-4 0.001529693 0.008051455 -4.2325e-4 0.00149095 0.008055567 -3.88346e-4 0.001457273 0.008052408 -3.49709e-4 0.00143069 0.00804305 -3.10553e-4 0.001412391 0.009009718 3.43869e-4 0.00225687 0.008998453 1.92427e-4 0.002444148 0.009017825 2.09958e-4 0.002395868 0.009028375 2.35426e-4 0.002352416 0.00903064 2.63111e-4 0.002318382 0.009026825 2.92551e-4 0.002290725 0.009019792 3.18223e-4 0.002271711 0.008071482 -4.37903e-4 0.00169444 0.00813663 -3.99578e-4 0.001753985 0.008505702 -1.68804e-4 0.002036511 0.008125483 -3.81191e-4 0.001554489 0.008120775 -3.96172e-4 0.001573503 0.008303701 -2.73398e-4 0.001707434 0.008792161 6.48322e-5 0.002127826 0.008790373 5.39338e-5 0.002141833 0.009009718 0.009753704 0.00225687 0.009023904 0.009793102 0.002281367 0.009030461 0.009831249 0.002314984 0.009028971 0.009859442 0.002348601 0.009018838 0.009886026 0.00239259 0.009009599 0.009897291 0.002418637 0.008998453 0.009905159 0.002444148 0.01044452 0.007826864 0.003635704 0.01014584 0.008581995 0.003405749 0.009765625 0.009162724 0.003094553 0.00939989 0.009558498 0.002786338 0.01038795 0.007774531 0.003444314 0.01041674 0.007790207 0.003482401 0.01043701 0.00780487 0.003528594 0.01044672 0.007817149 0.003579318 0.01044726 0.007822573 0.003607869 0.009606778 0.009204149 0.002784907 0.01000922 0.008660852 0.003136098 0.01021468 0.008249342 0.003307819 0.009921371 0.008924603 0.003110647 0.009710133 0.009200334 0.002928495 0.009533107 0.009396612 0.002774298 0.009230732 0.009682774 0.002509832 0.008998453 1.92427e-4 0.002444148 0.009017825 2.09958e-4 0.002395868 0.009028375 2.35426e-4 0.002352416 0.00903064 2.63111e-4 0.002318382 0.009026825 2.92551e-4 0.002290725 0.009019792 3.18223e-4 0.002271711 0.009009718 3.43869e-4 0.00225687 0.01038795 0.002322971 0.003444314 0.01008772 0.001579046 0.003202617 0.009746968 0.001057207 0.002908408 0.009415209 6.95626e-4 0.002615511 0.01044452 0.002270698 0.003635704 0.01044666 0.002280414 0.003579497 0.01043534 0.002294123 0.003523409 0.01041531 0.00230813 0.003480195 0.009607374 7.50962e-4 0.002961933 0.01006072 0.001360774 0.003337264 0.01026922 0.001780629 0.003502905 0.009705245 8.91439e-4 0.002924203 0.009536027 7.03992e-4 0.00277692 0.009240567 4.23252e-4 0.002518534 0.01038795 0.007774531 0.003444314 0.01041674 0.007790207 0.003482401 0.01043701 0.00780487 0.003528594 0.01044672 0.007817149 0.003579318 0.01044726 0.007822573 0.003607869 0.01044452 0.007826864 0.003635704 0.01080244 0.0060485 0.003855824 0.01066428 0.006961226 0.003787159 0.01073759 0.006043195 0.003663897 0.01077079 0.006045639 0.003707587 0.01079374 0.006047368 0.003760159 0.01080292 0.006048202 0.003808319 0.01060253 0.006931543 0.003595471 0.01044452 0.002270698 0.003635704 0.01044666 0.002280414 0.003579497 0.01043534 0.002294123 0.003523409 0.01041531 0.00230813 0.003480195 0.01038795 0.002322971 0.003444314 0.01073759 0.004054427 0.003663897 0.01060253 0.003166019 0.003595471 0.01080244 0.004049062 0.003855824 0.01080173 0.004049181 0.003800213 0.01078784 0.004050433 0.0037449 0.01076662 0.004052162 0.003701329 0.01066428 0.003136336 0.003787159 0.01073759 0.006043195 0.003663897 0.01077079 0.006045639 0.003707587 0.01079374 0.006047368 0.003760159 0.01080292 0.006048202 0.003808319 0.01080244 0.0060485 0.003855824 0.01085734 0.005059242 0.003835499 0.01085478 0.005060434 0.003765344 0.0108577 0.005063831 0.003789126 0.01079225 0.005059242 0.003643631 0.01081919 0.005060255 0.003676414 0.01083868 0.005060791 0.003712892 0.01080244 0.004049062 0.003855824 0.01080173 0.004049181 0.003800213 0.01078784 0.004050433 0.0037449 0.01076662 0.004052162 0.003701329 0.01073759 0.004054427 0.003663897 0.01079225 0.005038321 0.003643631 0.01085478 0.005037069 0.003765344 0.01084899 0.0050323 0.003742396 0.01083457 0.005036294 0.003704011 0.01081597 0.005037486 0.003672242 0.01085734 0.005038321 0.003835499 0.01085782 0.005034208 0.003789782 0.01085507 0.005048751 0.003765285 0.01085478 0.005037069 0.003765344 0.01085507 0.005048751 0.003765285 0.01085478 0.005060434 0.003765344 0.0108577 0.005063831 0.003789126 0.01085734 0.005059242 0.003835499 0.01085734 0.005038321 0.003835499 0.01085782 0.005034208 0.003789782 -0.003889203 0.005048751 8.80666e-4 -0.003684878 0.005048751 7.46604e-4 -0.003889083 0.005059242 8.80934e-4 -0.00368458 0.005059242 7.46787e-4 -0.003684639 0.005058228 7.46764e-4 -0.003889083 0.005059242 8.80934e-4 -0.003889203 0.005048751 8.80666e-4 -0.003889083 0.005038321 8.80934e-4 -0.003981411 0.005038321 0.001044273 -0.003971338 0.005037367 9.92097e-4 -0.003949105 0.005037069 9.43348e-4 -0.003921806 0.005037426 9.08121e-4 -0.003981411 0.005059242 0.001044273 -0.003923535 0.005060136 9.0991e-4 -0.003951728 0.005060434 9.47751e-4 -0.003971278 0.005060195 9.91911e-4 -0.003977894 0.005059778 0.001017987 -0.003981411 0.005059242 0.001044273 -0.003981411 0.005038321 0.001044273 -0.004027843 0.005038321 0.001758992 -0.004027843 0.005059242 0.001758992 -0.004105687 0.005038321 0.003530681 -0.004027843 0.005038321 0.001758992 -0.004105687 0.005059242 0.003530681 -0.004027843 0.005059242 0.001758992 -0.003313481 0.002030074 0.002123951 -0.003320097 0.002043187 0.002174913 -0.003330886 0.002059161 0.002142846 -0.003359615 0.002093553 0.001850605 -0.003365457 0.002134025 0.001862466 -0.003373563 0.002158403 0.001869857 -0.003384947 0.002181291 0.001877009 -0.003357648 0.002112805 0.002122104 -0.003342092 0.002081513 0.002186357 -0.003325343 0.002052187 0.002211749 -0.00330764 0.00202459 0.002198398 -0.003298401 0.002011477 0.002177119 -0.003288984 0.001998782 0.002146184 -0.003359615 0.002093553 0.001850605 -0.003389 0.002182006 0.001492083 -0.003394305 0.002220571 0.001504421 -0.003401756 0.002243876 0.00151211 -0.003412187 0.00226581 0.00151962 -0.003384947 0.002181291 0.001877009 -0.003365457 0.002134025 0.001862466 -0.003373563 0.002158403 0.001869857 -0.003389 0.002182006 0.001492083 -0.003394305 0.002220571 0.001504421 -0.003401756 0.002243876 0.00151211 -0.003412187 0.00226581 0.00151962 -0.003433465 0.002333581 9.6292e-4 -0.003439068 0.002373278 9.78857e-4 -0.003453493 0.002410709 9.94489e-4 -0.003433465 0.002333581 9.6292e-4 -0.003441989 0.002368271 8.58344e-4 -0.003447592 0.002407133 8.73804e-4 -0.003461539 0.00244385 8.8888e-4 -0.003453493 0.002410709 9.94489e-4 -0.003439068 0.002373278 9.78857e-4 -0.003441989 0.002368271 8.58344e-4 -0.003445625 0.002388954 8.14229e-4 -0.00344938 0.002420246 7.74663e-4 -0.003453373 0.002462208 7.39686e-4 -0.003457546 0.002514839 7.0934e-4 -0.003463506 0.002601504 6.76133e-4 -0.003473043 0.002758264 6.43201e-4 -0.003483831 0.002953648 6.27592e-4 -0.003488123 0.00295484 6.81706e-4 -0.003505289 0.002955257 7.34262e-4 -0.003530979 0.002954959 7.75807e-4 -0.003552615 0.002954423 7.99097e-4 -0.003576695 0.002953648 8.17858e-4 -0.003505706 0.002624332 8.14997e-4 -0.003486514 0.002542793 8.28221e-4 -0.003477632 0.002506136 8.39654e-4 -0.003470361 0.002477049 8.53829e-4 -0.003464937 0.002456367 8.70273e-4 -0.003461539 0.00244385 8.8888e-4 -0.003447592 0.002407133 8.73804e-4 -0.003497958 0.002860903 7.34337e-4 -0.003483831 0.002953648 6.27592e-4 -0.003572463 0.004605531 5.74585e-4 -0.003576993 0.004606664 6.28393e-4 -0.003594219 0.004607081 6.80592e-4 -0.003619849 0.004606842 7.21846e-4 -0.003641426 0.004606306 7.44984e-4 -0.003665387 0.004605531 7.63647e-4 -0.003576695 0.002953648 8.17858e-4 -0.003488123 0.00295484 6.81706e-4 -0.003505289 0.002955257 7.34262e-4 -0.003530979 0.002954959 7.75807e-4 -0.003552615 0.002954423 7.99097e-4 -0.003572463 0.004605531 5.74585e-4 -0.003575801 0.004671216 5.77856e-4 -0.003581225 0.004672348 6.30252e-4 -0.003598809 0.004672884 6.8083e-4 -0.0036242 0.004672765 7.2075e-4 -0.00364536 0.004672348 7.43203e-4 -0.003668844 0.004671692 7.61379e-4 -0.003665387 0.004605531 7.63647e-4 -0.003576993 0.004606664 6.28393e-4 -0.003594219 0.004607081 6.80592e-4 -0.003619849 0.004606842 7.21846e-4 -0.003641426 0.004606306 7.44984e-4 -0.003575801 0.004671216 5.77856e-4 -0.003591835 0.005020022 5.88261e-4 -0.003602564 0.005021512 6.39219e-4 -0.003624856 0.005022466 6.86627e-4 -0.003651797 0.005022823 7.20896e-4 -0.003683984 0.005022704 7.4745e-4 -0.003668844 0.004671692 7.61379e-4 -0.003581225 0.004672348 6.30252e-4 -0.003598809 0.004672884 6.8083e-4 -0.0036242 0.004672765 7.2075e-4 -0.00364536 0.004672348 7.43203e-4 -0.003591835 0.005020022 5.88261e-4 -0.00359261 0.005037128 5.88592e-4 -0.003603458 0.005038261 6.3923e-4 -0.00362575 0.005038857 6.86329e-4 -0.003652572 0.005038797 7.20378e-4 -0.00368458 0.005038321 7.46787e-4 -0.003683984 0.005022704 7.4745e-4 -0.003602564 0.005021512 6.39219e-4 -0.003624856 0.005022466 6.86627e-4 -0.003651797 0.005022823 7.20896e-4 -0.00359261 0.005037128 5.88592e-4 -0.003592729 0.005039274 5.88596e-4 -0.003603577 0.005040109 6.39237e-4 -0.00362581 0.005040347 6.86314e-4 -0.003652632 0.005040049 7.20359e-4 -0.003684639 0.005039274 7.46764e-4 -0.00368458 0.005038321 7.46787e-4 -0.003603458 0.005038261 6.3923e-4 -0.00362575 0.005038857 6.86329e-4 -0.003652572 0.005038797 7.20378e-4 -0.003592729 0.005039274 5.88596e-4 -0.003592729 0.005058228 5.88596e-4 -0.003603577 0.005057454 6.39237e-4 -0.00362581 0.005057215 6.86314e-4 -0.003652632 0.005057513 7.20359e-4 -0.003684639 0.005058228 7.46764e-4 -0.003684878 0.005048751 7.46604e-4 -0.003684639 0.005039274 7.46764e-4 -0.003603577 0.005040109 6.39237e-4 -0.00362581 0.005040347 6.86314e-4 -0.003652632 0.005040049 7.20359e-4 -0.003592729 0.005058228 5.88596e-4 -0.00359261 0.005060434 5.88592e-4 -0.003603458 0.005059242 6.3923e-4 -0.00362575 0.005058705 6.86329e-4 -0.003652572 0.005058765 7.20378e-4 -0.00368458 0.005059242 7.46787e-4 -0.003684639 0.005058228 7.46764e-4 -0.003603577 0.005057454 6.39237e-4 -0.00362581 0.005057215 6.86314e-4 -0.003652632 0.005057513 7.20359e-4 -0.00359261 0.005060434 5.88592e-4 -0.003591835 0.00507754 5.88261e-4 -0.003602564 0.00507605 6.39219e-4 -0.003624856 0.005075037 6.86627e-4 -0.003651797 0.005074739 7.20896e-4 -0.003683984 0.005074858 7.4745e-4 -0.00368458 0.005059242 7.46787e-4 -0.003603458 0.005059242 6.3923e-4 -0.00362575 0.005058705 6.86329e-4 -0.003652572 0.005058765 7.20378e-4 -0.003591835 0.00507754 5.88261e-4 -0.003575801 0.005426347 5.77856e-4 -0.003581225 0.005425155 6.30252e-4 -0.003598809 0.005424618 6.8083e-4 -0.0036242 0.005424797 7.2075e-4 -0.00364536 0.005425214 7.43203e-4 -0.003668844 0.00542587 7.61379e-4 -0.003683984 0.005074858 7.4745e-4 -0.003602564 0.00507605 6.39219e-4 -0.003624856 0.005075037 6.86627e-4 -0.003651797 0.005074739 7.20896e-4 -0.003575801 0.005426347 5.77856e-4 -0.003572463 0.005492031 5.74585e-4 -0.003576993 0.005490899 6.28393e-4 -0.003594219 0.005490422 6.80592e-4 -0.003619849 0.00549072 7.21846e-4 -0.003641426 0.005491256 7.44984e-4 -0.003665387 0.005492031 7.63647e-4 -0.003668844 0.00542587 7.61379e-4 -0.003581225 0.005425155 6.30252e-4 -0.003598809 0.005424618 6.8083e-4 -0.0036242 0.005424797 7.2075e-4 -0.00364536 0.005425214 7.43203e-4 -0.003572463 0.005492031 5.74585e-4 -0.003483831 0.007143855 6.27592e-4 -0.003488242 0.007142722 6.81728e-4 -0.003505289 0.007142245 7.34262e-4 -0.003530979 0.007142543 7.75687e-4 -0.003552675 0.00714308 7.99008e-4 -0.003576695 0.007143855 8.17858e-4 -0.003665387 0.005492031 7.63647e-4 -0.003576993 0.005490899 6.28393e-4 -0.003594219 0.005490422 6.80592e-4 -0.003619849 0.00549072 7.21846e-4 -0.003641426 0.005491256 7.44984e-4 -0.003483831 0.007143855 6.27592e-4 -0.003467202 0.007437884 6.60874e-4 -0.003457009 0.007589936 7.12894e-4 -0.003452241 0.007647633 7.48631e-4 -0.00344789 0.007690906 7.89694e-4 -0.00344491 0.007713496 8.22552e-4 -0.003441989 0.007729291 8.58344e-4 -0.003447532 0.00769037 8.73808e-4 -0.003461539 0.007653653 8.8888e-4 -0.003466188 0.007635891 8.64517e-4 -0.003473639 0.007605254 8.44516e-4 -0.003488242 0.007543206 8.24533e-4 -0.003526568 0.007378697 8.0993e-4 -0.003576695 0.007143855 8.17858e-4 -0.003488242 0.007142722 6.81728e-4 -0.003505289 0.007142245 7.34262e-4 -0.003530979 0.007142543 7.75687e-4 -0.003552675 0.00714308 7.99008e-4 -0.003441989 0.007729291 8.58344e-4 -0.003433465 0.007763981 9.6292e-4 -0.003439068 0.007724225 9.78857e-4 -0.003453493 0.007686853 9.94489e-4 -0.003461539 0.007653653 8.8888e-4 -0.003447532 0.00769037 8.73808e-4 -0.003412187 0.007831692 0.00151962 -0.003453493 0.007686853 9.94489e-4 -0.003433465 0.007763981 9.6292e-4 -0.003439068 0.007724225 9.78857e-4 -0.003389 0.007915496 0.001492083 -0.003394305 0.007876932 0.001504421 -0.003401756 0.007853686 0.00151211 -0.003389 0.007915496 0.001492083 -0.003359615 0.008004009 0.001850605 -0.003365457 0.007963478 0.001862466 -0.003373563 0.0079391 0.001869857 -0.003384947 0.007916212 0.001877009 -0.003412187 0.007831692 0.00151962 -0.003394305 0.007876932 0.001504421 -0.003401756 0.007853686 0.00151211 -0.003359615 0.008004009 0.001850605 -0.003330349 0.008039116 0.002146065 -0.003319919 0.008054733 0.002174675 -0.003313481 0.008067429 0.002123951 -0.003288984 0.008098781 0.002146184 -0.003302633 0.008080065 0.002188086 -0.003320157 0.008053779 0.002211809 -0.003332436 0.008033335 0.002205908 -0.003339886 0.008020043 0.00219202 -0.003347039 0.008006453 0.002170443 -0.003360748 0.007977962 0.002103805 -0.003384947 0.007916212 0.001877009 -0.003365457 0.007963478 0.001862466 -0.003373563 0.0079391 0.001869857 -0.003313481 0.008067429 0.002123951 -0.003288984 0.008098781 0.002146184 -0.003268241 0.008098781 0.00172168 -0.003268241 0.008098781 0.00172168 -0.004081428 0.005038321 0.003580212 -0.004099547 0.005037903 0.003558814 -0.004105687 0.005038321 0.003530681 -0.004081428 0.005059242 0.003580212 -0.004105687 0.005059242 0.003530681 -0.004099547 0.005059659 0.003558814 -0.003974854 0.005038321 0.003654181 -0.003974854 0.005048751 0.003654539 -0.003974854 0.005059242 0.003654181 -0.004081428 0.005059242 0.003580212 -0.004081428 0.005038321 0.003580212 -0.003670871 0.007105171 0.003728091 -0.003670871 0.007105171 0.003728091 -0.003670871 0.007105171 0.003728091 -0.003848493 0.006438791 0.003649413 -0.003848493 0.006438791 0.003649413 -0.003848493 0.006438791 0.003649413 -0.003943741 0.005754709 0.003629148 -0.003974854 0.005059242 0.003654181 0.001064598 0.01060825 0.00678128 0.001064598 0.01060825 0.00678128 -4.42177e-4 0.01023781 0.005759894 -4.42177e-4 0.01023781 0.005759894 -4.42177e-4 0.01023781 0.005759894 -0.001850247 0.009429395 0.00483638 -0.001850247 0.009429395 0.00483638 -0.001850247 0.009429395 0.00483638 -0.00295639 0.008364975 0.004139721 -0.00295639 0.008364975 0.004139721 -0.003362834 0.007778525 0.003896832 -0.003362834 0.007778525 0.003896832 0.001296639 0.01064062 0.006940245 0.001296639 0.01064062 0.006940245 0.001301407 0.01081579 0.006931781 0.001094698 0.01078665 0.006790161 0.001094698 0.01078665 0.006790161 -4.80577e-4 0.01039576 0.005722641 -4.80577e-4 0.01039576 0.005722641 -0.001805365 0.009644448 0.004853129 -0.001805365 0.009644448 0.004853129 -0.001805365 0.009644448 0.004853129 -0.00284487 0.008699774 0.004194676 -0.00284487 0.008699774 0.004194676 -0.003395259 0.007963359 0.003861904 -0.003395259 0.007963359 0.003861904 -0.003769397 0.007174193 0.003655016 -0.003769397 0.007174193 0.003655016 -0.003930687 0.006589055 0.003582239 -0.003930687 0.006589055 0.003582239 -0.003930687 0.006589055 0.003582239 -0.004034817 0.005930125 0.003554165 -0.004034817 0.005930125 0.003554165 -0.004081428 0.005059242 0.003580212 0.001296639 0.01064062 0.006940245 0.001301407 0.01081579 0.006931781 0.003447234 0.01053965 0.0138688 0.003571152 0.01065081 0.01140165 0.003346621 0.01073229 0.01003539 0.002819299 0.01082217 0.0086326 0.002186834 0.01086205 0.007695972 0.001736938 0.01085275 0.007255673 0.003438413 0.01036971 0.01386702 0.003555119 0.01047921 0.01131832 0.003181993 0.010589 0.009512245 0.002588272 0.01066559 0.008250653 0.002012968 0.01068651 0.007522702 -0.003974854 0.005038321 0.003654181 -0.003920078 0.004117071 0.003630459 -0.003920078 0.004117071 0.003630459 -0.003825664 0.003548324 0.003657877 -0.003670871 0.002992391 0.003728091 -0.003670871 0.002992391 0.003728091 -0.003670871 0.002992391 0.003728091 -0.004081428 0.005038321 0.003580212 -0.004034817 0.004167437 0.003554165 -0.004034817 0.004167437 0.003554165 -0.003930687 0.003508508 0.003582239 -0.003930687 0.003508508 0.003582239 -0.003930687 0.003508508 0.003582239 -0.003769397 0.002923369 0.003655016 -0.003769397 0.002923369 0.003655016 -0.003769397 0.002923369 0.003655016 -0.003424286 0.002182602 0.003845036 -0.002915203 0.001478135 0.004151225 -0.002915203 0.001478135 0.004151225 -0.002153098 7.26589e-4 0.004629969 -0.001160323 3.27686e-5 0.005272805 -0.001160323 3.27686e-5 0.005272805 -1.06812e-4 -4.34759e-4 0.005972981 4.35717e-4 -5.77878e-4 0.006340086 4.35717e-4 -5.77878e-4 0.006340086 0.001094698 -6.89103e-4 0.006790161 0.001094698 -6.89103e-4 0.006790161 0.001301407 -7.18257e-4 0.006931781 0.001296639 -5.43052e-4 0.006940245 0.001296639 -5.43052e-4 0.006940245 0.001064598 -5.10658e-4 0.00678128 0.001064598 -5.10658e-4 0.00678128 0.001064598 -5.10658e-4 0.00678128 -0.00333476 0.002271115 0.003913104 -0.00333476 0.002271115 0.003913104 -0.00288248 0.0016433 0.00418502 -0.00288248 0.0016433 0.00418502 -0.00218147 9.37407e-4 0.004624426 -0.00218147 9.37407e-4 0.004624426 -0.001303255 2.93621e-4 0.005191028 -0.001303255 2.93621e-4 0.005191028 -3.61085e-4 -1.72023e-4 0.005814075 -3.61085e-4 -1.72023e-4 0.005814075 3.44455e-4 -3.85355e-4 0.00628966 3.44455e-4 -3.85355e-4 0.00628966 0.001296639 -5.43052e-4 0.006940245 0.001996397 -5.88827e-4 0.007506012 0.00256288 -5.70001e-4 0.008211195 0.002986192 -5.24058e-4 0.009004294 0.003364443 -4.50841e-4 0.01014596 0.003567516 -3.73219e-4 0.01147383 0.003570437 -3.16127e-4 0.01267307 0.003438413 -2.72147e-4 0.01386702 0.001301407 -7.18257e-4 0.006931781 0.002014935 -7.64166e-4 0.007511198 0.002646446 -7.42976e-4 0.008325994 0.003039956 -6.94508e-4 0.009107112 0.00342369 -6.13603e-4 0.01036739 0.003594338 -5.30788e-4 0.01182734 0.003563582 -4.80322e-4 0.01289224 0.003447234 -4.42059e-4 0.0138688 0.003438413 0.01036971 0.01386702 0.003447234 0.01053965 0.0138688 0.002997279 0.01044702 0.01711571 0.002997279 0.01044702 0.01711571 0.002513527 0.01042687 0.02063727 0.002505183 0.01026624 0.0206356 0.002505183 0.01026624 0.0206356 0.002995669 0.01028293 0.01706343 0.002995669 0.01028293 0.01706343 0.002505183 0.01026624 0.0206356 0.002377331 0.01027482 0.02272123 0.002583861 0.01025241 0.02401995 0.003045737 0.01018053 0.02526229 0.002513527 0.01042687 0.02063727 0.003065049 0.01033461 0.02528285 0.002556145 0.01041406 0.02387511 0.002374112 0.01043397 0.02245539 0.00337696 0.01027649 0.02584815 0.004108965 0.01011204 0.02690094 0.004102706 0.009955346 0.02690654 0.006181359 0.007681965 0.02984678 0.006181359 0.007681965 0.02984678 0.005996465 0.0083431 0.02954459 0.005996465 0.0083431 0.02954459 0.00575143 0.008845686 0.02917724 0.00575143 0.008845686 0.02917724 0.00575143 0.008845686 0.02917724 0.005472481 0.009202659 0.02877801 0.005472481 0.009202659 0.02877801 0.005472481 0.009202659 0.02877801 0.004813492 0.009685039 0.02786707 0.004813492 0.009685039 0.02786707 0.004102706 0.009955346 0.02690654 0.004108965 0.01011204 0.02690094 0.004108965 0.01011204 0.02690094 0.006257355 0.007777094 0.02993851 0.006257355 0.007777094 0.02993851 0.006257355 0.007777094 0.02993851 0.006065785 0.008465349 0.02962511 0.006065785 0.008465349 0.02962511 0.006065785 0.008465349 0.02962511 0.005838632 0.008943676 0.02928346 0.005838632 0.008943676 0.02928346 0.005554735 0.009317815 0.02887624 0.005554735 0.009317815 0.02887624 0.005554735 0.009317815 0.02887624 0.004926562 0.009793341 0.02800649 0.004926562 0.009793341 0.02800649 0.006474316 0.006015479 0.03038024 0.006474316 0.006015479 0.03038024 0.006474316 0.006015479 0.03038024 0.006399095 0.006925404 0.03020066 0.006399095 0.006925404 0.03020066 0.006481647 0.005059242 0.0304746 0.006404221 0.005059242 0.03037256 0.006404221 0.005059242 0.03037256 0.006341874 0.00667262 0.03014761 0.006341874 0.00667262 0.03014761 0.006341874 0.00667262 0.03014761 0.002513527 -3.2933e-4 0.02063727 0.002505183 -1.68666e-4 0.0206356 0.002505183 -1.68666e-4 0.0206356 0.002995669 -1.8539e-4 0.01706343 0.002995669 -1.8539e-4 0.01706343 0.003438413 -2.72147e-4 0.01386702 0.003447234 -4.42059e-4 0.0138688 0.002997279 -3.49435e-4 0.01711571 0.002997279 -3.49435e-4 0.01711571 0.003045916 -8.29413e-5 0.02526259 0.004102706 1.42197e-4 0.02690654 0.002526223 -1.61944e-4 0.02378255 0.002364277 -1.78228e-4 0.02221244 0.002505183 -1.68666e-4 0.0206356 0.002513527 -3.2933e-4 0.02063727 0.002374112 -3.36429e-4 0.02245044 0.002555429 -3.16596e-4 0.02387106 0.003065049 -2.37016e-4 0.02528285 0.00337696 -1.78908e-4 0.02584815 0.004108965 -1.44984e-5 0.02690094 0.006481647 0.005038321 0.0304746 0.006404221 0.005038321 0.03037256 0.006404221 0.005038321 0.03037256 0.006341874 0.003424882 0.03014761 0.006341874 0.003424882 0.03014761 0.006341874 0.003424882 0.03014761 0.006181359 0.002415597 0.02984678 0.006181359 0.002415597 0.02984678 0.006181359 0.002415597 0.02984678 0.004102706 1.42197e-4 0.02690654 0.004957795 4.9153e-4 0.02806419 0.004957795 4.9153e-4 0.02806419 0.004957795 4.9153e-4 0.02806419 0.005530178 9.57299e-4 0.02885961 0.005530178 9.57299e-4 0.02885961 0.005530178 9.57299e-4 0.02885961 0.005781292 0.001300096 0.02922081 0.005781292 0.001300096 0.02922081 0.005781292 0.001300096 0.02922081 0.005923926 0.001575767 0.02943319 0.005923926 0.001575767 0.02943319 0.005923926 0.001575767 0.02943319 0.00607109 0.001978456 0.02966272 0.00607109 0.001978456 0.02966272 0.00607109 0.001978456 0.02966272 0.004108965 -1.44984e-5 0.02690094 0.004108965 -1.44984e-5 0.02690094 0.005074262 3.89597e-4 0.02820867 0.005074262 3.89597e-4 0.02820867 0.005619287 8.5171e-4 0.02896767 0.005619287 8.5171e-4 0.02896767 0.005619287 8.5171e-4 0.02896767 0.005871117 0.001208662 0.02933108 0.005871117 0.001208662 0.02933108 0.005871117 0.001208662 0.02933108 0.006090998 0.001703619 0.02966463 0.006090998 0.001703619 0.02966463 0.006090998 0.001703619 0.02966463 0.006178557 0.001992523 0.02980566 0.006178557 0.001992523 0.02980566 0.006257355 0.002320408 0.02993851 0.006257355 0.002320408 0.02993851 0.006399095 0.003172159 0.03020066 0.006399095 0.003172159 0.03020066 0.006474316 0.004082024 0.03038024 0.006474316 0.004082024 0.03038024 0.006474316 0.004082024 0.03038024 0.006404221 0.005038321 0.03037256 0.006404221 0.005059242 0.03037256 0.006481647 0.005038321 0.0304746 0.006481647 0.005059242 0.0304746 -0.004105687 0.005059242 0.003530681 -0.004099547 0.005059659 0.003558814 -0.004081428 0.005059242 0.003580212 -0.004034817 0.005930125 0.003554165 -0.004058957 0.005931496 0.003504693 -0.004052877 0.005931317 0.003532826 -0.004058957 0.004166007 0.003504693 -0.004105687 0.005038321 0.003530681 -0.004034817 0.004167437 0.003554165 -0.004052877 0.004166185 0.003532767 -0.004081428 0.005038321 0.003580212 -0.004099547 0.005037903 0.003558814 -0.004058957 0.005931496 0.003504693 -0.004052877 0.005931317 0.003532826 -0.004034817 0.005930125 0.003554165 -0.003769397 0.007174193 0.003655016 -0.003930687 0.006589055 0.003582239 -0.003790915 0.007188081 0.003605842 -0.003785669 0.007182598 0.003633677 -0.003876686 0.006889998 0.003590703 -0.004034817 0.004167437 0.003554165 -0.004052877 0.004166185 0.003532767 -0.004058957 0.004166007 0.003504693 -0.003790915 0.002909481 0.003605842 -0.003769397 0.002923369 0.003655016 -0.003785669 0.002914965 0.003633677 -0.003930687 0.003508508 0.003582239 -0.003876686 0.003207564 0.003590703 -0.003790915 0.007188081 0.003605842 -0.003785669 0.007182598 0.003633677 -0.003769397 0.007174193 0.003655016 0.001094698 0.01078665 0.006790161 -4.80577e-4 0.01039576 0.005722641 -0.001805365 0.009644448 0.004853129 -0.00284487 0.008699774 0.004194676 -0.003395259 0.007963359 0.003861904 0.001110851 0.01083302 0.006747543 0.001097679 0.01081722 0.006775975 -0.003428459 0.007963597 0.003809511 -0.002850532 0.008737385 0.004156351 -0.002067685 0.009482085 0.004643321 -0.001068055 0.01015603 0.0052917 -5.74887e-5 0.01058918 0.005962908 5.10544e-4 0.0107187 0.006377458 -2.75619e-4 0.01050126 0.005847156 -7.80478e-4 0.0102902 0.005510509 -0.001448929 0.009917438 0.005072116 -0.001942873 0.009569406 0.004752159 -0.002475619 0.009112417 0.004413306 -0.002852559 0.008720993 0.004179418 -0.003145158 0.008365213 0.004000365 -0.003769397 0.002923369 0.003655016 -0.003785669 0.002914965 0.003633677 -0.003790915 0.002909481 0.003605842 0.001110851 -7.35436e-4 0.006747543 -4.46655e-4 -3.52379e-4 0.005703628 -0.001671314 3.16387e-4 0.004896819 -0.002856314 0.001366615 0.004152834 -0.003430485 0.002137303 0.003808379 0.001094698 -6.89103e-4 0.006790161 0.001097679 -7.19662e-4 0.006775975 -0.003424286 0.002182602 0.003845036 -0.002915203 0.001478135 0.004151225 -0.002153098 7.26589e-4 0.004629969 -0.001160323 3.27686e-5 0.005272805 -1.06812e-4 -4.34759e-4 0.005972981 4.35717e-4 -5.77878e-4 0.006340086 7.66747e-4 -6.68432e-4 0.006549715 4.8928e-4 -6.18997e-4 0.00636065 -2.81423e-4 -4.01589e-4 0.005843281 -8.12873e-4 -1.7634e-4 0.005489826 -0.001423001 1.62512e-4 0.005087733 -0.001922249 5.12041e-4 0.004765152 -0.002517998 0.001027464 0.004388153 -0.002891063 0.00142014 0.004155635 -0.003629803 0.002529621 0.003716409 0.001301407 0.01081579 0.006931781 0.001094698 0.01078665 0.006790161 0.001318991 0.01086241 0.006889164 0.001305162 0.01084673 0.006917715 0.001110851 0.01083302 0.006747543 0.001097679 0.01081722 0.006775975 0.001094698 -6.89103e-4 0.006790161 0.001097679 -7.19662e-4 0.006775975 0.001110851 -7.35436e-4 0.006747543 0.001318991 -7.64849e-4 0.006889164 0.001301407 -7.18257e-4 0.006931781 0.001305162 -7.49191e-4 0.006917715 0.001318991 0.01086241 0.006889164 0.001305162 0.01084673 0.006917715 0.001301407 0.01081579 0.006931781 0.003447234 0.01053965 0.0138688 0.003571152 0.01065081 0.01140165 0.003346621 0.01073229 0.01003539 0.002819299 0.01082217 0.0086326 0.002186834 0.01086205 0.007695972 0.001736938 0.01085275 0.007255673 0.003499686 0.01058685 0.01388138 0.003463625 0.01057434 0.01387357 0.002052426 0.01091212 0.007482528 0.002652049 0.01089084 0.00824356 0.00308001 0.01084166 0.009071886 0.003405094 0.01077741 0.01005882 0.003619134 0.01069957 0.01134455 0.003637254 0.01064008 0.01252734 0.003547191 0.01059836 0.01319968 0.003613591 0.01065385 0.01196271 0.003586292 0.0106858 0.01137447 0.003500103 0.01072537 0.01068538 0.003366827 0.01076513 0.01005053 0.003222525 0.01079761 0.009554028 0.002945721 0.01084285 0.008853614 0.002732515 0.01086694 0.008442223 0.002421081 0.01088941 0.007964193 0.002115488 0.01089727 0.007595181 0.001890361 0.01089382 0.007371902 0.001528322 0.01087117 0.007076323 0.001301407 -7.18257e-4 0.006931781 0.001305162 -7.49191e-4 0.006917715 0.001318991 -7.64849e-4 0.006889164 0.003499686 -4.89308e-4 0.01388138 0.003613889 -6.05331e-4 0.01128566 0.00320816 -7.22493e-4 0.00940442 0.002605557 -7.96812e-4 0.0081712 0.002029001 -8.14306e-4 0.007459104 0.003447234 -4.42059e-4 0.0138688 0.003463625 -4.76756e-4 0.01387357 0.002014935 -7.64166e-4 0.007511198 0.002646446 -7.42976e-4 0.008325994 0.003039956 -6.94508e-4 0.009107112 0.00342369 -6.13603e-4 0.01036739 0.003594338 -5.30788e-4 0.01182734 0.003563582 -4.80322e-4 0.01289224 0.003527641 -4.94965e-4 0.01338553 0.003581643 -5.16258e-4 0.01285552 0.003599524 -5.78369e-4 0.01155775 0.003522276 -6.19468e-4 0.01082473 0.003323674 -6.78149e-4 0.009887576 0.003117382 -7.19446e-4 0.009258627 0.002837717 -7.58464e-4 0.008634746 0.002619326 -7.79175e-4 0.00825417 0.002316534 -7.96119e-4 0.007828533 0.002016246 -7.99197e-4 0.007492005 0.001670479 -7.85009e-4 0.007185399 0.003499686 0.01058685 0.01388138 0.003049492 0.01049429 0.01712751 0.003463625 0.01057434 0.01387357 0.003447234 0.01053965 0.0138688 0.002997279 0.01044702 0.01711571 0.00301361 0.01048159 0.01711994 0.002997279 -3.49435e-4 0.01711571 0.00301361 -3.84052e-4 0.01711994 0.003049492 -3.96721e-4 0.01712751 0.003447234 -4.42059e-4 0.0138688 0.003463625 -4.76756e-4 0.01387357 0.003499686 -4.89308e-4 0.01388138 0.003049492 0.01049429 0.01712751 0.00301361 0.01048159 0.01711994 0.002997279 0.01044702 0.01711571 0.002513527 0.01042687 0.02063727 0.002566337 0.0104742 0.0206474 0.002530157 0.01046162 0.02064031 0.002997279 -3.49435e-4 0.01711571 0.00301361 -3.84052e-4 0.01711994 0.003049492 -3.96721e-4 0.01712751 0.002566337 -3.76608e-4 0.0206474 0.002513527 -3.2933e-4 0.02063727 0.002530157 -3.64072e-4 0.02064031 0.002566337 0.0104742 0.0206474 0.002530157 0.01046162 0.02064031 0.002513527 0.01042687 0.02063727 0.003065049 0.01033461 0.02528285 0.002556145 0.01041406 0.02387511 0.002374112 0.01043397 0.02245539 0.003116548 0.01038134 0.02525913 0.003098607 0.01037979 0.02526903 0.003082334 0.01037019 0.02527713 0.003070473 0.01035428 0.02528202 0.002441942 0.0104807 0.02275317 0.002657711 0.01045548 0.02404487 0.00283128 0.01042091 0.02467513 0.002822458 0.01041465 0.0246784 0.002597272 0.01044678 0.02396321 0.002465665 0.01046234 0.02331542 0.002396643 0.01046937 0.02260524 0.002422809 0.01046782 0.02154278 0.002513527 -3.2933e-4 0.02063727 0.002530157 -3.64072e-4 0.02064031 0.002566337 -3.76608e-4 0.0206474 0.003116548 -2.83797e-4 0.02525913 0.002597868 -3.65543e-4 0.02380883 0.002426445 -3.84808e-4 0.02223348 0.003065049 -2.37016e-4 0.02528285 0.003070473 -2.56677e-4 0.02528202 0.003082334 -2.7263e-4 0.02527713 0.003098547 -2.82196e-4 0.02526909 0.002374112 -3.36429e-4 0.02245044 0.002555429 -3.16596e-4 0.02387106 0.002781808 -3.1417e-4 0.02459037 0.002789139 -3.22321e-4 0.02458792 0.00256741 -3.52793e-4 0.02384227 0.00244075 -3.67112e-4 0.02313685 0.002389669 -3.72474e-4 0.02234131 0.00243318 -3.69586e-4 0.02143156 0.003116548 0.01038134 0.02525913 0.003098607 0.01037979 0.02526903 0.003082334 0.01037019 0.02527713 0.003070473 0.01035428 0.02528202 0.003065049 0.01033461 0.02528285 0.00337696 0.01027649 0.02584815 0.003426551 0.01032316 0.02581983 0.003409564 0.01032161 0.02583158 0.003394007 0.01031202 0.02584123 0.003382503 0.01029616 0.02584707 0.003426551 0.01032316 0.02581983 0.003065049 -2.37016e-4 0.02528285 0.003070473 -2.56677e-4 0.02528202 0.003082334 -2.7263e-4 0.02527713 0.003098547 -2.82196e-4 0.02526909 0.003116548 -2.83797e-4 0.02525913 0.003426551 -2.25586e-4 0.02581983 0.00337696 -1.78908e-4 0.02584815 0.003382503 -1.9855e-4 0.02584707 0.003394007 -2.1448e-4 0.02584123 0.003409504 -2.24018e-4 0.02583163 0.003426551 -2.25586e-4 0.02581983 0.004108965 0.01011204 0.02690094 0.00337696 0.01027649 0.02584815 0.004158496 0.01015812 0.02686911 0.004143059 0.01015663 0.02688229 0.004127562 0.01014691 0.02689343 0.003426551 0.01032316 0.02581983 0.003409564 0.01032161 0.02583158 0.003394007 0.01031202 0.02584123 0.003382503 0.01029616 0.02584707 0.00337696 -1.78908e-4 0.02584815 0.003382503 -1.9855e-4 0.02584707 0.003394007 -2.1448e-4 0.02584123 0.003409504 -2.24018e-4 0.02583163 0.003426551 -2.25586e-4 0.02581983 0.004158496 -6.05364e-5 0.02686911 0.004108965 -1.44984e-5 0.02690094 0.004115462 -3.42322e-5 0.02690017 0.004127204 -5.00944e-5 0.02689397 0.004142343 -5.92177e-5 0.02688294 0.004158496 0.01015812 0.02686911 0.004143059 0.01015663 0.02688229 0.004127562 0.01014691 0.02689343 0.004108965 0.01011204 0.02690094 0.006257355 0.007777094 0.02993851 0.006065785 0.008465349 0.02962511 0.005838632 0.008943676 0.02928346 0.005554735 0.009317815 0.02887624 0.004926562 0.009793341 0.02800649 0.006337225 0.007790803 0.02993053 0.006320416 0.007792651 0.02994811 0.006298661 0.007790684 0.02995622 0.00627613 0.007785081 0.02995252 0.005130827 0.009753346 0.02818119 0.005693554 0.009273946 0.02895855 0.006012916 0.008790194 0.02941823 0.006138443 0.008507132 0.02960044 0.006201028 0.008143186 0.02981019 0.006212711 0.008146166 0.02981013 0.006101548 0.008495628 0.02963298 0.00604397 0.008638858 0.02954518 0.005925714 0.008879959 0.02936869 0.005769133 0.009125471 0.02914154 0.005621314 0.009308576 0.02893131 0.005348026 0.009567439 0.02854973 0.005024611 0.009789824 0.02810502 0.004544496 0.01001417 0.02745366 0.004537701 0.01000732 0.02745717 0.006279826 0.007972359 0.02987772 0.00626713 0.007877886 0.02992033 0.006305575 0.007837474 0.02993303 0.00627923 0.007809758 0.02994561 0.004108965 -1.44984e-5 0.02690094 0.004115462 -3.42322e-5 0.02690017 0.004127204 -5.00944e-5 0.02689397 0.004142343 -5.92177e-5 0.02688294 0.004158496 -6.05364e-5 0.02686911 0.006337225 0.002306759 0.02993053 0.006110608 0.001519978 0.02955901 0.00593996 0.001172423 0.02931112 0.005621135 7.42821e-4 0.02885681 0.005276441 4.41565e-4 0.02837991 0.004770517 1.54208e-4 0.02769267 0.006257355 0.002320408 0.02993851 0.00627613 0.002312421 0.02995252 0.006298661 0.002306818 0.02995622 0.006320416 0.002304911 0.02994811 0.005074262 3.89597e-4 0.02820867 0.005619287 8.5171e-4 0.02896767 0.005871117 0.001208662 0.02933108 0.006090998 0.001703619 0.02966463 0.006178557 0.001992523 0.02980566 0.00626105 0.002139925 0.0298919 0.00615102 0.001743555 0.02971231 0.006101489 0.001601457 0.02963477 0.005993127 0.001346468 0.02947002 0.005904257 0.001179158 0.02933865 0.00578171 9.88893e-4 0.02916097 0.005617737 7.84308e-4 0.02892756 0.005452454 6.18738e-4 0.028696 0.00517112 3.99161e-4 0.02830684 0.004920542 2.5055e-4 0.02796471 0.004434049 4.40283e-5 0.02730661 0.004442572 3.78951e-5 0.02730107 0.006254494 0.002017796 0.02983337 0.006303548 0.002220928 0.02991575 0.006277024 0.002267539 0.02994006 0.006290376 0.002264738 0.02994042 0.006213128 0.002001106 0.02983242 0.006337225 0.007790803 0.02993053 0.006320416 0.007792651 0.02994811 0.006298661 0.007790684 0.02995622 0.00627613 0.007785081 0.02995252 0.006257355 0.007777094 0.02993851 0.006474316 0.006015479 0.03038024 0.006399095 0.006925404 0.03020066 0.006555378 0.00601679 0.03037571 0.006538748 0.00601828 0.03039342 0.006516218 0.006018519 0.03040063 0.00649321 0.006017506 0.0303958 0.00647974 0.006934285 0.03019487 0.006401896 0.007366776 0.03009104 0.006510674 0.00647974 0.03031343 0.006328344 0.007576227 0.03003025 0.006341695 0.00757873 0.03003072 0.006399452 0.00714755 0.03016185 0.006491303 0.006249248 0.03036272 0.006453812 0.006705105 0.03027278 0.006504654 0.006249845 0.03036373 0.00644499 0.007043361 0.03018665 0.006472229 0.006821632 0.03024232 0.006418466 0.006985306 0.03020453 0.006440877 0.00693351 0.03021979 0.006432056 0.00687474 0.03023231 0.00645411 0.00696212 0.0302084 0.006460964 0.006906688 0.03022235 0.006257355 0.002320408 0.02993851 0.00627613 0.002312421 0.02995252 0.006298661 0.002306818 0.02995622 0.006320416 0.002304911 0.02994811 0.006337225 0.002306759 0.02993053 0.006555378 0.004080712 0.03037571 0.00647974 0.003163278 0.03019481 0.006474316 0.004082024 0.03038024 0.00649321 0.004079997 0.0303958 0.006516218 0.004079043 0.03040057 0.006538748 0.004079282 0.03039348 0.006399095 0.003172159 0.03020066 0.006401896 0.002730786 0.03009104 0.006510674 0.003617823 0.03031349 0.006341695 0.002518832 0.03003072 0.006328344 0.002521336 0.03003025 0.006399452 0.002949953 0.03016185 0.006504654 0.003847718 0.03036373 0.006491303 0.003848254 0.03036266 0.006453812 0.003392398 0.03027278 0.00644499 0.003054201 0.03018665 0.006472229 0.003275871 0.03024232 0.006418466 0.003112196 0.03020453 0.006440877 0.003163993 0.03021979 0.006432056 0.003222763 0.03023231 0.00645411 0.003135442 0.0302084 0.006460964 0.003190875 0.03022235 0.006555378 0.00601679 0.03037571 0.006538748 0.00601828 0.03039342 0.006516218 0.006018519 0.03040063 0.00649321 0.006017506 0.0303958 0.006474316 0.006015479 0.03038024 0.006481647 0.005059242 0.0304746 0.006562829 0.005059242 0.03047001 0.006546378 0.005060613 0.03048771 0.006524026 0.005061089 0.03049498 0.00650072 0.005060613 0.03049027 0.006474316 0.004082024 0.03038024 0.00649321 0.004079997 0.0303958 0.006516218 0.004079043 0.03040057 0.006538748 0.004079282 0.03039348 0.006555378 0.004080712 0.03037571 0.006562829 0.005038321 0.03047001 0.006481647 0.005038321 0.0304746 0.00650072 0.00503695 0.03049027 0.006524026 0.005036413 0.03049498 0.006546318 0.00503695 0.03048771 0.006562829 0.005059242 0.03047001 0.006546378 0.005060613 0.03048771 0.006524026 0.005061089 0.03049498 0.00650072 0.005060613 0.03049027 0.006481647 0.005059242 0.0304746 0.006481647 0.005038321 0.0304746 0.00650072 0.00503695 0.03049027 0.006524026 0.005036413 0.03049498 0.006546318 0.00503695 0.03048771 0.006562829 0.005038321 0.03047001 0.01079225 0.005059242 0.003643631 0.008229613 0.005059242 0.001188814 0.01079225 0.005038321 0.003643631 0.008229613 0.005038321 0.001188814 0.001858949 0.006337583 0.001214683 0.001858949 0.00375998 0.001214683 0.008124351 0.006365358 0.001189231 0.008229613 0.005059242 0.001188814 0.008229613 0.005038321 0.001188814 0.008124351 0.003732204 0.001189231 0.007427573 0.003697454 -4.05483e-4 0.007347464 0.00364983 -0.002432107 0.0081833 0.003733217 0.001242637 0.007852911 0.003725767 8.66953e-4 0.007611334 0.003716409 4.26963e-4 0.007482528 0.003707289 1.98521e-5 0.008124351 0.003732204 0.001189231 0.001858949 0.00375998 0.001214683 0.002110242 0.003723084 -2.95945e-4 0.002144992 0.003735184 2.20276e-4 0.002058923 0.00374782 7.37555e-4 0.001115083 0.003692269 -0.001779913 0.0015347 0.003698706 -0.001431226 0.001863479 0.003707945 -9.82158e-4 0.002016067 0.003715217 -6.45634e-4 -0.002315044 0.001998782 5.20319e-4 -0.002315044 0.008098781 5.20319e-4 0.002110242 0.008098781 -2.95945e-4 0.001948297 0.008098781 -8.13611e-4 0.001667141 0.008098781 -0.001277446 0.001283109 0.008098781 -0.001660525 8.1864e-4 0.008098781 -0.001940608 3.00594e-4 0.008098781 -0.002101361 -2.40862e-4 0.008098781 -0.002133488 -7.74279e-4 0.008098781 -0.00203514 -0.001268625 0.008098781 -0.001811921 -0.001695215 0.008098781 -0.001476943 -0.00202924 0.008098781 -0.001049578 -0.002251267 0.008098781 -5.54696e-4 -0.002348423 0.008098781 -2.10665e-5 0.002110242 0.006374418 -2.95945e-4 0.001946985 0.006386041 -8.16464e-4 0.001656293 0.006396055 -0.001291096 0.001402914 0.0064013 -0.001560032 0.001115083 0.006405234 -0.001779913 0.001115083 0.00659877 -0.001779913 6.61552e-4 0.00659877 -0.002004086 1.69352e-4 0.00659877 -0.002121329 -3.36602e-4 0.00659877 -0.002125561 -8.30717e-4 0.00659877 -0.002016663 -0.001287996 0.00659877 -0.00180006 -0.001685321 0.00659877 -0.001486837 -0.001685321 0.006283044 -0.001486837 -0.002296686 0.005429506 -3.85389e-4 -0.002290785 0.00556612 -4.11026e-4 -0.002277791 0.005693852 -4.62733e-4 -0.002256929 0.005809485 -5.36256e-4 -0.002227604 0.005910277 -6.26504e-4 -0.002189397 0.005996227 -7.28413e-4 -0.00212419 0.006089091 -8.75089e-4 -0.002032876 0.006166875 -0.001043498 -0.001875042 0.006239771 -0.001273453 -0.002303123 0.005059242 -3.55952e-4 -0.002303242 0.005048751 -3.55542e-4 -0.002303123 0.005038321 -3.55952e-4 -0.002296686 0.004668056 -3.85389e-4 -0.001685321 0.003814518 -0.001486837 -0.001965343 0.003893196 -0.001149475 -0.002119958 0.004003882 -8.83669e-4 -0.00221157 0.004147052 -6.7091e-4 -0.002244949 0.004241347 -5.74663e-4 -0.002269625 0.004351198 -4.9261e-4 -0.002286374 0.004477977 -4.29299e-4 -0.002293229 0.00457108 -4.00543e-4 -0.001685321 0.003498792 -0.001486837 -0.001287996 0.003498792 -0.00180006 -8.30717e-4 0.003498792 -0.002016663 -3.36602e-4 0.003498792 -0.002125561 1.69352e-4 0.003498792 -0.002121329 6.61552e-4 0.003498792 -0.002004086 0.001115083 0.003498792 -0.001779913 0.001115083 0.003692269 -0.001779913 0.0015347 0.003698706 -0.001431226 0.001863479 0.003707945 -9.82158e-4 0.002016067 0.003715217 -6.45634e-4 0.002110242 0.003723084 -2.95945e-4 0.002110242 0.001998782 -2.95945e-4 -0.002348423 0.001998782 -2.10665e-5 -0.002251267 0.001998782 -5.54696e-4 -0.00202924 0.001998782 -0.001049578 -0.001695215 0.001998782 -0.001476943 -0.001268625 0.001998782 -0.001811921 -7.74279e-4 0.001998782 -0.00203514 -2.40862e-4 0.001998782 -0.002133488 3.00594e-4 0.001998782 -0.002101361 8.1864e-4 0.001998782 -0.001940608 0.001283109 0.001998782 -0.001660525 0.001667141 0.001998782 -0.001277446 0.001948297 0.001998782 -8.13611e-4 -0.002303123 0.005059242 -3.55952e-4 -0.003499746 0.005059242 4.29079e-4 -0.003500938 0.005048751 4.30226e-4 -0.002303242 0.005048751 -3.55542e-4 0.0081833 0.006364345 0.001242637 0.008124351 0.006365358 0.001189231 0.007427573 0.006400048 -4.05483e-4 0.007513523 0.006387412 1.43904e-4 0.007723927 0.006376147 6.60032e-4 0.007928252 0.006369709 9.6862e-4 0.007347464 0.006447732 -0.002432107 0.001115083 0.006405234 -0.001779913 0.002110242 0.006374418 -2.95945e-4 0.001946985 0.006386041 -8.16464e-4 0.001656293 0.006396055 -0.001291096 0.001402914 0.0064013 -0.001560032 0.001858949 0.006337583 0.001214683 0.002058923 0.006349742 7.37555e-4 0.002144992 0.006362378 2.20276e-4 0.008229613 0.005059242 0.001188814 0.008229613 0.005059242 0.001188814 0.008124351 0.006365358 0.001189231 0.0081833 0.006364345 0.001242637 0.0081833 0.006364345 0.001242637 0.008161664 0.006788432 0.001254141 0.00804305 0.0104081 0.001412391 0.009009718 0.009753704 0.00225687 0.009606778 0.009204149 0.002784907 0.01000922 0.008660852 0.003136098 0.01021468 0.008249342 0.003307819 0.01038795 0.007774531 0.003444314 0.01060253 0.006931543 0.003595471 0.01073759 0.006043195 0.003663897 0.01079225 0.005059242 0.003643631 0.008161664 0.006788432 0.001254141 0.008084833 0.008288323 0.001294672 0.007089614 0.008288323 4.75131e-4 0.006607651 0.008288323 2.16365e-4 0.006230711 0.008288323 1.1906e-4 0.005908727 0.008288323 1.1339e-4 0.005427777 0.008288323 2.19289e-4 0.005143523 0.008288323 3.32162e-4 0.004865407 0.008288323 4.70087e-4 0.004934906 0.0111283 6.17072e-4 0.005643963 0.01106637 3.21638e-4 0.005968451 0.01102727 2.67405e-4 0.006296277 0.01097834 2.84661e-4 0.006604373 0.01092123 3.746e-4 0.006880998 0.01085913 5.11296e-4 0.007132053 0.01079052 6.72366e-4 0.00804305 0.0104081 0.001412391 0.00804305 0.0104081 0.001412391 0.003494381 0.01114708 0.002047479 0.003838956 0.01116806 0.001539051 0.004314243 0.01116174 0.001045823 0.004934906 0.0111283 6.17072e-4 0.004865407 0.008288323 4.70087e-4 0.004284679 0.008288323 8.59018e-4 0.003776967 0.008288323 0.001362383 0.003366887 0.008288323 0.001955628 0.001215994 0.01084411 0.003933548 0.001985549 0.01097732 0.003591358 0.002625524 0.01105457 0.003126204 0.003007352 0.01109147 0.002737343 0.003494381 0.01114708 0.002047479 -0.002820074 0.008288323 0.002768039 -0.001971065 0.009260356 0.003489196 -0.001065969 0.009954631 0.003920078 -2.62506e-4 0.01039016 0.004089653 4.22992e-4 0.01064485 0.004092931 0.003366887 0.008288323 0.001955628 0.002797007 0.008288323 0.002738833 0.002097964 0.008288323 0.003339231 0.001338005 0.008288323 0.003734171 4.948e-4 0.008288323 0.003947556 -3.76731e-4 0.008288323 0.003958702 -0.001217901 0.008288323 0.00377345 -0.001978933 0.008288323 0.003422021 -0.002427637 0.008288323 0.003114998 0.007244765 0.008098781 -3.61815e-4 0.007174015 0.008098781 -0.002210319 0.006511032 0.008098781 -0.004113078 0.005406498 0.008098781 -0.005852162 0.00394237 0.008098781 -0.00725001 0.002978742 0.008098781 -0.007858574 0.001977801 0.008098781 -0.008300364 3.18021e-4 0.008098781 -0.007356703 -0.001161515 0.008098781 -0.005963385 -0.00232011 0.008098781 -0.004188895 -0.00305742 0.008098781 -0.002169132 -0.003311872 0.008098781 -5.9149e-4 -0.003320991 0.008098781 9.57824e-4 -0.003268241 0.008098781 0.00172168 -0.003288984 0.008098781 0.002146184 -0.003305077 0.008098781 0.002516627 -0.003235876 0.008098781 0.002468585 -0.003193795 0.008098781 0.002449929 -0.003132879 0.008098781 0.002433955 -0.003066897 0.008098781 0.002428472 -0.003002107 0.008098781 0.002432942 -0.002940535 0.008098781 0.002446353 -0.002880454 0.008098781 0.002468705 -0.002827167 0.008098781 0.002496778 -0.002775132 0.008098781 0.002532184 -0.002687871 0.008098781 0.002608418 -0.00193566 0.008098781 0.003201603 -0.001107871 0.008098781 0.003583192 -2.7936e-4 0.008098781 0.003748476 5.73821e-4 0.008098781 0.003713965 0.001390576 0.008098781 0.003476798 0.002115666 0.008098781 0.003062307 0.002711296 0.008098781 0.002516686 0.002975046 0.008098781 0.002183437 0.003195464 0.008098781 0.001835882 0.003626883 0.008098781 0.001211643 0.004161119 0.008098781 6.82056e-4 0.004772067 0.008098781 2.72844e-4 0.005535006 0.008098781 -4.02853e-5 0.006025314 0.008098781 -1.11464e-4 0.006384253 0.008098781 -7.3038e-5 0.00677371 0.008098781 5.92172e-5 0.007086396 0.008098781 2.25168e-4 0.007410407 0.008098781 4.4693e-4 0.007303833 0.008098781 9.44138e-5 0.007264018 0.008098781 -1.31533e-4 -0.002315044 0.008098781 5.20319e-4 -0.002153098 0.008098781 0.001037955 -0.001871943 0.008098781 0.001501858 -0.00148797 0.008098781 0.001884937 -0.001023471 0.008098781 0.002165019 -5.05432e-4 0.008098781 0.002325773 3.6031e-5 0.008098781 0.0023579 5.69448e-4 0.008098781 0.002259492 0.001063764 0.008098781 0.002036333 0.001490414 0.008098781 0.001701295 0.001824438 0.008098781 0.00127393 0.002046465 0.008098781 7.79089e-4 0.002143621 0.008098781 2.45452e-4 0.002110242 0.008098781 -2.95945e-4 0.001948297 0.008098781 -8.13611e-4 0.001667141 0.008098781 -0.001277446 0.001283109 0.008098781 -0.001660525 8.1864e-4 0.008098781 -0.001940608 3.00594e-4 0.008098781 -0.002101361 -2.40862e-4 0.008098781 -0.002133488 -7.74279e-4 0.008098781 -0.00203514 -0.001268625 0.008098781 -0.001811921 -0.001695215 0.008098781 -0.001476943 -0.00202924 0.008098781 -0.001049578 -0.002251267 0.008098781 -5.54696e-4 -0.002348423 0.008098781 -2.10665e-5 0.007339537 0.00659877 -0.002431333 0.007339537 0.00659877 -0.002431333 0.007300674 0.00659877 -0.003446638 0.007300674 0.00659877 -0.003446638 0.007300674 0.00659877 -0.003446638 0.007233619 0.007750868 -0.003616333 0.007233619 0.007750868 -0.003616333 0.007233679 0.007814645 -0.003527581 0.007235407 0.007869124 -0.003407359 0.007235407 0.007869124 -0.003407359 0.007235407 0.007869124 -0.003407359 0.00724858 0.007970273 -0.002924442 0.00724858 0.007970273 -0.002924442 0.00727415 0.008004009 -0.002211213 0.00727415 0.008004009 -0.002211213 0.007344901 0.008004009 -3.62679e-4 0.007407546 0.006788432 -3.9513e-4 0.007407546 0.006788432 -3.9513e-4 0.007427573 0.006400048 -4.05483e-4 0.007427573 0.006400048 -4.05483e-4 0.007347464 0.006447732 -0.002432107 -0.003499746 0.005059242 4.29079e-4 -0.003482699 0.005405902 3.94329e-4 -0.002303123 0.005059242 -3.55952e-4 -0.002296686 0.005429506 -3.85389e-4 0.008161664 0.00330913 0.001254141 0.0081833 0.003733217 0.001242637 0.0081833 0.003733217 0.001242637 0.00804305 -3.10553e-4 0.001412391 0.009009718 3.43869e-4 0.00225687 0.01038795 0.002322971 0.003444314 0.01008772 0.001579046 0.003202617 0.009746968 0.001057207 0.002908408 0.009415209 6.95626e-4 0.002615511 0.01073759 0.004054427 0.003663897 0.01060253 0.003166019 0.003595471 0.01079225 0.005038321 0.003643631 0.008229613 0.005038321 0.001188814 0.008229613 0.005038321 0.001188814 0.008124351 0.003732204 0.001189231 0.007132053 -6.9294e-4 6.72366e-4 0.006595611 -8.25475e-4 3.71069e-4 0.006290674 -8.81713e-4 2.83692e-4 0.005962371 -9.3053e-4 2.67811e-4 0.005552232 -9.784e-4 3.47853e-4 0.005249261 -0.001006543 4.62092e-4 0.004934906 -0.001030683 6.17072e-4 0.00804305 -3.10553e-4 0.001412391 0.008161664 0.00330913 0.001254141 0.008084833 0.001809239 0.001294672 0.008084833 0.001809239 0.001294672 0.004865407 0.001809239 4.70087e-4 0.005417168 0.001809239 2.22914e-4 0.005878746 0.001809239 1.16259e-4 0.00622642 0.001809239 1.18524e-4 0.00654155 0.001809239 1.92143e-4 0.006919503 0.001809239 3.6864e-4 0.007339298 0.001809239 6.55595e-4 0.003494381 -0.001049518 0.002047479 0.003366887 0.001809239 0.001955628 0.003776967 0.001809239 0.001362383 0.004284679 0.001809239 8.59018e-4 0.004865407 0.001809239 4.70087e-4 0.004934906 -0.001030683 6.17072e-4 0.004314243 -0.001064181 0.001045823 0.003838956 -0.001070499 0.001539051 0.003494381 -0.001049518 0.002047479 0.003366887 0.001809239 0.001955628 -0.002820074 0.001809239 0.002768039 -0.002051115 0.001809239 0.003378212 -0.001207232 0.001809239 0.003777086 -3.61525e-4 0.001809239 0.003960251 5.13785e-4 0.001809239 0.003945052 0.001359224 0.001809239 0.003725945 0.002119421 0.001809239 0.003324687 0.002754628 0.001809239 0.002784073 0.003091871 0.001809239 0.002381086 0.001215994 -7.46511e-4 0.003933548 4.57592e-4 -5.57852e-4 0.004089593 -1.95466e-4 -3.222e-4 0.004095613 -8.63761e-4 1.85594e-5 0.003980159 -0.001463949 4.18634e-4 0.003764867 -0.001996636 8.60743e-4 0.003472685 -0.002432286 0.001309156 0.003145992 0.002854585 -9.78893e-4 0.00290507 0.002406775 -9.33788e-4 0.003307342 0.001801311 -8.52374e-4 0.003692328 -0.003320991 0.001998782 9.57824e-4 -0.003204762 0.001998782 -0.001452922 -0.002584934 0.001998782 -0.003609716 -0.001615226 0.001998782 -0.005372405 -3.23296e-4 0.001998782 -0.006833672 7.93226e-4 0.001998782 -0.007681429 0.001977801 0.001998782 -0.008300364 0.003611981 0.001998782 -0.007481396 0.005083084 0.001998782 -0.006224572 0.006248533 0.001998782 -0.004617273 0.006803691 0.001998782 -0.003432929 0.007174015 0.001998782 -0.002210319 0.007244765 0.001998782 -3.61815e-4 0.007285416 0.001998782 4.5523e-6 0.007337629 0.001998782 2.27906e-4 0.007410407 0.001998782 4.4693e-4 0.00674951 0.001998782 4.86076e-5 0.006298363 0.001998782 -8.98466e-5 0.005943894 0.001998782 -1.08618e-4 0.00560218 0.001998782 -5.71832e-5 0.00520271 0.001998782 7.04229e-5 0.004772067 0.001998782 2.72844e-4 0.004161119 0.001998782 6.82056e-4 0.003626883 0.001998782 0.001211643 0.003195464 0.001998782 0.001835882 0.002637028 0.001998782 0.002598404 0.001948595 0.001998782 0.003178179 0.001200199 0.001998782 0.003551542 3.72842e-4 0.001998782 0.003740787 -4.76286e-4 0.001998782 0.003727197 -0.001287579 0.001998782 0.003520131 -0.002012133 0.001998782 0.003153502 -0.002369999 0.001998782 0.002894282 -0.002687871 0.001998782 0.002608418 -0.002775132 0.001998782 0.002532184 -0.002860069 0.001998782 0.002478659 -0.00294888 0.001998782 0.002444326 -0.003041684 0.001998782 0.002429068 -0.003139317 0.001998782 0.00243473 -0.00321877 0.001998782 0.002459883 -0.003263413 0.001998782 0.002484738 -0.003305077 0.001998782 0.002516627 -0.003288984 0.001998782 0.002146184 -0.003268241 0.001998782 0.00172168 -0.002315044 0.001998782 5.20319e-4 -0.002348423 0.001998782 -2.10665e-5 -0.002251267 0.001998782 -5.54696e-4 -0.00202924 0.001998782 -0.001049578 -0.001695215 0.001998782 -0.001476943 -0.001268625 0.001998782 -0.001811921 -7.74279e-4 0.001998782 -0.00203514 -2.40862e-4 0.001998782 -0.002133488 3.00594e-4 0.001998782 -0.002101361 8.1864e-4 0.001998782 -0.001940608 0.001283109 0.001998782 -0.001660525 0.001667141 0.001998782 -0.001277446 0.001948297 0.001998782 -8.13611e-4 0.002110242 0.001998782 -2.95945e-4 0.002143621 0.001998782 2.45452e-4 0.002046465 0.001998782 7.79089e-4 0.001824438 0.001998782 0.00127393 0.001490414 0.001998782 0.001701295 0.001063764 0.001998782 0.002036333 5.69448e-4 0.001998782 0.002259492 3.6031e-5 0.001998782 0.0023579 -5.05432e-4 0.001998782 0.002325773 -0.001023471 0.001998782 0.002165019 -0.00148797 0.001998782 0.001884937 -0.001871943 0.001998782 0.001501858 -0.002153098 0.001998782 0.001037955 0.00727415 0.002093553 -0.002211213 0.00727415 0.002093553 -0.002211213 0.007244884 0.002143561 -0.003043711 0.007244884 0.002143561 -0.003043711 0.00723493 0.002242982 -0.003440856 0.00723493 0.002242982 -0.003440856 0.00723493 0.002242982 -0.003440856 0.007233679 0.00229144 -0.003539919 0.007233619 0.002346634 -0.003616333 0.007233619 0.002346634 -0.003616333 0.007300674 0.003498792 -0.003446638 0.007300674 0.003498792 -0.003446638 0.007339537 0.003498792 -0.002431333 0.007339537 0.003498792 -0.002431333 0.007347464 0.00364983 -0.002432107 0.007427573 0.003697454 -4.05483e-4 0.007427573 0.003697454 -4.05483e-4 0.007407546 0.00330913 -3.9513e-4 0.007407546 0.00330913 -3.9513e-4 0.007344901 0.002093553 -3.62679e-4 -0.003482699 0.00469166 3.94329e-4 -0.003482699 0.00469166 3.94329e-4 -0.003499746 0.005038321 4.29079e-4 -0.002296686 0.004668056 -3.85389e-4 -0.002303123 0.005038321 -3.55952e-4 -0.002303123 0.005038321 -3.55952e-4 0.007344901 0.008004009 -3.62679e-4 0.007407546 0.006788432 -3.9513e-4 0.007493734 0.006779789 1.56146e-4 0.007709264 0.006778478 6.81721e-4 0.007916331 0.006781935 9.91419e-4 0.008161664 0.006788432 0.001254141 0.008084833 0.008288323 0.001294672 0.007502615 0.008004486 4.0758e-4 0.007627964 0.008040249 6.85774e-4 0.007800161 0.008131444 9.66884e-4 0.007383346 0.008002519 -1.84551e-5 0.007433056 0.008002936 1.9658e-4 0.0081833 0.006364345 0.001242637 0.008161664 0.006788432 0.001254141 0.007407546 0.006788432 -3.9513e-4 0.007493734 0.006779789 1.56146e-4 0.007709264 0.006778478 6.81721e-4 0.007916331 0.006781935 9.91419e-4 0.007427573 0.006400048 -4.05483e-4 0.007513523 0.006387412 1.43904e-4 0.007723927 0.006376147 6.60032e-4 0.007928252 0.006369709 9.6862e-4 0.008161664 0.00330913 0.001254141 0.007807254 0.003317773 8.41796e-4 0.00755167 0.003319025 3.36967e-4 0.007450461 0.003315627 -2.75187e-5 0.007407546 0.00330913 -3.9513e-4 0.007344901 0.002093553 -3.62679e-4 0.007502615 0.002093017 4.0758e-4 0.00740081 0.002094984 6.78375e-5 0.007363021 0.002094745 -1.48036e-4 0.008084833 0.001809239 0.001294672 0.00780791 0.001961588 9.77535e-4 0.007646381 0.00204885 7.20382e-4 0.007564127 0.002082049 5.55038e-4 0.007427573 0.003697454 -4.05483e-4 0.007407546 0.00330913 -3.9513e-4 0.008161664 0.00330913 0.001254141 0.007807254 0.003317773 8.41796e-4 0.00755167 0.003319025 3.36967e-4 0.007450461 0.003315627 -2.75187e-5 0.0081833 0.003733217 0.001242637 0.007852911 0.003725767 8.66953e-4 0.007611334 0.003716409 4.26963e-4 0.007482528 0.003707289 1.98521e-5 -0.003499746 0.005038321 4.29079e-4 -0.003500938 0.005048751 4.30226e-4 -0.002303123 0.005038321 -3.55952e-4 -0.002303242 0.005048751 -3.55542e-4 -0.00340563 0.003498792 -0.001306772 -0.001685321 0.003498792 -0.001486837 -0.001287996 0.003498792 -0.00180006 -8.30717e-4 0.003498792 -0.002016663 -3.36602e-4 0.003498792 -0.002125561 1.69352e-4 0.003498792 -0.002121329 6.61552e-4 0.003498792 -0.002004086 0.001115083 0.003498792 -0.001779913 0.007339537 0.003498792 -0.002431333 0.007300674 0.003498792 -0.003446638 0.00729072 0.003498792 -0.003535926 0.007277905 0.003498792 -0.003590524 0.007260203 0.003498792 -0.003643751 0.002639949 0.003498792 -0.00861454 0.004372417 0.003498792 -0.007580697 0.005866944 0.003498792 -0.006096243 0.006660282 0.003498792 -0.00491631 0.002526879 0.003498792 -0.008648514 0.002420485 0.003498792 -0.008654236 0.002355813 0.003498792 -0.008645594 0.002293169 0.003498792 -0.008627831 5.85251e-4 0.003498792 -0.007771551 -9.50538e-4 0.003498792 -0.006479084 -0.002185463 0.003498792 -0.004818737 -0.002967298 0.003498792 -0.003105401 0.002293169 0.003498792 -0.008627831 0.002393484 0.002238631 -0.008586645 0.002279937 0.002164661 -0.008541405 0.002146661 0.002116739 -0.008488118 0.002047121 0.002099335 -0.008447647 0.001939117 0.002093553 -0.008402764 2.69376e-4 0.002093553 -0.007454991 -0.001220941 0.002093553 -0.006057322 -0.002391755 0.002093553 -0.004277229 -0.003142356 0.002093553 -0.002249062 -0.003409683 0.002093553 -6.29108e-4 -0.003420889 0.002093553 9.62347e-4 -0.003433465 0.002333581 9.6292e-4 -0.003441989 0.002368271 8.58344e-4 -0.003445625 0.002388954 8.14229e-4 -0.00344938 0.002420246 7.74663e-4 -0.003453373 0.002462208 7.39686e-4 -0.003457546 0.002514839 7.0934e-4 -0.003463506 0.002601504 6.76133e-4 -0.003473043 0.002758264 6.43201e-4 -0.003483831 0.002953648 6.27592e-4 -0.003572463 0.004605531 5.74585e-4 -0.00356245 0.004377841 5.08308e-4 -0.003553926 0.004170477 3.91454e-4 -0.003548085 0.004040002 2.81461e-4 -0.003540754 0.003908276 1.32576e-4 -0.003528118 0.003758847 -9.88245e-5 -0.003510653 0.003642857 -3.58403e-4 -0.003486752 0.003564536 -6.40839e-4 -0.003465473 0.003532588 -8.48465e-4 -0.003439545 0.003518342 -0.001067578 -0.003406405 0.00351268 -0.001306712 -0.00340563 0.003498792 -0.001306772 5.85251e-4 0.003498792 -0.007771551 -9.50538e-4 0.003498792 -0.006479084 -0.002185463 0.003498792 -0.004818737 -0.002967298 0.003498792 -0.003105401 -0.003420889 0.002093553 9.62347e-4 -0.003420889 0.002093553 9.62347e-4 -0.003359615 0.002093553 0.001850605 -0.003389 0.002182006 0.001492083 -0.003389 0.002182006 0.001492083 -0.003433465 0.002333581 9.6292e-4 -0.002719581 0.003718376 -0.001378536 -0.002719581 0.003718376 -0.001378536 -0.001685321 0.003814518 -0.001486837 -0.003198921 0.003721654 -0.001328408 -0.003198921 0.003721654 -0.001328408 -0.003406405 0.00351268 -0.001306712 -0.003406405 0.00351268 -0.001306712 -0.003406405 0.00351268 -0.001306712 -0.003403484 0.003557324 -0.00130701 -0.003390431 0.003599882 -0.001308381 -0.003390431 0.003599882 -0.001308381 -0.003390431 0.003599882 -0.001308381 -0.003368377 0.003638446 -0.001310646 -0.003338336 0.00367093 -0.001313805 -0.003338336 0.00367093 -0.001313805 -0.003338336 0.00367093 -0.001313805 -0.003301918 0.003695964 -0.00131762 -0.00326091 0.003712892 -0.001321911 -0.00326091 0.003712892 -0.001321911 -0.003230273 0.003719508 -0.00132513 -0.003230273 0.003719508 -0.00132513 -0.00340563 0.003498792 -0.001306772 -0.00340563 0.003498792 -0.001306772 -0.00340563 0.003498792 -0.001306772 -0.00340563 0.003498792 -0.001306772 -0.001685321 0.003498792 -0.001486837 -0.001685321 0.003498792 -0.001486837 -0.003240287 0.003728747 -0.001036286 -0.002719581 0.003718376 -0.001378536 -0.003198921 0.003721654 -0.001328408 0.007339537 0.003498792 -0.002431333 0.007347464 0.00364983 -0.002432107 0.001115083 0.003692269 -0.001779913 0.001115083 0.003498792 -0.001779913 0.007347464 0.006447732 -0.002432107 0.007339537 0.00659877 -0.002431333 0.001115083 0.00659877 -0.001779913 0.001115083 0.006405234 -0.001779913 -0.00340563 0.00659877 -0.001306772 -0.00340563 0.00659877 -0.001306772 -0.00340563 0.00659877 -0.001306772 -0.001685321 0.00659877 -0.001486837 -0.001685321 0.00659877 -0.001486837 -0.003406405 0.006584882 -0.001306712 -0.003406405 0.006584882 -0.001306712 -0.003406405 0.006584882 -0.001306712 -0.003406405 0.006584882 -0.001306712 -0.003198921 0.006375908 -0.001328408 -0.003198921 0.006375908 -0.001328408 -0.003248095 0.006381332 -0.001323223 -0.003248095 0.006381332 -0.001323223 -0.003248095 0.006381332 -0.001323223 -0.003294527 0.006397724 -0.001318395 -0.003294527 0.006397724 -0.001318395 -0.003335773 0.006424367 -0.001314103 -0.003335773 0.006424367 -0.001314103 -0.003335773 0.006424367 -0.001314103 -0.00336641 0.006456375 -0.001310884 -0.00339055 0.0064978 -0.001308321 -0.00339055 0.0064978 -0.001308321 -0.00339055 0.0064978 -0.001308321 -0.003403484 0.006540298 -0.00130701 -0.002719581 0.006379127 -0.001378536 -0.002719581 0.006379127 -0.001378536 -0.001685321 0.006283044 -0.001486837 -0.003198921 0.006375908 -0.001328408 -0.002719581 0.006379127 -0.001378536 -0.003240287 0.006368756 -0.001036286 -0.003420889 0.008004009 9.62347e-4 -0.003305733 0.008004009 -0.001462042 -0.002686917 0.008004009 -0.003632485 -0.001717567 0.008004009 -0.005409359 -4.24236e-4 0.008004009 -0.006886839 7.21395e-4 0.008004009 -0.007764339 0.001939117 0.008004009 -0.008402764 0.002114415 0.007987856 -0.008475124 0.002266108 0.007939517 -0.008535921 0.002332866 0.007903218 -0.008562445 0.002393484 0.007858872 -0.008586645 0.002293169 0.00659877 -0.008627831 5.85251e-4 0.00659877 -0.007771551 -9.50538e-4 0.00659877 -0.006479084 -0.002185463 0.00659877 -0.004818737 -0.002967298 0.00659877 -0.003105401 -0.00340563 0.00659877 -0.001306772 -0.003406405 0.006584882 -0.001306712 -0.003439545 0.00657916 -0.001067578 -0.003497064 0.006506145 -5.24856e-4 -0.003528058 0.006339013 -9.94019e-5 -0.00354588 0.006110191 2.27429e-4 -0.003555297 0.005909919 4.04112e-4 -0.003563165 0.005710303 5.12432e-4 -0.003572463 0.005492031 5.74585e-4 -0.003483831 0.007143855 6.27592e-4 -0.003467202 0.007437884 6.60874e-4 -0.003457009 0.007589936 7.12894e-4 -0.003452241 0.007647633 7.48631e-4 -0.00344789 0.007690906 7.89694e-4 -0.00344491 0.007713496 8.22552e-4 -0.003441989 0.007729291 8.58344e-4 -0.003433465 0.007763981 9.6292e-4 -0.003433465 0.007763981 9.6292e-4 -0.003389 0.007915496 0.001492083 -0.003389 0.007915496 0.001492083 -0.003359615 0.008004009 0.001850605 -0.003420889 0.008004009 9.62347e-4 -0.003420889 0.008004009 9.62347e-4 0.007339537 0.00659877 -0.002431333 0.007300674 0.00659877 -0.003446638 0.007260203 0.00659877 -0.003643751 0.00728619 0.00659877 -0.003557801 0.007295966 0.00659877 -0.003502547 0.002639949 0.00659877 -0.00861454 0.004372417 0.00659877 -0.007580697 0.005866944 0.00659877 -0.006096243 0.006660282 0.00659877 -0.00491631 0.002293169 0.00659877 -0.008627831 0.002396821 0.00659877 -0.008651852 0.002503097 0.00659877 -0.008651494 0.002572834 0.00659877 -0.008638143 5.85251e-4 0.00659877 -0.007771551 -9.50538e-4 0.00659877 -0.006479084 -0.002185463 0.00659877 -0.004818737 -0.002967298 0.00659877 -0.003105401 -0.00340563 0.00659877 -0.001306772 -0.001685321 0.00659877 -0.001486837 0.001115083 0.00659877 -0.001779913 6.61552e-4 0.00659877 -0.002004086 1.69352e-4 0.00659877 -0.002121329 -3.36602e-4 0.00659877 -0.002125561 -8.30717e-4 0.00659877 -0.002016663 -0.001287996 0.00659877 -0.00180006 -0.001685321 0.006283044 -0.001486837 -0.002719581 0.006379127 -0.001378536 -0.003240287 0.006368756 -0.001036286 -0.003482699 0.005405902 3.94329e-4 -0.003468155 0.005589127 3.49909e-4 -0.003449857 0.005776941 2.53327e-4 -0.003435969 0.005901575 1.55196e-4 -0.003418684 0.00602734 1.96546e-5 -0.003397822 0.006133317 -1.36331e-4 -0.003368794 0.006226897 -3.27408e-4 -0.003333926 0.006298363 -5.39511e-4 -0.0032925 0.006346642 -7.74056e-4 -0.002296686 0.005429506 -3.85389e-4 -0.002290785 0.00556612 -4.11026e-4 -0.002277791 0.005693852 -4.62733e-4 -0.002256929 0.005809485 -5.36256e-4 -0.002227604 0.005910277 -6.26504e-4 -0.002189397 0.005996227 -7.28413e-4 -0.00212419 0.006089091 -8.75089e-4 -0.002032876 0.006166875 -0.001043498 -0.001875042 0.006239771 -0.001273453 -0.002296686 0.004668056 -3.85389e-4 -0.003482699 0.00469166 3.94329e-4 -0.003240287 0.003728747 -0.001036286 -0.003329396 0.003792226 -5.6608e-4 -0.003387629 0.003926515 -2.05591e-4 -0.003421962 0.004090011 4.35933e-5 -0.00343734 0.00420624 1.64278e-4 -0.00345093 0.004331111 2.60271e-4 -0.003464937 0.004473567 3.36088e-4 -0.003474652 0.004584312 3.74038e-4 -0.002719581 0.003718376 -0.001378536 -0.001685321 0.003814518 -0.001486837 -0.001965343 0.003893196 -0.001149475 -0.002119958 0.004003882 -8.83669e-4 -0.00221157 0.004147052 -6.7091e-4 -0.002244949 0.004241347 -5.74663e-4 -0.002269625 0.004351198 -4.9261e-4 -0.002286374 0.004477977 -4.29299e-4 -0.002293229 0.00457108 -4.00543e-4 -0.003406405 0.00351268 -0.001306712 -0.003403484 0.003557324 -0.00130701 -0.003390431 0.003599882 -0.001308381 -0.003368377 0.003638446 -0.001310646 -0.003338336 0.00367093 -0.001313805 -0.003301918 0.003695964 -0.00131762 -0.00326091 0.003712892 -0.001321911 -0.003230273 0.003719508 -0.00132513 -0.003198921 0.003721654 -0.001328408 -0.003439545 0.003518342 -0.001067578 -0.003240287 0.003728747 -0.001036286 -0.003285229 0.003723144 -0.001044571 -0.003330707 0.003706336 -0.001052618 -0.003368496 0.0036816 -0.001058995 -0.003397226 0.003651738 -0.001063525 -0.003418624 0.003616929 -0.001066505 -0.003434419 0.003571927 -0.001068174 -0.003438889 0.003544688 -0.001068234 -0.003572463 0.004605531 5.74585e-4 -0.00356245 0.004377841 5.08308e-4 -0.003553926 0.004170477 3.91454e-4 -0.003548085 0.004040002 2.81461e-4 -0.003540754 0.003908276 1.32576e-4 -0.003528118 0.003758847 -9.88245e-5 -0.003510653 0.003642857 -3.58403e-4 -0.003486752 0.003564536 -6.40839e-4 -0.003465473 0.003532588 -8.48465e-4 -0.003439545 0.003518342 -0.001067578 -0.003575801 0.004671216 5.77856e-4 -0.003482699 0.00469166 3.94329e-4 -0.003516793 0.004687488 4.22567e-4 -0.003544986 0.004682838 4.59768e-4 -0.003564715 0.00467807 5.03637e-4 -0.003573298 0.004674494 5.40622e-4 -0.003240287 0.003728747 -0.001036286 -0.003329396 0.003792226 -5.6608e-4 -0.003387629 0.003926515 -2.05591e-4 -0.003421962 0.004090011 4.35933e-5 -0.00343734 0.00420624 1.64278e-4 -0.00345093 0.004331111 2.60271e-4 -0.003464937 0.004473567 3.36088e-4 -0.003474652 0.004584312 3.74038e-4 -0.003285229 0.003723144 -0.001044571 -0.003330707 0.003706336 -0.001052618 -0.003368496 0.0036816 -0.001058995 -0.003397226 0.003651738 -0.001063525 -0.003418624 0.003616929 -0.001066505 -0.003434419 0.003571927 -0.001068174 -0.003438889 0.003544688 -0.001068234 -0.003548204 0.004593431 4.59716e-4 -0.003542661 0.004490494 4.29638e-4 -0.003539443 0.004431545 4.05949e-4 -0.003535091 0.004353702 3.67098e-4 -0.003529608 0.004262208 3.09549e-4 -0.003525197 0.004194736 2.58077e-4 -0.003521025 0.004136502 2.06664e-4 -0.003516018 0.004073321 1.42548e-4 -0.003510653 0.004014372 7.32839e-5 -0.003500282 0.003923058 -5.75371e-5 -0.003490805 0.003861546 -1.68521e-4 -0.003479897 0.003808021 -2.87145e-4 -0.00345999 0.003741919 -4.82276e-4 -0.003445148 0.003710329 -6.13555e-4 -0.003433644 0.003693044 -7.08766e-4 -0.003415703 0.003648698 -9.61807e-4 -0.003428876 0.003627538 -9.62406e-4 -0.003482699 0.00469166 3.94329e-4 -0.003516793 0.004687488 4.22567e-4 -0.003544986 0.004682838 4.59768e-4 -0.003564715 0.00467807 5.03637e-4 -0.003573298 0.004674494 5.40622e-4 -0.003575801 0.004671216 5.77856e-4 -0.003591835 0.005020022 5.88261e-4 -0.003499746 0.005038321 4.29079e-4 -0.003533363 0.005034208 4.56847e-4 -0.003561317 0.005029678 4.93348e-4 -0.003581106 0.005024969 5.36427e-4 -0.00358802 0.005022466 5.62131e-4 -0.003499746 0.005038321 4.29079e-4 -0.003533363 0.005034208 4.56847e-4 -0.003561317 0.005029678 4.93348e-4 -0.003581106 0.005024969 5.36427e-4 -0.00358802 0.005022466 5.62131e-4 -0.003591835 0.005020022 5.88261e-4 -0.00359261 0.005037128 5.88592e-4 -0.003592729 0.005039274 5.88596e-4 -0.003500938 0.005048751 4.30226e-4 -0.003534257 0.005046188 4.57935e-4 -0.003562033 0.005043685 4.94253e-4 -0.003581762 0.00504142 5.3706e-4 -0.003588736 0.005040287 5.62604e-4 -0.003500938 0.005048751 4.30226e-4 -0.003534257 0.005046188 4.57935e-4 -0.003562033 0.005043685 4.94253e-4 -0.003581762 0.00504142 5.3706e-4 -0.003588736 0.005040287 5.62604e-4 -0.003592729 0.005039274 5.88596e-4 -0.003592729 0.005058228 5.88596e-4 -0.003534257 0.005051314 4.57935e-4 -0.003562033 0.005053818 4.94253e-4 -0.003581762 0.005056142 5.3706e-4 -0.003588736 0.005057275 5.62604e-4 -0.003500938 0.005048751 4.30226e-4 -0.003534257 0.005051314 4.57935e-4 -0.003562033 0.005053818 4.94253e-4 -0.003581762 0.005056142 5.3706e-4 -0.003588736 0.005057275 5.62604e-4 -0.003592729 0.005058228 5.88596e-4 -0.00359261 0.005060434 5.88592e-4 -0.003591835 0.00507754 5.88261e-4 -0.003499746 0.005059242 4.29079e-4 -0.003533363 0.005063354 4.56847e-4 -0.003561317 0.005067884 4.93348e-4 -0.003581106 0.005072534 5.36427e-4 -0.00358802 0.005075097 5.62131e-4 -0.003499746 0.005059242 4.29079e-4 -0.003533363 0.005063354 4.56847e-4 -0.003561317 0.005067884 4.93348e-4 -0.003581106 0.005072534 5.36427e-4 -0.00358802 0.005075097 5.62131e-4 -0.003591835 0.00507754 5.88261e-4 -0.003575801 0.005426347 5.77856e-4 -0.003482699 0.005405902 3.94329e-4 -0.003516793 0.005410075 4.22671e-4 -0.003544986 0.005414664 4.5979e-4 -0.003564655 0.005419433 5.03637e-4 -0.003573238 0.005423069 5.40614e-4 -0.003482699 0.005405902 3.94329e-4 -0.003516793 0.005410075 4.22671e-4 -0.003544986 0.005414664 4.5979e-4 -0.003564655 0.005419433 5.03637e-4 -0.003573238 0.005423069 5.40614e-4 -0.003575801 0.005426347 5.77856e-4 -0.003572463 0.005492031 5.74585e-4 -0.003439545 0.00657916 -0.001067578 -0.003497064 0.006506145 -5.24856e-4 -0.003528058 0.006339013 -9.94019e-5 -0.00354588 0.006110191 2.27429e-4 -0.003555297 0.005909919 4.04112e-4 -0.003563165 0.005710303 5.12432e-4 -0.003240287 0.006368756 -0.001036286 -0.003285109 0.006373941 -0.001044511 -0.003330588 0.006390571 -0.001052618 -0.003368496 0.006415784 -0.001058995 -0.003397345 0.006445825 -0.001063525 -0.00341916 0.006480753 -0.001066625 -0.003434956 0.006525754 -0.001068294 -0.003439128 0.006552994 -0.001068234 -0.003468155 0.005589127 3.49909e-4 -0.003449857 0.005776941 2.53327e-4 -0.003435969 0.005901575 1.55196e-4 -0.003418684 0.00602734 1.96546e-5 -0.003397822 0.006133317 -1.36331e-4 -0.003368794 0.006226897 -3.27408e-4 -0.003333926 0.006298363 -5.39511e-4 -0.0032925 0.006346642 -7.74056e-4 -0.003365039 0.006393313 -9.18649e-4 -0.003384292 0.00640738 -9.20549e-4 -0.003395199 0.006417036 -9.21436e-4 -0.003438413 0.00639832 -6.70575e-4 -0.003452956 0.006372332 -5.45822e-4 -0.003465533 0.006340563 -4.30167e-4 -0.003484964 0.006266772 -2.33382e-4 -0.003494024 0.006217062 -1.31927e-4 -0.003501415 0.006165623 -4.32059e-5 -0.003513038 0.006058037 1.04167e-4 -0.00351876 0.005990982 1.77674e-4 -0.003525316 0.005901157 2.59779e-4 -0.003529727 0.005833208 3.11371e-4 -0.003534972 0.005745768 3.66293e-4 -0.003540694 0.005643129 4.15884e-4 -0.003545939 0.005545973 4.49255e-4 -0.003198921 0.006375908 -0.001328408 -0.003248095 0.006381332 -0.001323223 -0.003294527 0.006397724 -0.001318395 -0.003335773 0.006424367 -0.001314103 -0.00336641 0.006456375 -0.001310884 -0.00339055 0.0064978 -0.001308321 -0.003403484 0.006540298 -0.00130701 -0.003406405 0.006584882 -0.001306712 -0.003240287 0.006368756 -0.001036286 -0.003285109 0.006373941 -0.001044511 -0.003330588 0.006390571 -0.001052618 -0.003368496 0.006415784 -0.001058995 -0.003397345 0.006445825 -0.001063525 -0.00341916 0.006480753 -0.001066625 -0.003434956 0.006525754 -0.001068294 -0.003439128 0.006552994 -0.001068234 -0.003439545 0.00657916 -0.001067578 0.004865407 0.008288323 4.70087e-4 0.00486207 0.008244991 4.63091e-4 0.004854857 0.008206069 4.47854e-4 0.004843354 0.008169412 4.23476e-4 0.004826426 0.008136093 3.87728e-4 0.004806756 0.008113086 3.46217e-4 0.004789888 0.008102476 3.1054e-4 0.004772067 0.008098781 2.72844e-4 0.005535006 0.008098781 -4.02853e-5 0.006025314 0.008098781 -1.11464e-4 0.006384253 0.008098781 -7.3038e-5 0.00677371 0.008098781 5.92172e-5 0.007086396 0.008098781 2.25168e-4 0.007410407 0.008098781 4.4693e-4 0.008084833 0.008288323 0.001294672 0.00772202 0.008166372 9.02433e-4 0.007089614 0.008288323 4.75131e-4 0.006607651 0.008288323 2.16365e-4 0.006230711 0.008288323 1.1906e-4 0.005908727 0.008288323 1.1339e-4 0.005427777 0.008288323 2.19289e-4 0.005143523 0.008288323 3.32162e-4 0.00497657 0.008153676 3.36085e-4 0.004983067 0.008169293 3.5087e-4 0.004988431 0.008185029 3.62962e-4 0.005342841 0.008154511 1.77473e-4 0.00548923 0.008154511 1.28571e-4 0.005736112 0.008154451 6.87465e-5 0.005966365 0.008153676 4.24385e-5 0.006133437 0.008153676 4.37647e-5 0.006299197 0.008154034 6.25178e-5 0.006495535 0.008154034 1.07594e-4 0.006676018 0.008155405 1.74358e-4 0.00682646 0.008154571 2.43731e-4 0.007071256 0.008154571 3.86041e-4 0.007228255 0.008153676 4.91895e-4 0.004865407 0.008288323 4.70087e-4 0.004284679 0.008288323 8.59018e-4 0.003776967 0.008288323 0.001362383 0.003366887 0.008288323 0.001955628 0.003361046 0.008246004 0.001951575 0.003346562 0.008203744 0.001941442 0.003323197 0.008165121 0.00192511 0.003292381 0.008133709 0.001903593 0.003256797 0.008111953 0.001878738 0.003225803 0.00810194 0.001857101 0.003195464 0.008098781 0.001835882 0.003626883 0.008098781 0.001211643 0.004161119 0.008098781 6.82056e-4 0.004772067 0.008098781 2.72844e-4 0.00486207 0.008244991 4.63091e-4 0.004854857 0.008206069 4.47854e-4 0.004843354 0.008169412 4.23476e-4 0.004826426 0.008136093 3.87728e-4 0.004806756 0.008113086 3.46217e-4 0.004789888 0.008102476 3.1054e-4 0.004256963 0.008172273 8.19311e-4 0.003985822 0.008172273 0.001064062 0.00374329 0.008172273 0.001328527 0.003366887 0.008288323 0.001955628 0.002797007 0.008288323 0.002738833 0.002097964 0.008288323 0.003339231 0.001338005 0.008288323 0.003734171 4.948e-4 0.008288323 0.003947556 -3.76731e-4 0.008288323 0.003958702 -0.001217901 0.008288323 0.00377345 -0.001978933 0.008288323 0.003422021 -0.002427637 0.008288323 0.003114998 -0.002820074 0.008288323 0.002768039 -0.00281465 0.008241236 0.002761542 -0.00280267 0.008199214 0.002747058 -0.002786159 0.008164703 0.002727091 -0.00276494 0.008136153 0.002701461 -0.002740561 0.008115291 0.002672016 -0.002713978 0.008102715 0.002639949 -0.002687871 0.008098781 0.002608418 -0.00193566 0.008098781 0.003201603 -0.001107871 0.008098781 0.003583192 -2.7936e-4 0.008098781 0.003748476 5.73821e-4 0.008098781 0.003713965 0.001390576 0.008098781 0.003476798 0.002115666 0.008098781 0.003062307 0.002711296 0.008098781 0.002516686 0.002975046 0.008098781 0.002183437 0.003195464 0.008098781 0.001835882 0.003361046 0.008246004 0.001951575 0.003346562 0.008203744 0.001941442 0.003323197 0.008165121 0.00192511 0.003292381 0.008133709 0.001903593 0.003256797 0.008111953 0.001878738 0.003225803 0.00810194 0.001857101 -0.002614974 0.008198976 0.00292319 -0.00260955 0.008185029 0.002915799 -0.00260365 0.008172273 0.002907693 -0.002210795 0.008172273 0.003216743 -0.001983404 0.008172273 0.003364145 -0.001621901 0.008172273 0.00355798 -0.001176595 0.008172273 0.003736436 -7.66985e-4 0.008172273 0.003847599 -3.2977e-4 0.008172273 0.003914117 1.00963e-4 0.008172273 0.00392872 5.44965e-4 0.008172273 0.003890812 9.67182e-4 0.008172273 0.003803133 0.001386821 0.008172273 0.003662109 0.001771569 0.008172273 0.003480255 0.002139985 0.008172273 0.003251373 0.002499341 0.008172273 0.002965211 0.0027951 0.008172273 0.002670228 0.002940058 0.008172273 0.002500593 0.003219306 0.008172273 0.002110958 0.003201305 0.008149623 0.00209701 0.003181576 0.008131444 0.002081751 -0.002820074 0.008288323 0.002768039 -0.002883791 0.008259952 0.002707481 -0.0028764 0.008218228 0.0026955 -0.002863466 0.008178472 0.002674698 -0.002845466 0.008144259 0.002645611 -0.002823352 0.008118987 0.002609968 -0.002799272 0.008103847 0.002571105 -0.002775132 0.008098781 0.002532184 -0.002687871 0.008098781 0.002608418 -0.00281465 0.008241236 0.002761542 -0.00280267 0.008199214 0.002747058 -0.002786159 0.008164703 0.002727091 -0.00276494 0.008136153 0.002701461 -0.002740561 0.008115291 0.002672016 -0.002713978 0.008102715 0.002639949 -0.002883791 0.008259952 0.002707481 -0.0028764 0.008218228 0.0026955 -0.002863466 0.008178472 0.002674698 -0.002845466 0.008144259 0.002645611 -0.002823352 0.008118987 0.002609968 -0.002799272 0.008103847 0.002571105 -0.002775132 0.008098781 0.002532184 -0.002962946 0.008238554 0.002655923 -0.003031194 0.008221328 0.002631902 -0.003078937 0.008209943 0.002625703 -0.003129005 0.008198857 0.002629518 -0.003171801 0.008190274 0.002643287 -0.003204941 0.008184731 0.00266391 -0.003231644 0.00818175 0.002692759 -0.003248631 0.008181691 0.002726078 -0.003256201 0.008183836 0.002757847 -0.003257274 0.00818789 0.002791106 -0.003286778 0.008138537 0.002702653 -0.003302514 0.008108735 0.00261116 -0.003305435 0.008101284 0.002564251 -0.003305077 0.008098781 0.002516627 -0.003235876 0.008098781 0.002468585 -0.003193795 0.008098781 0.002449929 -0.003132879 0.008098781 0.002433955 -0.003066897 0.008098781 0.002428472 -0.003002107 0.008098781 0.002432942 -0.002940535 0.008098781 0.002446353 -0.002880454 0.008098781 0.002468705 -0.002827167 0.008098781 0.002496778 -0.002954721 0.00813657 0.002575576 -0.002997219 0.008133709 0.002559483 -0.003020405 0.008132398 0.002553462 -0.003044784 0.008131146 0.002548992 -0.003075242 0.008129298 0.002545595 -0.003100216 0.008128106 0.002545595 -0.003132939 0.008126378 0.002548456 -0.003156006 0.008125364 0.002553403 -0.003172338 0.008124649 0.002558469 0.004772067 0.001998782 2.72844e-4 0.00479561 0.001992285 3.22636e-4 0.004817008 0.001974105 3.6782e-4 0.004834651 0.001947283 4.05129e-4 0.004847943 0.001915574 4.33169e-4 0.004858314 0.001875817 4.55111e-4 0.00486344 0.001840889 4.65933e-4 0.004865407 0.001809239 4.70087e-4 0.005417168 0.001809239 2.22914e-4 0.005878746 0.001809239 1.16259e-4 0.00622642 0.001809239 1.18524e-4 0.00654155 0.001809239 1.92143e-4 0.006919503 0.001809239 3.6864e-4 0.007339298 0.001809239 6.55595e-4 0.008084833 0.001809239 0.001294672 0.007410407 0.001998782 4.4693e-4 0.007588028 0.001970946 7.23504e-4 0.007835984 0.001892924 0.001038372 0.00674951 0.001998782 4.86076e-5 0.006298363 0.001998782 -8.98466e-5 0.005943894 0.001998782 -1.08618e-4 0.00560218 0.001998782 -5.71832e-5 0.00520271 0.001998782 7.04229e-5 0.005038142 0.001954972 2.90453e-4 0.005031406 0.001966416 2.74517e-4 0.005325138 0.001943171 1.83895e-4 0.005515277 0.001943111 1.20781e-4 0.005752801 0.001943171 6.57588e-5 0.005913078 0.001943886 4.55081e-5 0.006093561 0.001943886 4.18723e-5 0.006257116 0.001943945 5.57601e-5 0.006421625 0.001943886 8.70898e-5 0.006630659 0.001942098 1.55963e-4 0.006825447 0.001942098 2.44319e-4 0.007143139 0.001943826 4.3248e-4 0.007354259 0.001943826 5.85217e-4 0.00745064 0.00189948 7.07287e-4 0.004772067 0.001998782 2.72844e-4 0.004161119 0.001998782 6.82056e-4 0.003626883 0.001998782 0.001211643 0.003195464 0.001998782 0.001835882 0.003236174 0.00199306 0.001864314 0.003277003 0.001974761 0.001892805 0.003310322 0.001947462 0.00191611 0.003334879 0.001915514 0.001933276 0.003352761 0.001878976 0.001945734 0.003362715 0.001843929 0.001952707 0.003366887 0.001809239 0.001955628 0.003776967 0.001809239 0.001362383 0.004284679 0.001809239 8.59018e-4 0.004865407 0.001809239 4.70087e-4 0.00479561 0.001992285 3.22636e-4 0.004817008 0.001974105 3.6782e-4 0.004834651 0.001947283 4.05129e-4 0.004847943 0.001915574 4.33169e-4 0.004858314 0.001875817 4.55111e-4 0.00486344 0.001840889 4.65933e-4 0.00374329 0.001925289 0.001328527 0.003985822 0.001925289 0.001064062 0.004256963 0.001925289 8.19311e-4 0.003195464 0.001998782 0.001835882 0.002637028 0.001998782 0.002598404 0.001948595 0.001998782 0.003178179 0.001200199 0.001998782 0.003551542 3.72842e-4 0.001998782 0.003740787 -4.76286e-4 0.001998782 0.003727197 -0.001287579 0.001998782 0.003520131 -0.002012133 0.001998782 0.003153502 -0.002369999 0.001998782 0.002894282 -0.002687871 0.001998782 0.002608418 -0.002719283 0.00199306 0.002646327 -0.002750754 0.001974761 0.002684354 -0.002776443 0.001947462 0.002715349 -0.002795398 0.001915514 0.002738237 -0.002809166 0.001878976 0.002754867 -0.002816855 0.001843929 0.002764165 -0.002820074 0.001809239 0.002768039 -0.002051115 0.001809239 0.003378212 -0.001207232 0.001809239 0.003777086 -3.61525e-4 0.001809239 0.003960251 5.13785e-4 0.001809239 0.003945052 0.001359224 0.001809239 0.003725945 0.002119421 0.001809239 0.003324687 0.002754628 0.001809239 0.002784073 0.003091871 0.001809239 0.002381086 0.003366887 0.001809239 0.001955628 0.003236174 0.00199306 0.001864314 0.003277003 0.001974761 0.001892805 0.003310322 0.001947462 0.00191611 0.003334879 0.001915514 0.001933276 0.003352761 0.001878976 0.001945734 0.003362715 0.001843929 0.001952707 0.003217816 0.001892685 0.002155423 0.003209352 0.001909852 0.002148687 0.003199934 0.001925289 0.002141296 0.002908587 0.001925289 0.002538979 0.002735316 0.001925289 0.002734959 0.002439439 0.001925289 0.003017842 0.002063333 0.001925289 0.003303945 0.001697838 0.001925289 0.003519356 0.001298189 0.001925289 0.00369662 8.85114e-4 0.001925289 0.003824234 4.49829e-4 0.001925289 0.003903567 1.61231e-5 0.001925289 0.003929793 -4.24728e-4 0.001925289 0.003904104 -8.48673e-4 0.001925289 0.0038293 -0.001265048 0.001925289 0.003705918 -0.001693844 0.001925289 0.003523111 -0.002058863 0.001925289 0.003317534 -0.002251684 0.001925289 0.003187954 -0.002630531 0.001925289 0.002883672 -0.002619564 0.001944184 0.00286895 -0.002607643 0.001960158 0.002852916 -0.002687871 0.001998782 0.002608418 -0.002775132 0.001998782 0.002532184 -0.002799272 0.001993715 0.002571105 -0.002823352 0.001978576 0.002609968 -0.002845466 0.001953303 0.002645611 -0.002863466 0.001919031 0.002674698 -0.0028764 0.001879274 0.0026955 -0.002883791 0.001837551 0.002707481 -0.002820074 0.001809239 0.002768039 -0.002719283 0.00199306 0.002646327 -0.002750754 0.001974761 0.002684354 -0.002776443 0.001947462 0.002715349 -0.002795398 0.001915514 0.002738237 -0.002809166 0.001878976 0.002754867 -0.002816855 0.001843929 0.002764165 -0.003257274 0.001909673 0.002791106 -0.003255069 0.001914381 0.002750515 -0.003248155 0.001915931 0.002724766 -0.003229558 0.001915633 0.002689838 -0.003201901 0.001912355 0.002661526 -0.003185272 0.001909673 0.00265032 -0.003166735 0.001906335 0.002641022 -0.00312215 0.001897215 0.002628266 -0.003079295 0.001887679 0.002625703 -0.003031611 0.001876294 0.002631843 -0.002959251 0.001857995 0.002657771 -0.002883791 0.001837551 0.002707481 -0.002775132 0.001998782 0.002532184 -0.002799272 0.001993715 0.002571105 -0.002823352 0.001978576 0.002609968 -0.002845466 0.001953303 0.002645611 -0.002863466 0.001919031 0.002674698 -0.0028764 0.001879274 0.0026955 -0.002860069 0.001998782 0.002478659 -0.00294888 0.001998782 0.002444326 -0.003041684 0.001998782 0.002429068 -0.003139317 0.001998782 0.00243473 -0.00321877 0.001998782 0.002459883 -0.003263413 0.001998782 0.002484738 -0.003305077 0.001998782 0.002516627 -0.003303349 0.001990675 0.002601861 -0.00329101 0.001966536 0.002684593 -0.003276646 0.001941621 0.002738416 -0.002955436 0.001960992 0.002575337 -0.003000617 0.001964032 0.002558469 -0.003035485 0.001965939 0.002550482 -0.003065943 0.001967728 0.002546191 -0.003102838 0.001969516 0.002545714 -0.003130733 0.001971006 0.002548217 -0.003161132 0.001972377 0.002554953 -0.003359615 0.008004009 0.001850605 -0.003420889 0.008004009 9.62347e-4 -0.003330349 0.008039116 0.002146065 -0.003319919 0.008054733 0.002174675 -0.003313481 0.008067429 0.002123951 -0.003268241 0.008098781 0.00172168 -0.003320991 0.008098781 9.57824e-4 -0.003414094 0.008035421 9.62045e-4 -0.003403246 0.008055686 9.6155e-4 -0.003386616 0.008074223 9.60805e-4 -0.003365933 0.008088111 9.59858e-4 -0.003344058 0.008096039 9.58875e-4 -0.003355681 0.008077979 0.001342475 -0.003372132 0.008062005 0.00134325 -0.003341495 0.008062005 0.001787364 0.001977801 0.008098781 -0.008300364 3.18021e-4 0.008098781 -0.007356703 -0.001161515 0.008098781 -0.005963385 -0.00232011 0.008098781 -0.004188895 -0.00305742 0.008098781 -0.002169132 -0.003311872 0.008098781 -5.9149e-4 -0.003320991 0.008098781 9.57824e-4 0.001968562 0.00809586 -0.008324861 0.0019598 0.008087337 -0.008347928 0.001952946 0.008075475 -0.008366167 0.001946747 0.008058667 -0.008382499 0.001942217 0.00803858 -0.00839442 0.001939117 0.008004009 -0.008402764 -0.003420889 0.008004009 9.62347e-4 -0.003305733 0.008004009 -0.001462042 -0.002686917 0.008004009 -0.003632485 -0.001717567 0.008004009 -0.005409359 -4.24236e-4 0.008004009 -0.006886839 7.21395e-4 0.008004009 -0.007764339 -0.003414094 0.008035421 9.62045e-4 -0.003403246 0.008055686 9.6155e-4 -0.003386616 0.008074223 9.60805e-4 -0.003365933 0.008088111 9.59858e-4 -0.003344058 0.008096039 9.58875e-4 0.001325011 0.008062005 -0.008086085 0.001322388 0.008054256 -0.008091747 0.001320123 0.00804615 -0.008096575 5.00061e-4 0.008062005 -0.007588922 -7.68378e-5 0.008062005 -0.007155537 -8.31619e-4 0.008062005 -0.0064556 -0.001467883 0.008062005 -0.005711436 -0.002069532 0.008062005 -0.00481826 -0.002533853 0.008062005 -0.003926813 -0.002931296 0.008062005 -0.002902626 -0.003215789 0.008062005 -0.001822412 -0.003346204 0.008062005 -0.001024067 -0.003406763 0.008077979 2.05159e-4 -0.003423273 0.008062005 2.04489e-4 0.00727415 0.008004009 -0.002211213 0.007344901 0.008004009 -3.62679e-4 0.007266998 0.008036136 -0.002211153 0.007249832 0.00806421 -0.002210974 0.00723493 0.008078217 -0.002210855 0.007217526 0.008088827 -0.002210736 0.007196426 0.008096218 -0.002210497 0.007174015 0.008098781 -0.002210319 0.007244765 0.008098781 -3.61815e-4 0.007338047 0.008035421 -3.6262e-4 0.007327198 0.008055686 -3.62523e-4 0.007310569 0.008074223 -3.62381e-4 0.007289826 0.008088111 -3.62203e-4 0.007267951 0.008096039 -3.62016e-4 0.007344901 0.008004009 -3.62679e-4 0.007338047 0.008035421 -3.6262e-4 0.007327198 0.008055686 -3.62523e-4 0.007310569 0.008074223 -3.62381e-4 0.007289826 0.008088111 -3.62203e-4 0.007267951 0.008096039 -3.62016e-4 0.007244765 0.008098781 -3.61815e-4 0.007410407 0.008098781 4.4693e-4 0.007303833 0.008098781 9.44138e-5 0.007264018 0.008098781 -1.31533e-4 0.007502615 0.008004486 4.0758e-4 0.007496178 0.008035838 4.10318e-4 0.007486164 0.008055925 4.14595e-4 0.007470846 0.008074402 4.21137e-4 0.007451772 0.008088171 4.29276e-4 0.007431685 0.008096098 4.37859e-4 0.007383346 0.008002519 -1.84551e-5 0.007433056 0.008002936 1.9658e-4 0.007306754 0.00808233 -2.49688e-4 0.007320582 0.008071362 -2.50563e-4 0.007341444 0.008071422 -7.60332e-5 0.007361054 0.008071422 3.31663e-5 0.007385909 0.008071422 1.42463e-4 0.007435798 0.008071482 3.13349e-4 0.007444024 0.008062005 3.1035e-4 0.00745064 0.008052289 3.07951e-4 0.007502615 0.008004486 4.0758e-4 0.007496178 0.008035838 4.10318e-4 0.007486164 0.008055925 4.14595e-4 0.007470846 0.008074402 4.21137e-4 0.007451772 0.008088171 4.29276e-4 0.007431685 0.008096098 4.37859e-4 0.007410407 0.008098781 4.4693e-4 0.008084833 0.008288323 0.001294672 0.00772202 0.008166372 9.02433e-4 0.008084833 0.008288323 0.001294672 0.007627964 0.008040249 6.85774e-4 0.007800161 0.008131444 9.66884e-4 0.007537186 0.00807321 5.53269e-4 0.007543623 0.008064687 5.51328e-4 0.007548809 0.008056104 5.49979e-4 -0.003268241 0.001998782 0.00172168 -0.003320991 0.001998782 9.57824e-4 -0.003313481 0.002030074 0.002123951 -0.003320097 0.002043187 0.002174913 -0.003330886 0.002059161 0.002142846 -0.003359615 0.002093553 0.001850605 -0.003420889 0.002093553 9.62347e-4 -0.003352701 0.002003967 9.59259e-4 -0.003373503 0.002013683 9.60208e-4 -0.003392934 0.002029299 9.61088e-4 -0.003407895 0.002049267 9.61762e-4 -0.003416955 0.002070605 9.62175e-4 -0.003372132 0.002035498 0.00134325 -0.003360331 0.002023339 0.001342713 -0.003348231 0.002014338 0.001342177 -0.003341495 0.002035498 0.001787364 0.001939117 0.002093553 -0.008402764 2.69376e-4 0.002093553 -0.007454991 -0.001220941 0.002093553 -0.006057322 -0.002391755 0.002093553 -0.004277229 -0.003142356 0.002093553 -0.002249062 -0.003409683 0.002093553 -6.29108e-4 -0.003420889 0.002093553 9.62347e-4 0.001941859 0.002061367 -0.008395493 0.001948475 0.002033293 -0.008377909 0.001956164 0.002015769 -0.008357524 0.001966238 0.002003312 -0.008330881 0.001977801 0.001998782 -0.008300364 -0.003320991 0.001998782 9.57824e-4 -0.003204762 0.001998782 -0.001452922 -0.002584934 0.001998782 -0.003609716 -0.001615226 0.001998782 -0.005372405 -3.23296e-4 0.001998782 -0.006833672 7.93226e-4 0.001998782 -0.007681429 -0.003352701 0.002003967 9.59259e-4 -0.003373503 0.002013683 9.60208e-4 -0.003392934 0.002029299 9.61088e-4 -0.003407895 0.002049267 9.61762e-4 -0.003416955 0.002070605 9.62175e-4 -0.003423273 0.002035498 1.93086e-4 -0.003430783 0.002045989 1.92769e-4 -0.00334382 0.002035498 -0.001043379 -0.003209412 0.002035498 -0.001853287 -0.002919197 0.002035498 -0.00293976 -0.002520442 0.002035498 -0.003956258 -0.002050161 0.002035498 -0.004850864 -0.00144881 0.002035498 -0.00573641 -8.06734e-4 0.002035498 -0.006481528 -5.37187e-5 0.002035498 -0.007174491 5.14232e-4 0.002035498 -0.007598638 0.001342952 0.002019226 -0.0080747 0.001335263 0.002035498 -0.008091449 0.007174015 0.001998782 -0.002210319 0.007244765 0.001998782 -3.61815e-4 0.007197976 0.002001643 -0.002210557 0.007220506 0.002010166 -0.002210736 0.007244527 0.00202763 -0.002210915 0.007262289 0.002051413 -0.002211093 0.007270574 0.002071797 -0.002211153 0.00727415 0.002093553 -0.002211213 0.007344901 0.002093553 -3.62679e-4 0.007276594 0.002003967 -3.62083e-4 0.007297456 0.002013683 -3.62262e-4 0.007316887 0.002029299 -3.62437e-4 0.007331907 0.002049267 -3.62568e-4 0.007340967 0.002070605 -3.62642e-4 0.007244765 0.001998782 -3.61815e-4 0.007276594 0.002003967 -3.62083e-4 0.007297456 0.002013683 -3.62262e-4 0.007316887 0.002029299 -3.62437e-4 0.007331907 0.002049267 -3.62568e-4 0.007340967 0.002070605 -3.62642e-4 0.007344901 0.002093553 -3.62679e-4 0.007502615 0.002093017 4.0758e-4 0.00740081 0.002094984 6.78375e-5 0.007363021 0.002094745 -1.48036e-4 0.007410407 0.001998782 4.4693e-4 0.007439613 0.002003908 4.34458e-4 0.007458806 0.002013564 4.26285e-4 0.007476687 0.00202912 4.18656e-4 0.007490456 0.002048909 4.12762e-4 0.007498919 0.002070188 4.09156e-4 0.007285416 0.001998782 4.5523e-6 0.007337629 0.001998782 2.27906e-4 0.007426798 0.002017855 3.17901e-4 0.007436156 0.002026081 3.14504e-4 0.00738573 0.002026081 1.41677e-4 0.007361114 0.00202614 3.35164e-5 0.007341444 0.00202614 -7.60257e-5 0.007320344 0.0020262 -2.5294e-4 0.007332026 0.002039432 -2.5367e-4 0.008084833 0.001809239 0.001294672 0.00780791 0.001961588 9.77535e-4 0.007646381 0.00204885 7.20382e-4 0.007564127 0.002082049 5.55038e-4 0.007502615 0.002093017 4.0758e-4 0.008084833 0.001809239 0.001294672 0.007410407 0.001998782 4.4693e-4 0.007588028 0.001970946 7.23504e-4 0.007835984 0.001892924 0.001038372 0.007439613 0.002003908 4.34458e-4 0.007458806 0.002013564 4.26285e-4 0.007476687 0.00202912 4.18656e-4 0.007490456 0.002048909 4.12762e-4 0.007498919 0.002070188 4.09156e-4 0.007596135 0.002012431 6.62677e-4 0.007515311 0.00203973 4.85912e-4 0.007505714 0.002027213 4.89347e-4 0.007625758 0.002003252 7.14757e-4 0.007707297 0.001973152 8.45864e-4 -0.003313481 0.002030074 0.002123951 -0.003288984 0.001998782 0.002146184 -0.003268241 0.001998782 0.00172168 -0.003268241 0.001998782 0.00172168 0.00272119 0.002498745 -0.008578419 0.002639949 0.003498792 -0.00861454 0.007198154 0.002498745 -0.003801345 0.006104052 0.002498745 -0.005783021 0.004730165 0.002498745 -0.007286965 0.003756642 0.002498745 -0.00801593 0.007260203 0.003498792 -0.003643751 0.004372417 0.003498792 -0.007580697 0.005866944 0.003498792 -0.006096243 0.006660282 0.003498792 -0.00491631 0.002639949 0.00659877 -0.00861454 0.00272119 0.007598757 -0.008578419 0.004372417 0.00659877 -0.007580697 0.005866944 0.00659877 -0.006096243 0.006660282 0.00659877 -0.00491631 0.007260203 0.00659877 -0.003643751 0.007198154 0.007598757 -0.003801345 0.00438553 0.007598757 -0.007570505 0.005827307 0.007598757 -0.006145954 0.006601631 0.007598757 -0.005018353 0.002639949 0.003498792 -0.00861454 0.002526879 0.003498792 -0.008648514 0.002420485 0.003498792 -0.008654236 0.002355813 0.003498792 -0.008645594 0.002293169 0.003498792 -0.008627831 0.00272119 0.002498745 -0.008578419 0.002393484 0.002238631 -0.008586645 0.002506375 0.002320349 -0.008614182 0.002616882 0.002408206 -0.008610427 0.002393484 0.002238631 -0.008586645 0.002407491 0.002221643 -0.008587658 0.002422392 0.002205729 -0.008583605 0.002437531 0.002191722 -0.008574604 0.002452194 0.002180159 -0.008561134 0.002506375 0.002320349 -0.008614182 0.002616882 0.002408206 -0.008610427 0.00272119 0.002498745 -0.008578419 0.00272119 0.002498745 -0.008578419 0.002543091 0.00228244 -0.008599042 0.002624392 0.00238198 -0.008605241 0.002674221 0.002443015 -0.008595883 0.002393484 0.002238631 -0.008586645 0.002279937 0.002164661 -0.008541405 0.002146661 0.002116739 -0.008488118 0.002047121 0.002099335 -0.008447647 0.001939117 0.002093553 -0.008402764 0.002407491 0.002221643 -0.008587658 0.002422392 0.002205729 -0.008583605 0.002437531 0.002191722 -0.008574604 0.002452194 0.002180159 -0.008561134 0.001977801 0.001998782 -0.008300364 0.00216782 0.002023816 -0.008409082 0.002318263 0.002083361 -0.008491694 0.002394735 0.002131223 -0.008531153 0.001941859 0.002061367 -0.008395493 0.001948475 0.002033293 -0.008377909 0.001956164 0.002015769 -0.008357524 0.001966238 0.002003312 -0.008330881 0.002002775 0.002042114 -0.008407294 0.002103149 0.002046287 -0.008442282 0.002154946 0.002058923 -0.008465349 0.002230465 0.002085506 -0.008499562 0.002298235 0.002117574 -0.008529543 0.002336323 0.002139091 -0.008545696 0.007174015 0.001998782 -0.002210319 0.00718528 0.00203526 -0.002898693 0.0072034 0.002152025 -0.003396332 0.007210671 0.002217233 -0.003532886 0.007214784 0.002261161 -0.00359565 0.007219314 0.002315163 -0.003652513 0.001977801 0.001998782 -0.008300364 0.003611981 0.001998782 -0.007481396 0.005083084 0.001998782 -0.006224572 0.006248533 0.001998782 -0.004617273 0.006803691 0.001998782 -0.003432929 0.00216782 0.002023816 -0.008409082 0.002318263 0.002083361 -0.008491694 0.002394735 0.002131223 -0.008531153 0.002452194 0.002180159 -0.008561134 0.002543091 0.00228244 -0.008599042 0.002624392 0.00238198 -0.008605241 0.002674221 0.002443015 -0.008595883 0.00272119 0.002498745 -0.008578419 0.007198154 0.002498745 -0.003801345 0.006104052 0.002498745 -0.005783021 0.004730165 0.002498745 -0.007286965 0.003756642 0.002498745 -0.00801593 0.007217407 0.002405881 -0.00372982 0.003143548 0.002088844 -0.008115291 0.003198564 0.00213319 -0.00815159 0.00375992 0.002198755 -0.007888317 0.004255414 0.002198755 -0.007538735 0.005028545 0.002198755 -0.006872117 0.005710542 0.002198755 -0.006127476 0.006324887 0.002198755 -0.005277454 0.006846249 0.00214529 -0.004237473 0.006871044 0.002198755 -0.004294037 0.007058858 0.002080559 -0.003535509 0.007078528 0.002102494 -0.003570795 0.007110834 0.00214529 -0.003622829 0.007174015 0.001998782 -0.002210319 0.007197976 0.002001643 -0.002210557 0.007220506 0.002010166 -0.002210736 0.007244527 0.00202763 -0.002210915 0.007262289 0.002051413 -0.002211093 0.007270574 0.002071797 -0.002211153 0.00727415 0.002093553 -0.002211213 0.00718528 0.00203526 -0.002898693 0.0072034 0.002152025 -0.003396332 0.007210671 0.002217233 -0.003532886 0.007214784 0.002261161 -0.00359565 0.007219314 0.002315163 -0.003652513 0.007233619 0.002346634 -0.003616333 0.007229208 0.002330303 -0.003634989 0.007244884 0.002143561 -0.003043711 0.00723493 0.002242982 -0.003440856 0.007233679 0.00229144 -0.003539919 0.007236063 0.002037882 -0.002552926 0.007229506 0.002080917 -0.002973556 0.007233619 0.002346634 -0.003616333 0.007229208 0.002330303 -0.003634989 0.007219314 0.002315163 -0.003652513 0.007217407 0.002405881 -0.00372982 0.007198154 0.002498745 -0.003801345 0.007198154 0.002498745 -0.003801345 0.007224738 0.002422332 -0.003710806 0.007233619 0.002346634 -0.003616333 0.007224738 0.002422332 -0.003710806 0.007198154 0.002498745 -0.003801345 0.007260203 0.003498792 -0.003643751 0.007300674 0.003498792 -0.003446638 0.00729072 0.003498792 -0.003535926 0.007277905 0.003498792 -0.003590524 0.002293169 0.00659877 -0.008627831 0.002396821 0.00659877 -0.008651852 0.002503097 0.00659877 -0.008651494 0.002572834 0.00659877 -0.008638143 0.002639949 0.00659877 -0.00861454 0.002393484 0.007858872 -0.008586645 0.00272119 0.007598757 -0.008578419 0.002616822 0.007689356 -0.008610427 0.002506315 0.007777214 -0.008614182 0.002393484 0.007858872 -0.008586645 0.002407491 0.007875859 -0.008587658 0.002422392 0.007891774 -0.008583605 0.002437531 0.00790584 -0.008574604 0.002452194 0.007917404 -0.008561134 0.001939117 0.008004009 -0.008402764 0.002114415 0.007987856 -0.008475124 0.002266108 0.007939517 -0.008535921 0.002332866 0.007903218 -0.008562445 0.001977801 0.008098781 -0.008300364 0.001968562 0.00809586 -0.008324861 0.0019598 0.008087337 -0.008347928 0.001952946 0.008075475 -0.008366167 0.001946747 0.008058667 -0.008382499 0.001942217 0.00803858 -0.00839442 0.002345919 0.007998585 -0.008506059 0.002186655 0.008068382 -0.008419752 0.002087891 0.008090496 -0.008363425 0.002012312 0.008078873 -0.008383154 0.002098262 0.008053183 -0.008439183 0.002147555 0.008040428 -0.00846225 0.002227067 0.008013784 -0.008497714 0.002304792 0.007976651 -0.008532226 0.002339243 0.00795561 -0.008547544 0.00272119 0.007598757 -0.008578419 0.00272119 0.007598757 -0.008578419 0.002616822 0.007689356 -0.008610427 0.002506315 0.007777214 -0.008614182 0.002393484 0.007858872 -0.008586645 0.002407491 0.007875859 -0.008587658 0.002422392 0.007891774 -0.008583605 0.002437531 0.00790584 -0.008574604 0.002452194 0.007917404 -0.008561134 0.00264132 0.007694661 -0.008603155 0.002552568 0.007803678 -0.008601129 0.002503991 0.007860839 -0.008586525 0.007174015 0.008098781 -0.002210319 0.007191538 0.008037328 -0.003054738 0.007203817 0.007953703 -0.003366708 0.007211863 0.007872343 -0.003538966 0.007215619 0.007828056 -0.003603398 0.007219314 0.007782399 -0.003652513 0.00727415 0.008004009 -0.002211213 0.007266998 0.008036136 -0.002211153 0.007249832 0.00806421 -0.002210974 0.00723493 0.008078217 -0.002210855 0.007217526 0.008088827 -0.002210736 0.007196426 0.008096218 -0.002210497 0.007233619 0.007750868 -0.003616333 0.007233679 0.007814645 -0.003527581 0.007235407 0.007869124 -0.003407359 0.00724858 0.007970273 -0.002924442 0.007229208 0.00776726 -0.003634989 0.007247984 0.008041381 -0.002570807 0.00724256 0.008049964 -0.002571225 0.007235705 0.008058547 -0.002571582 0.007229924 0.008013188 -0.002990067 0.00722742 0.00796169 -0.003237485 0.007174015 0.008098781 -0.002210319 0.006511032 0.008098781 -0.004113078 0.005406498 0.008098781 -0.005852162 0.00394237 0.008098781 -0.00725001 0.002978742 0.008098781 -0.007858574 0.001977801 0.008098781 -0.008300364 0.007191538 0.008037328 -0.003054738 0.007203817 0.007953703 -0.003366708 0.007211863 0.007872343 -0.003538966 0.007215619 0.007828056 -0.003603398 0.007219314 0.007782399 -0.003652513 0.007198154 0.007598757 -0.003801345 0.007217407 0.007691562 -0.003729879 0.00272119 0.007598757 -0.008578419 0.00438553 0.007598757 -0.007570505 0.005827307 0.007598757 -0.006145954 0.006601631 0.007598757 -0.005018353 0.00264132 0.007694661 -0.008603155 0.002552568 0.007803678 -0.008601129 0.002503991 0.007860839 -0.008586525 0.002452194 0.007917404 -0.008561134 0.002345919 0.007998585 -0.008506059 0.002186655 0.008068382 -0.008419752 0.002087891 0.008090496 -0.008363425 0.006920158 0.008013904 -0.003890395 0.006935119 0.007995069 -0.003922224 0.006964743 0.007952213 -0.003977119 0.006991684 0.007898747 -0.004031717 0.006700277 0.007898747 -0.004633009 0.006142199 0.007898747 -0.005552589 0.00572735 0.007898747 -0.006106793 0.0050686 0.007898747 -0.006832957 0.004244863 0.007898747 -0.007546782 0.003760457 0.007898747 -0.007887959 0.002803206 0.008004009 -0.00829643 0.002862334 0.007953822 -0.008337974 0.002917587 0.007898747 -0.008367896 0.007198154 0.007598757 -0.003801345 0.007198154 0.007598757 -0.003801345 0.007217407 0.007691562 -0.003729879 0.007219314 0.007782399 -0.003652513 0.007229208 0.00776726 -0.003634989 0.007233619 0.007750868 -0.003616333 0.007224738 0.00767517 -0.003710806 0.007260203 0.00659877 -0.003643751 0.00728619 0.00659877 -0.003557801 0.007295966 0.00659877 -0.003502547 0.007300674 0.00659877 -0.003446638 0.007198154 0.007598757 -0.003801345 0.007224738 0.00767517 -0.003710806 0.007233619 0.007750868 -0.003616333 0.002110242 0.003723084 -2.95945e-4 0.002144992 0.003735184 2.20276e-4 0.002058923 0.00374782 7.37555e-4 0.001858949 0.00375998 0.001214683 0.001858949 0.006337583 0.001214683 0.002058923 0.006349742 7.37555e-4 0.002144992 0.006362378 2.20276e-4 0.002110242 0.006374418 -2.95945e-4 0.002110242 0.008098781 -2.95945e-4 -0.002315044 0.008098781 5.20319e-4 -0.002153098 0.008098781 0.001037955 -0.001871943 0.008098781 0.001501858 -0.00148797 0.008098781 0.001884937 -0.001023471 0.008098781 0.002165019 -5.05432e-4 0.008098781 0.002325773 3.6031e-5 0.008098781 0.0023579 5.69448e-4 0.008098781 0.002259492 0.001063764 0.008098781 0.002036333 0.001490414 0.008098781 0.001701295 0.001824438 0.008098781 0.00127393 0.002046465 0.008098781 7.79089e-4 0.002143621 0.008098781 2.45452e-4 -0.002315044 0.001998782 5.20319e-4 0.002110242 0.001998782 -2.95945e-4 0.002143621 0.001998782 2.45452e-4 0.002046465 0.001998782 7.79089e-4 0.001824438 0.001998782 0.00127393 0.001490414 0.001998782 0.001701295 0.001063764 0.001998782 0.002036333 5.69448e-4 0.001998782 0.002259492 3.6031e-5 0.001998782 0.0023579 -5.05432e-4 0.001998782 0.002325773 -0.001023471 0.001998782 0.002165019 -0.00148797 0.001998782 0.001884937 -0.001871943 0.001998782 0.001501858 -0.002153098 0.001998782 0.001037955 0.001086294 0.01022273 0.01734238 3.92295e-4 0.009994208 0.01756948 -3.1428e-4 0.009587526 0.01786279 -9.54442e-4 0.009050428 0.01819074 -0.00147897 0.008441507 0.0185182 -0.001867473 0.007798373 0.01881319 -0.002127349 0.007105648 0.01905328 -0.002907752 0.007097005 0.01536887 -0.003491997 0.007097065 0.009676694 -0.003670871 0.007105171 0.003728091 0.001064598 0.01060825 0.00678128 -4.42177e-4 0.01023781 0.005759894 -0.001850247 0.009429395 0.00483638 -0.00295639 0.008364975 0.004139721 -0.003362834 0.007778525 0.003896832 9.9162e-4 0.0103361 0.01187741 -0.001318752 0.009695231 0.007154047 -0.0022192 0.009050965 0.006558597 -0.002373874 0.008862555 0.007472991 -0.001714348 0.009381175 0.007934331 -0.002933263 0.008299529 0.007068634 -7.95886e-4 0.009861469 0.00935626 -0.00159645 0.009267866 0.0109393 -0.001436889 0.009184062 0.01352751 -0.002252459 0.008594453 0.01243281 -0.001301527 0.009135007 0.01522487 -0.002821743 0.00831443 0.008765935 -0.002726435 0.008283257 0.01038974 -0.002377986 0.008217513 0.01447522 0.006181359 0.007681965 0.02984678 0.006341874 0.00667262 0.03014761 0.006051003 0.007672429 0.03010731 0.006051003 0.007672429 0.03010731 0.005720615 0.008382022 0.03003877 0.005334556 0.008880972 0.02994829 0.004859089 0.009284257 0.02982747 0.004272937 0.009625673 0.02967041 0.003350257 0.009975612 0.02941191 0.002486407 0.01017916 0.02916067 0.001585781 0.01032006 0.02889031 0.002950549 0.0101915 0.02552443 0.003045737 0.01018053 0.02526229 0.004102706 0.009955346 0.02690654 0.006181359 0.007681965 0.02984678 0.005996465 0.0083431 0.02954459 0.00575143 0.008845686 0.02917724 0.005472481 0.009202659 0.02877801 0.004813492 0.009685039 0.02786707 0.002505183 0.01026624 0.0206356 0.002377331 0.01027482 0.02272123 0.002583861 0.01025241 0.02401995 0.003045737 0.01018053 0.02526229 0.002995669 0.01028293 0.01706343 0.001893222 0.01030123 0.0171684 0.001086294 0.01022273 0.01734238 0.001026809 0.01026344 0.02083122 6.89551e-4 0.01036322 0.02467089 0.002950549 0.0101915 0.02552443 0.002995669 0.01028293 0.01706343 0.003438413 0.01036971 0.01386702 0.001893222 0.01030123 0.0171684 0.001086294 0.01022273 0.01734238 9.9162e-4 0.0103361 0.01187741 0.001064598 0.01060825 0.00678128 0.001296639 0.01064062 0.006940245 0.003555119 0.01047921 0.01131832 0.003181993 0.010589 0.009512245 0.002588272 0.01066559 0.008250653 0.002012968 0.01068651 0.007522702 0.00202167 0.01034349 0.01551216 -0.002127349 0.002991914 0.01905328 -0.002907752 0.003000557 0.01536887 -0.003491997 0.003000497 0.009676694 -0.003670871 0.002992391 0.003728091 -0.00333476 0.002271115 0.003913104 -0.00288248 0.0016433 0.00418502 -0.00218147 9.37407e-4 0.004624426 -0.001303255 2.93621e-4 0.005191028 -3.61085e-4 -1.72023e-4 0.005814075 3.44455e-4 -3.85355e-4 0.00628966 0.001064598 -5.10658e-4 0.00678128 0.001086294 -1.25153e-4 0.01734238 9.91635e-4 -2.38344e-4 0.01188194 3.92295e-4 1.03371e-4 0.01756948 -3.1428e-4 5.1002e-4 0.01786279 -9.54442e-4 0.001047134 0.01819074 -0.00147897 0.001656055 0.0185182 -0.001867473 0.002299129 0.01881319 -0.001067817 2.60233e-4 0.007311999 -0.001523911 5.29412e-4 0.007012724 -0.002026677 8.89156e-4 0.006679713 -0.001714348 7.16384e-4 0.007934331 -0.002041161 9.57214e-4 0.007709443 -0.002340435 0.001205444 0.007496893 -0.002719819 0.001565814 0.007223308 -0.003060817 0.001950919 0.006976366 -7.95849e-4 2.36201e-4 0.009357869 -0.001596331 8.29805e-4 0.0109418 -0.00143671 9.13596e-4 0.01352989 -0.00225234 0.001503109 0.01243448 -0.001301407 9.62594e-4 0.01522636 -0.002821743 0.001783072 0.008765935 -0.002726316 0.001814305 0.01039111 -0.002377867 0.001880049 0.01447635 0.006181359 0.002415597 0.02984678 0.006051003 0.002425074 0.03010731 0.006341874 0.003424882 0.03014761 0.003045916 -8.29413e-5 0.02526259 0.004102706 1.42197e-4 0.02690654 0.004957795 4.9153e-4 0.02806419 0.005530178 9.57299e-4 0.02885961 0.005781292 0.001300096 0.02922081 0.005923926 0.001575767 0.02943319 0.00607109 0.001978456 0.02966272 0.006181359 0.002415597 0.02984678 0.006051003 0.002425074 0.03010731 0.005720615 0.00171554 0.03003877 0.005334556 0.00121653 0.02994829 0.004859089 8.13297e-4 0.02982747 0.004272937 4.71863e-4 0.02967041 0.003350257 1.2196e-4 0.02941191 0.002486407 -8.15913e-5 0.02916067 0.001585781 -2.22497e-4 0.02889031 0.002950549 -9.39425e-5 0.02552443 0.003680527 1.46743e-4 0.02885007 0.002505183 -1.68666e-4 0.0206356 0.002995669 -1.8539e-4 0.01706343 0.001893222 -2.03687e-4 0.0171684 0.001086294 -1.25153e-4 0.01734238 0.001026809 -1.65846e-4 0.02083116 6.89551e-4 -2.65676e-4 0.02467089 0.002950549 -9.39425e-5 0.02552443 0.003045916 -8.29413e-5 0.02526259 0.002526223 -1.61944e-4 0.02378255 0.002364277 -1.78228e-4 0.02221244 0.001086294 -1.25153e-4 0.01734238 9.91635e-4 -2.38344e-4 0.01188194 0.001064598 -5.10658e-4 0.00678128 0.001296639 -5.43052e-4 0.006940245 0.001996397 -5.88827e-4 0.007506012 0.00256288 -5.70001e-4 0.008211195 0.002986192 -5.24058e-4 0.009004294 0.003364443 -4.50841e-4 0.01014596 0.003567516 -3.73219e-4 0.01147383 0.003570437 -3.16127e-4 0.01267307 0.003438413 -2.72147e-4 0.01386702 0.002995669 -1.8539e-4 0.01706343 0.001893222 -2.03687e-4 0.0171684 0.00202167 -2.45924e-4 0.01551216 0.006341874 0.00667262 0.03014761 0.006404221 0.005059242 0.03037256 0.006051003 0.007672429 0.03010731 0.005222618 0.007596909 0.03210943 0.004747807 0.007532894 0.03398472 0.005099952 0.005876779 0.03392624 0.005099952 0.004220724 0.03392624 0.004747807 0.002564668 0.03398472 0.006051003 0.002425074 0.03010731 0.005222558 0.002500653 0.03210943 0.006341874 0.003424882 0.03014761 0.006404221 0.005038321 0.03037256 -0.002127349 0.007105648 0.01905328 -0.002263903 0.006463348 0.01919263 -0.002342104 0.005769968 0.01927244 -0.002367556 0.005048751 0.01929843 -0.003974854 0.005048751 0.003654539 -0.003789722 0.005048751 0.009895741 -0.00314939 0.005048751 0.01581162 -0.003974854 0.005059242 0.003654181 -0.003670871 0.007105171 0.003728091 -0.003848493 0.006438791 0.003649413 -0.003943741 0.005754709 0.003629148 -0.002907752 0.007097005 0.01536887 -0.003491997 0.007097065 0.009676694 -0.003430902 0.006162822 0.01302725 -0.003974854 0.005038321 0.003654181 -0.003974854 0.005048751 0.003654539 -0.003920078 0.004117071 0.003630459 -0.003825664 0.003548324 0.003657877 -0.003670871 0.002992391 0.003728091 -0.002127349 0.002991914 0.01905328 -0.002907752 0.003000557 0.01536887 -0.003491997 0.003000497 0.009676694 -0.002263903 0.003634214 0.01919263 -0.002342104 0.004327535 0.01927244 -0.002367556 0.005048751 0.01929843 -0.003789722 0.005048751 0.009895741 -0.00314939 0.005048751 0.01581162 -0.003430902 0.003934741 0.01302725 0.001585781 0.01032006 0.02889031 8.42564e-4 0.01040554 0.02860277 3.83377e-4 0.01043331 0.02830821 -7.89091e-5 0.01043313 0.02788323 6.89551e-4 0.01036322 0.02467089 0.002950549 0.0101915 0.02552443 -0.001665174 0.00710535 0.02375161 -9.60894e-4 0.008792757 0.02402412 -4.11548e-4 0.009633898 0.02423906 6.86571e-5 0.01009023 0.02442663 3.98695e-4 0.01028287 0.02455592 5.51894e-4 0.01033771 0.0246163 6.89551e-4 0.01036322 0.02467089 -0.002127349 0.007105648 0.01905328 -0.001650393 0.00710529 0.02078223 -0.001519858 0.007105231 0.02223342 0.001086294 0.01022273 0.01734238 3.92295e-4 0.009994208 0.01756948 -3.1428e-4 0.009587526 0.01786279 -9.54442e-4 0.009050428 0.01819074 -0.00147897 0.008441507 0.0185182 -0.001867473 0.007798373 0.01881319 0.001026809 0.01026344 0.02083122 4.58136e-4 0.01001518 0.018884 1.22704e-4 0.009830594 0.01896256 -7.53343e-4 0.009031951 0.0197007 3.03432e-4 0.01009643 0.02309429 -2.70158e-5 0.009846389 0.02295958 -0.001071751 0.008336007 0.02135241 -6.89447e-4 0.009031832 0.02073645 -6.68019e-4 0.00903517 0.02175301 -7.30865e-4 0.008960723 0.02266937 1.32397e-4 0.009880781 0.02135479 -0.002127349 0.007105648 0.01905328 -0.001650393 0.00710529 0.02078223 -0.001519858 0.007105231 0.02223342 -0.001665174 0.00710535 0.02375161 -0.002648353 0.007105588 0.0263015 -0.002095758 0.007105469 0.02517139 -0.002977907 0.005048751 0.02624088 -0.002898752 0.006121754 0.02625542 -0.002367556 0.005048751 0.01929843 -0.001887619 0.005048751 0.02134215 -0.001927673 0.005048751 0.023301 -0.002355933 0.005048751 0.02492904 -0.002263903 0.006463348 0.01919263 -0.002342104 0.005769968 0.01927244 -0.002648353 0.007105588 0.0263015 -0.002085864 0.00834304 0.02651518 -0.001253604 0.009600877 0.02697116 -8.18387e-4 0.01005512 0.02725213 -5.10946e-4 0.01028972 0.02747708 -3.10659e-4 0.01039016 0.02764761 -1.82651e-4 0.01042419 0.02777278 -7.89091e-5 0.01043313 0.02788323 -0.002095758 0.007105469 0.02517139 -0.001665174 0.00710535 0.02375161 -9.60894e-4 0.008792757 0.02402412 -4.11548e-4 0.009633898 0.02423906 6.86571e-5 0.01009023 0.02442663 3.98695e-4 0.01028287 0.02455592 5.51894e-4 0.01033771 0.0246163 6.89551e-4 0.01036322 0.02467089 0.001585781 0.01032006 0.02889031 6.83852e-4 0.01033639 0.03142619 3.61577e-4 0.01033025 0.03310322 2.16879e-4 0.01030623 0.03451746 8.42564e-4 0.01040554 0.02860277 3.83377e-4 0.01043331 0.02830821 -7.89091e-5 0.01043313 0.02788323 -0.001942396 0.01042467 0.03475409 -0.00126785 0.0104618 0.03150016 -0.005519926 0.005048751 0.04064661 -0.005495309 0.005048751 0.03588956 -0.004862487 0.005048751 0.03146404 -0.004088878 0.005048751 0.02876895 -0.002977907 0.005048751 0.02624088 -0.005224823 0.007105588 0.04049104 -0.005392551 0.006463348 0.04057949 -0.005488634 0.005769968 0.04063016 -0.005154788 0.007145166 0.03510612 -0.005312442 0.007139921 0.03783702 -0.002648353 0.007105588 0.0263015 -0.003864765 0.007111549 0.02907949 -0.004687309 0.007129609 0.03205966 -0.002898752 0.006121754 0.02625542 -0.001942396 0.01042467 0.03475409 -0.00126785 0.0104618 0.03150016 -7.89091e-5 0.01043313 0.02788323 -0.002648353 0.007105588 0.0263015 -0.002085864 0.00834304 0.02651518 -0.001253604 0.009600877 0.02697116 -8.18387e-4 0.01005512 0.02725213 -5.10946e-4 0.01028972 0.02747708 -3.10659e-4 0.01039016 0.02764761 -1.82651e-4 0.01042419 0.02777278 -0.003864765 0.007111549 0.02907949 -0.004687309 0.007129609 0.03205966 -0.005154788 0.007145166 0.03510612 -0.002796411 0.01031917 0.0348491 -0.003204584 0.01017171 0.034895 -0.003655493 0.009889483 0.0349456 -0.004019975 0.009530663 0.03498613 -0.004426836 0.008932769 0.03503054 -0.004799783 0.008138537 0.03506994 -0.003073513 0.01016247 0.03361177 -0.002507925 0.01034575 0.03297698 -0.002733647 0.01026284 0.03297305 -0.003736317 0.009368658 0.03271424 -0.004589855 0.008140265 0.03358149 -0.004714608 0.007826387 0.03358471 -0.003495156 0.009256303 0.03158217 -0.001357913 0.01026159 0.02925086 -0.003782451 0.008399367 0.03074491 -0.003048837 0.009219229 0.03019279 -0.002484261 0.009347498 0.02905797 -0.002800405 0.008206903 0.02780997 -0.00253266 0.01021659 0.03191614 -0.002410829 0.01018607 0.03139847 -0.002191245 0.0101732 0.03076422 -0.002652406 0.009930431 0.03101366 -0.001915752 0.01020413 0.03024017 -0.002178132 0.009294867 0.0453152 -1.64509e-4 0.009180307 0.04509454 -0.002388596 0.01012241 0.04004567 -0.002359688 0.009779453 0.04275023 -0.001942396 0.01042467 0.03475409 2.16879e-4 0.01030623 0.03451746 -2.52977e-4 0.009631276 0.04258066 -1.72585e-4 0.009983241 0.03982776 2.16879e-4 0.01030623 0.03451746 0.001961112 0.009898841 0.03432518 0.003377556 0.009193122 0.03416377 0.004164159 0.008532822 0.03406798 0.004551291 0.007998824 0.03401559 0.004663169 0.00776267 0.03399854 0.004747807 0.007532894 0.03398472 0.001585781 0.01032006 0.02889031 6.83852e-4 0.01033639 0.03142619 3.61577e-4 0.01033025 0.03310322 0.006051003 0.007672429 0.03010731 0.005720615 0.008382022 0.03003877 0.005334556 0.008880972 0.02994829 0.004859089 0.009284257 0.02982747 0.004272937 0.009625673 0.02967041 0.003350257 0.009975612 0.02941191 0.002486407 0.01017916 0.02916067 0.005222618 0.007596909 0.03210943 0.005233883 0.008484005 0.03089898 0.002084434 0.009945809 0.03310185 -0.003413259 0.005048751 0.04719066 -0.004426717 0.005048751 0.04528069 -0.005239069 0.005048751 0.04262208 -0.005519926 0.005048751 0.04064661 -0.003432512 0.006747722 0.04699426 -0.003870844 0.007060468 0.04624927 -0.003664195 0.007032394 0.04659879 -0.003558814 0.006983995 0.04676532 -0.003496766 0.006931304 0.04686439 -0.003464043 0.006884992 0.04691988 -0.003444194 0.00683695 0.04695802 -0.003434836 0.006789028 0.04698169 -0.004616618 0.007080972 0.04432618 -0.005071938 0.007096827 0.04206365 -0.005224823 0.007105588 0.04049104 -0.005392551 0.006463348 0.04057949 -0.005488634 0.005769968 0.04063016 -0.001942396 0.01042467 0.03475409 -0.002388596 0.01012241 0.04004567 -0.002796411 0.01031917 0.0348491 -0.003204584 0.01017171 0.034895 -0.003655493 0.009889483 0.0349456 -0.004019975 0.009530663 0.03498613 -0.004426836 0.008932769 0.03503054 -0.004799783 0.008138537 0.03506994 -0.005154788 0.007145166 0.03510612 -0.005312442 0.007139921 0.03783702 -0.005224823 0.007105588 0.04049104 -0.003042697 0.01005172 0.04007178 -0.00345987 0.009899854 0.04010766 -0.003854155 0.009634733 0.04015386 -0.004169702 0.009306907 0.04020112 -0.004539728 0.008749783 0.04027235 -0.004887402 0.008015394 0.04036319 -0.005063056 0.007780075 0.03922098 -0.004948675 0.008072793 0.03916126 -0.004915177 0.008128404 0.03638947 -0.005034029 0.007821381 0.0364266 -0.004326701 0.009173154 0.03960853 -0.004079878 0.009581744 0.03816503 -0.004325032 0.009301304 0.03707951 -0.004557907 0.0089311 0.03686702 -0.004229068 0.009335339 0.03562331 -0.003267586 0.01007151 0.039052 -0.002909183 0.01024752 0.03765273 -0.0031448 0.01021504 0.03644353 0.002459526 0.006727039 0.04529011 0.002634704 0.005048751 0.04527223 0.002459526 0.003370463 0.04529011 0.002437233 0.003260195 0.04528325 0.002426266 0.00318861 0.04526072 0.00241816 0.003103435 0.04520988 0.002416372 0.003025889 0.0451368 0.002420663 0.002970039 0.04505914 0.002430558 0.002931356 0.04497575 0.002440392 0.002915501 0.04491758 0.002452075 0.002907693 0.04486083 0.002465069 0.002904772 0.04480415 0.004747807 0.002564668 0.03398472 0.004747807 0.007532894 0.03398472 0.005099952 0.005876779 0.03392624 0.005099952 0.004220724 0.03392624 0.002465069 0.00719273 0.04480415 0.002430558 0.007166147 0.04497575 0.002440512 0.00718218 0.04491686 0.002452313 0.007189989 0.0448597 0.002437829 0.00683391 0.04528403 0.002426385 0.006908357 0.04526078 0.00241816 0.00699377 0.04521006 0.002416372 0.007071614 0.04513686 0.002420723 0.007127702 0.04505866 0.002756178 0.005048751 0.04477399 0.00361365 0.004797875 0.04114902 0.003990411 0.005820453 0.03934288 0.00456655 0.004248797 0.03663223 -1.64509e-4 0.009180307 0.04509454 9.69879e-4 0.008825302 0.04497045 0.001681447 0.008397638 0.04489314 0.002088665 0.007991671 0.04484856 0.002319812 0.007605493 0.04482221 0.002399504 0.007403314 0.0448125 0.002465069 0.00719273 0.04480415 -2.52977e-4 0.009631276 0.04258066 -1.72585e-4 0.009983241 0.03982776 2.16879e-4 0.01030623 0.03451746 0.001961112 0.009898841 0.03432518 0.003377556 0.009193122 0.03416377 0.004164159 0.008532822 0.03406798 0.004551291 0.007998824 0.03401559 0.004663169 0.00776267 0.03399854 0.004747807 0.007532894 0.03398472 0.003707826 0.008629679 0.03588181 0.003526091 0.008800208 0.03590375 0.003194689 0.009065091 0.03594261 0.002598643 0.009442269 0.03601044 0.002999782 0.009061217 0.03684419 0.002823948 0.009182274 0.03686404 0.002636849 0.009300231 0.03688502 0.002200841 0.009539067 0.03693336 0.001622021 0.009792149 0.03699707 0.003113627 0.008397758 0.03946894 0.002357184 0.008232891 0.04306769 0.002105534 0.008682787 0.04221743 0.002217352 0.008376061 0.04308313 0.001957416 0.008790075 0.0422331 0.001798987 0.008894383 0.04224973 0.001620233 0.008725762 0.04364025 0.001836717 0.008477568 0.04403734 0.001312613 0.008904814 0.0436728 0.001191139 0.009211659 0.04235047 0.001462399 0.008735597 0.04407715 9.32612e-4 0.009084165 0.04371327 0.00177896 0.009374618 0.03961563 0.001796305 0.009221434 0.04049265 -0.001802802 0.006730198 0.04829055 -0.001180529 0.006727099 0.04846727 -3.4824e-4 0.006726741 0.04852807 1.94386e-4 0.00672698 0.04849481 -0.002178132 0.009294867 0.0453152 -0.002086937 0.009057283 0.04613733 -0.001995682 0.008657455 0.04687333 -0.001916885 0.008129298 0.04746443 -0.001858592 0.0075863 0.04788446 -0.00182265 0.007117867 0.04814374 -1.64509e-4 0.009180307 0.04509454 1.78032e-4 0.007145524 0.04836326 1.46151e-4 0.007576286 0.04809987 9.98899e-5 0.007995486 0.04770982 3.92944e-5 0.008400917 0.04718428 -2.98172e-5 0.008745193 0.04655486 -1.01604e-4 0.00900489 0.0458396 -0.003870844 0.007060468 0.04624927 -0.003872454 0.007122874 0.04623013 -0.003773987 0.007922768 0.04599493 -0.003626227 0.008354604 0.04584652 -0.003379762 0.008768081 0.0456767 -0.003138244 0.009005367 0.045556 -0.002873301 0.009158372 0.04545742 -0.002548336 0.009253263 0.04537302 -0.002178132 0.009294867 0.0453152 -0.004616618 0.007080972 0.04432618 -0.005071938 0.007096827 0.04206365 -0.005224823 0.007105588 0.04049104 -0.002388596 0.01012241 0.04004567 -0.003042697 0.01005172 0.04007178 -0.00345987 0.009899854 0.04010766 -0.003854155 0.009634733 0.04015386 -0.004169702 0.009306907 0.04020112 -0.004539728 0.008749783 0.04027235 -0.004887402 0.008015394 0.04036319 -0.002359688 0.009779453 0.04275023 -0.003333032 0.009812712 0.0413984 -0.004232168 0.009038388 0.04161345 -0.004841744 0.007995843 0.04108059 -0.004950106 0.007724046 0.0411005 -0.003070414 0.009421706 0.04416918 -0.004540979 0.008169293 0.04305732 -0.0042243 0.008895695 0.04244661 -0.004104852 0.008807182 0.04347175 -0.003892362 0.008820176 0.0442726 -0.004142343 0.007906556 0.0451613 -0.003390431 0.009610831 0.04257786 -0.003352046 0.009543299 0.04305189 -0.003668606 0.009394705 0.04285728 -0.001802802 0.006730198 0.04829055 -0.002288579 0.006734788 0.04805475 -0.002845466 0.006740748 0.04764217 -0.003432512 0.006747722 0.04699426 -0.001770675 0.005048751 0.04852455 -0.001778483 0.005913197 0.04846757 -0.003413259 0.005048751 0.04719066 -0.002838611 0.005048751 0.04786521 -0.002282798 0.005048751 0.0482949 0.002634704 0.005048751 0.04527223 0.002081215 0.005048751 0.04691743 0.001632928 0.005048751 0.04767078 0.001132607 0.005048751 0.04822343 7.22393e-4 0.005048751 0.04850751 4.51542e-4 0.005048751 0.04861968 2.16931e-4 0.005048751 0.04867357 0.002459526 0.006727039 0.04529011 1.94386e-4 0.00672698 0.04849481 5.4758e-4 0.006727039 0.0484004 9.1055e-4 0.006727278 0.04819494 0.001254439 0.006727576 0.04788768 0.001589655 0.006727874 0.04746669 0.001981258 0.006727993 0.04676491 0.002264142 0.006727695 0.04601585 0.002459526 0.006727039 0.04529011 0.002437829 0.00683391 0.04528403 0.002426385 0.006908357 0.04526078 0.00241816 0.00699377 0.04521006 0.002416372 0.007071614 0.04513686 0.002420723 0.007127702 0.04505866 0.002430558 0.007166147 0.04497575 1.94386e-4 0.00672698 0.04849481 5.4758e-4 0.006727039 0.0484004 9.1055e-4 0.006727278 0.04819494 0.001254439 0.006727576 0.04788768 0.001589655 0.006727874 0.04746669 0.001981258 0.006727993 0.04676491 0.002264142 0.006727695 0.04601585 1.78032e-4 0.007145524 0.04836326 1.46151e-4 0.007576286 0.04809987 9.98899e-5 0.007995486 0.04770982 3.92944e-5 0.008400917 0.04718428 -2.98172e-5 0.008745193 0.04655486 -1.01604e-4 0.00900489 0.0458396 -1.64509e-4 0.009180307 0.04509454 9.69879e-4 0.008825302 0.04497045 0.001681447 0.008397638 0.04489314 0.002088665 0.007991671 0.04484856 0.002319812 0.007605493 0.04482221 0.002399504 0.007403314 0.0448125 0.002465069 0.00719273 0.04480415 0.002440512 0.00718218 0.04491686 0.002452313 0.007189989 0.0448597 0.001492321 0.007731139 0.04678225 0.001710593 0.007131159 0.04705053 -0.001802802 0.006730198 0.04829055 -0.001180529 0.006727099 0.04846727 -3.4824e-4 0.006726741 0.04852807 1.94386e-4 0.00672698 0.04849481 2.16931e-4 0.005048751 0.04867357 -0.001770675 0.005048751 0.04852455 -0.001068413 0.005048751 0.04867297 -2.86736e-4 0.005048751 0.04871022 -0.001778483 0.005913197 0.04846757 -0.001802802 0.006730198 0.04829055 -0.002288579 0.006734788 0.04805475 -0.002845466 0.006740748 0.04764217 -0.003432512 0.006747722 0.04699426 -0.003870844 0.007060468 0.04624927 -0.003664195 0.007032394 0.04659879 -0.003558814 0.006983995 0.04676532 -0.003496766 0.006931304 0.04686439 -0.003464043 0.006884992 0.04691988 -0.003444194 0.00683695 0.04695802 -0.003434836 0.006789028 0.04698169 -0.003872454 0.007122874 0.04623013 -0.003773987 0.007922768 0.04599493 -0.003626227 0.008354604 0.04584652 -0.003379762 0.008768081 0.0456767 -0.003138244 0.009005367 0.045556 -0.002873301 0.009158372 0.04545742 -0.002548336 0.009253263 0.04537302 -0.002178132 0.009294867 0.0453152 -0.002086937 0.009057283 0.04613733 -0.001995682 0.008657455 0.04687333 -0.001916885 0.008129298 0.04746443 -0.001858592 0.0075863 0.04788446 -0.00182265 0.007117867 0.04814374 -0.002720415 0.008949518 0.04617208 -0.002646923 0.008782386 0.04650855 -0.002813518 0.008706748 0.0465117 -0.003187537 0.008102536 0.04674655 -0.003007292 0.007765233 0.0471369 6.89551e-4 -2.65676e-4 0.02467089 0.002950549 -9.39425e-5 0.02552443 0.001585781 -2.22497e-4 0.02889031 8.42564e-4 -3.08e-4 0.02860277 3.8337e-4 -3.35739e-4 0.02830821 -7.89091e-5 -3.35584e-4 0.02788323 -0.001770675 0.005048751 0.04852455 -0.001778483 0.004184305 0.04846757 -0.001802802 0.003367304 0.04829055 -0.001180529 0.003370404 0.04846727 -3.4824e-4 0.003370761 0.04852807 1.94386e-4 0.003370523 0.04849481 2.16931e-4 0.005048751 0.04867357 -0.001068413 0.005048751 0.04867297 -2.86736e-4 0.005048751 0.04871022 0.002430558 0.002931356 0.04497575 0.002440392 0.002915501 0.04491758 0.002452075 0.002907693 0.04486083 0.002465069 0.002904772 0.04480415 0.002459526 0.003370463 0.04529011 0.002437233 0.003260195 0.04528325 0.002426266 0.00318861 0.04526072 0.00241816 0.003103435 0.04520988 0.002416372 0.003025889 0.0451368 0.002420663 0.002970039 0.04505914 1.94386e-4 0.003370523 0.04849481 5.4758e-4 0.003370463 0.0484004 9.1055e-4 0.003370225 0.04819494 0.001254439 0.003369927 0.04788768 0.001589655 0.003369629 0.04746669 0.001981258 0.00336951 0.04676491 0.002264142 0.003369808 0.04601585 1.78032e-4 0.002951979 0.04836326 1.46151e-4 0.002521216 0.04809987 9.98899e-5 0.002102017 0.04770982 3.92944e-5 0.001696586 0.04718428 -2.98172e-5 0.00135231 0.04655486 -1.01604e-4 0.001092672 0.0458396 -1.64509e-4 9.17275e-4 0.04509454 9.69879e-4 0.001272201 0.04497045 0.001681447 0.001699864 0.04489314 0.002088665 0.002105832 0.04484856 0.002319812 0.00249207 0.04482221 0.002399504 0.002694189 0.0448125 0.001492321 0.002366423 0.04678225 0.001710593 0.002966403 0.04705053 0.002459526 0.003370463 0.04529011 0.002634704 0.005048751 0.04527223 1.94386e-4 0.003370523 0.04849481 5.4758e-4 0.003370463 0.0484004 9.1055e-4 0.003370225 0.04819494 0.001254439 0.003369927 0.04788768 0.001589655 0.003369629 0.04746669 0.001981258 0.00336951 0.04676491 0.002264142 0.003369808 0.04601585 2.16931e-4 0.005048751 0.04867357 0.002081215 0.005048751 0.04691743 0.001632928 0.005048751 0.04767078 0.001132607 0.005048751 0.04822343 7.22393e-4 0.005048751 0.04850751 4.51542e-4 0.005048751 0.04861968 -0.003413259 0.005048751 0.04719066 -0.003432512 0.00334984 0.04699426 -0.001802802 0.003367304 0.04829055 -0.002432525 0.003361225 0.04796463 -0.003021061 0.003354847 0.04747331 -0.001770675 0.005048751 0.04852455 -0.001778483 0.004184305 0.04846757 -0.002838611 0.005048751 0.04786521 -0.002282798 0.005048751 0.0482949 -0.002178132 8.02707e-4 0.0453152 -0.002086937 0.001040279 0.04613733 -0.001995682 0.001440107 0.04687333 -0.001916885 0.001968204 0.04746443 -0.001858592 0.002511203 0.04788446 -0.00182265 0.002979636 0.04814374 -0.001802802 0.003367304 0.04829055 -0.002432525 0.003361225 0.04796463 -0.003021061 0.003354847 0.04747331 -0.003432512 0.00334984 0.04699426 -0.003870844 0.003037035 0.04624927 -0.003660559 0.003066182 0.04660463 -0.003558993 0.003113389 0.04676502 -0.003497242 0.003165543 0.04686355 -0.003464221 0.003212213 0.04691958 -0.003444731 0.003258764 0.04695683 -0.003435373 0.003304302 0.04698002 -0.003872454 0.002974629 0.04623013 -0.003773987 0.002174794 0.04599493 -0.003626227 0.001742959 0.04584652 -0.003474712 0.001461267 0.045735 -0.003285527 0.001222491 0.04562544 -0.003060102 0.001037597 0.0455237 -0.002831935 9.22455e-4 0.0454446 -0.002524793 8.401e-4 0.04536819 -0.002598404 0.002076804 0.04728549 -0.003452301 0.002905964 0.04688024 -0.002913951 0.001455128 0.04651457 -0.003008365 0.001531362 0.04651749 -0.003097176 0.0016191 0.04652017 -0.002388596 -2.4877e-5 0.04004567 -0.002359688 3.18131e-4 0.04275017 -0.002178132 8.02707e-4 0.0453152 -0.003870844 0.003037035 0.04624927 -0.003872454 0.002974629 0.04623013 -0.003773987 0.002174794 0.04599493 -0.003626227 0.001742959 0.04584652 -0.003474712 0.001461267 0.045735 -0.003285527 0.001222491 0.04562544 -0.003060102 0.001037597 0.0455237 -0.002831935 9.22455e-4 0.0454446 -0.002524793 8.401e-4 0.04536819 -0.004616618 0.003016591 0.04432612 -0.005071938 0.003000736 0.04206365 -0.005224823 0.002991914 0.04049104 -0.003042697 4.58313e-5 0.04007178 -0.00345987 1.97685e-4 0.04010766 -0.003854155 4.62815e-4 0.04015386 -0.004169702 7.90657e-4 0.04020112 -0.004539728 0.00134778 0.04027235 -0.004887402 0.002082109 0.04036319 -0.003333032 2.84869e-4 0.0413984 -0.004232168 0.001059114 0.04161345 -0.004841744 0.002101719 0.04108059 -0.004950106 0.002373516 0.04110044 -0.002993285 6.48443e-4 0.04415041 -0.004540979 0.001928269 0.04305732 -0.0042243 0.001201808 0.04244655 -0.004104852 0.00129038 0.04347175 -0.003233671 8.69179e-4 0.04468077 -0.003154158 7.10662e-4 0.04419106 -0.003931581 0.001332104 0.04429042 -0.003390431 4.86745e-4 0.0425778 -0.003352046 5.54245e-4 0.04305189 -0.003668606 7.02846e-4 0.04285722 1.94386e-4 0.003370523 0.04849481 1.78032e-4 0.002951979 0.04836326 1.46151e-4 0.002521216 0.04809987 9.98899e-5 0.002102017 0.04770982 3.92944e-5 0.001696586 0.04718428 -2.98172e-5 0.00135231 0.04655486 -1.01604e-4 0.001092672 0.0458396 -1.64509e-4 9.17275e-4 0.04509454 -0.001802802 0.003367304 0.04829055 -0.001180529 0.003370404 0.04846727 -3.4824e-4 0.003370761 0.04852807 -0.002178132 8.02707e-4 0.0453152 -0.002086937 0.001040279 0.04613733 -0.001995682 0.001440107 0.04687333 -0.001916885 0.001968204 0.04746443 -0.001858592 0.002511203 0.04788446 -0.00182265 0.002979636 0.04814374 0.004747807 0.002564668 0.03398472 0.002465069 0.002904772 0.04480415 -1.64509e-4 9.17275e-4 0.04509454 9.69879e-4 0.001272201 0.04497045 0.001681447 0.001699864 0.04489314 0.002088665 0.002105832 0.04484856 0.002319812 0.00249207 0.04482221 0.002399504 0.002694189 0.0448125 -2.52977e-4 4.66292e-4 0.04258066 -1.72585e-4 1.14335e-4 0.03982776 2.16879e-4 -2.08689e-4 0.03451746 0.001961112 1.98734e-4 0.03432518 0.003377556 9.04414e-4 0.03416377 0.004164159 0.001564681 0.03406798 0.004551291 0.002098679 0.03401559 0.004663169 0.002334833 0.03399854 0.003707826 0.001467883 0.03588181 0.003526091 0.001297295 0.03590375 0.003194689 0.001032412 0.03594261 0.002598643 6.5527e-4 0.03601044 0.002999782 0.001036345 0.03684419 0.002823948 9.15293e-4 0.03686404 0.002636849 7.9732e-4 0.03688502 0.002200841 5.58496e-4 0.03693336 0.001622021 3.05428e-4 0.03699707 0.003113627 0.001699805 0.03946894 0.002357184 0.001864671 0.04306769 0.002105534 0.001414716 0.04221743 0.002217352 0.001721441 0.04308313 0.001957416 0.001307427 0.0422331 0.001798987 0.001203179 0.04224973 0.001620233 0.001371741 0.04364025 0.001836717 0.001619935 0.04403734 0.001312613 0.001192688 0.0436728 0.001191139 8.8589e-4 0.04235047 0.001462399 0.001361966 0.04407715 9.32612e-4 0.001013398 0.04371327 0.00177896 7.22961e-4 0.03961563 0.001796305 8.76144e-4 0.04049265 -0.001942396 -3.27092e-4 0.03475409 -0.002796411 -2.21622e-4 0.0348491 -0.003204584 -7.41645e-5 0.034895 -0.003655493 2.08095e-4 0.0349456 -0.004019975 5.66873e-4 0.03498613 -0.004426836 0.001164734 0.03503054 -0.004799783 0.001959025 0.03506994 -0.005154788 0.002952337 0.03510612 -0.005312442 0.002957582 0.03783702 -0.005224823 0.002991914 0.04049104 -0.002388596 -2.4877e-5 0.04004567 -0.003042697 4.58313e-5 0.04007178 -0.00345987 1.97685e-4 0.04010766 -0.003854155 4.62815e-4 0.04015386 -0.004169702 7.90657e-4 0.04020112 -0.004539728 0.00134778 0.04027235 -0.004887402 0.002082109 0.04036319 -0.005063056 0.002317428 0.03922098 -0.004948675 0.002024769 0.03916126 -0.004915177 0.001969158 0.03638947 -0.005034029 0.002276122 0.0364266 -0.004326701 9.24383e-4 0.03960853 -0.004079878 5.15792e-4 0.03816503 -0.004325032 7.96257e-4 0.03707951 -0.004557907 0.001166403 0.03686702 -0.004229068 7.62205e-4 0.03562331 -0.003267586 2.60584e-5 0.039052 -0.002909183 -1.49972e-4 0.03765273 -0.0031448 -1.1749e-4 0.03644353 -0.003413259 0.005048751 0.04719066 -0.003432512 0.00334984 0.04699426 -0.003870844 0.003037035 0.04624927 -0.003660559 0.003066182 0.04660463 -0.003558993 0.003113389 0.04676502 -0.003497242 0.003165543 0.04686355 -0.003464221 0.003212213 0.04691958 -0.003444731 0.003258764 0.04695683 -0.003435373 0.003304302 0.04698002 -0.004616618 0.003016591 0.04432612 -0.005071938 0.003000736 0.04206365 -0.005224823 0.002991914 0.04049104 -0.005392551 0.003634214 0.04057949 -0.005488634 0.004327535 0.04063016 -0.005519926 0.005048751 0.04064661 -0.004426717 0.005048751 0.04528069 -0.005239069 0.005048751 0.04262208 0.006051003 0.002425074 0.03010731 0.005222558 0.002500653 0.03210943 0.004747807 0.002564668 0.03398472 2.16879e-4 -2.08689e-4 0.03451746 0.001961112 1.98734e-4 0.03432518 0.003377556 9.04414e-4 0.03416377 0.004164159 0.001564681 0.03406798 0.004551291 0.002098679 0.03401559 0.004663169 0.002334833 0.03399854 0.001585781 -2.22497e-4 0.02889031 6.83859e-4 -2.38842e-4 0.03142619 3.61569e-4 -2.32696e-4 0.03310322 0.005720615 0.00171554 0.03003877 0.005334556 0.00121653 0.02994829 0.004859089 8.13297e-4 0.02982747 0.004272937 4.71863e-4 0.02967041 0.003350257 1.2196e-4 0.02941191 0.002486407 -8.15913e-5 0.02916067 0.005233883 0.001613497 0.03089898 0.002084434 1.51767e-4 0.03310185 -1.64509e-4 9.17275e-4 0.04509454 -2.52977e-4 4.66292e-4 0.04258066 -1.72585e-4 1.14335e-4 0.03982776 2.16879e-4 -2.08689e-4 0.03451746 -0.002178132 8.02707e-4 0.0453152 -0.002388596 -2.4877e-5 0.04004567 -0.002359688 3.18131e-4 0.04275017 -0.001942396 -3.27092e-4 0.03475409 -0.002648353 0.002991914 0.0263015 -0.002085864 0.001754462 0.02651518 -0.001253604 4.9671e-4 0.02697116 -8.18387e-4 4.24157e-5 0.02725213 -5.10946e-4 -1.92148e-4 0.02747708 -3.10659e-4 -2.92574e-4 0.02764761 -1.82651e-4 -3.26636e-4 0.02777278 -7.89091e-5 -3.35584e-4 0.02788323 -0.003864765 0.002985954 0.02907949 -0.004687309 0.002967953 0.03205966 -0.005154788 0.002952337 0.03510612 -0.001942396 -3.27092e-4 0.03475409 -0.002796411 -2.21622e-4 0.0348491 -0.003204584 -7.41645e-5 0.034895 -0.003655493 2.08095e-4 0.0349456 -0.004019975 5.66873e-4 0.03498613 -0.004426836 0.001164734 0.03503054 -0.004799783 0.001959025 0.03506994 -0.00126785 -3.64244e-4 0.03150016 -0.003073513 -6.48927e-5 0.03361177 -0.002507925 -2.48168e-4 0.03297698 -0.002733647 -1.65284e-4 0.03297305 -0.003736317 7.28931e-4 0.03271424 -0.004589855 0.001957297 0.03358149 -0.004714608 0.002271115 0.03358471 -0.003495156 8.41283e-4 0.03158217 -0.001357913 -1.64059e-4 0.02925086 -0.003782451 0.001698136 0.03074491 -0.003048837 8.78304e-4 0.03019279 -0.002484261 7.50061e-4 0.02905797 -0.002800405 0.001890659 0.02780997 -0.00253266 -1.19038e-4 0.03191614 -0.002410829 -8.85292e-5 0.03139847 -0.002191245 -7.5615e-5 0.03076422 -0.002652406 1.67154e-4 0.03101366 -0.001915752 -1.0657e-4 0.03024017 -0.005224823 0.002991914 0.04049104 -0.005392551 0.003634214 0.04057949 -0.005488634 0.004327535 0.04063016 -0.005519926 0.005048751 0.04064661 -0.005154788 0.002952337 0.03510612 -0.005312442 0.002957582 0.03783702 -0.002648353 0.002991914 0.0263015 -0.003864765 0.002985954 0.02907949 -0.004687309 0.002967953 0.03205966 -0.002977907 0.005048751 0.02624088 -0.002898752 0.003975808 0.02625542 -0.005495309 0.005048751 0.03588956 -0.004862487 0.005048751 0.03146404 -0.004088878 0.005048751 0.02876895 0.001585781 -2.22497e-4 0.02889031 8.42564e-4 -3.08e-4 0.02860277 3.8337e-4 -3.35739e-4 0.02830821 -7.89091e-5 -3.35584e-4 0.02788323 -0.001942396 -3.27092e-4 0.03475409 -0.00126785 -3.64244e-4 0.03150016 2.16879e-4 -2.08689e-4 0.03451746 6.83859e-4 -2.38842e-4 0.03142619 3.61569e-4 -2.32696e-4 0.03310322 -7.89091e-5 -3.35584e-4 0.02788323 6.89551e-4 -2.65676e-4 0.02467089 -0.002648353 0.002991914 0.0263015 -0.002085864 0.001754462 0.02651518 -0.001253604 4.9671e-4 0.02697116 -8.18387e-4 4.24157e-5 0.02725213 -5.10946e-4 -1.92148e-4 0.02747708 -3.10659e-4 -2.92574e-4 0.02764761 -1.82651e-4 -3.26636e-4 0.02777278 -0.002095758 0.002992093 0.02517139 -0.001665174 0.002992212 0.02375161 -9.60894e-4 0.001304805 0.02402412 -4.11548e-4 4.63669e-4 0.02423906 6.86571e-5 7.33742e-6 0.02442663 3.98695e-4 -1.85304e-4 0.02455592 5.51894e-4 -2.40159e-4 0.0246163 -0.002127349 0.002991914 0.01905328 -0.002263903 0.003634214 0.01919263 -0.002342104 0.004327535 0.01927244 -0.002367556 0.005048751 0.01929843 -0.001650393 0.002992212 0.02078223 -0.001519858 0.002992272 0.02223342 -0.001665174 0.002992212 0.02375161 -0.002648353 0.002991914 0.0263015 -0.002095758 0.002992093 0.02517139 -0.002977907 0.005048751 0.02624088 -0.002898752 0.003975808 0.02625542 -0.001887619 0.005048751 0.02134215 -0.001927673 0.005048751 0.023301 -0.002355933 0.005048751 0.02492904 0.001086294 -1.25153e-4 0.01734238 0.001026809 -1.65846e-4 0.02083116 6.89551e-4 -2.65676e-4 0.02467089 -0.001665174 0.002992212 0.02375161 -9.60894e-4 0.001304805 0.02402412 -4.11548e-4 4.63669e-4 0.02423906 6.86571e-5 7.33742e-6 0.02442663 3.98695e-4 -1.85304e-4 0.02455592 5.51894e-4 -2.40159e-4 0.0246163 -0.002127349 0.002991914 0.01905328 -0.001650393 0.002992212 0.02078223 -0.001519858 0.002992272 0.02223342 3.92295e-4 1.03371e-4 0.01756948 -3.1428e-4 5.1002e-4 0.01786279 -9.54442e-4 0.001047134 0.01819074 -0.00147897 0.001656055 0.0185182 -0.001867473 0.002299129 0.01881319 4.58136e-4 8.23983e-5 0.018884 1.22704e-4 2.66945e-4 0.01896256 -7.53343e-4 0.001065552 0.0197007 3.0344e-4 1.14925e-6 0.02309429 -2.70158e-5 2.5119e-4 0.02295958 -0.001071751 0.001761496 0.02135241 -6.89447e-4 0.001065731 0.02073645 -6.68019e-4 0.001062393 0.02175301 -7.30865e-4 0.001136839 0.02266937 1.32397e-4 2.168e-4 0.02135473</float_array>
          <technique_common>
            <accessor source="#ָ¼୽񋴲¿·Մ-mesh-positions-array" count="4768" stride="3">
              <param name="X" type="float"/>
              <param name="Y" type="float"/>
              <param name="Z" type="float"/>
            </accessor>
          </technique_common>
        </source>
        <source id="ָ¼୽񋴲¿·Մ-mesh-normals">
          <float_array id="ָ¼୽񋴲¿·Մ-mesh-normals-array" count="13566">0.9577284 -0.08178377 -0.275804 0.5500059 -0.00406146 0.8351509 0.9816801 -0.05972737 -0.1809331 0.9148741 0.06096434 -0.3991101 0.8975758 -0.06254738 -0.436401 0.9112602 0.03408479 0.4104184 0.8305048 0.05887651 -0.5538911 0.8177016 -0.0569725 -0.572816 0.9817858 0.05688619 -0.1812746 0.7121416 0.05431121 -0.6999319 0.7121306 -0.05400097 -0.6999671 -0.3325437 0.9415401 0.0540114 -0.1759218 0.9820991 0.06732827 -0.2683741 0.9615874 0.05766355 -0.4074115 0.9122168 0.04331904 -0.1939665 0.9790787 0.06149905 -0.4987961 0.865817 0.03954243 -0.5409932 0.8405408 0.02859449 -0.8435721 0.5359225 -0.03425401 -0.8454259 0.5326657 -0.03901612 -0.8475819 0.5292415 -0.03884088 -0.8509834 0.5237318 -0.03914552 -0.8532451 0.520015 -0.03946429 -0.8551992 0.516757 -0.03996056 -0.8568439 0.5139853 -0.04046815 -0.941922 0.331272 -0.05515396 -0.8687087 0.4932521 -0.0452494 -0.8794123 0.4734498 -0.04979407 -0.8605476 0.5076528 -0.04179543 -0.6391075 0.7688148 0.02158254 -0.6364891 0.7711439 0.01479101 -0.7460311 0.6659063 0.002552032 -0.7172384 0.6968269 -0.001220583 -0.8542523 0.5195963 -0.01651769 -0.810473 0.5852757 -0.02421051 -0.8304535 0.5563566 -0.02854192 -0.943224 0.3312134 -0.02502596 -0.8373593 0.545784 -0.03081089 -0.8417928 0.5388076 -0.03273165 -0.8429735 0.5369082 -0.03354901 -0.9924969 0.1079846 -0.05735164 -0.9419519 0.3311864 -0.05515795 -0.9924758 0.107894 -0.05788588 -0.9937644 0.1077939 -0.02851474 -0.943268 0.3310819 -0.02510809 -0.9969232 0.05259281 -0.05812114 -0.9957509 0.05269342 -0.07552301 -0.996945 0.05260139 -0.05773895 -0.9958271 0.05268311 -0.07451838 -0.9969199 0.05263501 -0.05814242 -0.9761198 0.2044029 -0.07355099 -0.9419567 0.331175 -0.05514198 -0.9414787 0.3291795 -0.07251769 -0.9924624 0.1080481 -0.05782842 -0.9913756 0.1081563 -0.07400554 -0.9415715 0.3289164 -0.07250607 -0.8953853 0.4403429 -0.06620794 -0.8985933 0.4328786 -0.07173776 -0.9419122 0.3313009 -0.05514699 -0.8794455 0.473387 -0.04980605 -0.01144307 0.9965304 0.0824393 0.1351246 0.9867073 0.09027791 0.02842932 0.9956225 0.08903771 -0.06227201 0.9951652 0.07594966 0.285899 0.9546123 0.08352875 0.2304539 0.9707874 0.06680691 -0.07055878 0.9956577 0.06072396 -0.09973424 0.9923931 0.07217496 -0.1148194 0.990846 0.07099837 -0.01515704 0.9980867 0.05994379 -0.1659442 0.984259 0.06080079 -0.1290532 0.989174 0.06985843 -0.1413154 0.9875602 0.06895601 -0.1941934 0.9790371 0.06144517 -0.1491764 0.9864241 0.06865817 -0.1571644 0.9852141 0.06820958 -0.1673064 0.9835746 0.06774717 -0.1758686 0.9821022 0.06742101 0.01487916 0.9982022 0.05806308 0.03510379 0.9978493 0.05535906 0.04965436 0.9974457 0.05134838 0.05521953 0.99735 0.04736804 0.05517828 0.9975847 0.04219269 0.1958383 0.9794115 0.04899466 0.05212283 0.9982038 0.0295369 0.1916636 0.978393 0.07753962 0.1350193 0.9866268 0.0913105 0.2858964 0.9546129 0.08353054 0.2463747 0.9654556 0.0848239 0.1690602 0.9827576 0.07487565 0.1495499 0.9861322 0.07196015 0.02869427 0.9956507 0.08863741 0.0284112 0.995577 0.08955073 0.1320174 0.9888789 0.06848293 0.1177912 0.9909275 0.06471568 0.05314952 0.997193 0.05273902 0.1040207 0.992729 0.06057101 0.07760655 0.9955738 0.05301141 0.4209313 0.9037362 0.07796055 0.6536307 0.7527163 0.07864522 0.57359 0.8155583 0.07654595 0.6727274 0.7333975 0.09780633 0.8655597 0.4878055 0.1133676 0.9422119 0.3110803 0.1243616 0.7291927 0.6777094 0.09480488 0.5969097 0.7983154 0.07994824 0.5768737 0.8118664 0.0899434 0.4764539 0.8764375 0.06963634 0.3170511 0.9465736 0.0589686 0.1958521 0.9794093 0.04898583 0.5809353 0.8087865 0.09153515 0.5104277 0.8556074 0.08602035 -0.7832762 0.5332624 0.3195461 0.2024418 0.5321404 0.8220974 0.7531791 0.6502115 0.09973078 0.9427699 0.3163972 0.105251 0.7076607 0.7012793 0.08616131 0.8676379 0.4878149 0.0961306 0.6152312 0.7839452 0.08319056 0.5379272 0.8392573 0.07925605 0.47746 0.8752802 0.0769208 0.2860053 0.9545825 0.08350545 0.6083485 0.7895997 0.08027774 0.7466874 0.6598021 0.08437436 0.4646065 0.8818544 0.08045881 0.9315056 0.3166882 0.1789022 0.9776799 0.1066494 0.1810195 0.9778574 0.106603 0.1800854 0.9718769 0.2088995 0.1087033 0.9859073 0.1060256 0.1294046 0.9881861 0.1061005 0.1105932 0.9422665 0.3108878 0.1244292 0.9428067 0.3162959 0.1052262 0.968506 0.2031145 0.1440162 0.9198403 0.1081761 0.3770834 0.8590647 0.2216029 0.461411 0.8696255 0.1095857 0.4813964 0.8418062 0.3351808 0.4231029 0.9024567 0.3224745 0.2856262 0.9524685 0.1075022 0.2850388 0.9777278 0.1064999 0.1808491 0.9314928 0.3167324 0.1788908 0.1528227 0.9881361 0.01524132 0.1654407 0.9861066 0.01494306 0.3486167 0.935634 0.055278 0.5927275 0.7991514 0.100156 0.4911151 0.8663584 0.09071445 0.6686772 0.7318741 0.1312678 0.8186259 0.5511226 0.1616035 0.497994 0.8634167 0.08070766 0.4748074 0.8770149 0.07350355 0.4189116 0.9058399 0.06298601 0.3530901 0.9342088 0.05080789 0.1726042 0.9846336 0.02654069 0.6250549 0.7755841 0.08817958 0.5531286 0.8303914 0.06707596 0.5969305 0.7982887 0.08005821 0.4764454 0.876443 0.0696246 0.4652546 0.883189 0.05928969 0.3990429 0.9153266 0.05424124 0.3446687 0.9373643 0.05051475 0.4646036 0.8835298 0.05931991 0.3169812 0.9465903 0.05907404 0.2952414 0.9542547 0.04722893 0.1958146 0.9794165 0.04899048 0.8403298 0.5236269 0.1402168 0.9315187 0.316644 0.1789121 0.9422054 0.3110653 0.1244487 0.8953585 0.4096862 0.1746156 0.8001946 0.5910121 0.1019475 0.8655571 0.4878046 0.1133918 0.7291916 0.6776974 0.09489977 0.4209448 0.9037334 0.07791924 0.5736134 0.8154776 0.07722711 0.4413772 0.8897959 0.1159721 0.4207434 0.9000073 0.1138504 0.4049604 0.9074875 0.1116849 0.2859667 0.9545941 0.08350622 0.2463428 0.9654648 0.08481109 0.9023971 0.322693 0.2855676 0.8953261 0.4097722 0.1745795 0.8186282 0.5511174 0.1616091 0.9315189 0.3166483 0.1789039 0.7763804 0.5090602 0.3716061 0.841266 0.3368898 0.4228202 0.7190434 0.6097125 0.3335075 0.577815 0.7805942 0.2383331 0.6686286 0.7318941 0.1314038 0.3985732 0.9089688 0.1221284 0.4911441 0.8663297 0.09083187 0.34863 0.9356287 0.0552808 0.2260445 0.9736102 0.03141909 0.1655604 0.986087 0.01490914 0.1724485 0.9846608 0.02654749 0.1084122 0.9940877 0.006040453 0.1528971 0.9881235 0.01531082 0.08250421 0.9965899 0.00125724 0.06445628 0.997918 0.002235889 0.1958444 0.9794105 0.04899239 0.05201143 0.9982092 0.02955263 0.9821122 0.05300581 0.1806822 0.9821911 0.05298525 0.1802594 0.9819803 0.05299735 0.1814001 0.9638949 0.05330359 0.2608938 0.9570572 0.05352681 0.2849147 0.9302813 0.0538122 0.3628787 0.9240878 0.05391931 0.3783577 0.8729848 0.05450391 0.4846925 0.8729342 0.0544902 0.4847852 0.9903444 0.05277979 0.1281893 0.9923812 0.05279296 0.1113216 0.9923768 0.05279338 0.1113609 0.9901068 0.05290466 0.12996 0.9890778 0.05289971 0.1375748 0.9821177 0.05301326 0.1806497 0.9821132 0.05300927 0.1806758 -0.9981973 0.05259805 -0.02890646 -0.9969462 0.05260175 -0.05771774 -0.996945 0.05260062 -0.05774033 -0.9982116 0.05259907 -0.02840822 -0.1939707 -0.9790776 0.06150168 -0.2539631 -0.9653974 0.05925101 -0.1758981 -0.9821034 0.06732732 -0.3998332 -0.9153029 0.04851776 -0.5199822 -0.8536094 0.031138 -0.3752846 -0.9257408 0.04653388 -0.8435953 -0.5358864 -0.03424537 -0.8556203 -0.5160505 -0.04007059 -0.85202 -0.5220361 -0.03924787 -0.8485909 -0.5276181 -0.03889513 -0.8468419 -0.5304241 -0.03884923 -0.8454024 -0.5327016 -0.03903478 -0.9419116 -0.3313019 -0.05515253 -0.8794124 -0.4734498 -0.04979419 -0.8686797 -0.4933001 -0.04528564 -0.8596611 -0.5091812 -0.04144173 -0.5856012 -0.810073 0.02920633 -0.659553 -0.7515817 0.0107209 -0.7468985 -0.6649337 0.002416849 -0.8104104 -0.5853635 -0.02418279 -0.8546797 -0.5188918 -0.01655226 -0.8349326 -0.5495377 -0.02993506 -0.8304549 -0.5563545 -0.02853763 -0.9432662 -0.3310864 -0.02511179 -0.8420677 -0.5383668 -0.03291273 -0.8384035 -0.5441559 -0.03120577 -0.9924975 -0.1079838 -0.05734431 -0.9924756 -0.1078938 -0.05789077 -0.9419519 -0.3311864 -0.05515813 -0.9937643 -0.1077939 -0.02851468 -0.943268 -0.3310819 -0.02510803 -0.9969232 -0.05259287 -0.05812126 -0.996945 -0.05260139 -0.05773907 -0.9957508 -0.05269336 -0.07552313 -0.9958271 -0.05268317 -0.07451856 -0.9969199 -0.05263501 -0.05814063 -0.9751421 -0.2090172 -0.07355237 -0.9414824 -0.3291683 -0.07252085 -0.9419428 -0.3312115 -0.05516183 -0.9924623 -0.1080479 -0.05783003 -0.9913753 -0.1081593 -0.07400351 -0.9415713 -0.3289169 -0.07250612 -0.8985935 -0.4328788 -0.07173514 -0.8953852 -0.440343 -0.06620687 -0.9419121 -0.331301 -0.0551474 -0.8794455 -0.4733867 -0.04980647 0.006003201 -0.9963627 0.08500236 0.02843815 -0.9956219 0.08904111 0.1350299 -0.9867194 0.09028744 -0.02414941 -0.9964368 0.08081114 0.2859171 -0.9546076 0.08352148 -0.06546479 -0.9949851 0.07562577 0.2304385 -0.9707912 0.06680387 -0.07310456 -0.995478 0.06065744 -0.1041857 -0.9919644 0.07177793 -0.01884829 -0.9980196 0.06001472 -0.1659343 -0.9842609 0.06079846 -0.1343125 -0.9884986 0.06950354 -0.1215187 -0.9900889 0.07040834 -0.1940466 -0.9790679 0.06141704 -0.1759504 -0.9820866 0.0674352 -0.1649367 -0.9839671 0.06785768 -0.1544016 -0.9856743 0.06786966 -0.1444342 -0.9871109 0.06892782 0.02305793 -0.9980986 0.05716413 0.04918581 -0.9974541 0.05163466 0.05516415 -0.9975856 0.04219043 0.195838 -0.9794116 0.04899442 0.05212247 -0.9982038 0.0295366 0.2063717 -0.9752645 0.07918339 0.2464063 -0.9654476 0.08482271 0.2858912 -0.9546152 0.08352339 0.1349124 -0.986638 0.0913468 0.1740957 -0.9818317 0.0754792 0.1559297 -0.9850677 0.07299023 0.1362438 -0.988247 0.06932222 0.1206834 -0.9905289 0.06548434 0.05305832 -0.9971964 0.05276656 0.02823984 -0.9955633 0.08975654 0.1040292 -0.9927287 0.06056314 0.0776059 -0.9955739 0.05301052 0.1724665 -0.9846574 0.0265541 0.152935 -0.9881175 0.01532065 0.1022718 -0.9947448 0.004827499 0.07585096 -0.9971191 4.52272e-4 0.06449806 -0.9979153 0.002247273 0.1958443 -0.9794104 0.04899257 0.05201131 -0.9982092 0.02955287 0.4209439 -0.9037326 0.07793468 0.4050028 -0.9074665 0.1117014 0.4182632 -0.9012039 0.1135231 0.4297429 -0.8956175 0.1148498 0.4912287 -0.8633517 0.1154046 0.5736275 -0.8154703 0.07719922 0.2860117 -0.9545798 0.08351588 0.2463424 -0.965465 0.08481109 0.1528227 -0.9881361 0.01524126 0.3486167 -0.935634 0.05527788 0.1654407 -0.9861065 0.01494336 0.5927281 -0.799151 0.1001563 0.6686773 -0.7318742 0.1312665 0.4911152 -0.8663585 0.09071403 0.8186264 -0.5511221 0.161603 0.4980049 -0.8634194 0.080612 0.4748066 -0.8770163 0.0734933 0.4189096 -0.9058408 0.06298762 0.3530899 -0.9342088 0.05080777 0.1726039 -0.9846338 0.02654087 0.6250553 -0.7755839 0.08817893 0.5531294 -0.8303911 0.06707096 0.4764459 -0.8764427 0.06962352 0.5969303 -0.7982888 0.08005774 0.4652537 -0.8831896 0.05928987 0.399045 -0.9153256 0.05424255 0.3446692 -0.9373641 0.05051606 0.4646036 -0.8835296 0.05932104 0.3169814 -0.9465903 0.05907338 0.2952737 -0.9542444 0.04723441 0.1958146 -0.9794166 0.04899036 0.8403305 -0.5236263 0.1402151 0.8953591 -0.409685 0.1746152 0.931519 -0.3166434 0.1789115 0.9422061 -0.3110998 0.1243567 0.8001906 -0.5910166 0.1019528 0.8655583 -0.4878026 0.1133911 0.7291921 -0.6776968 0.09489953 0.9023878 -0.3227193 0.2855672 0.8186346 -0.5511112 0.1615982 0.8953257 -0.4097725 0.1745812 0.9315164 -0.3166613 0.1788935 0.7639401 -0.5332755 0.3633358 0.8412637 -0.3369044 0.4228133 0.6846254 -0.6595761 0.310238 0.5498667 -0.8058366 0.2197137 0.6686882 -0.7318472 0.131361 0.4373827 -0.8872977 0.1462854 0.4911382 -0.8663328 0.09083372 0.3191591 -0.9446598 0.07586461 0.3487238 -0.9355885 0.05537158 0.2260352 -0.973612 0.03142768 0.1655614 -0.9860868 0.0149098 0.9198407 -0.1081789 0.3770816 0.8696264 -0.1095872 0.4813945 0.8590674 -0.2215921 0.4614112 0.8418408 -0.335201 0.4230183 0.9024574 -0.3224761 0.2856219 0.9777276 -0.1065006 0.1808496 0.9524676 -0.1075058 0.2850406 0.9314926 -0.3167322 0.178892 0.4210065 -0.9037145 0.07780528 0.5736091 -0.8155348 0.07665354 0.7035248 -0.7060007 0.08133834 0.672728 -0.7333979 0.09779912 0.9422118 -0.3110806 0.1243615 0.8655595 -0.4878059 0.1133674 0.7291923 -0.6777098 0.09480541 0.5969092 -0.7983155 0.07994842 0.576793 -0.8119212 0.08996623 0.4764544 -0.8764371 0.06963735 0.3170523 -0.9465731 0.05896914 0.1958521 -0.9794093 0.0489856 0.5809348 -0.808787 0.09153425 0.5104299 -0.8556134 0.08594942 -0.786287 -0.5342139 0.3104323 -0.8032044 -0.2624465 0.5347753 0.7531796 -0.650211 0.09973144 0.9427633 -0.3164159 0.1052546 0.7280743 -0.679879 0.0875923 0.8395908 -0.5352087 0.09294623 0.9053708 -0.4124934 0.1007618 0.6151824 -0.7839842 0.08318376 0.6606441 -0.7460783 0.08316594 0.5654985 -0.8208048 0.08056718 0.5218317 -0.8494238 0.07855504 0.4583447 -0.8854999 0.07622396 0.2859988 -0.9545844 0.08350753 0.5831449 -0.808512 0.07905995 0.4645723 -0.8818731 0.08045363 0.9315056 -0.3166882 0.1789023 0.9778559 -0.1066087 0.1800903 0.977676 -0.1066617 0.1810331 0.9718769 -0.2088996 0.1087031 0.9881862 -0.1061006 0.1105931 0.985907 -0.1060256 0.1294068 0.9422667 -0.3108877 0.1244285 0.9428067 -0.3162961 0.1052259 0.968506 -0.2031145 0.1440161 0.9821121 -0.05300587 0.1806824 0.9819797 -0.05299878 0.181403 0.9821898 -0.05298745 0.1802654 0.9639042 -0.05333256 0.2608533 0.9570572 -0.05353027 0.2849141 0.9302788 -0.05381494 0.3628848 0.9240916 -0.05392539 0.3783473 0.8730009 -0.05451005 0.4846628 0.872923 -0.05450022 0.4848043 0.9903446 -0.0527786 0.128188 0.9923768 -0.05279338 0.1113606 0.9923812 -0.05279296 0.1113212 0.9901068 -0.05290454 0.1299604 0.9890775 -0.05289936 0.1375768 0.9821177 -0.05301326 0.1806497 0.9821132 -0.05300927 0.1806758 -0.9981974 -0.05259805 -0.02890652 -0.9982116 -0.05259907 -0.02840822 -0.996945 -0.05260062 -0.05774039 -0.9969462 -0.05260175 -0.05771774 0.9303985 -0.05346333 0.3626297 0.8730545 0.05451321 0.4845663 0.8730586 -0.05450737 0.4845592 0.9303622 0.05412715 0.3626246 0.9638934 -0.05328452 0.2609029 0.9638934 0.05328685 0.2609029 0.9638989 -0.05330431 0.2608785 0.9820997 -0.05299609 0.1807534 0.9820996 0.05299621 0.1807535 0.9638989 0.05330425 0.2608786 0.9890769 0.05291444 0.1375751 0.9821118 0.05301392 0.1806821 0.9821118 -0.05301398 0.1806821 0.9890769 -0.05291444 0.1375751 0.9903407 0.05289924 0.1281687 0.9890773 0.05290395 0.1375766 0.9890773 -0.05290395 0.1375766 0.9903407 -0.0528993 0.1281687 0.9903457 -0.05278778 0.1281753 0.9923781 -0.05280423 0.1113438 0.9923781 0.05280423 0.1113438 0.9903457 0.05278778 0.1281753 -0.5476877 0.05683851 -0.8347501 -0.6475625 0.1052632 -0.754707 -0.7316725 0.1522535 -0.6644354 -0.5479347 0.0570333 -0.8345747 -0.7310158 0.1737802 -0.659861 -0.9106561 0.2781916 -0.3054751 -0.9415649 0.32886 -0.07284617 -0.8369593 0.2180437 -0.5019524 -0.8461699 0.2943222 -0.4442645 -0.8985729 0.4328935 -0.07190257 -0.8835075 0.3566951 -0.303617 -0.8964127 0.3993744 -0.1922093 -0.5476452 0.05661773 -0.8347929 -0.5476568 0.05678212 -0.8347742 -0.5478483 0.05693757 -0.8346379 -0.5476463 0.0567981 -0.83478 -0.5476441 0.05679905 -0.8347813 -0.5477366 0.05680203 -0.8347205 -0.547653 0.05679816 -0.8347755 -0.5476306 0.05680799 -0.8347896 -0.9124321 0.2787585 -0.2996022 -0.836986 0.2174116 -0.502182 -0.7280091 0.1498145 -0.6689982 -0.6432974 0.1042409 -0.758487 -0.5474377 0.05684107 -0.8349139 -0.9759901 0.2047888 -0.07419514 -0.9419878 0.3277626 -0.07232344 -0.72263 0.076541 -0.6869844 -0.5477089 0.05677932 -0.8347402 -0.8529384 0.09144443 -0.5139397 -0.9496967 0.1028161 -0.2958127 -0.9914063 0.1079524 -0.07389181 -0.725423 0.06053793 -0.6856359 -0.5477696 0.05682307 -0.8346974 -0.5475779 0.05680799 -0.8348243 -0.7238485 0.06049591 -0.6873017 -0.8624804 0.06099367 -0.5024015 -0.8553756 0.06099277 -0.514405 -0.9516637 0.05873584 -0.3014736 -0.953315 0.05843323 -0.2962707 -0.980647 0.05589437 -0.1876363 -0.9958251 0.05270802 -0.07452809 -0.9957504 0.0527001 -0.07552558 -0.9957535 -0.05267941 -0.07549774 -0.9513969 -0.05840069 -0.3023794 -0.9958252 -0.05270588 -0.0745278 -0.9519714 -0.05839461 -0.3005672 -0.8506805 -0.06109207 -0.5221211 -0.8501608 -0.06109654 -0.5229663 -0.7190524 -0.06039875 -0.6923263 -0.7168704 -0.06046974 -0.6945792 -0.5475867 -0.05680978 -0.8348182 -0.5473071 -0.05680227 -0.8350022 -0.547644 -0.05679887 -0.8347814 -0.5478488 -0.05693727 -0.8346377 -0.5476463 -0.0567981 -0.8347799 -0.5476574 -0.05678278 -0.8347737 -0.5476338 -0.05661827 -0.8348003 -0.548367 -0.05677759 -0.8343081 -0.548367 -0.05677765 -0.8343081 -0.548367 -0.05677765 -0.8343081 -0.5476529 -0.05679816 -0.8347756 -0.5477849 -0.05722612 -0.8346598 -0.5474135 -0.06750249 -0.8341354 -0.5476505 -0.05688709 -0.8347711 -0.5485885 -7.25173e-4 -0.8360922 -0.5485786 -4.53237e-5 -0.8360992 -0.9748455 -0.209181 -0.07693994 -0.9110652 -0.2771632 -0.3051898 -0.9420661 -0.3274896 -0.07254093 -0.8371778 -0.2174457 -0.5018473 -0.5481626 -0.05690181 -0.834434 -0.7316857 -0.1518875 -0.6645046 -0.6472307 -0.1062208 -0.7548574 -0.5476635 -0.05679357 -0.8347691 -0.9460982 -0.1024049 -0.3072648 -0.9913579 -0.1081332 -0.07427579 -0.8489177 -0.09111022 -0.5206128 -0.7222387 -0.07661134 -0.6873878 -0.5477135 -0.05676096 -0.8347384 -0.6429208 -0.1059052 -0.7585756 -0.5477359 -0.05724579 -0.8346906 -0.5477309 -0.05709177 -0.8347045 -0.7275953 -0.1501945 -0.6693629 -0.7995935 -0.2379779 -0.5513773 -0.9415452 -0.3289954 -0.07249081 -0.9121574 -0.2797574 -0.2995076 -0.8367987 -0.2179613 -0.5022559 -0.8988618 -0.4323277 -0.0716952 -0.856185 -0.3080873 -0.4147644 -0.8779132 -0.3456221 -0.3313816 -0.8922278 -0.3791679 -0.2452782 -0.9005589 -0.4051653 -0.1575908 0.3444129 0.3177303 -0.883418 0.4342091 0.3532165 -0.828674 0.5927978 0.2029328 -0.7793646 0.2369048 0.4963818 -0.8351535 0.1029766 0.4047158 -0.9086259 0.03632467 0.6051289 -0.7952985 -0.1628205 0.6803693 -0.7145538 -0.07559996 0.4602847 -0.8845467 -0.3632754 0.721344 -0.5896558 -0.268177 0.5133311 -0.815213 -0.4349253 0.5529237 -0.7107147 -0.5339913 0.7218952 -0.4401372 -0.5652559 0.5779722 -0.5885864 -0.6745343 0.5911723 -0.4421752 -0.6670336 0.689494 -0.2822487 -0.7529206 0.5903407 -0.2908757 -0.8001421 0.578601 -0.1580936 -0.8303386 0.5565212 -0.02867305 -0.7511836 0.6429424 -0.1494935 -0.8105311 0.5851967 -0.02416896 -0.8303995 -0.556431 -0.02865993 -0.7104539 -0.6690796 -0.2181459 -0.8104131 -0.5853574 -0.02423852 -0.7912868 -0.5818994 -0.1877722 -0.7506595 -0.590476 -0.2963923 -0.5685564 -0.7169063 -0.4034714 -0.6657475 -0.5905118 -0.4561537 -0.55278 -0.5762035 -0.6020165 0.3569012 -0.3127353 -0.8802376 0.3937556 -0.3859578 -0.8342621 0.2011858 -0.518359 -0.8311608 0.5010934 -0.2943587 -0.8137927 0.5927271 -0.2027857 -0.7794566 -0.4871816 -0.5642079 -0.6665761 -0.4148472 -0.5486949 -0.7258345 -0.3955779 -0.7242032 -0.5648434 0.1017882 -0.4051844 -0.9085509 -0.01170688 -0.6261266 -0.7796336 -0.209155 -0.6930344 -0.6898968 -0.07724761 -0.460847 -0.8841114 -0.2416837 -0.5065201 -0.8276633 -0.2854012 0.8714234 -0.3989583 -0.2669613 0.9619424 0.05829828 -0.1758359 0.9821146 0.06732589 -0.2087635 0.9771841 -0.0391032 -0.2571205 0.7314656 -0.6315435 -0.1052608 0.05628275 -0.9928507 0.07238179 0.0567696 -0.9957601 -0.4075664 0.9121704 0.04283523 -0.270704 0.7394917 -0.6163371 -0.2451202 0.7220035 -0.6470139 -0.2292767 0.7137855 -0.6617723 0.2779572 0.05648463 -0.9589315 -0.5409322 0.8405806 0.02857768 -0.2116761 0.7066038 -0.6752068 -0.194094 0.7014153 -0.6858165 0.4897109 0.07319003 -0.8688076 -0.6363604 0.7712749 0.01343625 -0.1779415 0.701371 -0.6902287 -0.1599782 0.697433 -0.6985659 -0.7154532 0.6986441 -0.004817247 -0.1262085 0.6815635 -0.7207931 0.3625096 0.4071385 -0.8383466 0.7045511 0.05387181 -0.7076057 0.5926614 0.2027528 -0.7795151 0.4337383 0.3527299 -0.8291278 0.2365088 0.4959765 -0.8355063 0.2678868 0.4744471 -0.8385325 0.1667341 0.5371085 -0.8268703 0.03598392 0.6044738 -0.7958119 -0.1631204 0.6797544 -0.7150705 -0.3636788 0.7209274 -0.5899166 -0.3190762 0.5392901 -0.7793309 -0.3416223 0.2861667 -0.8952112 -0.3125516 0.05742686 -0.9481634 -0.3514771 0.5061938 -0.7875481 -0.3406393 0.6940519 -0.6342372 -0.3145464 0.8250821 -0.4693615 -0.2810862 0.9079865 -0.3107268 -0.24045 0.9589675 -0.1502173 -0.2571811 0.5363187 -0.8038783 0.3553014 0.3972192 -0.8461548 -0.5516042 0.7371402 -0.3903297 -0.5342307 0.7216542 -0.4402418 -0.6670428 0.6894283 -0.2823874 -0.7511808 0.6429516 -0.1494678 -0.8105217 0.585213 -0.02409398 -0.2852832 0.8735032 -0.3944689 -0.1233097 0.6757923 -0.7267045 -0.2896645 -0.8535457 -0.4330752 -0.2384239 -0.960543 -0.1432178 -0.175934 -0.9820964 0.06733512 -0.2928406 -0.8844502 -0.3633075 -0.3294079 -0.7638548 -0.5549924 -0.3481408 -0.6134687 -0.7088401 -0.3504865 -0.4305813 -0.8317205 -0.3376091 -0.2453669 -0.9087437 -0.3124604 -0.05755448 -0.9481856 -0.2534077 -0.9654933 0.06006032 -0.2588025 -0.7329776 -0.6290987 0.05499219 -0.05704283 -0.9968561 -0.1143201 -0.05621147 -0.9918524 -0.3755478 -0.9256436 0.04634547 -0.2739041 -0.7406899 -0.6134779 -0.2493013 -0.7248217 -0.642248 -0.2370492 -0.717496 -0.6549865 0.2271541 -0.05616658 -0.9722379 -0.5197938 -0.8537282 0.03102624 -0.219388 -0.7095539 -0.6696285 -0.2069989 -0.7060852 -0.6771967 0.3741111 -0.06090283 -0.925382 -0.1813558 -0.6996312 -0.6911051 0.4955387 -0.07359457 -0.8654624 -0.659742 -0.7514253 0.0100283 -0.173263 -0.7005124 -0.6922878 -0.1554787 -0.695899 -0.701107 0.1423597 -0.5507054 -0.8224703 -0.2096163 -0.6925622 -0.6902308 -0.01216375 -0.6255232 -0.7801108 0.2006121 -0.5176239 -0.8317574 0.2505402 -0.4858433 -0.8373686 0.3419398 -0.4225127 -0.8393809 0.3931927 -0.3855273 -0.8347264 0.5008053 -0.2939401 -0.8141212 0.5927228 -0.2025547 -0.77952 0.7045382 -0.05388861 -0.7076172 -0.2603303 -0.5187113 -0.8143504 0.2683483 -0.4138578 -0.8698914 0.6051211 -0.06582784 -0.7934074 0.3123995 -0.4106069 -0.8566262 -0.1342637 -0.6827353 -0.7182241 -0.004584312 -0.6263156 -0.7795562 0.1118951 -0.5631051 -0.8187749 -0.5597429 -0.7320565 -0.3883056 -0.8104388 -0.5853238 -0.02419108 -0.7105146 -0.66901 -0.2181622 -0.2844827 -0.8707494 -0.4010799 -0.1953589 -0.6940248 -0.6929391 -0.568755 -0.7166616 -0.403626 -0.3959147 -0.7238317 -0.5650834 0.1313868 -0.5559376 -0.8207746 -0.1690994 0.9832905 0.06741917 -0.240204 0.959037 -0.1501671 -0.2086572 0.9772118 -0.03897696 -0.1759692 0.9820944 0.06727218 -0.2987908 0.875455 -0.3798721 -0.1609976 0.9846401 0.06755405 -0.3406208 0.6940347 -0.634266 -0.314512 0.8250768 -0.4693939 -0.2809045 0.9080278 -0.3107703 -0.2992953 0.8757828 -0.3787173 -0.1547069 0.9856377 0.06770515 -0.3225937 0.8185961 -0.4752199 -0.3422814 0.7482971 -0.5682386 -0.3124055 0.05747294 -0.9482087 -0.3414883 0.2861971 -0.8952525 -0.3514669 0.5061756 -0.7875643 -0.3461782 0.7486806 -0.5653654 -0.3510987 0.7492874 -0.5615142 -0.1377367 0.9880946 0.06853979 -0.124875 0.9897401 0.0694319 -0.148171 0.9866298 0.06787526 -0.5097289 0.06089162 -0.8581776 -0.3851965 0.7552846 -0.5302537 -0.1104926 0.9913562 0.07074111 -0.3911835 0.7560803 -0.5247076 -0.06946867 0.9947262 0.07545846 -0.4102656 0.7583878 -0.506488 -0.4432136 0.7640033 -0.468893 -0.04329085 0.9977025 0.0521118 -0.667227 0.0682066 -0.741725 -0.4970602 0.7484714 -0.4390009 -0.7580143 0.05633431 -0.6498005 -0.5253499 0.7447399 -0.4115459 -0.5547993 0.7620523 -0.3338773 0.02748894 0.9957082 0.08837229 -0.4896469 0.8440457 -0.2187071 -0.6363898 0.7051181 -0.3127562 -0.3417132 0.9310969 -0.1276349 -0.1867781 0.9817714 -0.03519845 -0.07758843 0.9965854 0.0282458 -0.5960885 0.714309 -0.3666622 -0.6348531 0.6621755 -0.3981021 -0.6841978 0.5824543 -0.4388855 -0.8411819 0.2838626 -0.4602555 -0.8688024 0.05447828 -0.4921529 -0.7627447 0.5086628 -0.3993529 -0.1672872 -0.983604 0.06736648 -0.175955 -0.9820943 0.06731033 -0.2383379 -0.9605624 -0.1432309 -0.3258327 -0.8067765 -0.4928944 -0.2929192 -0.8844157 -0.363328 -0.3294512 -0.7637916 -0.5550535 -0.3482115 -0.6135964 -0.7086947 -0.3506553 -0.4307067 -0.8315844 -0.3076846 -0.8568118 -0.4137679 -0.1588727 -0.9849861 0.06754267 -0.3444815 -0.7484949 -0.5666463 -0.3376162 -0.2452726 -0.9087666 -0.3123955 -0.05751085 -0.9482097 -0.3277245 -0.8072 -0.4909429 -0.150672 -0.986252 0.06786203 -0.1421878 -0.9874868 0.06820988 -0.3700087 -0.7523104 -0.5450896 -0.4629277 -0.0581122 -0.8844892 -0.1310588 -0.9889691 0.06902068 -0.1148679 -0.9908913 0.07028377 -0.37442 -0.7528002 -0.5413886 -0.3809624 -0.753664 -0.5355914 -0.3999265 -0.7559679 -0.5182387 -0.6145036 -0.07063841 -0.7857452 -0.07333493 -0.994488 0.0749377 -0.4283258 -0.7635912 -0.4831826 -0.4666526 -0.755481 -0.4598737 -0.7218775 -0.05808877 -0.6895785 -0.0420823 -0.9971983 0.06184405 -0.4975699 -0.7521111 -0.4321495 -0.5343429 -0.7433767 -0.4023292 -0.03240609 -0.9980105 0.05408179 -0.5800787 -0.7422432 -0.3355352 -0.8687862 -0.05467253 -0.4921599 -0.6994288 -0.6203241 -0.354961 -0.5671682 -0.7788807 -0.2677035 -0.796461 -0.4309675 -0.4241663 -0.8497112 -0.2428302 -0.4680005 -0.5162057 -0.8066065 -0.2879543 -0.4477779 -0.8619551 -0.2377573 -0.1798988 -0.9831887 -0.03124976 0.02704626 -0.9957494 0.0880444 -0.391476 -0.9065346 -0.1579292 -0.8408322 0.2842559 -0.4606516 -0.8412379 0.2831223 -0.460609 -0.8679642 0.05532944 -0.4935351 -0.7645146 0.5076584 -0.3972412 -0.7633407 0.5094844 -0.3971611 -0.6512824 0.6865705 -0.3231908 -0.6362192 0.704965 -0.313448 -0.5223087 0.8185515 -0.2390964 -0.4898359 0.8441337 -0.217943 -0.3774074 0.9142619 -0.1472709 -0.3432117 0.9307281 -0.1262977 -0.2220748 0.973449 -0.05549675 -0.1870573 0.9817392 -0.034608 -0.09428286 0.9953761 0.01836711 -0.07802933 0.9965296 0.02898901 0.02859252 0.9956277 0.08892714 0.02702367 0.9956443 0.08923143 -0.1801536 -0.9831475 -0.03107768 -0.1801814 -0.9831379 -0.03122264 0.02866864 -0.9958364 0.08653259 -0.3672991 -0.9183554 -0.1473599 -0.3892947 -0.9071848 -0.1595785 -0.533362 -0.8095521 -0.2452564 -0.5678885 -0.778741 -0.2665808 -0.672272 -0.659444 -0.3364284 -0.700225 -0.6197192 -0.3544476 -0.776662 -0.47745 -0.4108986 -0.7965285 -0.4306517 -0.4243602 -0.8464093 -0.2651723 -0.4618172 -0.8504622 -0.242556 -0.4667771 -0.8693705 -0.05481857 -0.4911109 -0.6496598 0.07113504 -0.7568897 -0.4426805 0.2761484 -0.853098 -0.4726297 0.05711483 -0.8794084 -0.3877535 0.490791 -0.7802382 0.07732671 0.9955924 0.05307012 -0.02435702 0.9842861 -0.1748935 -0.1224861 0.9291479 -0.3488285 0.04203027 0.9976325 -0.05443304 0.1040334 0.99273 0.06053233 -0.8417576 0.2830072 -0.4597294 -0.7794084 0.06914424 -0.6226892 -0.8689849 0.05505204 -0.4917669 -0.7638321 0.5073474 -0.3989477 -0.221692 0.9735188 -0.05580246 0.05310952 0.9973248 0.05022555 -0.3762017 0.9145955 -0.1482816 -0.09439265 0.9953628 0.01852035 0.02859896 0.995643 0.08875423 -0.3887338 0.7857622 -0.4811071 -0.3116312 0.679002 -0.6647123 -0.2204289 0.8277283 -0.5160204 -0.4440357 0.7806305 -0.4398278 -0.4979552 0.7740828 -0.3909431 -0.6513038 0.687192 -0.321824 -0.5225749 0.8184472 -0.2388719 0.07731777 -0.995594 0.0530526 -0.007625997 -0.9893972 -0.1450343 0.1040051 -0.9927329 0.06053549 -0.1286276 -0.924264 -0.3594316 -0.6496696 -0.07114148 -0.7568808 -0.4354837 -0.3114281 -0.8446103 -0.3819717 -0.5085045 -0.7717 -0.4583457 -0.1832394 -0.8696796 -0.4726483 -0.05716574 -0.8793952 -0.1778295 -0.9836049 -0.02997082 0.05306601 -0.9973337 0.05009686 0.02858668 -0.9956422 0.08876681 -0.368938 -0.9182532 -0.1438611 -0.8453961 -0.2665279 -0.4628914 -0.779401 -0.06909513 -0.6227038 -0.7781561 -0.4763036 -0.4093998 -0.8690439 -0.0544967 -0.4917244 -0.3887351 -0.7858057 -0.4810348 -0.2263727 -0.8197991 -0.5260085 -0.3106287 -0.6811439 -0.6629878 -0.4440385 -0.7806214 -0.4398411 -0.4979717 -0.7740682 -0.3909511 -0.5315119 -0.8110217 -0.2444158 -0.6717264 -0.6605198 -0.3354062 -0.1784401 0.8541591 -0.4884377 -0.2205345 0.8276899 -0.5160368 -0.1225085 0.9291598 -0.3487892 -0.02430415 0.984297 -0.1748391 0.04215455 0.9976261 -0.05445396 0.1041289 0.9927214 0.06050932 0.1177079 0.9908984 0.06530898 -0.2251222 0.7898555 -0.5704808 -0.4726496 0.05719214 -0.8793927 -0.4427406 0.2760818 -0.8530884 -0.3878535 0.4908024 -0.7801813 -0.3117279 0.6790909 -0.6645761 -0.134245 0.7912294 -0.5966024 0.1321578 0.9888824 0.06816256 -0.2418006 0.05610984 -0.9687024 -0.07871186 0.7887042 -0.6097133 -0.008834898 0.7844901 -0.6200783 0.1498454 0.9860856 0.07198309 -0.05330425 0.05819612 -0.9968811 0.06430071 0.7780097 -0.624953 0.1533542 0.7683876 -0.6213399 0.1692641 0.9827427 0.07460957 0.1841505 0.05658274 -0.9812681 0.2393159 0.7566035 -0.6085056 0.3172347 0.7451638 -0.5865945 0.1915886 0.9784329 0.07722043 0.3822104 0.05668026 -0.9223354 0.3857369 0.7334111 -0.5597457 0.440938 0.7216609 -0.5336472 0.2456067 0.9657018 0.08424675 0.5096222 0.05552887 -0.8586046 0.5204191 0.7005544 -0.4882495 0.5072445 0.7745767 -0.3778017 0.5639393 0.6426536 -0.5186221 0.4325767 0.8727777 -0.226134 0.3426191 0.9370168 -0.06790995 0.5440126 0.6256489 -0.5591188 0.5616619 0.5434504 -0.6238571 0.6071045 0.2835454 -0.7423114 0.5828858 0.05505013 -0.8106872 0.5981432 0.4825778 -0.6397997 -0.3288785 -0.5826107 -0.7432387 -0.3105917 -0.6811884 -0.6629594 -0.3820175 -0.5084657 -0.771703 -0.4355205 -0.311477 -0.8445733 -0.4583302 -0.1832056 -0.8696949 -0.4727349 -0.05717742 -0.8793478 -0.4038251 -0.05489623 -0.9131878 -0.1817093 -0.7909004 -0.5843444 -0.1379221 -0.7909102 -0.5961867 -0.2868221 -0.05488497 -0.9564104 0.1366366 -0.9881983 0.06924295 0.1206423 -0.9905138 0.06578779 -0.07960075 -0.7886198 -0.6097071 0.002854347 -0.7832162 -0.621743 -0.05726909 -0.05817735 -0.9966623 0.1560164 -0.9850535 0.0729978 0.09097373 -0.7755136 -0.6247419 0.1801645 -0.7646124 -0.6187961 0.1803838 -0.05648857 -0.9819729 0.1741305 -0.9818395 0.07529735 0.2571536 -0.7541746 -0.604229 0.329497 -0.7433178 -0.5821602 0.3767313 -0.0568701 -0.9245753 0.2072122 -0.9751293 0.07865196 0.4203311 -0.7263 -0.5438842 0.4842817 -0.7569313 -0.4387784 0.5829089 -0.05497598 -0.8106756 0.5919582 -0.5243127 -0.6121124 0.5459614 -0.6935748 -0.469979 0.6076353 -0.3489797 -0.7134371 0.6024259 -0.2021265 -0.772158 0.4602017 -0.8033791 -0.3778842 0.3610734 -0.9272861 -0.09882622 0.2455787 -0.9657097 0.08423811 0.4647416 -0.8370881 -0.2886155 -0.1196627 -0.9251367 -0.3602817 0.103994 -0.9927338 0.06053942 -0.007732212 -0.9893973 -0.1450291 -0.1286221 -0.924282 -0.359387 -0.2264699 -0.8197557 -0.5260342 -0.09121555 -0.9258357 -0.3667533 0.6072586 0.283272 -0.7422897 0.7099391 0.2552539 -0.6563779 0.6708514 0.0542168 -0.7396074 0.5827878 0.05472141 -0.8107799 0.5985549 0.4823752 -0.6395673 0.713778 0.4491489 -0.5373885 0.5646048 0.6422941 -0.5183433 0.6806226 0.620236 -0.3899492 0.5080162 0.7743148 -0.3773013 0.6133852 0.7571231 -0.2247736 0.4333621 0.8725173 -0.2256349 0.5185358 0.8533567 -0.05388164 0.3433178 0.9367951 -0.06743824 0.4050518 0.907459 0.1115852 0.246154 0.9655214 0.08471608 0.3619017 -0.9270114 -0.09837269 0.5185381 -0.8533558 -0.05387181 0.404933 -0.907498 0.1116988 0.2463271 -0.9654738 0.0847553 0.4655823 -0.8367674 -0.2881901 0.6134132 -0.7570961 -0.2247888 0.5466587 -0.6933448 -0.4695075 0.6807134 -0.6202421 -0.3897807 0.5923927 -0.5241124 -0.6118637 0.7138934 -0.4490416 -0.5373248 0.6077199 -0.3490716 -0.7133201 0.7099425 -0.2551338 -0.6564209 0.602344 -0.202187 -0.7722061 0.6708233 -0.0543527 -0.7396229 0.5828204 -0.05496567 -0.8107399 0.4229526 0.8989992 0.1136288 0.5185844 0.853326 -0.05390113 0.4051004 0.9074224 0.1117059 0.6563558 0.6893661 -0.3065477 0.7137613 0.449292 -0.537291 0.680939 0.6199672 -0.3898241 0.613356 0.7571489 -0.2247666 0.662897 0.6839098 -0.3046884 0.4447 0.8884048 0.1139254 0.6911469 0.6109591 -0.3860636 0.670863 0.05424267 -0.7395949 0.7099221 0.2552386 -0.6564024 0.708768 0.6443575 -0.2871435 0.5743806 0.8149528 0.07706457 0.6853874 0.7147897 -0.1389957 0.7448511 0.5831311 -0.3242762 0.6345763 0.7722939 -0.02958422 0.733242 0.5632382 -0.380945 0.7448754 0.2554584 -0.6163616 0.6845385 0.05440074 -0.7269441 0.7632571 0.4451352 -0.4682876 0.4202049 -0.9003073 0.1134666 0.405191 -0.9073844 0.1116864 0.518572 -0.8533338 -0.05389589 0.6880226 -0.6137834 -0.3871626 0.6807352 -0.6202334 -0.3897565 0.7139084 -0.4490206 -0.5373224 0.7099406 -0.2552957 -0.6563601 0.6708186 -0.05434143 -0.739628 0.6593552 -0.6868806 -0.3056889 0.6134501 -0.7570688 -0.2247796 0.4324471 -0.8944161 0.1140588 0.7046857 -0.5974584 -0.3827031 0.498018 -0.8607615 0.1052033 0.7425136 -0.5504221 -0.3817188 0.684575 -0.05416834 -0.7269271 0.7627453 -0.4608452 -0.4536972 0.7410884 -0.5965168 -0.308149 0.7551006 -0.3153923 -0.5747615 0.7283599 -0.1857139 -0.659547 0.7294536 -0.6034721 -0.3220545 0.6795138 -0.7229164 -0.1251122 0.5743388 -0.8149864 0.07702118 0.7036819 0.05411219 -0.7084516 0.8331487 0.1327101 -0.5368903 0.7064369 0.05401998 -0.7057116 0.9175502 0.2044168 -0.3410505 0.955311 0.2652204 -0.1305342 0.9559149 0.2934199 -0.01147079 0.9426653 0.316648 0.1054332 0.8669638 0.489095 0.09570801 0.700312 0.0541054 -0.7117835 0.8546335 0.3817754 -0.3519223 0.7477256 0.6585709 0.08479917 0.6937447 0.05432468 -0.7181693 0.8262615 0.4320073 -0.3614719 0.8048678 0.4648575 -0.368911 0.6534755 0.7529208 0.07797628 0.7731593 0.5084562 -0.379074 0.6845027 0.05416786 -0.7269952 0.7448844 0.2552945 -0.6164187 0.763196 0.4451414 -0.4683812 0.7446002 0.583354 -0.3244512 0.6848931 0.7152038 -0.1393018 0.6337637 0.7729445 -0.03000986 0.5732855 0.8157776 0.07649105 0.905559 -0.4120873 0.1007334 0.9553831 -0.2653673 -0.1297048 0.9427741 -0.3163432 0.1053762 0.9106856 -0.1973068 -0.3629351 0.8274735 -0.1286024 -0.5465795 0.7066297 -0.05409455 -0.7055128 0.7016276 -0.05409055 -0.7104879 0.8393887 -0.5355096 0.09303802 0.6960124 -0.05424976 -0.7159775 0.8256959 -0.4328718 -0.3617295 0.7046365 -0.7048556 0.08164703 0.8051723 -0.4644489 -0.3687611 0.6907573 -0.05416494 -0.7210552 0.7740282 -0.5074832 -0.3786042 0.573504 -0.8156358 0.07636457 0.6790007 -0.7233499 -0.1253908 0.7408865 -0.5966711 -0.3083359 0.7626488 -0.4608987 -0.4538054 0.7551646 -0.315223 -0.5747705 0.7282798 -0.1859515 -0.6595685 0.6845237 -0.05455303 -0.7269466 0.9720211 0.2088302 0.1075411 0.9175657 0.2043708 -0.3410363 0.9553185 0.2651471 -0.1306276 0.9560059 0.2931216 -0.01152127 0.9427425 0.3164063 0.1054687 0.7098839 0.05401533 -0.7022445 0.706503 0.05411398 -0.7056382 0.8331833 0.1326346 -0.5368555 0.9909999 0.1006446 -0.08826071 0.98821 0.1059352 0.1105383 0.9534999 0.09114962 -0.2872802 0.8579669 0.07492119 -0.5082122 0.7118528 0.05396956 -0.7002521 0.7098793 -0.05409705 -0.7022428 0.9107291 -0.1971626 -0.3629043 0.8273881 -0.1286384 -0.5467002 0.7064638 -0.05416792 -0.7056732 0.9720037 -0.208893 0.1075757 0.9427568 -0.3163741 0.105438 0.9553783 -0.2653972 -0.1296797 0.8411016 -0.07228374 -0.5360254 0.7120504 -0.05399882 -0.7000489 0.9320222 -0.08708661 -0.3517822 0.9875792 -0.09937882 -0.1217017 0.988198 -0.1060138 0.1105711 0.9949001 0.05708849 -0.08315557 0.9816202 0.06008321 -0.1811404 0.9149765 0.05912065 -0.3991525 0.7118728 0.05399888 -0.7002295 0.8305448 0.05757832 -0.5539676 0.7119998 0.05398315 -0.7001016 0.859317 0.05818182 -0.5081233 0.9560793 0.05898898 -0.2871111 0.9944804 0.05698686 -0.08809804 0.9924661 0.05278116 0.1105684 0.9923716 0.05285847 0.1113758 0.9592106 -0.05895346 -0.2764772 0.9818469 -0.05701959 -0.1809017 0.9951623 -0.05683392 -0.08013796 0.9924642 -0.05275231 0.1105991 0.9923797 -0.05287158 0.1112979 0.9909076 -0.05749255 -0.1216431 0.9342538 -0.05919849 -0.351661 0.8422363 -0.05789893 -0.5359904 0.8977577 -0.05884122 -0.4365419 0.8176397 -0.0572859 -0.5728734 0.712029 -0.05401951 -0.700069 0.7119704 -0.05396956 -0.7001326 0.9937394 0.07500034 -0.08280694 0.5835149 0.008007884 0.812063 0.9817105 0.05883574 -0.1810609 0.8482567 -0.0116716 0.5294567 0.9940884 -0.07332676 -0.0800721 0.9924066 0.05260759 0.1111831 0.9817612 -0.0586068 -0.1808599 0.9923987 -0.05281054 0.1111574 -0.548534 7.22382e-4 -0.8361279 -0.5485195 4.29921e-5 -0.8361378 -0.5475954 0.05688327 -0.8348075 -0.5477577 0.05722516 -0.8346777 -0.5474135 0.06750249 -0.8341355 -0.7167264 -0.06041145 -0.6947329 -0.5485172 -1.73217e-4 -0.8361393 -0.5475945 -0.05738443 -0.8347739 -0.7253028 0.06062322 -0.6857556 -0.5476282 0.05693852 -0.8347823 -0.8500937 -0.06093162 -0.5230947 -0.8625299 0.06123358 -0.5022875 -0.9519513 -0.05829489 -0.3006504 -0.9516657 0.05855059 -0.3015035 -0.9806525 0.05573195 -0.1876563 -0.9957396 -0.05270105 -0.07566589 -0.9957268 0.05268317 -0.07584643 -0.9969461 0.05257958 -0.05773937 -0.9957488 0.05270367 -0.07554316 -0.9957488 -0.05270367 -0.07554322 -0.9969461 -0.05257958 -0.05773943 -0.9982136 0.05261772 -0.02830445 -0.9969445 -0.05262005 -0.05773049 -0.9982135 -0.05261772 -0.02830445 -0.9969446 0.05262011 -0.05773049 -0.8594893 -0.5094518 -0.04167842 -0.9665797 -0.2556961 0.01852446 -0.9962498 -0.05255335 0.06873518 -0.9256572 -0.3781176 -0.01363748 -0.8688342 -0.49303 -0.04526126 -0.9248596 -0.3750415 0.0630778 -0.855072 -0.5169668 -0.03996837 -0.8517512 -0.522492 -0.03901296 -0.7984976 -0.5985081 0.06472784 -0.8487418 -0.5274106 -0.03841221 -0.8473097 -0.5297009 -0.0385158 -0.7249014 -0.6870301 0.05007702 -0.8455942 -0.5323939 -0.03907936 -0.9691783 -0.2458096 0.01647043 -0.9962614 -0.05229675 0.06876277 -0.9962546 -0.05244618 0.06874787 -0.9666401 -0.2554686 0.01851588 -0.9316613 -0.3629348 -0.01690113 -0.9256821 -0.3780566 -0.01363158 -0.8793317 -0.4735956 -0.04983019 -0.8686937 -0.4932841 -0.04519063 -0.9316467 -0.3629727 -0.01689392 -0.8955794 -0.4399527 -0.06617742 -0.9678421 -0.2515544 0.001500606 -0.8793775 -0.4735139 -0.04979956 -0.9691526 -0.2459099 0.01648122 -0.9962524 -0.05244779 0.06877875 -0.996256 -0.05235004 0.06880086 -0.895555 -0.4400053 -0.06615656 -0.8986171 -0.4328458 -0.07163715 -0.9688626 -0.2475157 -0.006420433 -0.9678713 -0.2514418 0.001491487 -0.9968916 -0.05246055 0.05877965 -0.9962071 -0.05270165 0.06923955 -0.9688097 -0.2477201 -0.006513416 -0.9969964 -0.05543529 0.05408543 -0.996881 -0.05272537 0.0587244 -0.9972169 -0.05792886 0.04693317 -0.8987642 -0.4127854 -0.1477539 -0.8986684 -0.4327474 -0.07158786 -0.8937394 -0.3816483 -0.2357428 -0.8804829 -0.3420311 -0.3282754 -0.997523 -0.05730813 0.04078841 -0.8581933 -0.3001298 -0.4164449 -0.9977685 -0.05461657 0.03840583 -0.7996984 -0.2312894 -0.5540648 -0.9978514 -0.05237752 0.0393604 -0.9979786 -0.05290049 0.03522098 -0.9122051 -0.08017426 -0.4018136 -0.9979431 -0.05239754 0.03693586 -0.9797166 -0.05888551 -0.1915412 -0.9032654 -0.06238061 -0.4245238 -0.7812542 -0.06216335 -0.6211099 -0.6727777 -0.06053477 -0.7373641 -0.5476605 -0.05702382 -0.8347553 -0.9981179 -0.05251896 0.03166216 -0.9979055 -0.05308848 0.03696435 -0.9796917 -0.05899357 -0.1916351 -0.9789288 -0.05890643 -0.1955211 -0.9032072 -0.06250572 -0.424629 -0.9020856 -0.0624473 -0.4270153 -0.7812693 -0.06239259 -0.6210682 -0.7803125 -0.06223118 -0.6222859 -0.6731317 -0.06032025 -0.7370586 -0.6725318 -0.06030201 -0.7376075 -0.5476541 -0.05682003 -0.8347734 -0.5479934 -0.05654966 -0.8345691 -0.9753425 -0.05666911 -0.2132977 -0.9986954 -0.05030757 0.008754909 -0.9981661 -0.05155134 0.03173404 -0.9789131 -0.0589345 -0.1955916 -0.8966988 -0.0605638 -0.4384786 -0.9020946 -0.06249618 -0.4269891 -0.7758034 -0.0611518 -0.6280046 -0.7803838 -0.06244003 -0.6221757 -0.6695227 -0.05961972 -0.7403951 -0.6723237 -0.06040924 -0.7377884 -0.5475955 -0.0560649 -0.8348629 -0.5477012 -0.05687397 -0.8347389 -0.9948516 -0.03926205 -0.09342908 -0.9987071 -0.05006581 0.008805811 -0.9753208 -0.0567007 -0.213388 -0.9483657 -0.04757332 -0.3135912 -0.8966318 -0.06060487 -0.4386097 -0.8459182 -0.05369651 -0.5306026 -0.7757619 -0.06107538 -0.6280633 -0.71411 -0.05651462 -0.6977485 -0.6695275 -0.05955696 -0.7403958 -0.5478498 -0.05679512 -0.8346467 -0.547621 -0.05678147 -0.8347977 -0.9470364 -0.05375719 -0.3165949 -0.9941414 -0.04658788 -0.09753227 -0.9948652 -0.03888309 -0.09344136 -0.948342 -0.04793369 -0.313608 -0.8445272 -0.05726009 -0.5324427 -0.8458731 -0.05327826 -0.5307167 -0.7129866 -0.05832481 -0.6987478 -0.7139139 -0.05623465 -0.6979719 -0.5475241 -0.05535447 -0.834957 -0.547466 -0.05625724 -0.8349348 -0.9474334 -0.04669666 -0.316527 -0.9937704 -0.05319505 -0.09793186 -0.9938805 -0.05261725 -0.09712398 -0.9473053 -0.04593712 -0.3170215 -0.8444588 -0.05747902 -0.5325276 -0.84464 -0.05492782 -0.5325093 -0.7129441 -0.06298458 -0.6983865 -0.7129397 -0.05892795 -0.6987449 -0.5470656 -0.06225556 -0.8347715 -0.5471799 -0.05814117 -0.8349933 -0.9469969 0.05270344 -0.3168901 -0.9940505 0.04770117 -0.09792011 -0.9940606 -0.04770618 -0.09781491 -0.947015 -0.05259186 -0.3168544 -0.8444805 0.05499595 -0.5327553 -0.8445214 -0.0549851 -0.5326917 -0.7131471 0.05448246 -0.6988942 -0.7131152 -0.05446028 -0.6989283 -0.5489979 -5.70598e-6 -0.8358238 -0.5477175 -0.05232852 -0.8350254 -0.5477219 0.05233162 -0.8350223 -0.7127523 0.06538647 -0.6983615 -0.5483239 0.05149668 -0.8346791 -0.5484318 0.05672508 -0.8342691 -0.7127705 0.06138902 -0.6987057 -0.8445467 0.05479627 -0.5326711 -0.8447326 0.05218571 -0.5326384 -0.9469768 0.0548318 -0.3165891 -0.946842 0.05415517 -0.3171081 -0.9942327 0.04477626 -0.09745073 -0.994158 0.0456978 -0.09778404 -0.7139158 0.05631369 -0.6979635 -0.5474282 0.0565555 -0.8349395 -0.5474002 0.05660504 -0.8349544 -0.7130331 0.05831277 -0.6987013 -0.8445345 0.05765628 -0.5323883 -0.8458505 0.05381655 -0.5306984 -0.9470241 0.053299 -0.3167093 -0.9483253 0.0475189 -0.3137212 -0.9941307 0.04681783 -0.09753096 -0.9948487 0.03943097 -0.09338772 -0.547852 0.05677872 -0.8346462 -0.5476652 0.05584406 -0.8348318 -0.6695212 0.05951172 -0.7404051 -0.7141109 0.05651497 -0.6977477 -0.775761 0.0610674 -0.6280651 -0.8459182 0.05369699 -0.5306024 -0.8966317 0.06060451 -0.4386101 -0.9483605 0.04761785 -0.3135999 -0.9753206 0.0567013 -0.2133891 -0.9948486 0.03937649 -0.09341305 -0.9987072 0.05006587 0.008805871 -0.5476039 0.0568332 -0.8348054 -0.5477231 0.05647271 -0.8347517 -0.6723268 0.06041342 -0.7377852 -0.6695585 0.05968701 -0.7403573 -0.7803866 0.06243801 -0.6221723 -0.7758008 0.06116193 -0.6280068 -0.9020934 0.06250774 -0.4269899 -0.8966994 0.06057584 -0.4384755 -0.9789041 0.05896085 -0.1956282 -0.9753445 0.05661606 -0.2133018 -0.998112 0.0526027 0.03170865 -0.998697 0.05027836 0.008753001 -0.6726478 0.06028872 -0.7375028 -0.5476742 0.05645942 -0.8347847 -0.6729109 0.06031829 -0.7372603 -0.5480192 0.05677747 -0.8345367 -0.7803697 0.06228893 -0.6222085 -0.781445 0.06216996 -0.6208692 -0.9021066 0.06239968 -0.4269777 -0.9031673 0.06250405 -0.4247142 -0.979671 0.05900579 -0.1917375 -0.9789118 0.0588864 -0.1956123 -0.9979336 0.05251026 0.03703171 -0.998074 0.05324429 0.03183233 -0.9978799 0.05296391 0.03782528 -0.997936 0.05249118 0.0369935 -0.9796589 0.05897772 -0.1918076 -0.7293773 0.1727349 -0.6619452 -0.9032019 0.06248092 -0.4246441 -0.7814459 0.06238156 -0.6208468 -0.6731314 0.06026244 -0.7370636 -0.5482521 0.0567457 -0.8343858 -0.8504884 0.2885984 -0.4397504 -0.9977411 0.05504083 0.03851199 -0.9974362 0.05779677 0.04219794 -0.8872091 0.3599856 -0.288566 -0.9971128 0.0571615 0.04998701 -0.968818 0.2476931 -0.006304502 -0.9969729 0.05456411 0.05538976 -0.9968792 0.0526477 0.05882346 -0.8978103 0.4044845 -0.1741527 -0.8987455 0.4326008 -0.07150638 -0.9678031 0.2517047 0.001423954 -0.9962605 0.05239379 0.06870239 -0.996907 0.05215775 0.05878835 -0.9689136 0.2473161 -0.006433129 -0.8953536 0.4404085 -0.06619966 -0.8987006 0.4326665 -0.07167333 -0.9691529 0.2459087 0.01648265 -0.9962524 0.05244845 0.0687772 -0.9678419 0.2515549 0.001500666 -0.996256 0.05235004 0.06880152 -0.9316427 0.362985 -0.01684916 -0.8955672 0.4399896 -0.06609588 -0.8793773 0.4735138 -0.04980158 -0.8793318 0.4735956 -0.0498287 -0.8686937 0.4932842 -0.04519027 -0.9256806 0.3780603 -0.0136314 -0.9316614 0.3629347 -0.01689952 -0.9666391 0.2554726 0.01851534 -0.9691783 0.2458094 0.01647365 -0.9962563 0.05239981 0.06875902 -0.9962618 0.05225384 0.06878954 -0.8604177 0.5078781 -0.04172879 -0.9962564 0.05238217 0.06877034 -0.9666125 0.2555701 0.01855605 -0.9256401 0.3781619 -0.01356887 -0.8686483 0.4933598 -0.04523605 -0.9221972 0.3815332 0.06312626 -0.8566972 0.5142202 -0.04059231 -0.8546557 0.5176668 -0.03981029 -0.8531237 0.5202147 -0.03945457 -0.7982329 0.598859 0.06474828 -0.8508349 0.5240156 -0.03857356 -0.8477987 0.5289226 -0.03845137 -0.7246283 0.6873195 0.05005902 -0.8455572 0.5324495 -0.03912466 -0.4535297 0.2918127 0.8421142 -0.7245006 0.6874579 0.05000478 -0.8457391 0.532209 -0.03845727 0 0 1 -0.8962923 -0.06107836 0.4392375 -0.896301 0.06110751 0.4392158 -0.9982142 0.05260682 -0.02830213 -0.9982142 -0.0526067 -0.02830141 -0.5693302 0.05501222 0.8202663 -0.5693454 -0.05501204 0.8202558 -0.5704513 -1.96775e-6 0.8213315 -0.5694408 0.05507212 0.8201856 -0.5694453 0.05498713 0.8201882 -0.5694484 -0.05498743 0.820186 -0.5695015 -0.05507558 0.8201432 -0.5695077 0.0549941 0.8201443 -0.5694506 0.05498027 0.8201848 -0.5694545 0.05497795 0.8201823 -0.5694708 0.05498635 0.8201705 -0.5694682 0.05498766 0.8201721 -0.5694686 0.05499017 0.8201717 -0.5694733 0.05497676 0.8201693 -0.5694811 0.05498397 0.8201636 -0.5694581 0.05498945 0.8201791 -0.5694503 0.05496108 0.8201863 -0.5694731 0.05497187 0.8201698 -0.5694777 0.05499905 0.8201648 -0.5694736 0.05499637 0.8201679 -0.5694741 0.05499261 0.8201678 -0.5694794 0.05499219 0.8201642 -0.5694751 0.05498361 0.8201677 -0.5694876 0.05498564 0.8201589 -0.569472 0.05501222 0.8201679 -0.6423053 0.05447316 0.7645107 -0.5694512 0.05501276 0.8201823 -0.5694996 0.05499911 0.8201496 -0.7109106 0.05396205 0.7012091 -0.7514138 0.05373549 0.6576396 -0.8413798 0.05309325 0.5378302 -0.8840645 0.05272334 0.4643815 -0.9447589 0.05248314 0.3235373 -0.9666947 0.05242365 0.2505059 -0.9944337 0.05242639 0.09139591 -0.9952879 0.05242174 0.08157241 -0.9893522 0.05286252 -0.1356013 -0.9893477 0.0528599 -0.1356354 -0.5694621 -0.05497705 0.8201771 -0.5694609 -0.05497401 0.8201782 -0.5694808 -0.05500602 0.8201622 -0.5694683 -0.05497592 0.8201729 -0.5694596 -0.05497199 0.8201792 -0.5694732 -0.05498123 0.8201692 -0.5694821 -0.05499428 0.8201621 -0.5694862 -0.05500632 0.8201586 -0.5694672 -0.0549879 0.8201729 -0.5694538 -0.05497974 0.8201827 -0.5694733 -0.05498766 0.8201686 -0.5694784 -0.05500215 0.8201642 -0.5694745 -0.05499196 0.8201676 -0.5694735 -0.05499064 0.8201684 -0.5694788 -0.05498802 0.8201648 -0.5694501 -0.05499035 0.8201847 -0.5694752 -0.05503249 0.8201643 -0.5694744 -0.05503815 0.8201645 -0.569508 -0.05498188 0.820145 -0.5694789 -0.05498677 0.8201648 -0.5694818 -0.05498492 0.820163 -0.569477 -0.05503833 0.8201627 -0.5694708 -0.0550121 0.8201687 -0.569484 -0.0549857 0.8201613 -0.7067924 -0.05408436 0.7053506 -0.569448 -0.05500042 0.8201854 -0.5695 -0.05500942 0.8201486 -0.7099229 -0.05396533 0.7022089 -0.8362191 -0.05306762 0.5458219 -0.8514081 -0.05306172 0.5218132 -0.9144195 -0.05249804 0.4013489 -0.9217179 -0.05253547 0.3842865 -0.9702616 -0.05238401 0.2363229 -0.9768222 -0.05247002 0.2075215 -0.9959317 -0.05243575 0.07328504 -0.9980835 -0.05260717 0.03258651 -0.9968101 -0.05264669 -0.05998188 -0.9953067 -0.05260944 -0.08122044 -0.9893542 -0.05282151 -0.1356034 -0.9893589 -0.05281859 -0.1355698 -0.9893564 0.05277448 -0.1356056 -0.9893513 0.05289268 -0.1355967 -0.9893515 0.0528962 -0.1355946 -0.9893561 0.05279105 -0.135602 -0.9983317 0.05243366 0.02417653 -0.9893592 0.05274236 -0.1355984 -0.9893631 0.05274987 -0.1355667 -0.9967405 0.05232751 0.06140291 -0.971136 0.05233538 0.2327146 -0.9656612 0.05237829 0.2544704 -0.8935331 0.05298221 0.4458605 -0.8953251 0.05289465 0.4422615 -0.8499445 0.05307483 0.5241923 -0.7954887 0.05339038 0.6036118 -0.7954162 0.05337923 0.6037084 -0.795417 0.05342906 0.6037029 -0.7954716 0.05343216 0.6036306 -0.7954403 0.05343389 0.6036717 -0.7954575 0.0534417 0.6036485 -0.7954249 0.053487 0.6036874 -0.7954458 0.05343711 0.6036642 -0.7954691 0.05341941 0.6036351 -0.7954239 0.0534681 0.6036905 -0.7954624 0.05342334 0.6036436 -0.7954791 0.05338269 0.6036252 -0.7954675 0.05335712 0.6036427 -0.795453 0.05338817 0.603659 -0.7954615 0.05341297 0.6036458 -0.7954345 0.05341917 0.6036806 -0.7954435 0.05341923 0.6036688 -0.9893522 -0.05286043 -0.135603 -0.9893506 -0.05289596 -0.1355999 -0.9893513 -0.0528962 -0.1355956 -0.9893561 -0.05279105 -0.1356015 -0.9985792 -0.0525698 -0.008719801 -0.9893625 -0.05270576 -0.1355879 -0.9893643 -0.05271732 -0.1355694 -0.9983468 -0.05246031 0.02348715 -0.9744373 -0.0522738 0.2184936 -0.9712774 -0.05232614 0.2321256 -0.8953405 -0.05276024 0.4422464 -0.893535 -0.05286526 0.4458706 -0.8499471 -0.0530216 0.5241935 -0.7954422 -0.053375 0.6036745 -0.7954158 -0.05337917 0.6037091 -0.795417 -0.05342906 0.6037029 -0.7954762 -0.05343157 0.6036247 -0.7954459 -0.05344301 0.6036636 -0.7954442 -0.05343025 0.603667 -0.7954443 -0.05343699 0.6036662 -0.7954439 -0.05344444 0.6036662 -0.7954691 -0.05341941 0.6036351 -0.7954352 -0.05341881 0.6036798 -0.7954421 -0.05342131 0.6036707 -0.795451 -0.05341958 0.6036589 -0.7954721 -0.05340194 0.6036326 -0.7954452 -0.05339592 0.6036688 -0.795439 -0.05344128 0.603673 -0.7954388 -0.05342513 0.6036746 -0.7954602 -0.05340176 0.6036484 -0.7954812 -0.0533899 0.6036217 -0.7954605 -0.05341619 0.6036468 -0.7954182 -0.05342638 0.6037016 -0.7954421 -0.0533781 0.6036744 -0.7954355 0.0533781 0.6036831 -0.7954162 0.05342632 0.6037043 -0.5691303 0.05502057 0.8204045 -0.8962546 0.06111878 0.439309 -0.5692997 0.05503141 0.8202862 -0.8959405 0.06112754 0.439948 -0.9982136 0.05261605 -0.02830594 -0.9982389 0.05271041 -0.02721816 -0.8960589 -0.06114083 0.4397049 -0.9982133 -0.05262106 -0.02830493 -0.998247 -0.05264478 -0.02704888 -0.8962334 -0.06111574 0.4393527 -0.5692971 -0.05504053 0.8202874 -0.5693017 -0.05499464 0.8202873 -0.8934323 0.09312087 0.4394398 -0.5692012 0.055067 0.8203522 -0.9937974 0.1076585 -0.0278654 -0.56957 0.05499601 0.8201009 -0.8775543 0.1865562 0.4416961 -0.5694345 0.05508923 0.8201887 -0.8683193 0.2241544 0.4424664 -0.9432647 0.3310977 -0.02502143 -0.8935254 -0.09311932 0.4392507 -0.5691965 -0.05506521 0.8203555 -0.569486 -0.05501109 0.8201582 -0.9938113 -0.1075629 -0.0277391 -0.8775597 -0.1865476 0.4416889 -0.943265 -0.3310976 -0.02501523 -0.8683181 -0.2241541 0.4424688 -0.569436 -0.05508941 0.8201878 -0.8683484 0.2242094 0.4423813 -0.8643463 0.5000032 0.05387413 -0.9431816 0.3313349 -0.02501624 -0.5695564 0.05501163 0.8201093 -0.5694902 0.05499124 0.8201567 -0.5189821 0.6242465 0.5839299 -0.5697435 0.05583482 0.8199237 -0.5694062 0.05523103 0.8201989 -0.4833424 0.6779447 0.5538694 -0.1932401 0.9792029 0.06180649 -0.3777632 0.916147 0.1340514 -0.5868432 0.5824856 0.5624283 -0.6252244 0.5687416 0.5344414 -0.5197662 0.8500832 0.08486253 -0.674309 0.5242466 0.5200701 -0.5694178 0.05510598 0.8201993 -0.6417027 0.7662295 0.03332197 -0.7076342 0.5037428 0.4954767 -0.7436819 0.4616909 0.4835069 -0.5694332 0.05485463 0.8202055 -0.7643825 0.6402508 0.07614719 -0.7641012 0.4029545 0.503763 -0.7869727 0.3673349 0.495721 -0.8647359 -0.499329 0.05387675 -0.5694074 -0.05525434 0.8201966 -0.5694676 -0.05505388 0.8201681 -0.4877845 -0.6743715 0.5543369 -0.4834921 -0.6776883 0.5540524 -0.5694354 -0.0544058 0.8202338 -0.1931278 -0.9792332 0.06167757 -0.5694524 -0.0552504 0.8201655 -0.505529 -0.6657808 0.5487955 -0.4410309 -0.8885074 0.1266746 -0.5694485 -0.05485475 0.8201947 -0.5874772 -0.5822733 0.5619863 -0.6292024 -0.5525689 0.5466005 -0.5859455 -0.8097992 0.02988868 -0.5715596 -0.06093329 0.8182952 -0.6718544 -0.5475736 0.4987735 -0.7063813 -0.5097435 0.4911079 -0.5694185 -0.05485153 0.8202158 -0.7416292 -0.4331136 0.5122487 -0.7654538 -0.6388143 0.07744038 -0.7665027 -0.3986304 0.503555 -0.8490493 -0.2817234 0.446931 -0.5693915 -0.05516225 0.8202137 -0.8683032 -0.2241427 0.4425039 -0.9432888 -0.3310297 -0.02501273 -0.468443 0.6859601 0.5567944 -0.5693918 0.05466127 0.8202471 -0.5694236 0.05496394 0.8202048 -0.4838824 0.6778235 0.553546 -0.1657695 0.9842956 0.06068605 -0.1940184 0.9790747 0.06139922 -0.1657079 -0.9843095 0.06062823 -0.4838787 -0.6778265 0.5535455 -0.1940092 -0.9790757 0.0614112 -0.4684205 -0.6860043 0.5567588 -0.5694002 -0.05466187 0.8202412 -0.5694225 -0.05495387 0.8202062 -0.6782158 0.7335317 -0.04421037 -0.9930226 0.08409303 0.08267217 -0.9893447 0.05317884 -0.1355331 -0.6593363 0.7489849 -0.06555444 0.05506682 0.9975906 0.0422008 0.01802974 0.9988019 0.04549598 -0.6699622 0.7409164 0.04683685 0.04974693 0.9974359 0.05144846 -0.6525057 0.7517627 0.09533804 -0.6593104 0.7356868 0.1551605 -0.9667149 0.05203658 0.2505089 0.03512072 0.9978498 0.05533844 -0.6489333 0.7308819 0.2114173 -0.6362053 0.7271153 0.2579653 -0.8837247 0.05573922 0.464676 0.01562124 0.99821 0.05773055 -0.6099886 0.7205949 0.3296316 -0.01529163 0.9980884 0.0598815 -0.5878335 0.7162392 0.3761028 -0.5533697 0.7100017 0.4355223 -0.7517887 0.05412691 0.6571788 -0.07063961 0.9956494 0.06076544 -0.5193285 0.7044765 0.4837465 -0.4933096 0.7001487 0.516176 -0.6393987 0.05331021 0.767025 -0.4699195 0.6920357 0.5479618 -0.1658653 0.9842743 0.06076854 -0.4684862 0.6858942 0.5568392 -0.5694802 0.05485343 0.8201727 -0.6489105 -0.7593306 -0.0482946 -0.6594286 -0.7488937 -0.06566673 -0.9893409 -0.05308669 -0.1355968 0.05497592 -0.9975956 0.04219925 -0.9932502 -0.08322805 -0.08079177 -0.6464596 -0.7626666 -0.02072632 0.04921746 -0.9974488 0.05170834 -0.9950256 -0.09355658 0.03422522 -0.6488873 -0.7566592 0.08007687 -0.6606828 -0.7369331 0.1429262 -0.9764785 -0.05566245 0.2083067 -0.6439837 -0.7308509 0.2261459 0.02370965 -0.9980651 0.05748224 -0.921295 -0.05803287 0.3845099 -0.6263756 -0.7247086 0.2871433 -0.5991318 -0.7181593 0.3539608 -0.01879507 -0.9980152 0.0601049 -0.8512939 -0.05357462 0.5219468 -0.5758703 -0.7136181 0.3989019 -0.5417011 -0.7082755 0.452665 -0.07330197 -0.9954528 0.06083428 -0.7098125 -0.05387908 0.702327 -0.5080883 -0.702478 0.4983685 -0.4755959 -0.6957161 0.5383195 -0.569489 -0.05494356 0.8201608 -0.4684274 -0.6859673 0.5567988 -0.1656895 -0.9843141 0.06060492 -0.6594549 0.7488712 -0.06566029 0.05206626 0.9982063 0.02955126 0.05495256 0.9975962 0.0422151 -0.6599927 0.7475647 -0.07454246 -0.9893525 0.05295372 -0.1355643 -0.9893522 0.0527538 -0.1356448 -0.9893671 -0.05263215 -0.1355831 -0.6599956 -0.7475621 -0.07454413 -0.9893519 -0.05274486 -0.1356497 -0.6595842 -0.7487551 -0.06568491 0.05206668 -0.9982063 0.02955305 0.05510497 -0.9975893 0.04217863 -0.6600175 0.7475439 -0.07453215 -0.6537817 0.7507759 -0.09436595 0.06449872 0.9979153 0.002236723 0.05192124 0.9982153 0.02950757 -0.9893454 0.052877 -0.1356458 -0.9893376 0.05313473 -0.1356019 -0.9893451 -0.05288225 -0.1356452 -0.6537862 -0.7507722 -0.09436494 -0.9893379 -0.05313462 -0.1356001 -0.6600146 -0.7475464 -0.07453233 0.06448769 -0.997916 0.002236068 0.0519213 -0.9982151 0.02950865 -0.4068617 0.8899038 0.20624 -0.2109196 0.9584171 0.1922225 0.152867 0.9881274 0.0153619 -0.5422621 0.7690743 0.3383439 0.1104764 0.99386 0.006106078 -0.5858052 0.7655417 0.2660419 -0.9707317 0.05340611 0.2341535 -0.893531 0.05338287 0.4458168 -0.7838125 0.4497402 0.4282191 -0.6241534 0.7593575 0.1838719 -0.6455652 0.7556837 0.1103991 -0.9983143 0.05288457 0.02391028 0.08222883 0.9966127 0.00129944 -0.6571015 0.7530995 0.03254175 -0.6568096 0.7514964 -0.06208449 0.06454378 0.9979124 0.002245426 -0.6539106 0.7506691 -0.09432339 -0.9893509 0.05287545 -0.1356057 -0.7394732 -0.6027854 0.2997151 -0.7840914 -0.4491655 0.428312 -0.8935334 -0.05327367 0.4458253 -0.5425482 -0.7688066 0.3384934 -0.9708817 -0.05319112 0.2335799 -0.5901792 -0.7659252 0.2550437 0.09435594 -0.995514 0.007000565 0.1529747 -0.9881128 0.0152288 -0.2115632 -0.9582285 0.1924558 -0.6330413 -0.755002 0.1709699 -0.6548954 -0.7502432 0.09081518 0.07568562 -0.9971317 4.59049e-4 -0.9983425 -0.05267572 0.02319025 -0.6585456 -0.7525128 0.006493508 -0.6560909 -0.7515093 -0.06912827 -0.9893274 -0.0532484 -0.1356317 -0.6538057 -0.7507603 -0.09432446 0.06443482 -0.9979195 0.002199232 -0.542686 0.7687001 0.3385146 -0.4997562 0.7708512 0.3950092 -0.1801713 0.9582113 0.2221923 -0.2112172 0.9583401 0.1922797 -0.7840241 0.4493763 0.4282142 -0.7375115 0.4512543 0.5024406 -0.8935438 0.05323064 0.4458093 -0.8499481 0.05285906 0.5242083 -0.6419318 -0.08176344 0.7623898 0.1527091 0.9881532 0.01527476 -0.9231744 0.05078822 0.3810113 -0.8936116 -0.05154591 0.4458717 -0.7375614 -0.4512575 0.5023643 -0.8499303 -0.05334031 0.5241884 -0.7846006 -0.4480754 0.4285212 -0.4995608 -0.7710075 0.3949513 -0.5428908 -0.7685412 0.3385471 -0.1805693 -0.9580631 0.2225086 -0.2117191 -0.95819 0.1924764 -0.6325634 0.09457874 0.7687122 0.1527423 -0.9881488 0.01523232 -0.9232041 -0.0507279 0.3809475 0.165243 0.9861387 0.01501601 -0.09106808 0.95997 0.2648853 0.2259833 0.9736248 0.0314095 -0.1803695 0.9581342 0.2223642 -0.4184522 0.7765216 0.4710755 -0.4998299 0.770718 0.3951758 -0.7375885 0.4510115 0.5025454 -0.7953538 0.05368417 0.6037636 -0.8499386 0.05243092 0.5242664 -0.849879 -0.05304968 0.5243011 -0.6650341 -0.4583038 0.5896502 -0.7953349 -0.05353385 0.6038018 -0.7376971 -0.4508018 0.5025743 -0.4999075 -0.7707194 0.3950749 -0.4186968 -0.7762923 0.4712361 -0.1044358 -0.9560416 0.274003 -0.1806555 -0.9580335 0.2225659 0.1654082 -0.9861107 0.01502972 0.2259563 -0.9736294 0.03146022 -0.2024964 0.3536792 0.9131848 -0.79558 0.05346727 0.6034846 -0.7952697 0.05384933 0.6038596 0.01700377 0.4124371 0.9108274 -0.0131157 0.495971 0.8682401 0.7828113 0.5047239 0.3639511 -0.03973913 0.53385 0.8446449 -0.7946879 0.05453526 0.6045637 0.7174809 0.6107481 0.3349746 -0.08420479 0.6029206 0.7933452 -0.1384626 0.6646746 0.7341905 -0.7951342 0.05414772 0.6040113 0.5773432 0.7804897 0.2398142 -0.1843426 0.7031748 0.6867045 -0.2562738 0.7426216 0.6187383 -0.7954419 0.0537576 0.603641 0.392468 0.9104629 0.1304846 -0.3195589 0.764747 0.5595034 -0.383409 0.7769213 0.4993907 0.2246594 0.9738996 0.03237372 -0.1206197 0.9508745 0.2851116 -0.4183678 0.7764172 0.4713224 -0.5109338 0.6526671 0.5594393 -0.7954613 0.05315524 0.6036686 0.4579396 0.4252834 0.780657 0.8402448 0.3372238 0.4245809 -0.1866124 0.3170664 0.9298628 0.3575294 0.3980947 0.8448038 0.4567799 0.3935327 0.7977997 -0.2393101 0.2945643 0.9251825 0.03417629 0.3539627 0.9346349 -0.3925321 0.2451762 0.8864578 0.02683717 -0.3777304 0.9255267 -0.7954595 -0.05345684 0.6036444 -0.7957139 -0.05327451 0.6033251 -0.001947343 -0.4585197 0.8886822 -0.7953256 -0.05355793 0.603812 -0.01919788 -0.4945692 0.8689263 0.7657833 -0.5310212 0.3627567 -0.05977189 -0.566449 0.8219264 0.6835274 -0.6606554 0.3103623 -0.7951323 -0.05400353 0.6040268 -0.09343266 -0.6128284 0.7846731 -0.1350463 -0.6604402 0.7386348 0.5501263 -0.8054619 0.2204365 -0.7948933 -0.05492198 0.6042584 -0.1855916 -0.7038153 0.6857112 -0.2320775 -0.7313275 0.6413268 0.4318317 -0.8886415 0.1543952 -0.7953415 -0.05354559 0.6037921 -0.2929928 -0.757421 0.5834971 -0.3410066 -0.7655075 0.5456308 0.2948486 -0.9508558 0.09453862 -0.4002463 -0.7720467 0.4937074 -0.7953411 -0.05432218 0.6037232 -0.6649637 -0.4585816 0.5895137 -0.4188724 -0.7760936 0.4714073 -0.2250385 -0.8911238 0.3940258 -0.1045815 -0.9560137 0.2740445 0.2259743 -0.9736275 0.03138589 0.5192136 -0.4469271 0.7284733 0.8413642 -0.3366226 0.4228376 0.5308647 -0.405806 0.7439787 -0.2361907 -0.2975276 0.9250358 -0.4430766 -0.2267287 0.8673392 0.03291058 -0.3535436 0.934839 0.05000346 -0.3623329 0.9307065 0.506116 -0.3926562 0.7678983 -0.245478 -0.3317225 0.9108791 0.539457 0.3276303 0.7756575 0.8560049 0.222831 0.4664783 0.8418263 0.3340399 0.4239647 0.5536777 0.2048258 0.8071478 0.8695653 0.1096479 0.4814912 -0.232219 0.2705813 0.9342699 0.03365629 0.3506575 0.9358989 -0.4426508 0.2248436 0.8680471 -0.7953959 0.05337136 0.6037358 0.05396425 0.3275073 0.9433065 0.506387 0.38984 0.7691534 -0.2257674 0.2310604 0.9463827 -0.7931962 0.0543915 0.6065323 -0.224247 0.1511231 0.9627436 -0.7949739 0.0536043 0.6042708 -0.4398927 0.1115309 0.8910979 0.04500162 0.147318 0.988065 -0.2247261 0.1907757 0.9555642 0.06315267 0.1726875 0.9829501 0.5352699 0.1461489 0.8319415 0.4341498 0.2844099 0.854766 0.4381772 0.2539219 0.8622786 -0.2876474 0.2044233 0.9356657 0.04547488 0.2486135 0.9675347 -0.2876631 0.1951526 0.9376382 0.4065573 0.2731902 0.8718248 0.407576 0.2656482 0.8736779 0.5393627 -0.3277735 0.7756627 0.8420063 -0.3339335 0.4236907 0.8558389 -0.2230064 0.466699 0.5532286 -0.2049248 0.8074306 0.8695957 -0.1095604 0.4814561 0.05385875 -0.3275074 0.9433123 0.03350275 -0.3505885 0.9359303 0.5064737 -0.3896861 0.7691744 -0.2324029 -0.2705805 0.9342243 -0.7954913 -0.05333966 0.603613 -0.4427953 -0.2248308 0.8679767 -0.2259929 -0.231101 0.946319 -0.7932808 -0.05440294 0.6064207 0.06289219 -0.1727264 0.9829599 0.5343627 -0.1462525 0.8325064 0.04487943 -0.1472725 0.9880772 -0.2246125 -0.1510573 0.9626687 -0.4399619 -0.1115626 0.8910596 -0.7951554 -0.05354899 0.6040368 -0.2247009 -0.1907218 0.9555808 0.4341706 -0.2844873 0.8547298 0.4379173 -0.2540132 0.8623837 -0.2874354 -0.2044171 0.9357321 0.04560267 -0.2486626 0.9675161 -0.2874867 -0.1949753 0.9377292 0.4063516 -0.2732859 0.8718907 0.4074411 -0.2656232 0.8737484 0.8713615 0.05478376 0.4875734 0.5420872 0.0866096 0.8358471 0.8727076 0.05455571 0.4851859 0.5372169 0.08688336 0.8389574 0.04620563 0.09842842 0.9940709 0.05591762 0.09834009 0.9935806 -0.4394862 0.08483892 0.8942339 -0.4352369 0.08500707 0.8962939 -0.7949895 0.05358356 0.604252 -0.7951594 0.0534774 0.6040378 -0.7955068 -0.05345517 0.6035823 -0.4356762 -0.08503037 0.8960782 -0.7948818 -0.0534842 0.6044026 -0.4399157 -0.08482283 0.8940242 0.05598199 -0.09840762 0.9935703 0.04529374 -0.09835052 0.9941205 0.5417605 -0.08664417 0.8360553 0.5358301 -0.08687472 0.8398447 0.8715416 -0.05465787 0.4872655 0.872973 -0.05454784 0.4847089 -0.4362272 -0.08460491 0.8958504 -0.4353727 0.08534127 0.8961963 -0.7951402 0.05368572 0.6040447 -0.7953969 -0.05340373 0.6037315 0.05544042 -0.09833103 0.9936083 0.05546784 0.09843707 0.9935963 0.5420234 -0.08626663 0.8359239 0.5421625 0.08688235 0.83577 0.8731541 -0.05420494 0.4844211 0.8728413 0.05450022 0.4849514 0.6710481 0.05430465 -0.7394224 0.7121747 0.0540108 -0.6999214 0.7121748 -0.05401074 -0.6999214 0.6710481 -0.05430465 -0.7394224 -0.00406301 0 -0.9999918 -0.004065632 8.26152e-6 -0.9999918 -0.004065692 -8.26152e-6 -0.9999918 -0.004064023 0 -0.9999917 0.004357457 0.9997107 -0.02365666 0.004331529 0.9997105 -0.02367013 0.004331529 0.9997105 -0.02366894 0.004331529 0.9997105 -0.02367115 0.004331588 0.9997105 -0.02367168 0.004331588 0.9997105 -0.02367079 0.004331648 0.9997105 -0.02366983 0.004331648 0.9997105 -0.02367085 0.004331648 0.9997105 -0.02367025 0.004331648 0.9997105 -0.02367067 0.004331469 0.9997105 -0.02367168 0.004331588 0.9997105 -0.02367061 0.004331469 0.9997105 -0.02367097 -0.9416115 -6.15065e-5 0.3367014 -0.9834148 -6.82706e-6 0.1813712 -0.9834137 -5.01901e-6 0.1813767 -0.9114252 -4.50574e-6 0.4114658 -0.8737689 3.34159e-6 0.4863413 -0.78649 2.95099e-5 0.617603 -0.7276402 -2.03503e-5 0.685959 -0.6158151 1.19731e-5 0.7878907 -0.9114522 -8.4567e-5 0.4114062 -0.9834059 1.33749e-5 0.1814191 -0.9834086 0 0.1814044 -0.9108615 -1.9819e-5 0.4127122 -0.5411607 -2.11503e-6 0.8409193 -0.5411341 1.75389e-6 0.8409363 -0.4093678 1.49859e-5 0.9123696 -0.7864906 2.39373e-6 0.6176024 -0.7816427 -2.08835e-4 0.6237265 -0.6690148 1.18664e-6 0.7432492 -0.3395341 1.51852e-6 0.9405937 -0.5411541 -1.2666e-6 0.8409236 -0.5411624 -8.7924e-4 0.8409177 -0.1791145 -1.6531e-6 0.9838283 -0.6158171 -2.55415e-5 0.7878893 -0.1207411 1.68928e-5 0.9926841 0.06156504 2.4063e-5 0.9981031 -0.4093679 -1.49841e-5 0.9123695 -0.3395346 -1.49151e-6 0.9405936 0.1041389 1.15391e-6 0.9945629 0.2985721 2.56342e-5 0.9543871 -0.1791144 1.66195e-6 0.9838283 -0.1207413 -1.68723e-5 0.992684 0.3236939 4.7239e-6 0.9461619 0.518333 8.32323e-6 0.8551789 0.06156492 -2.4044e-5 0.9981031 0.1041391 -1.15181e-6 0.9945628 0.52686 -4.03069e-6 0.8499521 0.7079451 5.64242e-6 0.7062675 0.2985722 -2.56193e-5 0.9543871 0.3236951 -5.12414e-6 0.9461615 0.7034926 1.04166e-6 0.7107026 0.5183332 -8.25268e-6 0.8551788 0.5271711 4.80348e-5 0.8497592 0.8279584 -2.2696e-5 0.5607897 0.7035565 1.31503e-6 0.7106394 0.8563892 3.8268e-6 0.5163311 0.7878513 3.61481e-6 0.6158656 0.7035583 -8.26941e-7 0.7106376 0.703472 2.40133e-6 0.7107231 0.8967035 -1.0265e-5 0.442632 0.9550742 -2.62312e-5 0.2963668 0.7079355 -1.11219e-5 0.7062771 0.937489 3.65918e-5 0.3480151 0.9522614 -6.42217e-6 0.3052839 0.9632159 -8.44616e-6 0.268729 0.856382 -2.50083e-5 0.5163429 0.8986057 -1.74344e-6 0.4387571 0.8579609 -3.31733e-6 0.513715 0.9706394 -6.24359e-6 0.2405396 0.9982455 -2.16626e-6 0.05921071 0.9736281 2.18335e-5 0.2281415 0.9752637 2.5793e-6 0.2210444 0.9777567 -1.49129e-4 0.2097426 0.978129 -9.13115e-6 0.2079993 0.983408 -3.83332e-6 -0.1814078 0.9550735 -2.62591e-5 0.2963691 0.9725993 1.10092e-5 0.232488 0.9667842 -1.12169e-5 0.2555943 0.9575731 1.77976e-6 0.2881906 0.9445759 -2.06521e-6 0.3282934 0.927592 -1.09384e-5 0.3735948 0.9982459 1.09263e-5 0.05920535 0.9752417 8.23569e-6 0.2211418 0.9776136 -6.31032e-5 0.2104085 0.983408 3.83332e-6 -0.1814077 -0.5475693 -0.05782699 -0.8347598 -0.5485523 5.7908e-4 -0.8361162 -0.5485573 -0.001058757 -0.8361124 -0.547652 -0.05623877 -0.8348141 0.00435996 -0.9997105 -0.02366602 0.004331707 -0.9997105 -0.02366828 0.004331409 -0.9997103 -0.02367669 0.004331588 -0.9997105 -0.02366918 0.004331767 -0.9997105 -0.02367025 0.004331648 -0.9997104 -0.02367246 0.004331648 -0.9997105 -0.02367115 0.004331767 -0.9997105 -0.02367085 0.004331648 -0.9997105 -0.02367138 0.004331648 -0.9997106 -0.02366894 0.004331588 -0.9997105 -0.02367031 0.004331648 -0.9997104 -0.02367299 0.004331648 -0.9997105 -0.02367258 0.670872 0.05431097 -0.7395818 0.7118334 0.05399936 -0.7002695 0.7122243 0.0539714 -0.699874 0.6709946 0.0542953 -0.7394716 0.6708999 0.05429762 -0.7395574 0.7099043 0.05400228 -0.7022249 0.670822 0.0542913 -0.7396285 0.7064871 0.0540924 -0.7056558 0.6844552 0.05418366 -0.7270387 0.670823 0.0543043 -0.7396267 0.7036508 0.05411869 -0.708482 0.7002792 0.05410283 -0.711816 0.6937574 0.05408668 -0.718175 -0.4726403 0.05709016 -0.8794043 -0.4101811 0.05731093 -0.9102017 -0.4726197 0.05709403 -0.8794151 -0.2475286 0.0575037 -0.9671726 -0.3208224 0.05749946 -0.9453925 -0.0569477 0.0574814 -0.9967212 -0.08614975 0.05750662 -0.9946212 0.1820718 0.05690139 -0.9816375 0.1252986 0.05710315 -0.9904745 0.3847915 0.05600214 -0.9213031 0.3622017 0.05620425 -0.9304037 0.5096921 0.05538433 -0.8585724 0.5826942 0.05488228 -0.8108364 0.5549467 0.05514764 -0.830056 0.6708279 0.05430126 -0.7396225 0.6705244 0.05430036 -0.7398976 0.6706306 0.05431753 -0.7398002 -0.8690061 0.05450022 -0.4917908 -0.7661652 0.05550956 -0.6402419 -0.8689965 0.05449461 -0.4918085 -0.7798671 0.05540341 -0.6234886 -0.6502395 0.0562945 -0.7576408 -0.632403 0.05634295 -0.7725879 -0.4726545 0.05710524 -0.8793957 -0.4726658 0.05711054 -0.8793894 0.6152338 0.05470174 -0.7864447 0.7045984 0.05408245 -0.7075423 0.5020335 0.05539828 -0.8630722 0.5093916 0.05541068 -0.8587491 0.3215795 0.05640399 -0.9452012 0.2778671 0.05650281 -0.9589564 0.1034962 0.05723297 -0.9929819 0.0723561 0.05720233 -0.9957372 -0.1296463 0.05750006 -0.9898917 -0.1059302 0.05749833 -0.9927098 -0.3566558 0.05737751 -0.9324724 -0.3124809 0.05750298 -0.9481821 -0.5570553 0.05679529 -0.8285311 -0.5094026 0.05690652 -0.8586447 -0.6674405 0.05619615 -0.7425397 -0.7335358 0.05573529 -0.6773617 -0.7582293 0.05560249 -0.6496127 -0.8689838 0.05449527 -0.4918308 -0.8690018 0.05450874 -0.4917975 0 1 8.64977e-7 0 1 0 0 1 -1.25497e-6 0 1 -1.04616e-6 0 1 -2.4381e-6 0 1 1.61245e-6 1.6692e-7 1 1.12895e-6 0 1 1.14054e-6 -3.88837e-7 1 0 0 1 0 0 1 -1.52848e-7 0 1 -2.08814e-7 1.55708e-7 1 0 0 1 2.06046e-6 0 1 5.30912e-7 -4.97976e-7 1 5.03079e-6 0 1 -2.99624e-7 0 1 -8.89865e-7 0 1 -2.8293e-6 0 1 1.26602e-6 -1.4714e-6 1 2.79637e-6 0 1 -3.37573e-6 0 1 6.98681e-7 1.4744e-7 1 0 0 1 2.05442e-6 0 1 -1.55048e-6 0 1 1.40778e-6 0 1 -3.02967e-6 0 1 -2.23639e-6 0 1 2.91821e-6 0 1 -1.14527e-6 0 1 -5.75583e-7 0 1 1.57923e-6 0 1 9.53861e-7 0 1 -2.55941e-6 0 1 1.59695e-6 0 1 -7.6868e-7 0 1 7.11579e-7 0 1 -1.17165e-6 0 1 -1.19189e-6 0 1 6.40938e-7 0 1 -3.98419e-7 0 1 1.06232e-5 0 1 -2.28012e-5 0 1 5.72892e-6 0 1 5.53128e-7 0 1 6.17038e-7 0 1 -3.77014e-7 0 1 2.62954e-5 0 1 7.81226e-6 0 1 2.28603e-6 0.997893 0.05243933 -0.03820669 0.9978911 0.05247646 -0.03820282 0.9978926 0.0524463 -0.03820931 0.9978924 0.05244946 -0.03820753 0.9978923 0.05245137 -0.03820914 0.9978922 0.05244952 -0.03821313 0.9978924 0.05245071 -0.03820663 0.9978871 0.05277979 -0.03789269 0.9978871 0.05277973 -0.03789263 0.9978871 0.05277973 -0.03789269 0.9978953 0.05244892 -0.03813403 -0.5476518 -0.05678468 -0.8347772 -0.5476576 -0.05681455 -0.8347715 0.670871 -0.05431109 -0.7395827 0.7118337 -0.05399948 -0.7002692 0.6709952 -0.05429601 -0.7394711 0.7122241 -0.05397087 -0.6998744 0.6708999 -0.05429738 -0.7395575 0.7099044 -0.054003 -0.7022246 0.6707757 -0.05429321 -0.7396704 0.7064842 -0.05408078 -0.7056596 0.6844599 -0.05418515 -0.7270342 0.670823 -0.0543043 -0.7396267 0.6907534 -0.05418801 -0.7210572 0.7015724 -0.05411422 -0.7105406 0.6959703 -0.05410373 -0.7160295 -0.3974671 -0.0572859 -0.9158265 -0.4726473 -0.05709511 -0.8794002 -0.3247365 -0.057401 -0.9440612 -0.4726178 -0.05708843 -0.8794165 -0.2894129 -0.05750393 -0.9554755 -0.06108528 -0.05750077 -0.9964749 -0.1041097 -0.05749863 -0.9929024 0.1779164 -0.05689471 -0.9823995 0.1225437 -0.05707943 -0.9908204 0.3798939 -0.05608111 -0.9233285 0.324436 -0.05641013 -0.9442242 0.5826851 -0.05490106 -0.8108416 0.501557 -0.05540084 -0.863349 0.6096619 -0.05470383 -0.7907717 0.6707715 -0.0543034 -0.7396734 0.6705716 -0.05430555 -0.7398546 0.6706307 -0.05431753 -0.7398 -0.4726547 -0.0571053 -0.8793956 -0.6323716 -0.05631589 -0.7726154 -0.4726657 -0.05711048 -0.8793894 -0.6501622 -0.05631536 -0.7577056 -0.7661806 -0.05555081 -0.6402198 -0.7798983 -0.05540001 -0.6234498 -0.8692891 -0.05450159 -0.4912903 -0.8689965 -0.05449461 -0.4918084 -0.8046753 -0.05521142 -0.5911426 -0.8689842 -0.05459171 -0.4918194 -0.8687321 -0.05450683 -0.4922738 -0.7223265 -0.05579763 -0.6892975 -0.7230911 -0.05580735 -0.6884947 -0.6140821 -0.05647999 -0.7872187 -0.5626522 -0.05669367 -0.8247474 -0.4628434 -0.05709922 -0.8845992 -0.3622875 -0.05738365 -0.9302983 -0.3124683 -0.05743139 -0.9481906 -0.1149944 -0.05750423 -0.9917004 -0.1348133 -0.05751544 -0.9892004 0.05501782 -0.05730152 -0.9968399 0.09953659 -0.05719804 -0.9933886 0.2266119 -0.05679154 -0.9723281 0.3775112 -0.05609613 -0.9243043 0.3188603 -0.05640166 -0.9461221 0.5082322 -0.05539852 -0.8594366 0.5267012 -0.05530458 -0.8482496 0.6129062 -0.05469715 -0.7882604 0.7046086 -0.0541262 -0.7075289 0 -1 -1.43456e-7 0 -1 -1.16489e-6 0 -1 0 0 -1 8.96069e-7 0 -1 -1.48011e-7 0 -1 -2.57093e-7 0 -1 -6.94354e-7 0 -1 0 3.93752e-7 -1 0 -1.30614e-7 -1 -1.67271e-7 2.64501e-7 -1 2.87929e-7 -1.23886e-7 -1 2.90716e-7 -1.43441e-7 -1 0 0 -1 -1.45095e-7 -1.40328e-7 -1 -5.13604e-7 0 -1 -6.98681e-7 2.53144e-7 -1 1.91334e-7 0 -1 -3.16506e-7 4.17723e-7 -1 -2.21237e-7 0 -1 3.28109e-7 0 -1 -3.00018e-7 0 -1 2.01047e-7 0 -1 0 1.63223e-7 -1 -1.44245e-6 0 -1 0 0 -1 -3.05412e-7 0 -1 0 0 -1 -3.18371e-7 0 -1 0 -3.12675e-7 -1 -6.17788e-7 0 -1 -3.85474e-7 0 -1 -2.85617e-7 0 -1 0 1.20944e-7 -1 0 0 -1 0 0 -1 0 0 -1 0 1.57933e-7 -1 0 0 -1 0 -2.19727e-7 -1 -2.12924e-6 -3.66679e-7 -1 -9.02324e-7 -4.97868e-7 -1 -1.9043e-6 1.5031e-7 -1 -2.1359e-6 0 -1 3.96545e-7 0 -1 1.60234e-7 -6.56491e-7 -1 0 0 -1 1.52481e-7 0 -1 -5.12174e-7 0 -1 0 3.50862e-7 -1 -9.05954e-7 0 -1 -1.69349e-7 0 -1 0 0 -1 -4.58956e-7 0 -1 0 0 -1 0 0 -1 0 0 -1 0 0 -1 -1.92271e-7 0 -1 -2.8063e-7 0 -1 -2.58913e-7 0 -1 0 3.92509e-7 -1 0 0 -1 1.33002e-7 0.9978924 -0.0524463 -0.03820937 0.9978923 -0.05245065 -0.0382117 0.997893 -0.05243933 -0.03820669 0.9978924 -0.05244946 -0.03820753 0.9978339 -0.05324345 -0.0386368 0.9978912 -0.05247652 -0.03820288 0.9978939 -0.05244219 -0.03818041 0.9978923 -0.05245071 -0.03820919 0.9978941 -0.0524429 -0.03817409 -0.5476531 0.05678492 -0.8347764 -0.5476576 0.05681455 -0.8347715 0.8021754 0.05719709 -0.5943427 0.6708174 0.05429375 -0.7396325 0.7817348 0.05691176 -0.6210086 0.670611 0.05429464 -0.7398195 0.8786036 0.05790013 -0.4740288 0.8716567 0.05789023 -0.4866862 0.9322053 0.05760347 -0.3573164 0.9622054 0.05671387 -0.2663538 0.9612817 0.05675727 -0.2696593 0.981975 0.05540233 -0.180709 0.9978942 0.05240023 -0.03822809 0.9978888 0.05250173 -0.03823089 0.9621568 0.0566067 -0.2665522 0.9978925 0.05240088 -0.03827285 0.9978734 0.05277645 -0.0382542 0.9624277 0.05664306 -0.2655646 0.8742622 0.05790066 -0.4819889 0.8716531 0.05791163 -0.4866899 0.7858517 0.05690211 -0.6157917 0.7817609 0.05693787 -0.6209735 0.6708871 0.05427199 -0.7395709 0.6708225 0.05428636 -0.7396284 0.990378 -0.05441242 -0.1272433 0.997888 -0.05249959 -0.03825575 0.9801225 -0.05560672 -0.1904416 0.9978945 -0.05239987 -0.03822052 0.9747033 -0.05599677 -0.2163745 0.938141 -0.05750375 -0.3414452 0.9322109 -0.05757766 -0.3573061 0.9061392 -0.0578832 -0.4190006 0.8295209 -0.05758941 -0.5554986 0.8705093 -0.0579034 -0.4887338 0.7987399 -0.0571959 -0.5989518 0.6708288 -0.05428153 -0.7396231 0.6706445 -0.05430507 -0.7397885 0.8187966 -0.05740141 -0.5712069 0.6708796 -0.05429327 -0.7395761 0.8295182 -0.05760532 -0.555501 0.6708956 -0.05429136 -0.7395619 0.9217185 -0.05770927 -0.3835424 0.9381462 -0.05749106 -0.3414329 0.9751563 -0.05597597 -0.2143293 0.9801351 -0.05552691 -0.1903999 0.997896 -0.05235123 -0.03824979 0.9978895 -0.05245375 -0.03827774 -0.5475417 0.05782514 -0.834778 -0.5485432 -5.78427e-4 -0.836122 -0.547643 0.0562396 -0.83482 -0.5485295 0.001057624 -0.8361306 0 1 -4.70397e-5 0 1 4.97314e-5 0 1 8.64932e-6 0 1 -7.11235e-7 0 1 -2.46358e-7 0 1 1.3469e-7 0 1 0 0 1 -2.03509e-7 0 1 2.14249e-6 0 1 0 0 1 1.66667e-7 0 1 5.41121e-7 0 1 0 0 1 0 4.62849e-7 1 0 -4.0928e-7 1 0 0 1 2.01574e-7 0 1 0 0 1 8.70573e-7 0 1 3.01626e-7 -0.3610384 -0.05743551 -0.9307807 -0.3299796 -0.05739825 -0.9422415 -0.3443892 -0.05720043 -0.9370829 -0.3734591 -0.0573284 -0.9258735 -0.3868501 -0.05730527 -0.9203605 -0.3397438 -0.05740624 -0.9387645 -0.5479853 -0.05681174 -0.8345565 -0.5906874 -0.05656903 -0.8049152 -0.7272758 -0.05579209 -0.6840739 -0.763965 -0.05549496 -0.6428669 -0.8631678 -0.05460411 -0.5019561 -0.8917828 -0.05427902 -0.4491962 -0.9442988 -0.05360728 -0.324694 -0.990828 -0.05290865 -0.1243408 -0.9876129 -0.05383306 -0.147387 -0.9876419 -0.0532034 -0.1474204 -0.9688779 -0.05329304 -0.2417344 -0.9951308 -0.05271774 -0.08327955 -0.9970235 -0.05258756 -0.05638021 -0.9951246 -0.05269169 -0.08337068 -0.9932569 -0.05273103 -0.1032493 -0.9979365 -0.05253666 0.03691482 -0.9981099 -0.05250042 0.03194254 -0.9982883 -0.05250245 0.02576869 -0.998511 -0.05251896 0.01475477 -0.9986109 -0.05251592 0.004307508 -0.9985724 -0.05252206 -0.009724736 -0.9981126 -0.05260783 -0.03168189 -0.9978793 -0.05252802 0.03844267 -0.9977617 -0.05235815 0.04159516 -0.9976294 -0.05229616 0.0447306 -0.997482 -0.05265069 0.04751735 -0.9973261 -0.05247336 0.05086553 -0.9962584 -0.05239719 0.06872898 -0.9962611 -0.05241304 0.06867873 -0.9968922 -0.05250108 0.05873316 -0.9971365 -0.05204802 0.05486345 -0.9962573 -0.05239152 0.06875145 -0.9962591 -0.0523619 0.06874626 -0.1047922 -1.81434e-4 -0.9944941 -0.1047922 -1.81254e-4 -0.9944942 -0.1047922 -1.81246e-4 -0.9944941 -0.1042687 -5.55716e-4 -0.994549 -0.1042687 -5.55724e-4 -0.994549 -0.1042687 -5.55721e-4 -0.994549 -0.1039645 -4.97259e-5 -0.994581 -0.1046891 1.15607e-4 -0.9945051 -0.1046891 1.15593e-4 -0.9945051 -0.1046891 1.156e-4 -0.9945051 -0.1043096 1.59621e-4 -0.9945449 -0.1039537 -1.16711e-4 -0.9945822 -0.1037933 -1.23185e-5 -0.9945989 -0.1037933 -1.23425e-5 -0.9945989 -0.1037933 -1.23005e-5 -0.9945989 -0.1039351 -1.4022e-4 -0.9945841 -0.1040821 -4.86416e-6 -0.9945687 -0.1040868 8.75332e-6 -0.9945683 -0.1040884 0 -0.9945681 0.004331111 0.9997105 -0.02367132 -0.1040866 0 -0.9945682 -0.1040861 7.20343e-6 -0.9945684 -0.1040859 0 -0.9945684 -0.1040866 -7.20345e-6 -0.9945683 -0.1037209 -1.54929e-4 -0.9946064 -0.1037209 -1.55099e-4 -0.9946065 -0.1037209 -1.54955e-4 -0.9946065 -0.1039822 7.48352e-5 -0.9945792 -0.10377 -3.30514e-4 -0.9946013 -0.1037699 -3.30509e-4 -0.9946013 -0.10377 -3.30512e-4 -0.9946013 -0.1031354 4.32345e-5 -0.9946674 -0.1031354 4.3001e-5 -0.9946674 -0.1031354 4.31533e-5 -0.9946674 -0.1041873 -3.92139e-6 -0.9945577 -0.104182 -8.68822e-5 -0.9945582 -0.104294 -1.61873e-4 -0.9945465 -0.1040824 4.86418e-6 -0.9945687 -0.1040884 0 -0.9945681 -0.1040867 -8.75329e-6 -0.9945682 0.004331111 -0.9997105 -0.0236746 -0.9979366 0.05251282 0.03694599 -0.9986191 0.05252796 -7.61961e-4 -0.998494 0.05252468 0.01584106 -0.998279 0.05247694 0.02617478 -0.9981079 0.05247181 0.03205227 -0.9981124 0.05261433 -0.03167849 -0.9962607 0.05237436 0.06871402 -0.9974485 0.05246365 0.04841846 -0.9972454 0.05277305 0.0521211 -0.9970816 0.05231142 0.05560582 -0.9969028 0.0522021 0.05882084 -0.996261 0.05241316 0.06867957 -0.995995 0.05270498 -0.07222431 -0.9978172 0.05248767 0.04007476 -0.9876371 0.05330681 -0.147416 -0.98759 0.05418044 -0.1474124 -0.9908304 0.05282008 -0.1243598 -0.9850122 0.05298566 -0.1641452 -0.997601 0.05261027 0.04499226 -0.944279 0.0536186 -0.3247496 -0.9226483 0.05393105 -0.3818528 -0.8631653 0.05457407 -0.5019637 -0.8192148 0.0549969 -0.5708438 -0.7272861 0.05569279 -0.6840711 -0.6726107 0.0560981 -0.7378672 -0.5479804 0.05678588 -0.8345615 -0.5363342 0.05679857 -0.8420925 -0.3868763 0.05729448 -0.92035 -0.3397432 0.05740624 -0.9387647 -0.3299788 0.05742448 -0.9422401 -0.3650779 0.05737149 -0.9292076 -0.3463122 0.05737406 -0.9363633 -0.337169 0.05820655 -0.939643 -0.9962573 0.05239158 0.06875181 -0.9962591 0.05236202 0.06874644 0 -1 4.40077e-5 0 -1 -2.55461e-5 0 -1 2.34149e-5 0 -1 1.73142e-5 0 -1 5.07422e-7 0 -1 -2.84494e-6 0 -1 1.88128e-7 0 -1 -1.3469e-7 0 -1 0 0 -1 0 0 -1 7.06801e-7 0 -1 -2.03099e-7 0 -1 0 0 -1 0 0 -1 0 0 -1 0 0 -1 0 0 -1 0 0 -1 -4.03149e-7 0 -1 1.89364e-6 0.004396498 -0.99971 -0.02367925 -0.3628 -0.7340063 -0.5741176 -0.410272 -0.6459748 -0.643734 -0.3148018 -0.8047661 -0.5032411 -0.2607139 -0.8678684 -0.4228861 -0.2236831 -0.9026797 -0.3676074 -0.5277971 -0.2539026 -0.8105331 -0.5476185 -0.05676108 -0.8348008 -0.5476025 -0.05679601 -0.8348089 -0.5349104 -0.2041357 -0.8198777 -0.4840761 -0.4508126 -0.7499589 -0.4406505 -0.5770423 -0.6876405 -0.5119133 -0.339874 -0.7889426 -0.3826729 -0.6998155 -0.6031748 0.004280149 -0.9997109 -0.02366209 -0.3187082 -0.7996188 -0.5089547 -0.08509999 -0.983587 -0.1591058 -0.4466323 -0.561682 -0.6964432 -0.2456759 -0.882804 -0.4003756 -0.4813385 -0.459923 -0.7461797 -0.1679086 -0.9440472 -0.2838694 0.004271268 0.9997113 -0.02364581 -0.288219 0.8377343 -0.4638223 -0.2236689 0.9026845 -0.3676045 -0.3602035 0.7383086 -0.5702227 -0.4304194 0.6015092 -0.6729977 0.004277646 0.9997109 -0.02366006 -0.1583279 0.9498828 -0.269546 -0.4662849 0.5074139 -0.7246445 -0.4992112 0.3946972 -0.771364 -0.2920904 0.8332163 -0.4695039 -0.3927414 0.6810246 -0.6180289 -0.5265965 0.2612848 -0.8089663 -0.444593 0.5669345 -0.6934857 -0.4872291 0.4399375 -0.7543625 -0.5398991 0.1615703 -0.8260775 -0.5215417 0.290894 -0.8021067 -0.5476139 0.056804 -0.8348008 -0.5386239 0.1726503 -0.8246674 -0.5476099 0.05674523 -0.8348074 -0.1430231 0.9886361 -0.04629302 0.004261851 0.9997105 -0.0236873 0.004304528 0.9997111 -0.02365177 -0.2874911 0.9553921 -0.06763792 -0.2185177 0.9744832 -0.05130851 -0.4821128 0.8709313 -0.09511005 -0.4450276 0.8921068 -0.07807624 -0.6562837 0.7452213 -0.118055 -0.6330304 0.7677963 -0.09880089 -0.8017108 0.5821614 -0.1354545 -0.7771111 0.6190331 -0.1135618 -0.9097657 0.3883598 -0.1466391 -0.8869297 0.4451351 -0.1233313 -0.9675051 0.2180835 -0.1279593 -0.9732826 0.1731801 -0.1507635 -0.988627 0.08010882 -0.1272768 -0.9876794 -0.05251443 -0.1474167 -0.9908551 -0.05236709 -0.1243547 -0.5377108 0.1760223 -0.8245503 -0.7235303 0.03356647 -0.6894761 -0.5474969 0.05669856 -0.8348847 -0.9981309 -0.05212271 0.03190344 -0.9987114 -0.04997932 0.008819937 -0.988408 -0.03371798 -0.1480295 -0.896979 0.05036431 -0.4391949 -0.8608353 0.008646905 -0.5088105 -0.9510508 -0.01584506 -0.3086282 -0.893974 0.1087522 -0.4347226 -0.9983524 -0.05177283 0.02474385 -0.5180358 0.2963073 -0.802397 -0.891232 0.1418621 -0.4307907 -0.8864475 0.1851763 -0.4241707 -0.9985642 -0.05193805 0.01312005 -0.4805768 0.4447253 -0.755821 -0.8790753 0.2363744 -0.413949 -0.8723964 0.2743557 -0.4045411 -0.9986303 -0.05222505 0.003202497 -0.4381145 0.5684758 -0.6963412 -0.8656857 0.3075671 -0.3949567 -0.8573545 0.3447759 -0.3821948 -0.9985781 -0.05235379 -0.01004827 -0.3895595 0.6796271 -0.621571 -0.8482846 0.3809512 -0.3678173 -0.8314729 0.4410691 -0.3378034 -0.9980617 -0.05301731 -0.0325908 -0.2917864 0.8334931 -0.4692016 -0.8172866 0.4829989 -0.3142526 -0.802309 0.5225935 -0.288438 -0.9969728 -0.05232292 -0.05751174 -0.1551513 0.9506999 -0.2685104 -0.7785398 0.5778662 -0.2448399 -0.99523 -0.05165719 -0.08275848 -0.7631586 0.6094384 -0.2148813 -0.7520921 0.6302015 -0.1928823 -0.9934322 -0.05209362 -0.1018767 0.004393994 0.9997101 -0.02367645 -0.8044021 0.578535 -0.1350362 -0.2184482 0.9744976 -0.0513311 -0.4450822 0.8920931 -0.07792258 -0.6329444 0.7678697 -0.09878075 -0.777135 0.6190105 -0.1135216 -0.8709136 0.4724363 -0.1353277 -0.9908207 -0.0528624 -0.1244193 -0.8868728 0.445268 -0.1232611 -0.9674809 0.2182874 -0.1277948 -0.9886537 0.07985568 -0.1272286 -0.9948704 -0.03935563 -0.09318768 -0.9884229 -0.03379571 -0.1479122 -0.9987033 -0.05012369 0.008918583 -0.9784419 -0.02739262 -0.2046981 -0.9509767 -0.01593399 -0.3088517 -0.9481815 -0.01457762 -0.3173947 -0.8607208 0.00867486 -0.5090034 -0.8575536 0.009762883 -0.5143021 -0.7236232 0.03329861 -0.6893916 -0.7213689 0.03402155 -0.691715 -0.5476678 0.05675804 -0.8347687 -0.5477389 0.05683952 -0.8347165 -0.9784187 -0.02752691 -0.2047905 -0.9948844 -0.03934007 -0.09304571 -0.9941442 -0.04697078 -0.09732002 -0.9769698 -0.04342716 -0.2089118 -0.9940657 -0.04780912 -0.09771293 -0.9481109 -0.01422113 -0.3176215 -0.9463226 -0.03739815 -0.321053 -0.8574807 0.009373128 -0.5144309 -0.8557969 -0.02661353 -0.516627 -0.7212768 0.03365445 -0.6918289 -0.7205186 -0.01389551 -0.6932964 -0.5474732 0.05785393 -0.8348211 -0.5483394 0.001359343 -0.8362548 -0.7204068 0.01359623 -0.6934185 -0.5486825 1.07051e-5 -0.836031 -0.7203881 -0.01367497 -0.6934365 -0.8558154 -0.0264942 -0.5166023 -0.8558262 0.02651035 -0.5165839 -0.9463473 -0.03779006 -0.3209342 -0.9463813 0.03780329 -0.3208326 -0.9769829 -0.04310607 -0.2089174 -0.977002 0.04308223 -0.208833 -0.994064 -0.04768824 -0.09778892 -0.9940658 0.04771929 -0.09775549 -0.9769673 0.04342675 -0.2089235 -0.9940665 0.04779887 -0.09770959 -0.9941444 0.04696649 -0.0973193 -0.978411 0.02762466 -0.2048141 -0.994885 0.03934007 -0.09303981 -0.9481152 0.01423066 -0.3176084 -0.9462925 0.03739058 -0.3211423 -0.857464 -0.009373843 -0.5144587 -0.8557762 0.02666217 -0.5166588 -0.7212796 -0.0336557 -0.691826 -0.7205257 0.01389312 -0.6932892 -0.5474929 -0.05786973 -0.834807 -0.5483847 -0.001366972 -0.836225 -0.7212288 -0.034042 -0.69186 -0.7237906 -0.03358274 -0.689202 -0.5478229 -0.05678296 -0.8346651 -0.5477374 -0.05683934 -0.8347175 -0.8575109 -0.009605109 -0.5143762 -0.8608894 -0.008697569 -0.5087179 -0.9481474 0.01465409 -0.3174931 -0.9509768 0.01578128 -0.3088595 -0.9784078 0.02736264 -0.2048646 -0.9883794 0.03380393 -0.148201 -0.9948835 0.03925746 -0.09308981 -0.9987027 0.05014038 0.008897721 -0.9883695 0.03399419 -0.1482232 -0.9981324 0.05211764 0.03186798 -0.9509697 0.01594835 -0.3088729 -0.9987081 0.05003196 0.008892059 -0.5254487 -0.8402866 -0.1334996 -0.2174159 -0.9747415 -0.05108374 0.004244387 -0.9997108 -0.0236746 -0.4433068 -0.8929805 -0.07787889 -0.6326463 -0.7681127 -0.09880018 -0.0830025 -0.9838533 -0.1585668 -0.6224153 -0.7703557 -0.1383891 -0.6772729 -0.7222019 -0.1404494 -0.9960321 0.0517292 -0.07241779 -0.9908189 0.05302065 -0.1243655 -0.7774139 -0.6186461 -0.1135989 -0.8878206 -0.4433898 -0.1232073 -0.9678033 -0.2167997 -0.1278855 -0.9886888 -0.07933849 -0.1272791 -0.7565963 -0.6220965 -0.20139 -0.1650139 -0.944919 -0.2826634 -0.7710883 -0.5936006 -0.2303504 -0.7848743 -0.5639407 -0.2567938 -0.9980602 0.0530427 -0.03259658 -0.2442314 -0.8833164 -0.400129 -0.8090338 -0.5051187 -0.3005322 -0.3186421 -0.799516 -0.5091577 -0.8219055 -0.4697728 -0.3221568 -0.8332849 -0.4348976 -0.3413218 -0.998629 0.05231851 -0.001711249 -0.3801847 -0.6986187 -0.6061285 -0.8523587 -0.3654398 -0.3740836 -0.8619437 -0.3252493 -0.3889294 -0.4342973 -0.5787225 -0.6902653 -0.8726793 -0.2733364 -0.4046209 -0.9985445 0.05198621 0.01436531 -0.4775593 -0.4552878 -0.7514321 -0.8794019 -0.235008 -0.4140333 -0.8863962 -0.1858926 -0.4239646 -0.9983423 0.05181217 0.02506154 -0.525274 -0.2580708 -0.8108555 -0.8923896 -0.1286099 -0.432551 -0.8960121 -0.07376199 -0.4378603 -0.5476197 -0.05673688 -0.8348016 -0.7237244 -0.03347814 -0.6892766 -0.8609227 -0.008687794 -0.5086618 0.004272818 -0.9997106 -0.02367633 -0.2271341 -0.9720829 -0.05886363 0.004288911 -0.9997107 -0.0236659 -0.2173727 -0.9747433 -0.05123406 -0.4469565 -0.889985 -0.09031468 -0.4432007 -0.8930417 -0.07777941 -0.6436874 -0.7563744 -0.1164661 -0.6326344 -0.7681217 -0.09880751 -0.7917761 -0.5958529 -0.1343505 -0.7772825 -0.6188389 -0.1134483 -0.9102067 -0.3873313 -0.1466233 -0.8876832 -0.4436361 -0.1233115 -0.9678828 -0.2163885 -0.1279804 -0.9734233 -0.1724291 -0.1507165 -0.9886774 -0.0794909 -0.1272723 -0.9876638 0.05276834 -0.1474311 -0.9908512 0.05239808 -0.1243723 0.6706206 0.05432325 -0.7398088 0.4808433 0.6768187 -0.5574104 0.5548814 0.05518227 -0.8300973 -0.2926367 0.7550734 -0.5867094 -0.2594494 0.8364158 -0.4827986 -0.3474208 0.6792068 -0.6465113 -0.1629724 0.9388754 -0.3032374 -0.08313989 0.9844926 -0.1544737 -2.3514e-5 1 -4.13507e-6 -0.326986 0.6803985 -0.6558492 -0.4114418 0.05728739 -0.9096339 -0.355856 0.6030398 -0.7139395 -0.4528819 0.2912332 -0.8426631 -0.4726859 0.05711251 -0.8793783 -0.4111775 0.4956867 -0.7650019 -0.2259604 0.7530074 -0.6179982 -0.002212464 0.9999595 -0.008725702 -0.3197298 0.05746966 -0.9457644 -0.1897729 0.753292 -0.6297122 -0.1152246 0.7535135 -0.6472565 -1.77324e-5 1 -9.08971e-5 -0.08072245 0.057684 -0.9950661 -0.02756762 0.7558766 -0.6541336 0.03847157 0.7546032 -0.6550528 7.94779e-4 0.999992 -0.003932058 0.1219 0.05738472 -0.9908822 0.1064856 0.7516262 -0.6509369 0.1885411 0.7495329 -0.6345493 0.008295536 0.9997958 -0.01842695 0.362128 0.05620694 -0.9304322 0.2610404 0.7402022 -0.619644 0.306026 0.7422264 -0.5961947 0.005639553 0.9999431 -0.009066104 0.3652448 0.7391765 -0.5658749 0.3904553 0.7417736 -0.5452675 9.50545e-5 1 -2.21431e-5 9.23872e-7 1 -1.96397e-5 -0.1630053 0.9388583 -0.3032729 -0.08304655 0.9844782 -0.1546155 -9.89437e-6 1 -1.13025e-5 -0.6323609 0.05635988 -0.7726211 -0.4726535 0.05700999 -0.8794024 -0.4528917 0.2912601 -0.8426487 -0.1478356 0.9854733 -0.08358806 -2.44379e-5 1 -2.67476e-5 -2.33591e-4 0.9999999 3.8835e-4 -0.2998506 0.9387707 -0.1697037 -0.8689966 0.05469155 -0.4917863 -0.7662009 0.05554288 -0.6401964 -0.8370019 0.2740846 -0.473609 -0.4754936 0.6605616 -0.5810028 -0.4111657 0.4956957 -0.7650025 -0.3475505 0.6791515 -0.6464998 -0.2594458 0.836409 -0.4828125 -0.5310186 0.6576462 -0.5343413 -0.5801231 0.6546297 -0.4846827 -0.7584192 0.4904599 -0.429243 -0.6352283 0.6835465 -0.3595125 -0.4775343 0.8360294 -0.2702146 0.5690276 0.5132311 -0.6424964 0.7046319 0.0539835 -0.7075167 0.6152334 0.05472934 -0.786443 0.6739671 0.2961887 -0.676787 0.6069347 0.5101445 -0.6094119 0.538277 0.5837736 -0.6078374 0.5158264 0.6823354 -0.5180169 0.5053865 0.6472106 -0.570704 0.4017201 0.8221372 -0.4033753 0.2730054 0.9221068 -0.2742028 0.1347331 0.9815816 -0.1354421 -5.21541e-5 1 -2.96012e-5 -2.22027e-5 1 1.75536e-5 0.4332782 0.6512081 -0.6230555 0.5093896 0.05535411 -0.858754 0.3907928 0.6534022 -0.6483415 0.3221711 0.6568793 -0.6817004 0.3215794 0.05635696 -0.945204 6.63102e-6 1 6.79493e-6 0.2361499 0.6605665 -0.7126606 0.1556187 0.6634643 -0.7318457 0.1035182 0.05713695 -0.9929851 -1.04085e-5 1 1.60038e-5 0.06856125 0.6658567 -0.7429228 -0.01813554 0.6674072 -0.7444722 -0.1296076 0.05759781 -0.9898912 -8.88202e-6 1 1.10269e-5 -0.108219 0.6681988 -0.7360701 -0.1940385 0.6680066 -0.7184124 -0.3566576 0.05737656 -0.9324716 3.35276e-7 1 1.19805e-5 -0.2792429 0.6669251 -0.6908216 -0.3570957 0.6650336 -0.6559063 -0.5570386 0.0567848 -0.828543 -7.6741e-6 1 1.68979e-5 -0.4309838 0.6625497 -0.6126017 -0.5022661 0.6591952 -0.5596343 -0.7335366 0.05576968 -0.677358 3.19779e-5 1 9.05991e-6 -0.5601722 0.6558913 -0.5059782 -0.5883515 0.6540066 -0.4755188 -0.869028 0.05455482 -0.4917461 3.72529e-6 1 -6.30319e-6 -0.6420296 0.6498698 -0.4067767 -0.8370113 0.2741274 -0.4735676 -0.7583656 0.4905561 -0.4292276 -0.6352708 0.6835147 -0.359498 -0.5481858 0.7608034 -0.3473767 -0.4775546 0.8359969 -0.2702792 -0.447788 0.8479365 -0.2837074 2.44007e-5 1 -4.72739e-5 -0.2998369 0.9387767 -0.1696941 -0.1478047 0.9854673 -0.08371388 0.5926432 0.2026418 -0.7795578 0.7046203 0.05412667 -0.7075172 0.673905 0.2963479 -0.6767792 0.5496676 0.4185747 -0.7229528 0.6069403 0.51019 -0.6093683 0.4751611 0.6195113 -0.6248422 0.5158313 0.6823179 -0.5180352 0.3738161 0.7865632 -0.4915079 0.4017292 0.8221246 -0.403392 0.2541899 0.9075653 -0.3342347 0.2730707 0.922088 -0.274201 0.126284 0.9779973 -0.1660539 0.1348305 0.9815732 -0.135406 -9.34862e-6 1 2.57976e-7 -1.65701e-5 1 2.92882e-5 0.3384189 0.3197926 -0.884989 0.5927403 0.2023289 -0.7795652 0.5496248 0.4184832 -0.7230383 0.4750416 0.6195066 -0.6249377 -9.52184e-6 1 -2.72244e-5 0.2540755 0.9075987 -0.3342312 0.1262633 0.9779963 -0.1660749 -5.99399e-5 1 2.24188e-5 1.46031e-5 1 -5.23031e-6 -0.537035 0.8115133 -0.2303034 -0.6680588 0.5988444 -0.4416821 -0.565794 0.5908315 -0.5751481 -0.746338 0.5938287 -0.3005777 -0.7973696 0.5795037 -0.1684554 -0.2296403 0.9575523 -0.1742388 -0.8305776 0.5560938 -0.0300104 -3.8404e-5 1 -8.71548e-5 -0.1024612 0.9902391 -0.09449023 8.85874e-6 1 -1.90586e-5 0.1781671 0.8303866 -0.5279343 0.3737373 0.7865146 -0.4916453 1.9405e-5 1 -3.03388e-5 0.1071614 0.8456955 -0.5227961 0.1035369 0.4167065 -0.9031257 2.78912e-5 1 -2.39313e-5 0.06967145 0.8524367 -0.5181676 0.0296933 0.8592209 -0.5107423 -0.07295143 0.4788259 -0.8748738 1.51917e-5 1 1.64658e-5 -0.02043998 0.8681626 -0.495859 -0.06164306 0.8739456 -0.4820989 1.61976e-5 1 1.03712e-5 -0.1151688 0.8817147 -0.4575101 -0.269352 0.5353107 -0.8005573 -2.53245e-5 1 -3.8296e-5 -0.1547554 0.8859087 -0.4372832 -0.1846503 0.888427 -0.42024 -0.4424919 0.5713182 -0.6912283 0.6705312 -0.05436527 -0.7398868 0.6096393 -0.0548346 -0.7907801 0.5791793 -0.4854435 -0.6549016 -0.2542411 -0.8075062 -0.5322549 -0.3724148 -0.6174354 -0.6928787 -0.3015986 -0.7707765 -0.5611969 -0.4308049 -0.4144725 -0.8016358 -0.4607551 -0.2289981 -0.8574758 -0.4726049 -0.05734544 -0.8794068 -0.3237699 -0.05747401 -0.9443886 -0.2202242 -0.8595848 -0.4611023 -0.1099126 -0.9726635 -0.2045606 -8.9407e-7 -1 -9.0003e-6 -0.2125311 -0.8935042 -0.3955765 -0.002996981 -0.9999683 -0.00737518 -0.2297748 -0.7534314 -0.6160719 -0.1826292 -0.7537772 -0.6312422 -0.09880816 -0.05769604 -0.9934325 -0.001838445 -0.9999679 -0.007795393 -0.1090455 -0.7539288 -0.6478431 -6.03963e-5 -1 2.03043e-4 -0.04818493 -0.7564232 -0.6523053 0.02249276 -0.7551175 -0.6552036 0.1191735 -0.0574038 -0.9912127 -1.24626e-4 -1 4.26739e-4 0.08878475 -0.7538269 -0.6510471 0.1570376 -0.7521647 -0.6399902 0.3237395 -0.05642664 -0.9444622 0.008298575 -0.999785 -0.01900756 0.2451898 -0.7406532 -0.6255518 0.3080285 -0.737976 -0.6004247 0.5017448 -0.05548387 -0.8632345 0.3761368 -0.7426944 -0.5540091 8.76188e-5 -1 1.59144e-5 0.4079048 -0.7406955 -0.5338389 0.3141061 -0.8699747 -0.380107 0.5337788 -0.5199566 -0.6668775 -2.67625e-5 -1 -2.38419e-5 -0.1983361 -0.9736813 -0.1122838 1.34781e-5 -1 2.2836e-5 -0.4001114 -0.8880719 -0.2263608 -0.7661997 -0.05555415 -0.6401966 -0.8459978 -0.2346674 -0.4787681 -0.7917322 -0.4152396 -0.4480361 -0.8690037 -0.05440354 -0.4918058 -0.1099393 -0.972661 -0.2045578 -3.62098e-6 -1 5.1558e-6 -8.8131e-6 -1 -2.85255e-5 -0.2126059 -0.8934704 -0.3956126 -0.4608737 -0.2287479 -0.8574789 -0.6323533 -0.05638456 -0.7726256 -0.4308589 -0.4144721 -0.8016067 -0.4726284 -0.0572943 -0.8793975 -0.5801275 -0.6546089 -0.4847055 -0.5686645 -0.7570019 -0.3218215 -0.6964377 -0.5997286 -0.3940814 -0.5310308 -0.6576476 -0.5343276 -0.4754815 -0.6605805 -0.5809913 -0.3016055 -0.7707633 -0.5612112 -0.3723406 -0.617506 -0.6928557 -0.7336336 -0.4871586 -0.4737703 -0.868987 -0.05478894 -0.4917926 -0.8046776 -0.0551564 -0.5911445 -0.6964932 -0.5996372 -0.3941226 -0.7917746 -0.41513 -0.4480625 -0.8459824 -0.2346794 -0.4787895 -0.6880114 -0.5738261 -0.4442566 -0.6381949 -0.6503655 -0.4119857 -7.12275e-6 -1 1.87755e-6 -2.71797e-5 -1 7.78437e-5 -0.1982882 -0.9736946 -0.1122531 -0.3999822 -0.8881234 -0.2263875 -0.5686283 -0.7570354 -0.3218065 -0.5822731 -0.6544134 -0.4823911 -0.7231088 -0.05584043 -0.6884734 -0.5485877 -0.6565808 -0.5176419 -0.4904202 -0.6598066 -0.569336 3.36617e-5 -1 2.09212e-5 -0.5626371 -0.05677479 -0.8247523 -0.4156187 -0.663092 -0.6225515 -0.3421936 -0.6655181 -0.6633169 3.33786e-6 -1 -1.15931e-5 -0.3622419 -0.05737859 -0.9303165 -0.2612608 -0.6672416 -0.6975181 -0.1773247 -0.6681014 -0.7226316 -9.76026e-7 -1 -5.1558e-6 -0.1347478 -0.05760657 -0.9892041 -0.08886706 -0.6681069 -0.7387394 -0.001034259 -0.6671898 -0.7448871 -9.79565e-6 -1 1.25766e-5 0.09956043 -0.05715382 -0.9933888 0.08759772 -0.6653999 -0.7413297 0.1717652 -0.662895 -0.7287434 3.64333e-6 -1 6.76513e-6 0.3188588 -0.05637669 -0.9461241 0.2534042 -0.6599071 -0.7073252 0.3359349 -0.6561893 -0.6756947 -5.82635e-6 -1 -2.3663e-5 0.5267744 -0.0552538 -0.8482074 0.4049644 -0.6527395 -0.6402616 0.4408822 -0.6506831 -0.6182511 -2.27094e-5 -1 1.78814e-5 0.7046244 -0.05407232 -0.7075173 0.5104426 -0.6466469 -0.56683 0.5665104 -0.5961951 -0.5688739 0.4633501 -0.7541521 -0.4653617 0.6428951 -0.4121623 -0.6456069 0.6862919 -0.2327743 -0.6890716 0.4500696 -0.7399706 -0.4998808 0.385528 -0.8172965 -0.4282459 -7.17491e-6 -1 -2.81036e-5 0.1621326 -0.9732425 -0.1628253 0.3266033 -0.8864325 -0.3279754 0.6861354 -0.2329456 -0.6891695 0.592688 -0.2027003 -0.7795085 0.5496132 -0.4187121 -0.7229146 0.7044807 -0.05467444 -0.7076142 0.6429139 -0.4120492 -0.6456602 0.4751002 -0.6195329 -0.624867 0.5664686 -0.5963078 -0.5687972 0.3738598 -0.786485 -0.4915999 0.4633041 -0.7542657 -0.465223 0.2542051 -0.9075487 -0.3342681 0.3265745 -0.8864455 -0.3279689 0.1262643 -0.9779984 -0.1660621 0.162164 -0.9732378 -0.1628222 1.73599e-5 -1 -3.8296e-6 -1.368e-5 -1 1.39617e-6 4.61936e-6 -1 2.88338e-5 6.99438e-4 -0.9999997 3.95715e-4 0.1262694 -0.9779967 -0.1660681 0.2540851 -0.907598 -0.3342257 0.3505958 -0.3144429 -0.8821611 0.4750396 -0.6195417 -0.6249045 0.5496351 -0.4186075 -0.7229586 0.5926294 -0.2026326 -0.7795707 -0.202684 -0.9660307 -0.1603241 7.34627e-5 -1 3.00184e-5 2.6226e-5 -1 4.50015e-6 -0.5543884 -0.5893398 -0.5876497 -0.4929977 -0.5802057 -0.6483168 -0.4716747 -0.8498991 -0.2349351 -0.6596792 -0.598396 -0.4546929 -0.7439336 -0.5941373 -0.305882 -0.6666835 -0.721428 -0.1872825 -0.7872231 -0.5836979 -0.1989387 -0.8302221 -0.5566239 -0.03001737 0.1770186 -0.8304507 -0.5282199 0.3736955 -0.7865468 -0.4916258 -8.50856e-6 -1 1.44392e-5 0.1018556 -0.8467521 -0.5221459 0.1021447 -0.4172827 -0.9030182 -7.58842e-6 -1 2.04444e-5 0.04496192 -0.8567448 -0.513777 -0.005110442 -0.8658663 -0.5002496 -0.07438957 -0.4792119 -0.8745412 -7.65733e-6 -1 -2.84463e-5 -0.06591892 -0.8745508 -0.480433 -0.2412316 -0.5282468 -0.8141024 -0.1117129 -0.8812137 -0.4593287 -0.1644701 -0.8865935 -0.4323214 -0.4228903 -0.5677633 -0.7062639 2.7068e-5 -1 1.70171e-5 -0.9118071 0.4057608 0.06297791 -0.7247997 0.6871413 0.05002254 -0.9962554 0.05244588 0.06873673 -0.8256614 0.561274 0.05705034 -0.6079971 0.792828 0.04199349 -3.16799e-5 1 -1.668e-5 -5.28712e-6 1 9.84967e-6 -0.4477983 0.8936002 0.03090685 -0.6541131 0.7550481 0.04515117 -0.2302467 0.9730024 0.01590394 -0.7722272 0.6331099 0.05326592 -0.9962375 0.05271667 0.06878829 -0.9279664 0.3671265 0.06400507 -0.8198668 0.5697538 0.05655986 -0.7723523 0.6329568 0.05327129 -0.3470045 0.6652735 -0.6610591 -4.17829e-5 1 -2.92063e-5 1.47969e-5 1 -4.83263e-5 -0.08494645 0.9756908 -0.2020187 -0.1672233 0.902208 -0.397564 -0.2351731 0.7947586 -0.5595111 -0.2998181 0.6336524 -0.7131576 -0.3756996 0.5884007 -0.715985 -0.5363511 0.05689299 -0.8420754 -0.4007148 0.506454 -0.7634998 -0.3500255 0.4294416 -0.8325036 -0.3869711 0.05724143 -0.9203134 -0.4233798 0.6628059 -0.6176067 -0.4763764 0.6605257 -0.5803202 -0.6726133 0.05621129 -0.7378562 -0.5448917 0.6568104 -0.5212421 -4.14252e-5 1 -1.55568e-5 -0.8192018 0.05500471 -0.5708616 -0.6018369 0.6530867 -0.4596414 -0.6550347 0.6487841 -0.3873097 3.58522e-5 1 5.96047e-6 -0.9226502 0.05398792 -0.3818403 -0.6954965 0.6450572 -0.3165217 -0.7298331 0.6412965 -0.2368177 2.38717e-5 1 -1.13845e-5 -0.9850367 0.05277633 -0.1640655 -0.7545579 0.6378331 -0.1543093 -0.7661312 0.6357516 -0.09414434 6.48499e-5 1 2.86102e-6 -0.6088616 0.793274 -0.002000987 8.34465e-6 1 -1.37701e-5 -0.6538585 0.7552729 0.04507941 -0.4475082 0.8937449 0.03092736 -0.2302209 0.9730084 0.01590722 -0.7734737 0.6338229 -0.002658009 -0.9962559 0.05242353 0.06874686 -0.9279555 0.3671593 0.06397449 -0.8197422 0.5699312 0.05657929 0.2226529 0.9748605 -0.00852847 -6.62356e-5 1 -2.44519e-6 8.92543e-5 1 -4.8168e-6 0.2302803 0.9730843 -0.008823573 0.4332378 0.9011277 -0.01655209 0.4479788 0.8938796 -0.01715111 0.6060988 0.7950515 -0.02318245 0.6552044 0.7550343 -0.02510994 0.7546508 0.6554905 -0.02888673 0.8212918 0.5696405 -0.03145754 0.9262306 0.3752508 -0.03582948 0.9294165 0.3673123 -0.03559035 0.9978508 0.05321794 -0.03823298 0.9978755 0.05274212 -0.03824871 0.5471556 0.8357813 -0.04572135 0.6548469 0.7553445 -0.0251078 0.4479762 0.8938813 -0.01714009 0.2303088 0.9730776 -0.008826971 -6.52522e-5 1 6.75675e-6 -8.67248e-6 1 -2.34395e-5 0.6851488 0.7261519 -0.05722403 0.9978777 0.05269706 -0.0382508 0.9294208 0.3673024 -0.03558009 0.8212319 0.5697269 -0.0314567 0.9820312 0.05534225 -0.1804222 0.678957 0.7264552 -0.1062089 -1.04606e-5 1 1.86339e-5 0.6733019 0.7265362 -0.1371487 0.6657889 0.7269667 -0.1680614 0.961063 0.05670684 -0.2704482 0.6511492 0.7275642 -0.2159981 -1.41077e-5 1 8.35955e-6 0.4170241 0.8947169 -0.1599137 0.6097635 0.7573512 -0.2336832 0.2142271 0.9733228 -0.08215618 0.734543 0.63331 -0.2436496 0.7652007 0.5731168 -0.2932661 0.8010932 0.5362995 -0.2657679 0.8669475 0.3715646 -0.3321775 0.9322277 0.05792641 -0.3572059 0.801121 0.06300079 -0.5951775 0.8783261 0.06000554 -0.4742813 0.4808799 0.6768255 -0.5573706 0.05748301 0.01938307 0.9981583 -0.3560966 -0.5427126 0.7606961 0.65781 0.6497833 -0.3808776 0.6099587 0.7572787 -0.2334083 0.4172264 0.8947183 -0.1593782 0.2143884 0.9733162 -0.08181285 1.87606e-5 1 -6.49095e-5 0.7235328 0.5629501 -0.399484 0.7654121 0.5729058 -0.2931268 0.7767958 0.4758901 -0.4124525 0.9321427 0.05824494 -0.3573758 0.8669499 0.3715143 -0.3322275 -0.7248422 -0.6870934 0.05006492 -0.9150974 -0.3982344 0.06329667 -0.9962494 -0.05255311 0.0687412 -0.8277273 -0.5581887 0.05738526 -0.7724832 -0.6327925 0.05332303 -0.9962313 -0.05287486 0.06875604 -0.8662925 -0.4959551 0.0597155 -0.7172109 -0.6950967 0.04948848 -0.9570386 -0.2823473 0.06600916 -0.6546453 -0.7545838 0.04519718 -0.523495 -0.8512613 0.03615671 5.69224e-6 -1 2.14279e-5 -0.5336469 -0.8449056 0.03681921 -6.72191e-5 -1 2.13748e-5 -0.3163285 -0.9483982 0.02184534 -0.7723497 -0.6329594 0.05327665 -0.7731901 -0.6341649 -0.003461897 3.96669e-5 -1 8.33161e-6 3.23346e-5 -1 1.22413e-5 -0.3161711 -0.9484511 0.02182775 -0.523635 -0.851179 0.03606975 -0.7171701 -0.6951381 0.04949951 -0.8665502 -0.4955003 0.0597518 -0.8483566 -0.529412 -0.003775656 -0.9962233 -0.05303913 0.06874608 -0.9951304 -0.05272322 -0.08328133 -0.9571356 -0.2820109 0.06604045 -0.7656663 -0.6360923 -0.095613 -0.9688646 -0.05341547 -0.2417607 -0.7539703 -0.6379593 -0.1566421 -0.7288644 -0.641337 -0.2396736 -0.8917812 -0.05431216 -0.4491956 1.55866e-5 -1 1.60038e-5 -0.6943803 -0.6451127 -0.3188505 -0.6533454 -0.6489711 -0.3898416 -0.7639118 -0.05546182 -0.642933 1.41859e-5 -1 9.08971e-6 -0.6002373 -0.6530963 -0.4617147 -0.5426057 -0.6569573 -0.5234369 -0.5906337 -0.05662351 -0.8049507 -2.29478e-6 -1 2.06232e-5 -0.4742784 -0.6605604 -0.5819965 -1.37091e-6 -1 -1.98483e-5 -0.422055 -0.6629209 -0.6183896 -0.2653099 -0.8200406 -0.5070938 -0.2812073 -0.6881542 -0.6688545 -0.2025292 -0.8525946 -0.4817307 -0.1061169 -0.9618141 -0.2522954 -7.7039e-6 -1 -4.55528e-5 -0.3459095 -0.66535 -0.6615559 -0.386859 -0.05745375 -0.9203473 -0.3545426 -0.4038993 -0.8433061 0.9621776 -0.2699198 -0.03684777 0.9978819 -0.05262476 -0.03824132 0.9978482 -0.05325049 -0.0382542 0.958537 -0.2825946 -0.03670388 0.8796328 -0.4744668 -0.03357726 0.8676383 -0.4960846 -0.03322529 0.7017597 -0.7119075 -0.02685457 0.7178602 -0.6956449 -0.02747595 0.5239951 -0.8514859 -0.02002823 0.4627609 -0.8863055 -0.01774734 0.3166595 -0.948462 -0.01212137 0.2382486 -0.9711619 -0.009077787 1.1991e-4 -1 -1.12001e-5 -5.08036e-5 -1 1.81049e-6 0.5566424 -0.8098974 -0.1849742 0.294418 -0.9489889 -0.112863 2.65986e-5 -1 -4.50313e-5 0.4879143 -0.8526218 -0.1870183 0.6689971 -0.6976612 -0.2563431 4.1306e-5 -1 -6.82473e-6 0.650747 -0.7278499 -0.2162473 0.9746616 -0.05597728 -0.2165671 0.9322046 -0.0571925 -0.3573844 0.8086377 -0.5001194 -0.3098158 0.8946167 -0.2864678 -0.3429245 0.6658563 -0.7269548 -0.1678457 -6.31511e-5 -1 -7.55489e-6 0.6732414 -0.7265682 -0.1372759 0.6790014 -0.7264114 -0.1062243 0.9904881 -0.05439716 -0.1263902 0.6852276 -0.7261245 -0.05662512 1.93516e-4 -1 -1.05277e-5 0.3167046 -0.9484469 -0.01211184 0.5238684 -0.8515629 -0.02006626 0.7176628 -0.6958507 -0.02742373 0.8017246 -0.594015 -0.06621021 0.8675846 -0.4961809 -0.03318703 0.9588052 -0.2816798 -0.03673195 0.9979199 -0.05192315 -0.03820699 0.05147945 -0.03275072 0.9981369 0.5738124 -0.4956775 -0.6519533 0.7975348 -0.06331431 -0.5999414 -0.4915088 0.4041424 0.7714195 0.6780861 -0.5676798 -0.4668393 0.905666 -0.06148546 -0.4195101 0.8704855 -0.05858242 -0.4886953 0.7461395 -0.564687 -0.3527102 0.9321796 -0.05815798 -0.3572942 0.6689759 -0.69776 -0.2561295 0.8088234 -0.499737 -0.309948 0.8944787 -0.2871131 -0.3427448 0.6484454 -0.6903666 -0.3207998 0.3037681 -0.8755261 -0.375738 1.2698e-4 -1 -1.57841e-5 0.2946876 -0.9489545 -0.1124486 0.4880632 -0.8526352 -0.1865683 0.6821095 -0.5332926 -0.5003256 0.691928 -0.4376475 -0.5741953 -0.8456619 -0.532332 -0.03845572 -0.04917013 -0.04014968 0.9979832 0 -0.6847675 0.7287616 -0.7243553 -0.6876102 0.05001604 0.5396621 8.91835e-6 -0.8418818 0.4116119 8.79448e-6 -0.9113593 0.4014205 1.6693e-5 -0.915894 0.6133014 2.18097e-5 -0.789849 0.65521 -5.47525e-6 -0.755447 0.7840415 -9.62153e-5 -0.6207086 0.8101073 8.17701e-7 -0.5862816 0.8702487 -1.81031e-5 -0.4926128 0.9270816 3.05846e-6 -0.3748598 0.9335342 -1.28159e-5 -0.3584884 0.6132987 -1.14893e-5 -0.7898511 0.4014297 -3.33972e-6 -0.9158899 0.4116703 -1.37133e-5 -0.9113329 0.6148887 6.75258e-6 -0.788614 0.7796605 1.97958e-6 -0.6262026 0.7840384 -3.82075e-6 -0.6207125 0.8639456 2.00922e-5 -0.5035852 0.8702461 -2.62028e-6 -0.4926175 0.927083 1.112e-5 -0.3748562 0.9335342 1.28048e-5 -0.3584884 0.4116022 4.26918e-6 -0.9113637 0.1674893 -0.02019721 -0.985667 0.4013281 -6.79307e-6 -0.9159345 -0.06178301 -0.0381236 -0.9973613 -0.2028989 -0.04830724 -0.9780074 -0.3395644 -0.05739623 -0.93883 0.1821717 -0.01988583 -0.9830657 -0.06995725 -0.03959941 -0.9967637 -0.3300051 -0.05739843 -0.9422326 -0.06158012 -0.0520851 -0.9967423 -0.1765379 -0.2432901 -0.9537528 -0.3300405 -0.05737286 -0.9422217 -0.01544058 -0.412438 -0.9108548 0.3109527 -0.429799 -0.8476917 0.1418736 -0.5543698 -0.8200891 0.2862812 -0.6631365 -0.6915873 0.3324387 -0.2009301 -0.9214726 0.2005304 -0.04070925 -0.9788414 0.3638792 -0.08555513 -0.9275087 0.0137065 0.02083057 0.9996891 0.3241981 -0.6905293 0.6465795 0.1417038 -0.554139 -0.8202744 0.244503 -0.7507533 -0.6136675 -0.01534986 -0.4122759 -0.9109298 0.2862033 -0.6629976 -0.6917527 -0.2705571 -0.6169767 -0.739012 -0.3869487 -0.05735647 -0.9203158 -0.371586 -0.06261169 -0.9262849 -0.3546572 -0.4039532 -0.843232 -0.2813423 -0.6881753 -0.668776 -0.2026035 -0.8525112 -0.4818471 -0.1061275 -0.9618089 -0.252311 2.18451e-5 -1 2.36109e-5 -0.178473 -0.6757451 -0.7152034 -0.3579266 -0.06870245 -0.9312189 0.08989322 -0.95362 -0.2872772 -0.1507701 -0.6474306 -0.7470623 -0.1144626 -0.5901994 -0.7991014 -0.3419206 -0.06583088 -0.9374202 0.1846011 -0.8380032 -0.513491 -0.08003759 -0.5344007 -0.8414332 -0.05589622 -0.506319 -0.8605328 -0.3301045 -0.05745649 -0.9421942 -0.1765432 -0.2432247 -0.9537685 0.3583454 -0.9272028 -0.1090118 -4.58956e-6 -1 -1.14292e-5 0.6778005 -0.6937922 -0.2433902 -1.48565e-5 -1 8.50856e-6 0.2613542 -0.8354681 -0.4834122 -8.03173e-6 -1 -1.78814e-5 -4.64544e-6 -1 -1.82539e-6 0.1035517 -0.9563614 -0.2732217 0.1957272 -0.8480952 -0.492367 0.2458881 -0.7579287 -0.6042212 0.2861671 -0.6630485 -0.6917189 0.3479556 -0.457007 -0.818579 0.3167299 -0.7509603 -0.5794315 0.3874136 -0.2489047 -0.8876695 0.4030436 -0.1191474 -0.9073919 0.4116584 1.31905e-4 -0.9113383 0.5396687 1.09971e-5 -0.8418775 0.4283959 -0.619985 -0.6573399 0.4767082 -0.6174005 -0.6257523 -2.84016e-5 -1 6.55651e-7 0.6552127 -9.12845e-5 -0.7554447 0.550814 -0.6130144 -0.5664075 0.6145634 -0.6091122 -0.5012927 0.8101103 1.8388e-5 -0.5862777 0.6708095 -0.6055821 -0.4281181 5.66244e-6 -1 3.36766e-6 0.6369406 -0.7094502 -0.3016406 0.92707 -9.0003e-6 -0.3748883 0.9135956 -0.1863759 -0.3613961 0.7197265 -0.6027775 -0.3444607 0.5108417 -0.8372858 -0.1949192 0.7740891 -0.5629666 -0.2895768 0.5677663 -0.7937296 -0.2182541 0.6580299 -0.7082157 -0.2557874 0.8219093 -0.4759507 -0.3129475 0.8670693 -0.3683931 -0.3353765 0.997882 -0.05261439 -0.03825348 0.6781938 -0.6966055 -0.2340815 0.7766963 -0.5582116 -0.2917922 0.9979016 -0.05226701 -0.03821837 0.9978956 -0.05235183 -0.0382601 0.8236338 -0.4680797 -0.3202015 0.9573096 -0.2162666 -0.1917995 0.8671495 -0.3682484 -0.3353284 0.9978339 -0.05337113 -0.03845977 0.7452147 -0.664759 -0.05244714 0.238421 -0.9711191 -0.009125888 1.94758e-5 -1 -1.21309e-5 0.4627287 -0.8863218 -0.01777321 0.7017257 -0.711937 -0.02695941 0.87958 -0.474554 -0.0337314 0.9620962 -0.2702138 -0.03681886 0.9978813 -0.05266439 -0.03820252 0.3583137 -0.9270963 -0.1100172 0.8221147 -0.5610668 -0.09660071 0.9153387 -0.1836377 -0.3583745 0.9573482 -0.216023 -0.1918812 0.8671684 -0.3681336 -0.3354054 0.976647 -0.02981108 -0.2127723 0.9978659 -0.05269348 -0.03856605 0.1921662 0.1059069 0.975631 0.9622374 -0.01475232 -0.271812 0.9270592 -8.32602e-6 -0.3749151 0.933531 -3.98792e-5 -0.3584969 0.9826419 -0.02948886 -0.183154 0.9978874 -0.05253177 -0.03822684 0.997893 -0.05238068 -0.03828752 0.9774226 -0.0266906 -0.2096017 0.2641996 0.01208376 -0.9643924 0.4115738 9.42685e-6 -0.9113765 0.4013767 -1.49156e-5 -0.9159131 0.1168972 0.02431535 -0.9928464 -0.1133974 0.0418843 -0.9926665 -0.33961 0.05740147 -0.9388132 0.1821819 0.01991218 -0.9830632 -0.0699045 0.03959912 -0.9967675 -0.3299089 0.05739206 -0.9422666 -0.1765305 0.2433063 -0.95375 -0.3368232 0.06133538 -0.9395681 -0.01535713 0.4123769 -0.910884 -0.3300239 0.0574097 -0.9422252 -0.1661382 0.8403724 -0.5159191 -0.08502143 0.9757019 -0.2019335 -8.15168e-5 1 6.18845e-5 -0.1671242 0.9021985 -0.3976272 -0.2352542 0.7946792 -0.5595896 -0.299878 0.6334227 -0.7133365 -0.3501296 0.4293898 -0.8324865 -0.3869386 0.05739694 -0.9203175 0.04953134 0.9855518 -0.1619701 -0.1774077 0.6865167 -0.7051392 -0.3624014 0.06730979 -0.9295884 0.1001455 0.9430932 -0.31709 -0.1556562 0.6497731 -0.7440202 -0.1143783 0.5961713 -0.7946682 -0.3432522 0.06685978 -0.9368606 0.2056398 0.8091445 -0.5504522 -0.07521128 0.5309544 -0.8440561 -0.0593934 0.4964093 -0.8660545 0.1418865 0.5542487 -0.8201686 0.2861273 0.6630983 -0.6916877 0.3035734 0.5389559 -0.7857288 -0.3300186 0.05745416 -0.9422243 -0.1765769 0.2432077 -0.9537666 -0.01553243 0.4124167 -0.9108629 0.1418901 0.5543941 -0.8200697 0.2862198 0.6631515 -0.6915985 -0.0617097 0.05206978 -0.996735 0.3123764 0.4023731 -0.860533 0.2004027 0.04071593 -0.9788672 0.3410443 0.1585479 -0.9265805 0.1203891 0.678025 0.7251129 0.801957 0.5255367 -0.2840355 0.9978682 0.0528137 -0.03833973 0.9978916 0.05237996 -0.03832346 0.6809101 0.6981626 -0.2212024 0.837071 0.4455962 -0.3174213 0.9573545 0.2160004 -0.1918758 0.9978806 0.05243808 -0.03853088 0.867106 0.3683287 -0.3353523 0.8705576 0.4893549 -0.05158883 0.9265944 0.3743878 -0.03544729 0.9978743 0.05278253 -0.0382229 0.7546579 0.6554822 -0.02888882 0.9978918 0.05251097 -0.03813761 0.8162364 0.5752637 -0.05319631 0.7485144 0.660893 -0.05428344 0.4700383 0.8707787 -0.1442514 -3.95253e-5 1 1.13621e-5 0.6061761 0.7949894 -0.02329391 0.4332358 0.9011267 -0.01666259 0.2225669 0.9748806 -0.008479416 0.8312388 0.5472853 -0.09757596 0.8775019 0.4616405 -0.1299169 -2.5034e-6 1 2.2091e-5 9.91374e-5 1 6.6217e-7 0.4563766 0.8776079 -0.1467137 0.1146835 0.946829 -0.3006039 0.05810284 0.9858154 -0.1574553 4.08292e-6 1 -1.84774e-5 -5.89713e-6 1 1.63764e-5 0.5103552 0.8316255 -0.2189442 0.6620504 0.7114626 -0.2356061 0.7826954 0.549002 -0.293232 0.8295897 0.4599942 -0.3165223 0.8670377 0.3684401 -0.3354066 0.5579005 0.7941651 -0.2409331 0.6464673 0.7087644 -0.2823704 0.913653 0.1862863 -0.3612974 0.7304784 0.6020732 -0.3223497 0.9270674 -8.76784e-5 -0.3748949 0.704587 0.6035553 -0.3732001 0.8639681 -3.56734e-5 -0.5035465 0.6542003 0.6066614 -0.4516457 1.12057e-5 1 -7.30157e-6 0.7796562 1.47223e-5 -0.626208 0.6161258 0.6090515 -0.4994449 0.5544686 0.6128253 -0.5630363 3.8445e-6 1 -2.44081e-5 0.6148661 1.11938e-4 -0.7886316 0.4756457 0.6175076 -0.6264547 0.4283779 0.6200043 -0.6573333 0.411719 2.19345e-5 -0.9113109 0.2421224 0.8278974 -0.5059278 0.3233809 0.5502557 -0.7698335 0.2861462 0.6631041 -0.6916743 0.2134481 0.8190213 -0.5325825 0.2972836 0.7322111 -0.6127719 0.3535037 0.4334544 -0.8289465 0.3446336 0.6243368 -0.7010217 0.3934686 0.204568 -0.8962893 0.9766236 0.02980983 -0.2128796 0.9573295 0.2161083 -0.1918786 0.9978649 0.05271428 -0.0385605 0.9154359 0.1833689 -0.358264 0.8670463 0.3684467 -0.335377 0.1355812 0.007233619 0.9907399 0.1020142 -0.1242892 0.986988 0.9270677 3.91901e-6 -0.3748943 0.9755058 0.02368187 -0.2186955 0.9335678 -1.50492e-5 -0.3584009 0.9908917 0.03819859 -0.1291305 0.9978845 0.05251789 -0.03832006 0.9774225 0.02668052 -0.209603 0.9978881 0.0524646 -0.03830087 0.9114259 0 -0.4114643 0.9834161 0 -0.1813642 0.983416 0 -0.1813642 0.9114258 0 -0.4114643 0.7864669 0 -0.6176325 0.7864668 0 -0.6176327 0.6158094 0 -0.7878953 0.615809 0 -0.7878956 0.409362 0 -0.9123721 0.409362 0 -0.9123722 0.1791115 0 -0.9838289 0.1791118 0 -0.9838287 -0.06153595 0 -0.9981049 -0.06153553 0 -0.9981049 -0.2986037 0 -0.9543772 -0.2986032 0 -0.9543774 -0.5183208 0 -0.8551863 -0.7079411 1.52062e-6 -0.7062715 -0.5183207 0 -0.8551865 -0.8717228 1.73185e-6 -0.4899995 -0.8563702 -6.76647e-6 -0.5163626 -0.9550781 2.09077e-5 -0.2963545 -0.7079389 4.31179e-6 -0.7062737 -0.8717309 -1.98337e-6 -0.4899852 -0.9605843 -3.7133e-5 -0.277989 -0.9982455 1.52815e-4 -0.05921107 -0.8563701 6.70669e-6 -0.5163626 -0.9988395 -1.45718e-5 -0.04816359 -0.9834114 0.001353442 0.1813844 -0.955078 -2.09669e-5 -0.2963551 -0.9605937 4.81863e-5 -0.2779563 -0.983406 -2.68169e-6 0.1814187 -0.9982451 -1.45233e-5 -0.05921822 -0.9988438 -8.62783e-6 -0.04807466 -0.9834137 4.11039e-6 0.1813768 -0.983406 -2.91597e-6 0.1814187 -0.8952595 0.3308933 0.2983622 -0.8181353 0.5081792 0.2690887 -0.9297049 0.3442943 0.1308065 -0.5336524 0.8443979 0.046983 -0.1942332 0.9790793 0.06064176 -0.4001539 0.9151037 0.04961907 -0.6597574 0.7505778 0.03678578 -0.6170867 0.7864003 0.02790462 -0.6807717 0.7312915 0.04198479 -0.5900307 0.8059684 0.04773813 -0.7659907 0.6418066 0.03664195 -0.9433006 0.3314796 -0.01747578 -0.9367849 0.3435239 0.06652408 -0.7776457 0.6287 0.00187242 -0.8641022 0.5031934 -0.01113319 -0.4549935 0.8887729 0.05535197 -0.2267837 0.9732481 0.0368396 -0.5819943 0.8110973 0.05834418 -0.5805464 0.8115392 0.06610566 -0.7028287 0.7079916 0.06913685 -0.5877136 0.8056086 0.07474917 -0.4067408 0.9134298 0.0144211 -0.1961123 0.9805214 0.01085251 -0.5581176 0.8279879 0.0542311 -0.6600286 0.7402146 0.1282367 -0.7379581 0.6417658 0.2086972 -0.7565333 0.6519489 0.05118596 -0.7580775 0.649178 0.06234097 -0.7713846 0.6298106 0.09112906 0.8427653 0.3379721 0.418953 0.8350439 0.3349658 0.4364625 0.8655287 0.198283 0.4599393 0.7567012 0.5165963 0.400664 0.8421885 0.3396607 0.418747 0.7812016 0.5027118 0.3701421 0.8350138 0.335004 0.4364909 0.1487659 0.9887918 0.01262772 0.2296682 0.9727337 0.03227871 0.1511828 0.9884135 0.01351106 0.6317892 0.6928886 0.3474878 0.6633419 0.6888985 0.2922267 0.5004317 0.8187805 0.2813656 0.5438719 0.8115061 0.2136855 0.3789479 0.901169 0.2104592 0.3505831 0.931908 0.09294772 0.2466869 0.9614159 0.1217584 0.1650111 0.9840767 0.06606471 0.1223543 0.9916606 0.0404821 0.1059756 0.9943578 0.004655778 0.1488572 0.9887784 0.0126062 0.1513742 0.9883834 0.01356995 -0.06527042 0.9969934 -0.04176074 0.08045184 0.9967586 2.0034e-4 -0.1600105 0.9866753 -0.02947229 0.06349813 0.9979811 0.001306176 -0.0251199 0.9994987 0.01927006 0.05221456 0.9982321 0.02839797 -0.1959795 0.9805483 0.0108233 -0.2265038 0.9733155 0.03678423 -0.161628 0.9850381 0.05980312 -0.194338 0.9790571 0.0606634 0.05652105 0.9975668 0.04081749 0.05158066 0.997423 0.04986906 0.02746146 0.9980956 0.05523717 -0.01311308 0.9982105 0.05834287 -0.0666154 0.9960107 0.0593729 -0.02537864 0.999304 0.02733904 0.05220162 0.9982328 0.02839827 -0.02519959 0.9994944 0.01939284 -0.1960946 0.980525 0.01084971 -0.8952595 -0.3308935 0.2983623 -0.9297066 -0.3442845 0.1308205 -0.8181526 -0.5081754 0.269043 -0.4957423 -0.8670666 0.04934519 -0.386036 -0.9210969 0.05056512 -0.2575542 -0.9644613 0.05899518 -0.1942123 -0.9790839 0.0606321 -0.5636274 -0.8248089 0.04488366 -0.5384898 -0.8418109 0.03719311 -0.633823 -0.7724885 0.0391131 -0.6623475 -0.7488882 0.02150076 -0.590004 -0.805983 0.04781949 -0.635385 -0.7708891 0.04489916 -0.6761991 -0.7355054 0.04226911 -0.7305436 -0.6817663 0.03874057 -0.7904892 -0.6114593 0.03527683 -0.9367863 -0.3435194 0.06652742 -0.9432948 -0.3314959 -0.01747828 -0.8571391 -0.5149823 -0.01029986 -0.7648453 -0.6442009 0.004111111 -0.4549921 -0.8887728 0.05536496 -0.2267971 -0.9732488 0.03674376 -0.5819709 -0.8111153 0.05832546 -0.5805658 -0.8115255 0.0661059 -0.7028038 -0.7080174 0.0691241 -0.5876965 -0.8056222 0.07473945 -0.196104 -0.9805232 0.01083987 -0.4067435 -0.9134289 0.0144087 -0.5581218 -0.8279846 0.05423533 -0.6600191 -0.7402228 0.1282387 -0.7379398 -0.6417749 0.2087339 -0.7565617 -0.6519166 0.05117797 -0.7580721 -0.6491843 0.06234151 -0.7713782 -0.629818 0.0911321 0.8427546 -0.3379753 0.4189718 0.8655158 -0.1982885 0.4599611 0.8350187 -0.3350085 0.4364783 0.7567059 -0.5165808 0.4006752 0.7469975 -0.5668755 0.3473428 0.8124369 -0.4318175 0.3917652 0.8421836 -0.3396825 0.4187393 0.8350345 -0.3350138 0.4364439 0.1487595 -0.9887928 0.01263219 0.151129 -0.9884219 0.01349961 0.2296954 -0.9727275 0.03226685 0.6318005 -0.6929039 0.3474369 0.677451 -0.6708887 0.3016101 0.5004346 -0.8187795 0.2813638 0.5665167 -0.7917605 0.2284169 0.3789513 -0.9011719 0.2104412 0.1223756 -0.9916585 0.04047095 0.2568994 -0.9621726 0.09070068 0.3845461 -0.9161878 0.1128028 0.2466982 -0.9614136 0.1217541 0.1651195 -0.9840614 0.06602168 0.0998969 -0.9949916 0.003537774 0.1513525 -0.9883882 0.01346868 0.1487433 -0.9887953 0.01262491 -0.06524956 -0.9969949 -0.04175865 0.0740543 -0.9972542 -4.37568e-4 -0.1600145 -0.9866746 -0.02947312 0.0635026 -0.9979809 0.00130701 -0.02510398 -0.9994974 0.01936626 0.05221408 -0.9982321 0.02839797 -0.1959801 -0.9805482 0.01082253 -0.2264831 -0.9733197 0.03680211 -0.1944237 -0.9790394 0.06067329 -0.1616179 -0.98504 0.05979925 -0.06846857 -0.9958834 0.05940163 -0.01515507 -0.9981773 0.05841749 0.01513117 -0.9982829 0.05659168 0.03864389 -0.9978209 0.0534811 0.05262774 -0.9973931 0.04936981 0.0574007 -0.9973207 0.04535025 0.05655717 -0.9975645 0.0408225 -0.02535247 -0.9993041 0.027359 -0.1960077 -0.9805426 0.01082241 0.05220109 -0.9982329 0.02839791 -0.02520024 -0.9994944 0.01939278 0.8972165 -0.3139007 0.3105945 0.9777277 -0.09520167 0.1870434 0.9353958 -0.3045991 0.179594 0.8658818 -0.1983027 0.4592654 0.8350363 -0.3349853 0.4364624 0.8881644 -0.001290559 0.4595241 0.9777262 0.09520113 0.1870517 0.8881823 0.001208841 0.4594899 0.897217 0.3138981 0.3105956 0.9353944 0.3045992 0.1796016 0.8658844 0.1983025 0.4592607 0.8350126 0.3350145 0.4364852 -0.9974395 2.5332e-6 0.07151526 -0.9997909 0.002405881 -0.02030986 -0.9997923 0.002311885 -0.02025181 -0.9433271 0.331403 -0.01749551 -0.9809838 0.193102 -0.01955974 -0.9958736 0.08840888 -0.02048361 -0.9368603 0.3433155 0.06653851 -0.9306249 0.197004 0.3084265 -0.8952562 0.3309168 0.2983462 -0.9298273 0.3439881 0.1307424 -0.9457671 0.09099334 0.3118414 -0.9883031 1.63019e-5 0.152503 -0.9499557 -2.92086e-6 0.3123847 -0.9833316 0.147925 0.1057233 -0.9974394 -2.17557e-6 0.07151794 -0.9997923 -0.002304852 -0.02024877 -0.9997907 -0.002417385 -0.02031534 -0.9925774 -0.1198935 -0.02038931 -0.9768375 -0.2131094 -0.01931047 -0.9433329 -0.3313874 -0.01747661 -0.9368604 -0.3433155 0.06653702 -0.9306389 -0.1969103 0.3084439 -0.9298309 -0.3439843 0.1307268 -0.8952847 -0.3308212 0.2983666 -0.9457653 -0.09100991 0.3118416 -0.9883027 -1.77771e-5 0.1525053 -0.9499223 -2.37301e-5 0.3124862 -0.9833315 -0.1479249 0.1057239 0.07328075 0.9970578 0.02249133 0.1487664 0.9887918 0.01262807 -0.06523436 0.9969961 -0.04175609 0.1223608 0.9916605 0.04046392 0.02660042 0.9996132 0.008117914 -0.0263859 0.9996153 -0.008554279 -0.9270458 0.3364964 0.1653971 -0.8183203 0.5080986 0.2686778 -0.8952445 0.3309569 0.2983368 -0.9158787 0.358496 -0.1806846 -0.8617905 0.4820253 -0.1580146 -0.9370488 0.3491965 0.001188576 -0.4298069 0.9028925 -0.007151424 -0.196098 0.9805244 0.01084446 -0.4067356 0.9134323 0.01441085 -0.1600958 0.9866626 -0.02943617 -0.530083 0.8479179 0.006872236 -0.558142 0.8279784 0.05412328 -0.6600376 0.740224 0.128136 -0.7588143 0.647825 0.06725937 -0.7380635 0.6417239 0.2084535 -0.5148859 0.854982 -0.06243753 -0.546461 0.8256173 -0.1404873 -0.3600429 0.9264776 -0.1095826 -0.2361258 0.9685978 -0.07786411 -0.06525874 0.9969906 -0.04184609 -0.6494338 0.7580158 -0.06039679 -0.7332105 0.6642095 -0.145699 -0.9007128 0.4308003 0.05592554 -0.803642 0.5943115 0.03087866 -0.8333752 0.5527076 -3.41145e-4 -0.8598189 0.5095191 -0.03318971 -0.5898842 0.8067941 -0.03346663 -0.9328472 -1.96248e-5 -0.3602723 -0.8871631 -1.78866e-6 -0.4614562 -0.8766049 0.148004 -0.4578851 -0.8640588 0.3539801 -0.3579114 -0.8303889 0.344596 -0.4378446 -0.915916 0.3584024 -0.1806812 -0.9893806 -2.11e-5 -0.1453481 -0.9370406 0.3492185 0.001185894 -0.9946047 1.06469e-4 0.1037382 -0.9270086 0.3366011 0.1653931 -0.9455175 0.09100222 0.3125944 -0.9495802 -6.74278e-7 0.3135245 -0.9305338 0.1969907 0.3087098 -0.8952589 0.3309081 0.2983478 -0.02638703 0.9996153 -0.008549928 -0.06525087 0.9969949 -0.04175782 -0.2355965 0.9686242 -0.07912969 -0.1151126 0.9924241 -0.04293584 -0.3596148 0.9265126 -0.1106876 -0.2569641 0.9607862 -0.104209 -0.4110258 0.8934012 -0.1813622 -0.5462556 0.8256577 -0.1410476 -0.5379288 0.8028953 -0.2568889 -0.7334111 0.6641453 -0.1449805 -0.6387902 0.6990993 -0.3212591 -0.8617069 0.4820823 -0.1582971 -0.7634908 0.5094031 -0.3969765 -0.8640544 0.3539942 -0.357908 -0.9158732 0.3585122 -0.1806807 -0.8303592 0.344695 -0.437823 -0.01916623 0.9994567 0.02681535 0.1234502 0.9917445 0.03468418 0.1235407 0.991985 0.02652603 -0.007329225 0.9999121 -0.0110538 0.1240282 0.991819 0.03020125 0.07257848 0.9970802 0.02374094 0.1223537 0.9916613 0.04046666 0.0261473 0.9996221 0.008502662 -0.02639991 0.999615 -0.008555054 -0.9410229 1.01745e-4 -0.3383428 -0.8765937 0.1479958 -0.4579094 -0.8871639 1.19209e-5 -0.4614546 -0.8827282 0.3513097 -0.3120456 -0.830389 0.3446004 -0.437841 -0.9761161 1.00419e-4 -0.2172498 -0.9218302 0.3350197 -0.1949125 -0.9473628 0.3050926 -0.09706908 -0.997294 1.47596e-5 -0.07351696 -0.9545789 0.2977833 -0.01022106 -0.9978069 1.18471e-5 0.06619191 -0.9936549 0.09088802 0.06625252 -0.9781708 0.1968919 0.06645017 -0.9412996 0.3309085 0.0667442 -0.4716181 0.8777014 -0.08495265 -0.2555068 0.9667925 -0.005345463 -0.01925152 0.9994546 0.02683061 -0.4284842 0.903079 -0.02915096 -0.6288725 0.7754175 -0.05698508 -0.7659871 0.6382256 -0.07701885 -0.2917665 0.9545179 -0.06138473 -0.007542192 0.9999098 -0.01111203 -0.3928274 0.9151022 -0.09096604 -0.7847905 0.585283 -0.2038328 -0.9126797 0.3762701 -0.1594886 -0.8711147 0.4821093 -0.09343403 -0.9246093 0.3674092 -0.1005399 -0.9232323 0.3517756 -0.1545832 -0.9217127 0.3353878 -0.1948348 -0.9473602 0.3051025 -0.09706276 -0.7770255 0.5810253 -0.2421591 -0.3969852 0.9003716 -0.1781401 -0.02637445 0.9996156 -0.008559882 -0.5386106 0.802829 -0.2556644 -0.6389589 0.6990402 -0.3210519 -0.4117047 0.8933066 -0.1802845 -0.2573814 0.9607259 -0.1037332 -0.1152676 0.9924116 -0.04281193 -0.8442765 0.4689814 -0.2593334 -0.8827423 0.3512709 -0.3120493 -0.7471104 0.6038156 -0.277908 -0.7011022 0.6474947 -0.2986745 -0.7945067 0.4931331 -0.3543711 -0.7627955 0.5093923 -0.3983248 -0.8303631 0.3447124 -0.437802 -0.449104 0.8812236 -0.1474812 -0.471599 0.8649135 -0.1718114 -0.4744024 0.8595126 -0.1902117 -0.6020356 0.7658678 -0.2258315 -0.4464638 0.8742906 -0.1904892 -0.01824182 0.9949853 0.09834402 0.123567 0.9917274 0.03475689 -0.01917254 0.9994567 0.02681469 0.1544991 0.9819864 0.108779 -0.02132982 0.9876639 0.1551296 0.1727854 0.9734469 0.1501545 -0.03688573 0.9740041 0.2235074 0.1977828 0.9631165 0.1824514 0.9142647 0.3647106 0.1763695 0.9353416 0.3046953 0.1797137 0.8971298 0.314208 0.3105342 0.8718788 0.4595037 0.1693626 0.7371129 0.6604075 0.1432712 0.1240535 0.9918128 0.03030365 0.2466678 0.9614303 0.1216836 0.1649558 0.9840657 0.06636565 0.122374 0.9916585 0.04047375 0.1235736 0.9917261 0.0347712 0.3450419 0.9363629 0.06458181 0.1235695 0.9919814 0.02652758 0.7489674 0.5739926 0.3310294 0.8350229 0.3350102 0.4364689 0.7570649 0.5166763 0.3998731 0.631718 0.6929098 0.3475748 0.5001472 0.8186773 0.2821708 0.3790842 0.9011933 0.2101093 0.319537 0.944538 0.07579076 0.5613511 0.8206934 0.1065247 -0.789207 0.1350793 0.5990876 -0.7896528 0.148829 0.5952299 -0.7944568 0.1508251 0.5882943 -0.7876483 0.1459674 0.5985847 -0.7881268 0.1392241 0.5995605 -0.805683 0.148879 0.5733325 -0.8271992 0.1399689 0.544197 -0.8686398 0.1194204 0.4808366 -0.8116911 1.33701e-5 0.584087 -0.9267646 1.92486e-5 0.3756428 -0.9505403 0.1624814 0.2647132 -0.9775269 1.66297e-5 0.2108111 -0.9466435 0.2945988 0.1306816 -0.9781765 0.1969091 0.06631398 -0.941329 0.3308014 0.06685978 -0.993647 0.0908975 0.06635785 -0.9978077 -1.92076e-5 0.06618112 -0.93205 0.3590872 0.04836732 -0.954548 0.2978824 -0.01021313 -0.9412951 0.3309003 0.06684768 -0.9198178 0.3868361 0.06552386 -0.9210652 0.3863015 0.04909318 -0.9274995 0.3697287 -0.05518639 -0.8711192 0.4821225 -0.0933237 -0.9246259 0.3673996 -0.1004216 -0.9385239 0.3407119 -0.05557298 -0.947358 0.3051012 -0.09708815 -0.8094466 0.5830919 0.06928294 -0.7705764 0.6335869 0.06913614 -0.6439618 0.761406 0.07466089 -0.8688788 0.4906631 0.06557053 -0.7196745 0.6937388 0.02820336 -0.8080067 0.589008 -0.01395601 -0.8677407 0.4962124 -0.02827489 -0.809111 0.5840965 -0.06458103 -0.6288406 0.7754195 -0.05730795 -0.7659646 0.6382383 -0.07713854 -0.3386315 0.9385137 0.06723666 -0.2258223 0.9697961 0.09219503 -0.01824909 0.9949851 0.09834516 -0.4424868 0.8928762 0.08353114 -0.1962431 0.9796557 0.04199421 -0.01926994 0.9994543 0.02683287 -0.3306314 0.9437295 0.007589936 -0.2556183 0.9667595 -0.005939781 -0.4285795 0.9030169 -0.02967017 0.9489221 -0.2135666 0.2322415 0.9469939 -0.2221273 0.2320824 0.9445255 -0.2335564 0.2309181 0.938243 -0.2596475 0.2286552 0.942084 -0.2439817 0.2301105 0.9401638 -0.2517757 0.2295671 0.9390544 -0.2562463 0.2291605 0.9388896 -0.2569888 0.2290045 0.9518705 -0.1993869 0.2327823 0.9381769 -0.2600114 0.2285131 0.9445111 0.2336646 0.2308674 0.9491058 0.2130402 0.2319742 0.9518769 0.1993772 0.2327642 0.9467392 0.2232137 0.2320787 0.9420714 0.243988 0.230155 0.9382684 0.2595846 0.2286228 0.9380956 0.2601224 0.2287203 0.9390387 0.2563186 0.2291445 0.9401898 0.2516335 0.2296168 0.9381936 0.2599648 0.2284973 0.9716651 -3.92087e-7 0.2363622 0.9713734 8.25385e-7 0.2375583 0.9740686 -0.02869218 0.2244266 0.9725284 0.08888101 0.2151482 0.9353904 0.3046042 0.1796137 0.9753617 -0.09201431 0.2005073 0.9353891 -0.304616 0.1796005 0.9777269 0.09520226 0.1870471 0.9777269 -0.09519982 0.1870483 0.709074 0.6892039 0.1490371 0.8718927 0.4594395 0.1694653 0.7371331 0.6603838 0.1432763 0.9142422 0.3647133 0.1764811 0.9353404 0.3047028 0.1797069 0.6638584 0.7345012 0.1407129 0.5613627 0.8206715 0.1066325 0.5934184 0.7946566 0.1279664 0.4889065 0.8654196 0.109634 0.3450237 0.9363681 0.06460362 0.1235728 0.9917259 0.03477972 0.5887627 0.7970486 0.1344332 0.5557169 0.8212926 0.1290628 0.5227293 0.8434879 0.1236225 0.4517855 0.8850157 0.1124156 0.3643134 0.9259833 0.09914982 0.1544709 0.9819908 0.1087797 0.7432949 0.6451504 0.1768999 0.9381885 0.2600477 0.228424 0.7373162 0.6475619 0.192428 0.7839122 0.5863996 0.2040032 0.8935878 0.3908941 0.2206875 0.9238293 0.3092127 0.2256699 0.607728 0.775223 0.1723259 0.688363 0.7011333 0.1859257 0.5719687 0.8027989 0.1684218 0.5366563 0.8274925 0.1650949 0.5446307 0.8205137 0.1735935 0.6229863 0.7606912 0.1823105 0.6208251 0.7616719 0.1855594 0.4741536 0.86401 0.1693079 0.4195612 0.894103 0.1566785 0.5208677 0.8356226 0.1744468 0.4270299 0.8867285 0.177082 0.3969758 0.9025571 0.1667361 0.1978898 0.9630982 0.1824325 0.1728828 0.9734331 0.1501317 0.4561458 0.8791815 0.1377356 0.4828627 0.863119 0.1478828 -0.03684961 0.9739847 0.2235978 0.2157155 0.9439038 0.2500252 0.1977628 0.9631176 0.1824674 -0.04671865 0.9275236 0.3708333 0.2365593 0.8949118 0.3783817 -0.1061337 0.801957 0.5878781 0.2402068 0.8245118 0.5123291 -0.2127984 0.6442389 0.7346245 0.2152301 0.7344242 0.6436592 -0.3162164 0.4965739 0.8083451 0.1729185 0.6114813 0.7721333 0.002010941 0.2192022 0.9756774 0.145087 0.215696 0.9656216 0.1418655 0.4128904 0.8996642 -0.3677616 0.3673073 0.8543049 -0.1592151 0.2354772 0.9587498 -0.3588753 0.2626855 0.895659 -0.868695 0.1193112 0.4807639 -0.8673629 0.1314443 0.4800044 -0.9504894 0.1627845 0.2647098 -0.3739449 0.9196652 0.1199221 -0.0182774 0.9949838 0.09835273 -0.2258335 0.9698014 0.09211111 -0.4423941 0.8929195 0.08356004 -0.6439589 0.7614173 0.0745694 -0.0213117 0.9876789 0.1550363 -0.8040347 0.5869743 0.09481215 -0.7705921 0.6335912 0.06892162 -0.8688763 0.4906756 0.06550937 -0.9191773 0.3866832 0.07476127 -0.9198887 0.3867668 0.06493335 -0.9287876 0.3625957 0.07666856 -0.941308 0.3308835 0.06674921 -0.9465467 0.294918 0.130662 -0.3037866 0.9296085 0.208667 -0.6525632 0.6777256 0.3388941 -0.4913442 0.818844 0.2967752 -0.3047748 0.9152923 0.2633484 -0.1284022 0.9628008 0.237755 -0.03685081 0.9739854 0.2235946 -0.9027122 0.4057175 0.1431922 -0.7953855 0.5819252 0.1694848 -0.8118741 0.5712679 0.1204727 -0.7478286 0.6254836 0.222537 -0.7754245 0.4918109 0.3960289 -0.8848642 0.3437163 0.3144433 -0.8270269 0.3506212 0.4394215 -0.4208315 0.8941316 0.1530675 -0.4113306 0.8956356 0.1692458 -0.5816547 0.7982974 0.1562027 -0.3266681 0.1210046 0.9373611 -0.5078828 -3.27826e-7 0.8614261 -0.3161877 1.34294e-5 0.9486967 -0.4879842 0.2622035 0.8325388 -0.3589681 0.2625946 0.8956484 -0.6941378 -1.07661e-5 0.7198422 -0.6546792 0.2091023 0.72641 -0.8116046 -7.07805e-6 0.5842071 -0.7892172 0.1351064 0.5990681 0.1450826 0.2157174 0.9656175 0.1618375 1.79634e-5 0.9868174 0.2949316 0 0.9555184 0.3682399 0.2062957 0.9065548 0.4630574 -1.84625e-5 0.8863284 0.5779628 0.1944383 0.7925609 0.6551294 -8.64267e-7 0.7555167 0.7159712 0.1871282 0.6725832 0.8069419 1.73897e-5 0.5906309 0.811837 0.1846126 0.5539304 0.8999443 1.91331e-5 0.4360049 0.8936218 0.1880044 0.407547 0.9366774 0.1950829 0.2908234 0.9713767 1.29563e-5 0.2375447 0.9518764 0.1992931 0.2328383 0.9238938 0.3092792 0.2253146 0.9382204 0.259503 0.2289121 0.9383623 0.2601259 0.2276195 0.9384321 0.2586321 0.22903 0.8935968 0.3909643 0.2205262 0.9390345 0.2565163 0.2289404 0.9403212 0.2513388 0.2294014 0.7839109 0.5864086 0.2039821 0.9365817 0.1955274 0.2908328 0.9516986 0.2002829 0.2327157 0.949104 0.2129468 0.2320679 0.9469426 0.2228531 0.2315952 0.2159124 0.9438725 0.2499735 0.4270119 0.8867378 0.1770789 0.1978829 0.9631 0.1824303 0.2360708 0.8950113 0.3784514 0.2390597 0.8247105 0.5125459 0.3682602 0.2064131 0.9065198 0.5780258 0.194274 0.7925553 0.1741269 0.61142 0.7719103 0.1416246 0.412889 0.8997029 0.145141 0.215696 0.9656135 0.7051651 0.5685081 0.4237226 0.9420814 0.2438781 0.2302311 0.7160856 0.1867752 0.6725596 0.2157126 0.7343968 0.6435289 0.6208359 0.7616667 0.1855442 0.8135207 0.3664847 0.4515232 0.9444859 0.2337269 0.2309074 0.8117639 0.1848298 0.553965 0.8935506 0.1884764 0.407485 0.0113666 -1.07139e-5 0.9999354 0.1450746 0.2157033 0.9656218 0.002088129 0.2199185 0.9755161 0.1618259 -6.32781e-6 0.9868194 -0.3265726 0.1210017 0.9373949 -0.1592426 0.2355046 0.9587385 -0.3588772 0.2625965 0.8956844 -0.1110711 -6.16908e-6 0.9938125 -0.3160411 -2.13459e-6 0.9487455 -0.04732632 0.9274541 0.3709302 -0.03685015 0.9739883 0.223582 -0.1285035 0.962911 0.2372537 -0.4879851 0.2626153 0.8324084 -0.3679156 0.3671895 0.8542891 -0.3161792 0.4965921 0.8083484 -0.3589715 0.2626836 0.895621 -0.8271572 0.1398811 0.5442834 -0.8675817 0.1313689 0.4796293 -0.8689317 0.1191092 0.4803861 -0.826663 0.3506848 0.4400551 -0.7877464 0.1457556 0.5985074 -0.655093 0.2088974 0.7260957 -0.7896603 0.1490573 0.5951626 -0.787972 0.1400087 0.5995814 -0.7890354 0.1367854 0.5989264 -0.2823193 0.8633555 0.4182263 -0.3049107 0.9152927 0.2631897 -0.4914565 0.8188209 0.2966527 -0.2788439 0.7999181 0.5313917 -0.1071443 0.8018049 0.5879023 -0.2138202 0.6439785 0.734556 -0.4019058 0.7380715 0.5419615 -0.6527335 0.6777389 0.3385397 -0.6801318 0.4312904 0.5927979 -0.8057064 0.1490769 0.5732481 -0.7754181 0.4918248 0.3960243 -0.6252719 0.3598023 0.6925153 -0.7943778 0.1508085 0.5884053 0.07328021 -0.9970578 0.02249133 -0.06523424 -0.996996 -0.04175668 0.1487671 -0.9887917 0.01262742 0.1223621 -0.9916603 0.04046452 0.02661931 -0.999612 0.008215785 -0.02638661 -0.9996153 -0.008553922 0.01135939 1.0848e-5 0.9999355 0.00208795 -0.2199183 0.9755162 0.14507 -0.215703 0.9656226 0.1617334 6.85453e-6 0.9868345 -0.3265736 -0.1210014 0.9373944 -0.35888 -0.2625961 0.8956833 -0.1592252 -0.235507 0.9587407 -0.1110436 4.93228e-6 0.9938156 -0.3159926 -4.7225e-6 0.9487618 0.9238763 -0.3092984 0.2253601 0.9383069 -0.2602208 0.2277394 0.9381902 -0.2595137 0.2290235 0.9384245 -0.2586197 0.2290753 0.8936139 -0.3909456 0.2204904 0.9389847 -0.2566841 0.2289561 0.9402578 -0.2514401 0.2295502 0.7839186 -0.5864026 0.2039697 0.9365752 -0.1955643 0.2908293 0.9489839 -0.2134331 0.2321121 0.951692 -0.200339 0.2326945 0.9469302 -0.2228844 0.2316156 0.2159125 -0.9438725 0.2499729 0.1978828 -0.9630997 0.1824318 0.4270129 -0.8867375 0.1770785 0.2360668 -0.8949711 0.3785489 0.2390591 -0.8247104 0.5125463 0.3682637 -0.206412 0.9065186 0.1741315 -0.6114198 0.7719094 0.577968 -0.1942776 0.7925966 0.1416502 -0.4128861 0.8997002 0.1451243 -0.2157861 0.9655959 0.7051652 -0.5685091 0.423721 0.9420755 -0.2439084 0.2302227 0.7160863 -0.186775 0.672559 0.2157127 -0.7343971 0.6435286 0.6208357 -0.761667 0.185544 0.8134768 -0.3665949 0.4515126 0.9444734 -0.2337447 0.2309404 0.8117638 -0.1848304 0.5539651 0.8935507 -0.1884769 0.4074845 0.1451593 -0.2157295 0.9656032 0.2949262 -4.17232e-7 0.9555201 0.161745 -1.38558e-5 0.9868327 0.3682474 -0.2062954 0.9065518 0.4630878 2.35662e-5 0.8863125 0.5779716 -0.1944366 0.792555 0.6551222 1.39326e-6 0.755523 0.7159752 -0.1871266 0.6725795 0.8069413 -1.65999e-5 0.5906317 0.8118391 -0.1846114 0.553928 0.8999477 -1.69501e-5 0.4359979 0.893619 -0.1880039 0.4075533 0.9366778 -0.1950825 0.2908224 0.9713764 -1.31354e-5 0.2375455 0.9518764 -0.1992931 0.2328383 -0.3266615 -0.1210029 0.9373636 -0.3161881 -1.35452e-5 0.9486966 -0.5078908 -2.49892e-5 0.8614215 -0.5332199 -0.2524057 0.8074454 -0.3589192 -0.2626072 0.8956643 -0.6941903 -1.32471e-5 0.7197915 -0.6999603 -0.1868778 0.6892985 -0.8116376 -1.63065e-5 0.5841614 -0.7892012 -0.1351106 0.5990882 -0.0473017 -0.9274457 0.3709543 -0.1191833 -0.9644254 0.2359642 -0.03687608 -0.9739808 0.2236105 -0.2781347 -0.9249808 0.2589435 -0.8263987 -0.1401827 0.5453569 -0.8688268 -0.1195776 0.4804596 -0.8675763 -0.1314738 0.4796103 -0.8266623 -0.3506789 0.4400612 -0.5330674 -0.2526124 0.8074814 -0.3679369 -0.3671794 0.8542844 -0.3588652 -0.2626655 0.8956689 -0.7878193 -0.1457638 0.5984092 -0.789701 -0.1490206 0.5951179 -0.7000729 -0.1868057 0.6892036 -0.7879126 -0.1404696 0.5995515 -0.7890377 -0.1365737 0.5989718 -0.4210882 -0.5047847 0.7535763 -0.1071261 -0.8018185 0.5878871 -0.213809 -0.6439818 0.7345565 -0.3161877 -0.4966019 0.808339 -0.7935003 -0.1614096 0.5867745 -0.8057084 -0.1490588 0.57325 -0.794649 -0.1503438 0.588158 -0.4800903 -0.6873659 0.5450152 -0.5933429 -0.7382811 0.3207574 -0.4352543 -0.8538557 0.2854543 -0.5501114 -0.6324204 0.5453639 -0.60952 -0.5769709 0.5436819 -0.7754461 -0.4917967 0.3960042 -0.7059421 -0.6107805 0.3585986 -0.8673427 -0.1315895 0.480001 -0.9504877 -0.1628155 0.2646968 -0.8270371 -0.3506171 0.4394057 -0.8686785 -0.1195439 0.4807359 -0.373947 -0.9196643 0.1199226 -0.01827841 -0.9949839 0.09835147 -0.0214284 -0.9876736 0.1550537 -0.2258347 -0.9698014 0.09210938 -0.4424116 -0.892911 0.0835573 -0.6439613 -0.7614157 0.07456636 -0.804035 -0.5869736 0.09481447 -0.7705786 -0.6336092 0.06890642 -0.8688759 -0.4906761 0.06551051 -0.9191746 -0.3866884 0.07476836 -0.9198693 -0.3868126 0.06493598 -0.9287835 -0.3626047 0.07667547 -0.9465478 -0.2949147 0.130663 -0.9412916 -0.3309094 0.06685119 -0.2615956 -0.9429675 0.2058643 -0.03696632 -0.9739996 0.2235137 -0.1190005 -0.9643369 0.2364177 -0.9027113 -0.4057123 0.1432133 -0.8119331 -0.5711826 0.1204796 -0.7953235 -0.5821218 0.1691002 -0.4358935 -0.8677269 0.2388449 -0.5931763 -0.7383051 0.3210104 -0.7057179 -0.6108272 0.3589602 -0.4352378 -0.8538158 0.2855989 -0.2780162 -0.9249659 0.2591242 -0.3517569 -0.9118359 0.2117132 -0.7649254 -0.6040747 0.2235692 -0.7754139 -0.4918194 0.3960391 -0.4208312 -0.8941322 0.1530646 -0.4113141 -0.8956264 0.1693344 -0.5816185 -0.7983224 0.1562097 -0.03684961 -0.9739846 0.223598 0.1977629 -0.9631178 0.1824667 0.2157147 -0.9439046 0.2500222 -0.04671889 -0.927524 0.3708325 0.236559 -0.894912 0.3783814 -0.1061341 -0.8019564 0.587879 0.2402086 -0.8245097 0.5123316 -0.2127999 -0.6442391 0.7346239 0.2152292 -0.7344251 0.6436585 -0.3162172 -0.4965739 0.8083446 0.1729154 -0.6114819 0.7721335 0.002117633 -0.2191809 0.975682 0.1418637 -0.4128907 0.8996644 0.1450871 -0.2156963 0.9656215 -0.3677588 -0.3673082 0.8543058 -0.15922 -0.2354767 0.9587491 -0.3588963 -0.2626468 0.8956618 0.7090721 -0.6892043 0.1490444 0.7371337 -0.6603832 0.1432758 0.8718915 -0.4594406 0.1694684 0.9142409 -0.3647166 0.1764811 0.9353399 -0.3047051 0.1797056 0.6638587 -0.7345011 0.1407116 0.561363 -0.8206713 0.1066318 0.5934177 -0.7946574 0.1279659 0.4889049 -0.8654199 0.1096376 0.1235728 -0.9917259 0.0347796 0.3450244 -0.9363679 0.06460285 0.5887598 -0.7970502 0.134436 0.555716 -0.8212934 0.1290621 0.5227298 -0.8434876 0.1236225 0.4517855 -0.8850157 0.1124158 0.364314 -0.9259832 0.09914851 0.1544709 -0.9819907 0.1087797 0.7432955 -0.6451506 0.1768972 0.9381898 -0.2600443 0.2284227 0.7373167 -0.6475597 0.1924332 0.8935881 -0.3908931 0.2206873 0.7839122 -0.5863996 0.2040035 0.9238311 -0.3092084 0.2256686 0.6077278 -0.7752237 0.1723231 0.6883651 -0.7011312 0.1859261 0.5719699 -0.8027981 0.1684213 0.5366576 -0.8274918 0.1650938 0.5446313 -0.820513 0.173595 0.6229869 -0.7606909 0.182309 0.620825 -0.761672 0.1855594 0.4741538 -0.8640094 0.1693099 0.4195598 -0.894103 0.1566824 0.5208677 -0.8356226 0.1744475 0.4270299 -0.8867286 0.1770817 0.3969757 -0.9025567 0.1667387 0.1978898 -0.9630982 0.1824322 0.1728826 -0.9734331 0.1501317 0.4561464 -0.8791807 0.1377376 0.4828633 -0.8631186 0.1478827 -0.9320504 -0.3590856 0.04836952 -0.9412951 -0.3309004 0.0668472 -0.954548 -0.2978826 -0.01021319 -0.9198173 -0.3868368 0.06552404 -0.9210656 -0.3863009 0.04909139 -0.9274967 -0.3697351 -0.05519002 -0.9246256 -0.3674005 -0.1004222 -0.8711193 -0.4821224 -0.09332382 -0.9385232 -0.3407138 -0.05557268 -0.947358 -0.3051013 -0.09708815 -0.8094936 -0.5830264 0.06928592 -0.6439613 -0.7614063 0.07466208 -0.7705746 -0.6335889 0.06913697 -0.8688797 -0.4906613 0.06557101 -0.7196744 -0.6937388 0.02820307 -0.8080065 -0.5890082 -0.01396274 -0.8677404 -0.4962129 -0.02827537 -0.8091086 -0.5840994 -0.06458616 -0.7659646 -0.6382382 -0.07713824 -0.6288406 -0.7754195 -0.05730724 -0.3386318 -0.9385133 0.06724083 -0.01824957 -0.994985 0.09834551 -0.2258226 -0.969796 0.09219509 -0.4424853 -0.8928772 0.08353048 -0.1962442 -0.9796558 0.04198801 -0.01927083 -0.9994543 0.02683264 -0.3306314 -0.9437294 0.007600247 -0.2556211 -0.9667589 -0.005936563 -0.4285801 -0.9030166 -0.02967101 -0.7892202 -0.1351275 0.5990593 -0.7945283 -0.1508662 0.5881875 -0.7898349 -0.1490699 0.5949278 -0.787627 -0.1456934 0.5986796 -0.7888091 -0.1410486 0.5982354 -0.8056108 -0.1490039 0.5734015 -0.8264344 -0.1402736 0.5452793 -0.8687005 -0.1193082 0.4807548 -0.8116933 4.18164e-6 0.5840839 -0.9267647 2.7284e-5 0.3756426 -0.9505383 -0.1624878 0.2647166 -0.9775267 -1.92076e-5 0.2108123 -0.9466428 -0.2946011 0.1306818 -0.9781745 -0.1969016 0.06636571 -0.9413287 -0.3308021 0.06686145 -0.9936469 -0.09089881 0.06635916 -0.9978077 1.92394e-5 0.06618082 0.9142777 -0.364679 0.1763676 0.8971328 -0.3141986 0.3105354 0.9353755 -0.3046044 0.1796911 0.8718798 -0.4594712 0.1694459 0.7371135 -0.660407 0.1432701 0.1240543 -0.9918127 0.03030335 0.1649543 -0.984066 0.06636518 0.2466685 -0.9614303 0.1216822 0.1223783 -0.9916579 0.04047548 0.7489692 -0.5739902 0.3310293 0.8350228 -0.335015 0.4364653 0.7570679 -0.5166791 0.3998638 0.6317239 -0.692902 0.34758 0.5001453 -0.8186798 0.282167 0.3790853 -0.9011934 0.2101066 0.3195041 -0.9445499 0.07577961 0.3450468 -0.9363615 0.06457436 0.1235353 -0.9917312 0.03476262 0.5613498 -0.8206939 0.1065267 0.1235382 -0.9919854 0.02651971 -0.0182417 -0.9949854 0.09834355 0.1235672 -0.9917274 0.0347566 0.1544991 -0.9819864 0.1087788 -0.01917237 -0.9994567 0.0268144 -0.02133011 -0.9876623 0.1551393 0.1728327 -0.9734387 0.1501537 -0.03685146 -0.9739865 0.2235893 0.1977446 -0.9631413 0.1823624 -0.4716183 -0.8777011 -0.08495324 -0.01925164 -0.9994546 0.02683025 -0.2555012 -0.966794 -0.005342483 -0.4284849 -0.9030787 -0.02914971 -0.6288781 -0.775413 -0.05698132 -0.7659419 -0.6382774 -0.07703965 -0.2917651 -0.9545179 -0.06139034 -0.007432043 -0.9999104 -0.01113706 -0.3928865 -0.9150801 -0.09093272 -0.784792 -0.5852821 -0.2038298 -0.91268 -0.3762707 -0.1594855 -0.8711146 -0.4821093 -0.09343451 -0.9246093 -0.3674092 -0.1005399 -0.9232323 -0.3517751 -0.1545852 -0.9473602 -0.3051026 -0.09706288 -0.9217129 -0.3353877 -0.1948348 -0.7770289 -0.5810219 -0.2421566 -0.3969846 -0.9003719 -0.1781398 -0.6389589 -0.6990401 -0.3210522 -0.5386108 -0.8028287 -0.255665 -0.4117039 -0.8933069 -0.1802853 -0.2573806 -0.9607263 -0.1037321 -0.115267 -0.9924118 -0.04280841 -0.02637434 -0.9996156 -0.008557558 -0.8442765 -0.4689811 -0.2593339 -0.8827427 -0.3512703 -0.3120491 -0.7471105 -0.6038153 -0.2779083 -0.7010918 -0.6474608 -0.2987722 -0.7945075 -0.4931319 -0.354371 -0.830363 -0.3447123 -0.437802 -0.7627954 -0.5093923 -0.3983247 -0.4491038 -0.8812236 -0.1474814 -0.4715989 -0.8649136 -0.171811 -0.4744024 -0.8595121 -0.1902143 -0.6020357 -0.7658677 -0.2258313 -0.4464629 -0.8742907 -0.1904907 -0.941023 -1.01641e-4 -0.3383429 -0.8871636 -1.20341e-5 -0.4614551 -0.8765935 -0.1479958 -0.4579096 -0.8827284 -0.3513096 -0.3120453 -0.8303887 -0.3446007 -0.4378414 -0.9761162 -1.00508e-4 -0.2172493 -0.9218304 -0.3350197 -0.194912 -0.9473623 -0.3050926 -0.09707283 -0.997294 -1.46478e-5 -0.07351714 -0.9545782 -0.2977841 -0.01024979 -0.9978069 -1.18613e-5 0.06619185 -0.993655 -0.0908879 0.06625247 -0.9781708 -0.1968919 0.06645011 -0.9412996 -0.3309085 0.06674408 -0.01916599 -0.9994568 0.02681487 0.1235408 -0.9919849 0.02652597 0.1234489 -0.9917445 0.03469204 -0.007329404 -0.9999121 -0.01105374 0.1239292 -0.9918308 0.03021878 0.072618 -0.9970778 0.02371501 0.122355 -0.9916611 0.04046648 0.02621442 -0.9996191 0.008630633 -0.02640026 -0.9996149 -0.008555352 -0.02638685 -0.9996154 -0.008549928 -0.2355966 -0.9686242 -0.07913017 -0.06524759 -0.996995 -0.04175883 -0.1151126 -0.9924241 -0.04293555 -0.3596164 -0.9265118 -0.1106886 -0.2569641 -0.9607862 -0.1042082 -0.4110255 -0.8934015 -0.1813619 -0.546256 -0.8256571 -0.1410484 -0.5379283 -0.8028956 -0.2568889 -0.7334111 -0.6641452 -0.1449806 -0.6387904 -0.699099 -0.3212594 -0.8617025 -0.4820913 -0.1582943 -0.763491 -0.5094028 -0.3969765 -0.8640546 -0.3539941 -0.3579079 -0.9158731 -0.3585122 -0.1806812 -0.8303591 -0.344695 -0.4378232 -0.9328474 1.96397e-5 -0.3602721 -0.8766054 -0.1480038 -0.4578843 -0.8871638 1.9744e-6 -0.4614547 -0.8640587 -0.35398 -0.3579117 -0.8303894 -0.3445954 -0.4378442 -0.915916 -0.3584026 -0.1806811 -0.9893806 2.11149e-5 -0.1453482 -0.9370406 -0.3492185 0.00118643 -0.994605 -1.08212e-4 0.1037358 -0.9270102 -0.336598 0.1653904 -0.9455181 -0.09100645 0.3125916 -0.9495684 1.19044e-5 0.3135601 -0.9305346 -0.1969965 0.3087034 -0.8952795 -0.330837 0.2983649 -0.9270457 -0.336497 0.1653969 -0.8952445 -0.330957 0.2983365 -0.8183189 -0.5081009 0.2686776 -0.9158788 -0.358496 -0.1806846 -0.9370487 -0.3491967 0.001188337 -0.8617873 -0.4820315 -0.158014 -0.4298063 -0.9028928 -0.007151544 -0.1960975 -0.9805245 0.01084458 -0.1600958 -0.9866625 -0.02943611 -0.4067338 -0.913433 0.01441299 -0.5300436 -0.8479427 0.006852626 -0.5581337 -0.8279841 0.05412119 -0.6600345 -0.7402268 0.1281357 -0.7588157 -0.6478232 0.06725955 -0.7380613 -0.6417273 0.2084507 -0.5148835 -0.8549838 -0.06243354 -0.06526207 -0.9969947 -0.04174315 -0.3600257 -0.9264911 -0.1095252 -0.5464697 -0.8256109 -0.1404906 -0.2361252 -0.9685978 -0.07786715 -0.6494196 -0.7580361 -0.0602954 -0.73321 -0.6642099 -0.1456992 -0.900712 -0.4308019 0.05592572 -0.8036422 -0.5943112 0.03087872 -0.8333748 -0.5527083 -3.37273e-4 -0.8598194 -0.5095184 -0.0331909 -0.5898842 -0.8067942 -0.03346526</float_array>
          <technique_common>
            <accessor source="#ָ¼୽񋴲¿·Մ-mesh-normals-array" count="4522" stride="3">
              <param name="X" type="float"/>
              <param name="Y" type="float"/>
              <param name="Z" type="float"/>
            </accessor>
          </technique_common>
        </source>
        <vertices id="ָ¼୽񋴲¿·Մ-mesh-vertices">
          <input semantic="POSITION" source="#ָ¼୽񋴲¿·Մ-mesh-positions"/>
        </vertices>
        <triangles material="white_plastic-material" count="1946">
          <input semantic="VERTEX" source="#ָ¼୽񋴲¿·Մ-mesh-vertices" offset="0"/>
          <input semantic="NORMAL" source="#ָ¼୽񋴲¿·Մ-mesh-normals" offset="1"/>
          <p>4 0 2 1 3 2 10 3 4 0 5 4 0 5 2 1 4 0 0 5 4 0 10 3 9 6 5 4 6 7 9 6 10 3 5 4 1 8 0 5 10 3 8 9 6 7 7 10 8 9 9 6 6 7 39 11 27 12 28 13 39 11 28 13 29 14 39 11 33 15 27 12 38 16 29 14 30 17 38 16 39 11 29 14 21 18 14 19 15 20 21 18 15 20 16 21 21 18 16 21 17 22 21 18 17 22 18 23 21 18 18 23 19 24 11 25 13 26 12 27 11 25 20 28 13 26 37 29 30 17 31 30 37 29 38 16 30 17 36 31 31 30 32 32 36 31 37 29 31 30 35 33 26 34 22 35 35 33 32 32 26 34 35 33 36 31 32 32 34 36 19 24 20 28 34 36 22 35 23 37 34 36 23 37 24 38 34 36 24 38 25 39 34 36 25 39 21 18 34 36 20 28 11 25 34 36 21 18 19 24 34 36 35 33 22 35 40 40 42 41 41 42 44 43 43 44 42 41 44 43 42 41 40 40 46 45 51 46 50 47 46 45 47 48 51 46 48 49 45 49 49 49 56 50 52 51 55 52 53 53 52 51 56 50 54 54 53 53 56 50 58 55 60 56 59 57 57 58 61 59 60 56 57 58 60 56 58 55 66 60 75 61 65 62 67 63 76 64 75 61 67 63 75 61 66 60 78 65 76 64 67 63 81 66 67 63 68 67 81 66 68 67 69 68 82 69 78 65 67 63 82 69 67 63 81 66 63 70 69 68 70 71 63 70 70 71 71 72 63 70 81 66 69 68 62 73 71 72 72 74 62 73 72 74 73 75 62 73 73 75 74 76 62 73 74 76 64 77 62 73 63 70 71 72 83 78 78 65 82 69 84 79 78 65 83 78 85 80 78 65 84 79 86 81 78 65 85 80 80 82 78 65 86 81 77 83 78 65 80 82 79 84 77 83 80 82 95 85 92 86 93 87 95 85 93 87 94 88 96 89 92 86 95 85 97 90 92 86 96 89 90 91 91 92 92 86 98 93 92 86 97 90 99 94 92 86 98 93 89 95 90 91 92 86 87 96 92 86 99 94 88 97 89 95 92 86 88 97 92 86 87 96 109 98 114 99 110 100 115 101 101 102 100 103 115 101 102 104 101 102 115 101 103 105 102 104 116 106 104 107 103 105 116 106 105 108 104 107 116 106 106 109 105 108 116 106 103 105 115 101 117 110 116 106 115 101 118 111 107 112 106 109 118 111 106 109 116 106 118 111 116 106 117 110 118 111 119 113 107 112 120 114 100 103 111 115 120 114 115 101 100 103 120 114 117 110 115 101 120 114 118 111 117 110 121 116 111 115 112 117 121 116 122 118 120 114 121 116 120 114 111 115 121 116 123 119 122 118 124 120 108 121 107 112 124 120 107 112 119 113 124 120 119 113 123 119 125 122 109 98 108 121 125 122 112 117 113 123 125 122 113 123 114 99 125 122 114 99 109 98 125 122 121 116 112 117 125 122 123 119 121 116 125 122 124 120 123 119 125 122 108 121 124 120 126 124 118 111 120 114 126 124 119 113 118 111 126 124 120 114 122 118 126 124 122 118 123 119 126 124 123 119 119 113 133 125 134 126 129 127 130 128 128 129 127 130 130 128 132 131 128 129 131 132 132 131 130 128 135 133 129 127 128 129 135 133 132 131 133 125 135 133 133 125 129 127 135 133 128 129 132 131 143 134 139 135 140 136 138 137 139 135 143 134 137 138 142 139 141 140 137 138 143 134 142 139 137 138 138 137 143 134 136 141 137 138 141 140 158 142 152 143 153 144 160 145 154 146 155 147 160 145 155 147 156 148 161 149 153 144 154 146 161 149 154 146 160 145 162 150 161 149 160 145 163 151 161 149 162 150 164 152 159 153 158 142 164 152 161 149 163 151 164 152 153 144 161 149 164 152 158 142 153 144 165 154 163 151 162 150 165 154 164 152 163 151 165 154 159 153 164 152 166 155 147 156 148 157 166 155 167 158 165 154 168 159 165 154 167 158 169 160 159 153 165 154 169 160 165 154 168 159 170 161 148 157 149 162 170 161 166 155 148 157 170 161 167 158 166 155 170 161 168 159 167 158 170 161 169 160 168 159 171 163 149 162 150 164 171 163 150 164 159 153 171 163 159 153 169 160 171 163 170 161 149 162 171 163 169 160 170 161 172 165 151 166 144 167 172 165 156 148 157 168 172 165 157 168 151 166 172 165 144 167 165 154 172 165 160 145 156 148 172 165 162 150 160 145 172 165 165 154 162 150 173 169 144 167 145 170 173 169 145 170 146 171 173 169 146 171 147 156 173 169 165 154 144 167 173 169 147 156 166 155 173 169 166 155 165 154 175 172 176 173 179 174 175 172 179 174 180 175 175 172 180 175 178 176 174 177 178 176 177 178 174 177 175 172 178 176 188 179 186 180 185 181 188 179 187 182 186 180 194 183 189 184 188 179 193 185 194 183 188 179 192 186 185 181 184 187 192 186 188 179 185 181 192 186 193 185 188 179 191 188 183 189 182 190 191 188 184 187 183 189 191 188 192 186 184 187 190 191 191 188 182 190 181 192 190 191 182 190 201 193 198 194 199 195 197 196 198 194 201 193 196 197 197 196 201 193 200 198 196 197 201 193 195 199 196 197 200 198 204 200 202 201 203 202 205 203 203 202 209 204 205 203 204 200 203 202 207 205 209 204 210 206 207 205 205 203 209 204 208 207 207 205 210 206 206 208 207 205 208 207 212 209 217 210 215 211 216 212 212 209 215 211 211 213 212 209 216 212 214 214 211 213 216 212 213 215 211 213 214 214 220 216 219 217 218 218 220 216 218 218 221 219 222 220 247 221 223 222 224 223 245 224 246 225 224 223 246 225 247 221 224 223 247 221 222 220 238 226 233 227 234 228 238 226 234 228 235 229 238 226 235 229 236 230 238 226 236 230 237 231 229 232 230 233 231 234 229 232 231 234 232 235 225 236 244 237 245 224 225 236 245 224 224 223 226 238 243 239 244 237 226 238 244 237 225 236 227 240 241 241 242 242 227 240 242 242 243 239 227 240 243 239 226 238 228 243 232 235 233 227 228 243 238 226 239 244 228 243 239 244 240 245 228 243 240 245 241 241 228 243 229 232 232 235 228 243 233 227 238 226 228 243 241 241 227 240 251 246 252 247 249 248 250 249 249 248 248 250 250 249 251 246 249 248 259 251 254 252 256 253 259 251 256 253 257 254 255 255 253 255 258 255 262 256 263 257 264 258 260 259 262 256 264 258 261 260 262 256 260 259 269 261 265 262 266 263 268 264 266 263 267 265 268 264 269 261 266 263 288 266 289 267 290 268 287 269 290 268 291 270 287 269 288 266 290 268 286 271 287 269 291 270 292 272 286 271 291 270 276 273 285 274 286 271 275 275 286 271 292 272 275 275 276 273 286 271 277 276 283 277 284 278 277 276 284 278 285 274 277 276 285 274 276 273 278 279 279 280 280 281 278 279 280 281 281 282 278 279 281 282 282 283 278 279 282 283 283 277 278 279 283 277 277 276 274 284 275 275 292 272 273 285 274 284 292 272 272 286 273 285 292 272 270 287 272 286 292 272 271 288 272 286 270 287 300 289 294 290 293 291 300 289 293 291 304 292 299 293 300 289 304 292 298 294 299 293 304 292 297 295 298 294 304 292 296 296 297 295 304 292 302 297 304 292 301 298 295 299 296 296 304 292 303 300 304 292 302 297 303 300 295 299 304 292 311 301 308 302 309 303 310 304 311 301 309 303 307 305 311 301 310 304 305 306 311 301 307 305 306 307 305 306 307 305 319 308 314 309 315 310 319 308 315 310 316 311 319 308 316 311 317 312 319 308 317 312 318 313 312 314 313 315 314 309 312 314 314 309 319 308 327 316 321 317 320 318 336 319 323 320 322 321 336 319 324 322 323 320 337 323 322 321 321 317 337 323 336 319 322 321 338 324 336 319 337 323 339 325 338 324 337 323 340 326 327 316 329 327 340 326 337 323 321 317 340 326 339 325 337 323 340 326 321 317 327 316 341 328 338 324 339 325 341 328 339 325 340 326 341 328 340 326 329 327 342 329 334 330 333 331 342 329 341 328 343 332 344 333 343 332 341 328 345 334 341 328 329 327 345 334 344 333 341 328 346 335 335 336 334 330 346 335 334 330 342 329 346 335 342 329 343 332 346 335 343 332 344 333 346 335 344 333 345 334 347 337 329 327 328 338 347 337 328 338 335 336 347 337 345 334 329 327 347 337 335 336 346 335 347 337 346 335 345 334 348 339 325 340 324 322 348 339 326 341 325 340 348 339 330 342 326 341 348 339 341 328 330 342 348 339 324 322 336 319 348 339 336 319 338 324 348 339 338 324 341 328 349 343 331 344 330 342 349 343 332 345 331 344 349 343 333 331 332 345 349 343 330 342 341 328 349 343 342 329 333 331 349 343 341 328 342 329 351 346 363 347 364 348 351 346 364 348 350 349 353 350 351 346 352 351 354 352 351 346 353 350 355 353 362 354 363 347 355 353 363 347 351 346 355 353 351 346 354 352 356 355 361 356 362 354 356 355 362 354 355 353 357 357 360 358 361 356 357 357 361 356 356 355 358 359 360 358 357 357 359 360 360 358 358 359 372 361 369 362 370 363 368 364 372 361 370 363 367 365 366 366 371 367 367 365 371 367 372 361 367 365 372 361 368 364 365 368 366 366 367 365 374 369 375 370 376 371 388 372 380 373 381 374 388 372 381 374 382 375 388 372 382 375 383 376 389 377 383 376 384 378 389 377 384 378 385 379 389 377 385 379 386 380 389 377 388 372 383 376 390 381 388 372 389 377 391 382 386 380 387 383 391 382 387 383 392 384 391 382 389 377 386 380 391 382 390 381 389 377 393 385 379 386 380 373 393 385 380 373 388 372 393 385 388 372 390 381 393 385 390 381 391 382 394 387 377 388 378 389 394 387 378 389 379 386 394 387 379 386 393 385 394 387 393 385 395 390 396 391 377 388 394 387 396 391 395 390 397 392 396 391 394 387 395 390 396 391 397 392 398 393 399 394 387 383 373 395 399 394 392 384 387 383 399 394 398 393 392 384 400 396 373 395 374 369 400 396 376 371 377 388 400 396 374 369 376 371 400 396 377 388 396 391 400 396 398 393 399 394 400 396 396 391 398 393 400 396 399 394 373 395 401 397 393 385 391 382 401 397 395 390 393 385 401 397 391 382 392 384 401 397 397 392 395 390 401 397 392 384 398 393 401 397 398 393 397 392 403 398 405 399 404 400 409 401 406 402 407 403 409 401 407 403 402 404 408 405 409 401 402 404 410 406 403 398 402 404 410 406 407 403 405 399 410 406 405 399 403 398 410 406 402 404 407 403 419 407 415 408 418 409 411 410 416 411 415 408 411 410 415 408 419 407 412 412 417 413 416 411 412 412 416 411 411 410 414 414 417 413 412 412 413 415 414 414 412 412 424 416 420 417 423 418 421 419 420 417 424 416 425 420 421 419 424 416 422 421 421 419 425 420 426 422 422 421 425 420 427 423 429 424 430 425 427 423 430 425 428 426 436 427 431 428 434 429 432 430 431 428 436 427 435 431 432 430 436 427 433 432 432 430 435 431 438 433 439 434 440 435 438 433 440 435 437 436 444 437 441 438 442 439 444 437 442 439 443 440 448 441 445 442 446 443 448 441 446 443 447 444 450 445 449 446 451 447 450 445 451 447 452 448 459 449 464 450 463 451 459 449 460 452 464 450 458 453 461 454 454 455 458 453 462 456 461 454 458 453 463 451 462 456 458 453 459 449 463 451 457 457 458 453 454 455 453 458 457 457 454 455 456 459 453 458 455 460 456 459 457 457 453 458 475 461 473 461 472 461 476 462 474 462 470 462 479 463 477 463 471 463 466 464 479 464 471 464 467 465 478 465 465 465 480 466 469 466 481 466 478 467 467 467 468 467 489 468 483 469 484 470 489 468 484 470 485 471 489 468 485 471 486 472 489 468 486 472 487 473 494 474 482 475 483 469 494 474 483 469 489 468 493 476 489 468 488 477 493 476 494 474 489 468 492 478 494 474 493 476 491 479 494 474 492 478 490 480 494 474 491 479 497 481 496 482 495 483 497 481 505 484 496 482 498 485 504 486 505 484 498 485 505 484 497 481 499 487 503 488 504 486 499 487 504 486 498 485 500 489 502 490 503 488 500 489 503 488 499 487 501 491 502 490 500 489 506 492 513 493 507 494 508 495 514 496 513 493 508 495 513 493 506 492 509 497 515 498 514 496 509 497 514 496 508 495 510 499 512 500 515 498 510 499 515 498 509 497 511 501 512 500 510 499 526 502 524 502 516 502 520 503 530 503 528 503 519 504 527 504 517 504 531 505 529 505 518 505 533 506 532 506 521 506 525 507 523 508 527 509 522 510 524 510 526 510 537 511 538 512 535 513 536 514 535 513 534 515 536 514 537 511 535 513 551 516 547 517 546 518 551 516 548 519 547 517 545 520 549 521 548 519 545 520 550 522 549 521 545 520 544 523 550 522 545 520 548 519 551 516 540 524 551 516 539 525 541 526 545 520 551 516 541 526 551 516 540 524 542 527 545 520 541 526 543 528 545 520 542 527 563 529 564 530 552 531 562 532 563 529 552 531 553 533 559 534 560 535 553 533 560 535 561 536 553 533 561 536 562 532 553 533 562 532 552 531 558 537 553 533 554 538 558 537 554 538 555 539 558 537 555 539 556 540 558 537 556 540 557 541 558 537 559 534 553 533 575 542 566 543 565 544 575 542 567 545 566 543 576 546 568 547 567 545 576 546 569 548 568 547 576 546 567 545 575 542 577 549 570 550 569 548 577 549 569 548 576 546 578 551 570 550 577 549 579 552 571 553 570 550 579 552 570 550 578 551 580 554 571 553 579 552 581 555 572 556 571 553 581 555 571 553 580 554 582 557 572 556 581 555 583 558 572 556 582 557 584 559 573 560 572 556 584 559 574 561 573 560 584 559 572 556 583 558 585 562 598 563 586 564 587 565 598 563 585 562 588 566 599 567 598 563 588 566 598 563 587 565 589 568 599 567 588 566 590 569 599 567 589 568 596 570 604 571 603 572 596 570 605 573 604 571 596 570 597 574 605 573 591 575 599 567 590 569 592 576 600 577 599 567 592 576 599 567 591 575 595 578 602 579 601 580 595 578 603 572 602 579 595 578 596 570 603 572 594 581 595 578 601 580 593 582 601 580 600 577 593 582 600 577 592 576 593 582 594 581 601 580 635 583 623 584 622 585 635 583 622 585 634 586 636 587 610 588 609 589 636 587 624 590 623 584 636 587 623 584 637 591 636 587 637 591 610 588 638 592 624 590 636 587 638 592 636 587 609 589 639 593 609 589 608 594 639 593 625 595 624 590 639 593 638 592 609 589 639 593 624 590 638 592 640 596 639 593 608 594 640 596 625 595 639 593 641 597 608 594 607 598 641 597 626 599 625 595 641 597 625 595 640 596 641 597 640 596 608 594 642 600 641 597 607 598 642 600 626 599 641 597 643 601 627 602 626 599 643 601 642 600 607 598 643 601 626 599 642 600 644 603 627 602 643 601 644 603 643 601 607 598 645 604 606 605 612 606 645 604 612 606 613 607 645 604 613 607 614 608 646 609 645 604 614 608 647 610 614 608 615 611 647 610 615 611 616 612 647 610 616 612 617 613 647 610 646 609 614 608 648 614 628 615 611 616 648 614 629 617 628 615 648 614 630 618 629 617 648 614 631 619 630 618 648 614 632 620 631 619 648 614 633 621 632 620 648 614 634 586 633 621 648 614 635 583 634 586 649 622 611 616 610 588 649 622 648 614 611 616 649 622 610 588 637 591 649 622 635 583 648 614 650 623 607 598 606 605 650 623 644 603 607 598 650 623 606 605 645 604 650 623 645 604 646 609 651 624 617 613 618 625 651 624 618 625 619 626 651 624 619 626 620 627 651 624 620 627 621 628 651 624 621 628 627 602 651 624 627 602 644 603 651 624 647 610 617 613 652 629 623 584 635 583 652 629 637 591 623 584 652 629 635 583 649 622 652 629 649 622 637 591 653 630 650 623 646 609 653 630 651 624 644 603 653 630 644 603 650 623 653 630 647 610 651 624 653 630 646 609 647 610 683 631 673 632 672 633 683 631 674 634 673 632 683 631 675 635 674 634 683 631 676 636 675 635 683 631 677 637 676 636 683 631 678 638 677 637 683 631 665 639 678 638 683 631 672 633 682 640 684 641 667 642 666 643 684 641 682 640 681 644 684 641 685 645 682 640 684 641 666 643 685 645 686 646 684 641 681 644 686 646 667 642 684 641 687 647 668 648 667 642 687 647 681 644 680 649 687 647 667 642 686 646 687 647 686 646 681 644 688 650 687 647 680 649 688 650 668 648 687 647 689 651 669 652 668 648 689 651 668 648 688 650 689 651 688 650 680 649 690 653 670 654 669 652 690 653 680 649 679 655 690 653 669 652 689 651 690 653 689 651 680 649 691 656 690 653 679 655 691 656 670 654 690 653 692 657 670 654 691 656 692 657 691 656 679 655 693 658 658 659 659 660 693 658 659 660 660 661 694 662 693 658 660 661 695 663 660 661 661 664 695 663 661 664 662 665 695 663 662 665 663 666 695 663 663 666 664 667 695 663 694 662 660 661 696 668 666 643 665 639 696 668 685 645 666 643 696 668 665 639 683 631 697 669 671 670 670 654 697 669 670 654 692 657 698 671 697 669 692 657 698 671 664 667 671 670 698 671 699 672 700 673 698 671 671 670 697 669 698 671 692 657 699 672 698 671 701 674 664 667 698 671 700 673 701 674 702 675 654 676 655 677 702 675 679 655 654 676 702 675 700 673 699 672 702 675 692 657 679 655 702 675 699 672 692 657 703 678 696 668 683 631 703 678 685 645 696 668 703 678 683 631 682 640 703 678 682 640 685 645 704 679 655 677 656 680 704 679 656 680 657 681 704 679 657 681 658 659 704 679 702 675 655 677 704 679 658 659 693 658 705 682 695 663 664 667 705 682 694 662 695 663 705 682 702 675 704 679 705 682 704 679 693 658 705 682 700 673 702 675 705 682 664 667 701 674 705 682 701 674 700 673 705 682 693 658 694 662 715 683 734 684 735 685 715 683 735 685 716 686 736 687 715 683 714 688 736 687 731 689 732 690 736 687 732 690 733 691 736 687 733 691 734 684 736 687 734 684 715 683 737 692 714 688 713 693 737 692 736 687 714 688 738 694 736 687 737 692 739 695 725 696 729 697 739 695 729 697 730 698 739 695 730 698 731 689 739 695 736 687 738 694 739 695 731 689 736 687 740 699 738 694 737 692 740 699 739 695 738 694 740 699 737 692 713 693 740 699 725 696 739 695 741 700 711 701 710 702 741 700 712 703 711 701 741 700 713 693 712 703 741 700 726 704 725 696 741 700 725 696 740 699 741 700 740 699 713 693 742 705 710 702 709 706 742 705 741 700 710 702 742 705 726 704 741 700 743 707 709 706 708 708 743 707 726 704 742 705 743 707 742 705 709 706 744 709 743 707 708 708 744 709 726 704 743 707 745 710 708 708 707 711 745 710 727 712 726 704 745 710 744 709 708 708 745 710 726 704 744 709 746 713 728 714 727 712 746 713 727 712 745 710 746 713 745 710 707 711 747 715 746 713 707 711 747 715 728 714 746 713 748 716 707 711 706 717 748 716 721 718 720 719 748 716 722 720 721 718 748 716 723 721 722 720 748 716 724 722 723 721 748 716 706 717 724 722 748 716 747 715 707 711 748 716 728 714 747 715 749 723 748 716 720 719 749 723 728 714 748 716 750 724 749 723 720 719 750 724 728 714 749 723 751 725 728 714 750 724 751 725 718 726 717 727 751 725 719 728 718 726 751 725 720 719 719 728 751 725 717 727 728 714 751 725 750 724 720 719 771 729 752 730 753 731 780 732 754 733 755 734 780 732 755 734 756 735 780 732 756 735 757 736 781 737 753 731 754 733 781 737 772 738 771 729 781 737 754 733 780 732 781 737 771 729 753 731 782 739 757 736 758 740 782 739 758 740 759 741 782 739 780 732 757 736 783 742 773 743 772 738 783 742 774 744 773 743 783 742 782 739 774 744 783 742 780 732 782 739 783 742 772 738 781 737 783 742 781 737 780 732 784 745 759 741 763 746 784 745 775 747 774 744 784 745 776 748 775 747 784 745 774 744 782 739 784 745 782 739 759 741 785 749 776 748 784 745 785 749 784 745 763 746 786 750 776 748 785 749 786 750 785 749 763 746 787 751 763 746 762 752 787 751 777 753 776 748 787 751 786 750 763 746 787 751 776 748 786 750 788 754 787 751 762 752 788 754 777 753 787 751 789 755 762 752 761 756 789 755 778 757 777 753 789 755 788 754 762 752 789 755 777 753 788 754 790 758 778 757 789 755 790 758 789 755 761 756 791 759 779 760 778 757 791 759 778 757 790 758 791 759 790 758 761 756 792 761 761 756 760 762 792 761 768 763 767 764 792 761 769 765 768 763 792 761 770 766 769 765 792 761 760 762 770 766 792 761 791 759 761 756 792 761 779 760 791 759 793 767 792 761 767 764 793 767 779 760 792 761 794 768 765 769 764 770 794 768 766 771 765 769 794 768 767 764 766 771 794 768 764 770 779 760 794 768 793 767 767 764 794 768 779 760 793 767 796 772 805 773 795 774 806 775 805 773 796 772 797 776 806 775 796 772 807 777 806 775 797 776 798 778 807 777 797 776 808 779 807 777 798 778 799 780 808 779 798 778 809 781 808 779 799 780 800 782 809 781 799 780 810 783 809 781 800 782 801 784 810 783 800 782 811 785 810 783 801 784 802 786 811 785 801 784 804 787 811 785 802 786 803 788 804 787 802 786 813 789 820 790 812 791 821 792 820 790 813 789 814 793 821 792 813 789 822 794 821 792 814 793 815 795 822 794 814 793 823 796 822 794 815 795 816 797 823 796 815 795 824 798 823 796 816 797 817 799 824 798 816 797 825 800 824 798 817 799 818 801 825 800 817 799 819 802 825 800 818 801 847 803 839 804 838 805 847 803 840 806 839 804 836 807 844 808 843 809 836 807 845 810 844 808 836 807 835 811 845 810 827 812 846 813 826 814 828 815 846 813 827 812 832 816 837 817 831 818 833 819 837 817 832 816 834 820 837 817 833 819 848 821 841 822 840 806 848 821 842 823 841 822 848 821 843 809 842 823 848 821 840 806 847 803 848 821 836 807 843 809 849 824 837 817 836 807 849 824 847 803 846 813 849 824 836 807 848 821 849 824 848 821 847 803 850 825 828 815 829 826 850 825 829 826 830 827 850 825 830 827 831 818 850 825 849 824 846 813 850 825 837 817 849 824 850 825 846 813 828 815 850 825 831 818 837 817 871 828 863 829 862 830 871 828 864 831 863 829 860 832 868 833 867 834 860 832 869 835 868 833 860 832 859 836 869 835 852 837 870 838 851 839 853 840 870 838 852 837 857 841 861 842 856 843 858 844 861 842 857 841 872 845 865 846 864 831 872 845 866 847 865 846 872 845 867 834 866 847 872 845 864 831 871 828 872 845 860 832 867 834 873 848 861 842 860 832 873 848 871 828 870 838 873 848 872 845 871 828 873 848 860 832 872 845 874 849 853 840 854 850 874 849 854 850 855 851 874 849 855 851 856 843 874 849 861 842 873 848 874 849 873 848 870 838 874 849 870 838 853 840 874 849 856 843 861 842 902 852 879 853 880 854 902 852 880 854 881 855 902 852 881 855 882 856 902 852 882 856 883 857 902 852 883 857 889 858 903 859 875 860 876 861 903 859 876 861 877 862 903 859 877 862 878 863 903 859 878 863 879 853 903 859 879 853 902 852 903 859 902 852 889 858 904 864 889 858 888 865 904 864 897 866 875 860 904 864 875 860 903 859 904 864 903 859 889 858 905 867 904 864 888 865 905 867 897 866 904 864 906 868 888 865 887 869 906 868 898 870 897 866 906 868 905 867 888 865 906 868 897 866 905 867 907 871 906 868 887 869 907 871 898 870 906 868 908 872 887 869 886 873 908 872 899 874 898 870 908 872 907 871 887 869 908 872 898 870 907 871 909 875 899 874 908 872 909 875 908 872 886 873 910 876 886 873 885 877 910 876 900 878 899 874 910 876 909 875 886 873 910 876 899 874 909 875 911 879 900 878 910 876 911 879 910 876 885 877 912 880 885 877 884 881 912 880 901 882 900 878 912 880 900 878 911 879 912 880 911 879 885 877 913 883 894 884 893 885 913 883 895 886 894 884 913 883 896 887 895 886 913 883 884 881 896 887 913 883 912 880 884 881 913 883 901 882 912 880 914 888 913 883 893 885 914 888 901 882 913 883 915 889 891 890 890 891 915 889 892 892 891 890 915 889 893 885 892 892 915 889 890 891 901 882 915 889 914 888 893 885 915 889 901 882 914 888 943 893 920 894 921 895 943 893 921 895 922 896 943 893 922 896 923 897 943 893 923 897 924 898 943 893 924 898 930 899 944 900 943 893 930 899 945 901 930 899 929 902 945 901 939 903 938 904 945 901 944 900 930 899 945 901 938 904 944 900 946 905 945 901 929 902 946 905 939 903 945 901 947 906 929 902 928 907 947 906 940 908 939 903 947 906 946 905 929 902 947 906 939 903 946 905 948 909 947 906 928 907 948 909 940 908 947 906 949 910 928 907 927 911 949 910 941 912 940 908 949 910 940 908 948 909 949 910 948 909 928 907 950 913 949 910 927 911 950 913 941 912 949 910 951 914 927 911 926 915 951 914 942 916 941 912 951 914 950 913 927 911 951 914 941 912 950 913 952 917 951 914 926 915 952 917 942 916 951 914 953 918 926 915 925 919 953 918 935 920 934 921 953 918 936 922 935 920 953 918 937 923 936 922 953 918 925 919 937 923 953 918 952 917 926 915 953 918 942 916 952 917 954 924 932 925 931 926 954 924 933 927 932 925 954 924 934 921 933 927 954 924 931 926 942 916 954 924 953 918 934 921 954 924 942 916 953 918 955 928 916 929 917 930 955 928 917 930 918 931 955 928 918 931 919 932 955 928 919 932 920 894 955 928 920 894 943 893 956 933 938 904 916 929 956 933 916 929 955 928 956 933 943 893 944 900 956 933 944 900 938 904 956 933 955 928 943 893 958 934 967 935 966 936 958 934 966 936 957 937 959 938 968 939 967 935 959 938 967 935 958 934 960 940 969 941 968 939 960 940 968 939 959 938 961 942 970 943 969 941 961 942 969 941 960 940 962 944 971 945 970 943 962 944 970 943 961 942 963 946 965 947 971 945 963 946 971 945 962 944 964 948 965 947 963 946 973 949 982 950 981 951 973 949 981 951 972 952 974 953 983 954 982 950 974 953 982 950 973 949 975 955 984 956 983 954 975 955 983 954 974 953 976 957 985 958 984 956 976 957 984 956 975 955 977 959 986 960 985 958 977 959 985 958 976 957 978 961 980 962 986 960 978 961 986 960 977 959 979 963 980 962 978 961 989 964 1002 965 990 966 1003 967 999 968 1000 969 1003 967 1000 969 1001 970 1003 967 1001 970 1002 965 1003 967 1002 965 989 964 1004 971 989 964 988 972 1004 971 1003 967 989 964 1005 973 997 974 998 975 1005 973 998 975 999 968 1005 973 1003 967 1004 971 1005 973 1004 971 988 972 1005 973 999 968 1003 967 1006 976 988 972 987 977 1006 976 995 978 994 979 1006 976 996 980 995 978 1006 976 987 977 996 980 1007 981 992 982 991 983 1007 981 993 984 992 982 1007 981 994 979 993 984 1007 981 991 983 997 974 1007 981 997 974 1005 973 1007 981 1006 976 994 979 1007 981 1005 973 988 972 1007 981 988 972 1006 976 1022 985 1008 986 1009 987 1025 988 1011 989 1012 990 1025 988 1012 990 1013 991 1025 988 1013 991 1014 992 1026 993 1009 987 1010 994 1026 993 1010 994 1011 989 1026 993 1023 995 1022 985 1026 993 1011 989 1025 988 1026 993 1022 985 1009 987 1026 993 1025 988 1023 995 1027 996 1024 997 1023 995 1027 996 1025 988 1014 992 1027 996 1023 995 1025 988 1028 998 1014 992 1015 999 1028 998 1019 1000 1018 1001 1028 998 1020 1002 1019 1000 1028 998 1021 1003 1020 1002 1028 998 1015 999 1021 1003 1028 998 1027 996 1014 992 1028 998 1024 997 1027 996 1029 1004 1017 1005 1016 1006 1029 1004 1018 1001 1017 1005 1029 1004 1016 1006 1024 997 1029 1004 1028 998 1018 1001 1029 1004 1024 997 1028 998 1048 1007 1042 1008 1041 1009 1048 1007 1043 1010 1042 1008 1048 1007 1044 1011 1043 1010 1048 1007 1045 1012 1044 1011 1048 1007 1037 1013 1045 1012 1038 1014 1048 1007 1047 1015 1038 1014 1037 1013 1048 1007 1049 1016 1039 1017 1038 1014 1049 1016 1047 1015 1046 1018 1049 1016 1038 1014 1047 1015 1050 1019 1039 1017 1049 1016 1050 1019 1049 1016 1046 1018 1051 1020 1040 1021 1039 1017 1051 1020 1039 1017 1050 1019 1051 1020 1050 1019 1046 1018 1052 1022 1030 1023 1031 1024 1052 1022 1031 1024 1032 1025 1052 1022 1032 1025 1033 1026 1052 1022 1033 1026 1034 1027 1052 1022 1034 1027 1035 1028 1052 1022 1035 1028 1036 1029 1052 1022 1036 1029 1040 1021 1052 1022 1046 1018 1030 1023 1052 1022 1040 1021 1051 1020 1052 1022 1051 1020 1046 1018 1070 1030 1065 1031 1064 1032 1070 1030 1066 1033 1065 1031 1070 1030 1067 1034 1066 1033 1070 1030 1060 1035 1067 1034 1061 1036 1070 1030 1069 1037 1061 1036 1060 1035 1070 1030 1062 1038 1061 1036 1069 1037 1071 1039 1069 1037 1068 1040 1071 1039 1062 1038 1069 1037 1072 1041 1063 1042 1062 1038 1072 1041 1062 1038 1071 1039 1072 1041 1071 1039 1068 1040 1073 1043 1053 1044 1054 1045 1073 1043 1054 1045 1055 1046 1073 1043 1055 1046 1056 1047 1073 1043 1056 1047 1057 1048 1073 1043 1057 1048 1058 1049 1073 1043 1058 1049 1059 1050 1073 1043 1059 1050 1063 1042 1073 1043 1068 1040 1053 1044 1073 1043 1072 1041 1068 1040 1073 1043 1063 1042 1072 1041 1081 1051 1076 1052 1077 1053 1081 1051 1077 1053 1078 1054 1081 1051 1078 1054 1079 1055 1086 1056 1074 1057 1075 1058 1086 1056 1075 1058 1076 1052 1086 1056 1076 1052 1081 1051 1085 1059 1081 1051 1080 1060 1084 1061 1086 1056 1081 1051 1084 1061 1081 1051 1085 1059 1083 1062 1086 1056 1084 1061 1082 1063 1086 1056 1083 1062 1093 1064 1089 1065 1090 1066 1093 1064 1090 1066 1091 1067 1098 1068 1087 1069 1088 1070 1098 1068 1088 1070 1089 1065 1098 1068 1089 1065 1093 1064 1097 1071 1093 1064 1092 1072 1096 1073 1098 1068 1093 1064 1096 1073 1093 1064 1097 1071 1095 1074 1098 1068 1096 1073 1094 1075 1098 1068 1095 1074 1106 1076 1105 1077 1109 1078 1099 1079 1108 1080 1107 1081 1100 1082 1109 1078 1108 1080 1100 1082 1108 1080 1099 1079 1101 1083 1106 1076 1109 1078 1101 1083 1109 1078 1100 1082 1102 1084 1106 1076 1101 1083 1103 1085 1104 1086 1106 1076 1103 1085 1106 1076 1102 1084 1117 1087 1116 1088 1121 1089 1110 1090 1121 1089 1120 1091 1111 1092 1117 1087 1121 1089 1111 1092 1121 1089 1110 1090 1112 1093 1117 1087 1111 1092 1113 1094 1118 1095 1117 1087 1113 1094 1119 1096 1118 1095 1113 1094 1117 1087 1112 1093 1114 1097 1115 1098 1119 1096 1114 1097 1119 1096 1113 1094 1126 1099 1124 1100 1125 1101 1122 1102 1124 1100 1126 1099 1122 1102 1126 1099 1129 1103 1127 1104 1129 1103 1126 1099 1123 1105 1122 1102 1129 1103 1128 1106 1129 1103 1127 1104 1131 1107 1130 1108 1132 1109 1134 1110 1131 1107 1132 1109 1133 1111 1134 1110 1132 1109 1141 1112 1136 1113 1137 1114 1143 1115 1135 1116 1136 1113 1143 1115 1136 1113 1141 1112 1140 1117 1143 1115 1141 1112 1144 1118 1143 1115 1140 1117 1139 1119 1144 1118 1140 1117 1145 1120 1144 1118 1139 1119 1146 1121 1139 1119 1138 1122 1146 1121 1145 1120 1139 1119 1142 1123 1146 1121 1138 1122 1150 1124 1147 1125 1148 1126 1150 1124 1148 1126 1149 1127 1153 1128 1152 1129 1151 1130 1153 1128 1154 1131 1152 1129 1162 1132 1159 1133 1158 1134 1162 1132 1160 1135 1159 1133 1162 1132 1161 1136 1160 1135 1157 1137 1163 1138 1162 1132 1157 1137 1164 1139 1163 1138 1157 1137 1162 1132 1158 1134 1156 1140 1165 1141 1164 1139 1156 1140 1166 1142 1165 1141 1156 1140 1164 1139 1157 1137 1155 1143 1167 1144 1166 1142 1155 1143 1166 1142 1156 1140 1170 1145 1169 1146 1168 1147 1170 1145 1168 1147 1174 1148 1171 1149 1174 1148 1175 1150 1171 1149 1170 1145 1174 1148 1172 1151 1175 1150 1173 1152 1172 1151 1171 1149 1175 1150 1178 1153 1182 1154 1181 1155 1178 1153 1179 1156 1182 1154 1177 1157 1181 1155 1180 1158 1177 1157 1178 1153 1181 1155 1176 1159 1177 1157 1180 1158 1187 1160 1186 1161 1185 1162 1188 1163 1185 1162 1184 1164 1188 1163 1187 1160 1185 1162 1183 1165 1188 1163 1184 1164 1208 1166 1190 1167 1189 1168 1191 1169 1190 1167 1208 1166 1206 1170 1208 1166 1207 1171 1205 1172 1191 1169 1208 1166 1205 1172 1208 1166 1206 1170 1204 1173 1192 1174 1191 1169 1204 1173 1191 1169 1205 1172 1203 1175 1193 1176 1192 1174 1203 1175 1192 1174 1204 1173 1202 1177 1194 1178 1193 1176 1202 1177 1193 1176 1203 1175 1195 1179 1194 1178 1202 1177 1209 1180 1196 1181 1195 1179 1209 1180 1197 1182 1196 1181 1209 1180 1198 1183 1197 1182 1209 1180 1199 1184 1198 1183 1209 1180 1200 1185 1199 1184 1209 1180 1201 1186 1200 1185 1209 1180 1202 1177 1201 1186 1209 1180 1195 1179 1202 1177 1211 1187 1210 1188 1218 1189 1212 1190 1218 1189 1219 1191 1212 1190 1211 1187 1218 1189 1213 1192 1219 1191 1220 1193 1213 1192 1212 1190 1219 1191 1214 1194 1220 1193 1221 1195 1214 1194 1213 1192 1220 1193 1215 1196 1221 1195 1217 1197 1215 1196 1214 1194 1221 1195 1216 1198 1215 1196 1217 1197 1224 1199 1223 1200 1222 1201 1224 1199 1222 1201 1230 1202 1225 1203 1230 1202 1231 1204 1225 1203 1224 1199 1230 1202 1226 1205 1231 1204 1232 1206 1226 1205 1225 1203 1231 1204 1227 1207 1232 1206 1233 1208 1227 1207 1226 1205 1232 1206 1228 1209 1233 1208 1229 1210 1228 1209 1227 1207 1233 1208 1235 1211 1234 1212 1241 1213 1236 1214 1241 1213 1242 1215 1236 1214 1235 1211 1241 1213 1237 1216 1242 1215 1243 1217 1237 1216 1236 1214 1242 1215 1238 1218 1243 1217 1244 1219 1238 1218 1237 1216 1243 1217 1239 1220 1244 1219 1240 1221 1239 1220 1238 1218 1244 1219 1247 1222 1246 1223 1245 1224 1247 1222 1245 1224 1252 1225 1248 1226 1252 1225 1253 1227 1248 1226 1247 1222 1252 1225 1249 1228 1253 1227 1254 1229 1249 1228 1248 1226 1253 1227 1250 1230 1254 1229 1251 1231 1250 1230 1249 1228 1254 1229 1262 1232 1256 1233 1255 1234 1257 1235 1256 1233 1262 1232 1263 1236 1257 1235 1262 1232 1258 1237 1257 1235 1263 1236 1264 1238 1258 1237 1263 1236 1259 1239 1258 1237 1264 1238 1261 1240 1259 1239 1264 1238 1260 1241 1259 1239 1261 1240 1267 1242 1266 1243 1265 1244 1267 1242 1265 1244 1273 1245 1268 1246 1273 1245 1274 1247 1268 1246 1267 1242 1273 1245 1269 1248 1274 1247 1275 1249 1269 1248 1268 1246 1274 1247 1271 1250 1275 1249 1272 1251 1271 1250 1269 1248 1275 1249 1270 1252 1269 1248 1271 1250 1280 1253 1282 1254 1281 1255 1285 1256 1282 1254 1280 1253 1279 1257 1285 1256 1280 1253 1284 1258 1285 1256 1279 1257 1278 1259 1284 1258 1279 1257 1283 1260 1284 1258 1278 1259 1277 1261 1283 1260 1278 1259 1276 1262 1283 1260 1277 1261 1290 1263 1292 1264 1291 1265 1295 1266 1292 1264 1290 1263 1294 1267 1290 1263 1289 1268 1294 1267 1295 1266 1290 1263 1293 1269 1289 1268 1288 1270 1293 1269 1294 1267 1289 1268 1286 1271 1288 1270 1287 1272 1286 1271 1293 1269 1288 1270 1303 1273 1302 1274 1301 1275 1306 1276 1301 1275 1300 1277 1306 1276 1303 1273 1301 1275 1305 1278 1300 1277 1299 1279 1305 1278 1306 1276 1300 1277 1304 1280 1299 1279 1298 1281 1304 1280 1305 1278 1299 1279 1296 1282 1298 1281 1297 1283 1296 1282 1304 1280 1298 1281 1314 1284 1313 1285 1312 1286 1318 1287 1312 1286 1311 1288 1318 1287 1314 1284 1312 1286 1317 1289 1311 1288 1310 1290 1317 1289 1318 1287 1311 1288 1316 1291 1310 1290 1309 1292 1316 1291 1317 1289 1310 1290 1315 1293 1309 1292 1308 1294 1315 1293 1316 1291 1309 1292 1307 1295 1315 1293 1308 1294 1330 1296 1325 1297 1324 1298 1330 1296 1326 1299 1325 1297 1329 1300 1324 1298 1323 1301 1329 1300 1330 1296 1324 1298 1328 1302 1322 1303 1321 1304 1328 1302 1323 1301 1322 1303 1328 1302 1329 1300 1323 1301 1327 1305 1321 1304 1320 1306 1327 1305 1328 1302 1321 1304 1319 1307 1327 1305 1320 1306 1332 1308 1331 1309 1345 1310 1343 1311 1345 1310 1346 1312 1343 1311 1346 1312 1347 1313 1343 1311 1347 1313 1348 1314 1343 1311 1348 1314 1344 1315 1343 1311 1332 1308 1345 1310 1342 1316 1333 1317 1332 1308 1342 1316 1334 1318 1333 1317 1342 1316 1332 1308 1343 1311 1341 1319 1335 1320 1334 1318 1341 1319 1334 1318 1342 1316 1338 1321 1336 1322 1335 1320 1338 1321 1337 1323 1336 1322 1338 1321 1335 1320 1341 1319 1340 1324 1338 1321 1341 1319 1339 1325 1338 1321 1340 1324 1351 1326 1350 1327 1349 1328 1351 1326 1349 1328 1354 1329 1352 1330 1354 1329 1353 1331 1352 1330 1351 1326 1354 1329 1360 1332 1357 1333 1358 1334 1360 1332 1359 1335 1357 1333 1361 1336 1358 1334 1356 1337 1361 1336 1360 1332 1358 1334 1355 1338 1361 1336 1356 1337 1367 1339 1366 1340 1365 1341 1369 1342 1365 1341 1364 1343 1369 1342 1367 1339 1365 1341 1368 1344 1364 1343 1363 1345 1368 1344 1369 1342 1364 1343 1362 1346 1368 1344 1363 1345 1380 1347 1370 1348 1382 1349 1380 1347 1382 1349 1383 1350 1380 1347 1383 1350 1381 1351 1371 1352 1370 1348 1380 1347 1379 1353 1371 1352 1380 1347 1378 1354 1371 1352 1379 1353 1377 1355 1372 1356 1371 1352 1377 1355 1371 1352 1378 1354 1376 1357 1372 1356 1377 1355 1375 1358 1373 1359 1372 1356 1375 1358 1372 1356 1376 1357 1374 1360 1373 1359 1375 1358 1386 1361 1384 1362 1385 1363 1387 1364 1386 1361 1385 1363 1389 1365 1393 1366 1392 1367 1389 1365 1392 1367 1390 1368 1391 1369 1393 1366 1389 1365 1388 1370 1391 1369 1389 1365 1395 1371 1396 1372 1397 1373 1395 1371 1397 1373 1398 1374 1394 1375 1395 1371 1398 1374 1405 1376 1440 1376 1406 1376 1438 1377 1440 1377 1405 1377 1403 1378 1438 1378 1405 1378 1436 1379 1439 1379 1404 1379 1401 1380 1434 1380 1437 1380 1399 1381 1435 1381 1402 1381 1418 1382 1433 1382 1400 1382 1432 1383 1433 1383 1418 1383 1415 1384 1431 1384 1417 1384 1430 1385 1432 1385 1416 1385 1412 1386 1429 1386 1415 1386 1427 1387 1430 1387 1413 1387 1411 1388 1428 1388 1414 1388 1424 1389 1426 1389 1409 1389 1407 1390 1425 1390 1410 1390 1422 1391 1425 1391 1407 1391 1420 1392 1423 1392 1408 1392 1421 1393 1422 1393 1419 1393 1448 1394 1442 1395 1441 1396 1453 1397 1448 1394 1441 1396 1447 1398 1448 1394 1453 1397 1452 1399 1447 1398 1453 1397 1446 1400 1447 1398 1452 1399 1451 1401 1446 1400 1452 1399 1445 1402 1446 1400 1451 1401 1450 1403 1445 1402 1451 1401 1444 1404 1445 1402 1450 1403 1449 1405 1444 1404 1450 1403 1443 1406 1444 1404 1449 1405 1489 1407 1470 1407 1471 1407 1488 1408 1470 1408 1489 1408 1491 1409 1471 1409 1473 1409 1492 1410 1490 1410 1472 1410 1468 1411 1470 1411 1488 1411 1458 1412 1467 1412 1487 1412 1494 1413 1473 1413 1475 1413 1494 1414 1491 1414 1473 1414 1466 1415 1469 1415 1460 1415 1457 1416 1465 1416 1459 1416 1495 1417 1493 1417 1474 1417 1476 1418 1496 1419 1475 1420 1455 1421 1462 1421 1464 1421 1456 1422 1465 1422 1457 1422 1497 1423 1476 1418 1477 1424 1497 1423 1496 1419 1476 1418 1454 1425 1461 1425 1463 1425 1454 1426 1463 1426 1456 1426 1484 1427 1477 1427 1479 1427 1486 1428 1498 1428 1478 1428 1482 1429 1479 1429 1481 1429 1483 1430 1485 1430 1480 1430 1500 1431 1499 1432 1507 1433 1508 1434 1500 1431 1507 1433 1501 1435 1500 1431 1508 1434 1509 1436 1501 1435 1508 1434 1502 1437 1501 1435 1509 1436 1510 1438 1502 1437 1509 1436 1503 1439 1502 1437 1510 1438 1511 1440 1503 1439 1510 1438 1504 1441 1503 1439 1511 1440 1512 1442 1504 1441 1511 1440 1505 1443 1504 1441 1512 1442 1513 1444 1505 1443 1512 1442 1506 1445 1505 1443 1513 1444 1514 1446 1506 1445 1513 1444 1523 1447 1516 1447 1515 1447 1518 1448 1516 1448 1523 1448 1520 1449 1517 1449 1522 1449 1519 1450 1518 1450 1521 1450 1531 1451 1528 1452 1524 1453 1525 1454 1531 1451 1524 1453 1530 1455 1525 1454 1526 1456 1530 1455 1531 1451 1525 1454 1529 1457 1526 1456 1527 1458 1529 1457 1530 1455 1526 1456 1532 1459 1529 1457 1527 1458 1534 1460 1532 1459 1527 1458 1533 1461 1532 1459 1534 1460 1564 1462 1570 1462 1568 1462 1571 1463 1569 1463 1563 1463 1546 1464 1549 1464 1547 1464 1567 1465 1573 1465 1565 1465 1561 1466 1548 1466 1545 1466 1535 1467 1572 1467 1566 1467 1552 1468 1536 1468 1567 1468 1543 1469 1561 1469 1545 1469 1538 1470 1535 1470 1551 1470 1558 1471 1542 1471 1539 1471 1560 1472 1562 1472 1544 1472 1554 1473 1540 1473 1538 1473 1553 1474 1537 1474 1550 1474 1556 1475 1559 1475 1540 1475 1557 1476 1541 1476 1555 1476 1578 1477 1579 1477 1580 1477 1582 1478 1578 1478 1580 1478 1575 1479 1577 1479 1581 1479 1574 1480 1576 1480 1582 1480 1586 1481 1587 1482 1588 1483 1589 1484 1586 1481 1588 1483 1585 1485 1586 1481 1589 1484 1590 1486 1585 1485 1589 1484 1583 1487 1585 1485 1590 1486 1591 1488 1583 1487 1590 1486 1592 1489 1583 1487 1591 1488 1584 1490 1583 1487 1592 1489 1593 1491 1584 1490 1592 1489 1639 1492 1594 1492 1596 1492 1597 1493 1638 1493 1595 1493 1637 1494 1640 1494 1599 1494 1605 1495 1603 1495 1619 1495 1601 1496 1636 1496 1598 1496 1622 1497 1606 1497 1620 1497 1635 1498 1637 1498 1602 1498 1607 1499 1604 1499 1621 1499 1632 1500 1600 1500 1616 1500 1632 1501 1634 1501 1600 1501 1629 1502 1617 1502 1614 1502 1630 1503 1633 1503 1618 1503 1623 1504 1611 1504 1608 1504 1625 1505 1609 1505 1622 1505 1626 1506 1613 1506 1610 1506 1628 1507 1631 1507 1615 1507 1627 1508 1612 1508 1624 1508 1641 1509 1643 1510 1644 1511 1641 1509 1644 1511 1642 1512 1648 1513 1646 1514 1647 1515 1650 1516 1645 1517 1646 1514 1650 1516 1646 1514 1648 1513 1649 1518 1645 1517 1650 1516 1654 1519 1652 1520 1651 1521 1654 1519 1656 1522 1652 1520 1653 1523 1655 1524 1656 1522 1653 1523 1656 1522 1654 1519 1658 1525 1661 1526 1657 1527 1659 1528 1661 1526 1658 1525 1664 1529 1661 1526 1660 1530 1664 1529 1663 1531 1662 1532 1664 1529 1660 1530 1663 1531 1664 1529 1662 1532 1657 1527 1664 1529 1657 1527 1661 1526 1666 1533 1671 1534 1665 1535 1667 1536 1671 1534 1666 1533 1672 1537 1667 1536 1668 1538 1672 1537 1670 1539 1669 1540 1672 1537 1668 1538 1670 1539 1672 1537 1669 1540 1671 1534 1672 1537 1671 1534 1667 1536 1674 1541 1683 1542 1673 1543 1675 1544 1680 1545 1683 1542 1675 1544 1683 1542 1674 1541 1688 1546 1677 1547 1676 1548 1688 1546 1682 1549 1681 1550 1688 1546 1676 1548 1682 1549 1688 1546 1681 1550 1687 1551 1689 1552 1688 1546 1687 1551 1689 1552 1677 1547 1688 1546 1690 1553 1687 1551 1686 1554 1690 1553 1689 1552 1687 1551 1690 1553 1677 1547 1689 1552 1691 1555 1678 1556 1677 1547 1691 1555 1686 1554 1685 1557 1691 1555 1677 1547 1690 1553 1691 1555 1690 1553 1686 1554 1692 1558 1678 1556 1691 1555 1692 1558 1691 1555 1685 1557 1693 1559 1679 1560 1678 1556 1693 1559 1685 1557 1684 1561 1693 1559 1678 1556 1692 1558 1693 1559 1692 1558 1685 1557 1694 1562 1679 1560 1693 1559 1694 1562 1693 1559 1684 1561 1695 1563 1680 1545 1679 1560 1695 1563 1684 1561 1683 1542 1695 1563 1679 1560 1694 1562 1695 1563 1694 1562 1684 1561 1695 1563 1683 1542 1680 1545 1703 1564 1707 1565 1706 1566 1712 1567 1705 1568 1704 1569 1712 1567 1699 1570 1705 1568 1712 1567 1704 1569 1711 1571 1713 1572 1700 1573 1699 1570 1713 1572 1711 1571 1710 1574 1713 1572 1699 1570 1712 1567 1713 1572 1712 1567 1711 1571 1714 1575 1700 1573 1713 1572 1714 1575 1713 1572 1710 1574 1715 1576 1701 1577 1700 1573 1715 1576 1710 1574 1709 1578 1715 1576 1714 1575 1710 1574 1715 1576 1700 1573 1714 1575 1716 1579 1715 1576 1709 1578 1716 1579 1701 1577 1715 1576 1717 1580 1709 1578 1708 1581 1717 1580 1716 1579 1709 1578 1717 1580 1701 1577 1716 1579 1718 1582 1702 1583 1701 1577 1718 1582 1708 1581 1707 1565 1718 1582 1717 1580 1708 1581 1718 1582 1701 1577 1717 1580 1719 1584 1703 1564 1702 1583 1719 1584 1718 1582 1707 1565 1719 1584 1707 1565 1703 1564 1719 1584 1702 1583 1718 1582 1720 1585 1696 1586 1697 1587 1720 1585 1697 1587 1698 1588 1720 1585 1698 1588 1703 1564 1720 1585 1706 1566 1696 1586 1720 1585 1703 1564 1706 1566 1724 1589 1722 1590 1721 1591 1724 1589 1726 1592 1722 1590 1723 1593 1725 1594 1726 1592 1723 1593 1726 1592 1724 1589 1730 1595 1728 1596 1729 1597 1732 1598 1727 1599 1728 1596 1732 1598 1728 1596 1730 1595 1731 1600 1727 1599 1732 1598 1750 1601 1737 1602 1736 1603 1750 1601 1743 1604 1742 1605 1750 1601 1736 1603 1743 1604 1750 1601 1742 1605 1749 1606 1751 1607 1749 1606 1748 1608 1751 1607 1750 1601 1749 1606 1751 1607 1737 1602 1750 1601 1752 1609 1737 1602 1751 1607 1752 1609 1751 1607 1748 1608 1753 1610 1738 1611 1737 1602 1753 1610 1748 1608 1747 1612 1753 1610 1737 1602 1752 1609 1753 1610 1752 1609 1748 1608 1754 1613 1738 1611 1753 1610 1754 1613 1753 1610 1747 1612 1755 1614 1739 1615 1738 1611 1755 1614 1747 1612 1746 1616 1755 1614 1754 1613 1747 1612 1755 1614 1738 1611 1754 1613 1756 1617 1746 1616 1745 1618 1756 1617 1755 1614 1746 1616 1756 1617 1739 1615 1755 1614 1757 1619 1739 1615 1756 1617 1757 1619 1756 1617 1745 1618 1758 1620 1740 1621 1739 1615 1758 1620 1745 1618 1744 1622 1758 1620 1739 1615 1757 1619 1758 1620 1757 1619 1745 1618 1759 1623 1740 1621 1758 1620 1759 1623 1758 1620 1744 1622 1760 1624 1741 1625 1740 1621 1760 1624 1740 1621 1759 1623 1760 1624 1759 1623 1744 1622 1761 1626 1733 1627 1734 1628 1761 1626 1734 1628 1735 1629 1761 1626 1735 1629 1741 1625 1761 1626 1744 1622 1733 1627 1761 1626 1741 1625 1760 1624 1761 1626 1760 1624 1744 1622 1778 1630 1771 1631 1770 1632 1778 1630 1765 1633 1771 1631 1778 1630 1770 1632 1777 1634 1779 1635 1766 1636 1765 1633 1779 1635 1777 1634 1776 1637 1779 1635 1778 1630 1777 1634 1779 1635 1765 1633 1778 1630 1780 1638 1779 1635 1776 1637 1780 1638 1766 1636 1779 1635 1781 1639 1776 1637 1775 1640 1781 1639 1780 1638 1776 1637 1781 1639 1766 1636 1780 1638 1782 1641 1767 1642 1766 1636 1782 1641 1775 1640 1774 1643 1782 1641 1766 1636 1781 1639 1782 1641 1781 1639 1775 1640 1783 1644 1767 1642 1782 1641 1783 1644 1782 1641 1774 1643 1784 1645 1768 1646 1767 1642 1784 1645 1774 1643 1773 1647 1784 1645 1767 1642 1783 1644 1784 1645 1783 1644 1774 1643 1785 1648 1784 1645 1773 1647 1785 1648 1768 1646 1784 1645 1786 1649 1769 1650 1768 1646 1786 1649 1773 1647 1772 1651 1786 1649 1785 1648 1773 1647 1786 1649 1768 1646 1785 1648 1787 1652 1769 1650 1786 1649 1787 1652 1786 1649 1772 1651 1788 1653 1762 1654 1763 1655 1788 1653 1763 1655 1764 1656 1788 1653 1764 1656 1769 1650 1788 1653 1772 1651 1762 1654 1788 1653 1787 1652 1772 1651 1788 1653 1769 1650 1787 1652 1791 1657 1790 1658 1789 1659 1791 1657 1794 1660 1790 1658 1792 1661 1793 1662 1794 1660 1792 1661 1794 1660 1791 1657 1798 1663 1796 1664 1795 1665 1799 1666 1797 1667 1796 1664 1799 1666 1796 1664 1798 1663 1800 1668 1797 1667 1799 1666 1802 1669 1806 1670 1805 1671 1802 1669 1805 1671 1801 1672 1803 1673 1804 1674 1806 1670 1803 1673 1806 1670 1802 1669 1807 1675 1812 1676 1811 1677 1808 1678 1810 1679 1812 1676 1808 1678 1812 1676 1807 1675 1809 1680 1810 1679 1808 1678 1825 1681 1820 1682 1819 1683 1825 1681 1821 1684 1820 1682 1825 1681 1819 1683 1824 1685 1826 1686 1817 1687 1816 1688 1826 1686 1822 1689 1821 1684 1826 1686 1816 1688 1822 1689 1826 1686 1821 1684 1825 1681 1826 1686 1825 1681 1824 1685 1827 1690 1826 1686 1824 1685 1827 1690 1817 1687 1826 1686 1828 1691 1818 1692 1817 1687 1828 1691 1824 1685 1823 1693 1828 1691 1827 1690 1824 1685 1828 1691 1817 1687 1827 1690 1829 1694 1828 1691 1823 1693 1829 1694 1818 1692 1828 1691 1830 1695 1813 1696 1814 1697 1830 1695 1814 1697 1815 1698 1830 1695 1815 1698 1818 1692 1830 1695 1823 1693 1813 1696 1830 1695 1818 1692 1829 1694 1830 1695 1829 1694 1823 1693 1843 1699 1838 1700 1837 1701 1843 1699 1839 1702 1838 1700 1843 1699 1837 1701 1842 1703 1844 1704 1835 1705 1834 1706 1844 1704 1840 1707 1839 1702 1844 1704 1834 1706 1840 1707 1844 1704 1839 1702 1843 1699 1844 1704 1843 1699 1842 1703 1845 1708 1844 1704 1842 1703 1845 1708 1835 1705 1844 1704 1846 1709 1836 1710 1835 1705 1846 1709 1842 1703 1841 1711 1846 1709 1845 1708 1842 1703 1846 1709 1835 1705 1845 1708 1847 1712 1846 1709 1841 1711 1847 1712 1836 1710 1846 1709 1848 1713 1831 1714 1832 1715 1848 1713 1832 1715 1833 1716 1848 1713 1833 1716 1836 1710 1848 1713 1841 1711 1831 1714 1848 1713 1836 1710 1847 1712 1848 1713 1847 1712 1841 1711 1851 1717 1857 1718 1856 1719 1851 1717 1856 1719 1850 1720 1852 1721 1858 1722 1857 1718 1852 1721 1857 1718 1851 1717 1853 1723 1854 1724 1858 1722 1853 1723 1858 1722 1852 1721 1859 1725 1849 1726 1850 1720 1859 1725 1856 1719 1855 1727 1859 1725 1855 1727 1849 1726 1859 1725 1850 1720 1856 1719 1860 1728 1867 1729 1866 1730 1861 1731 1868 1732 1867 1729 1861 1731 1867 1729 1860 1728 1862 1733 1869 1734 1868 1732 1862 1733 1868 1732 1861 1731 1863 1735 1869 1734 1862 1733 1870 1736 1863 1735 1864 1737 1870 1736 1864 1737 1865 1738 1870 1736 1865 1738 1869 1734 1870 1736 1869 1734 1863 1735 1876 1739 1874 1740 1873 1741 1877 1742 1875 1743 1874 1740 1877 1742 1874 1740 1876 1739 1878 1744 1875 1743 1877 1742 1879 1745 1871 1746 1875 1743 1879 1745 1875 1743 1878 1744 1872 1747 1871 1746 1879 1745 1880 1748 1887 1749 1886 1750 1881 1751 1887 1749 1880 1748 1882 1752 1888 1753 1887 1749 1882 1752 1889 1754 1888 1753 1882 1752 1887 1749 1881 1751 1883 1755 1889 1754 1882 1752 1884 1756 1885 1757 1889 1754 1884 1756 1889 1754 1883 1755 1907 1758 1895 1759 1894 1760 1907 1758 1908 1761 1895 1759 1909 1762 1908 1761 1906 1763 1909 1762 1895 1759 1908 1761 1910 1764 1896 1765 1895 1759 1910 1764 1906 1763 1905 1766 1910 1764 1895 1759 1909 1762 1910 1764 1909 1762 1906 1763 1911 1767 1896 1765 1910 1764 1911 1767 1910 1764 1905 1766 1912 1768 1897 1769 1896 1765 1912 1768 1905 1766 1904 1770 1912 1768 1896 1765 1911 1767 1912 1768 1911 1767 1905 1766 1913 1771 1897 1769 1912 1768 1913 1771 1912 1768 1904 1770 1914 1772 1898 1773 1897 1769 1914 1772 1904 1770 1903 1774 1914 1772 1913 1771 1904 1770 1914 1772 1897 1769 1913 1771 1915 1775 1914 1772 1903 1774 1915 1775 1898 1773 1914 1772 1916 1776 1890 1777 1891 1778 1916 1776 1891 1778 1892 1779 1916 1776 1903 1774 1890 1777 1916 1776 1915 1775 1903 1774 1916 1776 1898 1773 1915 1775 1917 1780 1892 1779 1893 1781 1917 1780 1893 1781 1898 1773 1917 1780 1916 1776 1892 1779 1917 1780 1898 1773 1916 1776 1918 1782 1899 1783 1906 1763 1918 1782 1906 1763 1908 1761 1918 1782 1908 1761 1907 1758 1919 1784 1907 1758 1894 1760 1919 1784 1918 1782 1907 1758 1920 1785 1900 1786 1899 1783 1920 1785 1899 1783 1918 1782 1920 1785 1918 1782 1919 1784 1921 1787 1901 1788 1900 1786 1921 1787 1902 1789 1901 1788 1921 1787 1894 1760 1902 1789 1921 1787 1900 1786 1920 1785 1921 1787 1919 1784 1894 1760 1921 1787 1920 1785 1919 1784 1942 1790 1933 1791 1941 1792 1943 1793 1941 1792 1940 1794 1944 1795 1943 1793 1940 1794 1944 1795 1928 1796 1943 1793 1945 1797 1929 1798 1928 1796 1945 1797 1940 1794 1939 1799 1945 1797 1928 1796 1944 1795 1945 1797 1944 1795 1940 1794 1946 1800 1945 1797 1939 1799 1946 1800 1929 1798 1945 1797 1947 1801 1930 1802 1929 1798 1947 1801 1939 1799 1938 1803 1947 1801 1946 1800 1939 1799 1947 1801 1929 1798 1946 1800 1948 1804 1947 1801 1938 1803 1948 1804 1930 1802 1947 1801 1949 1805 1931 1806 1930 1802 1949 1805 1938 1803 1937 1807 1949 1805 1930 1802 1948 1804 1949 1805 1948 1804 1938 1803 1950 1808 1931 1806 1949 1805 1950 1808 1949 1805 1937 1807 1951 1809 1932 1810 1931 1806 1951 1809 1931 1806 1950 1808 1951 1809 1950 1808 1937 1807 1952 1811 1922 1812 1923 1813 1952 1811 1923 1813 1924 1814 1952 1811 1937 1807 1922 1812 1952 1811 1932 1810 1951 1809 1952 1811 1951 1809 1937 1807 1953 1815 1924 1814 1925 1816 1953 1815 1925 1816 1926 1817 1953 1815 1926 1817 1932 1810 1953 1815 1952 1811 1924 1814 1953 1815 1932 1810 1952 1811 1954 1818 1928 1796 1927 1819 1954 1818 1943 1793 1928 1796 1954 1818 1927 1819 1955 1820 1954 1818 1955 1820 1942 1790 1956 1821 1934 1822 1933 1791 1956 1821 1935 1823 1934 1822 1956 1821 1933 1791 1942 1790 1956 1821 1942 1790 1955 1820 1957 1824 1936 1825 1935 1823 1957 1824 1927 1819 1936 1825 1957 1824 1935 1823 1956 1821 1957 1824 1955 1820 1927 1819 1957 1824 1956 1821 1955 1820 1958 1826 1941 1792 1943 1793 1958 1826 1942 1790 1941 1792 1958 1826 1943 1793 1954 1818 1958 1826 1954 1818 1942 1790 1971 1827 1970 1828 1959 1829 1972 1830 1966 1831 1970 1828 1973 1832 1961 1833 1962 1834 1973 1832 1962 1834 1963 1835 1974 1836 1959 1829 1960 1837 1974 1836 1960 1837 1961 1833 1974 1836 1973 1832 1971 1827 1974 1836 1971 1827 1959 1829 1974 1836 1961 1833 1973 1832 1975 1838 1963 1835 1965 1839 1975 1838 1971 1827 1973 1832 1975 1838 1973 1832 1963 1835 1976 1840 1965 1839 1964 1841 1976 1840 1969 1842 1968 1843 1976 1840 1964 1841 1969 1842 1976 1840 1977 1844 1965 1839 1976 1840 1972 1830 1977 1844 1978 1845 1967 1846 1966 1831 1978 1845 1968 1843 1967 1846 1978 1845 1976 1840 1968 1843 1978 1845 1966 1831 1972 1830 1978 1845 1972 1830 1976 1840 1979 1847 1970 1828 1971 1827 1979 1847 1971 1827 1975 1838 1980 1848 1972 1830 1970 1828 1980 1848 1977 1844 1972 1830 1981 1849 1965 1839 1982 1850 1981 1849 1975 1838 1965 1839 1981 1849 1979 1847 1975 1838 1983 1851 1982 1850 1965 1839 1983 1851 1965 1839 1977 1844 1983 1851 1977 1844 1980 1848 1984 1852 1982 1850 1970 1828 1984 1852 1970 1828 1979 1847 1984 1852 1981 1849 1982 1850 1984 1852 1979 1847 1981 1849 1985 1853 1970 1828 1982 1850 1985 1853 1980 1848 1970 1828 1985 1853 1982 1850 1983 1851 1985 1853 1983 1851 1980 1848 1998 1854 1990 1855 1992 1856 1999 1857 1992 1856 1991 1858 2000 1859 1988 1860 1989 1861 2000 1859 1989 1861 1990 1855 2000 1859 1990 1855 1998 1854 2001 1862 1986 1863 1987 1864 2001 1862 1987 1864 1988 1860 2001 1862 2000 1859 1998 1854 2001 1862 1988 1860 2000 1859 2002 1865 1997 1866 1986 1863 2002 1865 2001 1862 1998 1854 2002 1865 1986 1863 2001 1862 2003 1867 1996 1868 1995 1869 2003 1867 1991 1858 1996 1868 2003 1867 1999 1857 1991 1858 2004 1870 1994 1871 1993 1872 2004 1870 1995 1869 1994 1871 2004 1870 1993 1872 1997 1866 2004 1870 2003 1867 1995 1869 2004 1870 1997 1866 2005 1873 2004 1870 2005 1873 1999 1857 2004 1870 1999 1857 2003 1867 2006 1874 2002 1865 1998 1854 2006 1874 1998 1854 1992 1856 2007 1875 1992 1856 1999 1857 2007 1875 1999 1857 2005 1873 2008 1876 2009 1877 1997 1866 2008 1876 1997 1866 2002 1865 2008 1876 2002 1865 2006 1874 2010 1878 1997 1866 2009 1877 2010 1878 2005 1873 1997 1866 2010 1878 2007 1875 2005 1873 2011 1879 1992 1856 2009 1877 2011 1879 2009 1877 2008 1876 2011 1879 2006 1874 1992 1856 2011 1879 2008 1876 2006 1874 2012 1880 2009 1877 1992 1856 2012 1880 2010 1878 2009 1877 2012 1880 1992 1856 2007 1875 2012 1880 2007 1875 2010 1878 2013 1881 2020 1882 2019 1883 2014 1884 2020 1882 2013 1881 2015 1885 2021 1886 2020 1882 2015 1885 2020 1882 2014 1884 2016 1887 2022 1888 2021 1886 2016 1887 2021 1886 2015 1885 2017 1889 2018 1890 2022 1888 2017 1889 2022 1888 2016 1887 2023 1891 2030 1892 2029 1893 2024 1894 2031 1895 2030 1892 2024 1894 2030 1892 2023 1891 2025 1896 2032 1897 2031 1895 2025 1896 2031 1895 2024 1894 2026 1898 2032 1897 2025 1896 2027 1899 2028 1900 2032 1897 2027 1899 2032 1897 2026 1898 2039 1901 2036 1902 2037 1903 2039 1901 2037 1903 2038 1904 2040 1905 2035 1906 2036 1902 2040 1905 2036 1902 2039 1901 2041 1907 2034 1908 2035 1906 2041 1907 2035 1906 2040 1905 2042 1909 2033 1910 2034 1908 2042 1909 2034 1908 2041 1907</p>
        </triangles>
        <triangles material="metal-material" count="1746">
          <input semantic="VERTEX" source="#ָ¼୽񋴲¿·Մ-mesh-vertices" offset="0"/>
          <input semantic="NORMAL" source="#ָ¼୽񋴲¿·Մ-mesh-normals" offset="1"/>
          <p>2044 1911 2043 1912 2045 1913 2044 1911 2045 1913 2046 1914 2048 1915 2050 1915 2051 1915 2048 1916 2051 1916 2052 1916 2047 1917 2049 1917 2050 1917 2047 1918 2050 1918 2048 1918 2056 1919 2059 1919 2055 1919 2060 1920 2059 1920 2056 1920 2063 1921 2056 1921 2057 1921 2063 1922 2057 1922 2058 1922 2063 1923 2060 1923 2056 1923 2062 1924 2058 1924 2053 1924 2062 1925 2063 1925 2058 1925 2061 1926 2062 1926 2053 1926 2067 1927 2053 1927 2054 1927 2067 1928 2061 1928 2053 1928 2066 1929 2067 1929 2054 1929 2065 1930 2066 1930 2054 1930 2064 1931 2065 1931 2054 1931 2127 1932 2129 1933 2128 1934 2127 1932 2141 1935 2129 1933 2126 1936 2141 1935 2127 1932 2140 1937 2141 1935 2126 1936 2125 1938 2140 1937 2126 1936 2139 1939 2140 1937 2125 1938 2071 1940 2083 1941 2070 1942 2071 1940 2084 1943 2083 1941 2123 1944 2139 1939 2125 1938 2124 1945 2123 1944 2125 1938 2138 1946 2139 1939 2123 1944 2072 1947 2085 1948 2084 1943 2072 1947 2084 1943 2071 1940 2086 1949 2085 1948 2072 1947 2122 1950 2138 1946 2123 1944 2088 1951 2087 1952 2086 1949 2137 1953 2138 1946 2122 1950 2073 1954 2086 1949 2072 1947 2073 1954 2088 1951 2086 1949 2121 1955 2137 1953 2122 1950 2136 1956 2137 1953 2121 1955 2074 1957 2088 1951 2073 1954 2074 1957 2089 1958 2088 1951 2120 1959 2136 1956 2121 1955 2135 1960 2136 1956 2120 1959 2075 1961 2089 1958 2074 1957 2075 1961 2090 1962 2089 1958 2119 1963 2135 1960 2120 1959 2134 1964 2135 1960 2119 1963 2076 1965 2091 1966 2090 1962 2076 1965 2090 1962 2075 1961 2118 1967 2134 1964 2119 1963 2133 1968 2134 1964 2118 1967 2077 1969 2092 1970 2091 1966 2077 1969 2091 1966 2076 1965 2117 1971 2133 1968 2118 1967 2078 1972 2093 1973 2092 1970 2078 1972 2092 1970 2077 1969 2110 1974 2117 1971 2109 1975 2110 1974 2133 1968 2117 1971 2110 1974 2132 1976 2133 1968 2104 1977 2095 1978 2094 1979 2111 1980 2132 1976 2110 1974 2111 1980 2131 1981 2132 1976 2079 1982 2094 1979 2093 1973 2079 1982 2093 1973 2078 1972 2079 1982 2104 1977 2094 1979 2112 1983 2131 1981 2111 1980 2113 1984 2131 1981 2112 1983 2114 1985 2131 1981 2113 1984 2080 1986 2102 1987 2103 1988 2080 1986 2103 1988 2104 1977 2080 1986 2104 1977 2079 1982 2115 1989 2130 1990 2131 1981 2115 1989 2131 1981 2114 1985 2116 1991 2130 1990 2115 1989 2108 1992 2130 1990 2116 1991 2107 1993 2130 1990 2108 1992 2106 1994 2130 1990 2107 1993 2068 1995 2130 1990 2106 1994 2081 1996 2097 1997 2098 1998 2081 1996 2098 1998 2099 1999 2081 1996 2099 1999 2100 2000 2081 1996 2100 2000 2101 2001 2081 1996 2101 2001 2102 1987 2081 1996 2102 1987 2080 1986 2082 2002 2097 1997 2081 1996 2082 2002 2096 2003 2097 1997 2082 2002 2105 2004 2096 2003 2082 2002 2106 1994 2105 2004 2069 2005 2068 1995 2106 1994 2069 2005 2106 1994 2082 2002 2143 2006 2145 2007 2144 2008 2143 2006 2142 2009 2145 2007 2146 2010 2147 2010 2151 2010 2157 2011 2153 2011 2152 2011 2156 2012 2157 2012 2152 2012 2155 2013 2156 2013 2152 2013 2154 2014 2152 2014 2148 2014 2154 2015 2155 2015 2152 2015 2160 2016 2148 2016 2149 2016 2160 2017 2154 2017 2148 2017 2159 2018 2149 2018 2150 2018 2159 2019 2160 2019 2149 2019 2158 2020 2150 2020 2151 2020 2158 2021 2159 2021 2150 2021 2158 2022 2151 2022 2147 2022 2164 2023 2161 2023 2163 2023 2174 2024 2175 2025 2162 2026 2174 2024 2162 2026 2165 2027 2173 2028 2165 2027 2166 2029 2173 2028 2174 2024 2165 2027 2172 2030 2173 2028 2166 2029 2168 2031 2166 2029 2167 2032 2171 2033 2172 2030 2166 2029 2170 2034 2171 2033 2166 2029 2169 2035 2166 2029 2168 2031 2169 2035 2170 2034 2166 2029 2185 2036 2183 2037 2184 2038 2186 2039 2182 2040 2183 2037 2186 2039 2183 2037 2185 2036 2187 2041 2181 2042 2182 2040 2187 2041 2182 2040 2186 2039 2188 2043 2180 2044 2181 2042 2188 2043 2181 2042 2187 2041 2189 2045 2179 2046 2180 2044 2189 2045 2180 2044 2188 2043 2190 2047 2179 2046 2189 2045 2191 2048 2178 2049 2179 2046 2191 2048 2179 2046 2190 2047 2192 2050 2177 2051 2178 2049 2192 2050 2178 2049 2191 2048 2193 2052 2176 2052 2177 2052 2194 2053 2200 2054 2201 2055 2195 2056 2200 2054 2194 2053 2196 2057 2199 2058 2200 2054 2196 2057 2200 2054 2195 2056 2197 2059 2198 2060 2199 2058 2197 2059 2199 2058 2196 2057 2220 2061 2207 2062 2208 2063 2219 2064 2220 2061 2208 2063 2218 2065 2208 2063 2209 2066 2218 2065 2219 2064 2208 2063 2217 2067 2209 2066 2210 2068 2217 2067 2218 2065 2209 2066 2216 2069 2210 2068 2211 2070 2216 2069 2217 2067 2210 2068 2215 2071 2211 2070 2202 2072 2215 2071 2216 2069 2211 2070 2214 2073 2202 2072 2203 2074 2214 2073 2203 2074 2204 2075 2214 2073 2215 2071 2202 2072 2213 2076 2204 2075 2205 2077 2213 2076 2214 2073 2204 2075 2212 2078 2205 2077 2206 2079 2212 2078 2213 2076 2205 2077 2228 2080 2225 2080 2226 2080 2228 2081 2226 2081 2227 2081 2263 2082 2264 2082 2265 2082 2263 2083 2265 2083 2266 2083 2262 2084 2266 2084 2221 2084 2262 2085 2263 2085 2266 2085 2261 2086 2221 2086 2222 2086 2261 2081 2262 2081 2221 2081 2260 2087 2261 2087 2222 2087 2259 2088 2222 2088 2223 2088 2259 2089 2260 2089 2222 2089 2283 2090 2224 2090 2225 2090 2284 2081 2283 2081 2225 2081 2284 2091 2228 2091 2229 2091 2284 2081 2225 2081 2228 2081 2282 2081 2223 2081 2224 2081 2282 2092 2259 2092 2223 2092 2282 2081 2224 2081 2283 2081 2285 2093 2284 2093 2229 2093 2281 2094 2258 2094 2259 2094 2281 2095 2259 2095 2282 2095 2286 2096 2229 2096 2230 2096 2286 2097 2285 2097 2229 2097 2280 2098 2258 2098 2281 2098 2280 2099 2257 2099 2258 2099 2287 2100 2286 2100 2230 2100 2279 2101 2257 2101 2280 2101 2279 2102 2256 2102 2257 2102 2288 2103 2287 2103 2230 2103 2278 2104 2256 2104 2279 2104 2255 2105 2256 2105 2278 2105 2231 2106 2288 2106 2230 2106 2231 2081 2289 2081 2288 2081 2277 2081 2255 2081 2278 2081 2254 2107 2255 2107 2277 2107 2290 2108 2289 2108 2231 2108 2253 2109 2254 2109 2277 2109 2276 2110 2253 2110 2277 2110 2252 2111 2276 2111 2275 2111 2252 2112 2253 2112 2276 2112 2232 2113 2290 2113 2231 2113 2232 2114 2291 2114 2290 2114 2232 2115 2292 2115 2291 2115 2251 2081 2275 2081 2274 2081 2251 2081 2252 2081 2275 2081 2233 2116 2268 2116 2267 2116 2233 2081 2292 2081 2232 2081 2233 2117 2267 2117 2292 2117 2250 2118 2274 2118 2273 2118 2250 2081 2251 2081 2274 2081 2249 2119 2273 2119 2272 2119 2249 2081 2250 2081 2273 2081 2234 2120 2269 2120 2268 2120 2234 2081 2268 2081 2233 2081 2248 2081 2272 2081 2271 2081 2248 2121 2249 2121 2272 2121 2244 2122 2245 2122 2269 2122 2243 2081 2269 2081 2234 2081 2243 2123 2244 2123 2269 2123 2246 2081 2270 2081 2269 2081 2246 2124 2269 2124 2245 2124 2242 2125 2234 2125 2235 2125 2242 2081 2243 2081 2234 2081 2241 2081 2242 2081 2235 2081 2247 2126 2271 2126 2270 2126 2247 2081 2270 2081 2246 2081 2247 2127 2248 2127 2271 2127 2240 2128 2241 2128 2235 2128 2239 2081 2240 2081 2235 2081 2238 2081 2239 2081 2235 2081 2237 2129 2238 2129 2235 2129 2236 2130 2237 2130 2235 2130 2293 2131 2309 2131 2311 2131 2294 2132 2312 2132 2313 2132 2307 2133 2308 2133 2310 2133 2306 2134 2309 2134 2293 2134 2305 2135 2294 2135 2297 2135 2304 2136 2306 2136 2293 2136 2301 2137 2304 2137 2295 2137 2299 2138 2300 2139 2303 2140 2298 2141 2302 2141 2296 2141 2316 2142 2314 2142 2315 2142 2317 2143 2316 2143 2315 2143 2319 2144 2332 2144 2330 2144 2327 2145 2331 2146 2329 2147 2327 2145 2320 2148 2331 2146 2328 2149 2318 2150 2320 2148 2328 2149 2320 2148 2327 2145 2323 2151 2318 2150 2328 2149 2322 2152 2321 2153 2318 2150 2326 2154 2322 2152 2318 2150 2324 2155 2318 2150 2323 2151 2325 2156 2318 2150 2324 2155 2325 2156 2326 2154 2318 2150 2338 2157 2344 2158 2345 2159 2338 2157 2339 2160 2344 2158 2337 2161 2338 2157 2345 2159 2336 2162 2345 2159 2346 2163 2336 2162 2337 2161 2345 2159 2335 2164 2346 2163 2347 2165 2335 2164 2336 2162 2346 2163 2334 2166 2347 2165 2348 2167 2334 2166 2335 2164 2347 2165 2333 2168 2348 2167 2349 2169 2333 2168 2349 2169 2350 2170 2333 2168 2334 2166 2348 2167 2340 2171 2350 2170 2343 2172 2340 2171 2333 2168 2350 2170 2340 2173 2342 2173 2341 2173 2356 2174 2354 2175 2355 2176 2357 2177 2353 2178 2354 2175 2357 2177 2354 2175 2356 2174 2358 2179 2353 2178 2357 2177 2351 2180 2352 2181 2353 2178 2351 2180 2353 2178 2358 2179 2369 2182 2360 2183 2359 2184 2369 2182 2359 2184 2377 2185 2368 2186 2377 2185 2378 2187 2368 2186 2369 2182 2377 2185 2367 2188 2378 2187 2379 2189 2367 2188 2368 2186 2378 2187 2366 2190 2370 2191 2371 2192 2366 2190 2379 2189 2370 2191 2366 2190 2367 2188 2379 2189 2365 2193 2371 2192 2372 2194 2365 2193 2366 2190 2371 2192 2364 2195 2372 2194 2373 2196 2364 2195 2373 2196 2374 2197 2364 2195 2365 2193 2372 2194 2363 2198 2374 2197 2375 2199 2363 2198 2364 2195 2374 2197 2362 2200 2375 2199 2376 2201 2362 2200 2363 2198 2375 2199 2361 2202 2362 2200 2376 2201 2396 2203 2392 2203 2393 2203 2396 2204 2393 2204 2394 2204 2396 2205 2394 2205 2395 2205 2397 2206 2392 2206 2396 2206 2391 2207 2397 2207 2398 2207 2391 2208 2392 2208 2397 2208 2399 2209 2391 2209 2398 2209 2390 2210 2399 2210 2400 2210 2390 2211 2391 2211 2399 2211 2440 2212 2404 2212 2405 2212 2441 2213 2440 2213 2405 2213 2441 2205 2405 2205 2406 2205 2439 2214 2403 2214 2404 2214 2439 2215 2404 2215 2440 2215 2442 2216 2441 2216 2406 2216 2442 2205 2406 2205 2407 2205 2438 2217 2403 2217 2439 2217 2438 2218 2402 2218 2403 2218 2443 2205 2442 2205 2407 2205 2443 2219 2407 2219 2408 2219 2437 2205 2402 2205 2438 2205 2437 2220 2401 2220 2402 2220 2444 2221 2443 2221 2408 2221 2444 2205 2408 2205 2409 2205 2436 2222 2400 2222 2401 2222 2436 2205 2401 2205 2437 2205 2445 2223 2444 2223 2409 2223 2445 2224 2409 2224 2410 2224 2435 2225 2389 2225 2390 2225 2435 2226 2400 2226 2436 2226 2435 2227 2390 2227 2400 2227 2446 2228 2445 2228 2410 2228 2411 2229 2446 2229 2410 2229 2434 2230 2388 2230 2389 2230 2434 2231 2389 2231 2435 2231 2447 2232 2446 2232 2411 2232 2412 2233 2447 2233 2411 2233 2433 2234 2388 2234 2434 2234 2413 2235 2447 2235 2412 2235 2413 2236 2448 2236 2447 2236 2414 2237 2448 2237 2413 2237 2415 2238 2448 2238 2414 2238 2387 2239 2388 2239 2433 2239 2422 2240 2416 2240 2417 2240 2422 2241 2417 2241 2418 2241 2422 2242 2418 2242 2419 2242 2422 2243 2419 2243 2420 2243 2422 2244 2420 2244 2421 2244 2423 2245 2415 2245 2416 2245 2423 2246 2448 2246 2415 2246 2423 2247 2449 2247 2448 2247 2423 2248 2416 2248 2422 2248 2380 2249 2425 2249 2424 2249 2380 2250 2449 2250 2423 2250 2380 2251 2424 2251 2449 2251 2381 2252 2426 2252 2425 2252 2381 2253 2427 2253 2426 2253 2381 2205 2428 2205 2427 2205 2381 2254 2425 2254 2380 2254 2385 2255 2386 2255 2387 2255 2384 2256 2385 2256 2387 2256 2384 2257 2387 2257 2433 2257 2384 2258 2433 2258 2432 2258 2382 2259 2429 2259 2428 2259 2382 2260 2430 2260 2429 2260 2382 2261 2428 2261 2381 2261 2383 2262 2384 2262 2432 2262 2383 2263 2430 2263 2382 2263 2383 2264 2431 2264 2430 2264 2383 2265 2432 2265 2431 2265 2451 2266 2468 2266 2469 2266 2463 2267 2451 2267 2453 2267 2462 2268 2465 2268 2467 2268 2462 2269 2467 2269 2450 2269 2458 2270 2454 2270 2457 2270 2464 2271 2466 2271 2463 2271 2461 2272 2453 2272 2456 2272 2460 2273 2462 2273 2452 2273 2460 2274 2455 2274 2459 2274 2475 2275 2471 2275 2472 2275 2474 2276 2473 2276 2470 2276 2485 2277 2481 2278 2480 2279 2485 2277 2482 2280 2481 2278 2484 2281 2480 2279 2479 2282 2484 2281 2485 2277 2480 2279 2483 2283 2479 2282 2478 2284 2483 2283 2484 2281 2479 2282 2487 2285 2483 2283 2478 2284 2486 2286 2478 2284 2477 2287 2486 2286 2487 2285 2478 2284 2476 2288 2486 2286 2477 2287 2491 2289 2494 2290 2490 2291 2495 2292 2494 2290 2491 2289 2496 2293 2491 2289 2492 2294 2496 2293 2495 2292 2491 2289 2497 2295 2492 2294 2493 2296 2497 2295 2496 2293 2492 2294 2488 2297 2493 2296 2489 2298 2488 2297 2497 2295 2493 2296 2506 2299 2502 2300 2501 2301 2506 2299 2503 2302 2502 2300 2505 2303 2501 2301 2500 2304 2505 2303 2506 2299 2501 2301 2504 2305 2505 2303 2500 2304 2510 2306 2500 2304 2499 2307 2510 2306 2504 2305 2500 2304 2509 2308 2510 2306 2499 2307 2508 2309 2499 2307 2498 2310 2508 2309 2509 2308 2499 2307 2507 2311 2508 2309 2498 2310 2518 2312 2513 2313 2514 2314 2518 2312 2517 2315 2513 2313 2519 2316 2514 2314 2515 2317 2519 2316 2518 2312 2514 2314 2520 2318 2515 2317 2516 2319 2520 2318 2519 2316 2515 2317 2511 2320 2516 2319 2512 2321 2511 2320 2520 2318 2516 2319 2521 2322 2524 2323 2523 2324 2522 2325 2524 2323 2521 2322 2545 2081 2538 2081 2542 2081 2545 2081 2542 2081 2543 2081 2545 2326 2543 2326 2544 2326 2535 2327 2536 2327 2537 2327 2534 2328 2535 2328 2537 2328 2546 2081 2539 2081 2538 2081 2546 2329 2538 2329 2545 2329 2532 2330 2533 2330 2534 2330 2532 2331 2540 2331 2539 2331 2532 2332 2541 2332 2540 2332 2532 2333 2537 2333 2541 2333 2532 2334 2534 2334 2537 2334 2531 2335 2546 2335 2547 2335 2531 2336 2539 2336 2546 2336 2531 2337 2532 2337 2539 2337 2530 2338 2547 2338 2548 2338 2530 2339 2531 2339 2547 2339 2529 2340 2530 2340 2548 2340 2528 2341 2529 2341 2548 2341 2549 2342 2528 2342 2548 2342 2527 2343 2528 2343 2549 2343 2526 2344 2527 2344 2549 2344 2525 2345 2526 2345 2549 2345 2553 2346 2551 2347 2552 2348 2554 2349 2551 2347 2553 2346 2555 2350 2550 2351 2551 2347 2555 2350 2583 2352 2550 2351 2555 2350 2551 2347 2554 2349 2556 2353 2584 2354 2583 2352 2556 2353 2583 2352 2555 2350 2557 2355 2584 2354 2556 2353 2585 2356 2584 2354 2557 2355 2558 2357 2586 2358 2585 2356 2558 2357 2585 2356 2557 2355 2580 2359 2581 2360 2582 2361 2559 2362 2582 2361 2586 2358 2559 2362 2586 2358 2558 2357 2560 2363 2577 2364 2578 2365 2560 2363 2578 2365 2579 2366 2560 2363 2579 2366 2580 2359 2560 2363 2580 2359 2582 2361 2560 2363 2582 2361 2559 2362 2570 2367 2571 2368 2572 2369 2570 2367 2572 2369 2573 2370 2570 2367 2573 2370 2574 2371 2570 2367 2574 2371 2575 2372 2570 2367 2575 2372 2576 2373 2570 2367 2576 2373 2577 2364 2570 2367 2577 2364 2560 2363 2569 2374 2570 2367 2560 2363 2568 2375 2569 2374 2560 2363 2567 2376 2568 2375 2560 2363 2566 2377 2567 2376 2560 2363 2565 2378 2566 2377 2560 2363 2561 2379 2565 2378 2560 2363 2561 2379 2562 2380 2563 2381 2561 2379 2563 2381 2564 2382 2561 2379 2564 2382 2565 2378 2591 2383 2592 2383 2588 2383 2589 2384 2590 2384 2587 2384 2602 2385 2599 2386 2601 2387 2607 2388 2603 2389 2605 2390 2608 2391 2600 2391 2604 2391 2609 2392 2599 2393 2606 2394 2610 2395 2614 2395 2598 2395 2611 2396 2599 2396 2609 2396 2612 2397 2615 2398 2611 2399 2597 2400 2617 2400 2613 2400 2593 2401 2616 2401 2596 2401 2618 2402 2616 2402 2593 2402 2595 2403 2619 2403 2594 2403 2622 2404 2620 2404 2621 2404 2623 2405 2626 2405 2625 2405 2624 2406 2623 2406 2625 2406 2628 2407 2630 2407 2629 2407 2628 2408 2627 2408 2630 2408 2651 2409 2647 2410 2650 2411 2637 2412 2642 2412 2645 2412 2639 2413 2646 2414 2649 2415 2636 2416 2652 2417 2654 2418 2638 2419 2648 2419 2653 2419 2633 2420 2641 2420 2644 2420 2632 2421 2643 2421 2638 2421 2655 2422 2640 2422 2631 2422 2635 2423 2657 2423 2656 2423 2634 2424 2655 2424 2631 2424 2660 2425 2658 2425 2659 2425 2686 2426 2682 2427 2683 2428 2686 2426 2683 2428 2684 2429 2686 2426 2684 2429 2685 2430 2681 2431 2682 2427 2686 2426 2661 2432 2689 2433 2690 2434 2661 2432 2690 2434 2691 2435 2661 2432 2691 2435 2692 2436 2661 2432 2692 2436 2693 2437 2680 2438 2686 2426 2687 2439 2680 2438 2681 2431 2686 2426 2677 2440 2678 2441 2679 2442 2662 2443 2679 2442 2680 2438 2662 2443 2687 2439 2688 2444 2662 2443 2688 2444 2689 2433 2662 2443 2677 2440 2679 2442 2662 2443 2689 2433 2661 2432 2662 2443 2680 2438 2687 2439 2676 2445 2677 2440 2662 2443 2663 2446 2675 2447 2676 2445 2663 2446 2676 2445 2662 2443 2664 2448 2674 2449 2675 2447 2664 2448 2675 2447 2663 2446 2665 2450 2673 2451 2674 2449 2665 2450 2674 2449 2664 2448 2666 2452 2673 2451 2665 2450 2667 2453 2672 2454 2673 2451 2667 2453 2673 2451 2666 2452 2671 2455 2667 2453 2668 2456 2671 2455 2668 2456 2669 2457 2671 2455 2669 2457 2670 2458 2671 2455 2672 2454 2667 2453 2696 2459 2699 2459 2694 2459 2697 2460 2698 2460 2695 2460 2709 2461 2710 2461 2711 2461 2709 2462 2711 2462 2712 2462 2709 2463 2712 2463 2705 2463 2701 2464 2702 2464 2703 2464 2701 2205 2703 2205 2704 2205 2713 2465 2705 2465 2706 2465 2713 2466 2709 2466 2705 2466 2719 2467 2701 2467 2700 2467 2719 2468 2706 2468 2707 2468 2719 2469 2707 2469 2708 2469 2719 2470 2708 2470 2702 2470 2719 2471 2702 2471 2701 2471 2720 2472 2714 2472 2713 2472 2720 2473 2713 2473 2706 2473 2720 2474 2706 2474 2719 2474 2721 2475 2715 2475 2714 2475 2721 2476 2714 2476 2720 2476 2722 2477 2715 2477 2721 2477 2723 2478 2715 2478 2722 2478 2716 2479 2715 2479 2723 2479 2724 2480 2716 2480 2723 2480 2718 2205 2716 2205 2724 2205 2717 2205 2716 2205 2718 2205 2726 2481 2743 2482 2742 2483 2726 2481 2744 2484 2743 2482 2726 2481 2745 2485 2744 2484 2726 2481 2725 2486 2745 2485 2729 2487 2737 2488 2728 2489 2729 2487 2738 2490 2737 2488 2730 2491 2738 2490 2729 2487 2731 2492 2739 2493 2738 2490 2731 2492 2738 2490 2730 2491 2732 2494 2739 2493 2731 2492 2727 2495 2726 2481 2742 2483 2733 2496 2739 2493 2732 2494 2736 2497 2742 2483 2741 2498 2736 2497 2727 2495 2742 2483 2734 2499 2740 2500 2739 2493 2734 2499 2739 2493 2733 2496 2735 2501 2741 2498 2740 2500 2735 2501 2740 2500 2734 2499 2735 2501 2736 2497 2741 2498 2756 2502 2758 2503 2757 2504 2759 2505 2758 2503 2756 2502 2760 2506 2756 2502 2748 2507 2760 2506 2759 2505 2756 2502 2749 2508 2761 2509 2760 2506 2749 2508 2762 2510 2761 2509 2749 2508 2760 2506 2748 2507 2750 2511 2762 2510 2749 2508 2751 2512 2763 2513 2762 2510 2751 2512 2762 2510 2750 2511 2752 2514 2763 2513 2751 2512 2753 2515 2764 2516 2763 2513 2753 2515 2763 2513 2752 2514 2754 2517 2746 2518 2764 2516 2754 2517 2764 2516 2753 2515 2755 2519 2746 2518 2754 2517 2747 2520 2746 2518 2755 2519 2772 2521 2775 2522 2773 2523 2771 2524 2776 2525 2775 2522 2771 2524 2775 2522 2772 2521 2770 2526 2777 2527 2776 2525 2770 2526 2776 2525 2771 2524 2769 2528 2778 2529 2777 2527 2769 2528 2777 2527 2770 2526 2768 2530 2779 2531 2778 2529 2768 2530 2778 2529 2769 2528 2767 2532 2780 2533 2779 2531 2767 2532 2781 2534 2780 2533 2767 2532 2779 2531 2768 2530 2766 2535 2782 2536 2781 2534 2766 2535 2781 2534 2767 2532 2765 2537 2774 2538 2782 2536 2765 2537 2782 2536 2766 2535 2806 2539 2795 2540 2794 2541 2783 2542 2793 2543 2798 2544 2814 2545 2796 2546 2795 2540 2814 2545 2797 2547 2796 2546 2814 2545 2798 2544 2797 2547 2814 2545 2795 2540 2806 2539 2814 2545 2783 2542 2798 2544 2815 2548 2784 2549 2783 2542 2815 2548 2806 2539 2805 2550 2815 2548 2783 2542 2814 2545 2815 2548 2814 2545 2806 2539 2816 2551 2815 2548 2805 2550 2816 2551 2784 2549 2815 2548 2817 2552 2785 2553 2784 2549 2817 2552 2805 2550 2804 2554 2817 2552 2816 2551 2805 2550 2817 2552 2784 2549 2816 2551 2818 2555 2785 2553 2817 2552 2818 2555 2817 2552 2804 2554 2819 2556 2786 2557 2785 2553 2819 2556 2804 2554 2803 2558 2819 2556 2785 2553 2818 2555 2819 2556 2818 2555 2804 2554 2820 2559 2786 2557 2819 2556 2820 2559 2819 2556 2803 2558 2821 2560 2787 2561 2786 2557 2821 2560 2803 2558 2802 2562 2821 2560 2820 2559 2803 2558 2821 2560 2786 2557 2820 2559 2822 2563 2787 2561 2821 2560 2822 2563 2821 2560 2802 2562 2823 2564 2788 2565 2787 2561 2823 2564 2802 2562 2801 2566 2823 2564 2822 2563 2802 2562 2823 2564 2787 2561 2822 2563 2824 2567 2788 2565 2823 2564 2824 2567 2823 2564 2801 2566 2825 2568 2789 2569 2788 2565 2825 2568 2801 2566 2800 2570 2825 2568 2788 2565 2824 2567 2825 2568 2824 2567 2801 2566 2826 2571 2790 2572 2789 2569 2826 2571 2789 2569 2825 2568 2826 2571 2825 2568 2800 2570 2827 2573 2790 2572 2826 2571 2827 2573 2826 2571 2800 2570 2828 2574 2791 2575 2790 2572 2828 2574 2800 2570 2799 2576 2828 2574 2827 2573 2800 2570 2828 2574 2790 2572 2827 2573 2829 2577 2799 2576 2807 2578 2829 2577 2807 2578 2808 2579 2829 2577 2808 2579 2809 2580 2829 2577 2809 2580 2810 2581 2829 2577 2828 2574 2799 2576 2829 2577 2791 2575 2828 2574 2830 2582 2791 2575 2829 2577 2830 2582 2792 2583 2791 2575 2830 2582 2810 2581 2811 2584 2830 2582 2811 2584 2812 2585 2830 2582 2812 2585 2813 2586 2830 2582 2813 2586 2792 2583 2830 2582 2829 2577 2810 2581 2837 2587 2835 2588 2836 2589 2842 2590 2834 2591 2835 2588 2842 2590 2835 2588 2837 2587 2841 2592 2833 2593 2834 2591 2841 2592 2834 2591 2842 2590 2840 2594 2832 2595 2833 2593 2840 2594 2833 2593 2841 2592 2839 2596 2831 2597 2832 2595 2839 2596 2832 2595 2840 2594 2838 2598 2831 2597 2839 2596 2847 2599 2848 2600 2849 2601 2855 2602 2849 2601 2850 2603 2855 2602 2847 2599 2849 2601 2846 2604 2847 2599 2855 2602 2854 2605 2846 2604 2855 2602 2845 2606 2846 2604 2854 2605 2853 2607 2845 2606 2854 2605 2844 2608 2845 2606 2853 2607 2852 2609 2844 2608 2853 2607 2843 2610 2844 2608 2852 2609 2851 2611 2843 2610 2852 2609 2863 2612 2856 2613 2857 2614 2858 2615 2863 2612 2857 2614 2864 2616 2863 2612 2858 2615 2859 2617 2864 2616 2858 2615 2865 2618 2864 2616 2859 2617 2860 2619 2865 2618 2859 2617 2866 2620 2860 2619 2861 2621 2866 2620 2865 2618 2860 2619 2862 2622 2866 2620 2861 2621 2871 2623 2872 2624 2873 2625 2879 2626 2873 2625 2874 2627 2879 2626 2871 2623 2873 2625 2878 2628 2870 2629 2871 2623 2878 2628 2871 2623 2879 2626 2877 2630 2869 2631 2870 2629 2877 2630 2870 2629 2878 2628 2876 2632 2868 2633 2869 2631 2876 2632 2869 2631 2877 2630 2875 2634 2867 2635 2868 2633 2875 2634 2868 2633 2876 2632 2881 2636 2888 2637 2887 2638 2881 2636 2887 2638 2880 2639 2882 2640 2889 2641 2888 2637 2882 2640 2888 2637 2881 2636 2883 2642 2890 2643 2889 2641 2883 2642 2889 2641 2882 2640 2884 2644 2891 2645 2890 2643 2884 2644 2890 2643 2883 2642 2885 2646 2886 2647 2891 2645 2885 2646 2891 2645 2884 2644 2896 2648 2898 2649 2895 2650 2897 2651 2898 2649 2896 2648 2921 2652 2906 2653 2905 2654 2921 2652 2907 2655 2906 2653 2921 2652 2908 2656 2907 2655 2921 2652 2905 2654 2920 2657 2922 2658 2921 2652 2920 2657 2922 2658 2908 2656 2921 2652 2923 2659 2900 2660 2899 2661 2923 2659 2909 2662 2908 2656 2923 2659 2910 2663 2909 2662 2923 2659 2911 2664 2910 2663 2923 2659 2912 2665 2911 2664 2923 2659 2899 2661 2912 2665 2923 2659 2908 2656 2922 2658 2923 2659 2922 2658 2920 2657 2924 2666 2920 2657 2919 2667 2924 2666 2923 2659 2920 2657 2924 2666 2900 2660 2923 2659 2925 2668 2924 2666 2919 2667 2925 2668 2900 2660 2924 2666 2926 2669 2901 2670 2900 2660 2926 2669 2919 2667 2918 2671 2926 2669 2925 2668 2919 2667 2926 2669 2900 2660 2925 2668 2927 2672 2918 2671 2917 2673 2927 2672 2926 2669 2918 2671 2927 2672 2901 2670 2926 2669 2928 2674 2927 2672 2917 2673 2928 2674 2901 2670 2927 2672 2929 2675 2902 2676 2901 2670 2929 2675 2917 2673 2916 2677 2929 2675 2928 2674 2917 2673 2929 2675 2901 2670 2928 2674 2930 2678 2902 2676 2929 2675 2930 2678 2929 2675 2916 2677 2931 2679 2916 2677 2915 2680 2931 2679 2930 2678 2916 2677 2931 2679 2902 2676 2930 2678 2932 2681 2903 2682 2902 2676 2932 2681 2915 2680 2914 2683 2932 2681 2931 2679 2915 2680 2932 2681 2902 2676 2931 2679 2933 2684 2903 2682 2932 2681 2933 2684 2932 2681 2914 2683 2934 2685 2904 2686 2903 2682 2934 2685 2914 2683 2913 2687 2934 2685 2903 2682 2933 2684 2934 2685 2933 2684 2914 2683 2935 2688 2904 2686 2934 2685 2935 2688 2934 2685 2913 2687 2936 2689 2892 2690 2893 2691 2936 2689 2893 2691 2894 2692 2936 2689 2894 2692 2895 2650 2936 2689 2898 2649 2904 2686 2936 2689 2913 2687 2892 2690 2936 2689 2895 2650 2898 2649 2936 2689 2904 2686 2935 2688 2936 2689 2935 2688 2913 2687 2945 2693 2938 2694 2937 2695 2946 2696 2939 2697 2938 2694 2946 2696 2938 2694 2945 2693 2947 2698 2940 2699 2939 2697 2947 2698 2939 2697 2946 2696 2948 2700 2941 2701 2940 2699 2948 2700 2940 2699 2947 2698 2949 2702 2942 2703 2941 2701 2949 2702 2941 2701 2948 2700 2950 2704 2942 2703 2949 2702 2951 2705 2943 2706 2942 2703 2951 2705 2942 2703 2950 2704 2952 2707 2944 2708 2943 2706 2952 2707 2943 2706 2951 2705 2953 2709 2944 2708 2952 2707 2968 2710 2969 2711 2970 2712 2976 2713 2958 2714 2957 2715 2976 2713 2959 2716 2958 2714 2976 2713 2960 2717 2959 2716 2976 2713 2961 2718 2960 2717 2977 2719 2976 2713 2957 2715 2977 2719 2975 2720 2976 2713 2978 2721 2955 2722 2954 2723 2978 2721 2956 2724 2955 2722 2978 2721 2957 2715 2956 2724 2978 2721 2954 2723 2975 2720 2978 2721 2975 2720 2977 2719 2978 2721 2977 2719 2957 2715 2979 2725 2962 2726 2961 2718 2979 2725 2975 2720 2974 2727 2979 2725 2961 2718 2976 2713 2979 2725 2976 2713 2975 2720 2980 2728 2962 2726 2979 2725 2980 2728 2979 2725 2974 2727 2981 2729 2963 2730 2962 2726 2981 2729 2974 2727 2973 2731 2981 2729 2980 2728 2974 2727 2981 2729 2962 2726 2980 2728 2982 2732 2963 2730 2981 2729 2982 2732 2981 2729 2973 2731 2983 2733 2964 2734 2963 2730 2983 2733 2973 2731 2972 2735 2983 2733 2982 2732 2973 2731 2983 2733 2963 2730 2982 2732 2984 2736 2964 2734 2983 2733 2984 2736 2983 2733 2972 2735 2985 2737 2965 2738 2964 2734 2985 2737 2972 2735 2971 2739 2985 2737 2964 2734 2984 2736 2985 2737 2984 2736 2972 2735 2986 2740 2965 2738 2985 2737 2986 2740 2985 2737 2971 2739 2987 2741 2966 2742 2965 2738 2987 2741 2971 2739 2970 2712 2987 2741 2965 2738 2986 2740 2987 2741 2986 2740 2971 2739 2988 2743 2966 2742 2987 2741 2988 2743 2987 2741 2970 2712 2989 2744 2967 2745 2966 2742 2989 2744 2969 2711 2967 2745 2989 2744 2966 2742 2988 2743 2989 2744 2970 2712 2969 2711 2989 2744 2988 2743 2970 2712 3002 2746 3008 2747 3009 2748 3002 2746 3009 2748 3003 2749 2991 2750 2990 2751 3004 2752 2999 2753 3001 2754 3000 2755 2998 2756 3001 2754 2999 2753 2993 2757 2992 2758 2994 2759 3010 2760 3004 2752 3005 2761 3010 2760 3005 2761 3006 2762 3010 2760 3006 2762 3007 2763 3010 2760 3007 2763 3008 2747 3010 2760 3008 2747 3002 2746 3010 2760 2991 2750 3004 2752 3011 2764 2992 2758 2991 2750 3011 2764 3002 2746 3001 2754 3011 2764 2991 2750 3010 2760 3011 2764 3010 2760 3002 2746 3012 2765 2995 2766 2994 2759 3012 2765 2996 2767 2995 2766 3012 2765 2997 2768 2996 2767 3012 2765 2998 2756 2997 2768 3012 2765 3011 2764 3001 2754 3012 2765 2992 2758 3011 2764 3012 2765 3001 2754 2998 2756 3012 2765 2994 2759 2992 2758 3045 2769 3022 2770 3021 2771 3045 2769 3023 2772 3022 2770 3045 2769 3024 2773 3023 2772 3046 2774 3025 2775 3024 2773 3046 2774 3024 2773 3045 2769 3046 2774 3045 2769 3021 2771 3047 2776 3026 2777 3025 2775 3047 2776 3027 2778 3026 2777 3047 2776 3028 2779 3027 2778 3047 2776 3029 2780 3028 2779 3047 2776 3030 2781 3029 2780 3047 2776 3025 2775 3046 2774 3047 2776 3046 2774 3021 2771 3048 2782 3021 2771 3020 2783 3048 2782 3030 2781 3047 2776 3048 2782 3047 2776 3021 2771 3049 2784 3030 2781 3048 2782 3049 2784 3048 2782 3020 2783 3050 2785 3020 2783 3019 2786 3050 2785 3031 2787 3030 2781 3050 2785 3049 2784 3020 2783 3050 2785 3030 2781 3049 2784 3051 2788 3031 2787 3050 2785 3051 2788 3050 2785 3019 2786 3052 2789 3019 2786 3018 2790 3052 2789 3032 2791 3031 2787 3052 2789 3031 2787 3051 2788 3052 2789 3051 2788 3019 2786 3053 2792 3052 2789 3018 2790 3053 2792 3032 2791 3052 2789 3054 2793 3018 2790 3017 2794 3054 2793 3033 2795 3032 2791 3054 2793 3032 2791 3053 2792 3054 2793 3053 2792 3018 2790 3055 2796 3054 2793 3017 2794 3055 2796 3033 2795 3054 2793 3056 2797 3017 2794 3016 2798 3056 2797 3034 2799 3033 2795 3056 2797 3055 2796 3017 2794 3056 2797 3033 2795 3055 2796 3057 2800 3056 2797 3016 2798 3057 2800 3034 2799 3056 2797 3058 2801 3016 2798 3015 2802 3058 2801 3035 2803 3034 2799 3058 2801 3057 2800 3016 2798 3058 2801 3034 2799 3057 2800 3059 2804 3035 2803 3058 2801 3059 2804 3058 2801 3015 2802 3060 2805 3015 2802 3014 2806 3060 2805 3035 2803 3059 2804 3060 2805 3059 2804 3015 2802 3060 2805 3036 2807 3035 2803 3061 2808 3036 2807 3060 2805 3061 2808 3060 2805 3014 2806 3062 2809 3014 2806 3013 2810 3062 2809 3036 2807 3061 2808 3062 2809 3061 2808 3014 2806 3062 2809 3037 2811 3036 2807 3063 2812 3062 2809 3013 2810 3063 2812 3037 2811 3062 2809 3063 2812 3013 2810 3039 2813 3063 2812 3039 2813 3040 2814 3063 2812 3040 2814 3041 2815 3064 2816 3041 2815 3042 2817 3064 2816 3037 2811 3063 2812 3064 2816 3063 2812 3041 2815 3065 2818 3064 2816 3042 2817 3065 2818 3038 2819 3037 2811 3065 2818 3042 2817 3043 2820 3065 2818 3043 2820 3044 2821 3065 2818 3044 2821 3038 2819 3065 2818 3037 2811 3064 2816 3067 2822 3066 2823 3075 2824 3068 2825 3075 2824 3076 2826 3068 2825 3067 2822 3075 2824 3069 2827 3076 2826 3077 2828 3069 2827 3068 2825 3076 2826 3070 2829 3077 2828 3078 2830 3070 2829 3069 2827 3077 2828 3071 2831 3078 2830 3079 2832 3071 2831 3070 2829 3078 2830 3072 2833 3079 2832 3080 2834 3072 2833 3071 2831 3079 2832 3073 2835 3080 2834 3074 2836 3073 2835 3072 2833 3080 2834 3088 2837 3081 2838 3082 2839 3088 2837 3082 2839 3083 2840 3109 2841 3085 2842 3086 2843 3109 2841 3086 2843 3087 2844 3108 2845 3085 2842 3109 2841 3098 2846 3094 2847 3093 2848 3098 2846 3095 2849 3094 2847 3098 2846 3096 2850 3095 2849 3099 2851 3098 2846 3093 2848 3097 2852 3096 2850 3098 2846 3101 2853 3100 2854 3102 2855 3110 2856 3083 2840 3084 2857 3110 2856 3084 2857 3085 2842 3110 2856 3108 2845 3107 2858 3110 2856 3088 2837 3083 2840 3110 2856 3085 2842 3108 2845 3111 2859 3089 2860 3088 2837 3111 2859 3107 2858 3106 2861 3111 2859 3088 2837 3110 2856 3111 2859 3110 2856 3107 2858 3112 2862 3111 2859 3106 2861 3112 2862 3089 2860 3111 2859 3113 2863 3090 2864 3089 2860 3113 2863 3106 2861 3105 2865 3113 2863 3112 2862 3106 2861 3113 2863 3089 2860 3112 2862 3114 2866 3090 2864 3113 2863 3114 2866 3113 2863 3105 2865 3115 2867 3105 2865 3104 2868 3115 2867 3114 2866 3105 2865 3115 2867 3090 2864 3114 2866 3116 2869 3091 2870 3090 2864 3116 2869 3104 2868 3103 2871 3116 2869 3090 2864 3115 2867 3116 2869 3115 2867 3104 2868 3117 2872 3116 2869 3103 2871 3117 2872 3091 2870 3116 2869 3118 2873 3092 2874 3091 2870 3118 2873 3093 2848 3092 2874 3118 2873 3100 2854 3099 2851 3118 2873 3103 2871 3102 2855 3118 2873 3099 2851 3093 2848 3118 2873 3091 2870 3117 2872 3118 2873 3102 2855 3100 2854 3118 2873 3117 2872 3103 2871 3133 2875 3132 2876 3136 2877 3142 2878 3123 2879 3122 2880 3142 2878 3124 2881 3123 2879 3142 2878 3125 2882 3124 2881 3142 2878 3126 2883 3125 2882 3142 2878 3127 2884 3126 2883 3143 2885 3120 2886 3119 2887 3143 2885 3121 2888 3120 2886 3143 2885 3122 2880 3121 2888 3143 2885 3119 2887 3141 2889 3143 2885 3142 2878 3122 2880 3143 2885 3141 2889 3142 2878 3144 2890 3127 2884 3142 2878 3144 2890 3142 2878 3141 2889 3145 2891 3128 2892 3127 2884 3145 2891 3141 2889 3140 2893 3145 2891 3127 2884 3144 2890 3145 2891 3144 2890 3141 2889 3146 2894 3140 2893 3139 2895 3146 2894 3128 2892 3145 2891 3146 2894 3145 2891 3140 2893 3147 2896 3146 2894 3139 2895 3147 2896 3128 2892 3146 2894 3148 2897 3129 2898 3128 2892 3148 2897 3139 2895 3138 2899 3148 2897 3147 2896 3139 2895 3148 2897 3128 2892 3147 2896 3149 2900 3129 2898 3148 2897 3149 2900 3148 2897 3138 2899 3150 2901 3130 2902 3129 2898 3150 2901 3138 2899 3137 2903 3150 2901 3129 2898 3149 2900 3150 2901 3149 2900 3138 2899 3151 2904 3150 2901 3137 2903 3151 2904 3130 2902 3150 2901 3152 2905 3131 2906 3130 2902 3152 2905 3130 2902 3151 2904 3152 2905 3151 2904 3137 2903 3153 2907 3132 2876 3131 2906 3153 2907 3137 2903 3134 2908 3153 2907 3131 2906 3152 2905 3153 2907 3152 2905 3137 2903 3154 2909 3134 2908 3135 2910 3154 2909 3132 2876 3153 2907 3154 2909 3153 2907 3134 2908 3155 2911 3135 2910 3136 2877 3155 2911 3154 2909 3135 2910 3155 2911 3136 2877 3132 2876 3155 2911 3132 2876 3154 2909 3158 2912 3160 2913 3159 2914 3158 2912 3161 2915 3160 2913 3167 2916 3165 2917 3164 2918 3167 2916 3166 2919 3165 2917 3170 2920 3157 2921 3156 2922 3171 2923 3157 2921 3170 2920 3175 2924 3168 2925 3174 2926 3169 2927 3168 2925 3175 2924 3176 2928 3162 2929 3161 2915 3176 2928 3163 2930 3162 2929 3176 2928 3164 2918 3163 2930 3176 2928 3161 2915 3158 2912 3176 2928 3167 2916 3164 2918 3177 2931 3158 2912 3157 2921 3177 2931 3168 2925 3167 2916 3177 2931 3167 2916 3176 2928 3177 2931 3176 2928 3158 2912 3178 2932 3171 2923 3172 2933 3178 2932 3172 2933 3173 2934 3178 2932 3173 2934 3174 2926 3178 2932 3177 2931 3157 2921 3178 2932 3168 2925 3177 2931 3178 2932 3157 2921 3171 2923 3178 2932 3174 2926 3168 2925 3211 2935 3204 2936 3203 2937 3211 2935 3208 2938 3209 2939 3211 2935 3209 2939 3210 2940 3211 2935 3210 2940 3204 2936 3212 2941 3211 2935 3203 2937 3212 2941 3208 2938 3211 2935 3213 2942 3180 2943 3179 2944 3213 2942 3179 2944 3205 2945 3213 2942 3205 2945 3206 2946 3213 2942 3206 2946 3207 2947 3213 2942 3207 2947 3208 2938 3213 2942 3212 2941 3203 2937 3213 2942 3208 2938 3212 2941 3214 2948 3203 2937 3202 2949 3214 2948 3213 2942 3203 2937 3214 2948 3180 2943 3213 2942 3215 2950 3180 2943 3214 2948 3215 2950 3214 2948 3202 2949 3216 2951 3181 2952 3180 2943 3216 2951 3202 2949 3201 2953 3216 2951 3180 2943 3215 2950 3216 2951 3215 2950 3202 2949 3217 2954 3181 2952 3216 2951 3217 2954 3216 2951 3201 2953 3218 2955 3182 2956 3181 2952 3218 2955 3201 2953 3200 2957 3218 2955 3217 2954 3201 2953 3218 2955 3181 2952 3217 2954 3219 2958 3218 2955 3200 2957 3219 2958 3182 2956 3218 2955 3220 2959 3183 2960 3182 2956 3220 2959 3200 2957 3199 2961 3220 2959 3182 2956 3219 2958 3220 2959 3219 2958 3200 2957 3221 2962 3220 2959 3199 2961 3221 2962 3183 2960 3220 2959 3222 2963 3184 2964 3183 2960 3222 2963 3199 2961 3198 2965 3222 2963 3221 2962 3199 2961 3222 2963 3183 2960 3221 2962 3223 2966 3184 2964 3222 2963 3223 2966 3222 2963 3198 2965 3224 2967 3185 2968 3184 2964 3224 2967 3198 2965 3197 2969 3224 2967 3223 2966 3198 2965 3224 2967 3184 2964 3223 2966 3225 2970 3224 2967 3197 2969 3225 2970 3185 2968 3224 2967 3226 2971 3185 2968 3225 2970 3226 2971 3186 2972 3185 2968 3226 2971 3197 2969 3196 2973 3226 2971 3225 2970 3197 2969 3227 2974 3186 2972 3226 2971 3227 2974 3226 2971 3196 2973 3228 2975 3187 2976 3186 2972 3228 2975 3186 2972 3227 2974 3228 2975 3227 2974 3196 2973 3228 2975 3196 2973 3195 2977 3229 2978 3192 2979 3191 2980 3229 2978 3193 2981 3192 2979 3229 2978 3228 2975 3195 2977 3229 2978 3194 2982 3193 2981 3229 2978 3195 2977 3194 2982 3229 2978 3187 2976 3228 2975 3230 2983 3187 2976 3229 2978 3230 2983 3229 2978 3191 2980 3231 2984 3188 2985 3187 2976 3231 2984 3189 2986 3188 2985 3231 2984 3190 2987 3189 2986 3231 2984 3191 2980 3190 2987 3231 2984 3230 2983 3191 2980 3231 2984 3187 2976 3230 2983 3246 2988 3239 2989 3238 2990 3246 2988 3240 2991 3239 2989 3245 2992 3238 2990 3237 2993 3245 2992 3246 2988 3238 2990 3244 2994 3237 2993 3236 2995 3244 2994 3245 2992 3237 2993 3243 2996 3236 2995 3235 2997 3243 2996 3244 2994 3236 2995 3242 2998 3235 2997 3234 2999 3242 2998 3243 2996 3235 2997 3241 3000 3234 2999 3233 3001 3241 3000 3242 2998 3234 2999 3232 3002 3241 3000 3233 3001 3265 3003 3259 3004 3260 3005 3261 3006 3265 3003 3260 3005 3257 3007 3263 3008 3264 3009 3257 3007 3264 3009 3258 3010 3272 3011 3271 3012 3270 3013 3251 3014 3272 3011 3252 3015 3273 3016 3272 3011 3251 3014 3250 3017 3273 3016 3251 3014 3249 3018 3274 3019 3273 3016 3249 3018 3273 3016 3250 3017 3248 3020 3274 3019 3249 3018 3247 3021 3274 3019 3248 3020 3275 3022 3261 3006 3262 3023 3275 3022 3262 3023 3263 3008 3275 3022 3266 3024 3265 3003 3275 3022 3265 3003 3261 3006 3275 3022 3263 3008 3257 3007 3276 3025 3257 3007 3256 3026 3276 3025 3267 3027 3266 3024 3276 3025 3266 3024 3275 3022 3276 3025 3275 3022 3257 3007 3277 3028 3276 3025 3256 3026 3277 3028 3267 3027 3276 3025 3278 3029 3256 3026 3255 3030 3278 3029 3268 3031 3267 3027 3278 3029 3277 3028 3256 3026 3278 3029 3267 3027 3277 3028 3279 3032 3255 3030 3254 3033 3279 3032 3278 3029 3255 3030 3279 3032 3268 3031 3278 3029 3280 3034 3279 3032 3254 3033 3280 3034 3268 3031 3279 3032 3281 3035 3253 3036 3252 3015 3281 3035 3254 3033 3253 3036 3281 3035 3269 3037 3268 3031 3281 3035 3270 3013 3269 3037 3281 3035 3280 3034 3254 3033 3281 3035 3272 3011 3270 3013 3281 3035 3252 3015 3272 3011 3281 3035 3268 3031 3280 3034 3284 3038 3286 3039 3282 3040 3285 3041 3286 3039 3284 3038 3294 3042 3287 3043 3288 3044 3294 3042 3292 3045 3291 3046 3294 3042 3293 3047 3292 3045 3294 3042 3288 3044 3293 3047 3295 3048 3283 3049 3282 3040 3295 3048 3289 3050 3283 3049 3295 3048 3290 3051 3289 3050 3295 3048 3291 3046 3290 3051 3295 3048 3294 3042 3291 3046 3295 3048 3287 3043 3294 3042 3296 3052 3286 3039 3287 3043 3296 3052 3295 3048 3282 3040 3296 3052 3287 3043 3295 3048 3296 3052 3282 3040 3286 3039 3321 3053 3298 3054 3297 3055 3321 3053 3297 3055 3304 3056 3321 3053 3304 3056 3305 3057 3321 3053 3305 3057 3306 3058 3321 3053 3306 3058 3307 3059 3322 3060 3321 3053 3307 3059 3322 3060 3315 3061 3321 3053 3323 3062 3307 3059 3308 3063 3323 3062 3308 3063 3309 3064 3323 3062 3309 3064 3315 3061 3323 3062 3322 3060 3307 3059 3323 3062 3315 3061 3322 3060 3324 3065 3298 3054 3321 3053 3324 3065 3321 3053 3315 3061 3325 3066 3315 3061 3314 3067 3325 3066 3298 3054 3324 3065 3325 3066 3324 3065 3315 3061 3326 3068 3299 3069 3298 3054 3326 3068 3314 3067 3313 3070 3326 3068 3298 3054 3325 3066 3326 3068 3325 3066 3314 3067 3327 3071 3326 3068 3313 3070 3327 3071 3299 3069 3326 3068 3328 3072 3300 3073 3299 3069 3328 3072 3313 3070 3312 3074 3328 3072 3327 3071 3313 3070 3328 3072 3299 3069 3327 3071 3329 3075 3300 3073 3328 3072 3329 3075 3328 3072 3312 3074 3330 3076 3301 3077 3300 3073 3330 3076 3312 3074 3311 3078 3330 3076 3300 3073 3329 3075 3330 3076 3329 3075 3312 3074 3331 3079 3301 3077 3330 3076 3331 3079 3330 3076 3311 3078 3332 3080 3302 3081 3301 3077 3332 3080 3301 3077 3331 3079 3332 3080 3331 3079 3311 3078 3333 3082 3303 3083 3302 3081 3333 3082 3318 3084 3319 3085 3333 3082 3319 3085 3320 3086 3333 3082 3320 3086 3303 3083 3334 3087 3311 3078 3310 3088 3334 3087 3310 3088 3316 3089 3334 3087 3316 3089 3317 3090 3334 3087 3317 3090 3318 3084 3334 3087 3302 3081 3332 3080 3334 3087 3318 3084 3333 3082 3334 3087 3332 3080 3311 3078 3334 3087 3333 3082 3302 3081 3341 3091 3342 3092 3343 3093 3341 3091 3343 3093 3348 3094 3340 3095 3348 3094 3347 3096 3340 3095 3341 3091 3348 3094 3339 3097 3347 3096 3346 3098 3339 3097 3340 3095 3347 3096 3338 3099 3346 3098 3345 3100 3338 3099 3339 3097 3346 3098 3337 3101 3345 3100 3344 3102 3337 3101 3338 3099 3345 3100 3335 3103 3344 3102 3336 3104 3335 3103 3337 3101 3344 3102 3367 3105 3352 3106 3353 3107 3367 3105 3353 3107 3354 3108 3367 3105 3354 3108 3355 3109 3367 3105 3355 3109 3358 3110 3368 3111 3349 3112 3350 3113 3368 3111 3350 3113 3351 3114 3368 3111 3351 3114 3352 3106 3368 3111 3365 3115 3349 3112 3368 3111 3352 3106 3367 3105 3368 3111 3367 3105 3358 3110 3369 3116 3358 3110 3357 3117 3369 3116 3368 3111 3358 3110 3369 3116 3365 3115 3368 3111 3370 3118 3369 3116 3357 3117 3370 3118 3365 3115 3369 3116 3371 3119 3366 3120 3365 3115 3371 3119 3365 3115 3370 3118 3371 3119 3370 3118 3357 3117 3372 3121 3357 3117 3356 3122 3372 3121 3363 3123 3362 3124 3372 3121 3364 3125 3363 3123 3372 3121 3356 3122 3364 3125 3372 3121 3371 3119 3357 3117 3372 3121 3366 3120 3371 3119 3373 3126 3362 3124 3361 3127 3373 3126 3372 3121 3362 3124 3373 3126 3366 3120 3372 3121 3374 3128 3360 3129 3359 3130 3374 3128 3361 3127 3360 3129 3374 3128 3359 3130 3366 3120 3374 3128 3373 3126 3361 3127 3374 3128 3366 3120 3373 3126 3386 3131 3385 3132 3383 3133 3382 3134 3386 3131 3383 3133 3384 3135 3386 3131 3382 3134 3387 3136 3378 3137 3379 3138 3387 3136 3379 3138 3380 3139 3387 3136 3380 3139 3381 3140 3387 3136 3381 3140 3383 3133 3387 3136 3383 3133 3385 3132 3388 3141 3377 3142 3378 3137 3388 3141 3378 3137 3387 3136 3388 3141 3387 3136 3385 3132 3389 3143 3375 3144 3376 3145 3389 3143 3376 3145 3377 3142 3389 3143 3385 3132 3375 3144 3389 3143 3377 3142 3388 3141 3389 3143 3388 3141 3385 3132 3392 3146 3394 3147 3395 3148 3393 3149 3394 3147 3392 3146 3402 3150 3395 3148 3396 3151 3402 3150 3400 3152 3399 3153 3402 3150 3401 3154 3400 3152 3402 3150 3396 3151 3401 3154 3403 3155 3399 3153 3398 3156 3403 3155 3402 3150 3399 3153 3403 3155 3390 3157 3402 3150 3404 3158 3391 3159 3390 3157 3404 3158 3397 3160 3391 3159 3404 3158 3398 3156 3397 3160 3404 3158 3390 3157 3403 3155 3404 3158 3403 3155 3398 3156 3405 3161 3390 3157 3392 3146 3405 3161 3395 3148 3402 3150 3405 3161 3392 3146 3395 3148 3405 3161 3402 3150 3390 3157 3429 3162 3419 3163 3418 3164 3429 3162 3418 3164 3424 3165 3429 3162 3424 3165 3425 3166 3429 3162 3425 3166 3426 3167 3429 3162 3426 3167 3427 3168 3430 3169 3412 3170 3411 3171 3430 3169 3427 3168 3428 3172 3430 3169 3428 3172 3412 3170 3430 3169 3411 3171 3429 3162 3430 3169 3429 3162 3427 3168 3431 3173 3411 3171 3410 3174 3431 3173 3419 3163 3429 3162 3431 3173 3429 3162 3411 3171 3432 3175 3431 3173 3410 3174 3432 3175 3419 3163 3431 3173 3433 3176 3410 3174 3409 3177 3433 3176 3420 3178 3419 3163 3433 3176 3432 3175 3410 3174 3433 3176 3419 3163 3432 3175 3434 3179 3433 3176 3409 3177 3434 3179 3420 3178 3433 3176 3435 3180 3409 3177 3408 3181 3435 3180 3421 3182 3420 3178 3435 3180 3434 3179 3409 3177 3435 3180 3420 3178 3434 3179 3436 3183 3421 3182 3435 3180 3436 3183 3435 3180 3408 3181 3437 3184 3408 3181 3407 3185 3437 3184 3422 3186 3421 3182 3437 3184 3436 3183 3408 3181 3437 3184 3421 3182 3436 3183 3438 3187 3423 3188 3422 3186 3438 3187 3437 3184 3407 3185 3438 3187 3422 3186 3437 3184 3439 3189 3423 3188 3438 3187 3439 3189 3438 3187 3407 3185 3440 3190 3414 3191 3415 3192 3440 3190 3415 3192 3416 3193 3440 3190 3416 3193 3417 3194 3440 3190 3417 3194 3423 3188 3441 3195 3407 3185 3406 3196 3441 3195 3406 3196 3413 3197 3441 3195 3413 3197 3414 3191 3441 3195 3439 3189 3407 3185 3441 3195 3414 3191 3440 3190 3441 3195 3423 3188 3439 3189 3441 3195 3440 3190 3423 3188 3448 3198 3449 3199 3450 3200 3448 3198 3450 3200 3455 3201 3447 3202 3455 3201 3454 3203 3447 3202 3448 3198 3455 3201 3446 3204 3453 3205 3452 3206 3446 3204 3454 3203 3453 3205 3446 3204 3447 3202 3454 3203 3445 3207 3452 3206 3451 3208 3445 3207 3446 3204 3452 3206 3444 3209 3451 3208 3443 3210 3444 3209 3445 3207 3451 3208 3442 3211 3444 3209 3443 3210 3474 3212 3467 3213 3466 3214 3474 3212 3468 3215 3467 3213 3474 3212 3469 3216 3468 3215 3474 3212 3466 3214 3473 3217 3475 3218 3464 3219 3463 3220 3475 3218 3470 3221 3469 3216 3475 3218 3471 3222 3470 3221 3475 3218 3463 3220 3471 3222 3475 3218 3474 3212 3473 3217 3475 3218 3469 3216 3474 3212 3476 3223 3473 3217 3472 3224 3476 3223 3475 3218 3473 3217 3476 3223 3464 3219 3475 3218 3477 3225 3476 3223 3472 3224 3477 3225 3464 3219 3476 3223 3478 3226 3465 3227 3464 3219 3478 3226 3464 3219 3477 3225 3478 3226 3477 3225 3472 3224 3479 3228 3456 3229 3457 3230 3479 3228 3457 3230 3458 3231 3479 3228 3458 3231 3459 3232 3479 3228 3472 3224 3456 3229 3479 3228 3478 3226 3472 3224 3479 3228 3465 3227 3478 3226 3480 3233 3459 3232 3460 3234 3480 3233 3460 3234 3461 3235 3480 3233 3461 3235 3462 3236 3480 3233 3462 3236 3465 3227 3480 3233 3479 3228 3459 3232 3480 3233 3465 3227 3479 3228 3481 3237 3489 3238 3482 3239 3486 3240 3489 3238 3481 3237 3495 3241 3484 3242 3483 3243 3496 3244 3485 3245 3484 3242 3496 3244 3492 3246 3493 3247 3496 3244 3493 3247 3494 3248 3496 3244 3494 3248 3485 3245 3497 3249 3488 3250 3487 3251 3497 3249 3487 3251 3490 3252 3497 3249 3490 3252 3491 3253 3497 3249 3491 3253 3492 3246 3497 3249 3492 3246 3496 3244 3497 3249 3496 3244 3484 3242 3497 3249 3495 3241 3488 3250 3497 3249 3484 3242 3495 3241 3498 3254 3488 3250 3495 3241 3498 3254 3495 3241 3483 3243 3499 3255 3483 3243 3482 3239 3499 3255 3489 3238 3488 3250 3499 3255 3498 3254 3483 3243 3499 3255 3488 3250 3498 3254 3499 3255 3482 3239 3489 3238 3501 3256 3503 3257 3502 3258 3501 3256 3500 3259 3503 3257 3509 3260 3504 3261 3505 3262 3511 3263 3508 3264 3509 3260 3511 3263 3509 3260 3505 3262 3512 3265 3507 3266 3508 3264 3512 3265 3508 3264 3511 3263 3513 3267 3507 3266 3512 3265 3506 3268 3507 3266 3513 3267 3510 3269 3506 3268 3513 3267 3516 3270 3514 3271 3515 3272 3521 3273 3516 3270 3515 3272 3522 3274 3517 3275 3516 3270 3522 3274 3516 3270 3521 3273 3523 3276 3518 3277 3517 3275 3523 3276 3517 3275 3522 3274 3520 3278 3519 3279 3518 3277 3520 3278 3518 3277 3523 3276 3529 3280 3525 3281 3524 3282 3529 3280 3526 3283 3525 3281 3529 3280 3527 3284 3526 3283 3529 3280 3528 3285 3527 3284 3532 3286 3528 3285 3529 3280 3531 3287 3528 3285 3532 3286 3530 3288 3528 3285 3531 3287 3538 3289 3534 3290 3533 3291 3538 3289 3535 3292 3534 3290 3542 3293 3536 3294 3535 3292 3542 3293 3537 3295 3536 3294 3542 3293 3535 3292 3538 3289 3543 3296 3538 3289 3539 3297 3543 3296 3542 3293 3538 3289 3544 3298 3543 3296 3539 3297 3540 3299 3544 3298 3539 3297 3541 3300 3544 3298 3540 3299 3552 3301 3557 3302 3551 3303 3553 3304 3557 3302 3552 3301 3562 3305 3549 3306 3548 3307 3562 3305 3558 3308 3549 3306 3562 3305 3559 3309 3558 3308 3562 3305 3560 3310 3559 3309 3562 3305 3561 3311 3560 3310 3562 3305 3554 3312 3561 3311 3563 3313 3548 3307 3547 3314 3563 3313 3555 3315 3554 3312 3563 3313 3562 3305 3548 3307 3563 3313 3554 3312 3562 3305 3564 3316 3563 3313 3547 3314 3564 3316 3555 3315 3563 3313 3565 3317 3547 3314 3546 3318 3565 3317 3556 3319 3555 3315 3565 3317 3555 3315 3564 3316 3565 3317 3564 3316 3547 3314 3566 3320 3565 3317 3546 3318 3566 3320 3556 3319 3565 3317 3567 3321 3546 3318 3545 3322 3567 3321 3545 3322 3550 3323 3567 3321 3550 3323 3551 3303 3567 3321 3557 3302 3556 3319 3567 3321 3566 3320 3546 3318 3567 3321 3556 3319 3566 3320 3567 3321 3551 3303 3557 3302 3569 3324 3578 3325 3570 3326 3568 3327 3578 3325 3569 3324 3592 3328 3575 3329 3574 3330 3592 3328 3574 3330 3579 3331 3592 3328 3579 3331 3580 3332 3592 3328 3580 3332 3581 3333 3592 3328 3581 3333 3582 3334 3592 3328 3582 3334 3583 3335 3593 3336 3583 3335 3584 3337 3593 3336 3584 3337 3585 3338 3593 3336 3585 3338 3586 3339 3593 3336 3586 3339 3590 3340 3593 3336 3592 3328 3583 3335 3593 3336 3575 3329 3592 3328 3594 3341 3593 3336 3590 3340 3594 3341 3575 3329 3593 3336 3595 3342 3576 3343 3575 3329 3595 3342 3590 3340 3589 3344 3595 3342 3594 3341 3590 3340 3595 3342 3575 3329 3594 3341 3596 3345 3576 3343 3595 3342 3596 3345 3595 3342 3589 3344 3597 3346 3589 3344 3588 3347 3597 3346 3596 3345 3589 3344 3597 3346 3576 3343 3596 3345 3598 3348 3577 3349 3576 3343 3598 3348 3576 3343 3597 3346 3598 3348 3597 3346 3588 3347 3599 3350 3578 3325 3577 3349 3599 3350 3587 3351 3591 3352 3600 3353 3588 3347 3587 3351 3600 3353 3577 3349 3598 3348 3600 3353 3598 3348 3588 3347 3600 3353 3599 3350 3577 3349 3600 3353 3587 3351 3599 3350 3601 3354 3571 3355 3570 3326 3601 3354 3570 3326 3578 3325 3602 3356 3601 3354 3578 3325 3602 3356 3571 3355 3601 3354 3603 3357 3572 3358 3571 3355 3603 3357 3573 3359 3572 3358 3603 3357 3591 3352 3573 3359 3603 3357 3578 3325 3599 3350 3603 3357 3599 3350 3591 3352 3603 3357 3571 3355 3602 3356 3603 3357 3602 3356 3578 3325 3619 3360 3612 3361 3613 3362 3619 3360 3618 3363 3612 3361 3620 3364 3613 3362 3614 3365 3620 3364 3619 3360 3613 3362 3617 3366 3614 3365 3615 3367 3617 3366 3620 3364 3614 3365 3616 3368 3620 3364 3617 3366 3621 3369 3605 3370 3604 3371 3621 3369 3606 3372 3605 3370 3621 3369 3607 3373 3606 3372 3621 3369 3608 3374 3607 3373 3621 3369 3609 3375 3608 3374 3621 3369 3610 3376 3609 3375 3621 3369 3604 3371 3611 3377 3621 3369 3618 3363 3610 3376 3622 3378 3611 3377 3612 3361 3622 3378 3621 3369 3611 3377 3622 3378 3612 3361 3618 3363 3622 3378 3618 3363 3621 3369 3626 3379 3624 3380 3625 3381 3629 3382 3623 3383 3624 3380 3629 3382 3624 3380 3626 3379 3628 3384 3626 3379 3627 1364 3628 3384 3629 3382 3626 3379 3636 3385 3632 3386 3633 3387 3635 3388 3632 3386 3636 3385 3634 3389 3630 3390 3631 3391 3634 3389 3631 3391 3632 3386 3634 3389 3632 3386 3635 3388 3640 3392 3643 3393 3641 3394 3639 3395 3643 3393 3640 3392 3638 3396 3643 3393 3639 3395 3637 3397 3644 3398 3643 3393 3637 3397 3645 3399 3644 3398 3637 3397 3642 3400 3645 3399 3637 3397 3643 3393 3638 3396 3647 3401 3654 3402 3648 3403 3646 3404 3654 3402 3647 3401 3664 3405 3656 3406 3655 3407 3664 3405 3657 3408 3656 3406 3664 3405 3658 3409 3657 3408 3664 3405 3659 3410 3658 3409 3664 3405 3660 3411 3659 3410 3664 3405 3651 3412 3660 3411 3664 3405 3655 3407 3663 3413 3665 3414 3652 3415 3651 3412 3665 3414 3663 3413 3662 3416 3665 3414 3664 3405 3663 3413 3665 3414 3651 3412 3664 3405 3666 3417 3652 3415 3665 3414 3666 3417 3665 3414 3662 3416 3667 3418 3653 3419 3652 3415 3667 3418 3662 3416 3661 3420 3667 3418 3652 3415 3666 3417 3667 3418 3666 3417 3662 3416 3668 3421 3653 3419 3667 3418 3668 3421 3667 3418 3661 3420 3669 3422 3649 3423 3648 3403 3669 3422 3650 3424 3649 3423 3669 3422 3654 3402 3653 3419 3669 3422 3661 3420 3650 3424 3669 3422 3668 3421 3661 3420 3669 3422 3653 3419 3668 3421 3669 3422 3648 3403 3654 3402 3681 3425 3674 3426 3675 3427 3681 3425 3675 3427 3676 3428 3681 3425 3676 3428 3677 3429 3681 3425 3677 3429 3678 3430 3673 3431 3681 3425 3680 3432 3673 3431 3674 3426 3681 3425 3672 3433 3680 3432 3679 3434 3672 3433 3673 3431 3680 3432 3671 3435 3679 3434 3670 1364 3671 3435 3672 3433 3679 3434 3685 3436 3696 3437 3695 3438 3685 3436 3684 3439 3696 3437 3686 3440 3685 3436 3695 3438 3698 3441 3695 3438 3694 3442 3698 3441 3686 3440 3695 3438 3687 3443 3686 3440 3698 3441 3699 3444 3689 3445 3688 3446 3699 3444 3690 3447 3689 3445 3699 3444 3688 3446 3697 3448 3700 3449 3690 3447 3699 3444 3700 3449 3699 3444 3697 3448 3701 3450 3683 3451 3682 3452 3701 3450 3691 3453 3690 3447 3701 3450 3692 3454 3691 3453 3701 3450 3693 3455 3692 3454 3701 3450 3682 3452 3693 3455 3701 3450 3700 3449 3697 3448 3701 3450 3690 3447 3700 3449 3702 3456 3683 3451 3701 3450 3702 3456 3701 3450 3697 3448 3703 3457 3684 3439 3683 3451 3703 3457 3697 3448 3696 3437 3703 3457 3683 3451 3702 3456 3703 3457 3702 3456 3697 3448 3703 3457 3696 3437 3684 3439 3705 3458 3704 3459 3710 3460 3726 3461 3727 3462 3708 3463 3709 3464 3708 3463 3727 3462 3728 3465 3710 3460 3711 3466 3728 3465 3711 3466 3712 3467 3728 3465 3712 3467 3713 3468 3728 3465 3713 3468 3714 3469 3728 3465 3705 3458 3710 3460 3729 3470 3705 3458 3728 3465 3729 3470 3728 3465 3714 3469 3730 3471 3714 3469 3716 3472 3730 3471 3729 3470 3714 3469 3730 3471 3705 3458 3729 3470 3731 3473 3716 3472 3715 3474 3731 3473 3730 3471 3716 3472 3731 3473 3705 3458 3730 3471 3732 3475 3715 3474 3720 3476 3732 3475 3731 3473 3715 3474 3732 3475 3705 3458 3731 3473 3733 3477 3706 3478 3705 3458 3733 3477 3720 3476 3719 3479 3733 3477 3705 3458 3732 3475 3733 3477 3732 3475 3720 3476 3734 3480 3706 3478 3733 3477 3734 3480 3733 3477 3719 3479 3735 3481 3707 3482 3706 3478 3735 3481 3719 3479 3718 3483 3735 3481 3734 3480 3719 3479 3735 3481 3706 3478 3734 3480 3736 3484 3707 3482 3735 3481 3736 3484 3735 3481 3718 3483 3737 3485 3708 3463 3707 3482 3737 3485 3718 3483 3717 3486 3737 3485 3707 3482 3736 3484 3737 3485 3736 3484 3718 3483 3738 3487 3723 3488 3724 3489 3738 3487 3724 3489 3725 3490 3738 3487 3725 3490 3726 3461 3738 3487 3726 3461 3708 3463 3739 3491 3722 3492 3723 3488 3739 3491 3723 3488 3738 3487 3739 3491 3738 3487 3708 3463 3740 3493 3717 3486 3721 3494 3740 3493 3721 3494 3722 3492 3740 3493 3708 3463 3737 3485 3740 3493 3737 3485 3717 3486 3740 3493 3722 3492 3739 3491 3740 3493 3739 3491 3708 3463 3747 3495 3745 3496 3746 3497 3743 3498 3744 3499 3745 3496 3743 3498 3745 3496 3747 3495 3741 3500 3743 3498 3747 3495 3742 3501 3743 3498 3741 3500 3752 3502 3749 3503 3748 3504 3752 3502 3750 3505 3749 3503 3752 3502 3751 3506 3750 3505 3753 3507 3751 3506 3752 3502 3754 3508 3751 3506 3753 3507 3765 3509 3777 3510 3764 3511 3765 3509 3790 3512 3777 3510 3766 3513 3789 3514 3790 3512 3766 3513 3790 3512 3765 3509 3767 3515 3788 3516 3789 3514 3767 3515 3789 3514 3766 3513 3768 3517 3787 3518 3788 3516 3768 3517 3788 3516 3767 3515 3769 3519 3786 3520 3787 3518 3769 3519 3787 3518 3768 3517 3770 3521 3785 3522 3786 3520 3770 3521 3786 3520 3769 3519 3771 3523 3784 3524 3785 3522 3771 3523 3785 3522 3770 3521 3772 3525 3782 3526 3783 3527 3772 3525 3783 3527 3784 3524 3772 3525 3784 3524 3771 3523 3758 3528 3781 3529 3782 3526 3780 3530 3781 3529 3758 3528 3773 3531 3758 3528 3782 3526 3773 3531 3782 3526 3772 3525 3759 3532 3758 3528 3773 3531 3757 3533 3780 3530 3758 3528 3779 3534 3780 3530 3757 3533 3774 3535 3759 3532 3773 3531 3756 3536 3779 3534 3757 3533 3778 3537 3779 3534 3756 3536 3775 3538 3760 3539 3759 3532 3775 3538 3759 3532 3774 3535 3755 3540 3778 3537 3756 3536 3776 3541 3761 3542 3760 3539 3776 3541 3760 3539 3775 3538 3763 3543 3762 3544 3761 3542 3763 3543 3761 3542 3776 3541</p>
        </triangles>
        <triangles material="black_plastic-material" count="1080">
          <input semantic="VERTEX" source="#ָ¼୽񋴲¿·Մ-mesh-vertices" offset="0"/>
          <input semantic="NORMAL" source="#ָ¼୽񋴲¿·Մ-mesh-normals" offset="1"/>
          <p>3797 3545 3796 3546 3798 3547 3807 3548 3801 3549 3802 3550 3808 3551 3802 3550 3803 3552 3808 3551 3807 3548 3802 3550 3809 3553 3810 3554 3807 3548 3809 3553 3807 3548 3808 3551 3811 3555 3800 3556 3799 3557 3811 3555 3803 3552 3804 3558 3811 3555 3804 3558 3805 3559 3811 3555 3805 3559 3800 3556 3811 3555 3808 3551 3803 3552 3811 3555 3809 3553 3808 3551 3812 3560 3806 3561 3801 3549 3812 3560 3807 3548 3810 3554 3812 3560 3801 3549 3807 3548 3813 3562 3806 3561 3812 3560 3814 3563 3806 3561 3813 3562 3814 3563 3813 3562 3815 3564 3816 3565 3792 3566 3791 3567 3816 3565 3793 3568 3792 3566 3816 3565 3794 3569 3793 3568 3816 3565 3795 3570 3794 3569 3816 3565 3796 3546 3795 3570 3816 3565 3791 3567 3806 3561 3816 3565 3798 3547 3796 3546 3816 3565 3806 3561 3814 3563 3817 3571 3809 3553 3811 3555 3817 3571 3810 3554 3809 3553 3817 3571 3811 3555 3799 3557 3818 3572 3799 3557 3798 3547 3818 3572 3810 3554 3817 3571 3818 3572 3812 3560 3810 3554 3818 3572 3813 3562 3812 3560 3818 3572 3798 3547 3815 3564 3818 3572 3815 3564 3813 3562 3818 3572 3817 3571 3799 3557 3819 3573 3815 3564 3798 3547 3819 3573 3814 3563 3815 3564 3819 3573 3798 3547 3816 3565 3819 3573 3816 3565 3814 3563 3820 3574 3822 3575 3821 3576 3824 3577 3834 3578 3835 3579 3824 3577 3823 3580 3834 3578 3831 3581 3833 3582 3832 3583 3825 3584 3835 3579 3836 3585 3825 3584 3824 3577 3835 3579 3826 3586 3836 3585 3837 3587 3826 3586 3825 3584 3836 3585 3827 3588 3837 3587 3838 3589 3827 3588 3826 3586 3837 3587 3828 3590 3827 3588 3838 3589 3829 3591 3838 3589 3833 3582 3829 3591 3828 3590 3838 3589 3830 3592 3833 3582 3831 3581 3830 3592 3829 3591 3833 3582 3841 3593 3848 3594 3842 3595 3847 3596 3848 3594 3841 3593 3840 3597 3847 3596 3841 3593 3846 3598 3840 3597 3839 3599 3846 3598 3847 3596 3840 3597 3844 3600 3839 3599 3843 3601 3844 3600 3846 3598 3839 3599 3845 3602 3846 3598 3844 3600 3853 3603 3855 3604 3854 3605 3853 3603 3850 3606 3856 3607 3853 3603 3856 3607 3857 3608 3853 3603 3857 3608 3858 3609 3853 3603 3858 3609 3859 3610 3853 3603 3859 3610 3855 3604 3860 3611 3849 3612 3850 3606 3860 3611 3851 3613 3849 3612 3860 3611 3852 3614 3851 3613 3860 3611 3853 3603 3852 3614 3860 3611 3850 3606 3853 3603 3861 3615 3862 3616 3878 3617 3879 3618 3869 3619 3870 3620 3879 3618 3870 3620 3871 3621 3880 3622 3868 3623 3869 3619 3880 3622 3869 3619 3879 3618 3881 3624 3867 3625 3868 3623 3881 3624 3868 3623 3880 3622 3882 3626 3880 3622 3879 3618 3883 3627 3881 3624 3880 3622 3883 3627 3880 3622 3882 3626 3884 3628 3881 3624 3883 3627 3885 3629 3881 3624 3884 3628 3886 3630 3863 3631 3864 3632 3886 3630 3864 3632 3865 3633 3886 3630 3865 3633 3866 3634 3886 3630 3866 3634 3867 3625 3886 3630 3881 3624 3885 3629 3886 3630 3867 3625 3881 3624 3887 3635 3871 3621 3873 3636 3887 3635 3879 3618 3871 3621 3887 3635 3882 3626 3879 3618 3888 3637 3887 3635 3873 3636 3889 3638 3888 3637 3873 3636 3889 3638 3890 3639 3888 3637 3891 3640 3873 3636 3872 3641 3891 3640 3872 3641 3874 3642 3891 3640 3874 3642 3875 3643 3891 3640 3875 3643 3876 3644 3891 3640 3876 3644 3877 3645 3891 3640 3877 3645 3878 3617 3891 3640 3889 3638 3873 3636 3891 3640 3878 3617 3862 3616 3892 3646 3883 3627 3882 3626 3892 3646 3884 3628 3883 3627 3892 3646 3885 3629 3884 3628 3892 3646 3886 3630 3885 3629 3892 3646 3863 3631 3886 3630 3893 3647 3862 3616 3863 3631 3893 3647 3892 3646 3882 3626 3893 3647 3890 3639 3862 3616 3893 3647 3882 3626 3887 3635 3893 3647 3887 3635 3888 3637 3893 3647 3888 3637 3890 3639 3893 3647 3863 3631 3892 3646 3894 3648 3862 3616 3890 3639 3894 3648 3890 3639 3889 3638 3894 3648 3889 3638 3891 3640 3894 3648 3891 3640 3862 3616 3895 3649 3897 3650 3896 3651 3907 3652 3903 3653 3904 3654 3907 3652 3904 3654 3905 3655 3907 3652 3905 3655 3906 3656 3914 3657 3898 3658 3899 3659 3908 3660 3902 3661 3903 3653 3908 3660 3903 3653 3907 3652 3909 3662 3901 3663 3902 3661 3909 3662 3902 3661 3908 3660 3910 3664 3901 3663 3909 3662 3913 3665 3914 3657 3899 3659 3915 3666 3899 3659 3900 3667 3915 3666 3900 3667 3901 3663 3915 3666 3910 3664 3911 3668 3915 3666 3911 3668 3912 3669 3915 3666 3912 3669 3913 3665 3915 3666 3901 3663 3910 3664 3915 3666 3913 3665 3899 3659 3924 3670 3923 3671 3922 3672 3921 3673 3924 3670 3922 3672 3925 3674 3924 3670 3921 3673 3920 3675 3916 3676 3925 3674 3920 3675 3925 3674 3921 3673 3918 3677 3917 3678 3916 3676 3918 3677 3916 3676 3920 3675 3919 3679 3918 3677 3920 3675 3927 3680 3928 3681 3929 3682 3927 3680 3929 3682 3930 3683 3927 3680 3930 3683 3931 3684 3927 3680 3931 3684 3932 3685 3927 3680 3932 3685 3933 3686 3927 3680 3933 3686 3934 3687 3927 3680 3934 3687 3935 3688 3927 3680 3935 3688 3936 3689 3939 3690 3926 3691 3927 3680 3939 3690 3936 3689 3937 3692 3939 3690 3937 3692 3938 3693 3939 3690 3938 3693 3926 3691 3939 3690 3927 3680 3936 3689 3949 3694 3946 3695 3947 3696 3950 3697 3949 3694 3948 3698 3951 3699 3945 3700 3946 3695 3951 3699 3946 3695 3949 3694 3951 3699 3949 3694 3950 3697 3941 3701 3945 3700 3951 3699 3943 3702 3944 3703 3945 3700 3943 3702 3945 3700 3941 3701 3940 3704 3943 3702 3941 3701 3942 3705 3943 3702 3940 3704 3957 3706 3959 3707 3956 3708 3957 3706 3960 3709 3961 3710 3957 3706 3961 3710 3962 3711 3957 3706 3962 3711 3959 3707 3957 3706 3964 3712 3960 3709 3953 3713 3952 3714 3963 3715 3954 3716 3963 3715 3958 3717 3954 3716 3953 3713 3963 3715 3955 3718 3954 3716 3958 3717 3965 3719 3957 3706 3958 3717 3965 3719 3963 3715 3964 3712 3965 3719 3964 3712 3957 3706 3965 3719 3958 3717 3963 3715 3977 3720 3967 3721 3966 3722 3977 3720 3966 3722 3968 3723 3977 3720 3968 3723 3969 3724 3977 3720 3969 3724 3970 3725 3977 3720 3970 3725 3973 3726 3974 3727 3972 3728 3971 3729 3975 3730 3978 3731 3972 3728 3975 3730 3972 3728 3974 3727 3976 3732 3978 3731 3975 3730 3979 3733 3973 3726 3972 3728 3979 3733 3978 3731 3977 3720 3979 3733 3977 3720 3973 3726 3979 3733 3972 3728 3978 3731 3981 3734 3985 3735 3984 3736 3981 3734 3980 3737 3985 3735 3982 3738 3981 3734 3984 3736 3983 3739 3982 3738 3984 3736 3994 3740 4001 3741 3993 3742 3986 3743 3987 3744 3995 3745 4003 3746 3996 3747 3997 3748 4003 3746 4002 3749 3996 3747 4004 3750 3997 3748 3998 3751 4004 3750 3998 3751 3999 3752 4004 3750 4003 3746 3997 3748 4005 3753 3999 3752 4000 3754 4005 3753 4000 3754 4001 3741 4005 3753 4004 3750 3999 3752 4005 3753 4001 3741 3994 3740 4006 3755 3989 3756 3990 3757 4006 3755 3990 3757 3991 3758 4006 3755 3991 3758 3992 3759 4006 3755 3992 3759 4002 3749 4007 3760 3988 3761 3989 3756 4007 3760 3989 3756 4006 3755 4008 3762 3994 3740 3995 3745 4008 3762 4005 3753 3994 3740 4008 3762 4009 3763 4005 3753 4008 3762 4010 3764 4009 3763 4011 3765 3987 3744 3988 3761 4011 3765 4007 3760 4010 3764 4011 3765 4008 3762 3995 3745 4011 3765 4010 3764 4008 3762 4011 3765 3995 3745 3987 3744 4011 3765 3988 3761 4007 3760 4012 3766 4006 3755 4002 3749 4012 3766 4007 3760 4006 3755 4012 3766 4010 3764 4007 3760 4012 3766 4002 3749 4003 3746 4012 3766 4003 3746 4004 3750 4012 3766 4005 3753 4009 3763 4012 3766 4009 3763 4010 3764 4012 3766 4004 3750 4005 3753 4024 3767 4019 3768 4020 3769 4018 3770 4020 3769 4017 3771 4018 3770 4024 3767 4020 3769 4016 3772 4023 3773 4024 3767 4016 3772 4024 3767 4018 3770 4015 3774 4022 3775 4023 3773 4015 3774 4023 3773 4016 3772 4014 3776 4022 3775 4015 3774 4026 3777 4021 3778 4022 3775 4026 3777 4022 3775 4014 3776 4025 3779 4026 3777 4014 3776 4013 3780 4025 3779 4014 3776 4034 3781 4042 3782 4041 3783 4033 3784 4041 3783 4040 3785 4033 3784 4034 3781 4041 3783 4032 3786 4033 3784 4040 3785 4031 3787 4040 3785 4039 3788 4031 3787 4032 3786 4040 3785 4030 3789 4039 3788 4038 3790 4030 3789 4031 3787 4039 3788 4029 3791 4038 3790 4037 3792 4029 3791 4030 3789 4038 3790 4028 3793 4029 3791 4037 3792 4035 3794 4037 3792 4036 3795 4035 3794 4028 3793 4037 3792 4027 3796 4028 3793 4035 3794 4050 3797 4046 3798 4045 3799 4051 3800 4045 3799 4044 3801 4051 3800 4050 3797 4045 3799 4047 3802 4044 3801 4043 3803 4048 3804 4051 3800 4044 3801 4048 3804 4044 3801 4047 3802 4049 3805 4051 3800 4048 3804 4055 3806 4065 3807 4056 3808 4063 3809 4062 3810 4065 3807 4063 3809 4065 3807 4055 3806 4054 3811 4063 3809 4055 3806 4064 3812 4063 3809 4054 3811 4060 3813 4054 3811 4053 3814 4060 3813 4064 3812 4054 3811 4061 3815 4060 3813 4053 3814 4052 3816 4061 3815 4053 3814 4059 3817 4061 3815 4052 3816 4058 3818 4061 3815 4059 3817 4057 3819 4061 3815 4058 3818 4085 3820 4079 3821 4066 3822 4085 3820 4080 3823 4079 3821 4085 3820 4081 3824 4080 3823 4085 3820 4082 3825 4081 3824 4086 3826 4066 3822 4067 3827 4086 3826 4085 3820 4066 3822 4087 3828 4085 3820 4086 3826 4088 3829 4085 3820 4087 3828 4088 3829 4082 3825 4085 3820 4089 3830 4083 3831 4082 3825 4089 3830 4084 3832 4083 3831 4089 3830 4082 3825 4088 3829 4090 3833 4077 3834 4078 3835 4090 3833 4078 3835 4084 3832 4090 3833 4084 3832 4089 3830 4090 3833 4089 3830 4077 3834 4091 3836 4089 3830 4088 3829 4091 3836 4077 3834 4089 3830 4092 3837 4067 3827 4068 3838 4092 3837 4072 3839 4071 3840 4092 3837 4073 3841 4072 3839 4092 3837 4074 3842 4073 3841 4092 3837 4075 3843 4074 3842 4092 3837 4068 3838 4075 3843 4093 3844 4076 3845 4077 3834 4093 3844 4077 3834 4091 3836 4093 3844 4094 3846 4076 3845 4093 3844 4091 3836 4094 3846 4095 3847 4092 3837 4071 3840 4095 3847 4076 3845 4094 3846 4096 3848 4070 3849 4069 3850 4096 3848 4071 3840 4070 3849 4096 3848 4069 3850 4076 3845 4096 3848 4095 3847 4071 3840 4096 3848 4076 3845 4095 3847 4097 3851 4086 3826 4067 3827 4097 3851 4091 3836 4088 3829 4097 3851 4087 3828 4086 3826 4097 3851 4088 3829 4087 3828 4098 3852 4097 3851 4067 3827 4098 3852 4091 3836 4097 3851 4099 3853 4098 3852 4067 3827 4100 3854 4094 3846 4091 3836 4100 3854 4098 3852 4099 3853 4100 3854 4091 3836 4098 3852 4100 3854 4099 3853 4094 3846 4101 3855 4067 3827 4092 3837 4101 3855 4092 3837 4095 3847 4101 3855 4095 3847 4094 3846 4101 3855 4099 3853 4067 3827 4101 3855 4094 3846 4099 3853 4104 3856 4107 3857 4106 3858 4104 3856 4109 3859 4107 3857 4105 3860 4108 3861 4109 3859 4105 3860 4109 3859 4104 3856 4102 3862 4103 3863 4108 3861 4102 3862 4108 3861 4105 3860 4115 3864 4116 3865 4127 3866 4114 3867 4115 3864 4127 3866 4113 3868 4114 3867 4127 3866 4118 3869 4125 3870 4126 3871 4118 3869 4126 3871 4117 3872 4110 3873 4111 3874 4119 3875 4128 3876 4120 3877 4121 3878 4128 3876 4121 3878 4122 3879 4128 3876 4122 3879 4123 3880 4128 3876 4123 3880 4124 3881 4128 3876 4127 3866 4120 3877 4128 3876 4113 3868 4127 3866 4129 3882 4111 3874 4112 3883 4129 3882 4112 3883 4113 3868 4129 3882 4118 3869 4119 3875 4129 3882 4124 3881 4125 3870 4129 3882 4125 3870 4118 3869 4129 3882 4113 3868 4128 3876 4129 3882 4128 3876 4124 3881 4129 3882 4119 3875 4111 3874 4134 3884 4139 3885 4138 3886 4134 3884 4140 3887 4139 3885 4134 3884 4141 3888 4140 3887 4137 3889 4134 3884 4138 3886 4136 3890 4134 3884 4137 3889 4135 3891 4134 3884 4136 3890 4130 3892 4134 3884 4135 3891 4131 3893 4135 3891 4142 3894 4131 3893 4130 3892 4135 3891 4132 3895 4142 3894 4143 3896 4132 3895 4131 3893 4142 3894 4145 3897 4143 3896 4144 3898 4146 3899 4132 3895 4143 3896 4146 3899 4143 3896 4145 3897 4133 3900 4132 3895 4146 3899 4164 3901 4156 3902 4157 3903 4164 3901 4157 3903 4163 3904 4164 3901 4163 3904 4165 3905 4164 3901 4165 3905 4156 3902 4166 3906 4153 3907 4154 3908 4167 3909 4154 3908 4155 3910 4167 3909 4155 3910 4156 3902 4167 3909 4166 3906 4154 3908 4168 3911 4161 3912 4160 3913 4168 3911 4162 3914 4161 3912 4168 3911 4163 3904 4162 3914 4168 3911 4165 3905 4163 3904 4169 3915 4165 3905 4168 3911 4170 3916 4165 3905 4169 3915 4171 3917 4167 3909 4156 3902 4171 3917 4166 3906 4167 3909 4171 3917 4156 3902 4165 3905 4171 3917 4165 3905 4170 3916 4172 3918 4151 3919 4152 3920 4172 3918 4152 3920 4153 3907 4172 3918 4171 3917 4170 3916 4172 3918 4153 3907 4166 3906 4172 3918 4166 3906 4171 3917 4173 3921 4158 3922 4148 3923 4173 3921 4159 3924 4158 3922 4173 3921 4160 3913 4159 3924 4173 3921 4169 3915 4168 3911 4173 3921 4168 3911 4160 3913 4174 3925 4148 3923 4147 3926 4174 3925 4173 3921 4148 3923 4174 3925 4169 3915 4173 3921 4175 3927 4147 3926 4149 3928 4175 3927 4149 3928 4150 3929 4175 3927 4150 3929 4151 3919 4175 3927 4170 3916 4169 3915 4175 3927 4174 3925 4147 3926 4175 3927 4151 3919 4172 3918 4175 3927 4172 3918 4170 3916 4175 3927 4169 3915 4174 3925 4179 3930 4180 3931 4181 3932 4186 3933 4182 3934 4183 3935 4186 3933 4183 3935 4184 3936 4186 3933 4184 3936 4185 3937 4178 3938 4181 3932 4182 3934 4178 3938 4179 3930 4181 3932 4178 3938 4182 3934 4186 3933 4187 3939 4178 3938 4186 3933 4198 3940 4196 3941 4176 3942 4198 3940 4197 3943 4196 3941 4199 3944 4198 3940 4176 3942 4195 3945 4194 3946 4193 3947 4195 3945 4200 3948 4199 3944 4195 3945 4193 3947 4200 3948 4195 3945 4199 3944 4176 3942 4192 3949 4195 3945 4176 3942 4201 3950 4176 3942 4177 3951 4201 3950 4177 3951 4178 3938 4201 3950 4178 3938 4187 3939 4201 3950 4192 3949 4176 3942 4202 3952 4201 3950 4187 3939 4202 3952 4192 3949 4201 3950 4203 3953 4189 3954 4192 3949 4203 3953 4192 3949 4202 3952 4204 3955 4187 3939 4188 3956 4204 3955 4190 3957 4189 3954 4204 3955 4191 3958 4190 3957 4204 3955 4188 3956 4191 3958 4204 3955 4202 3952 4187 3939 4204 3955 4203 3953 4202 3952 4204 3955 4189 3954 4203 3953 4221 3959 4218 3960 4217 3961 4221 3959 4219 3962 4218 3960 4221 3959 4220 3963 4219 3962 4222 3964 4217 3961 4216 3965 4222 3964 4221 3959 4217 3961 4223 3966 4222 3964 4216 3965 4224 3967 4215 3968 4214 3969 4224 3967 4216 3965 4215 3968 4224 3967 4223 3966 4216 3965 4225 3970 4221 3959 4222 3964 4225 3970 4222 3964 4223 3966 4226 3971 4223 3966 4224 3967 4226 3971 4225 3970 4223 3966 4227 3972 4226 3971 4224 3967 4228 3973 4227 3972 4224 3967 4229 3974 4214 3969 4213 3975 4229 3974 4224 3967 4214 3969 4229 3974 4228 3973 4224 3967 4230 3976 4211 3977 4220 3963 4230 3976 4220 3963 4221 3959 4230 3976 4221 3959 4225 3970 4231 3978 4208 3979 4209 3980 4231 3978 4209 3980 4210 3981 4231 3978 4210 3981 4211 3977 4231 3978 4211 3977 4230 3976 4231 3978 4230 3976 4232 3982 4233 3983 4232 3982 4234 3984 4233 3983 4231 3978 4232 3982 4233 3983 4234 3984 4235 3985 4236 3986 4233 3983 4235 3985 4237 3987 4207 3988 4208 3979 4237 3987 4208 3979 4231 3978 4237 3987 4231 3978 4233 3983 4237 3987 4233 3983 4236 3986 4238 3989 4235 3985 4239 3990 4238 3989 4236 3986 4235 3985 4240 3991 4206 3992 4207 3988 4240 3991 4207 3988 4237 3987 4240 3991 4237 3987 4236 3986 4240 3991 4236 3986 4238 3989 4241 3993 4205 3994 4206 3992 4241 3993 4212 3995 4205 3994 4241 3993 4239 3990 4212 3995 4241 3993 4206 3992 4240 3991 4241 3993 4238 3989 4239 3990 4241 3993 4240 3991 4238 3989 4242 3996 4225 3970 4226 3971 4242 3996 4226 3971 4227 3972 4242 3996 4230 3976 4225 3970 4242 3996 4229 3974 4213 3975 4242 3996 4227 3972 4228 3973 4242 3996 4228 3973 4229 3974 4243 3997 4213 3975 4212 3995 4243 3997 4212 3995 4239 3990 4243 3997 4242 3996 4213 3975 4243 3997 4232 3982 4230 3976 4243 3997 4230 3976 4242 3996 4243 3997 4234 3984 4232 3982 4243 3997 4235 3985 4234 3984 4243 3997 4239 3990 4235 3985 4248 3998 4260 3999 4254 4000 4249 4001 4259 4002 4260 3999 4249 4001 4260 3999 4248 3998 4250 4003 4258 4004 4259 4002 4250 4003 4259 4002 4249 4001 4251 4005 4257 4006 4258 4004 4251 4005 4258 4004 4250 4003 4252 4007 4256 4008 4257 4006 4252 4007 4257 4006 4251 4005 4246 4009 4247 4010 4255 4011 4253 4012 4255 4011 4256 4008 4253 4012 4256 4008 4252 4007 4253 4012 4246 4009 4255 4011 4245 4013 4246 4009 4253 4012 4244 4014 4245 4013 4253 4012 4261 4015 4262 4016 4270 4017 4281 4018 4273 4019 4274 4020 4281 4018 4274 4020 4275 4021 4281 4018 4275 4021 4276 4022 4281 4018 4280 4023 4273 4019 4282 4024 4276 4022 4277 4025 4282 4024 4277 4025 4278 4026 4282 4024 4281 4018 4276 4022 4283 4027 4278 4026 4279 4028 4283 4027 4282 4024 4278 4026 4284 4029 4272 4030 4271 4031 4284 4029 4279 4028 4272 4030 4284 4029 4271 4031 4283 4027 4284 4029 4283 4027 4279 4028 4285 4032 4265 4033 4266 4034 4285 4032 4266 4034 4267 4035 4285 4032 4267 4035 4268 4036 4285 4032 4268 4036 4269 4037 4285 4032 4269 4037 4280 4023 4286 4038 4271 4031 4270 4017 4286 4038 4283 4027 4271 4031 4286 4038 4288 4039 4287 4040 4286 4038 4282 4024 4283 4027 4286 4038 4287 4040 4282 4024 4289 4041 4264 4042 4265 4033 4289 4041 4265 4033 4285 4032 4290 4043 4262 4016 4263 4044 4290 4043 4263 4044 4264 4042 4290 4043 4288 4039 4286 4038 4290 4043 4289 4041 4288 4039 4290 4043 4286 4038 4270 4017 4290 4043 4264 4042 4289 4041 4290 4043 4270 4017 4262 4016 4291 4045 4281 4018 4282 4024 4291 4045 4282 4024 4287 4040 4291 4045 4280 4023 4281 4018 4292 4046 4288 4039 4289 4041 4292 4046 4285 4032 4280 4023 4292 4046 4280 4023 4291 4045 4292 4046 4289 4041 4285 4032 4293 4047 4287 4040 4288 4039 4293 4047 4288 4039 4292 4046 4293 4047 4291 4045 4287 4040 4293 4047 4292 4046 4291 4045 4299 4048 4302 4049 4298 4050 4295 4051 4299 4048 4294 4052 4295 4051 4301 4053 4302 4049 4295 4051 4302 4049 4299 4048 4296 4054 4300 4055 4301 4053 4296 4054 4301 4053 4295 4051 4297 4056 4300 4055 4296 4054 4311 4057 4309 4058 4308 4059 4312 4060 4308 4059 4307 4061 4312 4060 4311 4057 4308 4059 4313 4062 4307 4061 4306 4063 4313 4062 4312 4060 4307 4061 4314 4064 4306 4063 4305 4065 4314 4064 4313 4062 4306 4063 4315 4066 4305 4065 4304 4067 4315 4066 4314 4064 4305 4065 4316 4068 4315 4066 4304 4067 4317 4069 4304 4067 4303 4070 4317 4069 4316 4068 4304 4067 4310 4071 4317 4069 4303 4070 4343 4072 4346 4073 4344 4074 4345 4075 4346 4073 4343 4072 4342 4076 4345 4075 4343 4072 4324 4077 4345 4075 4342 4076 4323 4078 4324 4077 4342 4076 4341 4079 4323 4078 4342 4076 4331 4080 4318 4081 4319 4082 4331 4080 4319 4082 4320 4083 4337 4084 4339 4085 4338 4086 4336 4087 4339 4085 4337 4084 4335 4088 4339 4085 4336 4087 4326 4089 4327 4090 4333 4091 4332 4092 4326 4089 4333 4091 4325 4093 4326 4089 4332 4092 4347 4094 4322 4095 4323 4078 4347 4094 4327 4090 4328 4096 4347 4094 4334 4097 4333 4091 4347 4094 4335 4088 4334 4097 4347 4094 4340 4098 4339 4085 4347 4094 4341 4079 4340 4098 4347 4094 4323 4078 4341 4079 4347 4094 4339 4085 4335 4088 4347 4094 4333 4091 4327 4090 4348 4099 4320 4083 4321 4100 4348 4099 4321 4100 4322 4095 4348 4099 4328 4096 4329 4101 4348 4099 4329 4101 4330 4102 4348 4099 4330 4102 4331 4080 4348 4099 4347 4094 4328 4096 4348 4099 4322 4095 4347 4094 4348 4099 4331 4080 4320 4083 4356 4103 4352 4104 4351 4105 4356 4103 4353 4106 4352 4104 4357 4107 4350 4108 4349 4109 4355 4110 4351 4105 4350 4108 4355 4110 4356 4103 4351 4105 4355 4110 4350 4108 4357 4107 4354 4111 4355 4110 4357 4107 4377 4112 4376 4113 4375 4114 4359 4115 4381 4116 4380 4117 4359 4115 4358 4118 4381 4116 4363 4119 4369 4120 4362 4121 4363 4119 4370 4122 4369 4120 4367 4123 4360 4124 4366 4125 4368 4126 4360 4124 4367 4123 4361 4127 4360 4124 4368 4126 4382 4128 4374 4129 4373 4130 4382 4128 4375 4114 4374 4129 4382 4128 4377 4112 4375 4114 4383 4131 4378 4132 4377 4112 4383 4131 4379 4133 4378 4132 4383 4131 4377 4112 4382 4128 4384 4134 4373 4130 4372 4135 4384 4134 4379 4133 4383 4131 4384 4134 4383 4131 4382 4128 4384 4134 4382 4128 4373 4130 4385 4136 4363 4119 4364 4137 4385 4136 4371 4138 4370 4122 4385 4136 4372 4135 4371 4138 4385 4136 4384 4134 4372 4135 4385 4136 4370 4122 4363 4119 4386 4139 4360 4124 4359 4115 4386 4139 4364 4137 4365 4140 4386 4139 4365 4140 4366 4125 4386 4139 4380 4117 4379 4133 4386 4139 4385 4136 4364 4137 4386 4139 4359 4115 4380 4117 4386 4139 4379 4133 4384 4134 4386 4139 4384 4134 4385 4136 4386 4139 4366 4125 4360 4124 4390 4141 4387 4142 4388 4143 4390 4141 4388 4143 4389 4144 4391 4145 4387 4142 4390 4141 4392 4146 4387 4142 4391 4145 4401 4147 4397 4148 4398 4149 4401 4147 4398 4149 4399 4150 4394 4151 4395 4152 4396 4153 4400 4154 4396 4153 4397 4148 4400 4154 4397 4148 4401 4147 4400 4154 4394 4151 4396 4153 4393 4155 4394 4151 4400 4154 4430 4156 4405 4157 4404 4158 4403 4159 4430 4156 4404 4158 4429 4160 4430 4156 4403 4159 4402 4161 4429 4160 4403 4159 4411 4162 4429 4160 4402 4161 4428 4163 4429 4160 4411 4162 4418 4164 4407 4165 4406 4166 4418 4164 4408 4167 4407 4165 4424 4168 4425 4169 4426 4170 4423 4171 4424 4168 4426 4170 4422 4172 4423 4171 4426 4170 4413 4173 4420 4174 4414 4175 4419 4176 4420 4174 4413 4173 4412 4177 4419 4176 4413 4173 4431 4178 4411 4162 4410 4179 4431 4178 4415 4180 4414 4175 4431 4178 4420 4174 4421 4181 4431 4178 4421 4181 4422 4172 4431 4178 4426 4170 4427 4182 4431 4178 4427 4182 4428 4163 4431 4178 4428 4163 4411 4162 4431 4178 4422 4172 4426 4170 4431 4178 4414 4175 4420 4174 4432 4183 4409 4184 4408 4167 4432 4183 4410 4179 4409 4184 4432 4183 4416 4185 4415 4180 4432 4183 4417 4186 4416 4185 4432 4183 4418 4164 4417 4186 4432 4183 4431 4178 4410 4179 4432 4183 4415 4180 4431 4178 4432 4183 4408 4167 4418 4164 4435 4187 4447 4188 4442 4189 4436 4190 4446 4191 4447 4188 4436 4190 4447 4188 4435 4187 4437 4192 4445 4193 4446 4191 4437 4192 4446 4191 4436 4190 4438 4194 4444 4195 4445 4193 4438 4194 4445 4193 4437 4192 4439 4196 4443 4197 4444 4195 4439 4196 4444 4195 4438 4194 4440 4198 4443 4197 4439 4196 4441 4199 4434 4200 4443 4197 4441 4199 4443 4197 4440 4198 4433 4201 4434 4200 4441 4199 4454 4202 4453 4203 4456 4204 4451 4205 4450 4206 4454 4202 4451 4205 4456 4204 4455 4207 4451 4205 4454 4202 4456 4204 4452 4208 4455 4207 4448 4209 4452 4208 4451 4205 4455 4207 4449 4210 4452 4208 4448 4209 4458 4211 4481 4212 4457 4213 4480 4214 4481 4212 4458 4211 4468 4215 4467 4216 4474 4217 4468 4215 4474 4217 4475 4218 4464 4219 4462 4220 4463 4221 4472 4222 4471 4223 4465 4224 4473 4225 4472 4222 4465 4224 4466 4226 4473 4225 4465 4224 4482 4227 4459 4228 4460 4229 4482 4227 4460 4229 4461 4230 4482 4227 4461 4230 4462 4220 4482 4227 4464 4219 4465 4224 4482 4227 4462 4220 4464 4219 4483 4231 4469 4232 4468 4215 4483 4231 4470 4233 4469 4232 4483 4231 4471 4223 4470 4233 4483 4231 4468 4215 4475 4218 4483 4231 4482 4227 4465 4224 4483 4231 4465 4224 4471 4223 4484 4234 4458 4211 4459 4228 4484 4234 4478 4235 4479 4236 4484 4234 4479 4236 4480 4214 4484 4234 4459 4228 4482 4227 4484 4234 4480 4214 4458 4211 4485 4237 4478 4235 4484 4234 4485 4237 4484 4234 4482 4227 4486 4238 4475 4218 4476 4239 4486 4238 4476 4239 4477 4240 4486 4238 4477 4240 4478 4235 4486 4238 4482 4227 4483 4231 4486 4238 4483 4231 4475 4218 4486 4238 4485 4237 4482 4227 4486 4238 4478 4235 4485 4237 4491 4241 4499 4242 4492 4243 4490 4244 4499 4242 4491 4241 4508 4245 4487 4246 4488 4247 4508 4245 4502 4248 4487 4246 4508 4245 4503 4249 4502 4248 4508 4245 4504 4250 4503 4249 4509 4251 4505 4252 4504 4250 4509 4251 4506 4253 4505 4252 4509 4251 4504 4250 4508 4245 4510 4254 4507 4255 4506 4253 4510 4254 4506 4253 4509 4251 4511 4256 4500 4257 4501 4258 4511 4256 4501 4258 4507 4255 4511 4256 4510 4254 4500 4257 4511 4256 4507 4255 4510 4254 4512 4259 4488 4247 4489 4260 4512 4259 4489 4260 4498 4261 4513 4262 4499 4242 4500 4257 4513 4262 4500 4257 4510 4254 4513 4262 4510 4254 4509 4251 4513 4262 4509 4251 4514 4263 4513 4262 4514 4263 4515 4264 4516 4265 4495 4266 4494 4267 4516 4265 4496 4268 4495 4266 4516 4265 4497 4269 4496 4268 4516 4265 4498 4261 4497 4269 4516 4265 4512 4259 4498 4261 4516 4265 4517 4270 4512 4259 4518 4271 4493 4272 4492 4243 4518 4271 4494 4267 4493 4272 4518 4271 4513 4262 4515 4264 4518 4271 4516 4265 4494 4267 4518 4271 4499 4242 4513 4262 4518 4271 4492 4243 4499 4242 4518 4271 4517 4270 4516 4265 4519 4273 4509 4251 4508 4245 4519 4273 4514 4263 4509 4251 4519 4273 4508 4245 4488 4247 4520 4274 4518 4271 4515 4264 4520 4274 4512 4259 4517 4270 4520 4274 4488 4247 4512 4259 4520 4274 4517 4270 4518 4271 4520 4274 4519 4273 4488 4247 4521 4275 4520 4274 4515 4264 4521 4275 4515 4264 4514 4263 4521 4275 4514 4263 4519 4273 4521 4275 4519 4273 4520 4274 4533 4276 4529 4277 4528 4278 4534 4279 4528 4278 4527 4280 4534 4279 4533 4276 4528 4278 4535 4281 4527 4280 4526 4282 4535 4281 4534 4279 4527 4280 4536 4283 4526 4282 4525 4284 4536 4283 4535 4281 4526 4282 4537 4285 4525 4284 4524 4286 4537 4285 4536 4283 4525 4284 4532 4287 4523 4288 4522 4289 4538 4290 4524 4286 4523 4288 4538 4290 4537 4285 4524 4286 4538 4290 4523 4288 4532 4287 4531 4291 4538 4290 4532 4287 4530 4292 4538 4290 4531 4291 4555 4293 4552 4294 4553 4295 4555 4293 4553 4295 4554 4296 4555 4293 4554 4296 4539 4297 4556 4298 4551 4299 4552 4294 4556 4298 4552 4294 4555 4293 4557 4300 4551 4299 4556 4298 4558 4301 4549 4302 4550 4303 4558 4301 4550 4303 4551 4299 4558 4301 4551 4299 4557 4300 4559 4304 4556 4298 4555 4293 4559 4304 4557 4300 4556 4298 4560 4305 4558 4301 4557 4300 4560 4305 4557 4300 4559 4304 4561 4306 4558 4301 4560 4305 4562 4307 4558 4301 4561 4306 4563 4308 4548 4309 4549 4302 4563 4308 4549 4302 4558 4301 4563 4308 4558 4301 4562 4307 4564 4310 4539 4297 4540 4311 4564 4310 4559 4304 4555 4293 4564 4310 4555 4293 4539 4297 4565 4312 4545 4313 4544 4314 4565 4312 4546 4315 4545 4313 4565 4312 4540 4311 4546 4315 4565 4312 4564 4310 4540 4311 4565 4312 4566 4316 4564 4310 4567 4317 4568 4318 4566 4316 4567 4317 4566 4316 4565 4312 4567 4317 4569 4319 4568 4318 4570 4320 4569 4319 4567 4317 4571 4321 4544 4314 4543 4322 4571 4321 4565 4312 4544 4314 4571 4321 4567 4317 4565 4312 4571 4321 4570 4320 4567 4317 4572 4323 4573 4324 4569 4319 4572 4323 4569 4319 4570 4320 4574 4325 4543 4322 4542 4326 4574 4325 4571 4321 4543 4322 4574 4325 4570 4320 4571 4321 4574 4325 4572 4323 4570 4320 4575 4327 4542 4326 4541 4328 4575 4327 4541 4328 4547 4329 4575 4327 4574 4325 4542 4326 4575 4327 4547 4329 4573 4324 4575 4327 4573 4324 4572 4323 4575 4327 4572 4323 4574 4325 4576 4330 4560 4305 4559 4304 4576 4330 4561 4306 4560 4305 4576 4330 4559 4304 4564 4310 4576 4330 4548 4309 4563 4308 4576 4330 4562 4307 4561 4306 4576 4330 4563 4308 4562 4307 4577 4331 4547 4329 4548 4309 4577 4331 4576 4330 4564 4310 4577 4331 4564 4310 4566 4316 4577 4331 4548 4309 4576 4330 4577 4331 4566 4316 4568 4318 4577 4331 4573 4324 4547 4329 4577 4331 4568 4318 4569 4319 4577 4331 4569 4319 4573 4324 4595 4332 4587 4333 4586 4334 4595 4332 4594 4335 4587 4333 4595 4332 4596 4336 4594 4335 4595 4332 4586 4334 4596 4336 4597 4337 4584 4338 4583 4339 4598 4340 4585 4341 4584 4338 4598 4340 4586 4334 4585 4341 4598 4340 4584 4338 4597 4337 4599 4342 4591 4343 4592 4344 4599 4342 4592 4344 4593 4345 4599 4342 4593 4345 4594 4335 4599 4342 4594 4335 4596 4336 4600 4346 4599 4342 4596 4336 4601 4347 4600 4346 4596 4336 4602 4348 4601 4347 4596 4336 4602 4348 4586 4334 4598 4340 4602 4348 4598 4340 4597 4337 4602 4348 4596 4336 4586 4334 4603 4349 4582 4350 4581 4351 4603 4349 4583 4339 4582 4350 4603 4349 4601 4347 4602 4348 4603 4349 4597 4337 4583 4339 4603 4349 4602 4348 4597 4337 4604 4352 4588 4353 4589 4354 4604 4352 4589 4354 4590 4355 4604 4352 4590 4355 4591 4343 4604 4352 4599 4342 4600 4346 4604 4352 4591 4343 4599 4342 4605 4356 4578 4357 4588 4353 4605 4356 4588 4353 4604 4352 4605 4356 4604 4352 4600 4346 4606 4358 4579 4359 4578 4357 4606 4358 4580 4360 4579 4359 4606 4358 4581 4351 4580 4360 4606 4358 4600 4346 4601 4347 4606 4358 4603 4349 4581 4351 4606 4358 4601 4347 4603 4349 4606 4358 4578 4357 4605 4356 4606 4358 4605 4356 4600 4346 4608 4361 4612 4362 4613 4363 4608 4361 4613 4363 4614 4364 4608 4361 4614 4364 4615 4365 4611 4366 4612 4362 4608 4361 4610 4367 4611 4366 4608 4361 4609 4368 4610 4367 4608 4361 4607 4369 4609 4368 4608 4361 4622 4370 4616 4371 4609 4368 4622 4370 4609 4368 4607 4369 4623 4372 4617 4373 4616 4371 4623 4372 4616 4371 4622 4370 4619 4374 4618 4375 4617 4373 4620 4376 4617 4373 4623 4372 4620 4376 4619 4374 4617 4373 4621 4377 4620 4376 4623 4372 4632 4378 4625 4379 4626 4380 4631 4381 4625 4379 4632 4378 4630 4382 4625 4379 4631 4381 4634 4383 4641 4384 4640 4385 4634 4383 4633 4386 4641 4384 4642 4387 4624 4388 4625 4379 4642 4387 4636 4389 4624 4388 4642 4387 4637 4390 4636 4389 4642 4387 4638 4391 4637 4390 4642 4387 4639 4392 4638 4391 4642 4387 4625 4379 4630 4382 4643 4393 4628 4394 4627 4395 4643 4393 4629 4396 4628 4394 4643 4393 4630 4382 4629 4396 4643 4393 4635 4397 4634 4383 4643 4393 4627 4395 4635 4397 4643 4393 4640 4385 4639 4392 4643 4393 4642 4387 4630 4382 4643 4393 4634 4383 4640 4385 4643 4393 4639 4392 4642 4387 4649 4398 4647 4399 4646 4400 4649 4398 4651 4401 4647 4399 4650 4402 4646 4400 4645 4403 4650 4402 4649 4398 4646 4400 4648 4404 4645 4403 4644 4405 4648 4404 4650 4402 4645 4403 4671 4406 4663 4407 4664 4408 4671 4406 4664 4408 4665 4409 4671 4406 4665 4409 4666 4410 4671 4406 4666 4410 4667 4411 4672 4412 4670 4413 4663 4407 4672 4412 4663 4407 4671 4406 4673 4414 4672 4412 4671 4406 4674 4415 4673 4414 4671 4406 4674 4415 4671 4406 4667 4411 4675 4416 4667 4411 4668 4417 4675 4416 4668 4417 4669 4418 4675 4416 4674 4415 4667 4411 4676 4419 4662 4420 4661 4421 4676 4419 4669 4418 4662 4420 4676 4419 4675 4416 4669 4418 4676 4419 4661 4421 4675 4416 4677 4422 4674 4415 4675 4416 4677 4422 4675 4416 4661 4421 4678 4423 4654 4424 4655 4425 4678 4423 4655 4425 4656 4426 4678 4423 4656 4426 4657 4427 4678 4423 4657 4427 4658 4428 4678 4423 4658 4428 4659 4429 4678 4423 4659 4429 4670 4413 4679 4430 4661 4421 4660 4431 4679 4430 4677 4422 4661 4421 4679 4430 4660 4431 4680 4432 4679 4430 4680 4432 4677 4422 4681 4433 4680 4432 4660 4431 4681 4433 4654 4424 4678 4423 4682 4434 4652 4435 4653 4436 4682 4434 4653 4436 4654 4424 4682 4434 4660 4431 4652 4435 4682 4434 4654 4424 4681 4433 4682 4434 4681 4433 4660 4431 4683 4437 4674 4415 4677 4422 4683 4437 4670 4413 4672 4412 4683 4437 4672 4412 4673 4414 4683 4437 4673 4414 4674 4415 4684 4438 4683 4437 4677 4422 4684 4438 4670 4413 4683 4437 4685 4439 4670 4413 4684 4438 4686 4440 4680 4432 4685 4439 4686 4440 4677 4422 4680 4432 4686 4440 4684 4438 4677 4422 4686 4440 4685 4439 4684 4438 4687 4441 4685 4439 4680 4432 4687 4441 4678 4423 4670 4413 4687 4441 4680 4432 4681 4433 4687 4441 4681 4433 4678 4423 4687 4441 4670 4413 4685 4439 4701 4442 4697 4443 4698 4444 4695 4445 4698 4444 4694 4446 4695 4445 4701 4442 4698 4444 4700 4447 4701 4442 4695 4445 4696 4448 4700 4447 4695 4445 4692 4449 4699 4450 4700 4447 4692 4449 4700 4447 4696 4448 4693 4451 4699 4450 4692 4449 4691 4452 4699 4450 4693 4451 4690 4453 4691 4452 4693 4451 4689 4454 4690 4453 4693 4451 4688 4455 4689 4454 4693 4451 4706 4456 4710 4457 4708 4458 4707 4459 4709 4460 4710 4457 4707 4459 4710 4457 4706 4456 4703 4461 4702 4462 4709 4460 4704 4463 4709 4460 4707 4459 4704 4463 4703 4461 4709 4460 4705 4464 4704 4463 4707 4459 4711 4465 4726 4466 4712 4467 4719 4468 4725 4469 4726 4466 4719 4468 4726 4466 4711 4465 4718 4470 4725 4469 4719 4468 4717 4471 4724 4472 4725 4469 4717 4471 4725 4469 4718 4470 4716 4473 4723 4474 4724 4472 4716 4473 4724 4472 4717 4471 4715 4475 4722 4476 4723 4474 4715 4475 4723 4474 4716 4473 4714 4477 4722 4476 4715 4475 4720 4478 4721 4479 4722 4476 4720 4478 4722 4476 4714 4477 4713 4480 4720 4478 4714 4477 4740 4481 4737 4482 4736 4483 4735 4484 4734 4485 4737 4482 4735 4484 4737 4482 4740 4481 4733 4486 4740 4481 4739 4487 4733 4486 4735 4484 4740 4481 4732 4488 4739 4487 4738 4489 4732 4488 4733 4486 4739 4487 4731 4490 4732 4488 4738 4489 4729 4491 4738 4489 4730 4492 4729 4491 4731 4490 4738 4489 4728 4493 4731 4490 4729 4491 4727 4494 4731 4490 4728 4493 4751 4495 4750 4496 4757 4497 4744 4498 4752 4499 4745 4500 4758 4501 4741 4502 4742 4503 4758 4501 4753 4504 4741 4502 4759 4505 4754 4506 4753 4504 4759 4505 4755 4507 4754 4506 4759 4505 4753 4504 4758 4501 4760 4508 4756 4509 4755 4507 4760 4508 4757 4497 4756 4509 4760 4508 4755 4507 4759 4505 4760 4508 4751 4495 4757 4497 4761 4510 4742 4503 4743 4511 4761 4510 4748 4512 4747 4513 4761 4510 4749 4514 4748 4512 4761 4510 4743 4511 4749 4514 4762 4515 4747 4513 4746 4516 4762 4515 4761 4510 4747 4513 4763 4517 4752 4499 4751 4495 4763 4517 4751 4495 4760 4508 4763 4517 4760 4508 4764 4518 4763 4517 4764 4518 4765 4519 4766 4520 4746 4516 4745 4500 4766 4520 4752 4499 4763 4517 4766 4520 4763 4517 4765 4519 4766 4520 4765 4519 4762 4515 4766 4520 4745 4500 4752 4499 4766 4520 4762 4515 4746 4516 4767 4521 4759 4505 4758 4501 4767 4521 4742 4503 4761 4510 4767 4521 4764 4518 4760 4508 4767 4521 4765 4519 4764 4518 4767 4521 4761 4510 4762 4515 4767 4521 4758 4501 4742 4503 4767 4521 4760 4508 4759 4505 4767 4521 4762 4515 4765 4519</p>
        </triangles>
      </mesh>
    </geometry>
  </library_geometries>
  <library_visual_scenes>
    <visual_scene id="Scene" name="Scene">
      <node id="right_middle_intermediate" name="right_middle_intermediate" type="NODE">
        <matrix sid="transform">1 0 0 0 0 1 0 0 0 0 1 0 0 0 0 1</matrix>
        <instance_geometry url="#ָ¼୽񋴲¿·Մ-mesh" name="right_middle_intermediate">
          <bind_material>
            <technique_common>
              <instance_material symbol="white_plastic-material" target="#white_plastic-material"/>
              <instance_material symbol="metal-material" target="#metal-material"/>
              <instance_material symbol="black_plastic-material" target="#black_plastic-material"/>
            </technique_common>
          </bind_material>
        </instance_geometry>
      </node>
    </visual_scene>
  </library_visual_scenes>
  <scene>
    <instance_visual_scene url="#Scene"/>
  </scene>
</COLLADA>